/Users/martin/smart-technologies-ca2/data_track2/IMG/center_2026_08_30_02_26_50_075.jpg,/Users/martin/smart-technologies-ca2/data_track2/IMG/left_2026_08_30_02_26_50_075.jpg,/Users/martin/smart-technologies-ca2/data_track2/IMG/right_2026_08_30_02_26_50_075.jpg,0,0,0,8.735766E-05
/Users/martin/smart-technologies-ca2/data_track2/IMG/center_2026_08_30_02_26_50_137.jpg,/Users/martin/smart-technologies-ca2/data_track2/IMG/left_2026_08_30_02_26_50_137.jpg,/Users/martin/smart-technologies-ca2/data_track2/IMG/right_2026_08_30_02_26_50_137.jpg,0,0,0,0.0001085813
/Users/martin/smart-technologies-ca2/data_track2/IMG/center_2026_08_30_02_26_50_207.jpg,/Users/martin/smart-technologies-ca2/data_track2/IMG/left_2026_08_30_02_26_50_207.jpg,/Users/martin/smart-technologies-ca2/data_track2/IMG/right_2026_08_30_02_26_50_207.jpg,0,0,0,0.0001333649
/Users/martin/smart-technologies-ca2/data_track2/IMG/center_2026_08_30_02_26_50_273.jpg,/Users/martin/smart-technologies-ca2/data_track2/IMG/left_2026_08_30_02_26_50_273.jpg,/Users/martin/smart-technologies-ca2/data_track2/IMG/right_2026_08_30_02_26_50_273.jpg,0,0,0,0.0001456738
/Users/martin/smart-technologies-ca2/data_track2/IMG/center_2026_08_30_02_26_50_343.jpg,/Users/martin/smart-technologies-ca2/data_track2/IMG/left_2026_08_30_02_26_50_343.jpg,/Users/martin/smart-technologies-ca2/data_track2/IMG/right_2026_08_30_02_26_50_343.jpg,0,0,0,0.0001781453
/Users/martin/smart-technologies-ca2/data_track2/IMG/center_2026_08_30_02_26_50_413.jpg,/Users/martin/smart-technologies-ca2/data_track2/IMG/left_2026_08_30_02_26_50_413.jpg,/Users/martin/smart-technologies-ca2/data_track2/IMG/right_2026_08_30_02_26_50_413.jpg,0,0,0,0.0002623067
/Users/martin/smart-technologies-ca2/data_track2/IMG/center_2026_08_30_02_26_50_482.jpg,/Users/martin/smart-technologies-ca2/data_track2/IMG/left_2026_08_30_02_26_50_482.jpg,/Users/martin/smart-technologies-ca2/data_track2/IMG/right_2026_08_30_02_26_50_482.jpg,0,0.102504,0,0.04056634
/Users/martin/smart-technologies-ca2/data_track2/IMG/center_2026_08_30_02_26_50_552.jpg,/Users/martin/smart-technologies-ca2/data_track2/IMG/left_2026_08_30_02_26_50_552.jpg,/Users/martin/smart-technologies-ca2/data_track2/IMG/right_2026_08_30_02_26_50_552.jpg,0,0.3419312,0,0.2711838
/Users/martin/smart-technologies-ca2/data_track2/IMG/center_2026_08_30_02_26_50_621.jpg,/Users/martin/smart-technologies-ca2/data_track2/IMG/left_2026_08_30_02_26_50_621.jpg,/Users/martin/smart-technologies-ca2/data_track2/IMG/right_2026_08_30_02_26_50_621.jpg,0,0.5294312,0,0.6132337
/Users/martin/smart-technologies-ca2/data_track2/IMG/center_2026_08_30_02_26_50_690.jpg,/Users/martin/smart-technologies-ca2/data_track2/IMG/left_2026_08_30_02_26_50_690.jpg,/Users/martin/smart-technologies-ca2/data_track2/IMG/right_2026_08_30_02_26_50_690.jpg,0,0.76794,0,1.172834
/Users/martin/smart-technologies-ca2/data_track2/IMG/center_2026_08_30_02_26_50_760.jpg,/Users/martin/smart-technologies-ca2/data_track2/IMG/left_2026_08_30_02_26_50_760.jpg,/Users/martin/smart-technologies-ca2/data_track2/IMG/right_2026_08_30_02_26_50_760.jpg,0,0.947373,0,1.761604
/Users/martin/smart-technologies-ca2/data_track2/IMG/center_2026_08_30_02_26_50_827.jpg,/Users/martin/smart-technologies-ca2/data_track2/IMG/left_2026_08_30_02_26_50_827.jpg,/Users/martin/smart-technologies-ca2/data_track2/IMG/right_2026_08_30_02_26_50_827.jpg,0,1,0,2.678405
/Users/martin/smart-technologies-ca2/data_track2/IMG/center_2026_08_30_02_26_50_894.jpg,/Users/martin/smart-technologies-ca2/data_track2/IMG/left_2026_08_30_02_26_50_894.jpg,/Users/martin/smart-technologies-ca2/data_track2/IMG/right_2026_08_30_02_26_50_894.jpg,0,1,0,3.380159
/Users/martin/smart-technologies-ca2/data_track2/IMG/center_2026_08_30_02_26_50_961.jpg,/Users/martin/smart-technologies-ca2/data_track2/IMG/left_2026_08_30_02_26_50_961.jpg,/Users/martin/smart-technologies-ca2/data_track2/IMG/right_2026_08_30_02_26_50_961.jpg,0,1,0,4.086208
/Users/martin/smart-technologies-ca2/data_track2/IMG/center_2026_08_30_02_26_51_028.jpg,/Users/martin/smart-technologies-ca2/data_track2/IMG/left_2026_08_30_02_26_51_028.jpg,/Users/martin/smart-technologies-ca2/data_track2/IMG/right_2026_08_30_02_26_51_028.jpg,0,1,0,5.019036
/Users/martin/smart-technologies-ca2/data_track2/IMG/center_2026_08_30_02_26_51_095.jpg,/Users/martin/smart-technologies-ca2/data_track2/IMG/left_2026_08_30_02_26_51_095.jpg,/Users/martin/smart-technologies-ca2/data_track2/IMG/right_2026_08_30_02_26_51_095.jpg,0,1,0,5.714009
/Users/martin/smart-technologies-ca2/data_track2/IMG/center_2026_08_30_02_26_51_164.jpg,/Users/martin/smart-technologies-ca2/data_track2/IMG/left_2026_08_30_02_26_51_164.jpg,/Users/martin/smart-technologies-ca2/data_track2/IMG/right_2026_08_30_02_26_51_164.jpg,0,1,0,6.404872
/Users/martin/smart-technologies-ca2/data_track2/IMG/center_2026_08_30_02_26_51_234.jpg,/Users/martin/smart-technologies-ca2/data_track2/IMG/left_2026_08_30_02_26_51_234.jpg,/Users/martin/smart-technologies-ca2/data_track2/IMG/right_2026_08_30_02_26_51_234.jpg,0,1,0,7.319612
/Users/martin/smart-technologies-ca2/data_track2/IMG/center_2026_08_30_02_26_51_301.jpg,/Users/martin/smart-technologies-ca2/data_track2/IMG/left_2026_08_30_02_26_51_301.jpg,/Users/martin/smart-technologies-ca2/data_track2/IMG/right_2026_08_30_02_26_51_301.jpg,0,1,0,8.001001
/Users/martin/smart-technologies-ca2/data_track2/IMG/center_2026_08_30_02_26_51_368.jpg,/Users/martin/smart-technologies-ca2/data_track2/IMG/left_2026_08_30_02_26_51_368.jpg,/Users/martin/smart-technologies-ca2/data_track2/IMG/right_2026_08_30_02_26_51_368.jpg,0,1,0,8.903444
/Users/martin/smart-technologies-ca2/data_track2/IMG/center_2026_08_30_02_26_51_435.jpg,/Users/martin/smart-technologies-ca2/data_track2/IMG/left_2026_08_30_02_26_51_435.jpg,/Users/martin/smart-technologies-ca2/data_track2/IMG/right_2026_08_30_02_26_51_435.jpg,0,1,0,9.575711
/Users/martin/smart-technologies-ca2/data_track2/IMG/center_2026_08_30_02_26_51_504.jpg,/Users/martin/smart-technologies-ca2/data_track2/IMG/left_2026_08_30_02_26_51_504.jpg,/Users/martin/smart-technologies-ca2/data_track2/IMG/right_2026_08_30_02_26_51_504.jpg,0,1,0,10.24398
/Users/martin/smart-technologies-ca2/data_track2/IMG/center_2026_08_30_02_26_51_573.jpg,/Users/martin/smart-technologies-ca2/data_track2/IMG/left_2026_08_30_02_26_51_573.jpg,/Users/martin/smart-technologies-ca2/data_track2/IMG/right_2026_08_30_02_26_51_573.jpg,0,1,0,11.12872
/Users/martin/smart-technologies-ca2/data_track2/IMG/center_2026_08_30_02_26_51_641.jpg,/Users/martin/smart-technologies-ca2/data_track2/IMG/left_2026_08_30_02_26_51_641.jpg,/Users/martin/smart-technologies-ca2/data_track2/IMG/right_2026_08_30_02_26_51_641.jpg,0,1,0,11.62509
/Users/martin/smart-technologies-ca2/data_track2/IMG/center_2026_08_30_02_26_51_709.jpg,/Users/martin/smart-technologies-ca2/data_track2/IMG/left_2026_08_30_02_26_51_709.jpg,/Users/martin/smart-technologies-ca2/data_track2/IMG/right_2026_08_30_02_26_51_709.jpg,-0.2,1,0,12.62986
/Users/martin/smart-technologies-ca2/data_track2/IMG/center_2026_08_30_02_26_51_776.jpg,/Users/martin/smart-technologies-ca2/data_track2/IMG/left_2026_08_30_02_26_51_776.jpg,/Users/martin/smart-technologies-ca2/data_track2/IMG/right_2026_08_30_02_26_51_776.jpg,-0.35,1,0,13.17534
/Users/martin/smart-technologies-ca2/data_track2/IMG/center_2026_08_30_02_26_51_848.jpg,/Users/martin/smart-technologies-ca2/data_track2/IMG/left_2026_08_30_02_26_51_848.jpg,/Users/martin/smart-technologies-ca2/data_track2/IMG/right_2026_08_30_02_26_51_848.jpg,0,1,0,14.14443
/Users/martin/smart-technologies-ca2/data_track2/IMG/center_2026_08_30_02_26_51_917.jpg,/Users/martin/smart-technologies-ca2/data_track2/IMG/left_2026_08_30_02_26_51_917.jpg,/Users/martin/smart-technologies-ca2/data_track2/IMG/right_2026_08_30_02_26_51_917.jpg,0,1,0,14.66181
/Users/martin/smart-technologies-ca2/data_track2/IMG/center_2026_08_30_02_26_51_987.jpg,/Users/martin/smart-technologies-ca2/data_track2/IMG/left_2026_08_30_02_26_51_987.jpg,/Users/martin/smart-technologies-ca2/data_track2/IMG/right_2026_08_30_02_26_51_987.jpg,0,1,0,15.54215
/Users/martin/smart-technologies-ca2/data_track2/IMG/center_2026_08_30_02_26_52_054.jpg,/Users/martin/smart-technologies-ca2/data_track2/IMG/left_2026_08_30_02_26_52_054.jpg,/Users/martin/smart-technologies-ca2/data_track2/IMG/right_2026_08_30_02_26_52_054.jpg,0,1,0,16.25642
/Users/martin/smart-technologies-ca2/data_track2/IMG/center_2026_08_30_02_26_52_123.jpg,/Users/martin/smart-technologies-ca2/data_track2/IMG/left_2026_08_30_02_26_52_123.jpg,/Users/martin/smart-technologies-ca2/data_track2/IMG/right_2026_08_30_02_26_52_123.jpg,0,1,0,16.83847
/Users/martin/smart-technologies-ca2/data_track2/IMG/center_2026_08_30_02_26_52_192.jpg,/Users/martin/smart-technologies-ca2/data_track2/IMG/left_2026_08_30_02_26_52_192.jpg,/Users/martin/smart-technologies-ca2/data_track2/IMG/right_2026_08_30_02_26_52_192.jpg,0,1,0,17.68445
/Users/martin/smart-technologies-ca2/data_track2/IMG/center_2026_08_30_02_26_52_261.jpg,/Users/martin/smart-technologies-ca2/data_track2/IMG/left_2026_08_30_02_26_52_261.jpg,/Users/martin/smart-technologies-ca2/data_track2/IMG/right_2026_08_30_02_26_52_261.jpg,0,1,0,18.32353
/Users/martin/smart-technologies-ca2/data_track2/IMG/center_2026_08_30_02_26_52_330.jpg,/Users/martin/smart-technologies-ca2/data_track2/IMG/left_2026_08_30_02_26_52_330.jpg,/Users/martin/smart-technologies-ca2/data_track2/IMG/right_2026_08_30_02_26_52_330.jpg,-0.2,1,0,19.12746
/Users/martin/smart-technologies-ca2/data_track2/IMG/center_2026_08_30_02_26_52_400.jpg,/Users/martin/smart-technologies-ca2/data_track2/IMG/left_2026_08_30_02_26_52_400.jpg,/Users/martin/smart-technologies-ca2/data_track2/IMG/right_2026_08_30_02_26_52_400.jpg,0,1,0,19.72191
/Users/martin/smart-technologies-ca2/data_track2/IMG/center_2026_08_30_02_26_52_467.jpg,/Users/martin/smart-technologies-ca2/data_track2/IMG/left_2026_08_30_02_26_52_467.jpg,/Users/martin/smart-technologies-ca2/data_track2/IMG/right_2026_08_30_02_26_52_467.jpg,0,1,0,20.53505
/Users/martin/smart-technologies-ca2/data_track2/IMG/center_2026_08_30_02_26_52_534.jpg,/Users/martin/smart-technologies-ca2/data_track2/IMG/left_2026_08_30_02_26_52_534.jpg,/Users/martin/smart-technologies-ca2/data_track2/IMG/right_2026_08_30_02_26_52_534.jpg,0.05,1,0,21.1297
/Users/martin/smart-technologies-ca2/data_track2/IMG/center_2026_08_30_02_26_52_603.jpg,/Users/martin/smart-technologies-ca2/data_track2/IMG/left_2026_08_30_02_26_52_603.jpg,/Users/martin/smart-technologies-ca2/data_track2/IMG/right_2026_08_30_02_26_52_603.jpg,0.2,1,0,21.71738
/Users/martin/smart-technologies-ca2/data_track2/IMG/center_2026_08_30_02_26_52_670.jpg,/Users/martin/smart-technologies-ca2/data_track2/IMG/left_2026_08_30_02_26_52_670.jpg,/Users/martin/smart-technologies-ca2/data_track2/IMG/right_2026_08_30_02_26_52_670.jpg,0,1,0,22.50724
/Users/martin/smart-technologies-ca2/data_track2/IMG/center_2026_08_30_02_26_52_737.jpg,/Users/martin/smart-technologies-ca2/data_track2/IMG/left_2026_08_30_02_26_52_737.jpg,/Users/martin/smart-technologies-ca2/data_track2/IMG/right_2026_08_30_02_26_52_737.jpg,0,1,0,23.09359
/Users/martin/smart-technologies-ca2/data_track2/IMG/center_2026_08_30_02_26_52_806.jpg,/Users/martin/smart-technologies-ca2/data_track2/IMG/left_2026_08_30_02_26_52_806.jpg,/Users/martin/smart-technologies-ca2/data_track2/IMG/right_2026_08_30_02_26_52_806.jpg,0,1,0,23.87597
/Users/martin/smart-technologies-ca2/data_track2/IMG/center_2026_08_30_02_26_52_873.jpg,/Users/martin/smart-technologies-ca2/data_track2/IMG/left_2026_08_30_02_26_52_873.jpg,/Users/martin/smart-technologies-ca2/data_track2/IMG/right_2026_08_30_02_26_52_873.jpg,0.1,1,0,24.45607
/Users/martin/smart-technologies-ca2/data_track2/IMG/center_2026_08_30_02_26_52_942.jpg,/Users/martin/smart-technologies-ca2/data_track2/IMG/left_2026_08_30_02_26_52_942.jpg,/Users/martin/smart-technologies-ca2/data_track2/IMG/right_2026_08_30_02_26_52_942.jpg,0.25,1,0,25.00696
/Users/martin/smart-technologies-ca2/data_track2/IMG/center_2026_08_30_02_26_53_012.jpg,/Users/martin/smart-technologies-ca2/data_track2/IMG/left_2026_08_30_02_26_53_012.jpg,/Users/martin/smart-technologies-ca2/data_track2/IMG/right_2026_08_30_02_26_53_012.jpg,0,1,0,25.76935
/Users/martin/smart-technologies-ca2/data_track2/IMG/center_2026_08_30_02_26_53_081.jpg,/Users/martin/smart-technologies-ca2/data_track2/IMG/left_2026_08_30_02_26_53_081.jpg,/Users/martin/smart-technologies-ca2/data_track2/IMG/right_2026_08_30_02_26_53_081.jpg,0,1,0,26.33871
/Users/martin/smart-technologies-ca2/data_track2/IMG/center_2026_08_30_02_26_53_148.jpg,/Users/martin/smart-technologies-ca2/data_track2/IMG/left_2026_08_30_02_26_53_148.jpg,/Users/martin/smart-technologies-ca2/data_track2/IMG/right_2026_08_30_02_26_53_148.jpg,0,1,0,27.09414
/Users/martin/smart-technologies-ca2/data_track2/IMG/center_2026_08_30_02_26_53_216.jpg,/Users/martin/smart-technologies-ca2/data_track2/IMG/left_2026_08_30_02_26_53_216.jpg,/Users/martin/smart-technologies-ca2/data_track2/IMG/right_2026_08_30_02_26_53_216.jpg,0,1,0,27.65674
/Users/martin/smart-technologies-ca2/data_track2/IMG/center_2026_08_30_02_26_53_284.jpg,/Users/martin/smart-technologies-ca2/data_track2/IMG/left_2026_08_30_02_26_53_284.jpg,/Users/martin/smart-technologies-ca2/data_track2/IMG/right_2026_08_30_02_26_53_284.jpg,0,1,0,28.21594
/Users/martin/smart-technologies-ca2/data_track2/IMG/center_2026_08_30_02_26_53_353.jpg,/Users/martin/smart-technologies-ca2/data_track2/IMG/left_2026_08_30_02_26_53_353.jpg,/Users/martin/smart-technologies-ca2/data_track2/IMG/right_2026_08_30_02_26_53_353.jpg,0,1,0,28.95624
/Users/martin/smart-technologies-ca2/data_track2/IMG/center_2026_08_30_02_26_53_422.jpg,/Users/martin/smart-technologies-ca2/data_track2/IMG/left_2026_08_30_02_26_53_422.jpg,/Users/martin/smart-technologies-ca2/data_track2/IMG/right_2026_08_30_02_26_53_422.jpg,0,1,0,29.50766
/Users/martin/smart-technologies-ca2/data_track2/IMG/center_2026_08_30_02_26_53_489.jpg,/Users/martin/smart-technologies-ca2/data_track2/IMG/left_2026_08_30_02_26_53_489.jpg,/Users/martin/smart-technologies-ca2/data_track2/IMG/right_2026_08_30_02_26_53_489.jpg,0,1,0,30.1851
/Users/martin/smart-technologies-ca2/data_track2/IMG/center_2026_08_30_02_26_53_558.jpg,/Users/martin/smart-technologies-ca2/data_track2/IMG/left_2026_08_30_02_26_53_558.jpg,/Users/martin/smart-technologies-ca2/data_track2/IMG/right_2026_08_30_02_26_53_558.jpg,0,1,0,30.19055
/Users/martin/smart-technologies-ca2/data_track2/IMG/center_2026_08_30_02_26_53_627.jpg,/Users/martin/smart-technologies-ca2/data_track2/IMG/left_2026_08_30_02_26_53_627.jpg,/Users/martin/smart-technologies-ca2/data_track2/IMG/right_2026_08_30_02_26_53_627.jpg,0,1,0,30.19025
/Users/martin/smart-technologies-ca2/data_track2/IMG/center_2026_08_30_02_26_53_697.jpg,/Users/martin/smart-technologies-ca2/data_track2/IMG/left_2026_08_30_02_26_53_697.jpg,/Users/martin/smart-technologies-ca2/data_track2/IMG/right_2026_08_30_02_26_53_697.jpg,0,0.8334763,0,30.16029
/Users/martin/smart-technologies-ca2/data_track2/IMG/center_2026_08_30_02_26_53_764.jpg,/Users/martin/smart-technologies-ca2/data_track2/IMG/left_2026_08_30_02_26_53_764.jpg,/Users/martin/smart-technologies-ca2/data_track2/IMG/right_2026_08_30_02_26_53_764.jpg,0,0.6499063,0,30.1122
/Users/martin/smart-technologies-ca2/data_track2/IMG/center_2026_08_30_02_26_53_830.jpg,/Users/martin/smart-technologies-ca2/data_track2/IMG/left_2026_08_30_02_26_53_830.jpg,/Users/martin/smart-technologies-ca2/data_track2/IMG/right_2026_08_30_02_26_53_830.jpg,0,0.6087487,0,30.07735
/Users/martin/smart-technologies-ca2/data_track2/IMG/center_2026_08_30_02_26_53_898.jpg,/Users/martin/smart-technologies-ca2/data_track2/IMG/left_2026_08_30_02_26_53_898.jpg,/Users/martin/smart-technologies-ca2/data_track2/IMG/right_2026_08_30_02_26_53_898.jpg,0,0.7845428,0,30.12518
/Users/martin/smart-technologies-ca2/data_track2/IMG/center_2026_08_30_02_26_53_967.jpg,/Users/martin/smart-technologies-ca2/data_track2/IMG/left_2026_08_30_02_26_53_967.jpg,/Users/martin/smart-technologies-ca2/data_track2/IMG/right_2026_08_30_02_26_53_967.jpg,0,0.6328599,0,30.10873
/Users/martin/smart-technologies-ca2/data_track2/IMG/center_2026_08_30_02_26_54_034.jpg,/Users/martin/smart-technologies-ca2/data_track2/IMG/left_2026_08_30_02_26_54_034.jpg,/Users/martin/smart-technologies-ca2/data_track2/IMG/right_2026_08_30_02_26_54_034.jpg,0,0.5287541,0,30.06429
/Users/martin/smart-technologies-ca2/data_track2/IMG/center_2026_08_30_02_26_54_101.jpg,/Users/martin/smart-technologies-ca2/data_track2/IMG/left_2026_08_30_02_26_54_101.jpg,/Users/martin/smart-technologies-ca2/data_track2/IMG/right_2026_08_30_02_26_54_101.jpg,0.1,0.7063603,0,30.10214
/Users/martin/smart-technologies-ca2/data_track2/IMG/center_2026_08_30_02_26_54_168.jpg,/Users/martin/smart-technologies-ca2/data_track2/IMG/left_2026_08_30_02_26_54_168.jpg,/Users/martin/smart-technologies-ca2/data_track2/IMG/right_2026_08_30_02_26_54_168.jpg,0.3,0.9478722,0,30.14318
/Users/martin/smart-technologies-ca2/data_track2/IMG/center_2026_08_30_02_26_54_235.jpg,/Users/martin/smart-technologies-ca2/data_track2/IMG/left_2026_08_30_02_26_54_235.jpg,/Users/martin/smart-technologies-ca2/data_track2/IMG/right_2026_08_30_02_26_54_235.jpg,0,0.9019299,0,30.1756
/Users/martin/smart-technologies-ca2/data_track2/IMG/center_2026_08_30_02_26_54_302.jpg,/Users/martin/smart-technologies-ca2/data_track2/IMG/left_2026_08_30_02_26_54_302.jpg,/Users/martin/smart-technologies-ca2/data_track2/IMG/right_2026_08_30_02_26_54_302.jpg,0,0.724864,0,30.1318
/Users/martin/smart-technologies-ca2/data_track2/IMG/center_2026_08_30_02_26_54_369.jpg,/Users/martin/smart-technologies-ca2/data_track2/IMG/left_2026_08_30_02_26_54_369.jpg,/Users/martin/smart-technologies-ca2/data_track2/IMG/right_2026_08_30_02_26_54_369.jpg,0.05,0.625942,0,30.07745
/Users/martin/smart-technologies-ca2/data_track2/IMG/center_2026_08_30_02_26_54_436.jpg,/Users/martin/smart-technologies-ca2/data_track2/IMG/left_2026_08_30_02_26_54_436.jpg,/Users/martin/smart-technologies-ca2/data_track2/IMG/right_2026_08_30_02_26_54_436.jpg,0.2,0.806254,0,30.12031
/Users/martin/smart-technologies-ca2/data_track2/IMG/center_2026_08_30_02_26_54_505.jpg,/Users/martin/smart-technologies-ca2/data_track2/IMG/left_2026_08_30_02_26_54_505.jpg,/Users/martin/smart-technologies-ca2/data_track2/IMG/right_2026_08_30_02_26_54_505.jpg,0.4,0.8267171,0,30.10925
/Users/martin/smart-technologies-ca2/data_track2/IMG/center_2026_08_30_02_26_54_573.jpg,/Users/martin/smart-technologies-ca2/data_track2/IMG/left_2026_08_30_02_26_54_573.jpg,/Users/martin/smart-technologies-ca2/data_track2/IMG/right_2026_08_30_02_26_54_573.jpg,0.5500001,0.6452231,0,29.94719
/Users/martin/smart-technologies-ca2/data_track2/IMG/center_2026_08_30_02_26_54_642.jpg,/Users/martin/smart-technologies-ca2/data_track2/IMG/left_2026_08_30_02_26_54_642.jpg,/Users/martin/smart-technologies-ca2/data_track2/IMG/right_2026_08_30_02_26_54_642.jpg,0.7,0.4643443,0,29.70038
/Users/martin/smart-technologies-ca2/data_track2/IMG/center_2026_08_30_02_26_54_709.jpg,/Users/martin/smart-technologies-ca2/data_track2/IMG/left_2026_08_30_02_26_54_709.jpg,/Users/martin/smart-technologies-ca2/data_track2/IMG/right_2026_08_30_02_26_54_709.jpg,0.9000002,0.2261441,0,28.03399
/Users/martin/smart-technologies-ca2/data_track2/IMG/center_2026_08_30_02_26_54_777.jpg,/Users/martin/smart-technologies-ca2/data_track2/IMG/left_2026_08_30_02_26_54_777.jpg,/Users/martin/smart-technologies-ca2/data_track2/IMG/right_2026_08_30_02_26_54_777.jpg,1,0.04730833,0,27.67126
/Users/martin/smart-technologies-ca2/data_track2/IMG/center_2026_08_30_02_26_54_844.jpg,/Users/martin/smart-technologies-ca2/data_track2/IMG/left_2026_08_30_02_26_54_844.jpg,/Users/martin/smart-technologies-ca2/data_track2/IMG/right_2026_08_30_02_26_54_844.jpg,0,0,0,26.42677
/Users/martin/smart-technologies-ca2/data_track2/IMG/center_2026_08_30_02_26_54_914.jpg,/Users/martin/smart-technologies-ca2/data_track2/IMG/left_2026_08_30_02_26_54_914.jpg,/Users/martin/smart-technologies-ca2/data_track2/IMG/right_2026_08_30_02_26_54_914.jpg,-0.15,0,0,25.13493
/Users/martin/smart-technologies-ca2/data_track2/IMG/center_2026_08_30_02_26_54_980.jpg,/Users/martin/smart-technologies-ca2/data_track2/IMG/left_2026_08_30_02_26_54_980.jpg,/Users/martin/smart-technologies-ca2/data_track2/IMG/right_2026_08_30_02_26_54_980.jpg,-0.3,0,0,24.43179
/Users/martin/smart-technologies-ca2/data_track2/IMG/center_2026_08_30_02_26_55_050.jpg,/Users/martin/smart-technologies-ca2/data_track2/IMG/left_2026_08_30_02_26_55_050.jpg,/Users/martin/smart-technologies-ca2/data_track2/IMG/right_2026_08_30_02_26_55_050.jpg,-0.5000001,0,0,23.334
/Users/martin/smart-technologies-ca2/data_track2/IMG/center_2026_08_30_02_26_55_120.jpg,/Users/martin/smart-technologies-ca2/data_track2/IMG/left_2026_08_30_02_26_55_120.jpg,/Users/martin/smart-technologies-ca2/data_track2/IMG/right_2026_08_30_02_26_55_120.jpg,-0.6500001,0.1086752,0,22.69292
/Users/martin/smart-technologies-ca2/data_track2/IMG/center_2026_08_30_02_26_55_187.jpg,/Users/martin/smart-technologies-ca2/data_track2/IMG/left_2026_08_30_02_26_55_187.jpg,/Users/martin/smart-technologies-ca2/data_track2/IMG/right_2026_08_30_02_26_55_187.jpg,-0.8500001,0.3465092,0,21.91308
/Users/martin/smart-technologies-ca2/data_track2/IMG/center_2026_08_30_02_26_55_256.jpg,/Users/martin/smart-technologies-ca2/data_track2/IMG/left_2026_08_30_02_26_55_256.jpg,/Users/martin/smart-technologies-ca2/data_track2/IMG/right_2026_08_30_02_26_55_256.jpg,-1,0.5292302,0,21.28749
/Users/martin/smart-technologies-ca2/data_track2/IMG/center_2026_08_30_02_26_55_326.jpg,/Users/martin/smart-technologies-ca2/data_track2/IMG/left_2026_08_30_02_26_55_326.jpg,/Users/martin/smart-technologies-ca2/data_track2/IMG/right_2026_08_30_02_26_55_326.jpg,0,0.7638842,0,21.15211
/Users/martin/smart-technologies-ca2/data_track2/IMG/center_2026_08_30_02_26_55_393.jpg,/Users/martin/smart-technologies-ca2/data_track2/IMG/left_2026_08_30_02_26_55_393.jpg,/Users/martin/smart-technologies-ca2/data_track2/IMG/right_2026_08_30_02_26_55_393.jpg,-0.15,0.9477872,0,21.19918
/Users/martin/smart-technologies-ca2/data_track2/IMG/center_2026_08_30_02_26_55_461.jpg,/Users/martin/smart-technologies-ca2/data_track2/IMG/left_2026_08_30_02_26_55_461.jpg,/Users/martin/smart-technologies-ca2/data_track2/IMG/right_2026_08_30_02_26_55_461.jpg,-0.3,1,0,21.43672
/Users/martin/smart-technologies-ca2/data_track2/IMG/center_2026_08_30_02_26_55_530.jpg,/Users/martin/smart-technologies-ca2/data_track2/IMG/left_2026_08_30_02_26_55_530.jpg,/Users/martin/smart-technologies-ca2/data_track2/IMG/right_2026_08_30_02_26_55_530.jpg,-0.5000001,1,0,21.8741
/Users/martin/smart-technologies-ca2/data_track2/IMG/center_2026_08_30_02_26_55_599.jpg,/Users/martin/smart-technologies-ca2/data_track2/IMG/left_2026_08_30_02_26_55_599.jpg,/Users/martin/smart-technologies-ca2/data_track2/IMG/right_2026_08_30_02_26_55_599.jpg,0,1,0,22.02268
/Users/martin/smart-technologies-ca2/data_track2/IMG/center_2026_08_30_02_26_55_666.jpg,/Users/martin/smart-technologies-ca2/data_track2/IMG/left_2026_08_30_02_26_55_666.jpg,/Users/martin/smart-technologies-ca2/data_track2/IMG/right_2026_08_30_02_26_55_666.jpg,0,1,0,22.41504
/Users/martin/smart-technologies-ca2/data_track2/IMG/center_2026_08_30_02_26_55_735.jpg,/Users/martin/smart-technologies-ca2/data_track2/IMG/left_2026_08_30_02_26_55_735.jpg,/Users/martin/smart-technologies-ca2/data_track2/IMG/right_2026_08_30_02_26_55_735.jpg,-0.15,1,0,22.67544
/Users/martin/smart-technologies-ca2/data_track2/IMG/center_2026_08_30_02_26_55_802.jpg,/Users/martin/smart-technologies-ca2/data_track2/IMG/left_2026_08_30_02_26_55_802.jpg,/Users/martin/smart-technologies-ca2/data_track2/IMG/right_2026_08_30_02_26_55_802.jpg,-0.3,1,0,22.93581
/Users/martin/smart-technologies-ca2/data_track2/IMG/center_2026_08_30_02_26_55_871.jpg,/Users/martin/smart-technologies-ca2/data_track2/IMG/left_2026_08_30_02_26_55_871.jpg,/Users/martin/smart-technologies-ca2/data_track2/IMG/right_2026_08_30_02_26_55_871.jpg,-0.5000001,1,0,23.26799
/Users/martin/smart-technologies-ca2/data_track2/IMG/center_2026_08_30_02_26_55_940.jpg,/Users/martin/smart-technologies-ca2/data_track2/IMG/left_2026_08_30_02_26_55_940.jpg,/Users/martin/smart-technologies-ca2/data_track2/IMG/right_2026_08_30_02_26_55_940.jpg,-0.6500001,0.9183371,0,23.05791
/Users/martin/smart-technologies-ca2/data_track2/IMG/center_2026_08_30_02_26_56_007.jpg,/Users/martin/smart-technologies-ca2/data_track2/IMG/left_2026_08_30_02_26_56_007.jpg,/Users/martin/smart-technologies-ca2/data_track2/IMG/right_2026_08_30_02_26_56_007.jpg,-0.8500001,0.6840311,0,23.20461
/Users/martin/smart-technologies-ca2/data_track2/IMG/center_2026_08_30_02_26_56_076.jpg,/Users/martin/smart-technologies-ca2/data_track2/IMG/left_2026_08_30_02_26_56_076.jpg,/Users/martin/smart-technologies-ca2/data_track2/IMG/right_2026_08_30_02_26_56_076.jpg,-1,0.5373611,0,23.05017
/Users/martin/smart-technologies-ca2/data_track2/IMG/center_2026_08_30_02_26_56_143.jpg,/Users/martin/smart-technologies-ca2/data_track2/IMG/left_2026_08_30_02_26_56_143.jpg,/Users/martin/smart-technologies-ca2/data_track2/IMG/right_2026_08_30_02_26_56_143.jpg,0,0.7180029,0,22.85985
/Users/martin/smart-technologies-ca2/data_track2/IMG/center_2026_08_30_02_26_56_210.jpg,/Users/martin/smart-technologies-ca2/data_track2/IMG/left_2026_08_30_02_26_56_210.jpg,/Users/martin/smart-technologies-ca2/data_track2/IMG/right_2026_08_30_02_26_56_210.jpg,0.1,0.8826673,0,22.83082
/Users/martin/smart-technologies-ca2/data_track2/IMG/center_2026_08_30_02_26_56_276.jpg,/Users/martin/smart-technologies-ca2/data_track2/IMG/left_2026_08_30_02_26_56_276.jpg,/Users/martin/smart-technologies-ca2/data_track2/IMG/right_2026_08_30_02_26_56_276.jpg,0.25,0.6963403,0,22.9934
/Users/martin/smart-technologies-ca2/data_track2/IMG/center_2026_08_30_02_26_56_344.jpg,/Users/martin/smart-technologies-ca2/data_track2/IMG/left_2026_08_30_02_26_56_344.jpg,/Users/martin/smart-technologies-ca2/data_track2/IMG/right_2026_08_30_02_26_56_344.jpg,0.4,0.5202072,0,22.44094
/Users/martin/smart-technologies-ca2/data_track2/IMG/center_2026_08_30_02_26_56_414.jpg,/Users/martin/smart-technologies-ca2/data_track2/IMG/left_2026_08_30_02_26_56_414.jpg,/Users/martin/smart-technologies-ca2/data_track2/IMG/right_2026_08_30_02_26_56_414.jpg,0.6000001,0.2790043,0,22.32006
/Users/martin/smart-technologies-ca2/data_track2/IMG/center_2026_08_30_02_26_56_480.jpg,/Users/martin/smart-technologies-ca2/data_track2/IMG/left_2026_08_30_02_26_56_480.jpg,/Users/martin/smart-technologies-ca2/data_track2/IMG/right_2026_08_30_02_26_56_480.jpg,0.7500002,0.09994328,0,21.74646
/Users/martin/smart-technologies-ca2/data_track2/IMG/center_2026_08_30_02_26_56_549.jpg,/Users/martin/smart-technologies-ca2/data_track2/IMG/left_2026_08_30_02_26_56_549.jpg,/Users/martin/smart-technologies-ca2/data_track2/IMG/right_2026_08_30_02_26_56_549.jpg,0.9500002,0,0,21.31932
/Users/martin/smart-technologies-ca2/data_track2/IMG/center_2026_08_30_02_26_56_616.jpg,/Users/martin/smart-technologies-ca2/data_track2/IMG/left_2026_08_30_02_26_56_616.jpg,/Users/martin/smart-technologies-ca2/data_track2/IMG/right_2026_08_30_02_26_56_616.jpg,1,0,0,20.96574
/Users/martin/smart-technologies-ca2/data_track2/IMG/center_2026_08_30_02_26_56_684.jpg,/Users/martin/smart-technologies-ca2/data_track2/IMG/left_2026_08_30_02_26_56_684.jpg,/Users/martin/smart-technologies-ca2/data_track2/IMG/right_2026_08_30_02_26_56_684.jpg,-0.05,0,0,20.54148
/Users/martin/smart-technologies-ca2/data_track2/IMG/center_2026_08_30_02_26_56_751.jpg,/Users/martin/smart-technologies-ca2/data_track2/IMG/left_2026_08_30_02_26_56_751.jpg,/Users/martin/smart-technologies-ca2/data_track2/IMG/right_2026_08_30_02_26_56_751.jpg,0.05,0,0,20.73834
/Users/martin/smart-technologies-ca2/data_track2/IMG/center_2026_08_30_02_26_56_820.jpg,/Users/martin/smart-technologies-ca2/data_track2/IMG/left_2026_08_30_02_26_56_820.jpg,/Users/martin/smart-technologies-ca2/data_track2/IMG/right_2026_08_30_02_26_56_820.jpg,0.2,0,0,20.52792
/Users/martin/smart-technologies-ca2/data_track2/IMG/center_2026_08_30_02_26_56_887.jpg,/Users/martin/smart-technologies-ca2/data_track2/IMG/left_2026_08_30_02_26_56_887.jpg,/Users/martin/smart-technologies-ca2/data_track2/IMG/right_2026_08_30_02_26_56_887.jpg,0.4,0,0,20.1944
/Users/martin/smart-technologies-ca2/data_track2/IMG/center_2026_08_30_02_26_56_955.jpg,/Users/martin/smart-technologies-ca2/data_track2/IMG/left_2026_08_30_02_26_56_955.jpg,/Users/martin/smart-technologies-ca2/data_track2/IMG/right_2026_08_30_02_26_56_955.jpg,0.5500001,0,0,20.18898
/Users/martin/smart-technologies-ca2/data_track2/IMG/center_2026_08_30_02_26_57_023.jpg,/Users/martin/smart-technologies-ca2/data_track2/IMG/left_2026_08_30_02_26_57_023.jpg,/Users/martin/smart-technologies-ca2/data_track2/IMG/right_2026_08_30_02_26_57_023.jpg,0.7,0,0,19.71277
/Users/martin/smart-technologies-ca2/data_track2/IMG/center_2026_08_30_02_26_57_091.jpg,/Users/martin/smart-technologies-ca2/data_track2/IMG/left_2026_08_30_02_26_57_091.jpg,/Users/martin/smart-technologies-ca2/data_track2/IMG/right_2026_08_30_02_26_57_091.jpg,0,0,0,19.37837
/Users/martin/smart-technologies-ca2/data_track2/IMG/center_2026_08_30_02_26_57_159.jpg,/Users/martin/smart-technologies-ca2/data_track2/IMG/left_2026_08_30_02_26_57_159.jpg,/Users/martin/smart-technologies-ca2/data_track2/IMG/right_2026_08_30_02_26_57_159.jpg,0,0,0,19.48303
/Users/martin/smart-technologies-ca2/data_track2/IMG/center_2026_08_30_02_26_57_226.jpg,/Users/martin/smart-technologies-ca2/data_track2/IMG/left_2026_08_30_02_26_57_226.jpg,/Users/martin/smart-technologies-ca2/data_track2/IMG/right_2026_08_30_02_26_57_226.jpg,0,0.05730879,0,19.32904
/Users/martin/smart-technologies-ca2/data_track2/IMG/center_2026_08_30_02_26_57_293.jpg,/Users/martin/smart-technologies-ca2/data_track2/IMG/left_2026_08_30_02_26_57_293.jpg,/Users/martin/smart-technologies-ca2/data_track2/IMG/right_2026_08_30_02_26_57_293.jpg,0,0.2394208,0,18.91297
/Users/martin/smart-technologies-ca2/data_track2/IMG/center_2026_08_30_02_26_57_362.jpg,/Users/martin/smart-technologies-ca2/data_track2/IMG/left_2026_08_30_02_26_57_362.jpg,/Users/martin/smart-technologies-ca2/data_track2/IMG/right_2026_08_30_02_26_57_362.jpg,0,0.414024,0,19.40374
/Users/martin/smart-technologies-ca2/data_track2/IMG/center_2026_08_30_02_26_57_430.jpg,/Users/martin/smart-technologies-ca2/data_track2/IMG/left_2026_08_30_02_26_57_430.jpg,/Users/martin/smart-technologies-ca2/data_track2/IMG/right_2026_08_30_02_26_57_430.jpg,0,0.657663,0,19.73873
/Users/martin/smart-technologies-ca2/data_track2/IMG/center_2026_08_30_02_26_57_499.jpg,/Users/martin/smart-technologies-ca2/data_track2/IMG/left_2026_08_30_02_26_57_499.jpg,/Users/martin/smart-technologies-ca2/data_track2/IMG/right_2026_08_30_02_26_57_499.jpg,0.1,0.7278332,0,19.95465
/Users/martin/smart-technologies-ca2/data_track2/IMG/center_2026_08_30_02_26_57_567.jpg,/Users/martin/smart-technologies-ca2/data_track2/IMG/left_2026_08_30_02_26_57_567.jpg,/Users/martin/smart-technologies-ca2/data_track2/IMG/right_2026_08_30_02_26_57_567.jpg,0.3,0.4908332,0,20.34164
/Users/martin/smart-technologies-ca2/data_track2/IMG/center_2026_08_30_02_26_57_634.jpg,/Users/martin/smart-technologies-ca2/data_track2/IMG/left_2026_08_30_02_26_57_634.jpg,/Users/martin/smart-technologies-ca2/data_track2/IMG/right_2026_08_30_02_26_57_634.jpg,0.45,0.3105061,0,20.64272
/Users/martin/smart-technologies-ca2/data_track2/IMG/center_2026_08_30_02_26_57_703.jpg,/Users/martin/smart-technologies-ca2/data_track2/IMG/left_2026_08_30_02_26_57_703.jpg,/Users/martin/smart-technologies-ca2/data_track2/IMG/right_2026_08_30_02_26_57_703.jpg,0.6000001,0.1287003,0,20.33125
/Users/martin/smart-technologies-ca2/data_track2/IMG/center_2026_08_30_02_26_57_769.jpg,/Users/martin/smart-technologies-ca2/data_track2/IMG/left_2026_08_30_02_26_57_769.jpg,/Users/martin/smart-technologies-ca2/data_track2/IMG/right_2026_08_30_02_26_57_769.jpg,0,0.2558885,0,20.24538
/Users/martin/smart-technologies-ca2/data_track2/IMG/center_2026_08_30_02_26_57_836.jpg,/Users/martin/smart-technologies-ca2/data_track2/IMG/left_2026_08_30_02_26_57_836.jpg,/Users/martin/smart-technologies-ca2/data_track2/IMG/right_2026_08_30_02_26_57_836.jpg,0,0.4350243,0,20.52217
/Users/martin/smart-technologies-ca2/data_track2/IMG/center_2026_08_30_02_26_57_903.jpg,/Users/martin/smart-technologies-ca2/data_track2/IMG/left_2026_08_30_02_26_57_903.jpg,/Users/martin/smart-technologies-ca2/data_track2/IMG/right_2026_08_30_02_26_57_903.jpg,0.1,0.6182792,0,20.57322
/Users/martin/smart-technologies-ca2/data_track2/IMG/center_2026_08_30_02_26_57_971.jpg,/Users/martin/smart-technologies-ca2/data_track2/IMG/left_2026_08_30_02_26_57_971.jpg,/Users/martin/smart-technologies-ca2/data_track2/IMG/right_2026_08_30_02_26_57_971.jpg,0.3,0.6271534,0,21.08586
/Users/martin/smart-technologies-ca2/data_track2/IMG/center_2026_08_30_02_26_58_038.jpg,/Users/martin/smart-technologies-ca2/data_track2/IMG/left_2026_08_30_02_26_58_038.jpg,/Users/martin/smart-technologies-ca2/data_track2/IMG/right_2026_08_30_02_26_58_038.jpg,0.45,0.4465263,0,21.43226
/Users/martin/smart-technologies-ca2/data_track2/IMG/center_2026_08_30_02_26_58_105.jpg,/Users/martin/smart-technologies-ca2/data_track2/IMG/left_2026_08_30_02_26_58_105.jpg,/Users/martin/smart-technologies-ca2/data_track2/IMG/right_2026_08_30_02_26_58_105.jpg,0.6500001,0.2452269,0,21.44553
/Users/martin/smart-technologies-ca2/data_track2/IMG/center_2026_08_30_02_26_58_172.jpg,/Users/martin/smart-technologies-ca2/data_track2/IMG/left_2026_08_30_02_26_58_172.jpg,/Users/martin/smart-technologies-ca2/data_track2/IMG/right_2026_08_30_02_26_58_172.jpg,0.8000001,0.4270266,0,21.24922
/Users/martin/smart-technologies-ca2/data_track2/IMG/center_2026_08_30_02_26_58_239.jpg,/Users/martin/smart-technologies-ca2/data_track2/IMG/left_2026_08_30_02_26_58_239.jpg,/Users/martin/smart-technologies-ca2/data_track2/IMG/right_2026_08_30_02_26_58_239.jpg,0.9500002,0.6091357,0,21.43743
/Users/martin/smart-technologies-ca2/data_track2/IMG/center_2026_08_30_02_26_58_306.jpg,/Users/martin/smart-technologies-ca2/data_track2/IMG/left_2026_08_30_02_26_58_306.jpg,/Users/martin/smart-technologies-ca2/data_track2/IMG/right_2026_08_30_02_26_58_306.jpg,0,0.8479539,0,21.72238
/Users/martin/smart-technologies-ca2/data_track2/IMG/center_2026_08_30_02_26_58_373.jpg,/Users/martin/smart-technologies-ca2/data_track2/IMG/left_2026_08_30_02_26_58_373.jpg,/Users/martin/smart-technologies-ca2/data_track2/IMG/right_2026_08_30_02_26_58_373.jpg,0,1,0,22.12519
/Users/martin/smart-technologies-ca2/data_track2/IMG/center_2026_08_30_02_26_58_442.jpg,/Users/martin/smart-technologies-ca2/data_track2/IMG/left_2026_08_30_02_26_58_442.jpg,/Users/martin/smart-technologies-ca2/data_track2/IMG/right_2026_08_30_02_26_58_442.jpg,0,1,0,22.67499
/Users/martin/smart-technologies-ca2/data_track2/IMG/center_2026_08_30_02_26_58_511.jpg,/Users/martin/smart-technologies-ca2/data_track2/IMG/left_2026_08_30_02_26_58_511.jpg,/Users/martin/smart-technologies-ca2/data_track2/IMG/right_2026_08_30_02_26_58_511.jpg,0.1,1,0,23.44238
/Users/martin/smart-technologies-ca2/data_track2/IMG/center_2026_08_30_02_26_58_580.jpg,/Users/martin/smart-technologies-ca2/data_track2/IMG/left_2026_08_30_02_26_58_580.jpg,/Users/martin/smart-technologies-ca2/data_track2/IMG/right_2026_08_30_02_26_58_580.jpg,0.25,1,0,24.0184
/Users/martin/smart-technologies-ca2/data_track2/IMG/center_2026_08_30_02_26_58_647.jpg,/Users/martin/smart-technologies-ca2/data_track2/IMG/left_2026_08_30_02_26_58_647.jpg,/Users/martin/smart-technologies-ca2/data_track2/IMG/right_2026_08_30_02_26_58_647.jpg,0.45,1,0,24.72391
/Users/martin/smart-technologies-ca2/data_track2/IMG/center_2026_08_30_02_26_58_714.jpg,/Users/martin/smart-technologies-ca2/data_track2/IMG/left_2026_08_30_02_26_58_714.jpg,/Users/martin/smart-technologies-ca2/data_track2/IMG/right_2026_08_30_02_26_58_714.jpg,0.6000001,1,0,25.19079
/Users/martin/smart-technologies-ca2/data_track2/IMG/center_2026_08_30_02_26_58_781.jpg,/Users/martin/smart-technologies-ca2/data_track2/IMG/left_2026_08_30_02_26_58_781.jpg,/Users/martin/smart-technologies-ca2/data_track2/IMG/right_2026_08_30_02_26_58_781.jpg,0.7500002,1,0,25.60349
/Users/martin/smart-technologies-ca2/data_track2/IMG/center_2026_08_30_02_26_58_849.jpg,/Users/martin/smart-technologies-ca2/data_track2/IMG/left_2026_08_30_02_26_58_849.jpg,/Users/martin/smart-technologies-ca2/data_track2/IMG/right_2026_08_30_02_26_58_849.jpg,0,1,0,26.29341
/Users/martin/smart-technologies-ca2/data_track2/IMG/center_2026_08_30_02_26_58_916.jpg,/Users/martin/smart-technologies-ca2/data_track2/IMG/left_2026_08_30_02_26_58_916.jpg,/Users/martin/smart-technologies-ca2/data_track2/IMG/right_2026_08_30_02_26_58_916.jpg,0.05,1,0,26.84653
/Users/martin/smart-technologies-ca2/data_track2/IMG/center_2026_08_30_02_26_58_983.jpg,/Users/martin/smart-technologies-ca2/data_track2/IMG/left_2026_08_30_02_26_58_983.jpg,/Users/martin/smart-technologies-ca2/data_track2/IMG/right_2026_08_30_02_26_58_983.jpg,0.2,1,0,27.41024
/Users/martin/smart-technologies-ca2/data_track2/IMG/center_2026_08_30_02_26_59_050.jpg,/Users/martin/smart-technologies-ca2/data_track2/IMG/left_2026_08_30_02_26_59_050.jpg,/Users/martin/smart-technologies-ca2/data_track2/IMG/right_2026_08_30_02_26_59_050.jpg,0.4,1,0,28.10172
/Users/martin/smart-technologies-ca2/data_track2/IMG/center_2026_08_30_02_26_59_119.jpg,/Users/martin/smart-technologies-ca2/data_track2/IMG/left_2026_08_30_02_26_59_119.jpg,/Users/martin/smart-technologies-ca2/data_track2/IMG/right_2026_08_30_02_26_59_119.jpg,0,1,0,28.5854
/Users/martin/smart-technologies-ca2/data_track2/IMG/center_2026_08_30_02_26_59_186.jpg,/Users/martin/smart-technologies-ca2/data_track2/IMG/left_2026_08_30_02_26_59_186.jpg,/Users/martin/smart-technologies-ca2/data_track2/IMG/right_2026_08_30_02_26_59_186.jpg,0.05,1,0,29.3062
/Users/martin/smart-technologies-ca2/data_track2/IMG/center_2026_08_30_02_26_59_254.jpg,/Users/martin/smart-technologies-ca2/data_track2/IMG/left_2026_08_30_02_26_59_254.jpg,/Users/martin/smart-technologies-ca2/data_track2/IMG/right_2026_08_30_02_26_59_254.jpg,0.2,1,0,29.85242
/Users/martin/smart-technologies-ca2/data_track2/IMG/center_2026_08_30_02_26_59_321.jpg,/Users/martin/smart-technologies-ca2/data_track2/IMG/left_2026_08_30_02_26_59_321.jpg,/Users/martin/smart-technologies-ca2/data_track2/IMG/right_2026_08_30_02_26_59_321.jpg,0.35,1,0,30.17241
/Users/martin/smart-technologies-ca2/data_track2/IMG/center_2026_08_30_02_26_59_390.jpg,/Users/martin/smart-technologies-ca2/data_track2/IMG/left_2026_08_30_02_26_59_390.jpg,/Users/martin/smart-technologies-ca2/data_track2/IMG/right_2026_08_30_02_26_59_390.jpg,0.5500001,1,0,30.14427
/Users/martin/smart-technologies-ca2/data_track2/IMG/center_2026_08_30_02_26_59_458.jpg,/Users/martin/smart-technologies-ca2/data_track2/IMG/left_2026_08_30_02_26_59_458.jpg,/Users/martin/smart-technologies-ca2/data_track2/IMG/right_2026_08_30_02_26_59_458.jpg,0,1,0,30.18422
/Users/martin/smart-technologies-ca2/data_track2/IMG/center_2026_08_30_02_26_59_527.jpg,/Users/martin/smart-technologies-ca2/data_track2/IMG/left_2026_08_30_02_26_59_527.jpg,/Users/martin/smart-technologies-ca2/data_track2/IMG/right_2026_08_30_02_26_59_527.jpg,0.15,1,0,30.19005
/Users/martin/smart-technologies-ca2/data_track2/IMG/center_2026_08_30_02_26_59_598.jpg,/Users/martin/smart-technologies-ca2/data_track2/IMG/left_2026_08_30_02_26_59_598.jpg,/Users/martin/smart-technologies-ca2/data_track2/IMG/right_2026_08_30_02_26_59_598.jpg,0.3,1,0,30.1779
/Users/martin/smart-technologies-ca2/data_track2/IMG/center_2026_08_30_02_26_59_667.jpg,/Users/martin/smart-technologies-ca2/data_track2/IMG/left_2026_08_30_02_26_59_667.jpg,/Users/martin/smart-technologies-ca2/data_track2/IMG/right_2026_08_30_02_26_59_667.jpg,0,1,0,30.18152
/Users/martin/smart-technologies-ca2/data_track2/IMG/center_2026_08_30_02_26_59_733.jpg,/Users/martin/smart-technologies-ca2/data_track2/IMG/left_2026_08_30_02_26_59_733.jpg,/Users/martin/smart-technologies-ca2/data_track2/IMG/right_2026_08_30_02_26_59_733.jpg,0,1,0,30.18795
/Users/martin/smart-technologies-ca2/data_track2/IMG/center_2026_08_30_02_26_59_802.jpg,/Users/martin/smart-technologies-ca2/data_track2/IMG/left_2026_08_30_02_26_59_802.jpg,/Users/martin/smart-technologies-ca2/data_track2/IMG/right_2026_08_30_02_26_59_802.jpg,0,1,0,30.18971
/Users/martin/smart-technologies-ca2/data_track2/IMG/center_2026_08_30_02_26_59_870.jpg,/Users/martin/smart-technologies-ca2/data_track2/IMG/left_2026_08_30_02_26_59_870.jpg,/Users/martin/smart-technologies-ca2/data_track2/IMG/right_2026_08_30_02_26_59_870.jpg,0.15,1,0,30.18719
/Users/martin/smart-technologies-ca2/data_track2/IMG/center_2026_08_30_02_26_59_939.jpg,/Users/martin/smart-technologies-ca2/data_track2/IMG/left_2026_08_30_02_26_59_939.jpg,/Users/martin/smart-technologies-ca2/data_track2/IMG/right_2026_08_30_02_26_59_939.jpg,0.3,1,0,30.17266
/Users/martin/smart-technologies-ca2/data_track2/IMG/center_2026_08_30_02_27_00_008.jpg,/Users/martin/smart-technologies-ca2/data_track2/IMG/left_2026_08_30_02_27_00_008.jpg,/Users/martin/smart-technologies-ca2/data_track2/IMG/right_2026_08_30_02_27_00_008.jpg,0,1,0,30.18854
/Users/martin/smart-technologies-ca2/data_track2/IMG/center_2026_08_30_02_27_00_077.jpg,/Users/martin/smart-technologies-ca2/data_track2/IMG/left_2026_08_30_02_27_00_077.jpg,/Users/martin/smart-technologies-ca2/data_track2/IMG/right_2026_08_30_02_27_00_077.jpg,0.1,1,0,30.19034
/Users/martin/smart-technologies-ca2/data_track2/IMG/center_2026_08_30_02_27_00_144.jpg,/Users/martin/smart-technologies-ca2/data_track2/IMG/left_2026_08_30_02_27_00_144.jpg,/Users/martin/smart-technologies-ca2/data_track2/IMG/right_2026_08_30_02_27_00_144.jpg,0.25,1,0,30.17947
/Users/martin/smart-technologies-ca2/data_track2/IMG/center_2026_08_30_02_27_00_214.jpg,/Users/martin/smart-technologies-ca2/data_track2/IMG/left_2026_08_30_02_27_00_214.jpg,/Users/martin/smart-technologies-ca2/data_track2/IMG/right_2026_08_30_02_27_00_214.jpg,0,1,0,30.18894
/Users/martin/smart-technologies-ca2/data_track2/IMG/center_2026_08_30_02_27_00_283.jpg,/Users/martin/smart-technologies-ca2/data_track2/IMG/left_2026_08_30_02_27_00_283.jpg,/Users/martin/smart-technologies-ca2/data_track2/IMG/right_2026_08_30_02_27_00_283.jpg,0.05,1,0,30.19017
/Users/martin/smart-technologies-ca2/data_track2/IMG/center_2026_08_30_02_27_00_350.jpg,/Users/martin/smart-technologies-ca2/data_track2/IMG/left_2026_08_30_02_27_00_350.jpg,/Users/martin/smart-technologies-ca2/data_track2/IMG/right_2026_08_30_02_27_00_350.jpg,0.25,1,0,30.17822
/Users/martin/smart-technologies-ca2/data_track2/IMG/center_2026_08_30_02_27_00_419.jpg,/Users/martin/smart-technologies-ca2/data_track2/IMG/left_2026_08_30_02_27_00_419.jpg,/Users/martin/smart-technologies-ca2/data_track2/IMG/right_2026_08_30_02_27_00_419.jpg,0.4,1,0,30.16049
/Users/martin/smart-technologies-ca2/data_track2/IMG/center_2026_08_30_02_27_00_488.jpg,/Users/martin/smart-technologies-ca2/data_track2/IMG/left_2026_08_30_02_27_00_488.jpg,/Users/martin/smart-technologies-ca2/data_track2/IMG/right_2026_08_30_02_27_00_488.jpg,0,1,0,30.1866
/Users/martin/smart-technologies-ca2/data_track2/IMG/center_2026_08_30_02_27_00_555.jpg,/Users/martin/smart-technologies-ca2/data_track2/IMG/left_2026_08_30_02_27_00_555.jpg,/Users/martin/smart-technologies-ca2/data_track2/IMG/right_2026_08_30_02_27_00_555.jpg,0,1,0,30.18937
/Users/martin/smart-technologies-ca2/data_track2/IMG/center_2026_08_30_02_27_00_624.jpg,/Users/martin/smart-technologies-ca2/data_track2/IMG/left_2026_08_30_02_27_00_624.jpg,/Users/martin/smart-technologies-ca2/data_track2/IMG/right_2026_08_30_02_27_00_624.jpg,0.1,1,0,30.18993
/Users/martin/smart-technologies-ca2/data_track2/IMG/center_2026_08_30_02_27_00_691.jpg,/Users/martin/smart-technologies-ca2/data_track2/IMG/left_2026_08_30_02_27_00_691.jpg,/Users/martin/smart-technologies-ca2/data_track2/IMG/right_2026_08_30_02_27_00_691.jpg,0.3,1,0,30.17309
/Users/martin/smart-technologies-ca2/data_track2/IMG/center_2026_08_30_02_27_00_758.jpg,/Users/martin/smart-technologies-ca2/data_track2/IMG/left_2026_08_30_02_27_00_758.jpg,/Users/martin/smart-technologies-ca2/data_track2/IMG/right_2026_08_30_02_27_00_758.jpg,0.45,1,0,30.15449
/Users/martin/smart-technologies-ca2/data_track2/IMG/center_2026_08_30_02_27_00_825.jpg,/Users/martin/smart-technologies-ca2/data_track2/IMG/left_2026_08_30_02_27_00_825.jpg,/Users/martin/smart-technologies-ca2/data_track2/IMG/right_2026_08_30_02_27_00_825.jpg,0,1,0,30.18824
/Users/martin/smart-technologies-ca2/data_track2/IMG/center_2026_08_30_02_27_00_894.jpg,/Users/martin/smart-technologies-ca2/data_track2/IMG/left_2026_08_30_02_27_00_894.jpg,/Users/martin/smart-technologies-ca2/data_track2/IMG/right_2026_08_30_02_27_00_894.jpg,0.1,1,0,30.19065
/Users/martin/smart-technologies-ca2/data_track2/IMG/center_2026_08_30_02_27_00_962.jpg,/Users/martin/smart-technologies-ca2/data_track2/IMG/left_2026_08_30_02_27_00_962.jpg,/Users/martin/smart-technologies-ca2/data_track2/IMG/right_2026_08_30_02_27_00_962.jpg,0.25,1,0,30.18022
/Users/martin/smart-technologies-ca2/data_track2/IMG/center_2026_08_30_02_27_01_029.jpg,/Users/martin/smart-technologies-ca2/data_track2/IMG/left_2026_08_30_02_27_01_029.jpg,/Users/martin/smart-technologies-ca2/data_track2/IMG/right_2026_08_30_02_27_01_029.jpg,0.45,1,0,30.1558
/Users/martin/smart-technologies-ca2/data_track2/IMG/center_2026_08_30_02_27_01_098.jpg,/Users/martin/smart-technologies-ca2/data_track2/IMG/left_2026_08_30_02_27_01_098.jpg,/Users/martin/smart-technologies-ca2/data_track2/IMG/right_2026_08_30_02_27_01_098.jpg,0,1,0,30.18456
/Users/martin/smart-technologies-ca2/data_track2/IMG/center_2026_08_30_02_27_01_167.jpg,/Users/martin/smart-technologies-ca2/data_track2/IMG/left_2026_08_30_02_27_01_167.jpg,/Users/martin/smart-technologies-ca2/data_track2/IMG/right_2026_08_30_02_27_01_167.jpg,0,1,0,30.18904
/Users/martin/smart-technologies-ca2/data_track2/IMG/center_2026_08_30_02_27_01_236.jpg,/Users/martin/smart-technologies-ca2/data_track2/IMG/left_2026_08_30_02_27_01_236.jpg,/Users/martin/smart-technologies-ca2/data_track2/IMG/right_2026_08_30_02_27_01_236.jpg,0,1,0,30.19
/Users/martin/smart-technologies-ca2/data_track2/IMG/center_2026_08_30_02_27_01_303.jpg,/Users/martin/smart-technologies-ca2/data_track2/IMG/left_2026_08_30_02_27_01_303.jpg,/Users/martin/smart-technologies-ca2/data_track2/IMG/right_2026_08_30_02_27_01_303.jpg,0.1,1,0,30.18958
/Users/martin/smart-technologies-ca2/data_track2/IMG/center_2026_08_30_02_27_01_371.jpg,/Users/martin/smart-technologies-ca2/data_track2/IMG/left_2026_08_30_02_27_01_371.jpg,/Users/martin/smart-technologies-ca2/data_track2/IMG/right_2026_08_30_02_27_01_371.jpg,0.3,1,0,30.17199
/Users/martin/smart-technologies-ca2/data_track2/IMG/center_2026_08_30_02_27_01_439.jpg,/Users/martin/smart-technologies-ca2/data_track2/IMG/left_2026_08_30_02_27_01_439.jpg,/Users/martin/smart-technologies-ca2/data_track2/IMG/right_2026_08_30_02_27_01_439.jpg,0,1,0,30.18222
/Users/martin/smart-technologies-ca2/data_track2/IMG/center_2026_08_30_02_27_01_507.jpg,/Users/martin/smart-technologies-ca2/data_track2/IMG/left_2026_08_30_02_27_01_507.jpg,/Users/martin/smart-technologies-ca2/data_track2/IMG/right_2026_08_30_02_27_01_507.jpg,0,1,0,30.18933
/Users/martin/smart-technologies-ca2/data_track2/IMG/center_2026_08_30_02_27_01_575.jpg,/Users/martin/smart-technologies-ca2/data_track2/IMG/left_2026_08_30_02_27_01_575.jpg,/Users/martin/smart-technologies-ca2/data_track2/IMG/right_2026_08_30_02_27_01_575.jpg,0,1,0,30.19007
/Users/martin/smart-technologies-ca2/data_track2/IMG/center_2026_08_30_02_27_01_643.jpg,/Users/martin/smart-technologies-ca2/data_track2/IMG/left_2026_08_30_02_27_01_643.jpg,/Users/martin/smart-technologies-ca2/data_track2/IMG/right_2026_08_30_02_27_01_643.jpg,0,1,0,30.19023
/Users/martin/smart-technologies-ca2/data_track2/IMG/center_2026_08_30_02_27_01_712.jpg,/Users/martin/smart-technologies-ca2/data_track2/IMG/left_2026_08_30_02_27_01_712.jpg,/Users/martin/smart-technologies-ca2/data_track2/IMG/right_2026_08_30_02_27_01_712.jpg,0,1,0,30.19021
/Users/martin/smart-technologies-ca2/data_track2/IMG/center_2026_08_30_02_27_01_778.jpg,/Users/martin/smart-technologies-ca2/data_track2/IMG/left_2026_08_30_02_27_01_778.jpg,/Users/martin/smart-technologies-ca2/data_track2/IMG/right_2026_08_30_02_27_01_778.jpg,0,1,0,30.19025
/Users/martin/smart-technologies-ca2/data_track2/IMG/center_2026_08_30_02_27_01_845.jpg,/Users/martin/smart-technologies-ca2/data_track2/IMG/left_2026_08_30_02_27_01_845.jpg,/Users/martin/smart-technologies-ca2/data_track2/IMG/right_2026_08_30_02_27_01_845.jpg,0,1,0,30.19042
/Users/martin/smart-technologies-ca2/data_track2/IMG/center_2026_08_30_02_27_01_912.jpg,/Users/martin/smart-technologies-ca2/data_track2/IMG/left_2026_08_30_02_27_01_912.jpg,/Users/martin/smart-technologies-ca2/data_track2/IMG/right_2026_08_30_02_27_01_912.jpg,-0.15,1,0,30.1841
/Users/martin/smart-technologies-ca2/data_track2/IMG/center_2026_08_30_02_27_01_981.jpg,/Users/martin/smart-technologies-ca2/data_track2/IMG/left_2026_08_30_02_27_01_981.jpg,/Users/martin/smart-technologies-ca2/data_track2/IMG/right_2026_08_30_02_27_01_981.jpg,-0.3,1,0,30.16914
/Users/martin/smart-technologies-ca2/data_track2/IMG/center_2026_08_30_02_27_02_048.jpg,/Users/martin/smart-technologies-ca2/data_track2/IMG/left_2026_08_30_02_27_02_048.jpg,/Users/martin/smart-technologies-ca2/data_track2/IMG/right_2026_08_30_02_27_02_048.jpg,0,1,0,30.18869
/Users/martin/smart-technologies-ca2/data_track2/IMG/center_2026_08_30_02_27_02_116.jpg,/Users/martin/smart-technologies-ca2/data_track2/IMG/left_2026_08_30_02_27_02_116.jpg,/Users/martin/smart-technologies-ca2/data_track2/IMG/right_2026_08_30_02_27_02_116.jpg,0,1,0,30.18907
/Users/martin/smart-technologies-ca2/data_track2/IMG/center_2026_08_30_02_27_02_183.jpg,/Users/martin/smart-technologies-ca2/data_track2/IMG/left_2026_08_30_02_27_02_183.jpg,/Users/martin/smart-technologies-ca2/data_track2/IMG/right_2026_08_30_02_27_02_183.jpg,0,1,0,30.18998
/Users/martin/smart-technologies-ca2/data_track2/IMG/center_2026_08_30_02_27_02_252.jpg,/Users/martin/smart-technologies-ca2/data_track2/IMG/left_2026_08_30_02_27_02_252.jpg,/Users/martin/smart-technologies-ca2/data_track2/IMG/right_2026_08_30_02_27_02_252.jpg,0,1,0,30.19022
/Users/martin/smart-technologies-ca2/data_track2/IMG/center_2026_08_30_02_27_02_321.jpg,/Users/martin/smart-technologies-ca2/data_track2/IMG/left_2026_08_30_02_27_02_321.jpg,/Users/martin/smart-technologies-ca2/data_track2/IMG/right_2026_08_30_02_27_02_321.jpg,0,1,0,30.19034
/Users/martin/smart-technologies-ca2/data_track2/IMG/center_2026_08_30_02_27_02_388.jpg,/Users/martin/smart-technologies-ca2/data_track2/IMG/left_2026_08_30_02_27_02_388.jpg,/Users/martin/smart-technologies-ca2/data_track2/IMG/right_2026_08_30_02_27_02_388.jpg,0,1,0,30.19025
/Users/martin/smart-technologies-ca2/data_track2/IMG/center_2026_08_30_02_27_02_458.jpg,/Users/martin/smart-technologies-ca2/data_track2/IMG/left_2026_08_30_02_27_02_458.jpg,/Users/martin/smart-technologies-ca2/data_track2/IMG/right_2026_08_30_02_27_02_458.jpg,0,1,0,30.19036
/Users/martin/smart-technologies-ca2/data_track2/IMG/center_2026_08_30_02_27_02_527.jpg,/Users/martin/smart-technologies-ca2/data_track2/IMG/left_2026_08_30_02_27_02_527.jpg,/Users/martin/smart-technologies-ca2/data_track2/IMG/right_2026_08_30_02_27_02_527.jpg,0.2,1,0,30.17959
/Users/martin/smart-technologies-ca2/data_track2/IMG/center_2026_08_30_02_27_02_594.jpg,/Users/martin/smart-technologies-ca2/data_track2/IMG/left_2026_08_30_02_27_02_594.jpg,/Users/martin/smart-technologies-ca2/data_track2/IMG/right_2026_08_30_02_27_02_594.jpg,0.35,1,0,30.16325
/Users/martin/smart-technologies-ca2/data_track2/IMG/center_2026_08_30_02_27_02_664.jpg,/Users/martin/smart-technologies-ca2/data_track2/IMG/left_2026_08_30_02_27_02_664.jpg,/Users/martin/smart-technologies-ca2/data_track2/IMG/right_2026_08_30_02_27_02_664.jpg,0.5000001,1,0,30.14515
/Users/martin/smart-technologies-ca2/data_track2/IMG/center_2026_08_30_02_27_02_732.jpg,/Users/martin/smart-technologies-ca2/data_track2/IMG/left_2026_08_30_02_27_02_732.jpg,/Users/martin/smart-technologies-ca2/data_track2/IMG/right_2026_08_30_02_27_02_732.jpg,0,1,0,30.20995
/Users/martin/smart-technologies-ca2/data_track2/IMG/center_2026_08_30_02_27_02_800.jpg,/Users/martin/smart-technologies-ca2/data_track2/IMG/left_2026_08_30_02_27_02_800.jpg,/Users/martin/smart-technologies-ca2/data_track2/IMG/right_2026_08_30_02_27_02_800.jpg,0,1,0,30.15064
/Users/martin/smart-technologies-ca2/data_track2/IMG/center_2026_08_30_02_27_02_867.jpg,/Users/martin/smart-technologies-ca2/data_track2/IMG/left_2026_08_30_02_27_02_867.jpg,/Users/martin/smart-technologies-ca2/data_track2/IMG/right_2026_08_30_02_27_02_867.jpg,0,1,0,30.16841
/Users/martin/smart-technologies-ca2/data_track2/IMG/center_2026_08_30_02_27_02_936.jpg,/Users/martin/smart-technologies-ca2/data_track2/IMG/left_2026_08_30_02_27_02_936.jpg,/Users/martin/smart-technologies-ca2/data_track2/IMG/right_2026_08_30_02_27_02_936.jpg,0,1,0,30.19074
/Users/martin/smart-technologies-ca2/data_track2/IMG/center_2026_08_30_02_27_03_003.jpg,/Users/martin/smart-technologies-ca2/data_track2/IMG/left_2026_08_30_02_27_03_003.jpg,/Users/martin/smart-technologies-ca2/data_track2/IMG/right_2026_08_30_02_27_03_003.jpg,0,1,0,30.2953
/Users/martin/smart-technologies-ca2/data_track2/IMG/center_2026_08_30_02_27_03_072.jpg,/Users/martin/smart-technologies-ca2/data_track2/IMG/left_2026_08_30_02_27_03_072.jpg,/Users/martin/smart-technologies-ca2/data_track2/IMG/right_2026_08_30_02_27_03_072.jpg,0.15,1,0,30.2101
/Users/martin/smart-technologies-ca2/data_track2/IMG/center_2026_08_30_02_27_03_139.jpg,/Users/martin/smart-technologies-ca2/data_track2/IMG/left_2026_08_30_02_27_03_139.jpg,/Users/martin/smart-technologies-ca2/data_track2/IMG/right_2026_08_30_02_27_03_139.jpg,0.3,1,0,30.11394
/Users/martin/smart-technologies-ca2/data_track2/IMG/center_2026_08_30_02_27_03_206.jpg,/Users/martin/smart-technologies-ca2/data_track2/IMG/left_2026_08_30_02_27_03_206.jpg,/Users/martin/smart-technologies-ca2/data_track2/IMG/right_2026_08_30_02_27_03_206.jpg,0,1,0,30.16564
/Users/martin/smart-technologies-ca2/data_track2/IMG/center_2026_08_30_02_27_03_275.jpg,/Users/martin/smart-technologies-ca2/data_track2/IMG/left_2026_08_30_02_27_03_275.jpg,/Users/martin/smart-technologies-ca2/data_track2/IMG/right_2026_08_30_02_27_03_275.jpg,0,1,0,30.12339
/Users/martin/smart-technologies-ca2/data_track2/IMG/center_2026_08_30_02_27_03_344.jpg,/Users/martin/smart-technologies-ca2/data_track2/IMG/left_2026_08_30_02_27_03_344.jpg,/Users/martin/smart-technologies-ca2/data_track2/IMG/right_2026_08_30_02_27_03_344.jpg,0.15,1,0,30.12205
/Users/martin/smart-technologies-ca2/data_track2/IMG/center_2026_08_30_02_27_03_412.jpg,/Users/martin/smart-technologies-ca2/data_track2/IMG/left_2026_08_30_02_27_03_412.jpg,/Users/martin/smart-technologies-ca2/data_track2/IMG/right_2026_08_30_02_27_03_412.jpg,0.35,1,0,30.23879
/Users/martin/smart-technologies-ca2/data_track2/IMG/center_2026_08_30_02_27_03_482.jpg,/Users/martin/smart-technologies-ca2/data_track2/IMG/left_2026_08_30_02_27_03_482.jpg,/Users/martin/smart-technologies-ca2/data_track2/IMG/right_2026_08_30_02_27_03_482.jpg,0.5000001,1,0,29.94761
/Users/martin/smart-technologies-ca2/data_track2/IMG/center_2026_08_30_02_27_03_550.jpg,/Users/martin/smart-technologies-ca2/data_track2/IMG/left_2026_08_30_02_27_03_550.jpg,/Users/martin/smart-technologies-ca2/data_track2/IMG/right_2026_08_30_02_27_03_550.jpg,0,1,0,30.18626
/Users/martin/smart-technologies-ca2/data_track2/IMG/center_2026_08_30_02_27_03_618.jpg,/Users/martin/smart-technologies-ca2/data_track2/IMG/left_2026_08_30_02_27_03_618.jpg,/Users/martin/smart-technologies-ca2/data_track2/IMG/right_2026_08_30_02_27_03_618.jpg,0.05,1,0,29.74452
/Users/martin/smart-technologies-ca2/data_track2/IMG/center_2026_08_30_02_27_03_688.jpg,/Users/martin/smart-technologies-ca2/data_track2/IMG/left_2026_08_30_02_27_03_688.jpg,/Users/martin/smart-technologies-ca2/data_track2/IMG/right_2026_08_30_02_27_03_688.jpg,0.25,1,0,30.10394
/Users/martin/smart-technologies-ca2/data_track2/IMG/center_2026_08_30_02_27_03_754.jpg,/Users/martin/smart-technologies-ca2/data_track2/IMG/left_2026_08_30_02_27_03_754.jpg,/Users/martin/smart-technologies-ca2/data_track2/IMG/right_2026_08_30_02_27_03_754.jpg,0.4,1,0,29.9369
/Users/martin/smart-technologies-ca2/data_track2/IMG/center_2026_08_30_02_27_03_822.jpg,/Users/martin/smart-technologies-ca2/data_track2/IMG/left_2026_08_30_02_27_03_822.jpg,/Users/martin/smart-technologies-ca2/data_track2/IMG/right_2026_08_30_02_27_03_822.jpg,0,1,0,29.89296
/Users/martin/smart-technologies-ca2/data_track2/IMG/center_2026_08_30_02_27_03_889.jpg,/Users/martin/smart-technologies-ca2/data_track2/IMG/left_2026_08_30_02_27_03_889.jpg,/Users/martin/smart-technologies-ca2/data_track2/IMG/right_2026_08_30_02_27_03_889.jpg,0.05,1,0,30.11178
/Users/martin/smart-technologies-ca2/data_track2/IMG/center_2026_08_30_02_27_03_957.jpg,/Users/martin/smart-technologies-ca2/data_track2/IMG/left_2026_08_30_02_27_03_957.jpg,/Users/martin/smart-technologies-ca2/data_track2/IMG/right_2026_08_30_02_27_03_957.jpg,0.2,1,0,30.23957
/Users/martin/smart-technologies-ca2/data_track2/IMG/center_2026_08_30_02_27_04_027.jpg,/Users/martin/smart-technologies-ca2/data_track2/IMG/left_2026_08_30_02_27_04_027.jpg,/Users/martin/smart-technologies-ca2/data_track2/IMG/right_2026_08_30_02_27_04_027.jpg,0.4,1,0,30.02543
/Users/martin/smart-technologies-ca2/data_track2/IMG/center_2026_08_30_02_27_04_098.jpg,/Users/martin/smart-technologies-ca2/data_track2/IMG/left_2026_08_30_02_27_04_098.jpg,/Users/martin/smart-technologies-ca2/data_track2/IMG/right_2026_08_30_02_27_04_098.jpg,0.5500001,1,0,30.07135
/Users/martin/smart-technologies-ca2/data_track2/IMG/center_2026_08_30_02_27_04_168.jpg,/Users/martin/smart-technologies-ca2/data_track2/IMG/left_2026_08_30_02_27_04_168.jpg,/Users/martin/smart-technologies-ca2/data_track2/IMG/right_2026_08_30_02_27_04_168.jpg,0,1,0,30.06929
/Users/martin/smart-technologies-ca2/data_track2/IMG/center_2026_08_30_02_27_04_235.jpg,/Users/martin/smart-technologies-ca2/data_track2/IMG/left_2026_08_30_02_27_04_235.jpg,/Users/martin/smart-technologies-ca2/data_track2/IMG/right_2026_08_30_02_27_04_235.jpg,0.1,1,0,30.08415
/Users/martin/smart-technologies-ca2/data_track2/IMG/center_2026_08_30_02_27_04_306.jpg,/Users/martin/smart-technologies-ca2/data_track2/IMG/left_2026_08_30_02_27_04_306.jpg,/Users/martin/smart-technologies-ca2/data_track2/IMG/right_2026_08_30_02_27_04_306.jpg,0.3,1,0,30.0698
/Users/martin/smart-technologies-ca2/data_track2/IMG/center_2026_08_30_02_27_04_373.jpg,/Users/martin/smart-technologies-ca2/data_track2/IMG/left_2026_08_30_02_27_04_373.jpg,/Users/martin/smart-technologies-ca2/data_track2/IMG/right_2026_08_30_02_27_04_373.jpg,0.45,1,0,30.07615
/Users/martin/smart-technologies-ca2/data_track2/IMG/center_2026_08_30_02_27_04_440.jpg,/Users/martin/smart-technologies-ca2/data_track2/IMG/left_2026_08_30_02_27_04_440.jpg,/Users/martin/smart-technologies-ca2/data_track2/IMG/right_2026_08_30_02_27_04_440.jpg,0.6000001,1,0,30.07339
/Users/martin/smart-technologies-ca2/data_track2/IMG/center_2026_08_30_02_27_04_509.jpg,/Users/martin/smart-technologies-ca2/data_track2/IMG/left_2026_08_30_02_27_04_509.jpg,/Users/martin/smart-technologies-ca2/data_track2/IMG/right_2026_08_30_02_27_04_509.jpg,0.8000001,1,0,30.03941
/Users/martin/smart-technologies-ca2/data_track2/IMG/center_2026_08_30_02_27_04_575.jpg,/Users/martin/smart-technologies-ca2/data_track2/IMG/left_2026_08_30_02_27_04_575.jpg,/Users/martin/smart-technologies-ca2/data_track2/IMG/right_2026_08_30_02_27_04_575.jpg,0.9500002,1,0,30.05137
/Users/martin/smart-technologies-ca2/data_track2/IMG/center_2026_08_30_02_27_04_642.jpg,/Users/martin/smart-technologies-ca2/data_track2/IMG/left_2026_08_30_02_27_04_642.jpg,/Users/martin/smart-technologies-ca2/data_track2/IMG/right_2026_08_30_02_27_04_642.jpg,1,1,0,29.98205
/Users/martin/smart-technologies-ca2/data_track2/IMG/center_2026_08_30_02_27_04_715.jpg,/Users/martin/smart-technologies-ca2/data_track2/IMG/left_2026_08_30_02_27_04_715.jpg,/Users/martin/smart-technologies-ca2/data_track2/IMG/right_2026_08_30_02_27_04_715.jpg,0,1,0,30.13726
/Users/martin/smart-technologies-ca2/data_track2/IMG/center_2026_08_30_02_27_04_782.jpg,/Users/martin/smart-technologies-ca2/data_track2/IMG/left_2026_08_30_02_27_04_782.jpg,/Users/martin/smart-technologies-ca2/data_track2/IMG/right_2026_08_30_02_27_04_782.jpg,0.1,1,0,30.04114
/Users/martin/smart-technologies-ca2/data_track2/IMG/center_2026_08_30_02_27_04_852.jpg,/Users/martin/smart-technologies-ca2/data_track2/IMG/left_2026_08_30_02_27_04_852.jpg,/Users/martin/smart-technologies-ca2/data_track2/IMG/right_2026_08_30_02_27_04_852.jpg,0,1,0,30.05073
/Users/martin/smart-technologies-ca2/data_track2/IMG/center_2026_08_30_02_27_04_919.jpg,/Users/martin/smart-technologies-ca2/data_track2/IMG/left_2026_08_30_02_27_04_919.jpg,/Users/martin/smart-technologies-ca2/data_track2/IMG/right_2026_08_30_02_27_04_919.jpg,0.05,1,0,30.16198
/Users/martin/smart-technologies-ca2/data_track2/IMG/center_2026_08_30_02_27_04_989.jpg,/Users/martin/smart-technologies-ca2/data_track2/IMG/left_2026_08_30_02_27_04_989.jpg,/Users/martin/smart-technologies-ca2/data_track2/IMG/right_2026_08_30_02_27_04_989.jpg,0.25,1,0,30.11569
/Users/martin/smart-technologies-ca2/data_track2/IMG/center_2026_08_30_02_27_05_061.jpg,/Users/martin/smart-technologies-ca2/data_track2/IMG/left_2026_08_30_02_27_05_061.jpg,/Users/martin/smart-technologies-ca2/data_track2/IMG/right_2026_08_30_02_27_05_061.jpg,0.4,1,0,30.12714
/Users/martin/smart-technologies-ca2/data_track2/IMG/center_2026_08_30_02_27_05_129.jpg,/Users/martin/smart-technologies-ca2/data_track2/IMG/left_2026_08_30_02_27_05_129.jpg,/Users/martin/smart-technologies-ca2/data_track2/IMG/right_2026_08_30_02_27_05_129.jpg,0.6000001,1,0,30.0901
/Users/martin/smart-technologies-ca2/data_track2/IMG/center_2026_08_30_02_27_05_198.jpg,/Users/martin/smart-technologies-ca2/data_track2/IMG/left_2026_08_30_02_27_05_198.jpg,/Users/martin/smart-technologies-ca2/data_track2/IMG/right_2026_08_30_02_27_05_198.jpg,0.7500002,1,0,30.18938
/Users/martin/smart-technologies-ca2/data_track2/IMG/center_2026_08_30_02_27_05_267.jpg,/Users/martin/smart-technologies-ca2/data_track2/IMG/left_2026_08_30_02_27_05_267.jpg,/Users/martin/smart-technologies-ca2/data_track2/IMG/right_2026_08_30_02_27_05_267.jpg,0,1,0,30.10116
/Users/martin/smart-technologies-ca2/data_track2/IMG/center_2026_08_30_02_27_05_335.jpg,/Users/martin/smart-technologies-ca2/data_track2/IMG/left_2026_08_30_02_27_05_335.jpg,/Users/martin/smart-technologies-ca2/data_track2/IMG/right_2026_08_30_02_27_05_335.jpg,0.1,1,0,30.1431
/Users/martin/smart-technologies-ca2/data_track2/IMG/center_2026_08_30_02_27_05_404.jpg,/Users/martin/smart-technologies-ca2/data_track2/IMG/left_2026_08_30_02_27_05_404.jpg,/Users/martin/smart-technologies-ca2/data_track2/IMG/right_2026_08_30_02_27_05_404.jpg,0.25,1,0,30.05496
/Users/martin/smart-technologies-ca2/data_track2/IMG/center_2026_08_30_02_27_05_474.jpg,/Users/martin/smart-technologies-ca2/data_track2/IMG/left_2026_08_30_02_27_05_474.jpg,/Users/martin/smart-technologies-ca2/data_track2/IMG/right_2026_08_30_02_27_05_474.jpg,0.45,1,0,30.12662
/Users/martin/smart-technologies-ca2/data_track2/IMG/center_2026_08_30_02_27_05_544.jpg,/Users/martin/smart-technologies-ca2/data_track2/IMG/left_2026_08_30_02_27_05_544.jpg,/Users/martin/smart-technologies-ca2/data_track2/IMG/right_2026_08_30_02_27_05_544.jpg,0.6000001,1,0,30.06821
/Users/martin/smart-technologies-ca2/data_track2/IMG/center_2026_08_30_02_27_05_615.jpg,/Users/martin/smart-technologies-ca2/data_track2/IMG/left_2026_08_30_02_27_05_615.jpg,/Users/martin/smart-technologies-ca2/data_track2/IMG/right_2026_08_30_02_27_05_615.jpg,0.8000001,1,0,30.16897
/Users/martin/smart-technologies-ca2/data_track2/IMG/center_2026_08_30_02_27_05_684.jpg,/Users/martin/smart-technologies-ca2/data_track2/IMG/left_2026_08_30_02_27_05_684.jpg,/Users/martin/smart-technologies-ca2/data_track2/IMG/right_2026_08_30_02_27_05_684.jpg,0,1,0,29.91455
/Users/martin/smart-technologies-ca2/data_track2/IMG/center_2026_08_30_02_27_05_755.jpg,/Users/martin/smart-technologies-ca2/data_track2/IMG/left_2026_08_30_02_27_05_755.jpg,/Users/martin/smart-technologies-ca2/data_track2/IMG/right_2026_08_30_02_27_05_755.jpg,0.1,1,0,30.07473
/Users/martin/smart-technologies-ca2/data_track2/IMG/center_2026_08_30_02_27_05_826.jpg,/Users/martin/smart-technologies-ca2/data_track2/IMG/left_2026_08_30_02_27_05_826.jpg,/Users/martin/smart-technologies-ca2/data_track2/IMG/right_2026_08_30_02_27_05_826.jpg,0.3,1,0,29.89857
/Users/martin/smart-technologies-ca2/data_track2/IMG/center_2026_08_30_02_27_05_897.jpg,/Users/martin/smart-technologies-ca2/data_track2/IMG/left_2026_08_30_02_27_05_897.jpg,/Users/martin/smart-technologies-ca2/data_track2/IMG/right_2026_08_30_02_27_05_897.jpg,0.45,1,0,30.09571
/Users/martin/smart-technologies-ca2/data_track2/IMG/center_2026_08_30_02_27_05_967.jpg,/Users/martin/smart-technologies-ca2/data_track2/IMG/left_2026_08_30_02_27_05_967.jpg,/Users/martin/smart-technologies-ca2/data_track2/IMG/right_2026_08_30_02_27_05_967.jpg,0,1,0,30.06289
/Users/martin/smart-technologies-ca2/data_track2/IMG/center_2026_08_30_02_27_06_035.jpg,/Users/martin/smart-technologies-ca2/data_track2/IMG/left_2026_08_30_02_27_06_035.jpg,/Users/martin/smart-technologies-ca2/data_track2/IMG/right_2026_08_30_02_27_06_035.jpg,0,1,0,30.10287
/Users/martin/smart-technologies-ca2/data_track2/IMG/center_2026_08_30_02_27_06_104.jpg,/Users/martin/smart-technologies-ca2/data_track2/IMG/left_2026_08_30_02_27_06_104.jpg,/Users/martin/smart-technologies-ca2/data_track2/IMG/right_2026_08_30_02_27_06_104.jpg,0.1,1,0,30.0887
/Users/martin/smart-technologies-ca2/data_track2/IMG/center_2026_08_30_02_27_06_173.jpg,/Users/martin/smart-technologies-ca2/data_track2/IMG/left_2026_08_30_02_27_06_173.jpg,/Users/martin/smart-technologies-ca2/data_track2/IMG/right_2026_08_30_02_27_06_173.jpg,0.3,1,0,30.08812
/Users/martin/smart-technologies-ca2/data_track2/IMG/center_2026_08_30_02_27_06_241.jpg,/Users/martin/smart-technologies-ca2/data_track2/IMG/left_2026_08_30_02_27_06_241.jpg,/Users/martin/smart-technologies-ca2/data_track2/IMG/right_2026_08_30_02_27_06_241.jpg,0.45,1,0,29.97536
/Users/martin/smart-technologies-ca2/data_track2/IMG/center_2026_08_30_02_27_06_309.jpg,/Users/martin/smart-technologies-ca2/data_track2/IMG/left_2026_08_30_02_27_06_309.jpg,/Users/martin/smart-technologies-ca2/data_track2/IMG/right_2026_08_30_02_27_06_309.jpg,0.6500001,1,0,30.02437
/Users/martin/smart-technologies-ca2/data_track2/IMG/center_2026_08_30_02_27_06_382.jpg,/Users/martin/smart-technologies-ca2/data_track2/IMG/left_2026_08_30_02_27_06_382.jpg,/Users/martin/smart-technologies-ca2/data_track2/IMG/right_2026_08_30_02_27_06_382.jpg,0.8000001,1,0,30.04216
/Users/martin/smart-technologies-ca2/data_track2/IMG/center_2026_08_30_02_27_06_451.jpg,/Users/martin/smart-technologies-ca2/data_track2/IMG/left_2026_08_30_02_27_06_451.jpg,/Users/martin/smart-technologies-ca2/data_track2/IMG/right_2026_08_30_02_27_06_451.jpg,1,1,0,29.91453
/Users/martin/smart-technologies-ca2/data_track2/IMG/center_2026_08_30_02_27_06_522.jpg,/Users/martin/smart-technologies-ca2/data_track2/IMG/left_2026_08_30_02_27_06_522.jpg,/Users/martin/smart-technologies-ca2/data_track2/IMG/right_2026_08_30_02_27_06_522.jpg,0,1,0,30.01201
/Users/martin/smart-technologies-ca2/data_track2/IMG/center_2026_08_30_02_27_06_591.jpg,/Users/martin/smart-technologies-ca2/data_track2/IMG/left_2026_08_30_02_27_06_591.jpg,/Users/martin/smart-technologies-ca2/data_track2/IMG/right_2026_08_30_02_27_06_591.jpg,0,1,0,30.12837
/Users/martin/smart-technologies-ca2/data_track2/IMG/center_2026_08_30_02_27_06_660.jpg,/Users/martin/smart-technologies-ca2/data_track2/IMG/left_2026_08_30_02_27_06_660.jpg,/Users/martin/smart-technologies-ca2/data_track2/IMG/right_2026_08_30_02_27_06_660.jpg,0.1,1,0,30.10643
/Users/martin/smart-technologies-ca2/data_track2/IMG/center_2026_08_30_02_27_06_732.jpg,/Users/martin/smart-technologies-ca2/data_track2/IMG/left_2026_08_30_02_27_06_732.jpg,/Users/martin/smart-technologies-ca2/data_track2/IMG/right_2026_08_30_02_27_06_732.jpg,0.3,1,0,30.01714
/Users/martin/smart-technologies-ca2/data_track2/IMG/center_2026_08_30_02_27_06_804.jpg,/Users/martin/smart-technologies-ca2/data_track2/IMG/left_2026_08_30_02_27_06_804.jpg,/Users/martin/smart-technologies-ca2/data_track2/IMG/right_2026_08_30_02_27_06_804.jpg,0.45,1,0,30.13065
/Users/martin/smart-technologies-ca2/data_track2/IMG/center_2026_08_30_02_27_06_871.jpg,/Users/martin/smart-technologies-ca2/data_track2/IMG/left_2026_08_30_02_27_06_871.jpg,/Users/martin/smart-technologies-ca2/data_track2/IMG/right_2026_08_30_02_27_06_871.jpg,0,1,0,30.11694
/Users/martin/smart-technologies-ca2/data_track2/IMG/center_2026_08_30_02_27_06_942.jpg,/Users/martin/smart-technologies-ca2/data_track2/IMG/left_2026_08_30_02_27_06_942.jpg,/Users/martin/smart-technologies-ca2/data_track2/IMG/right_2026_08_30_02_27_06_942.jpg,0,1,0,30.07904
/Users/martin/smart-technologies-ca2/data_track2/IMG/center_2026_08_30_02_27_07_016.jpg,/Users/martin/smart-technologies-ca2/data_track2/IMG/left_2026_08_30_02_27_07_016.jpg,/Users/martin/smart-technologies-ca2/data_track2/IMG/right_2026_08_30_02_27_07_016.jpg,0,1,0,30.02512
/Users/martin/smart-technologies-ca2/data_track2/IMG/center_2026_08_30_02_27_07_087.jpg,/Users/martin/smart-technologies-ca2/data_track2/IMG/left_2026_08_30_02_27_07_087.jpg,/Users/martin/smart-technologies-ca2/data_track2/IMG/right_2026_08_30_02_27_07_087.jpg,0.2,1,0,30.09452
/Users/martin/smart-technologies-ca2/data_track2/IMG/center_2026_08_30_02_27_07_154.jpg,/Users/martin/smart-technologies-ca2/data_track2/IMG/left_2026_08_30_02_27_07_154.jpg,/Users/martin/smart-technologies-ca2/data_track2/IMG/right_2026_08_30_02_27_07_154.jpg,0.35,1,0,30.11443
/Users/martin/smart-technologies-ca2/data_track2/IMG/center_2026_08_30_02_27_07_221.jpg,/Users/martin/smart-technologies-ca2/data_track2/IMG/left_2026_08_30_02_27_07_221.jpg,/Users/martin/smart-technologies-ca2/data_track2/IMG/right_2026_08_30_02_27_07_221.jpg,0.5000001,1,0,30.13461
/Users/martin/smart-technologies-ca2/data_track2/IMG/center_2026_08_30_02_27_07_288.jpg,/Users/martin/smart-technologies-ca2/data_track2/IMG/left_2026_08_30_02_27_07_288.jpg,/Users/martin/smart-technologies-ca2/data_track2/IMG/right_2026_08_30_02_27_07_288.jpg,0,1,0,30.22253
/Users/martin/smart-technologies-ca2/data_track2/IMG/center_2026_08_30_02_27_07_359.jpg,/Users/martin/smart-technologies-ca2/data_track2/IMG/left_2026_08_30_02_27_07_359.jpg,/Users/martin/smart-technologies-ca2/data_track2/IMG/right_2026_08_30_02_27_07_359.jpg,0,1,0,30.01933
/Users/martin/smart-technologies-ca2/data_track2/IMG/center_2026_08_30_02_27_07_432.jpg,/Users/martin/smart-technologies-ca2/data_track2/IMG/left_2026_08_30_02_27_07_432.jpg,/Users/martin/smart-technologies-ca2/data_track2/IMG/right_2026_08_30_02_27_07_432.jpg,0.1,1,0,30.45282
/Users/martin/smart-technologies-ca2/data_track2/IMG/center_2026_08_30_02_27_07_498.jpg,/Users/martin/smart-technologies-ca2/data_track2/IMG/left_2026_08_30_02_27_07_498.jpg,/Users/martin/smart-technologies-ca2/data_track2/IMG/right_2026_08_30_02_27_07_498.jpg,0.25,1,0,30.15559
/Users/martin/smart-technologies-ca2/data_track2/IMG/center_2026_08_30_02_27_07_565.jpg,/Users/martin/smart-technologies-ca2/data_track2/IMG/left_2026_08_30_02_27_07_565.jpg,/Users/martin/smart-technologies-ca2/data_track2/IMG/right_2026_08_30_02_27_07_565.jpg,0.45,1,0,30.05111
/Users/martin/smart-technologies-ca2/data_track2/IMG/center_2026_08_30_02_27_07_634.jpg,/Users/martin/smart-technologies-ca2/data_track2/IMG/left_2026_08_30_02_27_07_634.jpg,/Users/martin/smart-technologies-ca2/data_track2/IMG/right_2026_08_30_02_27_07_634.jpg,0.6000001,0.839752,0,30.13138
/Users/martin/smart-technologies-ca2/data_track2/IMG/center_2026_08_30_02_27_07_703.jpg,/Users/martin/smart-technologies-ca2/data_track2/IMG/left_2026_08_30_02_27_07_703.jpg,/Users/martin/smart-technologies-ca2/data_track2/IMG/right_2026_08_30_02_27_07_703.jpg,0.7500002,0.6627913,0,30.12199
/Users/martin/smart-technologies-ca2/data_track2/IMG/center_2026_08_30_02_27_07_774.jpg,/Users/martin/smart-technologies-ca2/data_track2/IMG/left_2026_08_30_02_27_07_774.jpg,/Users/martin/smart-technologies-ca2/data_track2/IMG/right_2026_08_30_02_27_07_774.jpg,0,0.8665419,0,30.1342
/Users/martin/smart-technologies-ca2/data_track2/IMG/center_2026_08_30_02_27_07_843.jpg,/Users/martin/smart-technologies-ca2/data_track2/IMG/left_2026_08_30_02_27_07_843.jpg,/Users/martin/smart-technologies-ca2/data_track2/IMG/right_2026_08_30_02_27_07_843.jpg,0,1,0,30.18598
/Users/martin/smart-technologies-ca2/data_track2/IMG/center_2026_08_30_02_27_07_912.jpg,/Users/martin/smart-technologies-ca2/data_track2/IMG/left_2026_08_30_02_27_07_912.jpg,/Users/martin/smart-technologies-ca2/data_track2/IMG/right_2026_08_30_02_27_07_912.jpg,0,1,0,30.18943
/Users/martin/smart-technologies-ca2/data_track2/IMG/center_2026_08_30_02_27_07_979.jpg,/Users/martin/smart-technologies-ca2/data_track2/IMG/left_2026_08_30_02_27_07_979.jpg,/Users/martin/smart-technologies-ca2/data_track2/IMG/right_2026_08_30_02_27_07_979.jpg,0,1,0,30.19015
/Users/martin/smart-technologies-ca2/data_track2/IMG/center_2026_08_30_02_27_08_046.jpg,/Users/martin/smart-technologies-ca2/data_track2/IMG/left_2026_08_30_02_27_08_046.jpg,/Users/martin/smart-technologies-ca2/data_track2/IMG/right_2026_08_30_02_27_08_046.jpg,0,1,0,30.19019
/Users/martin/smart-technologies-ca2/data_track2/IMG/center_2026_08_30_02_27_08_115.jpg,/Users/martin/smart-technologies-ca2/data_track2/IMG/left_2026_08_30_02_27_08_115.jpg,/Users/martin/smart-technologies-ca2/data_track2/IMG/right_2026_08_30_02_27_08_115.jpg,0.05,1,0,30.18995
/Users/martin/smart-technologies-ca2/data_track2/IMG/center_2026_08_30_02_27_08_184.jpg,/Users/martin/smart-technologies-ca2/data_track2/IMG/left_2026_08_30_02_27_08_184.jpg,/Users/martin/smart-technologies-ca2/data_track2/IMG/right_2026_08_30_02_27_08_184.jpg,0.2,1,0,30.18089
/Users/martin/smart-technologies-ca2/data_track2/IMG/center_2026_08_30_02_27_08_252.jpg,/Users/martin/smart-technologies-ca2/data_track2/IMG/left_2026_08_30_02_27_08_252.jpg,/Users/martin/smart-technologies-ca2/data_track2/IMG/right_2026_08_30_02_27_08_252.jpg,0.4,0.7546691,0,30.10954
/Users/martin/smart-technologies-ca2/data_track2/IMG/center_2026_08_30_02_27_08_320.jpg,/Users/martin/smart-technologies-ca2/data_track2/IMG/left_2026_08_30_02_27_08_320.jpg,/Users/martin/smart-technologies-ca2/data_track2/IMG/right_2026_08_30_02_27_08_320.jpg,0.5500001,0.5767299,0,30.04275
/Users/martin/smart-technologies-ca2/data_track2/IMG/center_2026_08_30_02_27_08_387.jpg,/Users/martin/smart-technologies-ca2/data_track2/IMG/left_2026_08_30_02_27_08_387.jpg,/Users/martin/smart-technologies-ca2/data_track2/IMG/right_2026_08_30_02_27_08_387.jpg,0.7500002,0.6847239,0,30.02104
/Users/martin/smart-technologies-ca2/data_track2/IMG/center_2026_08_30_02_27_08_456.jpg,/Users/martin/smart-technologies-ca2/data_track2/IMG/left_2026_08_30_02_27_08_456.jpg,/Users/martin/smart-technologies-ca2/data_track2/IMG/right_2026_08_30_02_27_08_456.jpg,0.9000002,0.8677238,0,30.05206
/Users/martin/smart-technologies-ca2/data_track2/IMG/center_2026_08_30_02_27_08_527.jpg,/Users/martin/smart-technologies-ca2/data_track2/IMG/left_2026_08_30_02_27_08_527.jpg,/Users/martin/smart-technologies-ca2/data_track2/IMG/right_2026_08_30_02_27_08_527.jpg,1,0.9379033,0,30.09875
/Users/martin/smart-technologies-ca2/data_track2/IMG/center_2026_08_30_02_27_08_596.jpg,/Users/martin/smart-technologies-ca2/data_track2/IMG/left_2026_08_30_02_27_08_596.jpg,/Users/martin/smart-technologies-ca2/data_track2/IMG/right_2026_08_30_02_27_08_596.jpg,1,0.7630032,0,30.0652
/Users/martin/smart-technologies-ca2/data_track2/IMG/center_2026_08_30_02_27_08_666.jpg,/Users/martin/smart-technologies-ca2/data_track2/IMG/left_2026_08_30_02_27_08_666.jpg,/Users/martin/smart-technologies-ca2/data_track2/IMG/right_2026_08_30_02_27_08_666.jpg,1,0.5199461,0,30.02375
/Users/martin/smart-technologies-ca2/data_track2/IMG/center_2026_08_30_02_27_08_735.jpg,/Users/martin/smart-technologies-ca2/data_track2/IMG/left_2026_08_30_02_27_08_735.jpg,/Users/martin/smart-technologies-ca2/data_track2/IMG/right_2026_08_30_02_27_08_735.jpg,1,0.698392,0,30.05543
/Users/martin/smart-technologies-ca2/data_track2/IMG/center_2026_08_30_02_27_08_804.jpg,/Users/martin/smart-technologies-ca2/data_track2/IMG/left_2026_08_30_02_27_08_804.jpg,/Users/martin/smart-technologies-ca2/data_track2/IMG/right_2026_08_30_02_27_08_804.jpg,0,0.883516,0,30.1321
/Users/martin/smart-technologies-ca2/data_track2/IMG/center_2026_08_30_02_27_08_870.jpg,/Users/martin/smart-technologies-ca2/data_track2/IMG/left_2026_08_30_02_27_08_870.jpg,/Users/martin/smart-technologies-ca2/data_track2/IMG/right_2026_08_30_02_27_08_870.jpg,0,1,0,30.17798
/Users/martin/smart-technologies-ca2/data_track2/IMG/center_2026_08_30_02_27_08_938.jpg,/Users/martin/smart-technologies-ca2/data_track2/IMG/left_2026_08_30_02_27_08_938.jpg,/Users/martin/smart-technologies-ca2/data_track2/IMG/right_2026_08_30_02_27_08_938.jpg,-0.15,1,0,30.16281
/Users/martin/smart-technologies-ca2/data_track2/IMG/center_2026_08_30_02_27_09_008.jpg,/Users/martin/smart-technologies-ca2/data_track2/IMG/left_2026_08_30_02_27_09_008.jpg,/Users/martin/smart-technologies-ca2/data_track2/IMG/right_2026_08_30_02_27_09_008.jpg,-0.35,1,0,30.14473
/Users/martin/smart-technologies-ca2/data_track2/IMG/center_2026_08_30_02_27_09_077.jpg,/Users/martin/smart-technologies-ca2/data_track2/IMG/left_2026_08_30_02_27_09_077.jpg,/Users/martin/smart-technologies-ca2/data_track2/IMG/right_2026_08_30_02_27_09_077.jpg,-0.5000001,1,0,30.13154
/Users/martin/smart-technologies-ca2/data_track2/IMG/center_2026_08_30_02_27_09_144.jpg,/Users/martin/smart-technologies-ca2/data_track2/IMG/left_2026_08_30_02_27_09_144.jpg,/Users/martin/smart-technologies-ca2/data_track2/IMG/right_2026_08_30_02_27_09_144.jpg,-0.6500001,1,0,30.11826
/Users/martin/smart-technologies-ca2/data_track2/IMG/center_2026_08_30_02_27_09_212.jpg,/Users/martin/smart-technologies-ca2/data_track2/IMG/left_2026_08_30_02_27_09_212.jpg,/Users/martin/smart-technologies-ca2/data_track2/IMG/right_2026_08_30_02_27_09_212.jpg,0,1,0,30.18481
/Users/martin/smart-technologies-ca2/data_track2/IMG/center_2026_08_30_02_27_09_282.jpg,/Users/martin/smart-technologies-ca2/data_track2/IMG/left_2026_08_30_02_27_09_282.jpg,/Users/martin/smart-technologies-ca2/data_track2/IMG/right_2026_08_30_02_27_09_282.jpg,0,0.879739,0,30.17037
/Users/martin/smart-technologies-ca2/data_track2/IMG/center_2026_08_30_02_27_09_349.jpg,/Users/martin/smart-technologies-ca2/data_track2/IMG/left_2026_08_30_02_27_09_349.jpg,/Users/martin/smart-technologies-ca2/data_track2/IMG/right_2026_08_30_02_27_09_349.jpg,-0.05,0.6433091,0,30.1104
/Users/martin/smart-technologies-ca2/data_track2/IMG/center_2026_08_30_02_27_09_418.jpg,/Users/martin/smart-technologies-ca2/data_track2/IMG/left_2026_08_30_02_27_09_418.jpg,/Users/martin/smart-technologies-ca2/data_track2/IMG/right_2026_08_30_02_27_09_418.jpg,-0.2,0.4614521,0,30.05792
/Users/martin/smart-technologies-ca2/data_track2/IMG/center_2026_08_30_02_27_09_487.jpg,/Users/martin/smart-technologies-ca2/data_track2/IMG/left_2026_08_30_02_27_09_487.jpg,/Users/martin/smart-technologies-ca2/data_track2/IMG/right_2026_08_30_02_27_09_487.jpg,-0.4,0.2208401,0,29.97349
/Users/martin/smart-technologies-ca2/data_track2/IMG/center_2026_08_30_02_27_09_554.jpg,/Users/martin/smart-technologies-ca2/data_track2/IMG/left_2026_08_30_02_27_09_554.jpg,/Users/martin/smart-technologies-ca2/data_track2/IMG/right_2026_08_30_02_27_09_554.jpg,-0.5500001,0.03700614,0,29.77757
/Users/martin/smart-technologies-ca2/data_track2/IMG/center_2026_08_30_02_27_09_621.jpg,/Users/martin/smart-technologies-ca2/data_track2/IMG/left_2026_08_30_02_27_09_621.jpg,/Users/martin/smart-technologies-ca2/data_track2/IMG/right_2026_08_30_02_27_09_621.jpg,-0.7,0,0,29.42804
/Users/martin/smart-technologies-ca2/data_track2/IMG/center_2026_08_30_02_27_09_688.jpg,/Users/martin/smart-technologies-ca2/data_track2/IMG/left_2026_08_30_02_27_09_688.jpg,/Users/martin/smart-technologies-ca2/data_track2/IMG/right_2026_08_30_02_27_09_688.jpg,-0.9000002,0,0,28.8835
/Users/martin/smart-technologies-ca2/data_track2/IMG/center_2026_08_30_02_27_09_757.jpg,/Users/martin/smart-technologies-ca2/data_track2/IMG/left_2026_08_30_02_27_09_757.jpg,/Users/martin/smart-technologies-ca2/data_track2/IMG/right_2026_08_30_02_27_09_757.jpg,-1,0,0,28.43622
/Users/martin/smart-technologies-ca2/data_track2/IMG/center_2026_08_30_02_27_09_826.jpg,/Users/martin/smart-technologies-ca2/data_track2/IMG/left_2026_08_30_02_27_09_826.jpg,/Users/martin/smart-technologies-ca2/data_track2/IMG/right_2026_08_30_02_27_09_826.jpg,-1,0,0,27.90819
/Users/martin/smart-technologies-ca2/data_track2/IMG/center_2026_08_30_02_27_09_893.jpg,/Users/martin/smart-technologies-ca2/data_track2/IMG/left_2026_08_30_02_27_09_893.jpg,/Users/martin/smart-technologies-ca2/data_track2/IMG/right_2026_08_30_02_27_09_893.jpg,-1,0,0,27.57516
/Users/martin/smart-technologies-ca2/data_track2/IMG/center_2026_08_30_02_27_09_962.jpg,/Users/martin/smart-technologies-ca2/data_track2/IMG/left_2026_08_30_02_27_09_962.jpg,/Users/martin/smart-technologies-ca2/data_track2/IMG/right_2026_08_30_02_27_09_962.jpg,-1,0,0,27.28173
/Users/martin/smart-technologies-ca2/data_track2/IMG/center_2026_08_30_02_27_10_031.jpg,/Users/martin/smart-technologies-ca2/data_track2/IMG/left_2026_08_30_02_27_10_031.jpg,/Users/martin/smart-technologies-ca2/data_track2/IMG/right_2026_08_30_02_27_10_031.jpg,0,0,0,26.92158
/Users/martin/smart-technologies-ca2/data_track2/IMG/center_2026_08_30_02_27_10_098.jpg,/Users/martin/smart-technologies-ca2/data_track2/IMG/left_2026_08_30_02_27_10_098.jpg,/Users/martin/smart-technologies-ca2/data_track2/IMG/right_2026_08_30_02_27_10_098.jpg,0,0,0,26.71162
/Users/martin/smart-technologies-ca2/data_track2/IMG/center_2026_08_30_02_27_10_165.jpg,/Users/martin/smart-technologies-ca2/data_track2/IMG/left_2026_08_30_02_27_10_165.jpg,/Users/martin/smart-technologies-ca2/data_track2/IMG/right_2026_08_30_02_27_10_165.jpg,-0.1,0,0,26.44086
/Users/martin/smart-technologies-ca2/data_track2/IMG/center_2026_08_30_02_27_10_235.jpg,/Users/martin/smart-technologies-ca2/data_track2/IMG/left_2026_08_30_02_27_10_235.jpg,/Users/martin/smart-technologies-ca2/data_track2/IMG/right_2026_08_30_02_27_10_235.jpg,-0.25,0,0,26.26311
/Users/martin/smart-technologies-ca2/data_track2/IMG/center_2026_08_30_02_27_10_302.jpg,/Users/martin/smart-technologies-ca2/data_track2/IMG/left_2026_08_30_02_27_10_302.jpg,/Users/martin/smart-technologies-ca2/data_track2/IMG/right_2026_08_30_02_27_10_302.jpg,-0.4,0,0,26.09973
/Users/martin/smart-technologies-ca2/data_track2/IMG/center_2026_08_30_02_27_10_373.jpg,/Users/martin/smart-technologies-ca2/data_track2/IMG/left_2026_08_30_02_27_10_373.jpg,/Users/martin/smart-technologies-ca2/data_track2/IMG/right_2026_08_30_02_27_10_373.jpg,-0.6000001,0,0,25.77322
/Users/martin/smart-technologies-ca2/data_track2/IMG/center_2026_08_30_02_27_10_439.jpg,/Users/martin/smart-technologies-ca2/data_track2/IMG/left_2026_08_30_02_27_10_439.jpg,/Users/martin/smart-technologies-ca2/data_track2/IMG/right_2026_08_30_02_27_10_439.jpg,-0.7500002,0,0,25.46576
/Users/martin/smart-technologies-ca2/data_track2/IMG/center_2026_08_30_02_27_10_507.jpg,/Users/martin/smart-technologies-ca2/data_track2/IMG/left_2026_08_30_02_27_10_507.jpg,/Users/martin/smart-technologies-ca2/data_track2/IMG/right_2026_08_30_02_27_10_507.jpg,-0.9500002,0,0,24.98142
/Users/martin/smart-technologies-ca2/data_track2/IMG/center_2026_08_30_02_27_10_574.jpg,/Users/martin/smart-technologies-ca2/data_track2/IMG/left_2026_08_30_02_27_10_574.jpg,/Users/martin/smart-technologies-ca2/data_track2/IMG/right_2026_08_30_02_27_10_574.jpg,-1,0,0,24.58808
/Users/martin/smart-technologies-ca2/data_track2/IMG/center_2026_08_30_02_27_10_642.jpg,/Users/martin/smart-technologies-ca2/data_track2/IMG/left_2026_08_30_02_27_10_642.jpg,/Users/martin/smart-technologies-ca2/data_track2/IMG/right_2026_08_30_02_27_10_642.jpg,-1,0,0,24.26311
/Users/martin/smart-technologies-ca2/data_track2/IMG/center_2026_08_30_02_27_10_712.jpg,/Users/martin/smart-technologies-ca2/data_track2/IMG/left_2026_08_30_02_27_10_712.jpg,/Users/martin/smart-technologies-ca2/data_track2/IMG/right_2026_08_30_02_27_10_712.jpg,-1,0,0,23.90883
/Users/martin/smart-technologies-ca2/data_track2/IMG/center_2026_08_30_02_27_10_781.jpg,/Users/martin/smart-technologies-ca2/data_track2/IMG/left_2026_08_30_02_27_10_781.jpg,/Users/martin/smart-technologies-ca2/data_track2/IMG/right_2026_08_30_02_27_10_781.jpg,-1,0,0,23.67935
/Users/martin/smart-technologies-ca2/data_track2/IMG/center_2026_08_30_02_27_10_851.jpg,/Users/martin/smart-technologies-ca2/data_track2/IMG/left_2026_08_30_02_27_10_851.jpg,/Users/martin/smart-technologies-ca2/data_track2/IMG/right_2026_08_30_02_27_10_851.jpg,-1,0,0,23.4008
/Users/martin/smart-technologies-ca2/data_track2/IMG/center_2026_08_30_02_27_10_921.jpg,/Users/martin/smart-technologies-ca2/data_track2/IMG/left_2026_08_30_02_27_10_921.jpg,/Users/martin/smart-technologies-ca2/data_track2/IMG/right_2026_08_30_02_27_10_921.jpg,0,0,0,23.21415
/Users/martin/smart-technologies-ca2/data_track2/IMG/center_2026_08_30_02_27_10_992.jpg,/Users/martin/smart-technologies-ca2/data_track2/IMG/left_2026_08_30_02_27_10_992.jpg,/Users/martin/smart-technologies-ca2/data_track2/IMG/right_2026_08_30_02_27_10_992.jpg,-0.15,0,0,22.95711
/Users/martin/smart-technologies-ca2/data_track2/IMG/center_2026_08_30_02_27_11_065.jpg,/Users/martin/smart-technologies-ca2/data_track2/IMG/left_2026_08_30_02_27_11_065.jpg,/Users/martin/smart-technologies-ca2/data_track2/IMG/right_2026_08_30_02_27_11_065.jpg,-0.35,0,0,22.79979
/Users/martin/smart-technologies-ca2/data_track2/IMG/center_2026_08_30_02_27_11_132.jpg,/Users/martin/smart-technologies-ca2/data_track2/IMG/left_2026_08_30_02_27_11_132.jpg,/Users/martin/smart-technologies-ca2/data_track2/IMG/right_2026_08_30_02_27_11_132.jpg,-0.5000001,0,0,22.49308
/Users/martin/smart-technologies-ca2/data_track2/IMG/center_2026_08_30_02_27_11_203.jpg,/Users/martin/smart-technologies-ca2/data_track2/IMG/left_2026_08_30_02_27_11_203.jpg,/Users/martin/smart-technologies-ca2/data_track2/IMG/right_2026_08_30_02_27_11_203.jpg,-0.6500001,0,0,22.41906
/Users/martin/smart-technologies-ca2/data_track2/IMG/center_2026_08_30_02_27_11_270.jpg,/Users/martin/smart-technologies-ca2/data_track2/IMG/left_2026_08_30_02_27_11_270.jpg,/Users/martin/smart-technologies-ca2/data_track2/IMG/right_2026_08_30_02_27_11_270.jpg,-0.8500001,0,0,22.04745
/Users/martin/smart-technologies-ca2/data_track2/IMG/center_2026_08_30_02_27_11_337.jpg,/Users/martin/smart-technologies-ca2/data_track2/IMG/left_2026_08_30_02_27_11_337.jpg,/Users/martin/smart-technologies-ca2/data_track2/IMG/right_2026_08_30_02_27_11_337.jpg,-1,0,0,21.59319
/Users/martin/smart-technologies-ca2/data_track2/IMG/center_2026_08_30_02_27_11_406.jpg,/Users/martin/smart-technologies-ca2/data_track2/IMG/left_2026_08_30_02_27_11_406.jpg,/Users/martin/smart-technologies-ca2/data_track2/IMG/right_2026_08_30_02_27_11_406.jpg,-1,0,0,21.19172
/Users/martin/smart-technologies-ca2/data_track2/IMG/center_2026_08_30_02_27_11_478.jpg,/Users/martin/smart-technologies-ca2/data_track2/IMG/left_2026_08_30_02_27_11_478.jpg,/Users/martin/smart-technologies-ca2/data_track2/IMG/right_2026_08_30_02_27_11_478.jpg,0,0,0,21.1277
/Users/martin/smart-technologies-ca2/data_track2/IMG/center_2026_08_30_02_27_11_550.jpg,/Users/martin/smart-technologies-ca2/data_track2/IMG/left_2026_08_30_02_27_11_550.jpg,/Users/martin/smart-technologies-ca2/data_track2/IMG/right_2026_08_30_02_27_11_550.jpg,0,0,0,20.86752
/Users/martin/smart-technologies-ca2/data_track2/IMG/center_2026_08_30_02_27_11_617.jpg,/Users/martin/smart-technologies-ca2/data_track2/IMG/left_2026_08_30_02_27_11_617.jpg,/Users/martin/smart-technologies-ca2/data_track2/IMG/right_2026_08_30_02_27_11_617.jpg,0.05,0.1653088,0,20.57766
/Users/martin/smart-technologies-ca2/data_track2/IMG/center_2026_08_30_02_27_11_689.jpg,/Users/martin/smart-technologies-ca2/data_track2/IMG/left_2026_08_30_02_27_11_689.jpg,/Users/martin/smart-technologies-ca2/data_track2/IMG/right_2026_08_30_02_27_11_689.jpg,0.25,0.3987268,0,20.61962
/Users/martin/smart-technologies-ca2/data_track2/IMG/center_2026_08_30_02_27_11_760.jpg,/Users/martin/smart-technologies-ca2/data_track2/IMG/left_2026_08_30_02_27_11_760.jpg,/Users/martin/smart-technologies-ca2/data_track2/IMG/right_2026_08_30_02_27_11_760.jpg,0.4,0.5790389,0,20.91593
/Users/martin/smart-technologies-ca2/data_track2/IMG/center_2026_08_30_02_27_11_832.jpg,/Users/martin/smart-technologies-ca2/data_track2/IMG/left_2026_08_30_02_27_11_832.jpg,/Users/martin/smart-technologies-ca2/data_track2/IMG/right_2026_08_30_02_27_11_832.jpg,0,0.808857,0,21.35871
/Users/martin/smart-technologies-ca2/data_track2/IMG/center_2026_08_30_02_27_11_903.jpg,/Users/martin/smart-technologies-ca2/data_track2/IMG/left_2026_08_30_02_27_11_903.jpg,/Users/martin/smart-technologies-ca2/data_track2/IMG/right_2026_08_30_02_27_11_903.jpg,0,0.6294601,0,21.65947
/Users/martin/smart-technologies-ca2/data_track2/IMG/center_2026_08_30_02_27_11_973.jpg,/Users/martin/smart-technologies-ca2/data_track2/IMG/left_2026_08_30_02_27_11_973.jpg,/Users/martin/smart-technologies-ca2/data_track2/IMG/right_2026_08_30_02_27_11_973.jpg,0,0.5919746,0,22.01926
/Users/martin/smart-technologies-ca2/data_track2/IMG/center_2026_08_30_02_27_12_043.jpg,/Users/martin/smart-technologies-ca2/data_track2/IMG/left_2026_08_30_02_27_12_043.jpg,/Users/martin/smart-technologies-ca2/data_track2/IMG/right_2026_08_30_02_27_12_043.jpg,0.05,0.7862667,0,22.44715
/Users/martin/smart-technologies-ca2/data_track2/IMG/center_2026_08_30_02_27_12_111.jpg,/Users/martin/smart-technologies-ca2/data_track2/IMG/left_2026_08_30_02_27_12_111.jpg,/Users/martin/smart-technologies-ca2/data_track2/IMG/right_2026_08_30_02_27_12_111.jpg,0.25,1,0,23.09189
/Users/martin/smart-technologies-ca2/data_track2/IMG/center_2026_08_30_02_27_12_180.jpg,/Users/martin/smart-technologies-ca2/data_track2/IMG/left_2026_08_30_02_27_12_180.jpg,/Users/martin/smart-technologies-ca2/data_track2/IMG/right_2026_08_30_02_27_12_180.jpg,0.4,1,0,23.59441
/Users/martin/smart-technologies-ca2/data_track2/IMG/center_2026_08_30_02_27_12_251.jpg,/Users/martin/smart-technologies-ca2/data_track2/IMG/left_2026_08_30_02_27_12_251.jpg,/Users/martin/smart-technologies-ca2/data_track2/IMG/right_2026_08_30_02_27_12_251.jpg,0,1,0,24.36183
/Users/martin/smart-technologies-ca2/data_track2/IMG/center_2026_08_30_02_27_12_323.jpg,/Users/martin/smart-technologies-ca2/data_track2/IMG/left_2026_08_30_02_27_12_323.jpg,/Users/martin/smart-technologies-ca2/data_track2/IMG/right_2026_08_30_02_27_12_323.jpg,0,1,0,24.94148
/Users/martin/smart-technologies-ca2/data_track2/IMG/center_2026_08_30_02_27_12_393.jpg,/Users/martin/smart-technologies-ca2/data_track2/IMG/left_2026_08_30_02_27_12_393.jpg,/Users/martin/smart-technologies-ca2/data_track2/IMG/right_2026_08_30_02_27_12_393.jpg,0,1,0,25.70655
/Users/martin/smart-technologies-ca2/data_track2/IMG/center_2026_08_30_02_27_12_462.jpg,/Users/martin/smart-technologies-ca2/data_track2/IMG/left_2026_08_30_02_27_12_462.jpg,/Users/martin/smart-technologies-ca2/data_track2/IMG/right_2026_08_30_02_27_12_462.jpg,0,1,0,26.27717
/Users/martin/smart-technologies-ca2/data_track2/IMG/center_2026_08_30_02_27_12_533.jpg,/Users/martin/smart-technologies-ca2/data_track2/IMG/left_2026_08_30_02_27_12_533.jpg,/Users/martin/smart-technologies-ca2/data_track2/IMG/right_2026_08_30_02_27_12_533.jpg,-0.1,1,0,27.02938
/Users/martin/smart-technologies-ca2/data_track2/IMG/center_2026_08_30_02_27_12_601.jpg,/Users/martin/smart-technologies-ca2/data_track2/IMG/left_2026_08_30_02_27_12_601.jpg,/Users/martin/smart-technologies-ca2/data_track2/IMG/right_2026_08_30_02_27_12_601.jpg,0,1,0,27.57283
/Users/martin/smart-technologies-ca2/data_track2/IMG/center_2026_08_30_02_27_12_668.jpg,/Users/martin/smart-technologies-ca2/data_track2/IMG/left_2026_08_30_02_27_12_668.jpg,/Users/martin/smart-technologies-ca2/data_track2/IMG/right_2026_08_30_02_27_12_668.jpg,0,1,0,28.31848
/Users/martin/smart-technologies-ca2/data_track2/IMG/center_2026_08_30_02_27_12_739.jpg,/Users/martin/smart-technologies-ca2/data_track2/IMG/left_2026_08_30_02_27_12_739.jpg,/Users/martin/smart-technologies-ca2/data_track2/IMG/right_2026_08_30_02_27_12_739.jpg,0,0.8191748,0,28.82172
/Users/martin/smart-technologies-ca2/data_track2/IMG/center_2026_08_30_02_27_12_806.jpg,/Users/martin/smart-technologies-ca2/data_track2/IMG/left_2026_08_30_02_27_12_806.jpg,/Users/martin/smart-technologies-ca2/data_track2/IMG/right_2026_08_30_02_27_12_806.jpg,-0.2,0.5848781,0,29.25877
/Users/martin/smart-technologies-ca2/data_track2/IMG/center_2026_08_30_02_27_12_873.jpg,/Users/martin/smart-technologies-ca2/data_track2/IMG/left_2026_08_30_02_27_12_873.jpg,/Users/martin/smart-technologies-ca2/data_track2/IMG/right_2026_08_30_02_27_12_873.jpg,-0.35,0.4009089,0,29.39499
/Users/martin/smart-technologies-ca2/data_track2/IMG/center_2026_08_30_02_27_12_940.jpg,/Users/martin/smart-technologies-ca2/data_track2/IMG/left_2026_08_30_02_27_12_940.jpg,/Users/martin/smart-technologies-ca2/data_track2/IMG/right_2026_08_30_02_27_12_940.jpg,-0.5000001,0.2167059,0,29.34419
/Users/martin/smart-technologies-ca2/data_track2/IMG/center_2026_08_30_02_27_13_012.jpg,/Users/martin/smart-technologies-ca2/data_track2/IMG/left_2026_08_30_02_27_13_012.jpg,/Users/martin/smart-technologies-ca2/data_track2/IMG/right_2026_08_30_02_27_13_012.jpg,0,0,0,29.04257
/Users/martin/smart-technologies-ca2/data_track2/IMG/center_2026_08_30_02_27_13_082.jpg,/Users/martin/smart-technologies-ca2/data_track2/IMG/left_2026_08_30_02_27_13_082.jpg,/Users/martin/smart-technologies-ca2/data_track2/IMG/right_2026_08_30_02_27_13_082.jpg,0,0,0,28.83947
/Users/martin/smart-technologies-ca2/data_track2/IMG/center_2026_08_30_02_27_13_151.jpg,/Users/martin/smart-technologies-ca2/data_track2/IMG/left_2026_08_30_02_27_13_151.jpg,/Users/martin/smart-technologies-ca2/data_track2/IMG/right_2026_08_30_02_27_13_151.jpg,-0.1,0,0,28.60149
/Users/martin/smart-technologies-ca2/data_track2/IMG/center_2026_08_30_02_27_13_220.jpg,/Users/martin/smart-technologies-ca2/data_track2/IMG/left_2026_08_30_02_27_13_220.jpg,/Users/martin/smart-technologies-ca2/data_track2/IMG/right_2026_08_30_02_27_13_220.jpg,-0.25,0,0,28.41725
/Users/martin/smart-technologies-ca2/data_track2/IMG/center_2026_08_30_02_27_13_289.jpg,/Users/martin/smart-technologies-ca2/data_track2/IMG/left_2026_08_30_02_27_13_289.jpg,/Users/martin/smart-technologies-ca2/data_track2/IMG/right_2026_08_30_02_27_13_289.jpg,-0.45,0,0,28.10361
/Users/martin/smart-technologies-ca2/data_track2/IMG/center_2026_08_30_02_27_13_360.jpg,/Users/martin/smart-technologies-ca2/data_track2/IMG/left_2026_08_30_02_27_13_360.jpg,/Users/martin/smart-technologies-ca2/data_track2/IMG/right_2026_08_30_02_27_13_360.jpg,-0.6000001,0,0,27.80753
/Users/martin/smart-technologies-ca2/data_track2/IMG/center_2026_08_30_02_27_13_428.jpg,/Users/martin/smart-technologies-ca2/data_track2/IMG/left_2026_08_30_02_27_13_428.jpg,/Users/martin/smart-technologies-ca2/data_track2/IMG/right_2026_08_30_02_27_13_428.jpg,0,0,0,27.54755
/Users/martin/smart-technologies-ca2/data_track2/IMG/center_2026_08_30_02_27_13_497.jpg,/Users/martin/smart-technologies-ca2/data_track2/IMG/left_2026_08_30_02_27_13_497.jpg,/Users/martin/smart-technologies-ca2/data_track2/IMG/right_2026_08_30_02_27_13_497.jpg,-0.15,0,0,27.38209
/Users/martin/smart-technologies-ca2/data_track2/IMG/center_2026_08_30_02_27_13_566.jpg,/Users/martin/smart-technologies-ca2/data_track2/IMG/left_2026_08_30_02_27_13_566.jpg,/Users/martin/smart-technologies-ca2/data_track2/IMG/right_2026_08_30_02_27_13_566.jpg,-0.35,0,0,27.12796
/Users/martin/smart-technologies-ca2/data_track2/IMG/center_2026_08_30_02_27_13_634.jpg,/Users/martin/smart-technologies-ca2/data_track2/IMG/left_2026_08_30_02_27_13_634.jpg,/Users/martin/smart-technologies-ca2/data_track2/IMG/right_2026_08_30_02_27_13_634.jpg,-0.5000001,0,0,26.88101
/Users/martin/smart-technologies-ca2/data_track2/IMG/center_2026_08_30_02_27_13_701.jpg,/Users/martin/smart-technologies-ca2/data_track2/IMG/left_2026_08_30_02_27_13_701.jpg,/Users/martin/smart-technologies-ca2/data_track2/IMG/right_2026_08_30_02_27_13_701.jpg,0,0,0,26.65791
/Users/martin/smart-technologies-ca2/data_track2/IMG/center_2026_08_30_02_27_13_769.jpg,/Users/martin/smart-technologies-ca2/data_track2/IMG/left_2026_08_30_02_27_13_769.jpg,/Users/martin/smart-technologies-ca2/data_track2/IMG/right_2026_08_30_02_27_13_769.jpg,-0.15,0,0,26.43827
/Users/martin/smart-technologies-ca2/data_track2/IMG/center_2026_08_30_02_27_13_837.jpg,/Users/martin/smart-technologies-ca2/data_track2/IMG/left_2026_08_30_02_27_13_837.jpg,/Users/martin/smart-technologies-ca2/data_track2/IMG/right_2026_08_30_02_27_13_837.jpg,-0.3,0,0,26.26315
/Users/martin/smart-technologies-ca2/data_track2/IMG/center_2026_08_30_02_27_13_909.jpg,/Users/martin/smart-technologies-ca2/data_track2/IMG/left_2026_08_30_02_27_13_909.jpg,/Users/martin/smart-technologies-ca2/data_track2/IMG/right_2026_08_30_02_27_13_909.jpg,-0.5000001,0,0,25.95765
/Users/martin/smart-technologies-ca2/data_track2/IMG/center_2026_08_30_02_27_13_976.jpg,/Users/martin/smart-technologies-ca2/data_track2/IMG/left_2026_08_30_02_27_13_976.jpg,/Users/martin/smart-technologies-ca2/data_track2/IMG/right_2026_08_30_02_27_13_976.jpg,-0.6500001,0,0,25.66992
/Users/martin/smart-technologies-ca2/data_track2/IMG/center_2026_08_30_02_27_14_049.jpg,/Users/martin/smart-technologies-ca2/data_track2/IMG/left_2026_08_30_02_27_14_049.jpg,/Users/martin/smart-technologies-ca2/data_track2/IMG/right_2026_08_30_02_27_14_049.jpg,-0.8500001,0,0,25.21487
/Users/martin/smart-technologies-ca2/data_track2/IMG/center_2026_08_30_02_27_14_120.jpg,/Users/martin/smart-technologies-ca2/data_track2/IMG/left_2026_08_30_02_27_14_120.jpg,/Users/martin/smart-technologies-ca2/data_track2/IMG/right_2026_08_30_02_27_14_120.jpg,-1,0,0,24.8268
/Users/martin/smart-technologies-ca2/data_track2/IMG/center_2026_08_30_02_27_14_187.jpg,/Users/martin/smart-technologies-ca2/data_track2/IMG/left_2026_08_30_02_27_14_187.jpg,/Users/martin/smart-technologies-ca2/data_track2/IMG/right_2026_08_30_02_27_14_187.jpg,0,0,0,24.41432
/Users/martin/smart-technologies-ca2/data_track2/IMG/center_2026_08_30_02_27_14_259.jpg,/Users/martin/smart-technologies-ca2/data_track2/IMG/left_2026_08_30_02_27_14_259.jpg,/Users/martin/smart-technologies-ca2/data_track2/IMG/right_2026_08_30_02_27_14_259.jpg,0,0,0,24.12539
/Users/martin/smart-technologies-ca2/data_track2/IMG/center_2026_08_30_02_27_14_329.jpg,/Users/martin/smart-technologies-ca2/data_track2/IMG/left_2026_08_30_02_27_14_329.jpg,/Users/martin/smart-technologies-ca2/data_track2/IMG/right_2026_08_30_02_27_14_329.jpg,-0.15,0,0,23.87642
/Users/martin/smart-technologies-ca2/data_track2/IMG/center_2026_08_30_02_27_14_398.jpg,/Users/martin/smart-technologies-ca2/data_track2/IMG/left_2026_08_30_02_27_14_398.jpg,/Users/martin/smart-technologies-ca2/data_track2/IMG/right_2026_08_30_02_27_14_398.jpg,-0.3,0,0,23.82741
/Users/martin/smart-technologies-ca2/data_track2/IMG/center_2026_08_30_02_27_14_470.jpg,/Users/martin/smart-technologies-ca2/data_track2/IMG/left_2026_08_30_02_27_14_470.jpg,/Users/martin/smart-technologies-ca2/data_track2/IMG/right_2026_08_30_02_27_14_470.jpg,-0.5000001,0,0,23.58416
/Users/martin/smart-technologies-ca2/data_track2/IMG/center_2026_08_30_02_27_14_539.jpg,/Users/martin/smart-technologies-ca2/data_track2/IMG/left_2026_08_30_02_27_14_539.jpg,/Users/martin/smart-technologies-ca2/data_track2/IMG/right_2026_08_30_02_27_14_539.jpg,-0.6500001,0,0,23.22233
/Users/martin/smart-technologies-ca2/data_track2/IMG/center_2026_08_30_02_27_14_610.jpg,/Users/martin/smart-technologies-ca2/data_track2/IMG/left_2026_08_30_02_27_14_610.jpg,/Users/martin/smart-technologies-ca2/data_track2/IMG/right_2026_08_30_02_27_14_610.jpg,0,0,0,22.87789
/Users/martin/smart-technologies-ca2/data_track2/IMG/center_2026_08_30_02_27_14_677.jpg,/Users/martin/smart-technologies-ca2/data_track2/IMG/left_2026_08_30_02_27_14_677.jpg,/Users/martin/smart-technologies-ca2/data_track2/IMG/right_2026_08_30_02_27_14_677.jpg,0,0,0,22.77957
/Users/martin/smart-technologies-ca2/data_track2/IMG/center_2026_08_30_02_27_14_748.jpg,/Users/martin/smart-technologies-ca2/data_track2/IMG/left_2026_08_30_02_27_14_748.jpg,/Users/martin/smart-technologies-ca2/data_track2/IMG/right_2026_08_30_02_27_14_748.jpg,0,0.1277697,0,22.6108
/Users/martin/smart-technologies-ca2/data_track2/IMG/center_2026_08_30_02_27_14_815.jpg,/Users/martin/smart-technologies-ca2/data_track2/IMG/left_2026_08_30_02_27_14_815.jpg,/Users/martin/smart-technologies-ca2/data_track2/IMG/right_2026_08_30_02_27_14_815.jpg,-0.05,0.3113129,0,22.49188
/Users/martin/smart-technologies-ca2/data_track2/IMG/center_2026_08_30_02_27_14_886.jpg,/Users/martin/smart-technologies-ca2/data_track2/IMG/left_2026_08_30_02_27_14_886.jpg,/Users/martin/smart-technologies-ca2/data_track2/IMG/right_2026_08_30_02_27_14_886.jpg,-0.25,0.5417397,0,22.73193
/Users/martin/smart-technologies-ca2/data_track2/IMG/center_2026_08_30_02_27_14_954.jpg,/Users/martin/smart-technologies-ca2/data_track2/IMG/left_2026_08_30_02_27_14_954.jpg,/Users/martin/smart-technologies-ca2/data_track2/IMG/right_2026_08_30_02_27_14_954.jpg,-0.4,0.7199188,0,23.07187
/Users/martin/smart-technologies-ca2/data_track2/IMG/center_2026_08_30_02_27_15_023.jpg,/Users/martin/smart-technologies-ca2/data_track2/IMG/left_2026_08_30_02_27_15_023.jpg,/Users/martin/smart-technologies-ca2/data_track2/IMG/right_2026_08_30_02_27_15_023.jpg,-0.5500001,0.8989978,0,23.37733
/Users/martin/smart-technologies-ca2/data_track2/IMG/center_2026_08_30_02_27_15_090.jpg,/Users/martin/smart-technologies-ca2/data_track2/IMG/left_2026_08_30_02_27_15_090.jpg,/Users/martin/smart-technologies-ca2/data_track2/IMG/right_2026_08_30_02_27_15_090.jpg,-0.7500002,0.9450487,0,23.946
/Users/martin/smart-technologies-ca2/data_track2/IMG/center_2026_08_30_02_27_15_159.jpg,/Users/martin/smart-technologies-ca2/data_track2/IMG/left_2026_08_30_02_27_15_159.jpg,/Users/martin/smart-technologies-ca2/data_track2/IMG/right_2026_08_30_02_27_15_159.jpg,-0.9000002,0.7635758,0,24.2348
/Users/martin/smart-technologies-ca2/data_track2/IMG/center_2026_08_30_02_27_15_227.jpg,/Users/martin/smart-technologies-ca2/data_track2/IMG/left_2026_08_30_02_27_15_227.jpg,/Users/martin/smart-technologies-ca2/data_track2/IMG/right_2026_08_30_02_27_15_227.jpg,-1,0.7431703,0,24.40974
/Users/martin/smart-technologies-ca2/data_track2/IMG/center_2026_08_30_02_27_15_293.jpg,/Users/martin/smart-technologies-ca2/data_track2/IMG/left_2026_08_30_02_27_15_293.jpg,/Users/martin/smart-technologies-ca2/data_track2/IMG/right_2026_08_30_02_27_15_293.jpg,-1,0.9201553,0,24.69828
/Users/martin/smart-technologies-ca2/data_track2/IMG/center_2026_08_30_02_27_15_365.jpg,/Users/martin/smart-technologies-ca2/data_track2/IMG/left_2026_08_30_02_27_15_365.jpg,/Users/martin/smart-technologies-ca2/data_track2/IMG/right_2026_08_30_02_27_15_365.jpg,-1,1,0,25.1417
/Users/martin/smart-technologies-ca2/data_track2/IMG/center_2026_08_30_02_27_15_435.jpg,/Users/martin/smart-technologies-ca2/data_track2/IMG/left_2026_08_30_02_27_15_435.jpg,/Users/martin/smart-technologies-ca2/data_track2/IMG/right_2026_08_30_02_27_15_435.jpg,0,1,0,25.76908
/Users/martin/smart-technologies-ca2/data_track2/IMG/center_2026_08_30_02_27_15_505.jpg,/Users/martin/smart-technologies-ca2/data_track2/IMG/left_2026_08_30_02_27_15_505.jpg,/Users/martin/smart-technologies-ca2/data_track2/IMG/right_2026_08_30_02_27_15_505.jpg,0,1,0,26.40975
/Users/martin/smart-technologies-ca2/data_track2/IMG/center_2026_08_30_02_27_15_574.jpg,/Users/martin/smart-technologies-ca2/data_track2/IMG/left_2026_08_30_02_27_15_574.jpg,/Users/martin/smart-technologies-ca2/data_track2/IMG/right_2026_08_30_02_27_15_574.jpg,0.15,1,0,26.89058
/Users/martin/smart-technologies-ca2/data_track2/IMG/center_2026_08_30_02_27_15_643.jpg,/Users/martin/smart-technologies-ca2/data_track2/IMG/left_2026_08_30_02_27_15_643.jpg,/Users/martin/smart-technologies-ca2/data_track2/IMG/right_2026_08_30_02_27_15_643.jpg,0.3,1,0,27.33614
/Users/martin/smart-technologies-ca2/data_track2/IMG/center_2026_08_30_02_27_15_711.jpg,/Users/martin/smart-technologies-ca2/data_track2/IMG/left_2026_08_30_02_27_15_711.jpg,/Users/martin/smart-technologies-ca2/data_track2/IMG/right_2026_08_30_02_27_15_711.jpg,0.5000001,1,0,27.87401
/Users/martin/smart-technologies-ca2/data_track2/IMG/center_2026_08_30_02_27_15_779.jpg,/Users/martin/smart-technologies-ca2/data_track2/IMG/left_2026_08_30_02_27_15_779.jpg,/Users/martin/smart-technologies-ca2/data_track2/IMG/right_2026_08_30_02_27_15_779.jpg,0,1,0,28.29269
/Users/martin/smart-technologies-ca2/data_track2/IMG/center_2026_08_30_02_27_15_848.jpg,/Users/martin/smart-technologies-ca2/data_track2/IMG/left_2026_08_30_02_27_15_848.jpg,/Users/martin/smart-technologies-ca2/data_track2/IMG/right_2026_08_30_02_27_15_848.jpg,0,1,0,29.01907
/Users/martin/smart-technologies-ca2/data_track2/IMG/center_2026_08_30_02_27_15_915.jpg,/Users/martin/smart-technologies-ca2/data_track2/IMG/left_2026_08_30_02_27_15_915.jpg,/Users/martin/smart-technologies-ca2/data_track2/IMG/right_2026_08_30_02_27_15_915.jpg,0,1,0,29.56676
/Users/martin/smart-technologies-ca2/data_track2/IMG/center_2026_08_30_02_27_15_985.jpg,/Users/martin/smart-technologies-ca2/data_track2/IMG/left_2026_08_30_02_27_15_985.jpg,/Users/martin/smart-technologies-ca2/data_track2/IMG/right_2026_08_30_02_27_15_985.jpg,0,1,0,30.18832
/Users/martin/smart-technologies-ca2/data_track2/IMG/center_2026_08_30_02_27_16_052.jpg,/Users/martin/smart-technologies-ca2/data_track2/IMG/left_2026_08_30_02_27_16_052.jpg,/Users/martin/smart-technologies-ca2/data_track2/IMG/right_2026_08_30_02_27_16_052.jpg,0,0.9544032,0,30.19013
/Users/martin/smart-technologies-ca2/data_track2/IMG/center_2026_08_30_02_27_16_122.jpg,/Users/martin/smart-technologies-ca2/data_track2/IMG/left_2026_08_30_02_27_16_122.jpg,/Users/martin/smart-technologies-ca2/data_track2/IMG/right_2026_08_30_02_27_16_122.jpg,0,0.7819149,0,30.14627
/Users/martin/smart-technologies-ca2/data_track2/IMG/center_2026_08_30_02_27_16_192.jpg,/Users/martin/smart-technologies-ca2/data_track2/IMG/left_2026_08_30_02_27_16_192.jpg,/Users/martin/smart-technologies-ca2/data_track2/IMG/right_2026_08_30_02_27_16_192.jpg,0.2,0.5349761,0,30.07792
/Users/martin/smart-technologies-ca2/data_track2/IMG/center_2026_08_30_02_27_16_262.jpg,/Users/martin/smart-technologies-ca2/data_track2/IMG/left_2026_08_30_02_27_16_262.jpg,/Users/martin/smart-technologies-ca2/data_track2/IMG/right_2026_08_30_02_27_16_262.jpg,0.35,0.3571392,0,30.01131
/Users/martin/smart-technologies-ca2/data_track2/IMG/center_2026_08_30_02_27_16_332.jpg,/Users/martin/smart-technologies-ca2/data_track2/IMG/left_2026_08_30_02_27_16_332.jpg,/Users/martin/smart-technologies-ca2/data_track2/IMG/right_2026_08_30_02_27_16_332.jpg,0,0.3127902,0,29.99232
/Users/martin/smart-technologies-ca2/data_track2/IMG/center_2026_08_30_02_27_16_401.jpg,/Users/martin/smart-technologies-ca2/data_track2/IMG/left_2026_08_30_02_27_16_401.jpg,/Users/martin/smart-technologies-ca2/data_track2/IMG/right_2026_08_30_02_27_16_401.jpg,0,0.4879752,0,30.05133
/Users/martin/smart-technologies-ca2/data_track2/IMG/center_2026_08_30_02_27_16_471.jpg,/Users/martin/smart-technologies-ca2/data_track2/IMG/left_2026_08_30_02_27_16_471.jpg,/Users/martin/smart-technologies-ca2/data_track2/IMG/right_2026_08_30_02_27_16_471.jpg,0,0.7316114,0,30.1098
/Users/martin/smart-technologies-ca2/data_track2/IMG/center_2026_08_30_02_27_16_538.jpg,/Users/martin/smart-technologies-ca2/data_track2/IMG/left_2026_08_30_02_27_16_538.jpg,/Users/martin/smart-technologies-ca2/data_track2/IMG/right_2026_08_30_02_27_16_538.jpg,0,0.9077291,0,30.15711
/Users/martin/smart-technologies-ca2/data_track2/IMG/center_2026_08_30_02_27_16_606.jpg,/Users/martin/smart-technologies-ca2/data_track2/IMG/left_2026_08_30_02_27_16_606.jpg,/Users/martin/smart-technologies-ca2/data_track2/IMG/right_2026_08_30_02_27_16_606.jpg,0.1,0.98866,0,30.18781
/Users/martin/smart-technologies-ca2/data_track2/IMG/center_2026_08_30_02_27_16_675.jpg,/Users/martin/smart-technologies-ca2/data_track2/IMG/left_2026_08_30_02_27_16_675.jpg,/Users/martin/smart-technologies-ca2/data_track2/IMG/right_2026_08_30_02_27_16_675.jpg,0.25,0.8020447,0,30.13951
/Users/martin/smart-technologies-ca2/data_track2/IMG/center_2026_08_30_02_27_16_742.jpg,/Users/martin/smart-technologies-ca2/data_track2/IMG/left_2026_08_30_02_27_16_742.jpg,/Users/martin/smart-technologies-ca2/data_track2/IMG/right_2026_08_30_02_27_16_742.jpg,0.4,0.6250118,0,30.07251
/Users/martin/smart-technologies-ca2/data_track2/IMG/center_2026_08_30_02_27_16_812.jpg,/Users/martin/smart-technologies-ca2/data_track2/IMG/left_2026_08_30_02_27_16_812.jpg,/Users/martin/smart-technologies-ca2/data_track2/IMG/right_2026_08_30_02_27_16_812.jpg,0,0.660403,0,30.09507
/Users/martin/smart-technologies-ca2/data_track2/IMG/center_2026_08_30_02_27_16_882.jpg,/Users/martin/smart-technologies-ca2/data_track2/IMG/left_2026_08_30_02_27_16_882.jpg,/Users/martin/smart-technologies-ca2/data_track2/IMG/right_2026_08_30_02_27_16_882.jpg,0.05,0.8493671,0,30.13768
/Users/martin/smart-technologies-ca2/data_track2/IMG/center_2026_08_30_02_27_16_949.jpg,/Users/martin/smart-technologies-ca2/data_track2/IMG/left_2026_08_30_02_27_16_949.jpg,/Users/martin/smart-technologies-ca2/data_track2/IMG/right_2026_08_30_02_27_16_949.jpg,0.25,0.7409623,0,30.12289
/Users/martin/smart-technologies-ca2/data_track2/IMG/center_2026_08_30_02_27_17_019.jpg,/Users/martin/smart-technologies-ca2/data_track2/IMG/left_2026_08_30_02_27_17_019.jpg,/Users/martin/smart-technologies-ca2/data_track2/IMG/right_2026_08_30_02_27_17_019.jpg,0.4,0.5628371,0,30.06211
/Users/martin/smart-technologies-ca2/data_track2/IMG/center_2026_08_30_02_27_17_086.jpg,/Users/martin/smart-technologies-ca2/data_track2/IMG/left_2026_08_30_02_27_17_086.jpg,/Users/martin/smart-technologies-ca2/data_track2/IMG/right_2026_08_30_02_27_17_086.jpg,0.6000001,0.3184031,0,29.97072
/Users/martin/smart-technologies-ca2/data_track2/IMG/center_2026_08_30_02_27_17_154.jpg,/Users/martin/smart-technologies-ca2/data_track2/IMG/left_2026_08_30_02_27_17_154.jpg,/Users/martin/smart-technologies-ca2/data_track2/IMG/right_2026_08_30_02_27_17_154.jpg,0.7500002,0.1347433,0,29.77328
/Users/martin/smart-technologies-ca2/data_track2/IMG/center_2026_08_30_02_27_17_223.jpg,/Users/martin/smart-technologies-ca2/data_track2/IMG/left_2026_08_30_02_27_17_223.jpg,/Users/martin/smart-technologies-ca2/data_track2/IMG/right_2026_08_30_02_27_17_223.jpg,0.9000002,0,0,29.39836
/Users/martin/smart-technologies-ca2/data_track2/IMG/center_2026_08_30_02_27_17_290.jpg,/Users/martin/smart-technologies-ca2/data_track2/IMG/left_2026_08_30_02_27_17_290.jpg,/Users/martin/smart-technologies-ca2/data_track2/IMG/right_2026_08_30_02_27_17_290.jpg,0,0,0,29.07786
/Users/martin/smart-technologies-ca2/data_track2/IMG/center_2026_08_30_02_27_17_359.jpg,/Users/martin/smart-technologies-ca2/data_track2/IMG/left_2026_08_30_02_27_17_359.jpg,/Users/martin/smart-technologies-ca2/data_track2/IMG/right_2026_08_30_02_27_17_359.jpg,0.15,0,0,28.90162
/Users/martin/smart-technologies-ca2/data_track2/IMG/center_2026_08_30_02_27_17_429.jpg,/Users/martin/smart-technologies-ca2/data_track2/IMG/left_2026_08_30_02_27_17_429.jpg,/Users/martin/smart-technologies-ca2/data_track2/IMG/right_2026_08_30_02_27_17_429.jpg,0,0,0,28.66298
/Users/martin/smart-technologies-ca2/data_track2/IMG/center_2026_08_30_02_27_17_499.jpg,/Users/martin/smart-technologies-ca2/data_track2/IMG/left_2026_08_30_02_27_17_499.jpg,/Users/martin/smart-technologies-ca2/data_track2/IMG/right_2026_08_30_02_27_17_499.jpg,0,0,0,28.48144
/Users/martin/smart-technologies-ca2/data_track2/IMG/center_2026_08_30_02_27_17_569.jpg,/Users/martin/smart-technologies-ca2/data_track2/IMG/left_2026_08_30_02_27_17_569.jpg,/Users/martin/smart-technologies-ca2/data_track2/IMG/right_2026_08_30_02_27_17_569.jpg,0.15,0,0,28.25029
/Users/martin/smart-technologies-ca2/data_track2/IMG/center_2026_08_30_02_27_17_639.jpg,/Users/martin/smart-technologies-ca2/data_track2/IMG/left_2026_08_30_02_27_17_639.jpg,/Users/martin/smart-technologies-ca2/data_track2/IMG/right_2026_08_30_02_27_17_639.jpg,0.3,0,0,28.05046
/Users/martin/smart-technologies-ca2/data_track2/IMG/center_2026_08_30_02_27_17_707.jpg,/Users/martin/smart-technologies-ca2/data_track2/IMG/left_2026_08_30_02_27_17_707.jpg,/Users/martin/smart-technologies-ca2/data_track2/IMG/right_2026_08_30_02_27_17_707.jpg,0.5000001,0,0,27.70924
/Users/martin/smart-technologies-ca2/data_track2/IMG/center_2026_08_30_02_27_17_776.jpg,/Users/martin/smart-technologies-ca2/data_track2/IMG/left_2026_08_30_02_27_17_776.jpg,/Users/martin/smart-technologies-ca2/data_track2/IMG/right_2026_08_30_02_27_17_776.jpg,0.6500001,0,0,27.39489
/Users/martin/smart-technologies-ca2/data_track2/IMG/center_2026_08_30_02_27_17_844.jpg,/Users/martin/smart-technologies-ca2/data_track2/IMG/left_2026_08_30_02_27_17_844.jpg,/Users/martin/smart-technologies-ca2/data_track2/IMG/right_2026_08_30_02_27_17_844.jpg,0.8000001,0,0,27.03396
/Users/martin/smart-technologies-ca2/data_track2/IMG/center_2026_08_30_02_27_17_911.jpg,/Users/martin/smart-technologies-ca2/data_track2/IMG/left_2026_08_30_02_27_17_911.jpg,/Users/martin/smart-technologies-ca2/data_track2/IMG/right_2026_08_30_02_27_17_911.jpg,0,0,0,26.55674
/Users/martin/smart-technologies-ca2/data_track2/IMG/center_2026_08_30_02_27_17_979.jpg,/Users/martin/smart-technologies-ca2/data_track2/IMG/left_2026_08_30_02_27_17_979.jpg,/Users/martin/smart-technologies-ca2/data_track2/IMG/right_2026_08_30_02_27_17_979.jpg,0,0,0,26.31776
/Users/martin/smart-technologies-ca2/data_track2/IMG/center_2026_08_30_02_27_18_049.jpg,/Users/martin/smart-technologies-ca2/data_track2/IMG/left_2026_08_30_02_27_18_049.jpg,/Users/martin/smart-technologies-ca2/data_track2/IMG/right_2026_08_30_02_27_18_049.jpg,0.2,0,0,26.10613
/Users/martin/smart-technologies-ca2/data_track2/IMG/center_2026_08_30_02_27_18_119.jpg,/Users/martin/smart-technologies-ca2/data_track2/IMG/left_2026_08_30_02_27_18_119.jpg,/Users/martin/smart-technologies-ca2/data_track2/IMG/right_2026_08_30_02_27_18_119.jpg,0.35,0,0,25.93851
/Users/martin/smart-technologies-ca2/data_track2/IMG/center_2026_08_30_02_27_18_190.jpg,/Users/martin/smart-technologies-ca2/data_track2/IMG/left_2026_08_30_02_27_18_190.jpg,/Users/martin/smart-technologies-ca2/data_track2/IMG/right_2026_08_30_02_27_18_190.jpg,0.5500001,0,0,25.63568
/Users/martin/smart-technologies-ca2/data_track2/IMG/center_2026_08_30_02_27_18_257.jpg,/Users/martin/smart-technologies-ca2/data_track2/IMG/left_2026_08_30_02_27_18_257.jpg,/Users/martin/smart-technologies-ca2/data_track2/IMG/right_2026_08_30_02_27_18_257.jpg,0,0,0,25.45268
/Users/martin/smart-technologies-ca2/data_track2/IMG/center_2026_08_30_02_27_18_325.jpg,/Users/martin/smart-technologies-ca2/data_track2/IMG/left_2026_08_30_02_27_18_325.jpg,/Users/martin/smart-technologies-ca2/data_track2/IMG/right_2026_08_30_02_27_18_325.jpg,0.1,0,0,25.24026
/Users/martin/smart-technologies-ca2/data_track2/IMG/center_2026_08_30_02_27_18_393.jpg,/Users/martin/smart-technologies-ca2/data_track2/IMG/left_2026_08_30_02_27_18_393.jpg,/Users/martin/smart-technologies-ca2/data_track2/IMG/right_2026_08_30_02_27_18_393.jpg,0.25,0,0,25.07725
/Users/martin/smart-technologies-ca2/data_track2/IMG/center_2026_08_30_02_27_18_462.jpg,/Users/martin/smart-technologies-ca2/data_track2/IMG/left_2026_08_30_02_27_18_462.jpg,/Users/martin/smart-technologies-ca2/data_track2/IMG/right_2026_08_30_02_27_18_462.jpg,0.4,0.07111502,0,24.88142
/Users/martin/smart-technologies-ca2/data_track2/IMG/center_2026_08_30_02_27_18_533.jpg,/Users/martin/smart-technologies-ca2/data_track2/IMG/left_2026_08_30_02_27_18_533.jpg,/Users/martin/smart-technologies-ca2/data_track2/IMG/right_2026_08_30_02_27_18_533.jpg,0.6000001,0.3116881,0,24.71626
/Users/martin/smart-technologies-ca2/data_track2/IMG/center_2026_08_30_02_27_18_600.jpg,/Users/martin/smart-technologies-ca2/data_track2/IMG/left_2026_08_30_02_27_18_600.jpg,/Users/martin/smart-technologies-ca2/data_track2/IMG/right_2026_08_30_02_27_18_600.jpg,0.7500002,0.4847789,0,24.69004
/Users/martin/smart-technologies-ca2/data_track2/IMG/center_2026_08_30_02_27_18_667.jpg,/Users/martin/smart-technologies-ca2/data_track2/IMG/left_2026_08_30_02_27_18_667.jpg,/Users/martin/smart-technologies-ca2/data_track2/IMG/right_2026_08_30_02_27_18_667.jpg,0,0.7265908,0,24.95148
/Users/martin/smart-technologies-ca2/data_track2/IMG/center_2026_08_30_02_27_18_734.jpg,/Users/martin/smart-technologies-ca2/data_track2/IMG/left_2026_08_30_02_27_18_734.jpg,/Users/martin/smart-technologies-ca2/data_track2/IMG/right_2026_08_30_02_27_18_734.jpg,0,0.5669607,0,25.2599
/Users/martin/smart-technologies-ca2/data_track2/IMG/center_2026_08_30_02_27_18_801.jpg,/Users/martin/smart-technologies-ca2/data_track2/IMG/left_2026_08_30_02_27_18_801.jpg,/Users/martin/smart-technologies-ca2/data_track2/IMG/right_2026_08_30_02_27_18_801.jpg,0,0.3957027,0,25.45588
/Users/martin/smart-technologies-ca2/data_track2/IMG/center_2026_08_30_02_27_18_871.jpg,/Users/martin/smart-technologies-ca2/data_track2/IMG/left_2026_08_30_02_27_18_871.jpg,/Users/martin/smart-technologies-ca2/data_track2/IMG/right_2026_08_30_02_27_18_871.jpg,0,0.5787059,0,25.68956
/Users/martin/smart-technologies-ca2/data_track2/IMG/center_2026_08_30_02_27_18_939.jpg,/Users/martin/smart-technologies-ca2/data_track2/IMG/left_2026_08_30_02_27_18_939.jpg,/Users/martin/smart-technologies-ca2/data_track2/IMG/right_2026_08_30_02_27_18_939.jpg,0,0.7664909,0,26.01817
/Users/martin/smart-technologies-ca2/data_track2/IMG/center_2026_08_30_02_27_19_006.jpg,/Users/martin/smart-technologies-ca2/data_track2/IMG/left_2026_08_30_02_27_19_006.jpg,/Users/martin/smart-technologies-ca2/data_track2/IMG/right_2026_08_30_02_27_19_006.jpg,0.05,0.9957601,0,26.65151
/Users/martin/smart-technologies-ca2/data_track2/IMG/center_2026_08_30_02_27_19_076.jpg,/Users/martin/smart-technologies-ca2/data_track2/IMG/left_2026_08_30_02_27_19_076.jpg,/Users/martin/smart-technologies-ca2/data_track2/IMG/right_2026_08_30_02_27_19_076.jpg,0.2,1,0,27.20348
/Users/martin/smart-technologies-ca2/data_track2/IMG/center_2026_08_30_02_27_19_143.jpg,/Users/martin/smart-technologies-ca2/data_track2/IMG/left_2026_08_30_02_27_19_143.jpg,/Users/martin/smart-technologies-ca2/data_track2/IMG/right_2026_08_30_02_27_19_143.jpg,0.35,1,0,27.70967
/Users/martin/smart-technologies-ca2/data_track2/IMG/center_2026_08_30_02_27_19_215.jpg,/Users/martin/smart-technologies-ca2/data_track2/IMG/left_2026_08_30_02_27_19_215.jpg,/Users/martin/smart-technologies-ca2/data_track2/IMG/right_2026_08_30_02_27_19_215.jpg,0,1,0,28.37854
/Users/martin/smart-technologies-ca2/data_track2/IMG/center_2026_08_30_02_27_19_281.jpg,/Users/martin/smart-technologies-ca2/data_track2/IMG/left_2026_08_30_02_27_19_281.jpg,/Users/martin/smart-technologies-ca2/data_track2/IMG/right_2026_08_30_02_27_19_281.jpg,0,0.9713351,0,28.92604
/Users/martin/smart-technologies-ca2/data_track2/IMG/center_2026_08_30_02_27_19_353.jpg,/Users/martin/smart-technologies-ca2/data_track2/IMG/left_2026_08_30_02_27_19_353.jpg,/Users/martin/smart-technologies-ca2/data_track2/IMG/right_2026_08_30_02_27_19_353.jpg,0,0.7284939,0,29.52907
/Users/martin/smart-technologies-ca2/data_track2/IMG/center_2026_08_30_02_27_19_424.jpg,/Users/martin/smart-technologies-ca2/data_track2/IMG/left_2026_08_30_02_27_19_424.jpg,/Users/martin/smart-technologies-ca2/data_track2/IMG/right_2026_08_30_02_27_19_424.jpg,0,0.557197,0,29.82693
/Users/martin/smart-technologies-ca2/data_track2/IMG/center_2026_08_30_02_27_19_491.jpg,/Users/martin/smart-technologies-ca2/data_track2/IMG/left_2026_08_30_02_27_19_491.jpg,/Users/martin/smart-technologies-ca2/data_track2/IMG/right_2026_08_30_02_27_19_491.jpg,0,0.4873598,0,30.03664
/Users/martin/smart-technologies-ca2/data_track2/IMG/center_2026_08_30_02_27_19_561.jpg,/Users/martin/smart-technologies-ca2/data_track2/IMG/left_2026_08_30_02_27_19_561.jpg,/Users/martin/smart-technologies-ca2/data_track2/IMG/right_2026_08_30_02_27_19_561.jpg,0,0.6724629,0,30.09772
/Users/martin/smart-technologies-ca2/data_track2/IMG/center_2026_08_30_02_27_19_629.jpg,/Users/martin/smart-technologies-ca2/data_track2/IMG/left_2026_08_30_02_27_19_629.jpg,/Users/martin/smart-technologies-ca2/data_track2/IMG/right_2026_08_30_02_27_19_629.jpg,0,0.9148388,0,30.15794
/Users/martin/smart-technologies-ca2/data_track2/IMG/center_2026_08_30_02_27_19_699.jpg,/Users/martin/smart-technologies-ca2/data_track2/IMG/left_2026_08_30_02_27_19_699.jpg,/Users/martin/smart-technologies-ca2/data_track2/IMG/right_2026_08_30_02_27_19_699.jpg,0,0.772063,0,30.14371
/Users/martin/smart-technologies-ca2/data_track2/IMG/center_2026_08_30_02_27_19_769.jpg,/Users/martin/smart-technologies-ca2/data_track2/IMG/left_2026_08_30_02_27_19_769.jpg,/Users/martin/smart-technologies-ca2/data_track2/IMG/right_2026_08_30_02_27_19_769.jpg,0,0.5212239,0,30.08353
/Users/martin/smart-technologies-ca2/data_track2/IMG/center_2026_08_30_02_27_19_837.jpg,/Users/martin/smart-technologies-ca2/data_track2/IMG/left_2026_08_30_02_27_19_837.jpg,/Users/martin/smart-technologies-ca2/data_track2/IMG/right_2026_08_30_02_27_19_837.jpg,0,0.3442299,0,30.03777
/Users/martin/smart-technologies-ca2/data_track2/IMG/center_2026_08_30_02_27_19_905.jpg,/Users/martin/smart-technologies-ca2/data_track2/IMG/left_2026_08_30_02_27_19_905.jpg,/Users/martin/smart-technologies-ca2/data_track2/IMG/right_2026_08_30_02_27_19_905.jpg,-0.05,0.5209807,0,30.05746
/Users/martin/smart-technologies-ca2/data_track2/IMG/center_2026_08_30_02_27_19_973.jpg,/Users/martin/smart-technologies-ca2/data_track2/IMG/left_2026_08_30_02_27_19_973.jpg,/Users/martin/smart-technologies-ca2/data_track2/IMG/right_2026_08_30_02_27_19_973.jpg,-0.2,0.7125698,0,30.09272
/Users/martin/smart-technologies-ca2/data_track2/IMG/center_2026_08_30_02_27_20_040.jpg,/Users/martin/smart-technologies-ca2/data_track2/IMG/left_2026_08_30_02_27_20_040.jpg,/Users/martin/smart-technologies-ca2/data_track2/IMG/right_2026_08_30_02_27_20_040.jpg,-0.35,0.7512516,0,30.1159
/Users/martin/smart-technologies-ca2/data_track2/IMG/center_2026_08_30_02_27_20_109.jpg,/Users/martin/smart-technologies-ca2/data_track2/IMG/left_2026_08_30_02_27_20_109.jpg,/Users/martin/smart-technologies-ca2/data_track2/IMG/right_2026_08_30_02_27_20_109.jpg,-0.5500001,0.5021977,0,30.02526
/Users/martin/smart-technologies-ca2/data_track2/IMG/center_2026_08_30_02_27_20_178.jpg,/Users/martin/smart-technologies-ca2/data_track2/IMG/left_2026_08_30_02_27_20_178.jpg,/Users/martin/smart-technologies-ca2/data_track2/IMG/right_2026_08_30_02_27_20_178.jpg,-0.7,0.3306547,0,29.94683
/Users/martin/smart-technologies-ca2/data_track2/IMG/center_2026_08_30_02_27_20_245.jpg,/Users/martin/smart-technologies-ca2/data_track2/IMG/left_2026_08_30_02_27_20_245.jpg,/Users/martin/smart-technologies-ca2/data_track2/IMG/right_2026_08_30_02_27_20_245.jpg,0,0.09338152,0,29.86998
/Users/martin/smart-technologies-ca2/data_track2/IMG/center_2026_08_30_02_27_20_314.jpg,/Users/martin/smart-technologies-ca2/data_track2/IMG/left_2026_08_30_02_27_20_314.jpg,/Users/martin/smart-technologies-ca2/data_track2/IMG/right_2026_08_30_02_27_20_314.jpg,0,0,0,29.72151
/Users/martin/smart-technologies-ca2/data_track2/IMG/center_2026_08_30_02_27_20_381.jpg,/Users/martin/smart-technologies-ca2/data_track2/IMG/left_2026_08_30_02_27_20_381.jpg,/Users/martin/smart-technologies-ca2/data_track2/IMG/right_2026_08_30_02_27_20_381.jpg,-0.15,0,0,29.58578
/Users/martin/smart-technologies-ca2/data_track2/IMG/center_2026_08_30_02_27_20_448.jpg,/Users/martin/smart-technologies-ca2/data_track2/IMG/left_2026_08_30_02_27_20_448.jpg,/Users/martin/smart-technologies-ca2/data_track2/IMG/right_2026_08_30_02_27_20_448.jpg,-0.35,0,0,29.38405
/Users/martin/smart-technologies-ca2/data_track2/IMG/center_2026_08_30_02_27_20_515.jpg,/Users/martin/smart-technologies-ca2/data_track2/IMG/left_2026_08_30_02_27_20_515.jpg,/Users/martin/smart-technologies-ca2/data_track2/IMG/right_2026_08_30_02_27_20_515.jpg,-0.5000001,0,0,29.24414
/Users/martin/smart-technologies-ca2/data_track2/IMG/center_2026_08_30_02_27_20_583.jpg,/Users/martin/smart-technologies-ca2/data_track2/IMG/left_2026_08_30_02_27_20_583.jpg,/Users/martin/smart-technologies-ca2/data_track2/IMG/right_2026_08_30_02_27_20_583.jpg,-0.6500001,0,0,29.06776
/Users/martin/smart-technologies-ca2/data_track2/IMG/center_2026_08_30_02_27_20_652.jpg,/Users/martin/smart-technologies-ca2/data_track2/IMG/left_2026_08_30_02_27_20_652.jpg,/Users/martin/smart-technologies-ca2/data_track2/IMG/right_2026_08_30_02_27_20_652.jpg,-0.8500001,0,0,28.8646
/Users/martin/smart-technologies-ca2/data_track2/IMG/center_2026_08_30_02_27_20_719.jpg,/Users/martin/smart-technologies-ca2/data_track2/IMG/left_2026_08_30_02_27_20_719.jpg,/Users/martin/smart-technologies-ca2/data_track2/IMG/right_2026_08_30_02_27_20_719.jpg,0,0,0,28.83345
/Users/martin/smart-technologies-ca2/data_track2/IMG/center_2026_08_30_02_27_20_786.jpg,/Users/martin/smart-technologies-ca2/data_track2/IMG/left_2026_08_30_02_27_20_786.jpg,/Users/martin/smart-technologies-ca2/data_track2/IMG/right_2026_08_30_02_27_20_786.jpg,0,0,0,28.84675
/Users/martin/smart-technologies-ca2/data_track2/IMG/center_2026_08_30_02_27_20_853.jpg,/Users/martin/smart-technologies-ca2/data_track2/IMG/left_2026_08_30_02_27_20_853.jpg,/Users/martin/smart-technologies-ca2/data_track2/IMG/right_2026_08_30_02_27_20_853.jpg,0,0,0,28.88818
/Users/martin/smart-technologies-ca2/data_track2/IMG/center_2026_08_30_02_27_20_920.jpg,/Users/martin/smart-technologies-ca2/data_track2/IMG/left_2026_08_30_02_27_20_920.jpg,/Users/martin/smart-technologies-ca2/data_track2/IMG/right_2026_08_30_02_27_20_920.jpg,0,0,0,28.92143
/Users/martin/smart-technologies-ca2/data_track2/IMG/center_2026_08_30_02_27_20_987.jpg,/Users/martin/smart-technologies-ca2/data_track2/IMG/left_2026_08_30_02_27_20_987.jpg,/Users/martin/smart-technologies-ca2/data_track2/IMG/right_2026_08_30_02_27_20_987.jpg,-0.1,0,0,29.0149
/Users/martin/smart-technologies-ca2/data_track2/IMG/center_2026_08_30_02_27_21_055.jpg,/Users/martin/smart-technologies-ca2/data_track2/IMG/left_2026_08_30_02_27_21_055.jpg,/Users/martin/smart-technologies-ca2/data_track2/IMG/right_2026_08_30_02_27_21_055.jpg,-0.25,0,0,29.08232
/Users/martin/smart-technologies-ca2/data_track2/IMG/center_2026_08_30_02_27_21_122.jpg,/Users/martin/smart-technologies-ca2/data_track2/IMG/left_2026_08_30_02_27_21_122.jpg,/Users/martin/smart-technologies-ca2/data_track2/IMG/right_2026_08_30_02_27_21_122.jpg,-0.4,0,0,29.08039
/Users/martin/smart-technologies-ca2/data_track2/IMG/center_2026_08_30_02_27_21_189.jpg,/Users/martin/smart-technologies-ca2/data_track2/IMG/left_2026_08_30_02_27_21_189.jpg,/Users/martin/smart-technologies-ca2/data_track2/IMG/right_2026_08_30_02_27_21_189.jpg,-0.6000001,0,0,29.09217
/Users/martin/smart-technologies-ca2/data_track2/IMG/center_2026_08_30_02_27_21_257.jpg,/Users/martin/smart-technologies-ca2/data_track2/IMG/left_2026_08_30_02_27_21_257.jpg,/Users/martin/smart-technologies-ca2/data_track2/IMG/right_2026_08_30_02_27_21_257.jpg,-0.7500002,0,0,28.94461
/Users/martin/smart-technologies-ca2/data_track2/IMG/center_2026_08_30_02_27_21_327.jpg,/Users/martin/smart-technologies-ca2/data_track2/IMG/left_2026_08_30_02_27_21_327.jpg,/Users/martin/smart-technologies-ca2/data_track2/IMG/right_2026_08_30_02_27_21_327.jpg,-0.05,0,0,28.95474
/Users/martin/smart-technologies-ca2/data_track2/IMG/center_2026_08_30_02_27_21_395.jpg,/Users/martin/smart-technologies-ca2/data_track2/IMG/left_2026_08_30_02_27_21_395.jpg,/Users/martin/smart-technologies-ca2/data_track2/IMG/right_2026_08_30_02_27_21_395.jpg,-0.2,0,0,29.06982
/Users/martin/smart-technologies-ca2/data_track2/IMG/center_2026_08_30_02_27_21_463.jpg,/Users/martin/smart-technologies-ca2/data_track2/IMG/left_2026_08_30_02_27_21_463.jpg,/Users/martin/smart-technologies-ca2/data_track2/IMG/right_2026_08_30_02_27_21_463.jpg,-0.35,0,0,29.17467
/Users/martin/smart-technologies-ca2/data_track2/IMG/center_2026_08_30_02_27_21_531.jpg,/Users/martin/smart-technologies-ca2/data_track2/IMG/left_2026_08_30_02_27_21_531.jpg,/Users/martin/smart-technologies-ca2/data_track2/IMG/right_2026_08_30_02_27_21_531.jpg,-0.5500001,0,0,29.2351
/Users/martin/smart-technologies-ca2/data_track2/IMG/center_2026_08_30_02_27_21_601.jpg,/Users/martin/smart-technologies-ca2/data_track2/IMG/left_2026_08_30_02_27_21_601.jpg,/Users/martin/smart-technologies-ca2/data_track2/IMG/right_2026_08_30_02_27_21_601.jpg,0,0,0,29.29858
/Users/martin/smart-technologies-ca2/data_track2/IMG/center_2026_08_30_02_27_21_668.jpg,/Users/martin/smart-technologies-ca2/data_track2/IMG/left_2026_08_30_02_27_21_668.jpg,/Users/martin/smart-technologies-ca2/data_track2/IMG/right_2026_08_30_02_27_21_668.jpg,-0.1,0,0,29.40418
/Users/martin/smart-technologies-ca2/data_track2/IMG/center_2026_08_30_02_27_21_736.jpg,/Users/martin/smart-technologies-ca2/data_track2/IMG/left_2026_08_30_02_27_21_736.jpg,/Users/martin/smart-technologies-ca2/data_track2/IMG/right_2026_08_30_02_27_21_736.jpg,-0.25,0,0,29.51323
/Users/martin/smart-technologies-ca2/data_track2/IMG/center_2026_08_30_02_27_21_803.jpg,/Users/martin/smart-technologies-ca2/data_track2/IMG/left_2026_08_30_02_27_21_803.jpg,/Users/martin/smart-technologies-ca2/data_track2/IMG/right_2026_08_30_02_27_21_803.jpg,-0.4,0,0,29.53672
/Users/martin/smart-technologies-ca2/data_track2/IMG/center_2026_08_30_02_27_21_872.jpg,/Users/martin/smart-technologies-ca2/data_track2/IMG/left_2026_08_30_02_27_21_872.jpg,/Users/martin/smart-technologies-ca2/data_track2/IMG/right_2026_08_30_02_27_21_872.jpg,-0.6000001,0,0,29.44518
/Users/martin/smart-technologies-ca2/data_track2/IMG/center_2026_08_30_02_27_21_942.jpg,/Users/martin/smart-technologies-ca2/data_track2/IMG/left_2026_08_30_02_27_21_942.jpg,/Users/martin/smart-technologies-ca2/data_track2/IMG/right_2026_08_30_02_27_21_942.jpg,-0.7500002,0,0,29.39686
/Users/martin/smart-technologies-ca2/data_track2/IMG/center_2026_08_30_02_27_22_011.jpg,/Users/martin/smart-technologies-ca2/data_track2/IMG/left_2026_08_30_02_27_22_011.jpg,/Users/martin/smart-technologies-ca2/data_track2/IMG/right_2026_08_30_02_27_22_011.jpg,0,0,0,29.32677
/Users/martin/smart-technologies-ca2/data_track2/IMG/center_2026_08_30_02_27_22_077.jpg,/Users/martin/smart-technologies-ca2/data_track2/IMG/left_2026_08_30_02_27_22_077.jpg,/Users/martin/smart-technologies-ca2/data_track2/IMG/right_2026_08_30_02_27_22_077.jpg,-0.05,0,0,29.31694
/Users/martin/smart-technologies-ca2/data_track2/IMG/center_2026_08_30_02_27_22_148.jpg,/Users/martin/smart-technologies-ca2/data_track2/IMG/left_2026_08_30_02_27_22_148.jpg,/Users/martin/smart-technologies-ca2/data_track2/IMG/right_2026_08_30_02_27_22_148.jpg,-0.25,0,0,29.39099
/Users/martin/smart-technologies-ca2/data_track2/IMG/center_2026_08_30_02_27_22_215.jpg,/Users/martin/smart-technologies-ca2/data_track2/IMG/left_2026_08_30_02_27_22_215.jpg,/Users/martin/smart-technologies-ca2/data_track2/IMG/right_2026_08_30_02_27_22_215.jpg,-0.4,0,0,29.25821
/Users/martin/smart-technologies-ca2/data_track2/IMG/center_2026_08_30_02_27_22_284.jpg,/Users/martin/smart-technologies-ca2/data_track2/IMG/left_2026_08_30_02_27_22_284.jpg,/Users/martin/smart-technologies-ca2/data_track2/IMG/right_2026_08_30_02_27_22_284.jpg,0,0,0,29.2109
/Users/martin/smart-technologies-ca2/data_track2/IMG/center_2026_08_30_02_27_22_352.jpg,/Users/martin/smart-technologies-ca2/data_track2/IMG/left_2026_08_30_02_27_22_352.jpg,/Users/martin/smart-technologies-ca2/data_track2/IMG/right_2026_08_30_02_27_22_352.jpg,-0.2,0,0,29.16944
/Users/martin/smart-technologies-ca2/data_track2/IMG/center_2026_08_30_02_27_22_420.jpg,/Users/martin/smart-technologies-ca2/data_track2/IMG/left_2026_08_30_02_27_22_420.jpg,/Users/martin/smart-technologies-ca2/data_track2/IMG/right_2026_08_30_02_27_22_420.jpg,0,0,0,29.00431
/Users/martin/smart-technologies-ca2/data_track2/IMG/center_2026_08_30_02_27_22_487.jpg,/Users/martin/smart-technologies-ca2/data_track2/IMG/left_2026_08_30_02_27_22_487.jpg,/Users/martin/smart-technologies-ca2/data_track2/IMG/right_2026_08_30_02_27_22_487.jpg,0,0,0,28.88671
/Users/martin/smart-technologies-ca2/data_track2/IMG/center_2026_08_30_02_27_22_555.jpg,/Users/martin/smart-technologies-ca2/data_track2/IMG/left_2026_08_30_02_27_22_555.jpg,/Users/martin/smart-technologies-ca2/data_track2/IMG/right_2026_08_30_02_27_22_555.jpg,0.05,0,0,28.7982
/Users/martin/smart-technologies-ca2/data_track2/IMG/center_2026_08_30_02_27_22_623.jpg,/Users/martin/smart-technologies-ca2/data_track2/IMG/left_2026_08_30_02_27_22_623.jpg,/Users/martin/smart-technologies-ca2/data_track2/IMG/right_2026_08_30_02_27_22_623.jpg,0.2,0,0,28.6527
/Users/martin/smart-technologies-ca2/data_track2/IMG/center_2026_08_30_02_27_22_690.jpg,/Users/martin/smart-technologies-ca2/data_track2/IMG/left_2026_08_30_02_27_22_690.jpg,/Users/martin/smart-technologies-ca2/data_track2/IMG/right_2026_08_30_02_27_22_690.jpg,0,0.2078369,0,28.56591
/Users/martin/smart-technologies-ca2/data_track2/IMG/center_2026_08_30_02_27_22_759.jpg,/Users/martin/smart-technologies-ca2/data_track2/IMG/left_2026_08_30_02_27_22_759.jpg,/Users/martin/smart-technologies-ca2/data_track2/IMG/right_2026_08_30_02_27_22_759.jpg,0,0.2917199,0,28.65885
/Users/martin/smart-technologies-ca2/data_track2/IMG/center_2026_08_30_02_27_22_827.jpg,/Users/martin/smart-technologies-ca2/data_track2/IMG/left_2026_08_30_02_27_22_827.jpg,/Users/martin/smart-technologies-ca2/data_track2/IMG/right_2026_08_30_02_27_22_827.jpg,0,0.05955005,0,28.71439
/Users/martin/smart-technologies-ca2/data_track2/IMG/center_2026_08_30_02_27_22_896.jpg,/Users/martin/smart-technologies-ca2/data_track2/IMG/left_2026_08_30_02_27_22_896.jpg,/Users/martin/smart-technologies-ca2/data_track2/IMG/right_2026_08_30_02_27_22_896.jpg,0,0,0.1609322,27.8726
/Users/martin/smart-technologies-ca2/data_track2/IMG/center_2026_08_30_02_27_22_965.jpg,/Users/martin/smart-technologies-ca2/data_track2/IMG/left_2026_08_30_02_27_22_965.jpg,/Users/martin/smart-technologies-ca2/data_track2/IMG/right_2026_08_30_02_27_22_965.jpg,0,0,0.3484232,27.11535
/Users/martin/smart-technologies-ca2/data_track2/IMG/center_2026_08_30_02_27_23_033.jpg,/Users/martin/smart-technologies-ca2/data_track2/IMG/left_2026_08_30_02_27_23_033.jpg,/Users/martin/smart-technologies-ca2/data_track2/IMG/right_2026_08_30_02_27_23_033.jpg,0.1,0,0.581553,26.37311
/Users/martin/smart-technologies-ca2/data_track2/IMG/center_2026_08_30_02_27_23_100.jpg,/Users/martin/smart-technologies-ca2/data_track2/IMG/left_2026_08_30_02_27_23_100.jpg,/Users/martin/smart-technologies-ca2/data_track2/IMG/right_2026_08_30_02_27_23_100.jpg,0.25,0,0.7606441,25.71638
/Users/martin/smart-technologies-ca2/data_track2/IMG/center_2026_08_30_02_27_23_168.jpg,/Users/martin/smart-technologies-ca2/data_track2/IMG/left_2026_08_30_02_27_23_168.jpg,/Users/martin/smart-technologies-ca2/data_track2/IMG/right_2026_08_30_02_27_23_168.jpg,0.45,0,1,24.77178
/Users/martin/smart-technologies-ca2/data_track2/IMG/center_2026_08_30_02_27_23_237.jpg,/Users/martin/smart-technologies-ca2/data_track2/IMG/left_2026_08_30_02_27_23_237.jpg,/Users/martin/smart-technologies-ca2/data_track2/IMG/right_2026_08_30_02_27_23_237.jpg,0.6000001,0,1,24.00158
/Users/martin/smart-technologies-ca2/data_track2/IMG/center_2026_08_30_02_27_23_303.jpg,/Users/martin/smart-technologies-ca2/data_track2/IMG/left_2026_08_30_02_27_23_303.jpg,/Users/martin/smart-technologies-ca2/data_track2/IMG/right_2026_08_30_02_27_23_303.jpg,0.7500002,0,1,23.24225
/Users/martin/smart-technologies-ca2/data_track2/IMG/center_2026_08_30_02_27_23_370.jpg,/Users/martin/smart-technologies-ca2/data_track2/IMG/left_2026_08_30_02_27_23_370.jpg,/Users/martin/smart-technologies-ca2/data_track2/IMG/right_2026_08_30_02_27_23_370.jpg,0.9500002,0,0.778579,22.13
/Users/martin/smart-technologies-ca2/data_track2/IMG/center_2026_08_30_02_27_23_438.jpg,/Users/martin/smart-technologies-ca2/data_track2/IMG/left_2026_08_30_02_27_23_438.jpg,/Users/martin/smart-technologies-ca2/data_track2/IMG/right_2026_08_30_02_27_23_438.jpg,0,0,0.599107,21.5417
/Users/martin/smart-technologies-ca2/data_track2/IMG/center_2026_08_30_02_27_23_506.jpg,/Users/martin/smart-technologies-ca2/data_track2/IMG/left_2026_08_30_02_27_23_506.jpg,/Users/martin/smart-technologies-ca2/data_track2/IMG/right_2026_08_30_02_27_23_506.jpg,0.1,0,0.3609791,20.60786
/Users/martin/smart-technologies-ca2/data_track2/IMG/center_2026_08_30_02_27_23_572.jpg,/Users/martin/smart-technologies-ca2/data_track2/IMG/left_2026_08_30_02_27_23_572.jpg,/Users/martin/smart-technologies-ca2/data_track2/IMG/right_2026_08_30_02_27_23_572.jpg,0.25,0,0.1803699,19.8762
/Users/martin/smart-technologies-ca2/data_track2/IMG/center_2026_08_30_02_27_23_639.jpg,/Users/martin/smart-technologies-ca2/data_track2/IMG/left_2026_08_30_02_27_23_639.jpg,/Users/martin/smart-technologies-ca2/data_track2/IMG/right_2026_08_30_02_27_23_639.jpg,0.4,0.04224014,0,19.23314
/Users/martin/smart-technologies-ca2/data_track2/IMG/center_2026_08_30_02_27_23_707.jpg,/Users/martin/smart-technologies-ca2/data_track2/IMG/left_2026_08_30_02_27_23_707.jpg,/Users/martin/smart-technologies-ca2/data_track2/IMG/right_2026_08_30_02_27_23_707.jpg,0,0.279219,0,19.04778
/Users/martin/smart-technologies-ca2/data_track2/IMG/center_2026_08_30_02_27_23_774.jpg,/Users/martin/smart-technologies-ca2/data_track2/IMG/left_2026_08_30_02_27_23_774.jpg,/Users/martin/smart-technologies-ca2/data_track2/IMG/right_2026_08_30_02_27_23_774.jpg,0,0.4625341,0,19.5585
/Users/martin/smart-technologies-ca2/data_track2/IMG/center_2026_08_30_02_27_23_843.jpg,/Users/martin/smart-technologies-ca2/data_track2/IMG/left_2026_08_30_02_27_23_843.jpg,/Users/martin/smart-technologies-ca2/data_track2/IMG/right_2026_08_30_02_27_23_843.jpg,0.1,0.6416159,0,20.04762
/Users/martin/smart-technologies-ca2/data_track2/IMG/center_2026_08_30_02_27_23_910.jpg,/Users/martin/smart-technologies-ca2/data_track2/IMG/left_2026_08_30_02_27_23_910.jpg,/Users/martin/smart-technologies-ca2/data_track2/IMG/right_2026_08_30_02_27_23_910.jpg,0,0.4787518,0,20.84999
/Users/martin/smart-technologies-ca2/data_track2/IMG/center_2026_08_30_02_27_23_978.jpg,/Users/martin/smart-technologies-ca2/data_track2/IMG/left_2026_08_30_02_27_23_978.jpg,/Users/martin/smart-technologies-ca2/data_track2/IMG/right_2026_08_30_02_27_23_978.jpg,0,0.3411423,0,21.2827
/Users/martin/smart-technologies-ca2/data_track2/IMG/center_2026_08_30_02_27_24_047.jpg,/Users/martin/smart-technologies-ca2/data_track2/IMG/left_2026_08_30_02_27_24_047.jpg,/Users/martin/smart-technologies-ca2/data_track2/IMG/right_2026_08_30_02_27_24_047.jpg,0.2,0.318267,0,21.83063
/Users/martin/smart-technologies-ca2/data_track2/IMG/center_2026_08_30_02_27_24_114.jpg,/Users/martin/smart-technologies-ca2/data_track2/IMG/left_2026_08_30_02_27_24_114.jpg,/Users/martin/smart-technologies-ca2/data_track2/IMG/right_2026_08_30_02_27_24_114.jpg,0.35,0.3438063,0,22.22205
/Users/martin/smart-technologies-ca2/data_track2/IMG/center_2026_08_30_02_27_24_182.jpg,/Users/martin/smart-technologies-ca2/data_track2/IMG/left_2026_08_30_02_27_24_182.jpg,/Users/martin/smart-technologies-ca2/data_track2/IMG/right_2026_08_30_02_27_24_182.jpg,0.5000001,0.5262122,0,22.53185
/Users/martin/smart-technologies-ca2/data_track2/IMG/center_2026_08_30_02_27_24_251.jpg,/Users/martin/smart-technologies-ca2/data_track2/IMG/left_2026_08_30_02_27_24_251.jpg,/Users/martin/smart-technologies-ca2/data_track2/IMG/right_2026_08_30_02_27_24_251.jpg,0.7,0.7635151,0,23.25294
/Users/martin/smart-technologies-ca2/data_track2/IMG/center_2026_08_30_02_27_24_320.jpg,/Users/martin/smart-technologies-ca2/data_track2/IMG/left_2026_08_30_02_27_24_320.jpg,/Users/martin/smart-technologies-ca2/data_track2/IMG/right_2026_08_30_02_27_24_320.jpg,0.8500001,0.945327,0,23.73591
/Users/martin/smart-technologies-ca2/data_track2/IMG/center_2026_08_30_02_27_24_387.jpg,/Users/martin/smart-technologies-ca2/data_track2/IMG/left_2026_08_30_02_27_24_387.jpg,/Users/martin/smart-technologies-ca2/data_track2/IMG/right_2026_08_30_02_27_24_387.jpg,1,0.8164389,0,24.54384
/Users/martin/smart-technologies-ca2/data_track2/IMG/center_2026_08_30_02_27_24_455.jpg,/Users/martin/smart-technologies-ca2/data_track2/IMG/left_2026_08_30_02_27_24_455.jpg,/Users/martin/smart-technologies-ca2/data_track2/IMG/right_2026_08_30_02_27_24_455.jpg,1,0.635569,0,24.99786
/Users/martin/smart-technologies-ca2/data_track2/IMG/center_2026_08_30_02_27_24_521.jpg,/Users/martin/smart-technologies-ca2/data_track2/IMG/left_2026_08_30_02_27_24_521.jpg,/Users/martin/smart-technologies-ca2/data_track2/IMG/right_2026_08_30_02_27_24_521.jpg,0,0.4609629,0,25.33795
/Users/martin/smart-technologies-ca2/data_track2/IMG/center_2026_08_30_02_27_24_588.jpg,/Users/martin/smart-technologies-ca2/data_track2/IMG/left_2026_08_30_02_27_24_588.jpg,/Users/martin/smart-technologies-ca2/data_track2/IMG/right_2026_08_30_02_27_24_588.jpg,0,0.2200447,0,25.59817
/Users/martin/smart-technologies-ca2/data_track2/IMG/center_2026_08_30_02_27_24_658.jpg,/Users/martin/smart-technologies-ca2/data_track2/IMG/left_2026_08_30_02_27_24_658.jpg,/Users/martin/smart-technologies-ca2/data_track2/IMG/right_2026_08_30_02_27_24_658.jpg,0,0.03588676,0,25.88717
/Users/martin/smart-technologies-ca2/data_track2/IMG/center_2026_08_30_02_27_24_724.jpg,/Users/martin/smart-technologies-ca2/data_track2/IMG/left_2026_08_30_02_27_24_724.jpg,/Users/martin/smart-technologies-ca2/data_track2/IMG/right_2026_08_30_02_27_24_724.jpg,0,0,0,25.92976
/Users/martin/smart-technologies-ca2/data_track2/IMG/center_2026_08_30_02_27_24_793.jpg,/Users/martin/smart-technologies-ca2/data_track2/IMG/left_2026_08_30_02_27_24_793.jpg,/Users/martin/smart-technologies-ca2/data_track2/IMG/right_2026_08_30_02_27_24_793.jpg,0,0,0,25.97604
/Users/martin/smart-technologies-ca2/data_track2/IMG/center_2026_08_30_02_27_24_859.jpg,/Users/martin/smart-technologies-ca2/data_track2/IMG/left_2026_08_30_02_27_24_859.jpg,/Users/martin/smart-technologies-ca2/data_track2/IMG/right_2026_08_30_02_27_24_859.jpg,0,0,0,26.06834
/Users/martin/smart-technologies-ca2/data_track2/IMG/center_2026_08_30_02_27_24_928.jpg,/Users/martin/smart-technologies-ca2/data_track2/IMG/left_2026_08_30_02_27_24_928.jpg,/Users/martin/smart-technologies-ca2/data_track2/IMG/right_2026_08_30_02_27_24_928.jpg,0,0,0,26.12099
/Users/martin/smart-technologies-ca2/data_track2/IMG/center_2026_08_30_02_27_24_995.jpg,/Users/martin/smart-technologies-ca2/data_track2/IMG/left_2026_08_30_02_27_24_995.jpg,/Users/martin/smart-technologies-ca2/data_track2/IMG/right_2026_08_30_02_27_24_995.jpg,0,0.09988225,0,26.09273
/Users/martin/smart-technologies-ca2/data_track2/IMG/center_2026_08_30_02_27_25_064.jpg,/Users/martin/smart-technologies-ca2/data_track2/IMG/left_2026_08_30_02_27_25_064.jpg,/Users/martin/smart-technologies-ca2/data_track2/IMG/right_2026_08_30_02_27_25_064.jpg,0,0.2771552,0,26.27332
/Users/martin/smart-technologies-ca2/data_track2/IMG/center_2026_08_30_02_27_25_131.jpg,/Users/martin/smart-technologies-ca2/data_track2/IMG/left_2026_08_30_02_27_25_131.jpg,/Users/martin/smart-technologies-ca2/data_track2/IMG/right_2026_08_30_02_27_25_131.jpg,0.15,0.5165251,0,26.55168
/Users/martin/smart-technologies-ca2/data_track2/IMG/center_2026_08_30_02_27_25_200.jpg,/Users/martin/smart-technologies-ca2/data_track2/IMG/left_2026_08_30_02_27_25_200.jpg,/Users/martin/smart-technologies-ca2/data_track2/IMG/right_2026_08_30_02_27_25_200.jpg,0.3,0.3385953,0,26.69319
/Users/martin/smart-technologies-ca2/data_track2/IMG/center_2026_08_30_02_27_25_267.jpg,/Users/martin/smart-technologies-ca2/data_track2/IMG/left_2026_08_30_02_27_25_267.jpg,/Users/martin/smart-technologies-ca2/data_track2/IMG/right_2026_08_30_02_27_25_267.jpg,0.5000001,0.09228623,0,26.77937
/Users/martin/smart-technologies-ca2/data_track2/IMG/center_2026_08_30_02_27_25_336.jpg,/Users/martin/smart-technologies-ca2/data_track2/IMG/left_2026_08_30_02_27_25_336.jpg,/Users/martin/smart-technologies-ca2/data_track2/IMG/right_2026_08_30_02_27_25_336.jpg,0.6500001,0,0,26.61056
/Users/martin/smart-technologies-ca2/data_track2/IMG/center_2026_08_30_02_27_25_404.jpg,/Users/martin/smart-technologies-ca2/data_track2/IMG/left_2026_08_30_02_27_25_404.jpg,/Users/martin/smart-technologies-ca2/data_track2/IMG/right_2026_08_30_02_27_25_404.jpg,0.8000001,0,0,26.38609
/Users/martin/smart-technologies-ca2/data_track2/IMG/center_2026_08_30_02_27_25_471.jpg,/Users/martin/smart-technologies-ca2/data_track2/IMG/left_2026_08_30_02_27_25_471.jpg,/Users/martin/smart-technologies-ca2/data_track2/IMG/right_2026_08_30_02_27_25_471.jpg,1,0,0,25.99749
/Users/martin/smart-technologies-ca2/data_track2/IMG/center_2026_08_30_02_27_25_540.jpg,/Users/martin/smart-technologies-ca2/data_track2/IMG/left_2026_08_30_02_27_25_540.jpg,/Users/martin/smart-technologies-ca2/data_track2/IMG/right_2026_08_30_02_27_25_540.jpg,1,0,0,25.76694
/Users/martin/smart-technologies-ca2/data_track2/IMG/center_2026_08_30_02_27_25_607.jpg,/Users/martin/smart-technologies-ca2/data_track2/IMG/left_2026_08_30_02_27_25_607.jpg,/Users/martin/smart-technologies-ca2/data_track2/IMG/right_2026_08_30_02_27_25_607.jpg,1,0,0,25.5787
/Users/martin/smart-technologies-ca2/data_track2/IMG/center_2026_08_30_02_27_25_674.jpg,/Users/martin/smart-technologies-ca2/data_track2/IMG/left_2026_08_30_02_27_25_674.jpg,/Users/martin/smart-technologies-ca2/data_track2/IMG/right_2026_08_30_02_27_25_674.jpg,1,0,0,25.59917
/Users/martin/smart-technologies-ca2/data_track2/IMG/center_2026_08_30_02_27_25_741.jpg,/Users/martin/smart-technologies-ca2/data_track2/IMG/left_2026_08_30_02_27_25_741.jpg,/Users/martin/smart-technologies-ca2/data_track2/IMG/right_2026_08_30_02_27_25_741.jpg,1,0,0,25.46135
/Users/martin/smart-technologies-ca2/data_track2/IMG/center_2026_08_30_02_27_25_809.jpg,/Users/martin/smart-technologies-ca2/data_track2/IMG/left_2026_08_30_02_27_25_809.jpg,/Users/martin/smart-technologies-ca2/data_track2/IMG/right_2026_08_30_02_27_25_809.jpg,1,0,0,24.91398
/Users/martin/smart-technologies-ca2/data_track2/IMG/center_2026_08_30_02_27_25_878.jpg,/Users/martin/smart-technologies-ca2/data_track2/IMG/left_2026_08_30_02_27_25_878.jpg,/Users/martin/smart-technologies-ca2/data_track2/IMG/right_2026_08_30_02_27_25_878.jpg,0,0,0,25.02273
/Users/martin/smart-technologies-ca2/data_track2/IMG/center_2026_08_30_02_27_25_948.jpg,/Users/martin/smart-technologies-ca2/data_track2/IMG/left_2026_08_30_02_27_25_948.jpg,/Users/martin/smart-technologies-ca2/data_track2/IMG/right_2026_08_30_02_27_25_948.jpg,0,0,0,25.10212
/Users/martin/smart-technologies-ca2/data_track2/IMG/center_2026_08_30_02_27_26_018.jpg,/Users/martin/smart-technologies-ca2/data_track2/IMG/left_2026_08_30_02_27_26_018.jpg,/Users/martin/smart-technologies-ca2/data_track2/IMG/right_2026_08_30_02_27_26_018.jpg,0.1,0,0,25.36651
/Users/martin/smart-technologies-ca2/data_track2/IMG/center_2026_08_30_02_27_26_087.jpg,/Users/martin/smart-technologies-ca2/data_track2/IMG/left_2026_08_30_02_27_26_087.jpg,/Users/martin/smart-technologies-ca2/data_track2/IMG/right_2026_08_30_02_27_26_087.jpg,0.3,0,0,25.49298
/Users/martin/smart-technologies-ca2/data_track2/IMG/center_2026_08_30_02_27_26_154.jpg,/Users/martin/smart-technologies-ca2/data_track2/IMG/left_2026_08_30_02_27_26_154.jpg,/Users/martin/smart-technologies-ca2/data_track2/IMG/right_2026_08_30_02_27_26_154.jpg,0.45,0,0,25.39379
/Users/martin/smart-technologies-ca2/data_track2/IMG/center_2026_08_30_02_27_26_223.jpg,/Users/martin/smart-technologies-ca2/data_track2/IMG/left_2026_08_30_02_27_26_223.jpg,/Users/martin/smart-technologies-ca2/data_track2/IMG/right_2026_08_30_02_27_26_223.jpg,0.6000001,0,0,25.55018
/Users/martin/smart-technologies-ca2/data_track2/IMG/center_2026_08_30_02_27_26_293.jpg,/Users/martin/smart-technologies-ca2/data_track2/IMG/left_2026_08_30_02_27_26_293.jpg,/Users/martin/smart-technologies-ca2/data_track2/IMG/right_2026_08_30_02_27_26_293.jpg,0,0,0,25.76546
/Users/martin/smart-technologies-ca2/data_track2/IMG/center_2026_08_30_02_27_26_359.jpg,/Users/martin/smart-technologies-ca2/data_track2/IMG/left_2026_08_30_02_27_26_359.jpg,/Users/martin/smart-technologies-ca2/data_track2/IMG/right_2026_08_30_02_27_26_359.jpg,0,0,0,25.79309
/Users/martin/smart-technologies-ca2/data_track2/IMG/center_2026_08_30_02_27_26_428.jpg,/Users/martin/smart-technologies-ca2/data_track2/IMG/left_2026_08_30_02_27_26_428.jpg,/Users/martin/smart-technologies-ca2/data_track2/IMG/right_2026_08_30_02_27_26_428.jpg,0.1,0,0,26.00993
/Users/martin/smart-technologies-ca2/data_track2/IMG/center_2026_08_30_02_27_26_496.jpg,/Users/martin/smart-technologies-ca2/data_track2/IMG/left_2026_08_30_02_27_26_496.jpg,/Users/martin/smart-technologies-ca2/data_track2/IMG/right_2026_08_30_02_27_26_496.jpg,0.25,0,0,26.2554
/Users/martin/smart-technologies-ca2/data_track2/IMG/center_2026_08_30_02_27_26_565.jpg,/Users/martin/smart-technologies-ca2/data_track2/IMG/left_2026_08_30_02_27_26_565.jpg,/Users/martin/smart-technologies-ca2/data_track2/IMG/right_2026_08_30_02_27_26_565.jpg,0.45,0,0,26.41207
/Users/martin/smart-technologies-ca2/data_track2/IMG/center_2026_08_30_02_27_26_635.jpg,/Users/martin/smart-technologies-ca2/data_track2/IMG/left_2026_08_30_02_27_26_635.jpg,/Users/martin/smart-technologies-ca2/data_track2/IMG/right_2026_08_30_02_27_26_635.jpg,-0.05,0,0,26.56517
/Users/martin/smart-technologies-ca2/data_track2/IMG/center_2026_08_30_02_27_26_705.jpg,/Users/martin/smart-technologies-ca2/data_track2/IMG/left_2026_08_30_02_27_26_705.jpg,/Users/martin/smart-technologies-ca2/data_track2/IMG/right_2026_08_30_02_27_26_705.jpg,-0.2,0,0,26.67342
/Users/martin/smart-technologies-ca2/data_track2/IMG/center_2026_08_30_02_27_26_772.jpg,/Users/martin/smart-technologies-ca2/data_track2/IMG/left_2026_08_30_02_27_26_772.jpg,/Users/martin/smart-technologies-ca2/data_track2/IMG/right_2026_08_30_02_27_26_772.jpg,-0.4,0,0,26.81778
/Users/martin/smart-technologies-ca2/data_track2/IMG/center_2026_08_30_02_27_26_841.jpg,/Users/martin/smart-technologies-ca2/data_track2/IMG/left_2026_08_30_02_27_26_841.jpg,/Users/martin/smart-technologies-ca2/data_track2/IMG/right_2026_08_30_02_27_26_841.jpg,-0.5500001,0,0,26.99325
/Users/martin/smart-technologies-ca2/data_track2/IMG/center_2026_08_30_02_27_26_910.jpg,/Users/martin/smart-technologies-ca2/data_track2/IMG/left_2026_08_30_02_27_26_910.jpg,/Users/martin/smart-technologies-ca2/data_track2/IMG/right_2026_08_30_02_27_26_910.jpg,-0.7500002,0,0,26.55621
/Users/martin/smart-technologies-ca2/data_track2/IMG/center_2026_08_30_02_27_26_981.jpg,/Users/martin/smart-technologies-ca2/data_track2/IMG/left_2026_08_30_02_27_26_981.jpg,/Users/martin/smart-technologies-ca2/data_track2/IMG/right_2026_08_30_02_27_26_981.jpg,0,0,0,26.43088
/Users/martin/smart-technologies-ca2/data_track2/IMG/center_2026_08_30_02_27_27_050.jpg,/Users/martin/smart-technologies-ca2/data_track2/IMG/left_2026_08_30_02_27_27_050.jpg,/Users/martin/smart-technologies-ca2/data_track2/IMG/right_2026_08_30_02_27_27_050.jpg,0,0,0,26.68587
/Users/martin/smart-technologies-ca2/data_track2/IMG/center_2026_08_30_02_27_27_118.jpg,/Users/martin/smart-technologies-ca2/data_track2/IMG/left_2026_08_30_02_27_27_118.jpg,/Users/martin/smart-technologies-ca2/data_track2/IMG/right_2026_08_30_02_27_27_118.jpg,0,0,0,26.75181
/Users/martin/smart-technologies-ca2/data_track2/IMG/center_2026_08_30_02_27_27_187.jpg,/Users/martin/smart-technologies-ca2/data_track2/IMG/left_2026_08_30_02_27_27_187.jpg,/Users/martin/smart-technologies-ca2/data_track2/IMG/right_2026_08_30_02_27_27_187.jpg,0,0,0,26.42122
/Users/martin/smart-technologies-ca2/data_track2/IMG/center_2026_08_30_02_27_27_255.jpg,/Users/martin/smart-technologies-ca2/data_track2/IMG/left_2026_08_30_02_27_27_255.jpg,/Users/martin/smart-technologies-ca2/data_track2/IMG/right_2026_08_30_02_27_27_255.jpg,0.15,0,0,25.6904
/Users/martin/smart-technologies-ca2/data_track2/IMG/center_2026_08_30_02_27_27_322.jpg,/Users/martin/smart-technologies-ca2/data_track2/IMG/left_2026_08_30_02_27_27_322.jpg,/Users/martin/smart-technologies-ca2/data_track2/IMG/right_2026_08_30_02_27_27_322.jpg,0.3,0,0,25.45404
/Users/martin/smart-technologies-ca2/data_track2/IMG/center_2026_08_30_02_27_27_391.jpg,/Users/martin/smart-technologies-ca2/data_track2/IMG/left_2026_08_30_02_27_27_391.jpg,/Users/martin/smart-technologies-ca2/data_track2/IMG/right_2026_08_30_02_27_27_391.jpg,0,0,0,25.25314
/Users/martin/smart-technologies-ca2/data_track2/IMG/center_2026_08_30_02_27_27_459.jpg,/Users/martin/smart-technologies-ca2/data_track2/IMG/left_2026_08_30_02_27_27_459.jpg,/Users/martin/smart-technologies-ca2/data_track2/IMG/right_2026_08_30_02_27_27_459.jpg,0.1,0,0,25.48531
/Users/martin/smart-technologies-ca2/data_track2/IMG/center_2026_08_30_02_27_27_526.jpg,/Users/martin/smart-technologies-ca2/data_track2/IMG/left_2026_08_30_02_27_27_526.jpg,/Users/martin/smart-technologies-ca2/data_track2/IMG/right_2026_08_30_02_27_27_526.jpg,0.3,0,0,25.25434
/Users/martin/smart-technologies-ca2/data_track2/IMG/center_2026_08_30_02_27_27_596.jpg,/Users/martin/smart-technologies-ca2/data_track2/IMG/left_2026_08_30_02_27_27_596.jpg,/Users/martin/smart-technologies-ca2/data_track2/IMG/right_2026_08_30_02_27_27_596.jpg,0.45,0,0,25.20773
/Users/martin/smart-technologies-ca2/data_track2/IMG/center_2026_08_30_02_27_27_665.jpg,/Users/martin/smart-technologies-ca2/data_track2/IMG/left_2026_08_30_02_27_27_665.jpg,/Users/martin/smart-technologies-ca2/data_track2/IMG/right_2026_08_30_02_27_27_665.jpg,0.6000001,0,0,25.20121
/Users/martin/smart-technologies-ca2/data_track2/IMG/center_2026_08_30_02_27_27_734.jpg,/Users/martin/smart-technologies-ca2/data_track2/IMG/left_2026_08_30_02_27_27_734.jpg,/Users/martin/smart-technologies-ca2/data_track2/IMG/right_2026_08_30_02_27_27_734.jpg,0,0,0,25.23575
/Users/martin/smart-technologies-ca2/data_track2/IMG/center_2026_08_30_02_27_27_804.jpg,/Users/martin/smart-technologies-ca2/data_track2/IMG/left_2026_08_30_02_27_27_804.jpg,/Users/martin/smart-technologies-ca2/data_track2/IMG/right_2026_08_30_02_27_27_804.jpg,0,0,0,24.87379
/Users/martin/smart-technologies-ca2/data_track2/IMG/center_2026_08_30_02_27_27_873.jpg,/Users/martin/smart-technologies-ca2/data_track2/IMG/left_2026_08_30_02_27_27_873.jpg,/Users/martin/smart-technologies-ca2/data_track2/IMG/right_2026_08_30_02_27_27_873.jpg,0.15,0,0,25.37068
/Users/martin/smart-technologies-ca2/data_track2/IMG/center_2026_08_30_02_27_27_943.jpg,/Users/martin/smart-technologies-ca2/data_track2/IMG/left_2026_08_30_02_27_27_943.jpg,/Users/martin/smart-technologies-ca2/data_track2/IMG/right_2026_08_30_02_27_27_943.jpg,0.3,0,0,25.50317
/Users/martin/smart-technologies-ca2/data_track2/IMG/center_2026_08_30_02_27_28_010.jpg,/Users/martin/smart-technologies-ca2/data_track2/IMG/left_2026_08_30_02_27_28_010.jpg,/Users/martin/smart-technologies-ca2/data_track2/IMG/right_2026_08_30_02_27_28_010.jpg,0,0,0,25.73162
/Users/martin/smart-technologies-ca2/data_track2/IMG/center_2026_08_30_02_27_28_081.jpg,/Users/martin/smart-technologies-ca2/data_track2/IMG/left_2026_08_30_02_27_28_081.jpg,/Users/martin/smart-technologies-ca2/data_track2/IMG/right_2026_08_30_02_27_28_081.jpg,0,0,0,25.55413
/Users/martin/smart-technologies-ca2/data_track2/IMG/center_2026_08_30_02_27_28_149.jpg,/Users/martin/smart-technologies-ca2/data_track2/IMG/left_2026_08_30_02_27_28_149.jpg,/Users/martin/smart-technologies-ca2/data_track2/IMG/right_2026_08_30_02_27_28_149.jpg,0.05,0,0,25.85926
/Users/martin/smart-technologies-ca2/data_track2/IMG/center_2026_08_30_02_27_28_217.jpg,/Users/martin/smart-technologies-ca2/data_track2/IMG/left_2026_08_30_02_27_28_217.jpg,/Users/martin/smart-technologies-ca2/data_track2/IMG/right_2026_08_30_02_27_28_217.jpg,0.2,0,0,26.0997
/Users/martin/smart-technologies-ca2/data_track2/IMG/center_2026_08_30_02_27_28_284.jpg,/Users/martin/smart-technologies-ca2/data_track2/IMG/left_2026_08_30_02_27_28_284.jpg,/Users/martin/smart-technologies-ca2/data_track2/IMG/right_2026_08_30_02_27_28_284.jpg,0.35,0,0,26.21824
/Users/martin/smart-technologies-ca2/data_track2/IMG/center_2026_08_30_02_27_28_351.jpg,/Users/martin/smart-technologies-ca2/data_track2/IMG/left_2026_08_30_02_27_28_351.jpg,/Users/martin/smart-technologies-ca2/data_track2/IMG/right_2026_08_30_02_27_28_351.jpg,-0.15,0,0,26.38079
/Users/martin/smart-technologies-ca2/data_track2/IMG/center_2026_08_30_02_27_28_420.jpg,/Users/martin/smart-technologies-ca2/data_track2/IMG/left_2026_08_30_02_27_28_420.jpg,/Users/martin/smart-technologies-ca2/data_track2/IMG/right_2026_08_30_02_27_28_420.jpg,-0.3,0,0,26.47747
/Users/martin/smart-technologies-ca2/data_track2/IMG/center_2026_08_30_02_27_28_489.jpg,/Users/martin/smart-technologies-ca2/data_track2/IMG/left_2026_08_30_02_27_28_489.jpg,/Users/martin/smart-technologies-ca2/data_track2/IMG/right_2026_08_30_02_27_28_489.jpg,-0.5000001,0,0,26.54189
/Users/martin/smart-technologies-ca2/data_track2/IMG/center_2026_08_30_02_27_28_555.jpg,/Users/martin/smart-technologies-ca2/data_track2/IMG/left_2026_08_30_02_27_28_555.jpg,/Users/martin/smart-technologies-ca2/data_track2/IMG/right_2026_08_30_02_27_28_555.jpg,-0.6500001,0,0,26.5884
/Users/martin/smart-technologies-ca2/data_track2/IMG/center_2026_08_30_02_27_28_622.jpg,/Users/martin/smart-technologies-ca2/data_track2/IMG/left_2026_08_30_02_27_28_622.jpg,/Users/martin/smart-technologies-ca2/data_track2/IMG/right_2026_08_30_02_27_28_622.jpg,-0.8000001,0,0,26.58975
/Users/martin/smart-technologies-ca2/data_track2/IMG/center_2026_08_30_02_27_28_689.jpg,/Users/martin/smart-technologies-ca2/data_track2/IMG/left_2026_08_30_02_27_28_689.jpg,/Users/martin/smart-technologies-ca2/data_track2/IMG/right_2026_08_30_02_27_28_689.jpg,0,0,0,26.49952
/Users/martin/smart-technologies-ca2/data_track2/IMG/center_2026_08_30_02_27_28_758.jpg,/Users/martin/smart-technologies-ca2/data_track2/IMG/left_2026_08_30_02_27_28_758.jpg,/Users/martin/smart-technologies-ca2/data_track2/IMG/right_2026_08_30_02_27_28_758.jpg,0,0,0,26.64711
/Users/martin/smart-technologies-ca2/data_track2/IMG/center_2026_08_30_02_27_28_825.jpg,/Users/martin/smart-technologies-ca2/data_track2/IMG/left_2026_08_30_02_27_28_825.jpg,/Users/martin/smart-technologies-ca2/data_track2/IMG/right_2026_08_30_02_27_28_825.jpg,0,0,0,26.85448
/Users/martin/smart-technologies-ca2/data_track2/IMG/center_2026_08_30_02_27_28_892.jpg,/Users/martin/smart-technologies-ca2/data_track2/IMG/left_2026_08_30_02_27_28_892.jpg,/Users/martin/smart-technologies-ca2/data_track2/IMG/right_2026_08_30_02_27_28_892.jpg,0,0,0,26.88728
/Users/martin/smart-technologies-ca2/data_track2/IMG/center_2026_08_30_02_27_28_959.jpg,/Users/martin/smart-technologies-ca2/data_track2/IMG/left_2026_08_30_02_27_28_959.jpg,/Users/martin/smart-technologies-ca2/data_track2/IMG/right_2026_08_30_02_27_28_959.jpg,0,0,0,26.93776
/Users/martin/smart-technologies-ca2/data_track2/IMG/center_2026_08_30_02_27_29_026.jpg,/Users/martin/smart-technologies-ca2/data_track2/IMG/left_2026_08_30_02_27_29_026.jpg,/Users/martin/smart-technologies-ca2/data_track2/IMG/right_2026_08_30_02_27_29_026.jpg,0,0,0,27.06882
/Users/martin/smart-technologies-ca2/data_track2/IMG/center_2026_08_30_02_27_29_093.jpg,/Users/martin/smart-technologies-ca2/data_track2/IMG/left_2026_08_30_02_27_29_093.jpg,/Users/martin/smart-technologies-ca2/data_track2/IMG/right_2026_08_30_02_27_29_093.jpg,0,0,0,26.72929
/Users/martin/smart-technologies-ca2/data_track2/IMG/center_2026_08_30_02_27_29_164.jpg,/Users/martin/smart-technologies-ca2/data_track2/IMG/left_2026_08_30_02_27_29_164.jpg,/Users/martin/smart-technologies-ca2/data_track2/IMG/right_2026_08_30_02_27_29_164.jpg,0,0,0,26.74608
/Users/martin/smart-technologies-ca2/data_track2/IMG/center_2026_08_30_02_27_29_233.jpg,/Users/martin/smart-technologies-ca2/data_track2/IMG/left_2026_08_30_02_27_29_233.jpg,/Users/martin/smart-technologies-ca2/data_track2/IMG/right_2026_08_30_02_27_29_233.jpg,0,0,0,26.03628
/Users/martin/smart-technologies-ca2/data_track2/IMG/center_2026_08_30_02_27_29_300.jpg,/Users/martin/smart-technologies-ca2/data_track2/IMG/left_2026_08_30_02_27_29_300.jpg,/Users/martin/smart-technologies-ca2/data_track2/IMG/right_2026_08_30_02_27_29_300.jpg,0,0,0,25.63963
/Users/martin/smart-technologies-ca2/data_track2/IMG/center_2026_08_30_02_27_29_368.jpg,/Users/martin/smart-technologies-ca2/data_track2/IMG/left_2026_08_30_02_27_29_368.jpg,/Users/martin/smart-technologies-ca2/data_track2/IMG/right_2026_08_30_02_27_29_368.jpg,0,0.09896994,0,25.52197
/Users/martin/smart-technologies-ca2/data_track2/IMG/center_2026_08_30_02_27_29_435.jpg,/Users/martin/smart-technologies-ca2/data_track2/IMG/left_2026_08_30_02_27_29_435.jpg,/Users/martin/smart-technologies-ca2/data_track2/IMG/right_2026_08_30_02_27_29_435.jpg,0,0.2808001,0,25.94255
/Users/martin/smart-technologies-ca2/data_track2/IMG/center_2026_08_30_02_27_29_504.jpg,/Users/martin/smart-technologies-ca2/data_track2/IMG/left_2026_08_30_02_27_29_504.jpg,/Users/martin/smart-technologies-ca2/data_track2/IMG/right_2026_08_30_02_27_29_504.jpg,0,0.46323,0,25.7232
/Users/martin/smart-technologies-ca2/data_track2/IMG/center_2026_08_30_02_27_29_573.jpg,/Users/martin/smart-technologies-ca2/data_track2/IMG/left_2026_08_30_02_27_29_573.jpg,/Users/martin/smart-technologies-ca2/data_track2/IMG/right_2026_08_30_02_27_29_573.jpg,0,0.705294,0,26.28633
/Users/martin/smart-technologies-ca2/data_track2/IMG/center_2026_08_30_02_27_29_643.jpg,/Users/martin/smart-technologies-ca2/data_track2/IMG/left_2026_08_30_02_27_29_643.jpg,/Users/martin/smart-technologies-ca2/data_track2/IMG/right_2026_08_30_02_27_29_643.jpg,0,0.7770213,0,26.66179
/Users/martin/smart-technologies-ca2/data_track2/IMG/center_2026_08_30_02_27_29_709.jpg,/Users/martin/smart-technologies-ca2/data_track2/IMG/left_2026_08_30_02_27_29_709.jpg,/Users/martin/smart-technologies-ca2/data_track2/IMG/right_2026_08_30_02_27_29_709.jpg,0,0.538854,0,27.09837
/Users/martin/smart-technologies-ca2/data_track2/IMG/center_2026_08_30_02_27_29_779.jpg,/Users/martin/smart-technologies-ca2/data_track2/IMG/left_2026_08_30_02_27_29_779.jpg,/Users/martin/smart-technologies-ca2/data_track2/IMG/right_2026_08_30_02_27_29_779.jpg,0,0.6495842,0,27.34185
/Users/martin/smart-technologies-ca2/data_track2/IMG/center_2026_08_30_02_27_29_848.jpg,/Users/martin/smart-technologies-ca2/data_track2/IMG/left_2026_08_30_02_27_29_848.jpg,/Users/martin/smart-technologies-ca2/data_track2/IMG/right_2026_08_30_02_27_29_848.jpg,0.15,0.8907723,0,27.84877
/Users/martin/smart-technologies-ca2/data_track2/IMG/center_2026_08_30_02_27_29_915.jpg,/Users/martin/smart-technologies-ca2/data_track2/IMG/left_2026_08_30_02_27_29_915.jpg,/Users/martin/smart-technologies-ca2/data_track2/IMG/right_2026_08_30_02_27_29_915.jpg,0.3,1,0,28.33507
/Users/martin/smart-technologies-ca2/data_track2/IMG/center_2026_08_30_02_27_29_981.jpg,/Users/martin/smart-technologies-ca2/data_track2/IMG/left_2026_08_30_02_27_29_981.jpg,/Users/martin/smart-technologies-ca2/data_track2/IMG/right_2026_08_30_02_27_29_981.jpg,0.45,1,0,28.79806
/Users/martin/smart-technologies-ca2/data_track2/IMG/center_2026_08_30_02_27_30_048.jpg,/Users/martin/smart-technologies-ca2/data_track2/IMG/left_2026_08_30_02_27_30_048.jpg,/Users/martin/smart-technologies-ca2/data_track2/IMG/right_2026_08_30_02_27_30_048.jpg,0,0.8653088,0,29.49676
/Users/martin/smart-technologies-ca2/data_track2/IMG/center_2026_08_30_02_27_30_115.jpg,/Users/martin/smart-technologies-ca2/data_track2/IMG/left_2026_08_30_02_27_30_115.jpg,/Users/martin/smart-technologies-ca2/data_track2/IMG/right_2026_08_30_02_27_30_115.jpg,0.05,0.6829028,0,29.70539
/Users/martin/smart-technologies-ca2/data_track2/IMG/center_2026_08_30_02_27_30_184.jpg,/Users/martin/smart-technologies-ca2/data_track2/IMG/left_2026_08_30_02_27_30_184.jpg,/Users/martin/smart-technologies-ca2/data_track2/IMG/right_2026_08_30_02_27_30_184.jpg,0.2,0.501637,0,29.78041
/Users/martin/smart-technologies-ca2/data_track2/IMG/center_2026_08_30_02_27_30_251.jpg,/Users/martin/smart-technologies-ca2/data_track2/IMG/left_2026_08_30_02_27_30_251.jpg,/Users/martin/smart-technologies-ca2/data_track2/IMG/right_2026_08_30_02_27_30_251.jpg,0.4,0.2659388,0,29.79674
/Users/martin/smart-technologies-ca2/data_track2/IMG/center_2026_08_30_02_27_30_318.jpg,/Users/martin/smart-technologies-ca2/data_track2/IMG/left_2026_08_30_02_27_30_318.jpg,/Users/martin/smart-technologies-ca2/data_track2/IMG/right_2026_08_30_02_27_30_318.jpg,0,0.0826509,0,29.17926
/Users/martin/smart-technologies-ca2/data_track2/IMG/center_2026_08_30_02_27_30_388.jpg,/Users/martin/smart-technologies-ca2/data_track2/IMG/left_2026_08_30_02_27_30_388.jpg,/Users/martin/smart-technologies-ca2/data_track2/IMG/right_2026_08_30_02_27_30_388.jpg,0.05,0,0,28.38055
/Users/martin/smart-technologies-ca2/data_track2/IMG/center_2026_08_30_02_27_30_457.jpg,/Users/martin/smart-technologies-ca2/data_track2/IMG/left_2026_08_30_02_27_30_457.jpg,/Users/martin/smart-technologies-ca2/data_track2/IMG/right_2026_08_30_02_27_30_457.jpg,0.2,0,0,27.99281
/Users/martin/smart-technologies-ca2/data_track2/IMG/center_2026_08_30_02_27_30_526.jpg,/Users/martin/smart-technologies-ca2/data_track2/IMG/left_2026_08_30_02_27_30_526.jpg,/Users/martin/smart-technologies-ca2/data_track2/IMG/right_2026_08_30_02_27_30_526.jpg,0,0,0,27.18256
/Users/martin/smart-technologies-ca2/data_track2/IMG/center_2026_08_30_02_27_30_595.jpg,/Users/martin/smart-technologies-ca2/data_track2/IMG/left_2026_08_30_02_27_30_595.jpg,/Users/martin/smart-technologies-ca2/data_track2/IMG/right_2026_08_30_02_27_30_595.jpg,0,0.116955,0,26.10006
/Users/martin/smart-technologies-ca2/data_track2/IMG/center_2026_08_30_02_27_30_662.jpg,/Users/martin/smart-technologies-ca2/data_track2/IMG/left_2026_08_30_02_27_30_662.jpg,/Users/martin/smart-technologies-ca2/data_track2/IMG/right_2026_08_30_02_27_30_662.jpg,0,0.2999521,0,25.7857
/Users/martin/smart-technologies-ca2/data_track2/IMG/center_2026_08_30_02_27_30_731.jpg,/Users/martin/smart-technologies-ca2/data_track2/IMG/left_2026_08_30_02_27_30_731.jpg,/Users/martin/smart-technologies-ca2/data_track2/IMG/right_2026_08_30_02_27_30_731.jpg,0,0.5342191,0,25.734
/Users/martin/smart-technologies-ca2/data_track2/IMG/center_2026_08_30_02_27_30_801.jpg,/Users/martin/smart-technologies-ca2/data_track2/IMG/left_2026_08_30_02_27_30_801.jpg,/Users/martin/smart-technologies-ca2/data_track2/IMG/right_2026_08_30_02_27_30_801.jpg,0,0.7208701,0,25.35461
/Users/martin/smart-technologies-ca2/data_track2/IMG/center_2026_08_30_02_27_30_869.jpg,/Users/martin/smart-technologies-ca2/data_track2/IMG/left_2026_08_30_02_27_30_869.jpg,/Users/martin/smart-technologies-ca2/data_track2/IMG/right_2026_08_30_02_27_30_869.jpg,0,0.5654794,0,25.36454
/Users/martin/smart-technologies-ca2/data_track2/IMG/center_2026_08_30_02_27_30_938.jpg,/Users/martin/smart-technologies-ca2/data_track2/IMG/left_2026_08_30_02_27_30_938.jpg,/Users/martin/smart-technologies-ca2/data_track2/IMG/right_2026_08_30_02_27_30_938.jpg,0,0.3833585,0,25.30149
/Users/martin/smart-technologies-ca2/data_track2/IMG/center_2026_08_30_02_27_31_008.jpg,/Users/martin/smart-technologies-ca2/data_track2/IMG/left_2026_08_30_02_27_31_008.jpg,/Users/martin/smart-technologies-ca2/data_track2/IMG/right_2026_08_30_02_27_31_008.jpg,0,0.4829882,0,25.00875
/Users/martin/smart-technologies-ca2/data_track2/IMG/center_2026_08_30_02_27_31_076.jpg,/Users/martin/smart-technologies-ca2/data_track2/IMG/left_2026_08_30_02_27_31_076.jpg,/Users/martin/smart-technologies-ca2/data_track2/IMG/right_2026_08_30_02_27_31_076.jpg,-0.05,0.6623522,0,24.90821
/Users/martin/smart-technologies-ca2/data_track2/IMG/center_2026_08_30_02_27_31_143.jpg,/Users/martin/smart-technologies-ca2/data_track2/IMG/left_2026_08_30_02_27_31_143.jpg,/Users/martin/smart-technologies-ca2/data_track2/IMG/right_2026_08_30_02_27_31_143.jpg,-0.2,0.8396763,0,25.01667
/Users/martin/smart-technologies-ca2/data_track2/IMG/center_2026_08_30_02_27_31_212.jpg,/Users/martin/smart-technologies-ca2/data_track2/IMG/left_2026_08_30_02_27_31_212.jpg,/Users/martin/smart-technologies-ca2/data_track2/IMG/right_2026_08_30_02_27_31_212.jpg,-0.4,0.9618701,0,25.22055
/Users/martin/smart-technologies-ca2/data_track2/IMG/center_2026_08_30_02_27_31_282.jpg,/Users/martin/smart-technologies-ca2/data_track2/IMG/left_2026_08_30_02_27_31_282.jpg,/Users/martin/smart-technologies-ca2/data_track2/IMG/right_2026_08_30_02_27_31_282.jpg,0,0.7788973,0,25.38612
/Users/martin/smart-technologies-ca2/data_track2/IMG/center_2026_08_30_02_27_31_349.jpg,/Users/martin/smart-technologies-ca2/data_track2/IMG/left_2026_08_30_02_27_31_349.jpg,/Users/martin/smart-technologies-ca2/data_track2/IMG/right_2026_08_30_02_27_31_349.jpg,0,0.5430732,0,25.27418
/Users/martin/smart-technologies-ca2/data_track2/IMG/center_2026_08_30_02_27_31_418.jpg,/Users/martin/smart-technologies-ca2/data_track2/IMG/left_2026_08_30_02_27_31_418.jpg,/Users/martin/smart-technologies-ca2/data_track2/IMG/right_2026_08_30_02_27_31_418.jpg,0,0.3628062,0,25.16207
/Users/martin/smart-technologies-ca2/data_track2/IMG/center_2026_08_30_02_27_31_487.jpg,/Users/martin/smart-technologies-ca2/data_track2/IMG/left_2026_08_30_02_27_31_487.jpg,/Users/martin/smart-technologies-ca2/data_track2/IMG/right_2026_08_30_02_27_31_487.jpg,-0.05,0.1189301,0,24.68243
/Users/martin/smart-technologies-ca2/data_track2/IMG/center_2026_08_30_02_27_31_557.jpg,/Users/martin/smart-technologies-ca2/data_track2/IMG/left_2026_08_30_02_27_31_557.jpg,/Users/martin/smart-technologies-ca2/data_track2/IMG/right_2026_08_30_02_27_31_557.jpg,-0.2,0,0,24.08895
/Users/martin/smart-technologies-ca2/data_track2/IMG/center_2026_08_30_02_27_31_626.jpg,/Users/martin/smart-technologies-ca2/data_track2/IMG/left_2026_08_30_02_27_31_626.jpg,/Users/martin/smart-technologies-ca2/data_track2/IMG/right_2026_08_30_02_27_31_626.jpg,-0.4,0,0,23.42136
/Users/martin/smart-technologies-ca2/data_track2/IMG/center_2026_08_30_02_27_31_693.jpg,/Users/martin/smart-technologies-ca2/data_track2/IMG/left_2026_08_30_02_27_31_693.jpg,/Users/martin/smart-technologies-ca2/data_track2/IMG/right_2026_08_30_02_27_31_693.jpg,-0.5500001,0,0,22.92513
/Users/martin/smart-technologies-ca2/data_track2/IMG/center_2026_08_30_02_27_31_760.jpg,/Users/martin/smart-technologies-ca2/data_track2/IMG/left_2026_08_30_02_27_31_760.jpg,/Users/martin/smart-technologies-ca2/data_track2/IMG/right_2026_08_30_02_27_31_760.jpg,-0.7,0,0.07413912,21.90151
/Users/martin/smart-technologies-ca2/data_track2/IMG/center_2026_08_30_02_27_31_828.jpg,/Users/martin/smart-technologies-ca2/data_track2/IMG/left_2026_08_30_02_27_31_828.jpg,/Users/martin/smart-technologies-ca2/data_track2/IMG/right_2026_08_30_02_27_31_828.jpg,-0.9000002,0,0.3132212,20.34357
/Users/martin/smart-technologies-ca2/data_track2/IMG/center_2026_08_30_02_27_31_894.jpg,/Users/martin/smart-technologies-ca2/data_track2/IMG/left_2026_08_30_02_27_31_894.jpg,/Users/martin/smart-technologies-ca2/data_track2/IMG/right_2026_08_30_02_27_31_894.jpg,-1,0,0.4892911,19.72189
/Users/martin/smart-technologies-ca2/data_track2/IMG/center_2026_08_30_02_27_31_961.jpg,/Users/martin/smart-technologies-ca2/data_track2/IMG/left_2026_08_30_02_27_31_961.jpg,/Users/martin/smart-technologies-ca2/data_track2/IMG/right_2026_08_30_02_27_31_961.jpg,-1,0,0.3369963,18.96263
/Users/martin/smart-technologies-ca2/data_track2/IMG/center_2026_08_30_02_27_32_029.jpg,/Users/martin/smart-technologies-ca2/data_track2/IMG/left_2026_08_30_02_27_32_029.jpg,/Users/martin/smart-technologies-ca2/data_track2/IMG/right_2026_08_30_02_27_32_029.jpg,0,0,0.1002992,17.49394
/Users/martin/smart-technologies-ca2/data_track2/IMG/center_2026_08_30_02_27_32_096.jpg,/Users/martin/smart-technologies-ca2/data_track2/IMG/left_2026_08_30_02_27_32_096.jpg,/Users/martin/smart-technologies-ca2/data_track2/IMG/right_2026_08_30_02_27_32_096.jpg,0,0,0,16.1962
/Users/martin/smart-technologies-ca2/data_track2/IMG/center_2026_08_30_02_27_32_164.jpg,/Users/martin/smart-technologies-ca2/data_track2/IMG/left_2026_08_30_02_27_32_164.jpg,/Users/martin/smart-technologies-ca2/data_track2/IMG/right_2026_08_30_02_27_32_164.jpg,-0.1,0,0,16.11362
/Users/martin/smart-technologies-ca2/data_track2/IMG/center_2026_08_30_02_27_32_233.jpg,/Users/martin/smart-technologies-ca2/data_track2/IMG/left_2026_08_30_02_27_32_233.jpg,/Users/martin/smart-technologies-ca2/data_track2/IMG/right_2026_08_30_02_27_32_233.jpg,-0.3,0,0,15.68335
/Users/martin/smart-technologies-ca2/data_track2/IMG/center_2026_08_30_02_27_32_302.jpg,/Users/martin/smart-technologies-ca2/data_track2/IMG/left_2026_08_30_02_27_32_302.jpg,/Users/martin/smart-technologies-ca2/data_track2/IMG/right_2026_08_30_02_27_32_302.jpg,-0.45,0.159777,0,15.31312
/Users/martin/smart-technologies-ca2/data_track2/IMG/center_2026_08_30_02_27_32_369.jpg,/Users/martin/smart-technologies-ca2/data_track2/IMG/left_2026_08_30_02_27_32_369.jpg,/Users/martin/smart-technologies-ca2/data_track2/IMG/right_2026_08_30_02_27_32_369.jpg,-0.6500001,0.399534,0,15.1891
/Users/martin/smart-technologies-ca2/data_track2/IMG/center_2026_08_30_02_27_32_436.jpg,/Users/martin/smart-technologies-ca2/data_track2/IMG/left_2026_08_30_02_27_32_436.jpg,/Users/martin/smart-technologies-ca2/data_track2/IMG/right_2026_08_30_02_27_32_436.jpg,-0.8000001,0.578619,0,15.04284
/Users/martin/smart-technologies-ca2/data_track2/IMG/center_2026_08_30_02_27_32_505.jpg,/Users/martin/smart-technologies-ca2/data_track2/IMG/left_2026_08_30_02_27_32_505.jpg,/Users/martin/smart-technologies-ca2/data_track2/IMG/right_2026_08_30_02_27_32_505.jpg,-0.9500002,0.6143371,0,14.70012
/Users/martin/smart-technologies-ca2/data_track2/IMG/center_2026_08_30_02_27_32_573.jpg,/Users/martin/smart-technologies-ca2/data_track2/IMG/left_2026_08_30_02_27_32_573.jpg,/Users/martin/smart-technologies-ca2/data_track2/IMG/right_2026_08_30_02_27_32_573.jpg,-1,0.3721833,0,14.82269
/Users/martin/smart-technologies-ca2/data_track2/IMG/center_2026_08_30_02_27_32_642.jpg,/Users/martin/smart-technologies-ca2/data_track2/IMG/left_2026_08_30_02_27_32_642.jpg,/Users/martin/smart-technologies-ca2/data_track2/IMG/right_2026_08_30_02_27_32_642.jpg,-1,0.3944224,0,14.7015
/Users/martin/smart-technologies-ca2/data_track2/IMG/center_2026_08_30_02_27_32_709.jpg,/Users/martin/smart-technologies-ca2/data_track2/IMG/left_2026_08_30_02_27_32_709.jpg,/Users/martin/smart-technologies-ca2/data_track2/IMG/right_2026_08_30_02_27_32_709.jpg,-1,0.6374255,0,14.84736
/Users/martin/smart-technologies-ca2/data_track2/IMG/center_2026_08_30_02_27_32_778.jpg,/Users/martin/smart-technologies-ca2/data_track2/IMG/left_2026_08_30_02_27_32_778.jpg,/Users/martin/smart-technologies-ca2/data_track2/IMG/right_2026_08_30_02_27_32_778.jpg,-1,0.8177437,0,15.11336
/Users/martin/smart-technologies-ca2/data_track2/IMG/center_2026_08_30_02_27_32_847.jpg,/Users/martin/smart-technologies-ca2/data_track2/IMG/left_2026_08_30_02_27_32_847.jpg,/Users/martin/smart-technologies-ca2/data_track2/IMG/right_2026_08_30_02_27_32_847.jpg,0,1,0,15.48194
/Users/martin/smart-technologies-ca2/data_track2/IMG/center_2026_08_30_02_27_32_914.jpg,/Users/martin/smart-technologies-ca2/data_track2/IMG/left_2026_08_30_02_27_32_914.jpg,/Users/martin/smart-technologies-ca2/data_track2/IMG/right_2026_08_30_02_27_32_914.jpg,0,0.8422332,0,15.05584
/Users/martin/smart-technologies-ca2/data_track2/IMG/center_2026_08_30_02_27_32_983.jpg,/Users/martin/smart-technologies-ca2/data_track2/IMG/left_2026_08_30_02_27_32_983.jpg,/Users/martin/smart-technologies-ca2/data_track2/IMG/right_2026_08_30_02_27_32_983.jpg,-0.05,0.9505512,0,15.62725
/Users/martin/smart-technologies-ca2/data_track2/IMG/center_2026_08_30_02_27_33_049.jpg,/Users/martin/smart-technologies-ca2/data_track2/IMG/left_2026_08_30_02_27_33_049.jpg,/Users/martin/smart-technologies-ca2/data_track2/IMG/right_2026_08_30_02_27_33_049.jpg,-0.25,1,0,15.80521
/Users/martin/smart-technologies-ca2/data_track2/IMG/center_2026_08_30_02_27_33_116.jpg,/Users/martin/smart-technologies-ca2/data_track2/IMG/left_2026_08_30_02_27_33_116.jpg,/Users/martin/smart-technologies-ca2/data_track2/IMG/right_2026_08_30_02_27_33_116.jpg,-0.4,1,0,15.95795
/Users/martin/smart-technologies-ca2/data_track2/IMG/center_2026_08_30_02_27_33_183.jpg,/Users/martin/smart-technologies-ca2/data_track2/IMG/left_2026_08_30_02_27_33_183.jpg,/Users/martin/smart-technologies-ca2/data_track2/IMG/right_2026_08_30_02_27_33_183.jpg,-0.5500001,1,0,16.13097
/Users/martin/smart-technologies-ca2/data_track2/IMG/center_2026_08_30_02_27_33_250.jpg,/Users/martin/smart-technologies-ca2/data_track2/IMG/left_2026_08_30_02_27_33_250.jpg,/Users/martin/smart-technologies-ca2/data_track2/IMG/right_2026_08_30_02_27_33_250.jpg,-0.7500002,1,0,16.61468
/Users/martin/smart-technologies-ca2/data_track2/IMG/center_2026_08_30_02_27_33_318.jpg,/Users/martin/smart-technologies-ca2/data_track2/IMG/left_2026_08_30_02_27_33_318.jpg,/Users/martin/smart-technologies-ca2/data_track2/IMG/right_2026_08_30_02_27_33_318.jpg,0,1,0,16.41678
/Users/martin/smart-technologies-ca2/data_track2/IMG/center_2026_08_30_02_27_33_387.jpg,/Users/martin/smart-technologies-ca2/data_track2/IMG/left_2026_08_30_02_27_33_387.jpg,/Users/martin/smart-technologies-ca2/data_track2/IMG/right_2026_08_30_02_27_33_387.jpg,0,1,0,17.17994
/Users/martin/smart-technologies-ca2/data_track2/IMG/center_2026_08_30_02_27_33_454.jpg,/Users/martin/smart-technologies-ca2/data_track2/IMG/left_2026_08_30_02_27_33_454.jpg,/Users/martin/smart-technologies-ca2/data_track2/IMG/right_2026_08_30_02_27_33_454.jpg,0,1,0,17.39874
/Users/martin/smart-technologies-ca2/data_track2/IMG/center_2026_08_30_02_27_33_521.jpg,/Users/martin/smart-technologies-ca2/data_track2/IMG/left_2026_08_30_02_27_33_521.jpg,/Users/martin/smart-technologies-ca2/data_track2/IMG/right_2026_08_30_02_27_33_521.jpg,0,1,0,17.76353
/Users/martin/smart-technologies-ca2/data_track2/IMG/center_2026_08_30_02_27_33_587.jpg,/Users/martin/smart-technologies-ca2/data_track2/IMG/left_2026_08_30_02_27_33_587.jpg,/Users/martin/smart-technologies-ca2/data_track2/IMG/right_2026_08_30_02_27_33_587.jpg,-0.15,1,0,18.15748
/Users/martin/smart-technologies-ca2/data_track2/IMG/center_2026_08_30_02_27_33_656.jpg,/Users/martin/smart-technologies-ca2/data_track2/IMG/left_2026_08_30_02_27_33_656.jpg,/Users/martin/smart-technologies-ca2/data_track2/IMG/right_2026_08_30_02_27_33_656.jpg,-0.3,1,0,18.32626
/Users/martin/smart-technologies-ca2/data_track2/IMG/center_2026_08_30_02_27_33_722.jpg,/Users/martin/smart-technologies-ca2/data_track2/IMG/left_2026_08_30_02_27_33_722.jpg,/Users/martin/smart-technologies-ca2/data_track2/IMG/right_2026_08_30_02_27_33_722.jpg,0,1,0,18.73886
/Users/martin/smart-technologies-ca2/data_track2/IMG/center_2026_08_30_02_27_33_791.jpg,/Users/martin/smart-technologies-ca2/data_track2/IMG/left_2026_08_30_02_27_33_791.jpg,/Users/martin/smart-technologies-ca2/data_track2/IMG/right_2026_08_30_02_27_33_791.jpg,0.1,0.9871479,0,19.09788
/Users/martin/smart-technologies-ca2/data_track2/IMG/center_2026_08_30_02_27_33_858.jpg,/Users/martin/smart-technologies-ca2/data_track2/IMG/left_2026_08_30_02_27_33_858.jpg,/Users/martin/smart-technologies-ca2/data_track2/IMG/right_2026_08_30_02_27_33_858.jpg,0.25,1,0,19.16123
/Users/martin/smart-technologies-ca2/data_track2/IMG/center_2026_08_30_02_27_33_926.jpg,/Users/martin/smart-technologies-ca2/data_track2/IMG/left_2026_08_30_02_27_33_926.jpg,/Users/martin/smart-technologies-ca2/data_track2/IMG/right_2026_08_30_02_27_33_926.jpg,0,1,0,19.52397
/Users/martin/smart-technologies-ca2/data_track2/IMG/center_2026_08_30_02_27_33_993.jpg,/Users/martin/smart-technologies-ca2/data_track2/IMG/left_2026_08_30_02_27_33_993.jpg,/Users/martin/smart-technologies-ca2/data_track2/IMG/right_2026_08_30_02_27_33_993.jpg,0,1,0,19.82791
/Users/martin/smart-technologies-ca2/data_track2/IMG/center_2026_08_30_02_27_34_060.jpg,/Users/martin/smart-technologies-ca2/data_track2/IMG/left_2026_08_30_02_27_34_060.jpg,/Users/martin/smart-technologies-ca2/data_track2/IMG/right_2026_08_30_02_27_34_060.jpg,0,1,0,19.97158
/Users/martin/smart-technologies-ca2/data_track2/IMG/center_2026_08_30_02_27_34_128.jpg,/Users/martin/smart-technologies-ca2/data_track2/IMG/left_2026_08_30_02_27_34_128.jpg,/Users/martin/smart-technologies-ca2/data_track2/IMG/right_2026_08_30_02_27_34_128.jpg,0,0.8427939,0,20.37137
/Users/martin/smart-technologies-ca2/data_track2/IMG/center_2026_08_30_02_27_34_197.jpg,/Users/martin/smart-technologies-ca2/data_track2/IMG/left_2026_08_30_02_27_34_197.jpg,/Users/martin/smart-technologies-ca2/data_track2/IMG/right_2026_08_30_02_27_34_197.jpg,0,0.6616361,0,20.4263
/Users/martin/smart-technologies-ca2/data_track2/IMG/center_2026_08_30_02_27_34_266.jpg,/Users/martin/smart-technologies-ca2/data_track2/IMG/left_2026_08_30_02_27_34_266.jpg,/Users/martin/smart-technologies-ca2/data_track2/IMG/right_2026_08_30_02_27_34_266.jpg,0,0.4237031,0,20.17387
/Users/martin/smart-technologies-ca2/data_track2/IMG/center_2026_08_30_02_27_34_333.jpg,/Users/martin/smart-technologies-ca2/data_track2/IMG/left_2026_08_30_02_27_34_333.jpg,/Users/martin/smart-technologies-ca2/data_track2/IMG/right_2026_08_30_02_27_34_333.jpg,0,0.5791031,0,20.06889
/Users/martin/smart-technologies-ca2/data_track2/IMG/center_2026_08_30_02_27_34_399.jpg,/Users/martin/smart-technologies-ca2/data_track2/IMG/left_2026_08_30_02_27_34_399.jpg,/Users/martin/smart-technologies-ca2/data_track2/IMG/right_2026_08_30_02_27_34_399.jpg,0,0.7615062,0,19.91025
/Users/martin/smart-technologies-ca2/data_track2/IMG/center_2026_08_30_02_27_34_466.jpg,/Users/martin/smart-technologies-ca2/data_track2/IMG/left_2026_08_30_02_27_34_466.jpg,/Users/martin/smart-technologies-ca2/data_track2/IMG/right_2026_08_30_02_27_34_466.jpg,0.2,0.8973697,0,19.99193
/Users/martin/smart-technologies-ca2/data_track2/IMG/center_2026_08_30_02_27_34_534.jpg,/Users/martin/smart-technologies-ca2/data_track2/IMG/left_2026_08_30_02_27_34_534.jpg,/Users/martin/smart-technologies-ca2/data_track2/IMG/right_2026_08_30_02_27_34_534.jpg,0.35,0.7197127,0,19.96262
/Users/martin/smart-technologies-ca2/data_track2/IMG/center_2026_08_30_02_27_34_602.jpg,/Users/martin/smart-technologies-ca2/data_track2/IMG/left_2026_08_30_02_27_34_602.jpg,/Users/martin/smart-technologies-ca2/data_track2/IMG/right_2026_08_30_02_27_34_602.jpg,0.5000001,0.5370908,0,19.84536
/Users/martin/smart-technologies-ca2/data_track2/IMG/center_2026_08_30_02_27_34_670.jpg,/Users/martin/smart-technologies-ca2/data_track2/IMG/left_2026_08_30_02_27_34_670.jpg,/Users/martin/smart-technologies-ca2/data_track2/IMG/right_2026_08_30_02_27_34_670.jpg,0.7,0.2977058,0,19.91661
/Users/martin/smart-technologies-ca2/data_track2/IMG/center_2026_08_30_02_27_34_738.jpg,/Users/martin/smart-technologies-ca2/data_track2/IMG/left_2026_08_30_02_27_34_738.jpg,/Users/martin/smart-technologies-ca2/data_track2/IMG/right_2026_08_30_02_27_34_738.jpg,0.8500001,0.1192237,0,19.55464
/Users/martin/smart-technologies-ca2/data_track2/IMG/center_2026_08_30_02_27_34_807.jpg,/Users/martin/smart-technologies-ca2/data_track2/IMG/left_2026_08_30_02_27_34_807.jpg,/Users/martin/smart-technologies-ca2/data_track2/IMG/right_2026_08_30_02_27_34_807.jpg,1,0,0,19.19612
/Users/martin/smart-technologies-ca2/data_track2/IMG/center_2026_08_30_02_27_34_874.jpg,/Users/martin/smart-technologies-ca2/data_track2/IMG/left_2026_08_30_02_27_34_874.jpg,/Users/martin/smart-technologies-ca2/data_track2/IMG/right_2026_08_30_02_27_34_874.jpg,1,0.03870928,0,18.81458
/Users/martin/smart-technologies-ca2/data_track2/IMG/center_2026_08_30_02_27_34_941.jpg,/Users/martin/smart-technologies-ca2/data_track2/IMG/left_2026_08_30_02_27_34_941.jpg,/Users/martin/smart-technologies-ca2/data_track2/IMG/right_2026_08_30_02_27_34_941.jpg,0,0.216936,0,18.23531
/Users/martin/smart-technologies-ca2/data_track2/IMG/center_2026_08_30_02_27_35_009.jpg,/Users/martin/smart-technologies-ca2/data_track2/IMG/left_2026_08_30_02_27_35_009.jpg,/Users/martin/smart-technologies-ca2/data_track2/IMG/right_2026_08_30_02_27_35_009.jpg,0,0.4578212,0,18.35461
/Users/martin/smart-technologies-ca2/data_track2/IMG/center_2026_08_30_02_27_35_077.jpg,/Users/martin/smart-technologies-ca2/data_track2/IMG/left_2026_08_30_02_27_35_077.jpg,/Users/martin/smart-technologies-ca2/data_track2/IMG/right_2026_08_30_02_27_35_077.jpg,0.15,0.6383911,0,18.53194
/Users/martin/smart-technologies-ca2/data_track2/IMG/center_2026_08_30_02_27_35_145.jpg,/Users/martin/smart-technologies-ca2/data_track2/IMG/left_2026_08_30_02_27_35_145.jpg,/Users/martin/smart-technologies-ca2/data_track2/IMG/right_2026_08_30_02_27_35_145.jpg,0.35,0.8760062,0,19.06296
/Users/martin/smart-technologies-ca2/data_track2/IMG/center_2026_08_30_02_27_35_214.jpg,/Users/martin/smart-technologies-ca2/data_track2/IMG/left_2026_08_30_02_27_35_214.jpg,/Users/martin/smart-technologies-ca2/data_track2/IMG/right_2026_08_30_02_27_35_214.jpg,0.5000001,1,0,19.50514
/Users/martin/smart-technologies-ca2/data_track2/IMG/center_2026_08_30_02_27_35_282.jpg,/Users/martin/smart-technologies-ca2/data_track2/IMG/left_2026_08_30_02_27_35_282.jpg,/Users/martin/smart-technologies-ca2/data_track2/IMG/right_2026_08_30_02_27_35_282.jpg,0.6500001,1,0,19.8932
/Users/martin/smart-technologies-ca2/data_track2/IMG/center_2026_08_30_02_27_35_349.jpg,/Users/martin/smart-technologies-ca2/data_track2/IMG/left_2026_08_30_02_27_35_349.jpg,/Users/martin/smart-technologies-ca2/data_track2/IMG/right_2026_08_30_02_27_35_349.jpg,0.8500001,1,0,20.13459
/Users/martin/smart-technologies-ca2/data_track2/IMG/center_2026_08_30_02_27_35_418.jpg,/Users/martin/smart-technologies-ca2/data_track2/IMG/left_2026_08_30_02_27_35_418.jpg,/Users/martin/smart-technologies-ca2/data_track2/IMG/right_2026_08_30_02_27_35_418.jpg,1,1,0,20.62651
/Users/martin/smart-technologies-ca2/data_track2/IMG/center_2026_08_30_02_27_35_485.jpg,/Users/martin/smart-technologies-ca2/data_track2/IMG/left_2026_08_30_02_27_35_485.jpg,/Users/martin/smart-technologies-ca2/data_track2/IMG/right_2026_08_30_02_27_35_485.jpg,1,1,0,20.9532
/Users/martin/smart-technologies-ca2/data_track2/IMG/center_2026_08_30_02_27_35_553.jpg,/Users/martin/smart-technologies-ca2/data_track2/IMG/left_2026_08_30_02_27_35_553.jpg,/Users/martin/smart-technologies-ca2/data_track2/IMG/right_2026_08_30_02_27_35_553.jpg,1,1,0,21.23006
/Users/martin/smart-technologies-ca2/data_track2/IMG/center_2026_08_30_02_27_35_620.jpg,/Users/martin/smart-technologies-ca2/data_track2/IMG/left_2026_08_30_02_27_35_620.jpg,/Users/martin/smart-technologies-ca2/data_track2/IMG/right_2026_08_30_02_27_35_620.jpg,1,1,0,21.85029
/Users/martin/smart-technologies-ca2/data_track2/IMG/center_2026_08_30_02_27_35_689.jpg,/Users/martin/smart-technologies-ca2/data_track2/IMG/left_2026_08_30_02_27_35_689.jpg,/Users/martin/smart-technologies-ca2/data_track2/IMG/right_2026_08_30_02_27_35_689.jpg,0,1,0,22.18647
/Users/martin/smart-technologies-ca2/data_track2/IMG/center_2026_08_30_02_27_35_756.jpg,/Users/martin/smart-technologies-ca2/data_track2/IMG/left_2026_08_30_02_27_35_756.jpg,/Users/martin/smart-technologies-ca2/data_track2/IMG/right_2026_08_30_02_27_35_756.jpg,0,1,0,22.50084
/Users/martin/smart-technologies-ca2/data_track2/IMG/center_2026_08_30_02_27_35_825.jpg,/Users/martin/smart-technologies-ca2/data_track2/IMG/left_2026_08_30_02_27_35_825.jpg,/Users/martin/smart-technologies-ca2/data_track2/IMG/right_2026_08_30_02_27_35_825.jpg,0,1,0,22.95658
/Users/martin/smart-technologies-ca2/data_track2/IMG/center_2026_08_30_02_27_35_893.jpg,/Users/martin/smart-technologies-ca2/data_track2/IMG/left_2026_08_30_02_27_35_893.jpg,/Users/martin/smart-technologies-ca2/data_track2/IMG/right_2026_08_30_02_27_35_893.jpg,0,1,0,23.312
/Users/martin/smart-technologies-ca2/data_track2/IMG/center_2026_08_30_02_27_35_960.jpg,/Users/martin/smart-technologies-ca2/data_track2/IMG/left_2026_08_30_02_27_35_960.jpg,/Users/martin/smart-technologies-ca2/data_track2/IMG/right_2026_08_30_02_27_35_960.jpg,0.05,1,0,23.59605
/Users/martin/smart-technologies-ca2/data_track2/IMG/center_2026_08_30_02_27_36_028.jpg,/Users/martin/smart-technologies-ca2/data_track2/IMG/left_2026_08_30_02_27_36_028.jpg,/Users/martin/smart-technologies-ca2/data_track2/IMG/right_2026_08_30_02_27_36_028.jpg,0,1,0,24.05263
/Users/martin/smart-technologies-ca2/data_track2/IMG/center_2026_08_30_02_27_36_097.jpg,/Users/martin/smart-technologies-ca2/data_track2/IMG/left_2026_08_30_02_27_36_097.jpg,/Users/martin/smart-technologies-ca2/data_track2/IMG/right_2026_08_30_02_27_36_097.jpg,0,1,0,24.56243
/Users/martin/smart-technologies-ca2/data_track2/IMG/center_2026_08_30_02_27_36_164.jpg,/Users/martin/smart-technologies-ca2/data_track2/IMG/left_2026_08_30_02_27_36_164.jpg,/Users/martin/smart-technologies-ca2/data_track2/IMG/right_2026_08_30_02_27_36_164.jpg,0.05,1,0,24.64323
/Users/martin/smart-technologies-ca2/data_track2/IMG/center_2026_08_30_02_27_36_233.jpg,/Users/martin/smart-technologies-ca2/data_track2/IMG/left_2026_08_30_02_27_36_233.jpg,/Users/martin/smart-technologies-ca2/data_track2/IMG/right_2026_08_30_02_27_36_233.jpg,0.25,1,0,25.03508
/Users/martin/smart-technologies-ca2/data_track2/IMG/center_2026_08_30_02_27_36_299.jpg,/Users/martin/smart-technologies-ca2/data_track2/IMG/left_2026_08_30_02_27_36_299.jpg,/Users/martin/smart-technologies-ca2/data_track2/IMG/right_2026_08_30_02_27_36_299.jpg,0.4,1,0,25.16853
/Users/martin/smart-technologies-ca2/data_track2/IMG/center_2026_08_30_02_27_36_367.jpg,/Users/martin/smart-technologies-ca2/data_track2/IMG/left_2026_08_30_02_27_36_367.jpg,/Users/martin/smart-technologies-ca2/data_track2/IMG/right_2026_08_30_02_27_36_367.jpg,0.6000001,0.9429158,0,25.43782
/Users/martin/smart-technologies-ca2/data_track2/IMG/center_2026_08_30_02_27_36_435.jpg,/Users/martin/smart-technologies-ca2/data_track2/IMG/left_2026_08_30_02_27_36_435.jpg,/Users/martin/smart-technologies-ca2/data_track2/IMG/right_2026_08_30_02_27_36_435.jpg,0.7500002,0.7668939,0,25.49848
/Users/martin/smart-technologies-ca2/data_track2/IMG/center_2026_08_30_02_27_36_504.jpg,/Users/martin/smart-technologies-ca2/data_track2/IMG/left_2026_08_30_02_27_36_504.jpg,/Users/martin/smart-technologies-ca2/data_track2/IMG/right_2026_08_30_02_27_36_504.jpg,0.9000002,0.586879,0,25.3613
/Users/martin/smart-technologies-ca2/data_track2/IMG/center_2026_08_30_02_27_36_571.jpg,/Users/martin/smart-technologies-ca2/data_track2/IMG/left_2026_08_30_02_27_36_571.jpg,/Users/martin/smart-technologies-ca2/data_track2/IMG/right_2026_08_30_02_27_36_571.jpg,0,0.3432819,0,25.04242
/Users/martin/smart-technologies-ca2/data_track2/IMG/center_2026_08_30_02_27_36_640.jpg,/Users/martin/smart-technologies-ca2/data_track2/IMG/left_2026_08_30_02_27_36_640.jpg,/Users/martin/smart-technologies-ca2/data_track2/IMG/right_2026_08_30_02_27_36_640.jpg,0,0.1656427,0,24.74464
/Users/martin/smart-technologies-ca2/data_track2/IMG/center_2026_08_30_02_27_36_707.jpg,/Users/martin/smart-technologies-ca2/data_track2/IMG/left_2026_08_30_02_27_36_707.jpg,/Users/martin/smart-technologies-ca2/data_track2/IMG/right_2026_08_30_02_27_36_707.jpg,0,0.1773883,0,24.25739
/Users/martin/smart-technologies-ca2/data_track2/IMG/center_2026_08_30_02_27_36_774.jpg,/Users/martin/smart-technologies-ca2/data_track2/IMG/left_2026_08_30_02_27_36_774.jpg,/Users/martin/smart-technologies-ca2/data_track2/IMG/right_2026_08_30_02_27_36_774.jpg,0,0.3561912,0,24.00348
/Users/martin/smart-technologies-ca2/data_track2/IMG/center_2026_08_30_02_27_36_841.jpg,/Users/martin/smart-technologies-ca2/data_track2/IMG/left_2026_08_30_02_27_36_841.jpg,/Users/martin/smart-technologies-ca2/data_track2/IMG/right_2026_08_30_02_27_36_841.jpg,0,0.3609794,0,23.83631
/Users/martin/smart-technologies-ca2/data_track2/IMG/center_2026_08_30_02_27_36_910.jpg,/Users/martin/smart-technologies-ca2/data_track2/IMG/left_2026_08_30_02_27_36_910.jpg,/Users/martin/smart-technologies-ca2/data_track2/IMG/right_2026_08_30_02_27_36_910.jpg,0,0.1692941,0,23.52437
/Users/martin/smart-technologies-ca2/data_track2/IMG/center_2026_08_30_02_27_36_977.jpg,/Users/martin/smart-technologies-ca2/data_track2/IMG/left_2026_08_30_02_27_36_977.jpg,/Users/martin/smart-technologies-ca2/data_track2/IMG/right_2026_08_30_02_27_36_977.jpg,0.1,0.349315,0,23.28202
/Users/martin/smart-technologies-ca2/data_track2/IMG/center_2026_08_30_02_27_37_045.jpg,/Users/martin/smart-technologies-ca2/data_track2/IMG/left_2026_08_30_02_27_37_045.jpg,/Users/martin/smart-technologies-ca2/data_track2/IMG/right_2026_08_30_02_27_37_045.jpg,0.3,0.5889701,0,23.1552
/Users/martin/smart-technologies-ca2/data_track2/IMG/center_2026_08_30_02_27_37_112.jpg,/Users/martin/smart-technologies-ca2/data_track2/IMG/left_2026_08_30_02_27_37_112.jpg,/Users/martin/smart-technologies-ca2/data_track2/IMG/right_2026_08_30_02_27_37_112.jpg,0.45,0.5715586,0,23.11289
/Users/martin/smart-technologies-ca2/data_track2/IMG/center_2026_08_30_02_27_37_179.jpg,/Users/martin/smart-technologies-ca2/data_track2/IMG/left_2026_08_30_02_27_37_179.jpg,/Users/martin/smart-technologies-ca2/data_track2/IMG/right_2026_08_30_02_27_37_179.jpg,0.6000001,0.3868062,0,22.96698
/Users/martin/smart-technologies-ca2/data_track2/IMG/center_2026_08_30_02_27_37_248.jpg,/Users/martin/smart-technologies-ca2/data_track2/IMG/left_2026_08_30_02_27_37_248.jpg,/Users/martin/smart-technologies-ca2/data_track2/IMG/right_2026_08_30_02_27_37_248.jpg,0,0.1444093,0,22.55697
/Users/martin/smart-technologies-ca2/data_track2/IMG/center_2026_08_30_02_27_37_314.jpg,/Users/martin/smart-technologies-ca2/data_track2/IMG/left_2026_08_30_02_27_37_314.jpg,/Users/martin/smart-technologies-ca2/data_track2/IMG/right_2026_08_30_02_27_37_314.jpg,0,0,0,22.19408
/Users/martin/smart-technologies-ca2/data_track2/IMG/center_2026_08_30_02_27_37_383.jpg,/Users/martin/smart-technologies-ca2/data_track2/IMG/left_2026_08_30_02_27_37_383.jpg,/Users/martin/smart-technologies-ca2/data_track2/IMG/right_2026_08_30_02_27_37_383.jpg,0,0.157401,0,21.86992
/Users/martin/smart-technologies-ca2/data_track2/IMG/center_2026_08_30_02_27_37_450.jpg,/Users/martin/smart-technologies-ca2/data_track2/IMG/left_2026_08_30_02_27_37_450.jpg,/Users/martin/smart-technologies-ca2/data_track2/IMG/right_2026_08_30_02_27_37_450.jpg,0.2,0.3982919,0,21.66334
/Users/martin/smart-technologies-ca2/data_track2/IMG/center_2026_08_30_02_27_37_517.jpg,/Users/martin/smart-technologies-ca2/data_track2/IMG/left_2026_08_30_02_27_37_517.jpg,/Users/martin/smart-technologies-ca2/data_track2/IMG/right_2026_08_30_02_27_37_517.jpg,0.35,0.572637,0,21.65089
/Users/martin/smart-technologies-ca2/data_track2/IMG/center_2026_08_30_02_27_37_586.jpg,/Users/martin/smart-technologies-ca2/data_track2/IMG/left_2026_08_30_02_27_37_586.jpg,/Users/martin/smart-technologies-ca2/data_track2/IMG/right_2026_08_30_02_27_37_586.jpg,0.5500001,0.5622089,0,21.749
/Users/martin/smart-technologies-ca2/data_track2/IMG/center_2026_08_30_02_27_37_653.jpg,/Users/martin/smart-technologies-ca2/data_track2/IMG/left_2026_08_30_02_27_37_653.jpg,/Users/martin/smart-technologies-ca2/data_track2/IMG/right_2026_08_30_02_27_37_653.jpg,0.7,0.3779819,0,21.68352
/Users/martin/smart-technologies-ca2/data_track2/IMG/center_2026_08_30_02_27_37_720.jpg,/Users/martin/smart-technologies-ca2/data_track2/IMG/left_2026_08_30_02_27_37_720.jpg,/Users/martin/smart-technologies-ca2/data_track2/IMG/right_2026_08_30_02_27_37_720.jpg,0.8500001,0.2003338,0,21.42608
/Users/martin/smart-technologies-ca2/data_track2/IMG/center_2026_08_30_02_27_37_787.jpg,/Users/martin/smart-technologies-ca2/data_track2/IMG/left_2026_08_30_02_27_37_787.jpg,/Users/martin/smart-technologies-ca2/data_track2/IMG/right_2026_08_30_02_27_37_787.jpg,1,0,0,20.91894
/Users/martin/smart-technologies-ca2/data_track2/IMG/center_2026_08_30_02_27_37_854.jpg,/Users/martin/smart-technologies-ca2/data_track2/IMG/left_2026_08_30_02_27_37_854.jpg,/Users/martin/smart-technologies-ca2/data_track2/IMG/right_2026_08_30_02_27_37_854.jpg,0,0,0,20.59628
/Users/martin/smart-technologies-ca2/data_track2/IMG/center_2026_08_30_02_27_37_920.jpg,/Users/martin/smart-technologies-ca2/data_track2/IMG/left_2026_08_30_02_27_37_920.jpg,/Users/martin/smart-technologies-ca2/data_track2/IMG/right_2026_08_30_02_27_37_920.jpg,0,0,0,20.33145
/Users/martin/smart-technologies-ca2/data_track2/IMG/center_2026_08_30_02_27_37_987.jpg,/Users/martin/smart-technologies-ca2/data_track2/IMG/left_2026_08_30_02_27_37_987.jpg,/Users/martin/smart-technologies-ca2/data_track2/IMG/right_2026_08_30_02_27_37_987.jpg,0,0,0,20.04594
/Users/martin/smart-technologies-ca2/data_track2/IMG/center_2026_08_30_02_27_38_055.jpg,/Users/martin/smart-technologies-ca2/data_track2/IMG/left_2026_08_30_02_27_38_055.jpg,/Users/martin/smart-technologies-ca2/data_track2/IMG/right_2026_08_30_02_27_38_055.jpg,0,0.05127883,0,19.66995
/Users/martin/smart-technologies-ca2/data_track2/IMG/center_2026_08_30_02_27_38_125.jpg,/Users/martin/smart-technologies-ca2/data_track2/IMG/left_2026_08_30_02_27_38_125.jpg,/Users/martin/smart-technologies-ca2/data_track2/IMG/right_2026_08_30_02_27_38_125.jpg,0.1,0.2918669,0,19.66196
/Users/martin/smart-technologies-ca2/data_track2/IMG/center_2026_08_30_02_27_38_192.jpg,/Users/martin/smart-technologies-ca2/data_track2/IMG/left_2026_08_30_02_27_38_192.jpg,/Users/martin/smart-technologies-ca2/data_track2/IMG/right_2026_08_30_02_27_38_192.jpg,0.25,0.471522,0,19.79357
/Users/martin/smart-technologies-ca2/data_track2/IMG/center_2026_08_30_02_27_38_259.jpg,/Users/martin/smart-technologies-ca2/data_track2/IMG/left_2026_08_30_02_27_38_259.jpg,/Users/martin/smart-technologies-ca2/data_track2/IMG/right_2026_08_30_02_27_38_259.jpg,0.4,0.6512729,0,20.0028
/Users/martin/smart-technologies-ca2/data_track2/IMG/center_2026_08_30_02_27_38_328.jpg,/Users/martin/smart-technologies-ca2/data_track2/IMG/left_2026_08_30_02_27_38_328.jpg,/Users/martin/smart-technologies-ca2/data_track2/IMG/right_2026_08_30_02_27_38_328.jpg,0.6000001,0.900861,0,20.40969
/Users/martin/smart-technologies-ca2/data_track2/IMG/center_2026_08_30_02_27_38_396.jpg,/Users/martin/smart-technologies-ca2/data_track2/IMG/left_2026_08_30_02_27_38_396.jpg,/Users/martin/smart-technologies-ca2/data_track2/IMG/right_2026_08_30_02_27_38_396.jpg,0.7500002,1,0,20.78036
/Users/martin/smart-technologies-ca2/data_track2/IMG/center_2026_08_30_02_27_38_465.jpg,/Users/martin/smart-technologies-ca2/data_track2/IMG/left_2026_08_30_02_27_38_465.jpg,/Users/martin/smart-technologies-ca2/data_track2/IMG/right_2026_08_30_02_27_38_465.jpg,0.9500002,1,0,21.31411
/Users/martin/smart-technologies-ca2/data_track2/IMG/center_2026_08_30_02_27_38_532.jpg,/Users/martin/smart-technologies-ca2/data_track2/IMG/left_2026_08_30_02_27_38_532.jpg,/Users/martin/smart-technologies-ca2/data_track2/IMG/right_2026_08_30_02_27_38_532.jpg,1,1,0,21.74708
/Users/martin/smart-technologies-ca2/data_track2/IMG/center_2026_08_30_02_27_38_602.jpg,/Users/martin/smart-technologies-ca2/data_track2/IMG/left_2026_08_30_02_27_38_602.jpg,/Users/martin/smart-technologies-ca2/data_track2/IMG/right_2026_08_30_02_27_38_602.jpg,0,1,0,22.21008
/Users/martin/smart-technologies-ca2/data_track2/IMG/center_2026_08_30_02_27_38_671.jpg,/Users/martin/smart-technologies-ca2/data_track2/IMG/left_2026_08_30_02_27_38_671.jpg,/Users/martin/smart-technologies-ca2/data_track2/IMG/right_2026_08_30_02_27_38_671.jpg,0,1,0,22.90503
/Users/martin/smart-technologies-ca2/data_track2/IMG/center_2026_08_30_02_27_38_741.jpg,/Users/martin/smart-technologies-ca2/data_track2/IMG/left_2026_08_30_02_27_38_741.jpg,/Users/martin/smart-technologies-ca2/data_track2/IMG/right_2026_08_30_02_27_38_741.jpg,0.1,1,0,23.47665
/Users/martin/smart-technologies-ca2/data_track2/IMG/center_2026_08_30_02_27_38_808.jpg,/Users/martin/smart-technologies-ca2/data_track2/IMG/left_2026_08_30_02_27_38_808.jpg,/Users/martin/smart-technologies-ca2/data_track2/IMG/right_2026_08_30_02_27_38_808.jpg,0.3,1,0,24.24909
/Users/martin/smart-technologies-ca2/data_track2/IMG/center_2026_08_30_02_27_38_876.jpg,/Users/martin/smart-technologies-ca2/data_track2/IMG/left_2026_08_30_02_27_38_876.jpg,/Users/martin/smart-technologies-ca2/data_track2/IMG/right_2026_08_30_02_27_38_876.jpg,0.45,1,0,24.77834
/Users/martin/smart-technologies-ca2/data_track2/IMG/center_2026_08_30_02_27_38_949.jpg,/Users/martin/smart-technologies-ca2/data_track2/IMG/left_2026_08_30_02_27_38_949.jpg,/Users/martin/smart-technologies-ca2/data_track2/IMG/right_2026_08_30_02_27_38_949.jpg,0,1,0,25.43167
/Users/martin/smart-technologies-ca2/data_track2/IMG/center_2026_08_30_02_27_39_020.jpg,/Users/martin/smart-technologies-ca2/data_track2/IMG/left_2026_08_30_02_27_39_020.jpg,/Users/martin/smart-technologies-ca2/data_track2/IMG/right_2026_08_30_02_27_39_020.jpg,0,1,0,25.97105
/Users/martin/smart-technologies-ca2/data_track2/IMG/center_2026_08_30_02_27_39_087.jpg,/Users/martin/smart-technologies-ca2/data_track2/IMG/left_2026_08_30_02_27_39_087.jpg,/Users/martin/smart-technologies-ca2/data_track2/IMG/right_2026_08_30_02_27_39_087.jpg,0.1,1,0,26.72412
/Users/martin/smart-technologies-ca2/data_track2/IMG/center_2026_08_30_02_27_39_154.jpg,/Users/martin/smart-technologies-ca2/data_track2/IMG/left_2026_08_30_02_27_39_154.jpg,/Users/martin/smart-technologies-ca2/data_track2/IMG/right_2026_08_30_02_27_39_154.jpg,0.25,1,0,27.27699
/Users/martin/smart-technologies-ca2/data_track2/IMG/center_2026_08_30_02_27_39_221.jpg,/Users/martin/smart-technologies-ca2/data_track2/IMG/left_2026_08_30_02_27_39_221.jpg,/Users/martin/smart-technologies-ca2/data_track2/IMG/right_2026_08_30_02_27_39_221.jpg,0.4,1,0,27.78329
/Users/martin/smart-technologies-ca2/data_track2/IMG/center_2026_08_30_02_27_39_290.jpg,/Users/martin/smart-technologies-ca2/data_track2/IMG/left_2026_08_30_02_27_39_290.jpg,/Users/martin/smart-technologies-ca2/data_track2/IMG/right_2026_08_30_02_27_39_290.jpg,0.6000001,1,0,28.37018
/Users/martin/smart-technologies-ca2/data_track2/IMG/center_2026_08_30_02_27_39_360.jpg,/Users/martin/smart-technologies-ca2/data_track2/IMG/left_2026_08_30_02_27_39_360.jpg,/Users/martin/smart-technologies-ca2/data_track2/IMG/right_2026_08_30_02_27_39_360.jpg,0.7500002,1,0,28.74364
/Users/martin/smart-technologies-ca2/data_track2/IMG/center_2026_08_30_02_27_39_431.jpg,/Users/martin/smart-technologies-ca2/data_track2/IMG/left_2026_08_30_02_27_39_431.jpg,/Users/martin/smart-technologies-ca2/data_track2/IMG/right_2026_08_30_02_27_39_431.jpg,0,1,0,29.28255
/Users/martin/smart-technologies-ca2/data_track2/IMG/center_2026_08_30_02_27_39_498.jpg,/Users/martin/smart-technologies-ca2/data_track2/IMG/left_2026_08_30_02_27_39_498.jpg,/Users/martin/smart-technologies-ca2/data_track2/IMG/right_2026_08_30_02_27_39_498.jpg,0.1,1,0,29.80556
/Users/martin/smart-technologies-ca2/data_track2/IMG/center_2026_08_30_02_27_39_571.jpg,/Users/martin/smart-technologies-ca2/data_track2/IMG/left_2026_08_30_02_27_39_571.jpg,/Users/martin/smart-technologies-ca2/data_track2/IMG/right_2026_08_30_02_27_39_571.jpg,0.3,0.8178759,0,30.15668
/Users/martin/smart-technologies-ca2/data_track2/IMG/center_2026_08_30_02_27_39_638.jpg,/Users/martin/smart-technologies-ca2/data_track2/IMG/left_2026_08_30_02_27_39_638.jpg,/Users/martin/smart-technologies-ca2/data_track2/IMG/right_2026_08_30_02_27_39_638.jpg,0.45,0.6561848,0,30.09047
/Users/martin/smart-technologies-ca2/data_track2/IMG/center_2026_08_30_02_27_39_707.jpg,/Users/martin/smart-technologies-ca2/data_track2/IMG/left_2026_08_30_02_27_39_707.jpg,/Users/martin/smart-technologies-ca2/data_track2/IMG/right_2026_08_30_02_27_39_707.jpg,0.6500001,0.4104759,0,29.99869
/Users/martin/smart-technologies-ca2/data_track2/IMG/center_2026_08_30_02_27_39_780.jpg,/Users/martin/smart-technologies-ca2/data_track2/IMG/left_2026_08_30_02_27_39_780.jpg,/Users/martin/smart-technologies-ca2/data_track2/IMG/right_2026_08_30_02_27_39_780.jpg,0.8000001,0.2726529,0,29.87127
/Users/martin/smart-technologies-ca2/data_track2/IMG/center_2026_08_30_02_27_39_847.jpg,/Users/martin/smart-technologies-ca2/data_track2/IMG/left_2026_08_30_02_27_39_847.jpg,/Users/martin/smart-technologies-ca2/data_track2/IMG/right_2026_08_30_02_27_39_847.jpg,1,0.2308387,0,29.59738
/Users/martin/smart-technologies-ca2/data_track2/IMG/center_2026_08_30_02_27_39_915.jpg,/Users/martin/smart-technologies-ca2/data_track2/IMG/left_2026_08_30_02_27_39_915.jpg,/Users/martin/smart-technologies-ca2/data_track2/IMG/right_2026_08_30_02_27_39_915.jpg,0,0.3754294,0,29.54346
/Users/martin/smart-technologies-ca2/data_track2/IMG/center_2026_08_30_02_27_39_986.jpg,/Users/martin/smart-technologies-ca2/data_track2/IMG/left_2026_08_30_02_27_39_986.jpg,/Users/martin/smart-technologies-ca2/data_track2/IMG/right_2026_08_30_02_27_39_986.jpg,0,0.3478409,0,29.66547
/Users/martin/smart-technologies-ca2/data_track2/IMG/center_2026_08_30_02_27_40_059.jpg,/Users/martin/smart-technologies-ca2/data_track2/IMG/left_2026_08_30_02_27_40_059.jpg,/Users/martin/smart-technologies-ca2/data_track2/IMG/right_2026_08_30_02_27_40_059.jpg,0.05,0.1501321,0,29.67064
/Users/martin/smart-technologies-ca2/data_track2/IMG/center_2026_08_30_02_27_40_127.jpg,/Users/martin/smart-technologies-ca2/data_track2/IMG/left_2026_08_30_02_27_40_127.jpg,/Users/martin/smart-technologies-ca2/data_track2/IMG/right_2026_08_30_02_27_40_127.jpg,0.25,0,0,29.4841
/Users/martin/smart-technologies-ca2/data_track2/IMG/center_2026_08_30_02_27_40_195.jpg,/Users/martin/smart-technologies-ca2/data_track2/IMG/left_2026_08_30_02_27_40_195.jpg,/Users/martin/smart-technologies-ca2/data_track2/IMG/right_2026_08_30_02_27_40_195.jpg,0.4,0,0,29.25336
/Users/martin/smart-technologies-ca2/data_track2/IMG/center_2026_08_30_02_27_40_264.jpg,/Users/martin/smart-technologies-ca2/data_track2/IMG/left_2026_08_30_02_27_40_264.jpg,/Users/martin/smart-technologies-ca2/data_track2/IMG/right_2026_08_30_02_27_40_264.jpg,0.5500001,0,0,28.96729
/Users/martin/smart-technologies-ca2/data_track2/IMG/center_2026_08_30_02_27_40_333.jpg,/Users/martin/smart-technologies-ca2/data_track2/IMG/left_2026_08_30_02_27_40_333.jpg,/Users/martin/smart-technologies-ca2/data_track2/IMG/right_2026_08_30_02_27_40_333.jpg,0,0,0,28.65745
/Users/martin/smart-technologies-ca2/data_track2/IMG/center_2026_08_30_02_27_40_402.jpg,/Users/martin/smart-technologies-ca2/data_track2/IMG/left_2026_08_30_02_27_40_402.jpg,/Users/martin/smart-technologies-ca2/data_track2/IMG/right_2026_08_30_02_27_40_402.jpg,0.15,0,0,28.48496
/Users/martin/smart-technologies-ca2/data_track2/IMG/center_2026_08_30_02_27_40_473.jpg,/Users/martin/smart-technologies-ca2/data_track2/IMG/left_2026_08_30_02_27_40_473.jpg,/Users/martin/smart-technologies-ca2/data_track2/IMG/right_2026_08_30_02_27_40_473.jpg,0.35,0,0,28.22662
/Users/martin/smart-technologies-ca2/data_track2/IMG/center_2026_08_30_02_27_40_544.jpg,/Users/martin/smart-technologies-ca2/data_track2/IMG/left_2026_08_30_02_27_40_544.jpg,/Users/martin/smart-technologies-ca2/data_track2/IMG/right_2026_08_30_02_27_40_544.jpg,0.5000001,0,0,27.97444
/Users/martin/smart-technologies-ca2/data_track2/IMG/center_2026_08_30_02_27_40_615.jpg,/Users/martin/smart-technologies-ca2/data_track2/IMG/left_2026_08_30_02_27_40_615.jpg,/Users/martin/smart-technologies-ca2/data_track2/IMG/right_2026_08_30_02_27_40_615.jpg,0,0,0,27.63902
/Users/martin/smart-technologies-ca2/data_track2/IMG/center_2026_08_30_02_27_40_690.jpg,/Users/martin/smart-technologies-ca2/data_track2/IMG/left_2026_08_30_02_27_40_690.jpg,/Users/martin/smart-technologies-ca2/data_track2/IMG/right_2026_08_30_02_27_40_690.jpg,0,0,0,27.39981
/Users/martin/smart-technologies-ca2/data_track2/IMG/center_2026_08_30_02_27_40_757.jpg,/Users/martin/smart-technologies-ca2/data_track2/IMG/left_2026_08_30_02_27_40_757.jpg,/Users/martin/smart-technologies-ca2/data_track2/IMG/right_2026_08_30_02_27_40_757.jpg,0,0,0,27.23159
/Users/martin/smart-technologies-ca2/data_track2/IMG/center_2026_08_30_02_27_40_832.jpg,/Users/martin/smart-technologies-ca2/data_track2/IMG/left_2026_08_30_02_27_40_832.jpg,/Users/martin/smart-technologies-ca2/data_track2/IMG/right_2026_08_30_02_27_40_832.jpg,0,0,0,27.01163
/Users/martin/smart-technologies-ca2/data_track2/IMG/center_2026_08_30_02_27_40_899.jpg,/Users/martin/smart-technologies-ca2/data_track2/IMG/left_2026_08_30_02_27_40_899.jpg,/Users/martin/smart-technologies-ca2/data_track2/IMG/right_2026_08_30_02_27_40_899.jpg,0,0,0,26.84843
/Users/martin/smart-technologies-ca2/data_track2/IMG/center_2026_08_30_02_27_40_973.jpg,/Users/martin/smart-technologies-ca2/data_track2/IMG/left_2026_08_30_02_27_40_973.jpg,/Users/martin/smart-technologies-ca2/data_track2/IMG/right_2026_08_30_02_27_40_973.jpg,0,0,0,26.63253
/Users/martin/smart-technologies-ca2/data_track2/IMG/center_2026_08_30_02_27_41_041.jpg,/Users/martin/smart-technologies-ca2/data_track2/IMG/left_2026_08_30_02_27_41_041.jpg,/Users/martin/smart-technologies-ca2/data_track2/IMG/right_2026_08_30_02_27_41_041.jpg,0.15,0,0,26.46405
/Users/martin/smart-technologies-ca2/data_track2/IMG/center_2026_08_30_02_27_41_108.jpg,/Users/martin/smart-technologies-ca2/data_track2/IMG/left_2026_08_30_02_27_41_108.jpg,/Users/martin/smart-technologies-ca2/data_track2/IMG/right_2026_08_30_02_27_41_108.jpg,0,0,0,26.24015
/Users/martin/smart-technologies-ca2/data_track2/IMG/center_2026_08_30_02_27_41_175.jpg,/Users/martin/smart-technologies-ca2/data_track2/IMG/left_2026_08_30_02_27_41_175.jpg,/Users/martin/smart-technologies-ca2/data_track2/IMG/right_2026_08_30_02_27_41_175.jpg,0,0,0,26.08177
/Users/martin/smart-technologies-ca2/data_track2/IMG/center_2026_08_30_02_27_41_243.jpg,/Users/martin/smart-technologies-ca2/data_track2/IMG/left_2026_08_30_02_27_41_243.jpg,/Users/martin/smart-technologies-ca2/data_track2/IMG/right_2026_08_30_02_27_41_243.jpg,0,0,0,25.92416
/Users/martin/smart-technologies-ca2/data_track2/IMG/center_2026_08_30_02_27_41_317.jpg,/Users/martin/smart-technologies-ca2/data_track2/IMG/left_2026_08_30_02_27_41_317.jpg,/Users/martin/smart-technologies-ca2/data_track2/IMG/right_2026_08_30_02_27_41_317.jpg,0,0,0,25.71569
/Users/martin/smart-technologies-ca2/data_track2/IMG/center_2026_08_30_02_27_41_391.jpg,/Users/martin/smart-technologies-ca2/data_track2/IMG/left_2026_08_30_02_27_41_391.jpg,/Users/martin/smart-technologies-ca2/data_track2/IMG/right_2026_08_30_02_27_41_391.jpg,0,0,0,25.50892
/Users/martin/smart-technologies-ca2/data_track2/IMG/center_2026_08_30_02_27_41_457.jpg,/Users/martin/smart-technologies-ca2/data_track2/IMG/left_2026_08_30_02_27_41_457.jpg,/Users/martin/smart-technologies-ca2/data_track2/IMG/right_2026_08_30_02_27_41_457.jpg,0,0,0,25.35493
/Users/martin/smart-technologies-ca2/data_track2/IMG/center_2026_08_30_02_27_41_525.jpg,/Users/martin/smart-technologies-ca2/data_track2/IMG/left_2026_08_30_02_27_41_525.jpg,/Users/martin/smart-technologies-ca2/data_track2/IMG/right_2026_08_30_02_27_41_525.jpg,0.1,0.06717324,0,25.15688
/Users/martin/smart-technologies-ca2/data_track2/IMG/center_2026_08_30_02_27_41_593.jpg,/Users/martin/smart-technologies-ca2/data_track2/IMG/left_2026_08_30_02_27_41_593.jpg,/Users/martin/smart-technologies-ca2/data_track2/IMG/right_2026_08_30_02_27_41_593.jpg,0.25,0.2481122,0,25.09273
/Users/martin/smart-technologies-ca2/data_track2/IMG/center_2026_08_30_02_27_41_661.jpg,/Users/martin/smart-technologies-ca2/data_track2/IMG/left_2026_08_30_02_27_41_661.jpg,/Users/martin/smart-technologies-ca2/data_track2/IMG/right_2026_08_30_02_27_41_661.jpg,0,0.4277973,0,25.14047
/Users/martin/smart-technologies-ca2/data_track2/IMG/center_2026_08_30_02_27_41_729.jpg,/Users/martin/smart-technologies-ca2/data_track2/IMG/left_2026_08_30_02_27_41_729.jpg,/Users/martin/smart-technologies-ca2/data_track2/IMG/right_2026_08_30_02_27_41_729.jpg,0,0.4977064,0,25.4452
/Users/martin/smart-technologies-ca2/data_track2/IMG/center_2026_08_30_02_27_41_797.jpg,/Users/martin/smart-technologies-ca2/data_track2/IMG/left_2026_08_30_02_27_41_797.jpg,/Users/martin/smart-technologies-ca2/data_track2/IMG/right_2026_08_30_02_27_41_797.jpg,0,0.4515034,0,25.59209
/Users/martin/smart-technologies-ca2/data_track2/IMG/center_2026_08_30_02_27_41_871.jpg,/Users/martin/smart-technologies-ca2/data_track2/IMG/left_2026_08_30_02_27_41_871.jpg,/Users/martin/smart-technologies-ca2/data_track2/IMG/right_2026_08_30_02_27_41_871.jpg,0,0.6959585,0,25.93567
/Users/martin/smart-technologies-ca2/data_track2/IMG/center_2026_08_30_02_27_41_939.jpg,/Users/martin/smart-technologies-ca2/data_track2/IMG/left_2026_08_30_02_27_41_939.jpg,/Users/martin/smart-technologies-ca2/data_track2/IMG/right_2026_08_30_02_27_41_939.jpg,0,0.8784034,0,26.33926
/Users/martin/smart-technologies-ca2/data_track2/IMG/center_2026_08_30_02_27_42_007.jpg,/Users/martin/smart-technologies-ca2/data_track2/IMG/left_2026_08_30_02_27_42_007.jpg,/Users/martin/smart-technologies-ca2/data_track2/IMG/right_2026_08_30_02_27_42_007.jpg,0,1,0,27.05615
/Users/martin/smart-technologies-ca2/data_track2/IMG/center_2026_08_30_02_27_42_077.jpg,/Users/martin/smart-technologies-ca2/data_track2/IMG/left_2026_08_30_02_27_42_077.jpg,/Users/martin/smart-technologies-ca2/data_track2/IMG/right_2026_08_30_02_27_42_077.jpg,0,1,0,27.61971
/Users/martin/smart-technologies-ca2/data_track2/IMG/center_2026_08_30_02_27_42_147.jpg,/Users/martin/smart-technologies-ca2/data_track2/IMG/left_2026_08_30_02_27_42_147.jpg,/Users/martin/smart-technologies-ca2/data_track2/IMG/right_2026_08_30_02_27_42_147.jpg,0,1,0,28.36485
/Users/martin/smart-technologies-ca2/data_track2/IMG/center_2026_08_30_02_27_42_216.jpg,/Users/martin/smart-technologies-ca2/data_track2/IMG/left_2026_08_30_02_27_42_216.jpg,/Users/martin/smart-technologies-ca2/data_track2/IMG/right_2026_08_30_02_27_42_216.jpg,0,1,0,28.91986
/Users/martin/smart-technologies-ca2/data_track2/IMG/center_2026_08_30_02_27_42_287.jpg,/Users/martin/smart-technologies-ca2/data_track2/IMG/left_2026_08_30_02_27_42_287.jpg,/Users/martin/smart-technologies-ca2/data_track2/IMG/right_2026_08_30_02_27_42_287.jpg,0,1,0,29.65439
/Users/martin/smart-technologies-ca2/data_track2/IMG/center_2026_08_30_02_27_42_357.jpg,/Users/martin/smart-technologies-ca2/data_track2/IMG/left_2026_08_30_02_27_42_357.jpg,/Users/martin/smart-technologies-ca2/data_track2/IMG/right_2026_08_30_02_27_42_357.jpg,0,1,0,30.1832
/Users/martin/smart-technologies-ca2/data_track2/IMG/center_2026_08_30_02_27_42_430.jpg,/Users/martin/smart-technologies-ca2/data_track2/IMG/left_2026_08_30_02_27_42_430.jpg,/Users/martin/smart-technologies-ca2/data_track2/IMG/right_2026_08_30_02_27_42_430.jpg,0,1,0,30.19016
/Users/martin/smart-technologies-ca2/data_track2/IMG/center_2026_08_30_02_27_42_500.jpg,/Users/martin/smart-technologies-ca2/data_track2/IMG/left_2026_08_30_02_27_42_500.jpg,/Users/martin/smart-technologies-ca2/data_track2/IMG/right_2026_08_30_02_27_42_500.jpg,0,1,0,30.19037
/Users/martin/smart-technologies-ca2/data_track2/IMG/center_2026_08_30_02_27_42_572.jpg,/Users/martin/smart-technologies-ca2/data_track2/IMG/left_2026_08_30_02_27_42_572.jpg,/Users/martin/smart-technologies-ca2/data_track2/IMG/right_2026_08_30_02_27_42_572.jpg,0,1,0,30.1904
/Users/martin/smart-technologies-ca2/data_track2/IMG/center_2026_08_30_02_27_42_644.jpg,/Users/martin/smart-technologies-ca2/data_track2/IMG/left_2026_08_30_02_27_42_644.jpg,/Users/martin/smart-technologies-ca2/data_track2/IMG/right_2026_08_30_02_27_42_644.jpg,0,1,0,30.19003
/Users/martin/smart-technologies-ca2/data_track2/IMG/center_2026_08_30_02_27_42_715.jpg,/Users/martin/smart-technologies-ca2/data_track2/IMG/left_2026_08_30_02_27_42_715.jpg,/Users/martin/smart-technologies-ca2/data_track2/IMG/right_2026_08_30_02_27_42_715.jpg,0,0.9582459,0,30.1905
/Users/martin/smart-technologies-ca2/data_track2/IMG/center_2026_08_30_02_27_42_783.jpg,/Users/martin/smart-technologies-ca2/data_track2/IMG/left_2026_08_30_02_27_42_783.jpg,/Users/martin/smart-technologies-ca2/data_track2/IMG/right_2026_08_30_02_27_42_783.jpg,0,0.7717268,0,30.14467
/Users/martin/smart-technologies-ca2/data_track2/IMG/center_2026_08_30_02_27_42_850.jpg,/Users/martin/smart-technologies-ca2/data_track2/IMG/left_2026_08_30_02_27_42_850.jpg,/Users/martin/smart-technologies-ca2/data_track2/IMG/right_2026_08_30_02_27_42_850.jpg,0,0.528958,0,30.08283
/Users/martin/smart-technologies-ca2/data_track2/IMG/center_2026_08_30_02_27_42_919.jpg,/Users/martin/smart-technologies-ca2/data_track2/IMG/left_2026_08_30_02_27_42_919.jpg,/Users/martin/smart-technologies-ca2/data_track2/IMG/right_2026_08_30_02_27_42_919.jpg,0,0.3621668,0,30.03987
/Users/martin/smart-technologies-ca2/data_track2/IMG/center_2026_08_30_02_27_42_992.jpg,/Users/martin/smart-technologies-ca2/data_track2/IMG/left_2026_08_30_02_27_42_992.jpg,/Users/martin/smart-technologies-ca2/data_track2/IMG/right_2026_08_30_02_27_42_992.jpg,0,0.1227939,0,29.97497
/Users/martin/smart-technologies-ca2/data_track2/IMG/center_2026_08_30_02_27_43_066.jpg,/Users/martin/smart-technologies-ca2/data_track2/IMG/left_2026_08_30_02_27_43_066.jpg,/Users/martin/smart-technologies-ca2/data_track2/IMG/right_2026_08_30_02_27_43_066.jpg,0,0.123109,0,29.79055
/Users/martin/smart-technologies-ca2/data_track2/IMG/center_2026_08_30_02_27_43_138.jpg,/Users/martin/smart-technologies-ca2/data_track2/IMG/left_2026_08_30_02_27_43_138.jpg,/Users/martin/smart-technologies-ca2/data_track2/IMG/right_2026_08_30_02_27_43_138.jpg,0,0.3016207,0,29.75479
/Users/martin/smart-technologies-ca2/data_track2/IMG/center_2026_08_30_02_27_43_205.jpg,/Users/martin/smart-technologies-ca2/data_track2/IMG/left_2026_08_30_02_27_43_205.jpg,/Users/martin/smart-technologies-ca2/data_track2/IMG/right_2026_08_30_02_27_43_205.jpg,0,0.5419298,0,29.9241
/Users/martin/smart-technologies-ca2/data_track2/IMG/center_2026_08_30_02_27_43_275.jpg,/Users/martin/smart-technologies-ca2/data_track2/IMG/left_2026_08_30_02_27_43_275.jpg,/Users/martin/smart-technologies-ca2/data_track2/IMG/right_2026_08_30_02_27_43_275.jpg,0,0.733579,0,30.11156
/Users/martin/smart-technologies-ca2/data_track2/IMG/center_2026_08_30_02_27_43_349.jpg,/Users/martin/smart-technologies-ca2/data_track2/IMG/left_2026_08_30_02_27_43_349.jpg,/Users/martin/smart-technologies-ca2/data_track2/IMG/right_2026_08_30_02_27_43_349.jpg,0,0.972139,0,30.17129
/Users/martin/smart-technologies-ca2/data_track2/IMG/center_2026_08_30_02_27_43_419.jpg,/Users/martin/smart-technologies-ca2/data_track2/IMG/left_2026_08_30_02_27_43_419.jpg,/Users/martin/smart-technologies-ca2/data_track2/IMG/right_2026_08_30_02_27_43_419.jpg,0,0.8854421,0,30.17157
/Users/martin/smart-technologies-ca2/data_track2/IMG/center_2026_08_30_02_27_43_492.jpg,/Users/martin/smart-technologies-ca2/data_track2/IMG/left_2026_08_30_02_27_43_492.jpg,/Users/martin/smart-technologies-ca2/data_track2/IMG/right_2026_08_30_02_27_43_492.jpg,0,0.6480792,0,30.11212
/Users/martin/smart-technologies-ca2/data_track2/IMG/center_2026_08_30_02_27_43_559.jpg,/Users/martin/smart-technologies-ca2/data_track2/IMG/left_2026_08_30_02_27_43_559.jpg,/Users/martin/smart-technologies-ca2/data_track2/IMG/right_2026_08_30_02_27_43_559.jpg,0,0.466273,0,30.06681
/Users/martin/smart-technologies-ca2/data_track2/IMG/center_2026_08_30_02_27_43_626.jpg,/Users/martin/smart-technologies-ca2/data_track2/IMG/left_2026_08_30_02_27_43_626.jpg,/Users/martin/smart-technologies-ca2/data_track2/IMG/right_2026_08_30_02_27_43_626.jpg,0,0.2250941,0,30.00538
/Users/martin/smart-technologies-ca2/data_track2/IMG/center_2026_08_30_02_27_43_693.jpg,/Users/martin/smart-technologies-ca2/data_track2/IMG/left_2026_08_30_02_27_43_693.jpg,/Users/martin/smart-technologies-ca2/data_track2/IMG/right_2026_08_30_02_27_43_693.jpg,0,0.04326713,0,29.92731
/Users/martin/smart-technologies-ca2/data_track2/IMG/center_2026_08_30_02_27_43_762.jpg,/Users/martin/smart-technologies-ca2/data_track2/IMG/left_2026_08_30_02_27_43_762.jpg,/Users/martin/smart-technologies-ca2/data_track2/IMG/right_2026_08_30_02_27_43_762.jpg,0,0,0,29.75245
/Users/martin/smart-technologies-ca2/data_track2/IMG/center_2026_08_30_02_27_43_835.jpg,/Users/martin/smart-technologies-ca2/data_track2/IMG/left_2026_08_30_02_27_43_835.jpg,/Users/martin/smart-technologies-ca2/data_track2/IMG/right_2026_08_30_02_27_43_835.jpg,0,0,0,29.51299
/Users/martin/smart-technologies-ca2/data_track2/IMG/center_2026_08_30_02_27_43_906.jpg,/Users/martin/smart-technologies-ca2/data_track2/IMG/left_2026_08_30_02_27_43_906.jpg,/Users/martin/smart-technologies-ca2/data_track2/IMG/right_2026_08_30_02_27_43_906.jpg,0,0,0,29.27567
/Users/martin/smart-technologies-ca2/data_track2/IMG/center_2026_08_30_02_27_43_975.jpg,/Users/martin/smart-technologies-ca2/data_track2/IMG/left_2026_08_30_02_27_43_975.jpg,/Users/martin/smart-technologies-ca2/data_track2/IMG/right_2026_08_30_02_27_43_975.jpg,0,0,0,29.09893
/Users/martin/smart-technologies-ca2/data_track2/IMG/center_2026_08_30_02_27_44_042.jpg,/Users/martin/smart-technologies-ca2/data_track2/IMG/left_2026_08_30_02_27_44_042.jpg,/Users/martin/smart-technologies-ca2/data_track2/IMG/right_2026_08_30_02_27_44_042.jpg,0,0,0,28.92326
/Users/martin/smart-technologies-ca2/data_track2/IMG/center_2026_08_30_02_27_44_111.jpg,/Users/martin/smart-technologies-ca2/data_track2/IMG/left_2026_08_30_02_27_44_111.jpg,/Users/martin/smart-technologies-ca2/data_track2/IMG/right_2026_08_30_02_27_44_111.jpg,0,0,0,28.69068
/Users/martin/smart-technologies-ca2/data_track2/IMG/center_2026_08_30_02_27_44_177.jpg,/Users/martin/smart-technologies-ca2/data_track2/IMG/left_2026_08_30_02_27_44_177.jpg,/Users/martin/smart-technologies-ca2/data_track2/IMG/right_2026_08_30_02_27_44_177.jpg,0,0,0.1101573,27.95555
/Users/martin/smart-technologies-ca2/data_track2/IMG/center_2026_08_30_02_27_44_248.jpg,/Users/martin/smart-technologies-ca2/data_track2/IMG/left_2026_08_30_02_27_44_248.jpg,/Users/martin/smart-technologies-ca2/data_track2/IMG/right_2026_08_30_02_27_44_248.jpg,0,0,0.352791,26.54884
/Users/martin/smart-technologies-ca2/data_track2/IMG/center_2026_08_30_02_27_44_315.jpg,/Users/martin/smart-technologies-ca2/data_track2/IMG/left_2026_08_30_02_27_44_315.jpg,/Users/martin/smart-technologies-ca2/data_track2/IMG/right_2026_08_30_02_27_44_315.jpg,0,0,0.538515,25.50434
/Users/martin/smart-technologies-ca2/data_track2/IMG/center_2026_08_30_02_27_44_388.jpg,/Users/martin/smart-technologies-ca2/data_track2/IMG/left_2026_08_30_02_27_44_388.jpg,/Users/martin/smart-technologies-ca2/data_track2/IMG/right_2026_08_30_02_27_44_388.jpg,0,0,0.77316,24.12575
/Users/martin/smart-technologies-ca2/data_track2/IMG/center_2026_08_30_02_27_44_458.jpg,/Users/martin/smart-technologies-ca2/data_track2/IMG/left_2026_08_30_02_27_44_458.jpg,/Users/martin/smart-technologies-ca2/data_track2/IMG/right_2026_08_30_02_27_44_458.jpg,0,0,0.9525751,23.10274
/Users/martin/smart-technologies-ca2/data_track2/IMG/center_2026_08_30_02_27_44_533.jpg,/Users/martin/smart-technologies-ca2/data_track2/IMG/left_2026_08_30_02_27_44_533.jpg,/Users/martin/smart-technologies-ca2/data_track2/IMG/right_2026_08_30_02_27_44_533.jpg,0,0,1,21.75264
/Users/martin/smart-technologies-ca2/data_track2/IMG/center_2026_08_30_02_27_44_604.jpg,/Users/martin/smart-technologies-ca2/data_track2/IMG/left_2026_08_30_02_27_44_604.jpg,/Users/martin/smart-technologies-ca2/data_track2/IMG/right_2026_08_30_02_27_44_604.jpg,0.15,0,1,20.74134
/Users/martin/smart-technologies-ca2/data_track2/IMG/center_2026_08_30_02_27_44_675.jpg,/Users/martin/smart-technologies-ca2/data_track2/IMG/left_2026_08_30_02_27_44_675.jpg,/Users/martin/smart-technologies-ca2/data_track2/IMG/right_2026_08_30_02_27_44_675.jpg,0.35,0,1,19.35823
/Users/martin/smart-technologies-ca2/data_track2/IMG/center_2026_08_30_02_27_44_746.jpg,/Users/martin/smart-technologies-ca2/data_track2/IMG/left_2026_08_30_02_27_44_746.jpg,/Users/martin/smart-technologies-ca2/data_track2/IMG/right_2026_08_30_02_27_44_746.jpg,0.5500001,0,0.8101511,17.93166
/Users/martin/smart-technologies-ca2/data_track2/IMG/center_2026_08_30_02_27_44_815.jpg,/Users/martin/smart-technologies-ca2/data_track2/IMG/left_2026_08_30_02_27_44_815.jpg,/Users/martin/smart-technologies-ca2/data_track2/IMG/right_2026_08_30_02_27_44_815.jpg,0.7,0,0.620506,16.84084
/Users/martin/smart-technologies-ca2/data_track2/IMG/center_2026_08_30_02_27_44_884.jpg,/Users/martin/smart-technologies-ca2/data_track2/IMG/left_2026_08_30_02_27_44_884.jpg,/Users/martin/smart-technologies-ca2/data_track2/IMG/right_2026_08_30_02_27_44_884.jpg,0.8500001,0,0.4432478,15.97647
/Users/martin/smart-technologies-ca2/data_track2/IMG/center_2026_08_30_02_27_44_952.jpg,/Users/martin/smart-technologies-ca2/data_track2/IMG/left_2026_08_30_02_27_44_952.jpg,/Users/martin/smart-technologies-ca2/data_track2/IMG/right_2026_08_30_02_27_44_952.jpg,1,0,0.204421,14.76966
/Users/martin/smart-technologies-ca2/data_track2/IMG/center_2026_08_30_02_27_45_021.jpg,/Users/martin/smart-technologies-ca2/data_track2/IMG/left_2026_08_30_02_27_45_021.jpg,/Users/martin/smart-technologies-ca2/data_track2/IMG/right_2026_08_30_02_27_45_021.jpg,0,0,0.01577485,13.86406
/Users/martin/smart-technologies-ca2/data_track2/IMG/center_2026_08_30_02_27_45_092.jpg,/Users/martin/smart-technologies-ca2/data_track2/IMG/left_2026_08_30_02_27_45_092.jpg,/Users/martin/smart-technologies-ca2/data_track2/IMG/right_2026_08_30_02_27_45_092.jpg,0,0,0,12.92287
/Users/martin/smart-technologies-ca2/data_track2/IMG/center_2026_08_30_02_27_45_159.jpg,/Users/martin/smart-technologies-ca2/data_track2/IMG/left_2026_08_30_02_27_45_159.jpg,/Users/martin/smart-technologies-ca2/data_track2/IMG/right_2026_08_30_02_27_45_159.jpg,0.15,0,0,13.46535
/Users/martin/smart-technologies-ca2/data_track2/IMG/center_2026_08_30_02_27_45_232.jpg,/Users/martin/smart-technologies-ca2/data_track2/IMG/left_2026_08_30_02_27_45_232.jpg,/Users/martin/smart-technologies-ca2/data_track2/IMG/right_2026_08_30_02_27_45_232.jpg,0.35,0,0,13.32797
/Users/martin/smart-technologies-ca2/data_track2/IMG/center_2026_08_30_02_27_45_303.jpg,/Users/martin/smart-technologies-ca2/data_track2/IMG/left_2026_08_30_02_27_45_303.jpg,/Users/martin/smart-technologies-ca2/data_track2/IMG/right_2026_08_30_02_27_45_303.jpg,0,0.08489692,0,13.07079
/Users/martin/smart-technologies-ca2/data_track2/IMG/center_2026_08_30_02_27_45_371.jpg,/Users/martin/smart-technologies-ca2/data_track2/IMG/left_2026_08_30_02_27_45_371.jpg,/Users/martin/smart-technologies-ca2/data_track2/IMG/right_2026_08_30_02_27_45_371.jpg,0.1,0.3231239,0,13.22669
/Users/martin/smart-technologies-ca2/data_track2/IMG/center_2026_08_30_02_27_45_441.jpg,/Users/martin/smart-technologies-ca2/data_track2/IMG/left_2026_08_30_02_27_45_441.jpg,/Users/martin/smart-technologies-ca2/data_track2/IMG/right_2026_08_30_02_27_45_441.jpg,0,0.500439,0,13.66164
/Users/martin/smart-technologies-ca2/data_track2/IMG/center_2026_08_30_02_27_45_512.jpg,/Users/martin/smart-technologies-ca2/data_track2/IMG/left_2026_08_30_02_27_45_512.jpg,/Users/martin/smart-technologies-ca2/data_track2/IMG/right_2026_08_30_02_27_45_512.jpg,0.2,0.746727,0,14.56464
/Users/martin/smart-technologies-ca2/data_track2/IMG/center_2026_08_30_02_27_45_583.jpg,/Users/martin/smart-technologies-ca2/data_track2/IMG/left_2026_08_30_02_27_45_583.jpg,/Users/martin/smart-technologies-ca2/data_track2/IMG/right_2026_08_30_02_27_45_583.jpg,0.35,0.932127,0,14.8572
/Users/martin/smart-technologies-ca2/data_track2/IMG/center_2026_08_30_02_27_45_654.jpg,/Users/martin/smart-technologies-ca2/data_track2/IMG/left_2026_08_30_02_27_45_654.jpg,/Users/martin/smart-technologies-ca2/data_track2/IMG/right_2026_08_30_02_27_45_654.jpg,0,1,0,16.08003
/Users/martin/smart-technologies-ca2/data_track2/IMG/center_2026_08_30_02_27_45_726.jpg,/Users/martin/smart-technologies-ca2/data_track2/IMG/left_2026_08_30_02_27_45_726.jpg,/Users/martin/smart-technologies-ca2/data_track2/IMG/right_2026_08_30_02_27_45_726.jpg,0.1,1,0,16.8361
/Users/martin/smart-technologies-ca2/data_track2/IMG/center_2026_08_30_02_27_45_792.jpg,/Users/martin/smart-technologies-ca2/data_track2/IMG/left_2026_08_30_02_27_45_792.jpg,/Users/martin/smart-technologies-ca2/data_track2/IMG/right_2026_08_30_02_27_45_792.jpg,0.25,1,0,17.30679
/Users/martin/smart-technologies-ca2/data_track2/IMG/center_2026_08_30_02_27_45_866.jpg,/Users/martin/smart-technologies-ca2/data_track2/IMG/left_2026_08_30_02_27_45_866.jpg,/Users/martin/smart-technologies-ca2/data_track2/IMG/right_2026_08_30_02_27_45_866.jpg,0.45,0.9807611,0,18.09019
/Users/martin/smart-technologies-ca2/data_track2/IMG/center_2026_08_30_02_27_45_936.jpg,/Users/martin/smart-technologies-ca2/data_track2/IMG/left_2026_08_30_02_27_45_936.jpg,/Users/martin/smart-technologies-ca2/data_track2/IMG/right_2026_08_30_02_27_45_936.jpg,0,0.7987542,0,18.93076
/Users/martin/smart-technologies-ca2/data_track2/IMG/center_2026_08_30_02_27_46_003.jpg,/Users/martin/smart-technologies-ca2/data_track2/IMG/left_2026_08_30_02_27_46_003.jpg,/Users/martin/smart-technologies-ca2/data_track2/IMG/right_2026_08_30_02_27_46_003.jpg,0.05,0.6156909,0,19.68689
/Users/martin/smart-technologies-ca2/data_track2/IMG/center_2026_08_30_02_27_46_073.jpg,/Users/martin/smart-technologies-ca2/data_track2/IMG/left_2026_08_30_02_27_46_073.jpg,/Users/martin/smart-technologies-ca2/data_track2/IMG/right_2026_08_30_02_27_46_073.jpg,0.25,0.3804641,0,20.88252
/Users/martin/smart-technologies-ca2/data_track2/IMG/center_2026_08_30_02_27_46_143.jpg,/Users/martin/smart-technologies-ca2/data_track2/IMG/left_2026_08_30_02_27_46_143.jpg,/Users/martin/smart-technologies-ca2/data_track2/IMG/right_2026_08_30_02_27_46_143.jpg,0.4,0.1962911,0,21.43703
/Users/martin/smart-technologies-ca2/data_track2/IMG/center_2026_08_30_02_27_46_214.jpg,/Users/martin/smart-technologies-ca2/data_track2/IMG/left_2026_08_30_02_27_46_214.jpg,/Users/martin/smart-technologies-ca2/data_track2/IMG/right_2026_08_30_02_27_46_214.jpg,0.6000001,0.258406,0,21.74231
/Users/martin/smart-technologies-ca2/data_track2/IMG/center_2026_08_30_02_27_46_281.jpg,/Users/martin/smart-technologies-ca2/data_track2/IMG/left_2026_08_30_02_27_46_281.jpg,/Users/martin/smart-technologies-ca2/data_track2/IMG/right_2026_08_30_02_27_46_281.jpg,0.7500002,0.4462122,0,21.92349
/Users/martin/smart-technologies-ca2/data_track2/IMG/center_2026_08_30_02_27_46_352.jpg,/Users/martin/smart-technologies-ca2/data_track2/IMG/left_2026_08_30_02_27_46_352.jpg,/Users/martin/smart-technologies-ca2/data_track2/IMG/right_2026_08_30_02_27_46_352.jpg,0,0.5833038,0,23.01475
/Users/martin/smart-technologies-ca2/data_track2/IMG/center_2026_08_30_02_27_46_420.jpg,/Users/martin/smart-technologies-ca2/data_track2/IMG/left_2026_08_30_02_27_46_420.jpg,/Users/martin/smart-technologies-ca2/data_track2/IMG/right_2026_08_30_02_27_46_420.jpg,-0.05,0.5586704,0,23.42959
/Users/martin/smart-technologies-ca2/data_track2/IMG/center_2026_08_30_02_27_46_489.jpg,/Users/martin/smart-technologies-ca2/data_track2/IMG/left_2026_08_30_02_27_46_489.jpg,/Users/martin/smart-technologies-ca2/data_track2/IMG/right_2026_08_30_02_27_46_489.jpg,-0.25,0.3202095,0,24.00027
/Users/martin/smart-technologies-ca2/data_track2/IMG/center_2026_08_30_02_27_46_559.jpg,/Users/martin/smart-technologies-ca2/data_track2/IMG/left_2026_08_30_02_27_46_559.jpg,/Users/martin/smart-technologies-ca2/data_track2/IMG/right_2026_08_30_02_27_46_559.jpg,-0.4,0.1324967,0,24.2955
/Users/martin/smart-technologies-ca2/data_track2/IMG/center_2026_08_30_02_27_46_626.jpg,/Users/martin/smart-technologies-ca2/data_track2/IMG/left_2026_08_30_02_27_46_626.jpg,/Users/martin/smart-technologies-ca2/data_track2/IMG/right_2026_08_30_02_27_46_626.jpg,0,0,0,24.4682
/Users/martin/smart-technologies-ca2/data_track2/IMG/center_2026_08_30_02_27_46_694.jpg,/Users/martin/smart-technologies-ca2/data_track2/IMG/left_2026_08_30_02_27_46_694.jpg,/Users/martin/smart-technologies-ca2/data_track2/IMG/right_2026_08_30_02_27_46_694.jpg,0,0,0,24.6074
/Users/martin/smart-technologies-ca2/data_track2/IMG/center_2026_08_30_02_27_46_764.jpg,/Users/martin/smart-technologies-ca2/data_track2/IMG/left_2026_08_30_02_27_46_764.jpg,/Users/martin/smart-technologies-ca2/data_track2/IMG/right_2026_08_30_02_27_46_764.jpg,-0.05,0.1125001,0,24.8393
/Users/martin/smart-technologies-ca2/data_track2/IMG/center_2026_08_30_02_27_46_831.jpg,/Users/martin/smart-technologies-ca2/data_track2/IMG/left_2026_08_30_02_27_46_831.jpg,/Users/martin/smart-technologies-ca2/data_track2/IMG/right_2026_08_30_02_27_46_831.jpg,-0.25,0.3554789,0,25.26744
/Users/martin/smart-technologies-ca2/data_track2/IMG/center_2026_08_30_02_27_46_901.jpg,/Users/martin/smart-technologies-ca2/data_track2/IMG/left_2026_08_30_02_27_46_901.jpg,/Users/martin/smart-technologies-ca2/data_track2/IMG/right_2026_08_30_02_27_46_901.jpg,-0.4,0.534639,0,25.62749
/Users/martin/smart-technologies-ca2/data_track2/IMG/center_2026_08_30_02_27_46_970.jpg,/Users/martin/smart-technologies-ca2/data_track2/IMG/left_2026_08_30_02_27_46_970.jpg,/Users/martin/smart-technologies-ca2/data_track2/IMG/right_2026_08_30_02_27_46_970.jpg,-0.6000001,0.781836,0,26.34494
/Users/martin/smart-technologies-ca2/data_track2/IMG/center_2026_08_30_02_27_47_039.jpg,/Users/martin/smart-technologies-ca2/data_track2/IMG/left_2026_08_30_02_27_47_039.jpg,/Users/martin/smart-technologies-ca2/data_track2/IMG/right_2026_08_30_02_27_47_039.jpg,-0.7500002,0.9540181,0,26.8638
/Users/martin/smart-technologies-ca2/data_track2/IMG/center_2026_08_30_02_27_47_106.jpg,/Users/martin/smart-technologies-ca2/data_track2/IMG/left_2026_08_30_02_27_47_106.jpg,/Users/martin/smart-technologies-ca2/data_track2/IMG/right_2026_08_30_02_27_47_106.jpg,0,0.862,0,27.51847
/Users/martin/smart-technologies-ca2/data_track2/IMG/center_2026_08_30_02_27_47_174.jpg,/Users/martin/smart-technologies-ca2/data_track2/IMG/left_2026_08_30_02_27_47_174.jpg,/Users/martin/smart-technologies-ca2/data_track2/IMG/right_2026_08_30_02_27_47_174.jpg,0,0.6844392,0,28.29668
/Users/martin/smart-technologies-ca2/data_track2/IMG/center_2026_08_30_02_27_47_247.jpg,/Users/martin/smart-technologies-ca2/data_track2/IMG/left_2026_08_30_02_27_47_247.jpg,/Users/martin/smart-technologies-ca2/data_track2/IMG/right_2026_08_30_02_27_47_247.jpg,0,0.4437821,0,28.46014
/Users/martin/smart-technologies-ca2/data_track2/IMG/center_2026_08_30_02_27_47_317.jpg,/Users/martin/smart-technologies-ca2/data_track2/IMG/left_2026_08_30_02_27_47_317.jpg,/Users/martin/smart-technologies-ca2/data_track2/IMG/right_2026_08_30_02_27_47_317.jpg,-0.1,0.3734893,0,28.71589
/Users/martin/smart-technologies-ca2/data_track2/IMG/center_2026_08_30_02_27_47_383.jpg,/Users/martin/smart-technologies-ca2/data_track2/IMG/left_2026_08_30_02_27_47_383.jpg,/Users/martin/smart-technologies-ca2/data_track2/IMG/right_2026_08_30_02_27_47_383.jpg,-0.25,0.5580374,0,28.26973
/Users/martin/smart-technologies-ca2/data_track2/IMG/center_2026_08_30_02_27_47_451.jpg,/Users/martin/smart-technologies-ca2/data_track2/IMG/left_2026_08_30_02_27_47_451.jpg,/Users/martin/smart-technologies-ca2/data_track2/IMG/right_2026_08_30_02_27_47_451.jpg,0,0.7883923,0,28.65173
/Users/martin/smart-technologies-ca2/data_track2/IMG/center_2026_08_30_02_27_47_522.jpg,/Users/martin/smart-technologies-ca2/data_track2/IMG/left_2026_08_30_02_27_47_522.jpg,/Users/martin/smart-technologies-ca2/data_track2/IMG/right_2026_08_30_02_27_47_522.jpg,0,0.9741253,0,29.19221
/Users/martin/smart-technologies-ca2/data_track2/IMG/center_2026_08_30_02_27_47_591.jpg,/Users/martin/smart-technologies-ca2/data_track2/IMG/left_2026_08_30_02_27_47_591.jpg,/Users/martin/smart-technologies-ca2/data_track2/IMG/right_2026_08_30_02_27_47_591.jpg,-0.1,1,0,29.73191
/Users/martin/smart-technologies-ca2/data_track2/IMG/center_2026_08_30_02_27_47_658.jpg,/Users/martin/smart-technologies-ca2/data_track2/IMG/left_2026_08_30_02_27_47_658.jpg,/Users/martin/smart-technologies-ca2/data_track2/IMG/right_2026_08_30_02_27_47_658.jpg,-0.25,1,0,30.29518
/Users/martin/smart-technologies-ca2/data_track2/IMG/center_2026_08_30_02_27_47_729.jpg,/Users/martin/smart-technologies-ca2/data_track2/IMG/left_2026_08_30_02_27_47_729.jpg,/Users/martin/smart-technologies-ca2/data_track2/IMG/right_2026_08_30_02_27_47_729.jpg,-0.45,1,0,30.15035
/Users/martin/smart-technologies-ca2/data_track2/IMG/center_2026_08_30_02_27_47_796.jpg,/Users/martin/smart-technologies-ca2/data_track2/IMG/left_2026_08_30_02_27_47_796.jpg,/Users/martin/smart-technologies-ca2/data_track2/IMG/right_2026_08_30_02_27_47_796.jpg,-0.6000001,0.8569689,0,30.11037
/Users/martin/smart-technologies-ca2/data_track2/IMG/center_2026_08_30_02_27_47_863.jpg,/Users/martin/smart-technologies-ca2/data_track2/IMG/left_2026_08_30_02_27_47_863.jpg,/Users/martin/smart-technologies-ca2/data_track2/IMG/right_2026_08_30_02_27_47_863.jpg,-0.7500002,0.6705968,0,30.0444
/Users/martin/smart-technologies-ca2/data_track2/IMG/center_2026_08_30_02_27_47_932.jpg,/Users/martin/smart-technologies-ca2/data_track2/IMG/left_2026_08_30_02_27_47_932.jpg,/Users/martin/smart-technologies-ca2/data_track2/IMG/right_2026_08_30_02_27_47_932.jpg,0,0.4348328,0,30.04939
/Users/martin/smart-technologies-ca2/data_track2/IMG/center_2026_08_30_02_27_48_003.jpg,/Users/martin/smart-technologies-ca2/data_track2/IMG/left_2026_08_30_02_27_48_003.jpg,/Users/martin/smart-technologies-ca2/data_track2/IMG/right_2026_08_30_02_27_48_003.jpg,0,0.2535909,0,30.01061
/Users/martin/smart-technologies-ca2/data_track2/IMG/center_2026_08_30_02_27_48_070.jpg,/Users/martin/smart-technologies-ca2/data_track2/IMG/left_2026_08_30_02_27_48_070.jpg,/Users/martin/smart-technologies-ca2/data_track2/IMG/right_2026_08_30_02_27_48_070.jpg,-0.15,0.0208478,0,29.90291
/Users/martin/smart-technologies-ca2/data_track2/IMG/center_2026_08_30_02_27_48_137.jpg,/Users/martin/smart-technologies-ca2/data_track2/IMG/left_2026_08_30_02_27_48_137.jpg,/Users/martin/smart-technologies-ca2/data_track2/IMG/right_2026_08_30_02_27_48_137.jpg,-0.3,0,0,29.69724
/Users/martin/smart-technologies-ca2/data_track2/IMG/center_2026_08_30_02_27_48_206.jpg,/Users/martin/smart-technologies-ca2/data_track2/IMG/left_2026_08_30_02_27_48_206.jpg,/Users/martin/smart-technologies-ca2/data_track2/IMG/right_2026_08_30_02_27_48_206.jpg,-0.5000001,0,0.1329178,28.64345
/Users/martin/smart-technologies-ca2/data_track2/IMG/center_2026_08_30_02_27_48_277.jpg,/Users/martin/smart-technologies-ca2/data_track2/IMG/left_2026_08_30_02_27_48_277.jpg,/Users/martin/smart-technologies-ca2/data_track2/IMG/right_2026_08_30_02_27_48_277.jpg,-0.6500001,0,0.316761,27.43106
/Users/martin/smart-technologies-ca2/data_track2/IMG/center_2026_08_30_02_27_48_348.jpg,/Users/martin/smart-technologies-ca2/data_track2/IMG/left_2026_08_30_02_27_48_348.jpg,/Users/martin/smart-technologies-ca2/data_track2/IMG/right_2026_08_30_02_27_48_348.jpg,-0.8500001,0,0.5549909,25.806
/Users/martin/smart-technologies-ca2/data_track2/IMG/center_2026_08_30_02_27_48_415.jpg,/Users/martin/smart-technologies-ca2/data_track2/IMG/left_2026_08_30_02_27_48_415.jpg,/Users/martin/smart-technologies-ca2/data_track2/IMG/right_2026_08_30_02_27_48_415.jpg,-1,0,0.740667,24.58474
/Users/martin/smart-technologies-ca2/data_track2/IMG/center_2026_08_30_02_27_48_482.jpg,/Users/martin/smart-technologies-ca2/data_track2/IMG/left_2026_08_30_02_27_48_482.jpg,/Users/martin/smart-technologies-ca2/data_track2/IMG/right_2026_08_30_02_27_48_482.jpg,-1,0,0.9128909,23.37294
/Users/martin/smart-technologies-ca2/data_track2/IMG/center_2026_08_30_02_27_48_550.jpg,/Users/martin/smart-technologies-ca2/data_track2/IMG/left_2026_08_30_02_27_48_550.jpg,/Users/martin/smart-technologies-ca2/data_track2/IMG/right_2026_08_30_02_27_48_550.jpg,-1,0,0.9841717,21.82916
/Users/martin/smart-technologies-ca2/data_track2/IMG/center_2026_08_30_02_27_48_617.jpg,/Users/martin/smart-technologies-ca2/data_track2/IMG/left_2026_08_30_02_27_48_617.jpg,/Users/martin/smart-technologies-ca2/data_track2/IMG/right_2026_08_30_02_27_48_617.jpg,-1,0,0.8108288,20.72619
/Users/martin/smart-technologies-ca2/data_track2/IMG/center_2026_08_30_02_27_48_689.jpg,/Users/martin/smart-technologies-ca2/data_track2/IMG/left_2026_08_30_02_27_48_689.jpg,/Users/martin/smart-technologies-ca2/data_track2/IMG/right_2026_08_30_02_27_48_689.jpg,-1,0,0.5677359,19.32107
/Users/martin/smart-technologies-ca2/data_track2/IMG/center_2026_08_30_02_27_48_758.jpg,/Users/martin/smart-technologies-ca2/data_track2/IMG/left_2026_08_30_02_27_48_758.jpg,/Users/martin/smart-technologies-ca2/data_track2/IMG/right_2026_08_30_02_27_48_758.jpg,0,0,0.3887349,18.2605
/Users/martin/smart-technologies-ca2/data_track2/IMG/center_2026_08_30_02_27_48_829.jpg,/Users/martin/smart-technologies-ca2/data_track2/IMG/left_2026_08_30_02_27_48_829.jpg,/Users/martin/smart-technologies-ca2/data_track2/IMG/right_2026_08_30_02_27_48_829.jpg,-0.05,0,0.1486357,16.90215
/Users/martin/smart-technologies-ca2/data_track2/IMG/center_2026_08_30_02_27_48_898.jpg,/Users/martin/smart-technologies-ca2/data_track2/IMG/left_2026_08_30_02_27_48_898.jpg,/Users/martin/smart-technologies-ca2/data_track2/IMG/right_2026_08_30_02_27_48_898.jpg,-0.2,0,0,15.93666
/Users/martin/smart-technologies-ca2/data_track2/IMG/center_2026_08_30_02_27_48_969.jpg,/Users/martin/smart-technologies-ca2/data_track2/IMG/left_2026_08_30_02_27_48_969.jpg,/Users/martin/smart-technologies-ca2/data_track2/IMG/right_2026_08_30_02_27_48_969.jpg,-0.4,0,0,15.65347
/Users/martin/smart-technologies-ca2/data_track2/IMG/center_2026_08_30_02_27_49_038.jpg,/Users/martin/smart-technologies-ca2/data_track2/IMG/left_2026_08_30_02_27_49_038.jpg,/Users/martin/smart-technologies-ca2/data_track2/IMG/right_2026_08_30_02_27_49_038.jpg,-0.05,0,0,15.12662
/Users/martin/smart-technologies-ca2/data_track2/IMG/center_2026_08_30_02_27_49_105.jpg,/Users/martin/smart-technologies-ca2/data_track2/IMG/left_2026_08_30_02_27_49_105.jpg,/Users/martin/smart-technologies-ca2/data_track2/IMG/right_2026_08_30_02_27_49_105.jpg,-0.2,0,0,15.4433
/Users/martin/smart-technologies-ca2/data_track2/IMG/center_2026_08_30_02_27_49_174.jpg,/Users/martin/smart-technologies-ca2/data_track2/IMG/left_2026_08_30_02_27_49_174.jpg,/Users/martin/smart-technologies-ca2/data_track2/IMG/right_2026_08_30_02_27_49_174.jpg,-0.4,0,0,15.29455
/Users/martin/smart-technologies-ca2/data_track2/IMG/center_2026_08_30_02_27_49_244.jpg,/Users/martin/smart-technologies-ca2/data_track2/IMG/left_2026_08_30_02_27_49_244.jpg,/Users/martin/smart-technologies-ca2/data_track2/IMG/right_2026_08_30_02_27_49_244.jpg,-0.5500001,0,0,14.77027
/Users/martin/smart-technologies-ca2/data_track2/IMG/center_2026_08_30_02_27_49_315.jpg,/Users/martin/smart-technologies-ca2/data_track2/IMG/left_2026_08_30_02_27_49_315.jpg,/Users/martin/smart-technologies-ca2/data_track2/IMG/right_2026_08_30_02_27_49_315.jpg,-0.7500002,0,0,14.51382
/Users/martin/smart-technologies-ca2/data_track2/IMG/center_2026_08_30_02_27_49_384.jpg,/Users/martin/smart-technologies-ca2/data_track2/IMG/left_2026_08_30_02_27_49_384.jpg,/Users/martin/smart-technologies-ca2/data_track2/IMG/right_2026_08_30_02_27_49_384.jpg,-0.9000002,0,0,14.7473
/Users/martin/smart-technologies-ca2/data_track2/IMG/center_2026_08_30_02_27_49_453.jpg,/Users/martin/smart-technologies-ca2/data_track2/IMG/left_2026_08_30_02_27_49_453.jpg,/Users/martin/smart-technologies-ca2/data_track2/IMG/right_2026_08_30_02_27_49_453.jpg,-1,0,0,14.47423
/Users/martin/smart-technologies-ca2/data_track2/IMG/center_2026_08_30_02_27_49_523.jpg,/Users/martin/smart-technologies-ca2/data_track2/IMG/left_2026_08_30_02_27_49_523.jpg,/Users/martin/smart-technologies-ca2/data_track2/IMG/right_2026_08_30_02_27_49_523.jpg,0,0,0,13.80741
/Users/martin/smart-technologies-ca2/data_track2/IMG/center_2026_08_30_02_27_49_593.jpg,/Users/martin/smart-technologies-ca2/data_track2/IMG/left_2026_08_30_02_27_49_593.jpg,/Users/martin/smart-technologies-ca2/data_track2/IMG/right_2026_08_30_02_27_49_593.jpg,-0.05,0,0,13.58595
/Users/martin/smart-technologies-ca2/data_track2/IMG/center_2026_08_30_02_27_49_663.jpg,/Users/martin/smart-technologies-ca2/data_track2/IMG/left_2026_08_30_02_27_49_663.jpg,/Users/martin/smart-technologies-ca2/data_track2/IMG/right_2026_08_30_02_27_49_663.jpg,-0.2,0,0,13.99394
/Users/martin/smart-technologies-ca2/data_track2/IMG/center_2026_08_30_02_27_49_733.jpg,/Users/martin/smart-technologies-ca2/data_track2/IMG/left_2026_08_30_02_27_49_733.jpg,/Users/martin/smart-technologies-ca2/data_track2/IMG/right_2026_08_30_02_27_49_733.jpg,-0.4,0,0,13.82411
/Users/martin/smart-technologies-ca2/data_track2/IMG/center_2026_08_30_02_27_49_803.jpg,/Users/martin/smart-technologies-ca2/data_track2/IMG/left_2026_08_30_02_27_49_803.jpg,/Users/martin/smart-technologies-ca2/data_track2/IMG/right_2026_08_30_02_27_49_803.jpg,-0.5500001,0,0,13.23221
/Users/martin/smart-technologies-ca2/data_track2/IMG/center_2026_08_30_02_27_49_872.jpg,/Users/martin/smart-technologies-ca2/data_track2/IMG/left_2026_08_30_02_27_49_872.jpg,/Users/martin/smart-technologies-ca2/data_track2/IMG/right_2026_08_30_02_27_49_872.jpg,-0.7500002,0,0,13.03976
/Users/martin/smart-technologies-ca2/data_track2/IMG/center_2026_08_30_02_27_49_941.jpg,/Users/martin/smart-technologies-ca2/data_track2/IMG/left_2026_08_30_02_27_49_941.jpg,/Users/martin/smart-technologies-ca2/data_track2/IMG/right_2026_08_30_02_27_49_941.jpg,-0.9000002,0,0,13.37009
/Users/martin/smart-technologies-ca2/data_track2/IMG/center_2026_08_30_02_27_50_010.jpg,/Users/martin/smart-technologies-ca2/data_track2/IMG/left_2026_08_30_02_27_50_010.jpg,/Users/martin/smart-technologies-ca2/data_track2/IMG/right_2026_08_30_02_27_50_010.jpg,-1,0.05732989,0,13.14893
/Users/martin/smart-technologies-ca2/data_track2/IMG/center_2026_08_30_02_27_50_077.jpg,/Users/martin/smart-technologies-ca2/data_track2/IMG/left_2026_08_30_02_27_50_077.jpg,/Users/martin/smart-technologies-ca2/data_track2/IMG/right_2026_08_30_02_27_50_077.jpg,-1,0.2337241,0,12.60003
/Users/martin/smart-technologies-ca2/data_track2/IMG/center_2026_08_30_02_27_50_148.jpg,/Users/martin/smart-technologies-ca2/data_track2/IMG/left_2026_08_30_02_27_50_148.jpg,/Users/martin/smart-technologies-ca2/data_track2/IMG/right_2026_08_30_02_27_50_148.jpg,-1,0.4707001,0,12.72214
/Users/martin/smart-technologies-ca2/data_track2/IMG/center_2026_08_30_02_27_50_215.jpg,/Users/martin/smart-technologies-ca2/data_track2/IMG/left_2026_08_30_02_27_50_215.jpg,/Users/martin/smart-technologies-ca2/data_track2/IMG/right_2026_08_30_02_27_50_215.jpg,-1,0.6483511,0,13.25032
/Users/martin/smart-technologies-ca2/data_track2/IMG/center_2026_08_30_02_27_50_284.jpg,/Users/martin/smart-technologies-ca2/data_track2/IMG/left_2026_08_30_02_27_50_284.jpg,/Users/martin/smart-technologies-ca2/data_track2/IMG/right_2026_08_30_02_27_50_284.jpg,-1,0.643188,0,13.55412
/Users/martin/smart-technologies-ca2/data_track2/IMG/center_2026_08_30_02_27_50_355.jpg,/Users/martin/smart-technologies-ca2/data_track2/IMG/left_2026_08_30_02_27_50_355.jpg,/Users/martin/smart-technologies-ca2/data_track2/IMG/right_2026_08_30_02_27_50_355.jpg,-1,0.40263,0,13.91787
/Users/martin/smart-technologies-ca2/data_track2/IMG/center_2026_08_30_02_27_50_426.jpg,/Users/martin/smart-technologies-ca2/data_track2/IMG/left_2026_08_30_02_27_50_426.jpg,/Users/martin/smart-technologies-ca2/data_track2/IMG/right_2026_08_30_02_27_50_426.jpg,-1,0.1610699,0,13.93579
/Users/martin/smart-technologies-ca2/data_track2/IMG/center_2026_08_30_02_27_50_493.jpg,/Users/martin/smart-technologies-ca2/data_track2/IMG/left_2026_08_30_02_27_50_493.jpg,/Users/martin/smart-technologies-ca2/data_track2/IMG/right_2026_08_30_02_27_50_493.jpg,-1,0,0,14.39579
/Users/martin/smart-technologies-ca2/data_track2/IMG/center_2026_08_30_02_27_50_566.jpg,/Users/martin/smart-technologies-ca2/data_track2/IMG/left_2026_08_30_02_27_50_566.jpg,/Users/martin/smart-technologies-ca2/data_track2/IMG/right_2026_08_30_02_27_50_566.jpg,0,0.2009161,0,14.19497
/Users/martin/smart-technologies-ca2/data_track2/IMG/center_2026_08_30_02_27_50_636.jpg,/Users/martin/smart-technologies-ca2/data_track2/IMG/left_2026_08_30_02_27_50_636.jpg,/Users/martin/smart-technologies-ca2/data_track2/IMG/right_2026_08_30_02_27_50_636.jpg,0,0.38241,0,13.85328
/Users/martin/smart-technologies-ca2/data_track2/IMG/center_2026_08_30_02_27_50_703.jpg,/Users/martin/smart-technologies-ca2/data_track2/IMG/left_2026_08_30_02_27_50_703.jpg,/Users/martin/smart-technologies-ca2/data_track2/IMG/right_2026_08_30_02_27_50_703.jpg,0,0.561813,0,14.32112
/Users/martin/smart-technologies-ca2/data_track2/IMG/center_2026_08_30_02_27_50_772.jpg,/Users/martin/smart-technologies-ca2/data_track2/IMG/left_2026_08_30_02_27_50_772.jpg,/Users/martin/smart-technologies-ca2/data_track2/IMG/right_2026_08_30_02_27_50_772.jpg,-0.15,0.8087432,0,14.88823
/Users/martin/smart-technologies-ca2/data_track2/IMG/center_2026_08_30_02_27_50_840.jpg,/Users/martin/smart-technologies-ca2/data_track2/IMG/left_2026_08_30_02_27_50_840.jpg,/Users/martin/smart-technologies-ca2/data_track2/IMG/right_2026_08_30_02_27_50_840.jpg,-0.3,0.9830103,0,15.13387
/Users/martin/smart-technologies-ca2/data_track2/IMG/center_2026_08_30_02_27_50_908.jpg,/Users/martin/smart-technologies-ca2/data_track2/IMG/left_2026_08_30_02_27_50_908.jpg,/Users/martin/smart-technologies-ca2/data_track2/IMG/right_2026_08_30_02_27_50_908.jpg,-0.5000001,1,0,16.03593
/Users/martin/smart-technologies-ca2/data_track2/IMG/center_2026_08_30_02_27_50_975.jpg,/Users/martin/smart-technologies-ca2/data_track2/IMG/left_2026_08_30_02_27_50_975.jpg,/Users/martin/smart-technologies-ca2/data_track2/IMG/right_2026_08_30_02_27_50_975.jpg,-0.6500001,1,0,16.75654
/Users/martin/smart-technologies-ca2/data_track2/IMG/center_2026_08_30_02_27_51_046.jpg,/Users/martin/smart-technologies-ca2/data_track2/IMG/left_2026_08_30_02_27_51_046.jpg,/Users/martin/smart-technologies-ca2/data_track2/IMG/right_2026_08_30_02_27_51_046.jpg,-0.8500001,1,0,17.41315
/Users/martin/smart-technologies-ca2/data_track2/IMG/center_2026_08_30_02_27_51_114.jpg,/Users/martin/smart-technologies-ca2/data_track2/IMG/left_2026_08_30_02_27_51_114.jpg,/Users/martin/smart-technologies-ca2/data_track2/IMG/right_2026_08_30_02_27_51_114.jpg,-1,1,0,17.73137
/Users/martin/smart-technologies-ca2/data_track2/IMG/center_2026_08_30_02_27_51_185.jpg,/Users/martin/smart-technologies-ca2/data_track2/IMG/left_2026_08_30_02_27_51_185.jpg,/Users/martin/smart-technologies-ca2/data_track2/IMG/right_2026_08_30_02_27_51_185.jpg,-1,0.862873,0,18.31915
/Users/martin/smart-technologies-ca2/data_track2/IMG/center_2026_08_30_02_27_51_255.jpg,/Users/martin/smart-technologies-ca2/data_track2/IMG/left_2026_08_30_02_27_51_255.jpg,/Users/martin/smart-technologies-ca2/data_track2/IMG/right_2026_08_30_02_27_51_255.jpg,-1,0.6252732,0,18.80486
/Users/martin/smart-technologies-ca2/data_track2/IMG/center_2026_08_30_02_27_51_322.jpg,/Users/martin/smart-technologies-ca2/data_track2/IMG/left_2026_08_30_02_27_51_322.jpg,/Users/martin/smart-technologies-ca2/data_track2/IMG/right_2026_08_30_02_27_51_322.jpg,-1,0.4504901,0,18.80715
/Users/martin/smart-technologies-ca2/data_track2/IMG/center_2026_08_30_02_27_51_389.jpg,/Users/martin/smart-technologies-ca2/data_track2/IMG/left_2026_08_30_02_27_51_389.jpg,/Users/martin/smart-technologies-ca2/data_track2/IMG/right_2026_08_30_02_27_51_389.jpg,-1,0.6370807,0,19.11411
/Users/martin/smart-technologies-ca2/data_track2/IMG/center_2026_08_30_02_27_51_456.jpg,/Users/martin/smart-technologies-ca2/data_track2/IMG/left_2026_08_30_02_27_51_456.jpg,/Users/martin/smart-technologies-ca2/data_track2/IMG/right_2026_08_30_02_27_51_456.jpg,0,0.8273258,0,19.63323
/Users/martin/smart-technologies-ca2/data_track2/IMG/center_2026_08_30_02_27_51_525.jpg,/Users/martin/smart-technologies-ca2/data_track2/IMG/left_2026_08_30_02_27_51_525.jpg,/Users/martin/smart-technologies-ca2/data_track2/IMG/right_2026_08_30_02_27_51_525.jpg,0,1,0,20.17918
/Users/martin/smart-technologies-ca2/data_track2/IMG/center_2026_08_30_02_27_51_595.jpg,/Users/martin/smart-technologies-ca2/data_track2/IMG/left_2026_08_30_02_27_51_595.jpg,/Users/martin/smart-technologies-ca2/data_track2/IMG/right_2026_08_30_02_27_51_595.jpg,0,1,0,20.70929
/Users/martin/smart-technologies-ca2/data_track2/IMG/center_2026_08_30_02_27_51_663.jpg,/Users/martin/smart-technologies-ca2/data_track2/IMG/left_2026_08_30_02_27_51_663.jpg,/Users/martin/smart-technologies-ca2/data_track2/IMG/right_2026_08_30_02_27_51_663.jpg,0,1,0,21.27558
/Users/martin/smart-technologies-ca2/data_track2/IMG/center_2026_08_30_02_27_51_733.jpg,/Users/martin/smart-technologies-ca2/data_track2/IMG/left_2026_08_30_02_27_51_733.jpg,/Users/martin/smart-technologies-ca2/data_track2/IMG/right_2026_08_30_02_27_51_733.jpg,-0.2,1,0,22.06892
/Users/martin/smart-technologies-ca2/data_track2/IMG/center_2026_08_30_02_27_51_802.jpg,/Users/martin/smart-technologies-ca2/data_track2/IMG/left_2026_08_30_02_27_51_802.jpg,/Users/martin/smart-technologies-ca2/data_track2/IMG/right_2026_08_30_02_27_51_802.jpg,-0.35,1,0,22.64423
/Users/martin/smart-technologies-ca2/data_track2/IMG/center_2026_08_30_02_27_51_871.jpg,/Users/martin/smart-technologies-ca2/data_track2/IMG/left_2026_08_30_02_27_51_871.jpg,/Users/martin/smart-technologies-ca2/data_track2/IMG/right_2026_08_30_02_27_51_871.jpg,-0.5500001,1,0,23.31742
/Users/martin/smart-technologies-ca2/data_track2/IMG/center_2026_08_30_02_27_51_939.jpg,/Users/martin/smart-technologies-ca2/data_track2/IMG/left_2026_08_30_02_27_51_939.jpg,/Users/martin/smart-technologies-ca2/data_track2/IMG/right_2026_08_30_02_27_51_939.jpg,-0.7,1,0,23.76262
/Users/martin/smart-technologies-ca2/data_track2/IMG/center_2026_08_30_02_27_52_006.jpg,/Users/martin/smart-technologies-ca2/data_track2/IMG/left_2026_08_30_02_27_52_006.jpg,/Users/martin/smart-technologies-ca2/data_track2/IMG/right_2026_08_30_02_27_52_006.jpg,0,1,0,24.41134
/Users/martin/smart-technologies-ca2/data_track2/IMG/center_2026_08_30_02_27_52_075.jpg,/Users/martin/smart-technologies-ca2/data_track2/IMG/left_2026_08_30_02_27_52_075.jpg,/Users/martin/smart-technologies-ca2/data_track2/IMG/right_2026_08_30_02_27_52_075.jpg,0,1,0,24.8038
/Users/martin/smart-technologies-ca2/data_track2/IMG/center_2026_08_30_02_27_52_145.jpg,/Users/martin/smart-technologies-ca2/data_track2/IMG/left_2026_08_30_02_27_52_145.jpg,/Users/martin/smart-technologies-ca2/data_track2/IMG/right_2026_08_30_02_27_52_145.jpg,0,1,0,25.15434
/Users/martin/smart-technologies-ca2/data_track2/IMG/center_2026_08_30_02_27_52_213.jpg,/Users/martin/smart-technologies-ca2/data_track2/IMG/left_2026_08_30_02_27_52_213.jpg,/Users/martin/smart-technologies-ca2/data_track2/IMG/right_2026_08_30_02_27_52_213.jpg,0,1,0,26.01824
/Users/martin/smart-technologies-ca2/data_track2/IMG/center_2026_08_30_02_27_52_282.jpg,/Users/martin/smart-technologies-ca2/data_track2/IMG/left_2026_08_30_02_27_52_282.jpg,/Users/martin/smart-technologies-ca2/data_track2/IMG/right_2026_08_30_02_27_52_282.jpg,0.05,1,0,26.53318
/Users/martin/smart-technologies-ca2/data_track2/IMG/center_2026_08_30_02_27_52_350.jpg,/Users/martin/smart-technologies-ca2/data_track2/IMG/left_2026_08_30_02_27_52_350.jpg,/Users/martin/smart-technologies-ca2/data_track2/IMG/right_2026_08_30_02_27_52_350.jpg,0.25,0.7756211,0,26.69285
/Users/martin/smart-technologies-ca2/data_track2/IMG/center_2026_08_30_02_27_52_417.jpg,/Users/martin/smart-technologies-ca2/data_track2/IMG/left_2026_08_30_02_27_52_417.jpg,/Users/martin/smart-technologies-ca2/data_track2/IMG/right_2026_08_30_02_27_52_417.jpg,0.4,0.5965149,0,26.89458
/Users/martin/smart-technologies-ca2/data_track2/IMG/center_2026_08_30_02_27_52_484.jpg,/Users/martin/smart-technologies-ca2/data_track2/IMG/left_2026_08_30_02_27_52_484.jpg,/Users/martin/smart-technologies-ca2/data_track2/IMG/right_2026_08_30_02_27_52_484.jpg,0,0.4203911,0,27.76708
/Users/martin/smart-technologies-ca2/data_track2/IMG/center_2026_08_30_02_27_52_553.jpg,/Users/martin/smart-technologies-ca2/data_track2/IMG/left_2026_08_30_02_27_52_553.jpg,/Users/martin/smart-technologies-ca2/data_track2/IMG/right_2026_08_30_02_27_52_553.jpg,0,0.1750301,0,28.32873
/Users/martin/smart-technologies-ca2/data_track2/IMG/center_2026_08_30_02_27_52_622.jpg,/Users/martin/smart-technologies-ca2/data_track2/IMG/left_2026_08_30_02_27_52_622.jpg,/Users/martin/smart-technologies-ca2/data_track2/IMG/right_2026_08_30_02_27_52_622.jpg,0.15,0.001033068,0,28.53378
/Users/martin/smart-technologies-ca2/data_track2/IMG/center_2026_08_30_02_27_52_689.jpg,/Users/martin/smart-technologies-ca2/data_track2/IMG/left_2026_08_30_02_27_52_689.jpg,/Users/martin/smart-technologies-ca2/data_track2/IMG/right_2026_08_30_02_27_52_689.jpg,0.35,0,0,29.07374
/Users/martin/smart-technologies-ca2/data_track2/IMG/center_2026_08_30_02_27_52_758.jpg,/Users/martin/smart-technologies-ca2/data_track2/IMG/left_2026_08_30_02_27_52_758.jpg,/Users/martin/smart-technologies-ca2/data_track2/IMG/right_2026_08_30_02_27_52_758.jpg,0.5000001,0,0,29.35163
/Users/martin/smart-technologies-ca2/data_track2/IMG/center_2026_08_30_02_27_52_827.jpg,/Users/martin/smart-technologies-ca2/data_track2/IMG/left_2026_08_30_02_27_52_827.jpg,/Users/martin/smart-technologies-ca2/data_track2/IMG/right_2026_08_30_02_27_52_827.jpg,0.7,0,0,29.48719
/Users/martin/smart-technologies-ca2/data_track2/IMG/center_2026_08_30_02_27_52_894.jpg,/Users/martin/smart-technologies-ca2/data_track2/IMG/left_2026_08_30_02_27_52_894.jpg,/Users/martin/smart-technologies-ca2/data_track2/IMG/right_2026_08_30_02_27_52_894.jpg,0.8500001,0,0,29.22933
/Users/martin/smart-technologies-ca2/data_track2/IMG/center_2026_08_30_02_27_52_961.jpg,/Users/martin/smart-technologies-ca2/data_track2/IMG/left_2026_08_30_02_27_52_961.jpg,/Users/martin/smart-technologies-ca2/data_track2/IMG/right_2026_08_30_02_27_52_961.jpg,0,0,0,29.47018
/Users/martin/smart-technologies-ca2/data_track2/IMG/center_2026_08_30_02_27_53_030.jpg,/Users/martin/smart-technologies-ca2/data_track2/IMG/left_2026_08_30_02_27_53_030.jpg,/Users/martin/smart-technologies-ca2/data_track2/IMG/right_2026_08_30_02_27_53_030.jpg,-0.2,0,0,29.55891
/Users/martin/smart-technologies-ca2/data_track2/IMG/center_2026_08_30_02_27_53_098.jpg,/Users/martin/smart-technologies-ca2/data_track2/IMG/left_2026_08_30_02_27_53_098.jpg,/Users/martin/smart-technologies-ca2/data_track2/IMG/right_2026_08_30_02_27_53_098.jpg,-0.35,0,0,29.61603
/Users/martin/smart-technologies-ca2/data_track2/IMG/center_2026_08_30_02_27_53_167.jpg,/Users/martin/smart-technologies-ca2/data_track2/IMG/left_2026_08_30_02_27_53_167.jpg,/Users/martin/smart-technologies-ca2/data_track2/IMG/right_2026_08_30_02_27_53_167.jpg,-0.5500001,0,0,29.61156
/Users/martin/smart-technologies-ca2/data_track2/IMG/center_2026_08_30_02_27_53_233.jpg,/Users/martin/smart-technologies-ca2/data_track2/IMG/left_2026_08_30_02_27_53_233.jpg,/Users/martin/smart-technologies-ca2/data_track2/IMG/right_2026_08_30_02_27_53_233.jpg,-0.7,0,0,29.41548
/Users/martin/smart-technologies-ca2/data_track2/IMG/center_2026_08_30_02_27_53_300.jpg,/Users/martin/smart-technologies-ca2/data_track2/IMG/left_2026_08_30_02_27_53_300.jpg,/Users/martin/smart-technologies-ca2/data_track2/IMG/right_2026_08_30_02_27_53_300.jpg,-0.8500001,0,0,29.3676
/Users/martin/smart-technologies-ca2/data_track2/IMG/center_2026_08_30_02_27_53_369.jpg,/Users/martin/smart-technologies-ca2/data_track2/IMG/left_2026_08_30_02_27_53_369.jpg,/Users/martin/smart-technologies-ca2/data_track2/IMG/right_2026_08_30_02_27_53_369.jpg,-1,0,0,29.2588
/Users/martin/smart-technologies-ca2/data_track2/IMG/center_2026_08_30_02_27_53_438.jpg,/Users/martin/smart-technologies-ca2/data_track2/IMG/left_2026_08_30_02_27_53_438.jpg,/Users/martin/smart-technologies-ca2/data_track2/IMG/right_2026_08_30_02_27_53_438.jpg,-1,0,0,29.01387
/Users/martin/smart-technologies-ca2/data_track2/IMG/center_2026_08_30_02_27_53_505.jpg,/Users/martin/smart-technologies-ca2/data_track2/IMG/left_2026_08_30_02_27_53_505.jpg,/Users/martin/smart-technologies-ca2/data_track2/IMG/right_2026_08_30_02_27_53_505.jpg,0,0,0,28.90236
/Users/martin/smart-technologies-ca2/data_track2/IMG/center_2026_08_30_02_27_53_572.jpg,/Users/martin/smart-technologies-ca2/data_track2/IMG/left_2026_08_30_02_27_53_572.jpg,/Users/martin/smart-technologies-ca2/data_track2/IMG/right_2026_08_30_02_27_53_572.jpg,0,0,0,28.92657
/Users/martin/smart-technologies-ca2/data_track2/IMG/center_2026_08_30_02_27_53_641.jpg,/Users/martin/smart-technologies-ca2/data_track2/IMG/left_2026_08_30_02_27_53_641.jpg,/Users/martin/smart-technologies-ca2/data_track2/IMG/right_2026_08_30_02_27_53_641.jpg,0,0,0,28.97001
/Users/martin/smart-technologies-ca2/data_track2/IMG/center_2026_08_30_02_27_53_708.jpg,/Users/martin/smart-technologies-ca2/data_track2/IMG/left_2026_08_30_02_27_53_708.jpg,/Users/martin/smart-technologies-ca2/data_track2/IMG/right_2026_08_30_02_27_53_708.jpg,0,0.1928701,0,29.20041
/Users/martin/smart-technologies-ca2/data_track2/IMG/center_2026_08_30_02_27_53_776.jpg,/Users/martin/smart-technologies-ca2/data_track2/IMG/left_2026_08_30_02_27_53_776.jpg,/Users/martin/smart-technologies-ca2/data_track2/IMG/right_2026_08_30_02_27_53_776.jpg,0,0.3725431,0,28.77161
/Users/martin/smart-technologies-ca2/data_track2/IMG/center_2026_08_30_02_27_53_846.jpg,/Users/martin/smart-technologies-ca2/data_track2/IMG/left_2026_08_30_02_27_53_846.jpg,/Users/martin/smart-technologies-ca2/data_track2/IMG/right_2026_08_30_02_27_53_846.jpg,0,0.6135449,0,28.34912
/Users/martin/smart-technologies-ca2/data_track2/IMG/center_2026_08_30_02_27_53_914.jpg,/Users/martin/smart-technologies-ca2/data_track2/IMG/left_2026_08_30_02_27_53_914.jpg,/Users/martin/smart-technologies-ca2/data_track2/IMG/right_2026_08_30_02_27_53_914.jpg,0.1,0.7979339,0,28.65368
/Users/martin/smart-technologies-ca2/data_track2/IMG/center_2026_08_30_02_27_53_983.jpg,/Users/martin/smart-technologies-ca2/data_track2/IMG/left_2026_08_30_02_27_53_983.jpg,/Users/martin/smart-technologies-ca2/data_track2/IMG/right_2026_08_30_02_27_53_983.jpg,0.25,0.8055571,0,29.21546
/Users/martin/smart-technologies-ca2/data_track2/IMG/center_2026_08_30_02_27_54_051.jpg,/Users/martin/smart-technologies-ca2/data_track2/IMG/left_2026_08_30_02_27_54_051.jpg,/Users/martin/smart-technologies-ca2/data_track2/IMG/right_2026_08_30_02_27_54_051.jpg,0.45,0.566415,0,29.69621
/Users/martin/smart-technologies-ca2/data_track2/IMG/center_2026_08_30_02_27_54_118.jpg,/Users/martin/smart-technologies-ca2/data_track2/IMG/left_2026_08_30_02_27_54_118.jpg,/Users/martin/smart-technologies-ca2/data_track2/IMG/right_2026_08_30_02_27_54_118.jpg,0.6000001,0.3813601,0,29.45732
/Users/martin/smart-technologies-ca2/data_track2/IMG/center_2026_08_30_02_27_54_187.jpg,/Users/martin/smart-technologies-ca2/data_track2/IMG/left_2026_08_30_02_27_54_187.jpg,/Users/martin/smart-technologies-ca2/data_track2/IMG/right_2026_08_30_02_27_54_187.jpg,0,0.142254,0,29.60584
/Users/martin/smart-technologies-ca2/data_track2/IMG/center_2026_08_30_02_27_54_254.jpg,/Users/martin/smart-technologies-ca2/data_track2/IMG/left_2026_08_30_02_27_54_254.jpg,/Users/martin/smart-technologies-ca2/data_track2/IMG/right_2026_08_30_02_27_54_254.jpg,0,0,0,29.49274
/Users/martin/smart-technologies-ca2/data_track2/IMG/center_2026_08_30_02_27_54_321.jpg,/Users/martin/smart-technologies-ca2/data_track2/IMG/left_2026_08_30_02_27_54_321.jpg,/Users/martin/smart-technologies-ca2/data_track2/IMG/right_2026_08_30_02_27_54_321.jpg,0,0,0,29.31165
/Users/martin/smart-technologies-ca2/data_track2/IMG/center_2026_08_30_02_27_54_390.jpg,/Users/martin/smart-technologies-ca2/data_track2/IMG/left_2026_08_30_02_27_54_390.jpg,/Users/martin/smart-technologies-ca2/data_track2/IMG/right_2026_08_30_02_27_54_390.jpg,0.15,0,0,29.07181
/Users/martin/smart-technologies-ca2/data_track2/IMG/center_2026_08_30_02_27_54_458.jpg,/Users/martin/smart-technologies-ca2/data_track2/IMG/left_2026_08_30_02_27_54_458.jpg,/Users/martin/smart-technologies-ca2/data_track2/IMG/right_2026_08_30_02_27_54_458.jpg,0.3,0,0,28.86053
/Users/martin/smart-technologies-ca2/data_track2/IMG/center_2026_08_30_02_27_54_527.jpg,/Users/martin/smart-technologies-ca2/data_track2/IMG/left_2026_08_30_02_27_54_527.jpg,/Users/martin/smart-technologies-ca2/data_track2/IMG/right_2026_08_30_02_27_54_527.jpg,0,0,0,28.59842
/Users/martin/smart-technologies-ca2/data_track2/IMG/center_2026_08_30_02_27_54_594.jpg,/Users/martin/smart-technologies-ca2/data_track2/IMG/left_2026_08_30_02_27_54_594.jpg,/Users/martin/smart-technologies-ca2/data_track2/IMG/right_2026_08_30_02_27_54_594.jpg,0.05,0,0,28.42437
/Users/martin/smart-technologies-ca2/data_track2/IMG/center_2026_08_30_02_27_54_664.jpg,/Users/martin/smart-technologies-ca2/data_track2/IMG/left_2026_08_30_02_27_54_664.jpg,/Users/martin/smart-technologies-ca2/data_track2/IMG/right_2026_08_30_02_27_54_664.jpg,0.2,0,0,28.24328
/Users/martin/smart-technologies-ca2/data_track2/IMG/center_2026_08_30_02_27_54_733.jpg,/Users/martin/smart-technologies-ca2/data_track2/IMG/left_2026_08_30_02_27_54_733.jpg,/Users/martin/smart-technologies-ca2/data_track2/IMG/right_2026_08_30_02_27_54_733.jpg,0.4,0,0,27.94071
/Users/martin/smart-technologies-ca2/data_track2/IMG/center_2026_08_30_02_27_54_800.jpg,/Users/martin/smart-technologies-ca2/data_track2/IMG/left_2026_08_30_02_27_54_800.jpg,/Users/martin/smart-technologies-ca2/data_track2/IMG/right_2026_08_30_02_27_54_800.jpg,0.5500001,0,0,27.65649
/Users/martin/smart-technologies-ca2/data_track2/IMG/center_2026_08_30_02_27_54_869.jpg,/Users/martin/smart-technologies-ca2/data_track2/IMG/left_2026_08_30_02_27_54_869.jpg,/Users/martin/smart-technologies-ca2/data_track2/IMG/right_2026_08_30_02_27_54_869.jpg,0.7500002,0,0,27.20294
/Users/martin/smart-technologies-ca2/data_track2/IMG/center_2026_08_30_02_27_54_938.jpg,/Users/martin/smart-technologies-ca2/data_track2/IMG/left_2026_08_30_02_27_54_938.jpg,/Users/martin/smart-technologies-ca2/data_track2/IMG/right_2026_08_30_02_27_54_938.jpg,0,0,0,26.9874
/Users/martin/smart-technologies-ca2/data_track2/IMG/center_2026_08_30_02_27_55_005.jpg,/Users/martin/smart-technologies-ca2/data_track2/IMG/left_2026_08_30_02_27_55_005.jpg,/Users/martin/smart-technologies-ca2/data_track2/IMG/right_2026_08_30_02_27_55_005.jpg,0.05,0,0,26.7492
/Users/martin/smart-technologies-ca2/data_track2/IMG/center_2026_08_30_02_27_55_074.jpg,/Users/martin/smart-technologies-ca2/data_track2/IMG/left_2026_08_30_02_27_55_074.jpg,/Users/martin/smart-technologies-ca2/data_track2/IMG/right_2026_08_30_02_27_55_074.jpg,0.2,0,0,26.58676
/Users/martin/smart-technologies-ca2/data_track2/IMG/center_2026_08_30_02_27_55_143.jpg,/Users/martin/smart-technologies-ca2/data_track2/IMG/left_2026_08_30_02_27_55_143.jpg,/Users/martin/smart-technologies-ca2/data_track2/IMG/right_2026_08_30_02_27_55_143.jpg,0.35,0,0,26.3935
/Users/martin/smart-technologies-ca2/data_track2/IMG/center_2026_08_30_02_27_55_210.jpg,/Users/martin/smart-technologies-ca2/data_track2/IMG/left_2026_08_30_02_27_55_210.jpg,/Users/martin/smart-technologies-ca2/data_track2/IMG/right_2026_08_30_02_27_55_210.jpg,0.5500001,0,0,26.05947
/Users/martin/smart-technologies-ca2/data_track2/IMG/center_2026_08_30_02_27_55_277.jpg,/Users/martin/smart-technologies-ca2/data_track2/IMG/left_2026_08_30_02_27_55_277.jpg,/Users/martin/smart-technologies-ca2/data_track2/IMG/right_2026_08_30_02_27_55_277.jpg,0.7,0,0,25.75174
/Users/martin/smart-technologies-ca2/data_track2/IMG/center_2026_08_30_02_27_55_344.jpg,/Users/martin/smart-technologies-ca2/data_track2/IMG/left_2026_08_30_02_27_55_344.jpg,/Users/martin/smart-technologies-ca2/data_track2/IMG/right_2026_08_30_02_27_55_344.jpg,0.8500001,0,0,25.39932
/Users/martin/smart-technologies-ca2/data_track2/IMG/center_2026_08_30_02_27_55_411.jpg,/Users/martin/smart-technologies-ca2/data_track2/IMG/left_2026_08_30_02_27_55_411.jpg,/Users/martin/smart-technologies-ca2/data_track2/IMG/right_2026_08_30_02_27_55_411.jpg,1,0,0,24.87798
/Users/martin/smart-technologies-ca2/data_track2/IMG/center_2026_08_30_02_27_55_478.jpg,/Users/martin/smart-technologies-ca2/data_track2/IMG/left_2026_08_30_02_27_55_478.jpg,/Users/martin/smart-technologies-ca2/data_track2/IMG/right_2026_08_30_02_27_55_478.jpg,1,0,0,24.53935
/Users/martin/smart-technologies-ca2/data_track2/IMG/center_2026_08_30_02_27_55_545.jpg,/Users/martin/smart-technologies-ca2/data_track2/IMG/left_2026_08_30_02_27_55_545.jpg,/Users/martin/smart-technologies-ca2/data_track2/IMG/right_2026_08_30_02_27_55_545.jpg,0,0,0,24.22629
/Users/martin/smart-technologies-ca2/data_track2/IMG/center_2026_08_30_02_27_55_614.jpg,/Users/martin/smart-technologies-ca2/data_track2/IMG/left_2026_08_30_02_27_55_614.jpg,/Users/martin/smart-technologies-ca2/data_track2/IMG/right_2026_08_30_02_27_55_614.jpg,0,0,0,23.93745
/Users/martin/smart-technologies-ca2/data_track2/IMG/center_2026_08_30_02_27_55_681.jpg,/Users/martin/smart-technologies-ca2/data_track2/IMG/left_2026_08_30_02_27_55_681.jpg,/Users/martin/smart-technologies-ca2/data_track2/IMG/right_2026_08_30_02_27_55_681.jpg,0,0.02669406,0,23.84436
/Users/martin/smart-technologies-ca2/data_track2/IMG/center_2026_08_30_02_27_55_748.jpg,/Users/martin/smart-technologies-ca2/data_track2/IMG/left_2026_08_30_02_27_55_748.jpg,/Users/martin/smart-technologies-ca2/data_track2/IMG/right_2026_08_30_02_27_55_748.jpg,0,0.2664478,0,23.77052
/Users/martin/smart-technologies-ca2/data_track2/IMG/center_2026_08_30_02_27_55_817.jpg,/Users/martin/smart-technologies-ca2/data_track2/IMG/left_2026_08_30_02_27_55_817.jpg,/Users/martin/smart-technologies-ca2/data_track2/IMG/right_2026_08_30_02_27_55_817.jpg,0,0.4431181,0,23.79068
/Users/martin/smart-technologies-ca2/data_track2/IMG/center_2026_08_30_02_27_55_884.jpg,/Users/martin/smart-technologies-ca2/data_track2/IMG/left_2026_08_30_02_27_55_884.jpg,/Users/martin/smart-technologies-ca2/data_track2/IMG/right_2026_08_30_02_27_55_884.jpg,0,0.6198539,0,24.09496
/Users/martin/smart-technologies-ca2/data_track2/IMG/center_2026_08_30_02_27_55_953.jpg,/Users/martin/smart-technologies-ca2/data_track2/IMG/left_2026_08_30_02_27_55_953.jpg,/Users/martin/smart-technologies-ca2/data_track2/IMG/right_2026_08_30_02_27_55_953.jpg,0.2,0.8652238,0,24.58801
/Users/martin/smart-technologies-ca2/data_track2/IMG/center_2026_08_30_02_27_56_020.jpg,/Users/martin/smart-technologies-ca2/data_track2/IMG/left_2026_08_30_02_27_56_020.jpg,/Users/martin/smart-technologies-ca2/data_track2/IMG/right_2026_08_30_02_27_56_020.jpg,0.35,1,0,25.06326
/Users/martin/smart-technologies-ca2/data_track2/IMG/center_2026_08_30_02_27_56_087.jpg,/Users/martin/smart-technologies-ca2/data_track2/IMG/left_2026_08_30_02_27_56_087.jpg,/Users/martin/smart-technologies-ca2/data_track2/IMG/right_2026_08_30_02_27_56_087.jpg,0.5500001,1,0,25.69378
/Users/martin/smart-technologies-ca2/data_track2/IMG/center_2026_08_30_02_27_56_154.jpg,/Users/martin/smart-technologies-ca2/data_track2/IMG/left_2026_08_30_02_27_56_154.jpg,/Users/martin/smart-technologies-ca2/data_track2/IMG/right_2026_08_30_02_27_56_154.jpg,0.7,1,0,26.10743
/Users/martin/smart-technologies-ca2/data_track2/IMG/center_2026_08_30_02_27_56_223.jpg,/Users/martin/smart-technologies-ca2/data_track2/IMG/left_2026_08_30_02_27_56_223.jpg,/Users/martin/smart-technologies-ca2/data_track2/IMG/right_2026_08_30_02_27_56_223.jpg,0.8500001,1,0,26.46955
/Users/martin/smart-technologies-ca2/data_track2/IMG/center_2026_08_30_02_27_56_290.jpg,/Users/martin/smart-technologies-ca2/data_track2/IMG/left_2026_08_30_02_27_56_290.jpg,/Users/martin/smart-technologies-ca2/data_track2/IMG/right_2026_08_30_02_27_56_290.jpg,1,0.8185003,0,26.84069
/Users/martin/smart-technologies-ca2/data_track2/IMG/center_2026_08_30_02_27_56_358.jpg,/Users/martin/smart-technologies-ca2/data_track2/IMG/left_2026_08_30_02_27_56_358.jpg,/Users/martin/smart-technologies-ca2/data_track2/IMG/right_2026_08_30_02_27_56_358.jpg,0,0.6345823,0,27.13207
/Users/martin/smart-technologies-ca2/data_track2/IMG/center_2026_08_30_02_27_56_427.jpg,/Users/martin/smart-technologies-ca2/data_track2/IMG/left_2026_08_30_02_27_56_427.jpg,/Users/martin/smart-technologies-ca2/data_track2/IMG/right_2026_08_30_02_27_56_427.jpg,0,0.3982242,0,27.36159
/Users/martin/smart-technologies-ca2/data_track2/IMG/center_2026_08_30_02_27_56_494.jpg,/Users/martin/smart-technologies-ca2/data_track2/IMG/left_2026_08_30_02_27_56_494.jpg,/Users/martin/smart-technologies-ca2/data_track2/IMG/right_2026_08_30_02_27_56_494.jpg,0,0.2173032,0,27.41421
/Users/martin/smart-technologies-ca2/data_track2/IMG/center_2026_08_30_02_27_56_562.jpg,/Users/martin/smart-technologies-ca2/data_track2/IMG/left_2026_08_30_02_27_56_562.jpg,/Users/martin/smart-technologies-ca2/data_track2/IMG/right_2026_08_30_02_27_56_562.jpg,0,0.0440203,0,27.34778
/Users/martin/smart-technologies-ca2/data_track2/IMG/center_2026_08_30_02_27_56_631.jpg,/Users/martin/smart-technologies-ca2/data_track2/IMG/left_2026_08_30_02_27_56_631.jpg,/Users/martin/smart-technologies-ca2/data_track2/IMG/right_2026_08_30_02_27_56_631.jpg,0,0.1375591,0,27.15962
/Users/martin/smart-technologies-ca2/data_track2/IMG/center_2026_08_30_02_27_56_699.jpg,/Users/martin/smart-technologies-ca2/data_track2/IMG/left_2026_08_30_02_27_56_699.jpg,/Users/martin/smart-technologies-ca2/data_track2/IMG/right_2026_08_30_02_27_56_699.jpg,0,0.3107944,0,27.14979
/Users/martin/smart-technologies-ca2/data_track2/IMG/center_2026_08_30_02_27_56_768.jpg,/Users/martin/smart-technologies-ca2/data_track2/IMG/left_2026_08_30_02_27_56_768.jpg,/Users/martin/smart-technologies-ca2/data_track2/IMG/right_2026_08_30_02_27_56_768.jpg,0,0.5478183,0,27.34094
/Users/martin/smart-technologies-ca2/data_track2/IMG/center_2026_08_30_02_27_56_835.jpg,/Users/martin/smart-technologies-ca2/data_track2/IMG/left_2026_08_30_02_27_56_835.jpg,/Users/martin/smart-technologies-ca2/data_track2/IMG/right_2026_08_30_02_27_56_835.jpg,0.05,0.7292343,0,27.63393
/Users/martin/smart-technologies-ca2/data_track2/IMG/center_2026_08_30_02_27_56_905.jpg,/Users/martin/smart-technologies-ca2/data_track2/IMG/left_2026_08_30_02_27_56_905.jpg,/Users/martin/smart-technologies-ca2/data_track2/IMG/right_2026_08_30_02_27_56_905.jpg,0.2,0.9077733,0,28.03629
/Users/martin/smart-technologies-ca2/data_track2/IMG/center_2026_08_30_02_27_56_974.jpg,/Users/martin/smart-technologies-ca2/data_track2/IMG/left_2026_08_30_02_27_56_974.jpg,/Users/martin/smart-technologies-ca2/data_track2/IMG/right_2026_08_30_02_27_56_974.jpg,0.4,0.8800087,0,28.6511
/Users/martin/smart-technologies-ca2/data_track2/IMG/center_2026_08_30_02_27_57_042.jpg,/Users/martin/smart-technologies-ca2/data_track2/IMG/left_2026_08_30_02_27_57_042.jpg,/Users/martin/smart-technologies-ca2/data_track2/IMG/right_2026_08_30_02_27_57_042.jpg,0.5500001,0.708151,0,28.93756
/Users/martin/smart-technologies-ca2/data_track2/IMG/center_2026_08_30_02_27_57_109.jpg,/Users/martin/smart-technologies-ca2/data_track2/IMG/left_2026_08_30_02_27_57_109.jpg,/Users/martin/smart-technologies-ca2/data_track2/IMG/right_2026_08_30_02_27_57_109.jpg,0.7500002,0.4660387,0,29.04117
/Users/martin/smart-technologies-ca2/data_track2/IMG/center_2026_08_30_02_27_57_179.jpg,/Users/martin/smart-technologies-ca2/data_track2/IMG/left_2026_08_30_02_27_57_179.jpg,/Users/martin/smart-technologies-ca2/data_track2/IMG/right_2026_08_30_02_27_57_179.jpg,0.9000002,0.2793849,0,28.90929
/Users/martin/smart-technologies-ca2/data_track2/IMG/center_2026_08_30_02_27_57_246.jpg,/Users/martin/smart-technologies-ca2/data_track2/IMG/left_2026_08_30_02_27_57_246.jpg,/Users/martin/smart-technologies-ca2/data_track2/IMG/right_2026_08_30_02_27_57_246.jpg,0,0.04662991,0,28.75788
/Users/martin/smart-technologies-ca2/data_track2/IMG/center_2026_08_30_02_27_57_315.jpg,/Users/martin/smart-technologies-ca2/data_track2/IMG/left_2026_08_30_02_27_57_315.jpg,/Users/martin/smart-technologies-ca2/data_track2/IMG/right_2026_08_30_02_27_57_315.jpg,0.05,0,0,28.57142
/Users/martin/smart-technologies-ca2/data_track2/IMG/center_2026_08_30_02_27_57_385.jpg,/Users/martin/smart-technologies-ca2/data_track2/IMG/left_2026_08_30_02_27_57_385.jpg,/Users/martin/smart-technologies-ca2/data_track2/IMG/right_2026_08_30_02_27_57_385.jpg,0.25,0,0,28.34045
/Users/martin/smart-technologies-ca2/data_track2/IMG/center_2026_08_30_02_27_57_454.jpg,/Users/martin/smart-technologies-ca2/data_track2/IMG/left_2026_08_30_02_27_57_454.jpg,/Users/martin/smart-technologies-ca2/data_track2/IMG/right_2026_08_30_02_27_57_454.jpg,0.4,0,0,28.12664
/Users/martin/smart-technologies-ca2/data_track2/IMG/center_2026_08_30_02_27_57_524.jpg,/Users/martin/smart-technologies-ca2/data_track2/IMG/left_2026_08_30_02_27_57_524.jpg,/Users/martin/smart-technologies-ca2/data_track2/IMG/right_2026_08_30_02_27_57_524.jpg,0.5500001,0,0,27.85829
/Users/martin/smart-technologies-ca2/data_track2/IMG/center_2026_08_30_02_27_57_593.jpg,/Users/martin/smart-technologies-ca2/data_track2/IMG/left_2026_08_30_02_27_57_593.jpg,/Users/martin/smart-technologies-ca2/data_track2/IMG/right_2026_08_30_02_27_57_593.jpg,0.7500002,0,0,27.41743
/Users/martin/smart-technologies-ca2/data_track2/IMG/center_2026_08_30_02_27_57_660.jpg,/Users/martin/smart-technologies-ca2/data_track2/IMG/left_2026_08_30_02_27_57_660.jpg,/Users/martin/smart-technologies-ca2/data_track2/IMG/right_2026_08_30_02_27_57_660.jpg,0.9000002,0,0,27.03155
/Users/martin/smart-technologies-ca2/data_track2/IMG/center_2026_08_30_02_27_57_727.jpg,/Users/martin/smart-technologies-ca2/data_track2/IMG/left_2026_08_30_02_27_57_727.jpg,/Users/martin/smart-technologies-ca2/data_track2/IMG/right_2026_08_30_02_27_57_727.jpg,0,0,0,26.72432
/Users/martin/smart-technologies-ca2/data_track2/IMG/center_2026_08_30_02_27_57_794.jpg,/Users/martin/smart-technologies-ca2/data_track2/IMG/left_2026_08_30_02_27_57_794.jpg,/Users/martin/smart-technologies-ca2/data_track2/IMG/right_2026_08_30_02_27_57_794.jpg,0.15,0,0,26.56359
/Users/martin/smart-technologies-ca2/data_track2/IMG/center_2026_08_30_02_27_57_861.jpg,/Users/martin/smart-technologies-ca2/data_track2/IMG/left_2026_08_30_02_27_57_861.jpg,/Users/martin/smart-technologies-ca2/data_track2/IMG/right_2026_08_30_02_27_57_861.jpg,0.3,0,0,26.39968
/Users/martin/smart-technologies-ca2/data_track2/IMG/center_2026_08_30_02_27_57_930.jpg,/Users/martin/smart-technologies-ca2/data_track2/IMG/left_2026_08_30_02_27_57_930.jpg,/Users/martin/smart-technologies-ca2/data_track2/IMG/right_2026_08_30_02_27_57_930.jpg,0.5000001,0,0,26.11376
/Users/martin/smart-technologies-ca2/data_track2/IMG/center_2026_08_30_02_27_58_000.jpg,/Users/martin/smart-technologies-ca2/data_track2/IMG/left_2026_08_30_02_27_58_000.jpg,/Users/martin/smart-technologies-ca2/data_track2/IMG/right_2026_08_30_02_27_58_000.jpg,0.6500001,0,0,25.83561
/Users/martin/smart-technologies-ca2/data_track2/IMG/center_2026_08_30_02_27_58_067.jpg,/Users/martin/smart-technologies-ca2/data_track2/IMG/left_2026_08_30_02_27_58_067.jpg,/Users/martin/smart-technologies-ca2/data_track2/IMG/right_2026_08_30_02_27_58_067.jpg,0.8500001,0,0,25.38743
/Users/martin/smart-technologies-ca2/data_track2/IMG/center_2026_08_30_02_27_58_135.jpg,/Users/martin/smart-technologies-ca2/data_track2/IMG/left_2026_08_30_02_27_58_135.jpg,/Users/martin/smart-technologies-ca2/data_track2/IMG/right_2026_08_30_02_27_58_135.jpg,1,0,0,25.00168
/Users/martin/smart-technologies-ca2/data_track2/IMG/center_2026_08_30_02_27_58_204.jpg,/Users/martin/smart-technologies-ca2/data_track2/IMG/left_2026_08_30_02_27_58_204.jpg,/Users/martin/smart-technologies-ca2/data_track2/IMG/right_2026_08_30_02_27_58_204.jpg,1,0,0,24.64384
/Users/martin/smart-technologies-ca2/data_track2/IMG/center_2026_08_30_02_27_58_276.jpg,/Users/martin/smart-technologies-ca2/data_track2/IMG/left_2026_08_30_02_27_58_276.jpg,/Users/martin/smart-technologies-ca2/data_track2/IMG/right_2026_08_30_02_27_58_276.jpg,0,0,0,24.25928
/Users/martin/smart-technologies-ca2/data_track2/IMG/center_2026_08_30_02_27_58_342.jpg,/Users/martin/smart-technologies-ca2/data_track2/IMG/left_2026_08_30_02_27_58_342.jpg,/Users/martin/smart-technologies-ca2/data_track2/IMG/right_2026_08_30_02_27_58_342.jpg,0.05,0,0,24.08473
/Users/martin/smart-technologies-ca2/data_track2/IMG/center_2026_08_30_02_27_58_415.jpg,/Users/martin/smart-technologies-ca2/data_track2/IMG/left_2026_08_30_02_27_58_415.jpg,/Users/martin/smart-technologies-ca2/data_track2/IMG/right_2026_08_30_02_27_58_415.jpg,0.25,0,0,23.91241
/Users/martin/smart-technologies-ca2/data_track2/IMG/center_2026_08_30_02_27_58_487.jpg,/Users/martin/smart-technologies-ca2/data_track2/IMG/left_2026_08_30_02_27_58_487.jpg,/Users/martin/smart-technologies-ca2/data_track2/IMG/right_2026_08_30_02_27_58_487.jpg,0.45,0,0,23.70511
/Users/martin/smart-technologies-ca2/data_track2/IMG/center_2026_08_30_02_27_58_553.jpg,/Users/martin/smart-technologies-ca2/data_track2/IMG/left_2026_08_30_02_27_58_553.jpg,/Users/martin/smart-technologies-ca2/data_track2/IMG/right_2026_08_30_02_27_58_553.jpg,0.6000001,0,0,23.3671
/Users/martin/smart-technologies-ca2/data_track2/IMG/center_2026_08_30_02_27_58_620.jpg,/Users/martin/smart-technologies-ca2/data_track2/IMG/left_2026_08_30_02_27_58_620.jpg,/Users/martin/smart-technologies-ca2/data_track2/IMG/right_2026_08_30_02_27_58_620.jpg,0.7500002,0,0,23.21787
/Users/martin/smart-technologies-ca2/data_track2/IMG/center_2026_08_30_02_27_58_687.jpg,/Users/martin/smart-technologies-ca2/data_track2/IMG/left_2026_08_30_02_27_58_687.jpg,/Users/martin/smart-technologies-ca2/data_track2/IMG/right_2026_08_30_02_27_58_687.jpg,0.9500002,0,0,22.78482
/Users/martin/smart-technologies-ca2/data_track2/IMG/center_2026_08_30_02_27_58_754.jpg,/Users/martin/smart-technologies-ca2/data_track2/IMG/left_2026_08_30_02_27_58_754.jpg,/Users/martin/smart-technologies-ca2/data_track2/IMG/right_2026_08_30_02_27_58_754.jpg,1,0,0,22.3199
/Users/martin/smart-technologies-ca2/data_track2/IMG/center_2026_08_30_02_27_58_826.jpg,/Users/martin/smart-technologies-ca2/data_track2/IMG/left_2026_08_30_02_27_58_826.jpg,/Users/martin/smart-technologies-ca2/data_track2/IMG/right_2026_08_30_02_27_58_826.jpg,0,0,0,22.00433
/Users/martin/smart-technologies-ca2/data_track2/IMG/center_2026_08_30_02_27_58_898.jpg,/Users/martin/smart-technologies-ca2/data_track2/IMG/left_2026_08_30_02_27_58_898.jpg,/Users/martin/smart-technologies-ca2/data_track2/IMG/right_2026_08_30_02_27_58_898.jpg,0,0,0,21.87522
/Users/martin/smart-technologies-ca2/data_track2/IMG/center_2026_08_30_02_27_58_965.jpg,/Users/martin/smart-technologies-ca2/data_track2/IMG/left_2026_08_30_02_27_58_965.jpg,/Users/martin/smart-technologies-ca2/data_track2/IMG/right_2026_08_30_02_27_58_965.jpg,0.1,0,0,21.62749
/Users/martin/smart-technologies-ca2/data_track2/IMG/center_2026_08_30_02_27_59_037.jpg,/Users/martin/smart-technologies-ca2/data_track2/IMG/left_2026_08_30_02_27_59_037.jpg,/Users/martin/smart-technologies-ca2/data_track2/IMG/right_2026_08_30_02_27_59_037.jpg,0.25,0,0,21.03377
/Users/martin/smart-technologies-ca2/data_track2/IMG/center_2026_08_30_02_27_59_109.jpg,/Users/martin/smart-technologies-ca2/data_track2/IMG/left_2026_08_30_02_27_59_109.jpg,/Users/martin/smart-technologies-ca2/data_track2/IMG/right_2026_08_30_02_27_59_109.jpg,0,0,0,20.88556
/Users/martin/smart-technologies-ca2/data_track2/IMG/center_2026_08_30_02_27_59_176.jpg,/Users/martin/smart-technologies-ca2/data_track2/IMG/left_2026_08_30_02_27_59_176.jpg,/Users/martin/smart-technologies-ca2/data_track2/IMG/right_2026_08_30_02_27_59_176.jpg,0,0,0,20.7342
/Users/martin/smart-technologies-ca2/data_track2/IMG/center_2026_08_30_02_27_59_248.jpg,/Users/martin/smart-technologies-ca2/data_track2/IMG/left_2026_08_30_02_27_59_248.jpg,/Users/martin/smart-technologies-ca2/data_track2/IMG/right_2026_08_30_02_27_59_248.jpg,0,0,0,20.48254
/Users/martin/smart-technologies-ca2/data_track2/IMG/center_2026_08_30_02_27_59_315.jpg,/Users/martin/smart-technologies-ca2/data_track2/IMG/left_2026_08_30_02_27_59_315.jpg,/Users/martin/smart-technologies-ca2/data_track2/IMG/right_2026_08_30_02_27_59_315.jpg,0.1,0,0,19.76423
/Users/martin/smart-technologies-ca2/data_track2/IMG/center_2026_08_30_02_27_59_388.jpg,/Users/martin/smart-technologies-ca2/data_track2/IMG/left_2026_08_30_02_27_59_388.jpg,/Users/martin/smart-technologies-ca2/data_track2/IMG/right_2026_08_30_02_27_59_388.jpg,0.3,0,0,19.035
/Users/martin/smart-technologies-ca2/data_track2/IMG/center_2026_08_30_02_27_59_459.jpg,/Users/martin/smart-technologies-ca2/data_track2/IMG/left_2026_08_30_02_27_59_459.jpg,/Users/martin/smart-technologies-ca2/data_track2/IMG/right_2026_08_30_02_27_59_459.jpg,0.45,0,0,18.75733
/Users/martin/smart-technologies-ca2/data_track2/IMG/center_2026_08_30_02_27_59_532.jpg,/Users/martin/smart-technologies-ca2/data_track2/IMG/left_2026_08_30_02_27_59_532.jpg,/Users/martin/smart-technologies-ca2/data_track2/IMG/right_2026_08_30_02_27_59_532.jpg,0,0.216249,0,18.33292
/Users/martin/smart-technologies-ca2/data_track2/IMG/center_2026_08_30_02_27_59_598.jpg,/Users/martin/smart-technologies-ca2/data_track2/IMG/left_2026_08_30_02_27_59_598.jpg,/Users/martin/smart-technologies-ca2/data_track2/IMG/right_2026_08_30_02_27_59_598.jpg,0,0.4049309,0,17.79382
/Users/martin/smart-technologies-ca2/data_track2/IMG/center_2026_08_30_02_27_59_670.jpg,/Users/martin/smart-technologies-ca2/data_track2/IMG/left_2026_08_30_02_27_59_670.jpg,/Users/martin/smart-technologies-ca2/data_track2/IMG/right_2026_08_30_02_27_59_670.jpg,0,0.6350548,0,17.39612
/Users/martin/smart-technologies-ca2/data_track2/IMG/center_2026_08_30_02_27_59_737.jpg,/Users/martin/smart-technologies-ca2/data_track2/IMG/left_2026_08_30_02_27_59_737.jpg,/Users/martin/smart-technologies-ca2/data_track2/IMG/right_2026_08_30_02_27_59_737.jpg,0,0.8154091,0,17.31145
/Users/martin/smart-technologies-ca2/data_track2/IMG/center_2026_08_30_02_27_59_808.jpg,/Users/martin/smart-technologies-ca2/data_track2/IMG/left_2026_08_30_02_27_59_808.jpg,/Users/martin/smart-technologies-ca2/data_track2/IMG/right_2026_08_30_02_27_59_808.jpg,0.1,1,0,17.7279
/Users/martin/smart-technologies-ca2/data_track2/IMG/center_2026_08_30_02_27_59_878.jpg,/Users/martin/smart-technologies-ca2/data_track2/IMG/left_2026_08_30_02_27_59_878.jpg,/Users/martin/smart-technologies-ca2/data_track2/IMG/right_2026_08_30_02_27_59_878.jpg,0.25,1,0,17.86208
/Users/martin/smart-technologies-ca2/data_track2/IMG/center_2026_08_30_02_27_59_947.jpg,/Users/martin/smart-technologies-ca2/data_track2/IMG/left_2026_08_30_02_27_59_947.jpg,/Users/martin/smart-technologies-ca2/data_track2/IMG/right_2026_08_30_02_27_59_947.jpg,0.45,1,0,18.36442
/Users/martin/smart-technologies-ca2/data_track2/IMG/center_2026_08_30_02_28_00_016.jpg,/Users/martin/smart-technologies-ca2/data_track2/IMG/left_2026_08_30_02_28_00_016.jpg,/Users/martin/smart-technologies-ca2/data_track2/IMG/right_2026_08_30_02_28_00_016.jpg,0.6000001,1,0,18.37135
/Users/martin/smart-technologies-ca2/data_track2/IMG/center_2026_08_30_02_28_00_087.jpg,/Users/martin/smart-technologies-ca2/data_track2/IMG/left_2026_08_30_02_28_00_087.jpg,/Users/martin/smart-technologies-ca2/data_track2/IMG/right_2026_08_30_02_28_00_087.jpg,0,1,0,18.76939
/Users/martin/smart-technologies-ca2/data_track2/IMG/center_2026_08_30_02_28_00_155.jpg,/Users/martin/smart-technologies-ca2/data_track2/IMG/left_2026_08_30_02_28_00_155.jpg,/Users/martin/smart-technologies-ca2/data_track2/IMG/right_2026_08_30_02_28_00_155.jpg,0,1,0,19.12206
/Users/martin/smart-technologies-ca2/data_track2/IMG/center_2026_08_30_02_28_00_223.jpg,/Users/martin/smart-technologies-ca2/data_track2/IMG/left_2026_08_30_02_28_00_223.jpg,/Users/martin/smart-technologies-ca2/data_track2/IMG/right_2026_08_30_02_28_00_223.jpg,0,1,0,19.46044
/Users/martin/smart-technologies-ca2/data_track2/IMG/center_2026_08_30_02_28_00_292.jpg,/Users/martin/smart-technologies-ca2/data_track2/IMG/left_2026_08_30_02_28_00_292.jpg,/Users/martin/smart-technologies-ca2/data_track2/IMG/right_2026_08_30_02_28_00_292.jpg,0,1,0,19.83748
/Users/martin/smart-technologies-ca2/data_track2/IMG/center_2026_08_30_02_28_00_361.jpg,/Users/martin/smart-technologies-ca2/data_track2/IMG/left_2026_08_30_02_28_00_361.jpg,/Users/martin/smart-technologies-ca2/data_track2/IMG/right_2026_08_30_02_28_00_361.jpg,0,1,0,20.06948
/Users/martin/smart-technologies-ca2/data_track2/IMG/center_2026_08_30_02_28_00_432.jpg,/Users/martin/smart-technologies-ca2/data_track2/IMG/left_2026_08_30_02_28_00_432.jpg,/Users/martin/smart-technologies-ca2/data_track2/IMG/right_2026_08_30_02_28_00_432.jpg,0,1,0,20.45782
/Users/martin/smart-technologies-ca2/data_track2/IMG/center_2026_08_30_02_28_00_503.jpg,/Users/martin/smart-technologies-ca2/data_track2/IMG/left_2026_08_30_02_28_00_503.jpg,/Users/martin/smart-technologies-ca2/data_track2/IMG/right_2026_08_30_02_28_00_503.jpg,0,1,0,20.74131
/Users/martin/smart-technologies-ca2/data_track2/IMG/center_2026_08_30_02_28_00_575.jpg,/Users/martin/smart-technologies-ca2/data_track2/IMG/left_2026_08_30_02_28_00_575.jpg,/Users/martin/smart-technologies-ca2/data_track2/IMG/right_2026_08_30_02_28_00_575.jpg,0,1,0,21.12413
/Users/martin/smart-technologies-ca2/data_track2/IMG/center_2026_08_30_02_28_00_646.jpg,/Users/martin/smart-technologies-ca2/data_track2/IMG/left_2026_08_30_02_28_00_646.jpg,/Users/martin/smart-technologies-ca2/data_track2/IMG/right_2026_08_30_02_28_00_646.jpg,0,1,0,21.47581
/Users/martin/smart-technologies-ca2/data_track2/IMG/center_2026_08_30_02_28_00_716.jpg,/Users/martin/smart-technologies-ca2/data_track2/IMG/left_2026_08_30_02_28_00_716.jpg,/Users/martin/smart-technologies-ca2/data_track2/IMG/right_2026_08_30_02_28_00_716.jpg,-0.05,1,0,21.63101
/Users/martin/smart-technologies-ca2/data_track2/IMG/center_2026_08_30_02_28_00_783.jpg,/Users/martin/smart-technologies-ca2/data_track2/IMG/left_2026_08_30_02_28_00_783.jpg,/Users/martin/smart-technologies-ca2/data_track2/IMG/right_2026_08_30_02_28_00_783.jpg,-0.2,1,0,21.92688
/Users/martin/smart-technologies-ca2/data_track2/IMG/center_2026_08_30_02_28_00_855.jpg,/Users/martin/smart-technologies-ca2/data_track2/IMG/left_2026_08_30_02_28_00_855.jpg,/Users/martin/smart-technologies-ca2/data_track2/IMG/right_2026_08_30_02_28_00_855.jpg,-0.4,1,0,22.19573
/Users/martin/smart-technologies-ca2/data_track2/IMG/center_2026_08_30_02_28_00_925.jpg,/Users/martin/smart-technologies-ca2/data_track2/IMG/left_2026_08_30_02_28_00_925.jpg,/Users/martin/smart-technologies-ca2/data_track2/IMG/right_2026_08_30_02_28_00_925.jpg,-0.6000001,1,0,22.25213
/Users/martin/smart-technologies-ca2/data_track2/IMG/center_2026_08_30_02_28_00_996.jpg,/Users/martin/smart-technologies-ca2/data_track2/IMG/left_2026_08_30_02_28_00_996.jpg,/Users/martin/smart-technologies-ca2/data_track2/IMG/right_2026_08_30_02_28_00_996.jpg,-0.7500002,1,0,22.05008
/Users/martin/smart-technologies-ca2/data_track2/IMG/center_2026_08_30_02_28_01_068.jpg,/Users/martin/smart-technologies-ca2/data_track2/IMG/left_2026_08_30_02_28_01_068.jpg,/Users/martin/smart-technologies-ca2/data_track2/IMG/right_2026_08_30_02_28_01_068.jpg,0,1,0,22.25464
/Users/martin/smart-technologies-ca2/data_track2/IMG/center_2026_08_30_02_28_01_135.jpg,/Users/martin/smart-technologies-ca2/data_track2/IMG/left_2026_08_30_02_28_01_135.jpg,/Users/martin/smart-technologies-ca2/data_track2/IMG/right_2026_08_30_02_28_01_135.jpg,0,0.9214599,0,22.42646
/Users/martin/smart-technologies-ca2/data_track2/IMG/center_2026_08_30_02_28_01_206.jpg,/Users/martin/smart-technologies-ca2/data_track2/IMG/left_2026_08_30_02_28_01_206.jpg,/Users/martin/smart-technologies-ca2/data_track2/IMG/right_2026_08_30_02_28_01_206.jpg,0,1,0,22.58444
/Users/martin/smart-technologies-ca2/data_track2/IMG/center_2026_08_30_02_28_01_275.jpg,/Users/martin/smart-technologies-ca2/data_track2/IMG/left_2026_08_30_02_28_01_275.jpg,/Users/martin/smart-technologies-ca2/data_track2/IMG/right_2026_08_30_02_28_01_275.jpg,-0.1,1,0,22.35499
/Users/martin/smart-technologies-ca2/data_track2/IMG/center_2026_08_30_02_28_01_343.jpg,/Users/martin/smart-technologies-ca2/data_track2/IMG/left_2026_08_30_02_28_01_343.jpg,/Users/martin/smart-technologies-ca2/data_track2/IMG/right_2026_08_30_02_28_01_343.jpg,-0.25,1,0,22.22631
/Users/martin/smart-technologies-ca2/data_track2/IMG/center_2026_08_30_02_28_01_413.jpg,/Users/martin/smart-technologies-ca2/data_track2/IMG/left_2026_08_30_02_28_01_413.jpg,/Users/martin/smart-technologies-ca2/data_track2/IMG/right_2026_08_30_02_28_01_413.jpg,-0.45,1,0,22.24442
/Users/martin/smart-technologies-ca2/data_track2/IMG/center_2026_08_30_02_28_01_483.jpg,/Users/martin/smart-technologies-ca2/data_track2/IMG/left_2026_08_30_02_28_01_483.jpg,/Users/martin/smart-technologies-ca2/data_track2/IMG/right_2026_08_30_02_28_01_483.jpg,-0.6000001,1,0,22.47438
/Users/martin/smart-technologies-ca2/data_track2/IMG/center_2026_08_30_02_28_01_553.jpg,/Users/martin/smart-technologies-ca2/data_track2/IMG/left_2026_08_30_02_28_01_553.jpg,/Users/martin/smart-technologies-ca2/data_track2/IMG/right_2026_08_30_02_28_01_553.jpg,0,1,0,23.14553
/Users/martin/smart-technologies-ca2/data_track2/IMG/center_2026_08_30_02_28_01_621.jpg,/Users/martin/smart-technologies-ca2/data_track2/IMG/left_2026_08_30_02_28_01_621.jpg,/Users/martin/smart-technologies-ca2/data_track2/IMG/right_2026_08_30_02_28_01_621.jpg,0,1,0,23.66142
/Users/martin/smart-technologies-ca2/data_track2/IMG/center_2026_08_30_02_28_01_692.jpg,/Users/martin/smart-technologies-ca2/data_track2/IMG/left_2026_08_30_02_28_01_692.jpg,/Users/martin/smart-technologies-ca2/data_track2/IMG/right_2026_08_30_02_28_01_692.jpg,-0.1,1,0,24.45812
/Users/martin/smart-technologies-ca2/data_track2/IMG/center_2026_08_30_02_28_01_759.jpg,/Users/martin/smart-technologies-ca2/data_track2/IMG/left_2026_08_30_02_28_01_759.jpg,/Users/martin/smart-technologies-ca2/data_track2/IMG/right_2026_08_30_02_28_01_759.jpg,-0.25,1,0,25.03711
/Users/martin/smart-technologies-ca2/data_track2/IMG/center_2026_08_30_02_28_01_827.jpg,/Users/martin/smart-technologies-ca2/data_track2/IMG/left_2026_08_30_02_28_01_827.jpg,/Users/martin/smart-technologies-ca2/data_track2/IMG/right_2026_08_30_02_28_01_827.jpg,-0.45,1,0,25.90383
/Users/martin/smart-technologies-ca2/data_track2/IMG/center_2026_08_30_02_28_01_899.jpg,/Users/martin/smart-technologies-ca2/data_track2/IMG/left_2026_08_30_02_28_01_899.jpg,/Users/martin/smart-technologies-ca2/data_track2/IMG/right_2026_08_30_02_28_01_899.jpg,0,1,0,26.77428
/Users/martin/smart-technologies-ca2/data_track2/IMG/center_2026_08_30_02_28_01_970.jpg,/Users/martin/smart-technologies-ca2/data_track2/IMG/left_2026_08_30_02_28_01_970.jpg,/Users/martin/smart-technologies-ca2/data_track2/IMG/right_2026_08_30_02_28_01_970.jpg,0,1,0,27.76114
/Users/martin/smart-technologies-ca2/data_track2/IMG/center_2026_08_30_02_28_02_041.jpg,/Users/martin/smart-technologies-ca2/data_track2/IMG/left_2026_08_30_02_28_02_041.jpg,/Users/martin/smart-technologies-ca2/data_track2/IMG/right_2026_08_30_02_28_02_041.jpg,0,1,0,28.39563
/Users/martin/smart-technologies-ca2/data_track2/IMG/center_2026_08_30_02_28_02_111.jpg,/Users/martin/smart-technologies-ca2/data_track2/IMG/left_2026_08_30_02_28_02_111.jpg,/Users/martin/smart-technologies-ca2/data_track2/IMG/right_2026_08_30_02_28_02_111.jpg,0,1,0,29.0065
/Users/martin/smart-technologies-ca2/data_track2/IMG/center_2026_08_30_02_28_02_181.jpg,/Users/martin/smart-technologies-ca2/data_track2/IMG/left_2026_08_30_02_28_02_181.jpg,/Users/martin/smart-technologies-ca2/data_track2/IMG/right_2026_08_30_02_28_02_181.jpg,0,1,0,29.47478
/Users/martin/smart-technologies-ca2/data_track2/IMG/center_2026_08_30_02_28_02_251.jpg,/Users/martin/smart-technologies-ca2/data_track2/IMG/left_2026_08_30_02_28_02_251.jpg,/Users/martin/smart-technologies-ca2/data_track2/IMG/right_2026_08_30_02_28_02_251.jpg,0,1,0,30.16139
/Users/martin/smart-technologies-ca2/data_track2/IMG/center_2026_08_30_02_28_02_320.jpg,/Users/martin/smart-technologies-ca2/data_track2/IMG/left_2026_08_30_02_28_02_320.jpg,/Users/martin/smart-technologies-ca2/data_track2/IMG/right_2026_08_30_02_28_02_320.jpg,0,1,0,30.19057
/Users/martin/smart-technologies-ca2/data_track2/IMG/center_2026_08_30_02_28_02_390.jpg,/Users/martin/smart-technologies-ca2/data_track2/IMG/left_2026_08_30_02_28_02_390.jpg,/Users/martin/smart-technologies-ca2/data_track2/IMG/right_2026_08_30_02_28_02_390.jpg,-0.1,1,0,30.18776
/Users/martin/smart-technologies-ca2/data_track2/IMG/center_2026_08_30_02_28_02_459.jpg,/Users/martin/smart-technologies-ca2/data_track2/IMG/left_2026_08_30_02_28_02_459.jpg,/Users/martin/smart-technologies-ca2/data_track2/IMG/right_2026_08_30_02_28_02_459.jpg,-0.25,1,0,30.17486
/Users/martin/smart-technologies-ca2/data_track2/IMG/center_2026_08_30_02_28_02_527.jpg,/Users/martin/smart-technologies-ca2/data_track2/IMG/left_2026_08_30_02_28_02_527.jpg,/Users/martin/smart-technologies-ca2/data_track2/IMG/right_2026_08_30_02_28_02_527.jpg,0,1,0,30.19028
/Users/martin/smart-technologies-ca2/data_track2/IMG/center_2026_08_30_02_28_02_594.jpg,/Users/martin/smart-technologies-ca2/data_track2/IMG/left_2026_08_30_02_28_02_594.jpg,/Users/martin/smart-technologies-ca2/data_track2/IMG/right_2026_08_30_02_28_02_594.jpg,0,1,0,30.1903
/Users/martin/smart-technologies-ca2/data_track2/IMG/center_2026_08_30_02_28_02_666.jpg,/Users/martin/smart-technologies-ca2/data_track2/IMG/left_2026_08_30_02_28_02_666.jpg,/Users/martin/smart-technologies-ca2/data_track2/IMG/right_2026_08_30_02_28_02_666.jpg,0,1,0,30.1903
/Users/martin/smart-technologies-ca2/data_track2/IMG/center_2026_08_30_02_28_02_733.jpg,/Users/martin/smart-technologies-ca2/data_track2/IMG/left_2026_08_30_02_28_02_733.jpg,/Users/martin/smart-technologies-ca2/data_track2/IMG/right_2026_08_30_02_28_02_733.jpg,0,1,0,30.19053
/Users/martin/smart-technologies-ca2/data_track2/IMG/center_2026_08_30_02_28_02_800.jpg,/Users/martin/smart-technologies-ca2/data_track2/IMG/left_2026_08_30_02_28_02_800.jpg,/Users/martin/smart-technologies-ca2/data_track2/IMG/right_2026_08_30_02_28_02_800.jpg,0,1,0,30.19034
/Users/martin/smart-technologies-ca2/data_track2/IMG/center_2026_08_30_02_28_02_872.jpg,/Users/martin/smart-technologies-ca2/data_track2/IMG/left_2026_08_30_02_28_02_872.jpg,/Users/martin/smart-technologies-ca2/data_track2/IMG/right_2026_08_30_02_28_02_872.jpg,-0.05,1,0,30.18955
/Users/martin/smart-technologies-ca2/data_track2/IMG/center_2026_08_30_02_28_02_942.jpg,/Users/martin/smart-technologies-ca2/data_track2/IMG/left_2026_08_30_02_28_02_942.jpg,/Users/martin/smart-technologies-ca2/data_track2/IMG/right_2026_08_30_02_28_02_942.jpg,0,1,0,30.19072
/Users/martin/smart-technologies-ca2/data_track2/IMG/center_2026_08_30_02_28_03_015.jpg,/Users/martin/smart-technologies-ca2/data_track2/IMG/left_2026_08_30_02_28_03_015.jpg,/Users/martin/smart-technologies-ca2/data_track2/IMG/right_2026_08_30_02_28_03_015.jpg,0,1,0,30.1903
/Users/martin/smart-technologies-ca2/data_track2/IMG/center_2026_08_30_02_28_03_082.jpg,/Users/martin/smart-technologies-ca2/data_track2/IMG/left_2026_08_30_02_28_03_082.jpg,/Users/martin/smart-technologies-ca2/data_track2/IMG/right_2026_08_30_02_28_03_082.jpg,0,1,0,30.19026
/Users/martin/smart-technologies-ca2/data_track2/IMG/center_2026_08_30_02_28_03_153.jpg,/Users/martin/smart-technologies-ca2/data_track2/IMG/left_2026_08_30_02_28_03_153.jpg,/Users/martin/smart-technologies-ca2/data_track2/IMG/right_2026_08_30_02_28_03_153.jpg,0,1,0,30.19031
/Users/martin/smart-technologies-ca2/data_track2/IMG/center_2026_08_30_02_28_03_221.jpg,/Users/martin/smart-technologies-ca2/data_track2/IMG/left_2026_08_30_02_28_03_221.jpg,/Users/martin/smart-technologies-ca2/data_track2/IMG/right_2026_08_30_02_28_03_221.jpg,0,1,0,30.19013
/Users/martin/smart-technologies-ca2/data_track2/IMG/center_2026_08_30_02_28_03_289.jpg,/Users/martin/smart-technologies-ca2/data_track2/IMG/left_2026_08_30_02_28_03_289.jpg,/Users/martin/smart-technologies-ca2/data_track2/IMG/right_2026_08_30_02_28_03_289.jpg,0,1,0,30.19028
/Users/martin/smart-technologies-ca2/data_track2/IMG/center_2026_08_30_02_28_03_357.jpg,/Users/martin/smart-technologies-ca2/data_track2/IMG/left_2026_08_30_02_28_03_357.jpg,/Users/martin/smart-technologies-ca2/data_track2/IMG/right_2026_08_30_02_28_03_357.jpg,0,1,0,30.19026
/Users/martin/smart-technologies-ca2/data_track2/IMG/center_2026_08_30_02_28_03_426.jpg,/Users/martin/smart-technologies-ca2/data_track2/IMG/left_2026_08_30_02_28_03_426.jpg,/Users/martin/smart-technologies-ca2/data_track2/IMG/right_2026_08_30_02_28_03_426.jpg,0,1,0,30.19031
/Users/martin/smart-technologies-ca2/data_track2/IMG/center_2026_08_30_02_28_03_493.jpg,/Users/martin/smart-technologies-ca2/data_track2/IMG/left_2026_08_30_02_28_03_493.jpg,/Users/martin/smart-technologies-ca2/data_track2/IMG/right_2026_08_30_02_28_03_493.jpg,0,1,0,30.19033
/Users/martin/smart-technologies-ca2/data_track2/IMG/center_2026_08_30_02_28_03_564.jpg,/Users/martin/smart-technologies-ca2/data_track2/IMG/left_2026_08_30_02_28_03_564.jpg,/Users/martin/smart-technologies-ca2/data_track2/IMG/right_2026_08_30_02_28_03_564.jpg,0,1,0,30.19052
/Users/martin/smart-technologies-ca2/data_track2/IMG/center_2026_08_30_02_28_03_633.jpg,/Users/martin/smart-technologies-ca2/data_track2/IMG/left_2026_08_30_02_28_03_633.jpg,/Users/martin/smart-technologies-ca2/data_track2/IMG/right_2026_08_30_02_28_03_633.jpg,-0.05,1,0,30.18971
/Users/martin/smart-technologies-ca2/data_track2/IMG/center_2026_08_30_02_28_03_700.jpg,/Users/martin/smart-technologies-ca2/data_track2/IMG/left_2026_08_30_02_28_03_700.jpg,/Users/martin/smart-technologies-ca2/data_track2/IMG/right_2026_08_30_02_28_03_700.jpg,-0.2,1,0,30.17988
/Users/martin/smart-technologies-ca2/data_track2/IMG/center_2026_08_30_02_28_03_771.jpg,/Users/martin/smart-technologies-ca2/data_track2/IMG/left_2026_08_30_02_28_03_771.jpg,/Users/martin/smart-technologies-ca2/data_track2/IMG/right_2026_08_30_02_28_03_771.jpg,0,1,0,30.19027
/Users/martin/smart-technologies-ca2/data_track2/IMG/center_2026_08_30_02_28_03_841.jpg,/Users/martin/smart-technologies-ca2/data_track2/IMG/left_2026_08_30_02_28_03_841.jpg,/Users/martin/smart-technologies-ca2/data_track2/IMG/right_2026_08_30_02_28_03_841.jpg,0,1,0,30.1902
/Users/martin/smart-technologies-ca2/data_track2/IMG/center_2026_08_30_02_28_03_909.jpg,/Users/martin/smart-technologies-ca2/data_track2/IMG/left_2026_08_30_02_28_03_909.jpg,/Users/martin/smart-technologies-ca2/data_track2/IMG/right_2026_08_30_02_28_03_909.jpg,0,1,0,30.19024
/Users/martin/smart-technologies-ca2/data_track2/IMG/center_2026_08_30_02_28_03_979.jpg,/Users/martin/smart-technologies-ca2/data_track2/IMG/left_2026_08_30_02_28_03_979.jpg,/Users/martin/smart-technologies-ca2/data_track2/IMG/right_2026_08_30_02_28_03_979.jpg,0,1,0,30.19032
/Users/martin/smart-technologies-ca2/data_track2/IMG/center_2026_08_30_02_28_04_050.jpg,/Users/martin/smart-technologies-ca2/data_track2/IMG/left_2026_08_30_02_28_04_050.jpg,/Users/martin/smart-technologies-ca2/data_track2/IMG/right_2026_08_30_02_28_04_050.jpg,0,1,0,30.19033
/Users/martin/smart-technologies-ca2/data_track2/IMG/center_2026_08_30_02_28_04_119.jpg,/Users/martin/smart-technologies-ca2/data_track2/IMG/left_2026_08_30_02_28_04_119.jpg,/Users/martin/smart-technologies-ca2/data_track2/IMG/right_2026_08_30_02_28_04_119.jpg,-0.05,1,0,30.18982
/Users/martin/smart-technologies-ca2/data_track2/IMG/center_2026_08_30_02_28_04_189.jpg,/Users/martin/smart-technologies-ca2/data_track2/IMG/left_2026_08_30_02_28_04_189.jpg,/Users/martin/smart-technologies-ca2/data_track2/IMG/right_2026_08_30_02_28_04_189.jpg,0,1,0,30.18728
/Users/martin/smart-technologies-ca2/data_track2/IMG/center_2026_08_30_02_28_04_259.jpg,/Users/martin/smart-technologies-ca2/data_track2/IMG/left_2026_08_30_02_28_04_259.jpg,/Users/martin/smart-technologies-ca2/data_track2/IMG/right_2026_08_30_02_28_04_259.jpg,0,1,0,30.19027
/Users/martin/smart-technologies-ca2/data_track2/IMG/center_2026_08_30_02_28_04_329.jpg,/Users/martin/smart-technologies-ca2/data_track2/IMG/left_2026_08_30_02_28_04_329.jpg,/Users/martin/smart-technologies-ca2/data_track2/IMG/right_2026_08_30_02_28_04_329.jpg,0,1,0,30.19042
/Users/martin/smart-technologies-ca2/data_track2/IMG/center_2026_08_30_02_28_04_398.jpg,/Users/martin/smart-technologies-ca2/data_track2/IMG/left_2026_08_30_02_28_04_398.jpg,/Users/martin/smart-technologies-ca2/data_track2/IMG/right_2026_08_30_02_28_04_398.jpg,0,1,0,30.1903
/Users/martin/smart-technologies-ca2/data_track2/IMG/center_2026_08_30_02_28_04_469.jpg,/Users/martin/smart-technologies-ca2/data_track2/IMG/left_2026_08_30_02_28_04_469.jpg,/Users/martin/smart-technologies-ca2/data_track2/IMG/right_2026_08_30_02_28_04_469.jpg,0,1,0,30.19031
/Users/martin/smart-technologies-ca2/data_track2/IMG/center_2026_08_30_02_28_04_537.jpg,/Users/martin/smart-technologies-ca2/data_track2/IMG/left_2026_08_30_02_28_04_537.jpg,/Users/martin/smart-technologies-ca2/data_track2/IMG/right_2026_08_30_02_28_04_537.jpg,0,1,0,30.19024
/Users/martin/smart-technologies-ca2/data_track2/IMG/center_2026_08_30_02_28_04_608.jpg,/Users/martin/smart-technologies-ca2/data_track2/IMG/left_2026_08_30_02_28_04_608.jpg,/Users/martin/smart-technologies-ca2/data_track2/IMG/right_2026_08_30_02_28_04_608.jpg,0,1,0,30.19028
/Users/martin/smart-technologies-ca2/data_track2/IMG/center_2026_08_30_02_28_04_675.jpg,/Users/martin/smart-technologies-ca2/data_track2/IMG/left_2026_08_30_02_28_04_675.jpg,/Users/martin/smart-technologies-ca2/data_track2/IMG/right_2026_08_30_02_28_04_675.jpg,0,1,0,30.19015
/Users/martin/smart-technologies-ca2/data_track2/IMG/center_2026_08_30_02_28_04_742.jpg,/Users/martin/smart-technologies-ca2/data_track2/IMG/left_2026_08_30_02_28_04_742.jpg,/Users/martin/smart-technologies-ca2/data_track2/IMG/right_2026_08_30_02_28_04_742.jpg,0,1,0,30.19024
/Users/martin/smart-technologies-ca2/data_track2/IMG/center_2026_08_30_02_28_04_811.jpg,/Users/martin/smart-technologies-ca2/data_track2/IMG/left_2026_08_30_02_28_04_811.jpg,/Users/martin/smart-technologies-ca2/data_track2/IMG/right_2026_08_30_02_28_04_811.jpg,0,1,0,30.19032
/Users/martin/smart-technologies-ca2/data_track2/IMG/center_2026_08_30_02_28_04_878.jpg,/Users/martin/smart-technologies-ca2/data_track2/IMG/left_2026_08_30_02_28_04_878.jpg,/Users/martin/smart-technologies-ca2/data_track2/IMG/right_2026_08_30_02_28_04_878.jpg,0,1,0,30.19023
/Users/martin/smart-technologies-ca2/data_track2/IMG/center_2026_08_30_02_28_04_945.jpg,/Users/martin/smart-technologies-ca2/data_track2/IMG/left_2026_08_30_02_28_04_945.jpg,/Users/martin/smart-technologies-ca2/data_track2/IMG/right_2026_08_30_02_28_04_945.jpg,0,1,0,30.19029
/Users/martin/smart-technologies-ca2/data_track2/IMG/center_2026_08_30_02_28_05_016.jpg,/Users/martin/smart-technologies-ca2/data_track2/IMG/left_2026_08_30_02_28_05_016.jpg,/Users/martin/smart-technologies-ca2/data_track2/IMG/right_2026_08_30_02_28_05_016.jpg,0,1,0,30.19036
/Users/martin/smart-technologies-ca2/data_track2/IMG/center_2026_08_30_02_28_05_086.jpg,/Users/martin/smart-technologies-ca2/data_track2/IMG/left_2026_08_30_02_28_05_086.jpg,/Users/martin/smart-technologies-ca2/data_track2/IMG/right_2026_08_30_02_28_05_086.jpg,0,1,0,30.1903
/Users/martin/smart-technologies-ca2/data_track2/IMG/center_2026_08_30_02_28_05_153.jpg,/Users/martin/smart-technologies-ca2/data_track2/IMG/left_2026_08_30_02_28_05_153.jpg,/Users/martin/smart-technologies-ca2/data_track2/IMG/right_2026_08_30_02_28_05_153.jpg,0,0.9628121,0,30.19029
/Users/martin/smart-technologies-ca2/data_track2/IMG/center_2026_08_30_02_28_05_223.jpg,/Users/martin/smart-technologies-ca2/data_track2/IMG/left_2026_08_30_02_28_05_223.jpg,/Users/martin/smart-technologies-ca2/data_track2/IMG/right_2026_08_30_02_28_05_223.jpg,0,0.789997,0,30.1493
/Users/martin/smart-technologies-ca2/data_track2/IMG/center_2026_08_30_02_28_05_291.jpg,/Users/martin/smart-technologies-ca2/data_track2/IMG/left_2026_08_30_02_28_05_291.jpg,/Users/martin/smart-technologies-ca2/data_track2/IMG/right_2026_08_30_02_28_05_291.jpg,0,0,0.011958,30.04412
/Users/martin/smart-technologies-ca2/data_track2/IMG/center_2026_08_30_02_28_05_361.jpg,/Users/martin/smart-technologies-ca2/data_track2/IMG/left_2026_08_30_02_28_05_361.jpg,/Users/martin/smart-technologies-ca2/data_track2/IMG/right_2026_08_30_02_28_05_361.jpg,0,0,0.1991401,29.25959
/Users/martin/smart-technologies-ca2/data_track2/IMG/center_2026_08_30_02_28_05_431.jpg,/Users/martin/smart-technologies-ca2/data_track2/IMG/left_2026_08_30_02_28_05_431.jpg,/Users/martin/smart-technologies-ca2/data_track2/IMG/right_2026_08_30_02_28_05_431.jpg,0,0,0.4304252,28.27626
/Users/martin/smart-technologies-ca2/data_track2/IMG/center_2026_08_30_02_28_05_499.jpg,/Users/martin/smart-technologies-ca2/data_track2/IMG/left_2026_08_30_02_28_05_499.jpg,/Users/martin/smart-technologies-ca2/data_track2/IMG/right_2026_08_30_02_28_05_499.jpg,-0.05,0,0.6138092,27.36567
/Users/martin/smart-technologies-ca2/data_track2/IMG/center_2026_08_30_02_28_05_569.jpg,/Users/martin/smart-technologies-ca2/data_track2/IMG/left_2026_08_30_02_28_05_569.jpg,/Users/martin/smart-technologies-ca2/data_track2/IMG/right_2026_08_30_02_28_05_569.jpg,-0.25,0,0.8552341,27.11293
/Users/martin/smart-technologies-ca2/data_track2/IMG/center_2026_08_30_02_28_05_636.jpg,/Users/martin/smart-technologies-ca2/data_track2/IMG/left_2026_08_30_02_28_05_636.jpg,/Users/martin/smart-technologies-ca2/data_track2/IMG/right_2026_08_30_02_28_05_636.jpg,-0.4,0,1,26.94214
/Users/martin/smart-technologies-ca2/data_track2/IMG/center_2026_08_30_02_28_05_708.jpg,/Users/martin/smart-technologies-ca2/data_track2/IMG/left_2026_08_30_02_28_05_708.jpg,/Users/martin/smart-technologies-ca2/data_track2/IMG/right_2026_08_30_02_28_05_708.jpg,-0.6000001,0,1,24.92296
/Users/martin/smart-technologies-ca2/data_track2/IMG/center_2026_08_30_02_28_05_777.jpg,/Users/martin/smart-technologies-ca2/data_track2/IMG/left_2026_08_30_02_28_05_777.jpg,/Users/martin/smart-technologies-ca2/data_track2/IMG/right_2026_08_30_02_28_05_777.jpg,-0.7500002,0,1,23.84469
/Users/martin/smart-technologies-ca2/data_track2/IMG/center_2026_08_30_02_28_05_849.jpg,/Users/martin/smart-technologies-ca2/data_track2/IMG/left_2026_08_30_02_28_05_849.jpg,/Users/martin/smart-technologies-ca2/data_track2/IMG/right_2026_08_30_02_28_05_849.jpg,-0.9500002,0,1,23.15595
/Users/martin/smart-technologies-ca2/data_track2/IMG/center_2026_08_30_02_28_05_918.jpg,/Users/martin/smart-technologies-ca2/data_track2/IMG/left_2026_08_30_02_28_05_918.jpg,/Users/martin/smart-technologies-ca2/data_track2/IMG/right_2026_08_30_02_28_05_918.jpg,-1,0,1,22.99922
/Users/martin/smart-technologies-ca2/data_track2/IMG/center_2026_08_30_02_28_05_990.jpg,/Users/martin/smart-technologies-ca2/data_track2/IMG/left_2026_08_30_02_28_05_990.jpg,/Users/martin/smart-technologies-ca2/data_track2/IMG/right_2026_08_30_02_28_05_990.jpg,-1,0,1,21.76104
/Users/martin/smart-technologies-ca2/data_track2/IMG/center_2026_08_30_02_28_06_057.jpg,/Users/martin/smart-technologies-ca2/data_track2/IMG/left_2026_08_30_02_28_06_057.jpg,/Users/martin/smart-technologies-ca2/data_track2/IMG/right_2026_08_30_02_28_06_057.jpg,-1,0,0.9884408,20.28441
/Users/martin/smart-technologies-ca2/data_track2/IMG/center_2026_08_30_02_28_06_127.jpg,/Users/martin/smart-technologies-ca2/data_track2/IMG/left_2026_08_30_02_28_06_127.jpg,/Users/martin/smart-technologies-ca2/data_track2/IMG/right_2026_08_30_02_28_06_127.jpg,-1,0,0.747931,19.32978
/Users/martin/smart-technologies-ca2/data_track2/IMG/center_2026_08_30_02_28_06_193.jpg,/Users/martin/smart-technologies-ca2/data_track2/IMG/left_2026_08_30_02_28_06_193.jpg,/Users/martin/smart-technologies-ca2/data_track2/IMG/right_2026_08_30_02_28_06_193.jpg,-1,0,0.5685788,18.96047
/Users/martin/smart-technologies-ca2/data_track2/IMG/center_2026_08_30_02_28_06_264.jpg,/Users/martin/smart-technologies-ca2/data_track2/IMG/left_2026_08_30_02_28_06_264.jpg,/Users/martin/smart-technologies-ca2/data_track2/IMG/right_2026_08_30_02_28_06_264.jpg,-1,0,0.3916507,18.71034
/Users/martin/smart-technologies-ca2/data_track2/IMG/center_2026_08_30_02_28_06_332.jpg,/Users/martin/smart-technologies-ca2/data_track2/IMG/left_2026_08_30_02_28_06_332.jpg,/Users/martin/smart-technologies-ca2/data_track2/IMG/right_2026_08_30_02_28_06_332.jpg,0,0,0.1431909,17.63441
/Users/martin/smart-technologies-ca2/data_track2/IMG/center_2026_08_30_02_28_06_399.jpg,/Users/martin/smart-technologies-ca2/data_track2/IMG/left_2026_08_30_02_28_06_399.jpg,/Users/martin/smart-technologies-ca2/data_track2/IMG/right_2026_08_30_02_28_06_399.jpg,0,0.07460725,0,16.65906
/Users/martin/smart-technologies-ca2/data_track2/IMG/center_2026_08_30_02_28_06_470.jpg,/Users/martin/smart-technologies-ca2/data_track2/IMG/left_2026_08_30_02_28_06_470.jpg,/Users/martin/smart-technologies-ca2/data_track2/IMG/right_2026_08_30_02_28_06_470.jpg,0,0.3167042,0,17.1396
/Users/martin/smart-technologies-ca2/data_track2/IMG/center_2026_08_30_02_28_06_539.jpg,/Users/martin/smart-technologies-ca2/data_track2/IMG/left_2026_08_30_02_28_06_539.jpg,/Users/martin/smart-technologies-ca2/data_track2/IMG/right_2026_08_30_02_28_06_539.jpg,0,0.494325,0,17.62079
/Users/martin/smart-technologies-ca2/data_track2/IMG/center_2026_08_30_02_28_06_608.jpg,/Users/martin/smart-technologies-ca2/data_track2/IMG/left_2026_08_30_02_28_06_608.jpg,/Users/martin/smart-technologies-ca2/data_track2/IMG/right_2026_08_30_02_28_06_608.jpg,0,0.7430073,0,18.54097
/Users/martin/smart-technologies-ca2/data_track2/IMG/center_2026_08_30_02_28_06_675.jpg,/Users/martin/smart-technologies-ca2/data_track2/IMG/left_2026_08_30_02_28_06_675.jpg,/Users/martin/smart-technologies-ca2/data_track2/IMG/right_2026_08_30_02_28_06_675.jpg,0,0.9227103,0,19.38935
/Users/martin/smart-technologies-ca2/data_track2/IMG/center_2026_08_30_02_28_06_744.jpg,/Users/martin/smart-technologies-ca2/data_track2/IMG/left_2026_08_30_02_28_06_744.jpg,/Users/martin/smart-technologies-ca2/data_track2/IMG/right_2026_08_30_02_28_06_744.jpg,0.15,0.960382,0,20.32255
/Users/martin/smart-technologies-ca2/data_track2/IMG/center_2026_08_30_02_28_06_812.jpg,/Users/martin/smart-technologies-ca2/data_track2/IMG/left_2026_08_30_02_28_06_812.jpg,/Users/martin/smart-technologies-ca2/data_track2/IMG/right_2026_08_30_02_28_06_812.jpg,0.35,0.7266668,0,21.38386
/Users/martin/smart-technologies-ca2/data_track2/IMG/center_2026_08_30_02_28_06_881.jpg,/Users/martin/smart-technologies-ca2/data_track2/IMG/left_2026_08_30_02_28_06_881.jpg,/Users/martin/smart-technologies-ca2/data_track2/IMG/right_2026_08_30_02_28_06_881.jpg,0.5000001,0.5388939,0,21.92137
/Users/martin/smart-technologies-ca2/data_track2/IMG/center_2026_08_30_02_28_06_951.jpg,/Users/martin/smart-technologies-ca2/data_track2/IMG/left_2026_08_30_02_28_06_951.jpg,/Users/martin/smart-technologies-ca2/data_track2/IMG/right_2026_08_30_02_28_06_951.jpg,0.7,0.3000611,0,22.26474
/Users/martin/smart-technologies-ca2/data_track2/IMG/center_2026_08_30_02_28_07_018.jpg,/Users/martin/smart-technologies-ca2/data_track2/IMG/left_2026_08_30_02_28_07_018.jpg,/Users/martin/smart-technologies-ca2/data_track2/IMG/right_2026_08_30_02_28_07_018.jpg,0.8500001,0.1797097,0,22.61894
/Users/martin/smart-technologies-ca2/data_track2/IMG/center_2026_08_30_02_28_07_087.jpg,/Users/martin/smart-technologies-ca2/data_track2/IMG/left_2026_08_30_02_28_07_087.jpg,/Users/martin/smart-technologies-ca2/data_track2/IMG/right_2026_08_30_02_28_07_087.jpg,0,0.4197398,0,22.99138
/Users/martin/smart-technologies-ca2/data_track2/IMG/center_2026_08_30_02_28_07_154.jpg,/Users/martin/smart-technologies-ca2/data_track2/IMG/left_2026_08_30_02_28_07_154.jpg,/Users/martin/smart-technologies-ca2/data_track2/IMG/right_2026_08_30_02_28_07_154.jpg,0.05,0.6018608,0,23.43805
/Users/martin/smart-technologies-ca2/data_track2/IMG/center_2026_08_30_02_28_07_220.jpg,/Users/martin/smart-technologies-ca2/data_track2/IMG/left_2026_08_30_02_28_07_220.jpg,/Users/martin/smart-technologies-ca2/data_track2/IMG/right_2026_08_30_02_28_07_220.jpg,0.2,0.7794248,0,23.88772
/Users/martin/smart-technologies-ca2/data_track2/IMG/center_2026_08_30_02_28_07_290.jpg,/Users/martin/smart-technologies-ca2/data_track2/IMG/left_2026_08_30_02_28_07_290.jpg,/Users/martin/smart-technologies-ca2/data_track2/IMG/right_2026_08_30_02_28_07_290.jpg,0.4,1,0,24.9602
/Users/martin/smart-technologies-ca2/data_track2/IMG/center_2026_08_30_02_28_07_356.jpg,/Users/martin/smart-technologies-ca2/data_track2/IMG/left_2026_08_30_02_28_07_356.jpg,/Users/martin/smart-technologies-ca2/data_track2/IMG/right_2026_08_30_02_28_07_356.jpg,0.5500001,1,0,25.65519
/Users/martin/smart-technologies-ca2/data_track2/IMG/center_2026_08_30_02_28_07_424.jpg,/Users/martin/smart-technologies-ca2/data_track2/IMG/left_2026_08_30_02_28_07_424.jpg,/Users/martin/smart-technologies-ca2/data_track2/IMG/right_2026_08_30_02_28_07_424.jpg,0.7,0.858079,0,25.88677
/Users/martin/smart-technologies-ca2/data_track2/IMG/center_2026_08_30_02_28_07_493.jpg,/Users/martin/smart-technologies-ca2/data_track2/IMG/left_2026_08_30_02_28_07_493.jpg,/Users/martin/smart-technologies-ca2/data_track2/IMG/right_2026_08_30_02_28_07_493.jpg,0.9000002,0.6225642,0,26.58027
/Users/martin/smart-technologies-ca2/data_track2/IMG/center_2026_08_30_02_28_07_561.jpg,/Users/martin/smart-technologies-ca2/data_track2/IMG/left_2026_08_30_02_28_07_561.jpg,/Users/martin/smart-technologies-ca2/data_track2/IMG/right_2026_08_30_02_28_07_561.jpg,1,0.441691,0,26.14778
/Users/martin/smart-technologies-ca2/data_track2/IMG/center_2026_08_30_02_28_07_631.jpg,/Users/martin/smart-technologies-ca2/data_track2/IMG/left_2026_08_30_02_28_07_631.jpg,/Users/martin/smart-technologies-ca2/data_track2/IMG/right_2026_08_30_02_28_07_631.jpg,1,0.2010761,0,25.65241
/Users/martin/smart-technologies-ca2/data_track2/IMG/center_2026_08_30_02_28_07_698.jpg,/Users/martin/smart-technologies-ca2/data_track2/IMG/left_2026_08_30_02_28_07_698.jpg,/Users/martin/smart-technologies-ca2/data_track2/IMG/right_2026_08_30_02_28_07_698.jpg,1,0.01296997,0,25.99508
/Users/martin/smart-technologies-ca2/data_track2/IMG/center_2026_08_30_02_28_07_769.jpg,/Users/martin/smart-technologies-ca2/data_track2/IMG/left_2026_08_30_02_28_07_769.jpg,/Users/martin/smart-technologies-ca2/data_track2/IMG/right_2026_08_30_02_28_07_769.jpg,0,0,0,25.76247
/Users/martin/smart-technologies-ca2/data_track2/IMG/center_2026_08_30_02_28_07_835.jpg,/Users/martin/smart-technologies-ca2/data_track2/IMG/left_2026_08_30_02_28_07_835.jpg,/Users/martin/smart-technologies-ca2/data_track2/IMG/right_2026_08_30_02_28_07_835.jpg,0,0,0,25.22205
/Users/martin/smart-technologies-ca2/data_track2/IMG/center_2026_08_30_02_28_07_902.jpg,/Users/martin/smart-technologies-ca2/data_track2/IMG/left_2026_08_30_02_28_07_902.jpg,/Users/martin/smart-technologies-ca2/data_track2/IMG/right_2026_08_30_02_28_07_902.jpg,0,0.150021,0,25.37535
/Users/martin/smart-technologies-ca2/data_track2/IMG/center_2026_08_30_02_28_07_969.jpg,/Users/martin/smart-technologies-ca2/data_track2/IMG/left_2026_08_30_02_28_07_969.jpg,/Users/martin/smart-technologies-ca2/data_track2/IMG/right_2026_08_30_02_28_07_969.jpg,0,0.3890791,0,25.26655
/Users/martin/smart-technologies-ca2/data_track2/IMG/center_2026_08_30_02_28_08_036.jpg,/Users/martin/smart-technologies-ca2/data_track2/IMG/left_2026_08_30_02_28_08_036.jpg,/Users/martin/smart-technologies-ca2/data_track2/IMG/right_2026_08_30_02_28_08_036.jpg,0,0.576588,0,25.41311
/Users/martin/smart-technologies-ca2/data_track2/IMG/center_2026_08_30_02_28_08_107.jpg,/Users/martin/smart-technologies-ca2/data_track2/IMG/left_2026_08_30_02_28_08_107.jpg,/Users/martin/smart-technologies-ca2/data_track2/IMG/right_2026_08_30_02_28_08_107.jpg,0.15,0.813912,0,25.87896
/Users/martin/smart-technologies-ca2/data_track2/IMG/center_2026_08_30_02_28_08_177.jpg,/Users/martin/smart-technologies-ca2/data_track2/IMG/left_2026_08_30_02_28_08_177.jpg,/Users/martin/smart-technologies-ca2/data_track2/IMG/right_2026_08_30_02_28_08_177.jpg,0.3,1,0,26.35559
/Users/martin/smart-technologies-ca2/data_track2/IMG/center_2026_08_30_02_28_08_248.jpg,/Users/martin/smart-technologies-ca2/data_track2/IMG/left_2026_08_30_02_28_08_248.jpg,/Users/martin/smart-technologies-ca2/data_track2/IMG/right_2026_08_30_02_28_08_248.jpg,0.5000001,1,0,27.00815
/Users/martin/smart-technologies-ca2/data_track2/IMG/center_2026_08_30_02_28_08_315.jpg,/Users/martin/smart-technologies-ca2/data_track2/IMG/left_2026_08_30_02_28_08_315.jpg,/Users/martin/smart-technologies-ca2/data_track2/IMG/right_2026_08_30_02_28_08_315.jpg,0,1,0,27.55023
/Users/martin/smart-technologies-ca2/data_track2/IMG/center_2026_08_30_02_28_08_385.jpg,/Users/martin/smart-technologies-ca2/data_track2/IMG/left_2026_08_30_02_28_08_385.jpg,/Users/martin/smart-technologies-ca2/data_track2/IMG/right_2026_08_30_02_28_08_385.jpg,0,0.8383361,0,28.24023
/Users/martin/smart-technologies-ca2/data_track2/IMG/center_2026_08_30_02_28_08_455.jpg,/Users/martin/smart-technologies-ca2/data_track2/IMG/left_2026_08_30_02_28_08_455.jpg,/Users/martin/smart-technologies-ca2/data_track2/IMG/right_2026_08_30_02_28_08_455.jpg,-0.1,0.7246537,0,28.61314
/Users/martin/smart-technologies-ca2/data_track2/IMG/center_2026_08_30_02_28_08_522.jpg,/Users/martin/smart-technologies-ca2/data_track2/IMG/left_2026_08_30_02_28_08_522.jpg,/Users/martin/smart-technologies-ca2/data_track2/IMG/right_2026_08_30_02_28_08_522.jpg,-0.25,0.899287,0,28.97917
/Users/martin/smart-technologies-ca2/data_track2/IMG/center_2026_08_30_02_28_08_589.jpg,/Users/martin/smart-technologies-ca2/data_track2/IMG/left_2026_08_30_02_28_08_589.jpg,/Users/martin/smart-technologies-ca2/data_track2/IMG/right_2026_08_30_02_28_08_589.jpg,-0.45,1,0,29.56401
/Users/martin/smart-technologies-ca2/data_track2/IMG/center_2026_08_30_02_28_08_656.jpg,/Users/martin/smart-technologies-ca2/data_track2/IMG/left_2026_08_30_02_28_08_656.jpg,/Users/martin/smart-technologies-ca2/data_track2/IMG/right_2026_08_30_02_28_08_656.jpg,-0.6000001,1,0,29.96051
/Users/martin/smart-technologies-ca2/data_track2/IMG/center_2026_08_30_02_28_08_726.jpg,/Users/martin/smart-technologies-ca2/data_track2/IMG/left_2026_08_30_02_28_08_726.jpg,/Users/martin/smart-technologies-ca2/data_track2/IMG/right_2026_08_30_02_28_08_726.jpg,0,1,0,30.18512
/Users/martin/smart-technologies-ca2/data_track2/IMG/center_2026_08_30_02_28_08_794.jpg,/Users/martin/smart-technologies-ca2/data_track2/IMG/left_2026_08_30_02_28_08_794.jpg,/Users/martin/smart-technologies-ca2/data_track2/IMG/right_2026_08_30_02_28_08_794.jpg,0,1,0,30.18858
/Users/martin/smart-technologies-ca2/data_track2/IMG/center_2026_08_30_02_28_08_862.jpg,/Users/martin/smart-technologies-ca2/data_track2/IMG/left_2026_08_30_02_28_08_862.jpg,/Users/martin/smart-technologies-ca2/data_track2/IMG/right_2026_08_30_02_28_08_862.jpg,-0.15,1,0,30.18845
/Users/martin/smart-technologies-ca2/data_track2/IMG/center_2026_08_30_02_28_08_928.jpg,/Users/martin/smart-technologies-ca2/data_track2/IMG/left_2026_08_30_02_28_08_928.jpg,/Users/martin/smart-technologies-ca2/data_track2/IMG/right_2026_08_30_02_28_08_928.jpg,-0.35,1,0,30.16887
/Users/martin/smart-technologies-ca2/data_track2/IMG/center_2026_08_30_02_28_08_995.jpg,/Users/martin/smart-technologies-ca2/data_track2/IMG/left_2026_08_30_02_28_08_995.jpg,/Users/martin/smart-technologies-ca2/data_track2/IMG/right_2026_08_30_02_28_08_995.jpg,-0.5000001,1,0,30.14926
/Users/martin/smart-technologies-ca2/data_track2/IMG/center_2026_08_30_02_28_09_062.jpg,/Users/martin/smart-technologies-ca2/data_track2/IMG/left_2026_08_30_02_28_09_062.jpg,/Users/martin/smart-technologies-ca2/data_track2/IMG/right_2026_08_30_02_28_09_062.jpg,-0.6500001,1,0,30.12993
/Users/martin/smart-technologies-ca2/data_track2/IMG/center_2026_08_30_02_28_09_132.jpg,/Users/martin/smart-technologies-ca2/data_track2/IMG/left_2026_08_30_02_28_09_132.jpg,/Users/martin/smart-technologies-ca2/data_track2/IMG/right_2026_08_30_02_28_09_132.jpg,0,1,0,30.18365
/Users/martin/smart-technologies-ca2/data_track2/IMG/center_2026_08_30_02_28_09_201.jpg,/Users/martin/smart-technologies-ca2/data_track2/IMG/left_2026_08_30_02_28_09_201.jpg,/Users/martin/smart-technologies-ca2/data_track2/IMG/right_2026_08_30_02_28_09_201.jpg,0,1,0,30.18847
/Users/martin/smart-technologies-ca2/data_track2/IMG/center_2026_08_30_02_28_09_268.jpg,/Users/martin/smart-technologies-ca2/data_track2/IMG/left_2026_08_30_02_28_09_268.jpg,/Users/martin/smart-technologies-ca2/data_track2/IMG/right_2026_08_30_02_28_09_268.jpg,0,1,0,30.19018
/Users/martin/smart-technologies-ca2/data_track2/IMG/center_2026_08_30_02_28_09_338.jpg,/Users/martin/smart-technologies-ca2/data_track2/IMG/left_2026_08_30_02_28_09_338.jpg,/Users/martin/smart-technologies-ca2/data_track2/IMG/right_2026_08_30_02_28_09_338.jpg,0,1,0,30.19029
/Users/martin/smart-technologies-ca2/data_track2/IMG/center_2026_08_30_02_28_09_405.jpg,/Users/martin/smart-technologies-ca2/data_track2/IMG/left_2026_08_30_02_28_09_405.jpg,/Users/martin/smart-technologies-ca2/data_track2/IMG/right_2026_08_30_02_28_09_405.jpg,-0.05,1,0,30.19004
/Users/martin/smart-technologies-ca2/data_track2/IMG/center_2026_08_30_02_28_09_475.jpg,/Users/martin/smart-technologies-ca2/data_track2/IMG/left_2026_08_30_02_28_09_475.jpg,/Users/martin/smart-technologies-ca2/data_track2/IMG/right_2026_08_30_02_28_09_475.jpg,-0.2,1,0,30.18091
/Users/martin/smart-technologies-ca2/data_track2/IMG/center_2026_08_30_02_28_09_545.jpg,/Users/martin/smart-technologies-ca2/data_track2/IMG/left_2026_08_30_02_28_09_545.jpg,/Users/martin/smart-technologies-ca2/data_track2/IMG/right_2026_08_30_02_28_09_545.jpg,0,1,0,30.1834
/Users/martin/smart-technologies-ca2/data_track2/IMG/center_2026_08_30_02_28_09_612.jpg,/Users/martin/smart-technologies-ca2/data_track2/IMG/left_2026_08_30_02_28_09_612.jpg,/Users/martin/smart-technologies-ca2/data_track2/IMG/right_2026_08_30_02_28_09_612.jpg,0,1,0,30.18963
/Users/martin/smart-technologies-ca2/data_track2/IMG/center_2026_08_30_02_28_09_682.jpg,/Users/martin/smart-technologies-ca2/data_track2/IMG/left_2026_08_30_02_28_09_682.jpg,/Users/martin/smart-technologies-ca2/data_track2/IMG/right_2026_08_30_02_28_09_682.jpg,0,1,0,30.19003
/Users/martin/smart-technologies-ca2/data_track2/IMG/center_2026_08_30_02_28_09_748.jpg,/Users/martin/smart-technologies-ca2/data_track2/IMG/left_2026_08_30_02_28_09_748.jpg,/Users/martin/smart-technologies-ca2/data_track2/IMG/right_2026_08_30_02_28_09_748.jpg,0,1,0,30.19036
/Users/martin/smart-technologies-ca2/data_track2/IMG/center_2026_08_30_02_28_09_818.jpg,/Users/martin/smart-technologies-ca2/data_track2/IMG/left_2026_08_30_02_28_09_818.jpg,/Users/martin/smart-technologies-ca2/data_track2/IMG/right_2026_08_30_02_28_09_818.jpg,0,1,0,30.19012
/Users/martin/smart-technologies-ca2/data_track2/IMG/center_2026_08_30_02_28_09_885.jpg,/Users/martin/smart-technologies-ca2/data_track2/IMG/left_2026_08_30_02_28_09_885.jpg,/Users/martin/smart-technologies-ca2/data_track2/IMG/right_2026_08_30_02_28_09_885.jpg,0,1,0,30.1903
/Users/martin/smart-technologies-ca2/data_track2/IMG/center_2026_08_30_02_28_09_954.jpg,/Users/martin/smart-technologies-ca2/data_track2/IMG/left_2026_08_30_02_28_09_954.jpg,/Users/martin/smart-technologies-ca2/data_track2/IMG/right_2026_08_30_02_28_09_954.jpg,0,1,0,30.19025
/Users/martin/smart-technologies-ca2/data_track2/IMG/center_2026_08_30_02_28_10_024.jpg,/Users/martin/smart-technologies-ca2/data_track2/IMG/left_2026_08_30_02_28_10_024.jpg,/Users/martin/smart-technologies-ca2/data_track2/IMG/right_2026_08_30_02_28_10_024.jpg,0,1,0,30.19032
/Users/martin/smart-technologies-ca2/data_track2/IMG/center_2026_08_30_02_28_10_091.jpg,/Users/martin/smart-technologies-ca2/data_track2/IMG/left_2026_08_30_02_28_10_091.jpg,/Users/martin/smart-technologies-ca2/data_track2/IMG/right_2026_08_30_02_28_10_091.jpg,0,1,0,30.19031
/Users/martin/smart-technologies-ca2/data_track2/IMG/center_2026_08_30_02_28_10_160.jpg,/Users/martin/smart-technologies-ca2/data_track2/IMG/left_2026_08_30_02_28_10_160.jpg,/Users/martin/smart-technologies-ca2/data_track2/IMG/right_2026_08_30_02_28_10_160.jpg,0,1,0,30.19033
/Users/martin/smart-technologies-ca2/data_track2/IMG/center_2026_08_30_02_28_10_227.jpg,/Users/martin/smart-technologies-ca2/data_track2/IMG/left_2026_08_30_02_28_10_227.jpg,/Users/martin/smart-technologies-ca2/data_track2/IMG/right_2026_08_30_02_28_10_227.jpg,-0.15,1,0,30.1842
/Users/martin/smart-technologies-ca2/data_track2/IMG/center_2026_08_30_02_28_10_294.jpg,/Users/martin/smart-technologies-ca2/data_track2/IMG/left_2026_08_30_02_28_10_294.jpg,/Users/martin/smart-technologies-ca2/data_track2/IMG/right_2026_08_30_02_28_10_294.jpg,0,1,0,30.18596
/Users/martin/smart-technologies-ca2/data_track2/IMG/center_2026_08_30_02_28_10_364.jpg,/Users/martin/smart-technologies-ca2/data_track2/IMG/left_2026_08_30_02_28_10_364.jpg,/Users/martin/smart-technologies-ca2/data_track2/IMG/right_2026_08_30_02_28_10_364.jpg,0,1,0,30.19024
/Users/martin/smart-technologies-ca2/data_track2/IMG/center_2026_08_30_02_28_10_434.jpg,/Users/martin/smart-technologies-ca2/data_track2/IMG/left_2026_08_30_02_28_10_434.jpg,/Users/martin/smart-technologies-ca2/data_track2/IMG/right_2026_08_30_02_28_10_434.jpg,0,1,0,30.19022
/Users/martin/smart-technologies-ca2/data_track2/IMG/center_2026_08_30_02_28_10_504.jpg,/Users/martin/smart-technologies-ca2/data_track2/IMG/left_2026_08_30_02_28_10_504.jpg,/Users/martin/smart-technologies-ca2/data_track2/IMG/right_2026_08_30_02_28_10_504.jpg,0,1,0,30.19036
/Users/martin/smart-technologies-ca2/data_track2/IMG/center_2026_08_30_02_28_10_571.jpg,/Users/martin/smart-technologies-ca2/data_track2/IMG/left_2026_08_30_02_28_10_571.jpg,/Users/martin/smart-technologies-ca2/data_track2/IMG/right_2026_08_30_02_28_10_571.jpg,0,1,0,30.19031
/Users/martin/smart-technologies-ca2/data_track2/IMG/center_2026_08_30_02_28_10_640.jpg,/Users/martin/smart-technologies-ca2/data_track2/IMG/left_2026_08_30_02_28_10_640.jpg,/Users/martin/smart-technologies-ca2/data_track2/IMG/right_2026_08_30_02_28_10_640.jpg,0,1,0,30.19029
/Users/martin/smart-technologies-ca2/data_track2/IMG/center_2026_08_30_02_28_10_710.jpg,/Users/martin/smart-technologies-ca2/data_track2/IMG/left_2026_08_30_02_28_10_710.jpg,/Users/martin/smart-technologies-ca2/data_track2/IMG/right_2026_08_30_02_28_10_710.jpg,-0.2,1,0,30.18012
/Users/martin/smart-technologies-ca2/data_track2/IMG/center_2026_08_30_02_28_10_781.jpg,/Users/martin/smart-technologies-ca2/data_track2/IMG/left_2026_08_30_02_28_10_781.jpg,/Users/martin/smart-technologies-ca2/data_track2/IMG/right_2026_08_30_02_28_10_781.jpg,0,1,0,30.18462
/Users/martin/smart-technologies-ca2/data_track2/IMG/center_2026_08_30_02_28_10_848.jpg,/Users/martin/smart-technologies-ca2/data_track2/IMG/left_2026_08_30_02_28_10_848.jpg,/Users/martin/smart-technologies-ca2/data_track2/IMG/right_2026_08_30_02_28_10_848.jpg,0,1,0,30.18974
/Users/martin/smart-technologies-ca2/data_track2/IMG/center_2026_08_30_02_28_10_915.jpg,/Users/martin/smart-technologies-ca2/data_track2/IMG/left_2026_08_30_02_28_10_915.jpg,/Users/martin/smart-technologies-ca2/data_track2/IMG/right_2026_08_30_02_28_10_915.jpg,0,1,0,30.19015
/Users/martin/smart-technologies-ca2/data_track2/IMG/center_2026_08_30_02_28_10_984.jpg,/Users/martin/smart-technologies-ca2/data_track2/IMG/left_2026_08_30_02_28_10_984.jpg,/Users/martin/smart-technologies-ca2/data_track2/IMG/right_2026_08_30_02_28_10_984.jpg,0,1,0,30.1903
/Users/martin/smart-technologies-ca2/data_track2/IMG/center_2026_08_30_02_28_11_054.jpg,/Users/martin/smart-technologies-ca2/data_track2/IMG/left_2026_08_30_02_28_11_054.jpg,/Users/martin/smart-technologies-ca2/data_track2/IMG/right_2026_08_30_02_28_11_054.jpg,-0.15,1,0,30.18506
/Users/martin/smart-technologies-ca2/data_track2/IMG/center_2026_08_30_02_28_11_121.jpg,/Users/martin/smart-technologies-ca2/data_track2/IMG/left_2026_08_30_02_28_11_121.jpg,/Users/martin/smart-technologies-ca2/data_track2/IMG/right_2026_08_30_02_28_11_121.jpg,0,1,0,30.19001
/Users/martin/smart-technologies-ca2/data_track2/IMG/center_2026_08_30_02_28_11_189.jpg,/Users/martin/smart-technologies-ca2/data_track2/IMG/left_2026_08_30_02_28_11_189.jpg,/Users/martin/smart-technologies-ca2/data_track2/IMG/right_2026_08_30_02_28_11_189.jpg,0,1,0,30.19026
/Users/martin/smart-technologies-ca2/data_track2/IMG/center_2026_08_30_02_28_11_256.jpg,/Users/martin/smart-technologies-ca2/data_track2/IMG/left_2026_08_30_02_28_11_256.jpg,/Users/martin/smart-technologies-ca2/data_track2/IMG/right_2026_08_30_02_28_11_256.jpg,0,0.8794512,0,30.17175
/Users/martin/smart-technologies-ca2/data_track2/IMG/center_2026_08_30_02_28_11_323.jpg,/Users/martin/smart-technologies-ca2/data_track2/IMG/left_2026_08_30_02_28_11_323.jpg,/Users/martin/smart-technologies-ca2/data_track2/IMG/right_2026_08_30_02_28_11_323.jpg,0,0.7000571,0,30.126
/Users/martin/smart-technologies-ca2/data_track2/IMG/center_2026_08_30_02_28_11_390.jpg,/Users/martin/smart-technologies-ca2/data_track2/IMG/left_2026_08_30_02_28_11_390.jpg,/Users/martin/smart-technologies-ca2/data_track2/IMG/right_2026_08_30_02_28_11_390.jpg,0,0.46093,0,30.06746
/Users/martin/smart-technologies-ca2/data_track2/IMG/center_2026_08_30_02_28_11_457.jpg,/Users/martin/smart-technologies-ca2/data_track2/IMG/left_2026_08_30_02_28_11_457.jpg,/Users/martin/smart-technologies-ca2/data_track2/IMG/right_2026_08_30_02_28_11_457.jpg,0,0.2839482,0,30.02061
/Users/martin/smart-technologies-ca2/data_track2/IMG/center_2026_08_30_02_28_11_526.jpg,/Users/martin/smart-technologies-ca2/data_track2/IMG/left_2026_08_30_02_28_11_526.jpg,/Users/martin/smart-technologies-ca2/data_track2/IMG/right_2026_08_30_02_28_11_526.jpg,-0.05,0.04420912,0,29.92448
/Users/martin/smart-technologies-ca2/data_track2/IMG/center_2026_08_30_02_28_11_593.jpg,/Users/martin/smart-technologies-ca2/data_track2/IMG/left_2026_08_30_02_28_11_593.jpg,/Users/martin/smart-technologies-ca2/data_track2/IMG/right_2026_08_30_02_28_11_593.jpg,-0.2,0,0,29.73132
/Users/martin/smart-technologies-ca2/data_track2/IMG/center_2026_08_30_02_28_11_662.jpg,/Users/martin/smart-technologies-ca2/data_track2/IMG/left_2026_08_30_02_28_11_662.jpg,/Users/martin/smart-technologies-ca2/data_track2/IMG/right_2026_08_30_02_28_11_662.jpg,0,0,0,29.53418
/Users/martin/smart-technologies-ca2/data_track2/IMG/center_2026_08_30_02_28_11_729.jpg,/Users/martin/smart-technologies-ca2/data_track2/IMG/left_2026_08_30_02_28_11_729.jpg,/Users/martin/smart-technologies-ca2/data_track2/IMG/right_2026_08_30_02_28_11_729.jpg,0,0,0,29.2953
/Users/martin/smart-technologies-ca2/data_track2/IMG/center_2026_08_30_02_28_11_796.jpg,/Users/martin/smart-technologies-ca2/data_track2/IMG/left_2026_08_30_02_28_11_796.jpg,/Users/martin/smart-technologies-ca2/data_track2/IMG/right_2026_08_30_02_28_11_796.jpg,0,0,0.11847,28.58639
/Users/martin/smart-technologies-ca2/data_track2/IMG/center_2026_08_30_02_28_11_866.jpg,/Users/martin/smart-technologies-ca2/data_track2/IMG/left_2026_08_30_02_28_11_866.jpg,/Users/martin/smart-technologies-ca2/data_track2/IMG/right_2026_08_30_02_28_11_866.jpg,0,0,0.3528299,27.17233
/Users/martin/smart-technologies-ca2/data_track2/IMG/center_2026_08_30_02_28_11_935.jpg,/Users/martin/smart-technologies-ca2/data_track2/IMG/left_2026_08_30_02_28_11_935.jpg,/Users/martin/smart-technologies-ca2/data_track2/IMG/right_2026_08_30_02_28_11_935.jpg,0,0,0.5346,26.12239
/Users/martin/smart-technologies-ca2/data_track2/IMG/center_2026_08_30_02_28_12_002.jpg,/Users/martin/smart-technologies-ca2/data_track2/IMG/left_2026_08_30_02_28_12_002.jpg,/Users/martin/smart-technologies-ca2/data_track2/IMG/right_2026_08_30_02_28_12_002.jpg,0,0,0.7176422,25.08162
/Users/martin/smart-technologies-ca2/data_track2/IMG/center_2026_08_30_02_28_12_071.jpg,/Users/martin/smart-technologies-ca2/data_track2/IMG/left_2026_08_30_02_28_12_071.jpg,/Users/martin/smart-technologies-ca2/data_track2/IMG/right_2026_08_30_02_28_12_071.jpg,-0.1,0,0.9521942,23.70544
/Users/martin/smart-technologies-ca2/data_track2/IMG/center_2026_08_30_02_28_12_139.jpg,/Users/martin/smart-technologies-ca2/data_track2/IMG/left_2026_08_30_02_28_12_139.jpg,/Users/martin/smart-technologies-ca2/data_track2/IMG/right_2026_08_30_02_28_12_139.jpg,0,0,0.8826401,22.67046
/Users/martin/smart-technologies-ca2/data_track2/IMG/center_2026_08_30_02_28_12_209.jpg,/Users/martin/smart-technologies-ca2/data_track2/IMG/left_2026_08_30_02_28_12_209.jpg,/Users/martin/smart-technologies-ca2/data_track2/IMG/right_2026_08_30_02_28_12_209.jpg,0,0,0.640903,21.32479
/Users/martin/smart-technologies-ca2/data_track2/IMG/center_2026_08_30_02_28_12_278.jpg,/Users/martin/smart-technologies-ca2/data_track2/IMG/left_2026_08_30_02_28_12_278.jpg,/Users/martin/smart-technologies-ca2/data_track2/IMG/right_2026_08_30_02_28_12_278.jpg,0,0,0.4582092,20.32586
/Users/martin/smart-technologies-ca2/data_track2/IMG/center_2026_08_30_02_28_12_346.jpg,/Users/martin/smart-technologies-ca2/data_track2/IMG/left_2026_08_30_02_28_12_346.jpg,/Users/martin/smart-technologies-ca2/data_track2/IMG/right_2026_08_30_02_28_12_346.jpg,0,0.08259022,0,18.86703
/Users/martin/smart-technologies-ca2/data_track2/IMG/center_2026_08_30_02_28_12_414.jpg,/Users/martin/smart-technologies-ca2/data_track2/IMG/left_2026_08_30_02_28_12_414.jpg,/Users/martin/smart-technologies-ca2/data_track2/IMG/right_2026_08_30_02_28_12_414.jpg,0,0.264081,0,18.91203
/Users/martin/smart-technologies-ca2/data_track2/IMG/center_2026_08_30_02_28_12_483.jpg,/Users/martin/smart-technologies-ca2/data_track2/IMG/left_2026_08_30_02_28_12_483.jpg,/Users/martin/smart-technologies-ca2/data_track2/IMG/right_2026_08_30_02_28_12_483.jpg,-0.15,0.4461751,0,18.87564
/Users/martin/smart-technologies-ca2/data_track2/IMG/center_2026_08_30_02_28_12_550.jpg,/Users/martin/smart-technologies-ca2/data_track2/IMG/left_2026_08_30_02_28_12_550.jpg,/Users/martin/smart-technologies-ca2/data_track2/IMG/right_2026_08_30_02_28_12_550.jpg,-0.35,0.6885899,0,19.24062
/Users/martin/smart-technologies-ca2/data_track2/IMG/center_2026_08_30_02_28_12_617.jpg,/Users/martin/smart-technologies-ca2/data_track2/IMG/left_2026_08_30_02_28_12_617.jpg,/Users/martin/smart-technologies-ca2/data_track2/IMG/right_2026_08_30_02_28_12_617.jpg,-0.5000001,0.8655871,0,19.77374
/Users/martin/smart-technologies-ca2/data_track2/IMG/center_2026_08_30_02_28_12_686.jpg,/Users/martin/smart-technologies-ca2/data_track2/IMG/left_2026_08_30_02_28_12_686.jpg,/Users/martin/smart-technologies-ca2/data_track2/IMG/right_2026_08_30_02_28_12_686.jpg,-0.7,1,0,20.36737
/Users/martin/smart-technologies-ca2/data_track2/IMG/center_2026_08_30_02_28_12_752.jpg,/Users/martin/smart-technologies-ca2/data_track2/IMG/left_2026_08_30_02_28_12_752.jpg,/Users/martin/smart-technologies-ca2/data_track2/IMG/right_2026_08_30_02_28_12_752.jpg,-0.8500001,1,0,20.72295
/Users/martin/smart-technologies-ca2/data_track2/IMG/center_2026_08_30_02_28_12_821.jpg,/Users/martin/smart-technologies-ca2/data_track2/IMG/left_2026_08_30_02_28_12_821.jpg,/Users/martin/smart-technologies-ca2/data_track2/IMG/right_2026_08_30_02_28_12_821.jpg,0,1,0,21.28877
/Users/martin/smart-technologies-ca2/data_track2/IMG/center_2026_08_30_02_28_12_888.jpg,/Users/martin/smart-technologies-ca2/data_track2/IMG/left_2026_08_30_02_28_12_888.jpg,/Users/martin/smart-technologies-ca2/data_track2/IMG/right_2026_08_30_02_28_12_888.jpg,0,1,0,22.03479
/Users/martin/smart-technologies-ca2/data_track2/IMG/center_2026_08_30_02_28_12_955.jpg,/Users/martin/smart-technologies-ca2/data_track2/IMG/left_2026_08_30_02_28_12_955.jpg,/Users/martin/smart-technologies-ca2/data_track2/IMG/right_2026_08_30_02_28_12_955.jpg,-0.1,1,0,22.6213
/Users/martin/smart-technologies-ca2/data_track2/IMG/center_2026_08_30_02_28_13_024.jpg,/Users/martin/smart-technologies-ca2/data_track2/IMG/left_2026_08_30_02_28_13_024.jpg,/Users/martin/smart-technologies-ca2/data_track2/IMG/right_2026_08_30_02_28_13_024.jpg,-0.25,1,0,23.20222
/Users/martin/smart-technologies-ca2/data_track2/IMG/center_2026_08_30_02_28_13_091.jpg,/Users/martin/smart-technologies-ca2/data_track2/IMG/left_2026_08_30_02_28_13_091.jpg,/Users/martin/smart-technologies-ca2/data_track2/IMG/right_2026_08_30_02_28_13_091.jpg,-0.45,1,0,23.90712
/Users/martin/smart-technologies-ca2/data_track2/IMG/center_2026_08_30_02_28_13_159.jpg,/Users/martin/smart-technologies-ca2/data_track2/IMG/left_2026_08_30_02_28_13_159.jpg,/Users/martin/smart-technologies-ca2/data_track2/IMG/right_2026_08_30_02_28_13_159.jpg,0,1,0,24.46959
/Users/martin/smart-technologies-ca2/data_track2/IMG/center_2026_08_30_02_28_13_228.jpg,/Users/martin/smart-technologies-ca2/data_track2/IMG/left_2026_08_30_02_28_13_228.jpg,/Users/martin/smart-technologies-ca2/data_track2/IMG/right_2026_08_30_02_28_13_228.jpg,0,1,0,25.23308
/Users/martin/smart-technologies-ca2/data_track2/IMG/center_2026_08_30_02_28_13_297.jpg,/Users/martin/smart-technologies-ca2/data_track2/IMG/left_2026_08_30_02_28_13_297.jpg,/Users/martin/smart-technologies-ca2/data_track2/IMG/right_2026_08_30_02_28_13_297.jpg,0,1,0,25.80564
/Users/martin/smart-technologies-ca2/data_track2/IMG/center_2026_08_30_02_28_13_365.jpg,/Users/martin/smart-technologies-ca2/data_track2/IMG/left_2026_08_30_02_28_13_365.jpg,/Users/martin/smart-technologies-ca2/data_track2/IMG/right_2026_08_30_02_28_13_365.jpg,0,1,0,26.37575
/Users/martin/smart-technologies-ca2/data_track2/IMG/center_2026_08_30_02_28_13_433.jpg,/Users/martin/smart-technologies-ca2/data_track2/IMG/left_2026_08_30_02_28_13_433.jpg,/Users/martin/smart-technologies-ca2/data_track2/IMG/right_2026_08_30_02_28_13_433.jpg,0,1,0,27.13076
/Users/martin/smart-technologies-ca2/data_track2/IMG/center_2026_08_30_02_28_13_500.jpg,/Users/martin/smart-technologies-ca2/data_track2/IMG/left_2026_08_30_02_28_13_500.jpg,/Users/martin/smart-technologies-ca2/data_track2/IMG/right_2026_08_30_02_28_13_500.jpg,0,1,0,27.69319
/Users/martin/smart-technologies-ca2/data_track2/IMG/center_2026_08_30_02_28_13_568.jpg,/Users/martin/smart-technologies-ca2/data_track2/IMG/left_2026_08_30_02_28_13_568.jpg,/Users/martin/smart-technologies-ca2/data_track2/IMG/right_2026_08_30_02_28_13_568.jpg,0,1,0,28.43779
/Users/martin/smart-technologies-ca2/data_track2/IMG/center_2026_08_30_02_28_13_635.jpg,/Users/martin/smart-technologies-ca2/data_track2/IMG/left_2026_08_30_02_28_13_635.jpg,/Users/martin/smart-technologies-ca2/data_track2/IMG/right_2026_08_30_02_28_13_635.jpg,0,1,0,28.99225
/Users/martin/smart-technologies-ca2/data_track2/IMG/center_2026_08_30_02_28_13_702.jpg,/Users/martin/smart-technologies-ca2/data_track2/IMG/left_2026_08_30_02_28_13_702.jpg,/Users/martin/smart-technologies-ca2/data_track2/IMG/right_2026_08_30_02_28_13_702.jpg,0.15,1,0,29.53419
/Users/martin/smart-technologies-ca2/data_track2/IMG/center_2026_08_30_02_28_13_768.jpg,/Users/martin/smart-technologies-ca2/data_track2/IMG/left_2026_08_30_02_28_13_768.jpg,/Users/martin/smart-technologies-ca2/data_track2/IMG/right_2026_08_30_02_28_13_768.jpg,0.35,1,0,30.15826
/Users/martin/smart-technologies-ca2/data_track2/IMG/center_2026_08_30_02_28_13_837.jpg,/Users/martin/smart-technologies-ca2/data_track2/IMG/left_2026_08_30_02_28_13_837.jpg,/Users/martin/smart-technologies-ca2/data_track2/IMG/right_2026_08_30_02_28_13_837.jpg,0,1,0,30.18898
/Users/martin/smart-technologies-ca2/data_track2/IMG/center_2026_08_30_02_28_13_906.jpg,/Users/martin/smart-technologies-ca2/data_track2/IMG/left_2026_08_30_02_28_13_906.jpg,/Users/martin/smart-technologies-ca2/data_track2/IMG/right_2026_08_30_02_28_13_906.jpg,-0.05,1,0,30.18765
/Users/martin/smart-technologies-ca2/data_track2/IMG/center_2026_08_30_02_28_13_972.jpg,/Users/martin/smart-technologies-ca2/data_track2/IMG/left_2026_08_30_02_28_13_972.jpg,/Users/martin/smart-technologies-ca2/data_track2/IMG/right_2026_08_30_02_28_13_972.jpg,-0.2,0.861676,0,30.1506
/Users/martin/smart-technologies-ca2/data_track2/IMG/center_2026_08_30_02_28_14_039.jpg,/Users/martin/smart-technologies-ca2/data_track2/IMG/left_2026_08_30_02_28_14_039.jpg,/Users/martin/smart-technologies-ca2/data_track2/IMG/right_2026_08_30_02_28_14_039.jpg,-0.35,0.693445,0,30.09011
/Users/martin/smart-technologies-ca2/data_track2/IMG/center_2026_08_30_02_28_14_107.jpg,/Users/martin/smart-technologies-ca2/data_track2/IMG/left_2026_08_30_02_28_14_107.jpg,/Users/martin/smart-technologies-ca2/data_track2/IMG/right_2026_08_30_02_28_14_107.jpg,-0.5500001,0.9282219,0,30.10623
/Users/martin/smart-technologies-ca2/data_track2/IMG/center_2026_08_30_02_28_14_174.jpg,/Users/martin/smart-technologies-ca2/data_track2/IMG/left_2026_08_30_02_28_14_174.jpg,/Users/martin/smart-technologies-ca2/data_track2/IMG/right_2026_08_30_02_28_14_174.jpg,-0.7,0.9420911,0,30.11805
/Users/martin/smart-technologies-ca2/data_track2/IMG/center_2026_08_30_02_28_14_242.jpg,/Users/martin/smart-technologies-ca2/data_track2/IMG/left_2026_08_30_02_28_14_242.jpg,/Users/martin/smart-technologies-ca2/data_track2/IMG/right_2026_08_30_02_28_14_242.jpg,-0.8500001,0.7650582,0,30.05705
/Users/martin/smart-technologies-ca2/data_track2/IMG/center_2026_08_30_02_28_14_309.jpg,/Users/martin/smart-technologies-ca2/data_track2/IMG/left_2026_08_30_02_28_14_309.jpg,/Users/martin/smart-technologies-ca2/data_track2/IMG/right_2026_08_30_02_28_14_309.jpg,0,0.5250731,0,30.06081
/Users/martin/smart-technologies-ca2/data_track2/IMG/center_2026_08_30_02_28_14_378.jpg,/Users/martin/smart-technologies-ca2/data_track2/IMG/left_2026_08_30_02_28_14_378.jpg,/Users/martin/smart-technologies-ca2/data_track2/IMG/right_2026_08_30_02_28_14_378.jpg,0,0.3438852,0,30.02607
/Users/martin/smart-technologies-ca2/data_track2/IMG/center_2026_08_30_02_28_14_448.jpg,/Users/martin/smart-technologies-ca2/data_track2/IMG/left_2026_08_30_02_28_14_448.jpg,/Users/martin/smart-technologies-ca2/data_track2/IMG/right_2026_08_30_02_28_14_448.jpg,-0.2,0.09816408,0,29.96671
/Users/martin/smart-technologies-ca2/data_track2/IMG/center_2026_08_30_02_28_14_516.jpg,/Users/martin/smart-technologies-ca2/data_track2/IMG/left_2026_08_30_02_28_14_516.jpg,/Users/martin/smart-technologies-ca2/data_track2/IMG/right_2026_08_30_02_28_14_516.jpg,0,0.07287884,0,29.80893
/Users/martin/smart-technologies-ca2/data_track2/IMG/center_2026_08_30_02_28_14_584.jpg,/Users/martin/smart-technologies-ca2/data_track2/IMG/left_2026_08_30_02_28_14_584.jpg,/Users/martin/smart-technologies-ca2/data_track2/IMG/right_2026_08_30_02_28_14_584.jpg,0,0.2559779,0,29.73837
/Users/martin/smart-technologies-ca2/data_track2/IMG/center_2026_08_30_02_28_14_651.jpg,/Users/martin/smart-technologies-ca2/data_track2/IMG/left_2026_08_30_02_28_14_651.jpg,/Users/martin/smart-technologies-ca2/data_track2/IMG/right_2026_08_30_02_28_14_651.jpg,-0.05,0.4991609,0,29.8494
/Users/martin/smart-technologies-ca2/data_track2/IMG/center_2026_08_30_02_28_14_719.jpg,/Users/martin/smart-technologies-ca2/data_track2/IMG/left_2026_08_30_02_28_14_719.jpg,/Users/martin/smart-technologies-ca2/data_track2/IMG/right_2026_08_30_02_28_14_719.jpg,-0.2,0.6731819,0,30.07475
/Users/martin/smart-technologies-ca2/data_track2/IMG/center_2026_08_30_02_28_14_786.jpg,/Users/martin/smart-technologies-ca2/data_track2/IMG/left_2026_08_30_02_28_14_786.jpg,/Users/martin/smart-technologies-ca2/data_track2/IMG/right_2026_08_30_02_28_14_786.jpg,-0.4,0.9161611,0,30.12571
/Users/martin/smart-technologies-ca2/data_track2/IMG/center_2026_08_30_02_28_14_853.jpg,/Users/martin/smart-technologies-ca2/data_track2/IMG/left_2026_08_30_02_28_14_853.jpg,/Users/martin/smart-technologies-ca2/data_track2/IMG/right_2026_08_30_02_28_14_853.jpg,-0.5500001,1,0,30.1408
/Users/martin/smart-technologies-ca2/data_track2/IMG/center_2026_08_30_02_28_14_921.jpg,/Users/martin/smart-technologies-ca2/data_track2/IMG/left_2026_08_30_02_28_14_921.jpg,/Users/martin/smart-technologies-ca2/data_track2/IMG/right_2026_08_30_02_28_14_921.jpg,-0.7,0.9013301,0,30.10873
/Users/martin/smart-technologies-ca2/data_track2/IMG/center_2026_08_30_02_28_14_988.jpg,/Users/martin/smart-technologies-ca2/data_track2/IMG/left_2026_08_30_02_28_14_988.jpg,/Users/martin/smart-technologies-ca2/data_track2/IMG/right_2026_08_30_02_28_14_988.jpg,-0.9000002,0.657685,0,30.02746
/Users/martin/smart-technologies-ca2/data_track2/IMG/center_2026_08_30_02_28_15_056.jpg,/Users/martin/smart-technologies-ca2/data_track2/IMG/left_2026_08_30_02_28_15_056.jpg,/Users/martin/smart-technologies-ca2/data_track2/IMG/right_2026_08_30_02_28_15_056.jpg,-1,0.4758788,0,29.95992
/Users/martin/smart-technologies-ca2/data_track2/IMG/center_2026_08_30_02_28_15_123.jpg,/Users/martin/smart-technologies-ca2/data_track2/IMG/left_2026_08_30_02_28_15_123.jpg,/Users/martin/smart-technologies-ca2/data_track2/IMG/right_2026_08_30_02_28_15_123.jpg,-1,0.2988698,0,29.83005
/Users/martin/smart-technologies-ca2/data_track2/IMG/center_2026_08_30_02_28_15_190.jpg,/Users/martin/smart-technologies-ca2/data_track2/IMG/left_2026_08_30_02_28_15_190.jpg,/Users/martin/smart-technologies-ca2/data_track2/IMG/right_2026_08_30_02_28_15_190.jpg,-1,0.06126404,0,29.53373
/Users/martin/smart-technologies-ca2/data_track2/IMG/center_2026_08_30_02_28_15_258.jpg,/Users/martin/smart-technologies-ca2/data_track2/IMG/left_2026_08_30_02_28_15_258.jpg,/Users/martin/smart-technologies-ca2/data_track2/IMG/right_2026_08_30_02_28_15_258.jpg,-1,0,0,29.22738
/Users/martin/smart-technologies-ca2/data_track2/IMG/center_2026_08_30_02_28_15_324.jpg,/Users/martin/smart-technologies-ca2/data_track2/IMG/left_2026_08_30_02_28_15_324.jpg,/Users/martin/smart-technologies-ca2/data_track2/IMG/right_2026_08_30_02_28_15_324.jpg,0,0,0,28.98499
/Users/martin/smart-technologies-ca2/data_track2/IMG/center_2026_08_30_02_28_15_391.jpg,/Users/martin/smart-technologies-ca2/data_track2/IMG/left_2026_08_30_02_28_15_391.jpg,/Users/martin/smart-technologies-ca2/data_track2/IMG/right_2026_08_30_02_28_15_391.jpg,0,0,0,28.5551
/Users/martin/smart-technologies-ca2/data_track2/IMG/center_2026_08_30_02_28_15_458.jpg,/Users/martin/smart-technologies-ca2/data_track2/IMG/left_2026_08_30_02_28_15_458.jpg,/Users/martin/smart-technologies-ca2/data_track2/IMG/right_2026_08_30_02_28_15_458.jpg,0,0.04143584,0,28.20051
/Users/martin/smart-technologies-ca2/data_track2/IMG/center_2026_08_30_02_28_15_526.jpg,/Users/martin/smart-technologies-ca2/data_track2/IMG/left_2026_08_30_02_28_15_526.jpg,/Users/martin/smart-technologies-ca2/data_track2/IMG/right_2026_08_30_02_28_15_526.jpg,0,0.276348,0,27.8645
/Users/martin/smart-technologies-ca2/data_track2/IMG/center_2026_08_30_02_28_15_595.jpg,/Users/martin/smart-technologies-ca2/data_track2/IMG/left_2026_08_30_02_28_15_595.jpg,/Users/martin/smart-technologies-ca2/data_track2/IMG/right_2026_08_30_02_28_15_595.jpg,0,0.458142,0,28.0535
/Users/martin/smart-technologies-ca2/data_track2/IMG/center_2026_08_30_02_28_15_662.jpg,/Users/martin/smart-technologies-ca2/data_track2/IMG/left_2026_08_30_02_28_15_662.jpg,/Users/martin/smart-technologies-ca2/data_track2/IMG/right_2026_08_30_02_28_15_662.jpg,-0.05,0.6422428,0,28.07184
/Users/martin/smart-technologies-ca2/data_track2/IMG/center_2026_08_30_02_28_15_732.jpg,/Users/martin/smart-technologies-ca2/data_track2/IMG/left_2026_08_30_02_28_15_732.jpg,/Users/martin/smart-technologies-ca2/data_track2/IMG/right_2026_08_30_02_28_15_732.jpg,-0.25,0.8766088,0,28.31485
/Users/martin/smart-technologies-ca2/data_track2/IMG/center_2026_08_30_02_28_15_801.jpg,/Users/martin/smart-technologies-ca2/data_track2/IMG/left_2026_08_30_02_28_15_801.jpg,/Users/martin/smart-technologies-ca2/data_track2/IMG/right_2026_08_30_02_28_15_801.jpg,-0.4,1,0,28.51475
/Users/martin/smart-technologies-ca2/data_track2/IMG/center_2026_08_30_02_28_15_870.jpg,/Users/martin/smart-technologies-ca2/data_track2/IMG/left_2026_08_30_02_28_15_870.jpg,/Users/martin/smart-technologies-ca2/data_track2/IMG/right_2026_08_30_02_28_15_870.jpg,-0.6000001,1,0,28.83467
/Users/martin/smart-technologies-ca2/data_track2/IMG/center_2026_08_30_02_28_15_937.jpg,/Users/martin/smart-technologies-ca2/data_track2/IMG/left_2026_08_30_02_28_15_937.jpg,/Users/martin/smart-technologies-ca2/data_track2/IMG/right_2026_08_30_02_28_15_937.jpg,-0.7500002,0.8710691,0,29.09026
/Users/martin/smart-technologies-ca2/data_track2/IMG/center_2026_08_30_02_28_16_004.jpg,/Users/martin/smart-technologies-ca2/data_track2/IMG/left_2026_08_30_02_28_16_004.jpg,/Users/martin/smart-technologies-ca2/data_track2/IMG/right_2026_08_30_02_28_16_004.jpg,-0.9000002,0.6904988,0,28.83894
/Users/martin/smart-technologies-ca2/data_track2/IMG/center_2026_08_30_02_28_16_072.jpg,/Users/martin/smart-technologies-ca2/data_track2/IMG/left_2026_08_30_02_28_16_072.jpg,/Users/martin/smart-technologies-ca2/data_track2/IMG/right_2026_08_30_02_28_16_072.jpg,-1,0.4474421,0,28.52745
/Users/martin/smart-technologies-ca2/data_track2/IMG/center_2026_08_30_02_28_16_140.jpg,/Users/martin/smart-technologies-ca2/data_track2/IMG/left_2026_08_30_02_28_16_140.jpg,/Users/martin/smart-technologies-ca2/data_track2/IMG/right_2026_08_30_02_28_16_140.jpg,-1,0.4127203,0,28.1778
/Users/martin/smart-technologies-ca2/data_track2/IMG/center_2026_08_30_02_28_16_207.jpg,/Users/martin/smart-technologies-ca2/data_track2/IMG/left_2026_08_30_02_28_16_207.jpg,/Users/martin/smart-technologies-ca2/data_track2/IMG/right_2026_08_30_02_28_16_207.jpg,0,0.6577451,0,27.9097
/Users/martin/smart-technologies-ca2/data_track2/IMG/center_2026_08_30_02_28_16_274.jpg,/Users/martin/smart-technologies-ca2/data_track2/IMG/left_2026_08_30_02_28_16_274.jpg,/Users/martin/smart-technologies-ca2/data_track2/IMG/right_2026_08_30_02_28_16_274.jpg,0,0.835999,0,27.93912
/Users/martin/smart-technologies-ca2/data_track2/IMG/center_2026_08_30_02_28_16_343.jpg,/Users/martin/smart-technologies-ca2/data_track2/IMG/left_2026_08_30_02_28_16_343.jpg,/Users/martin/smart-technologies-ca2/data_track2/IMG/right_2026_08_30_02_28_16_343.jpg,0,1,0,28.06626
/Users/martin/smart-technologies-ca2/data_track2/IMG/center_2026_08_30_02_28_16_411.jpg,/Users/martin/smart-technologies-ca2/data_track2/IMG/left_2026_08_30_02_28_16_411.jpg,/Users/martin/smart-technologies-ca2/data_track2/IMG/right_2026_08_30_02_28_16_411.jpg,0,1,0,28.37261
/Users/martin/smart-technologies-ca2/data_track2/IMG/center_2026_08_30_02_28_16_481.jpg,/Users/martin/smart-technologies-ca2/data_track2/IMG/left_2026_08_30_02_28_16_481.jpg,/Users/martin/smart-technologies-ca2/data_track2/IMG/right_2026_08_30_02_28_16_481.jpg,0,1,0,28.67367
/Users/martin/smart-technologies-ca2/data_track2/IMG/center_2026_08_30_02_28_16_550.jpg,/Users/martin/smart-technologies-ca2/data_track2/IMG/left_2026_08_30_02_28_16_550.jpg,/Users/martin/smart-technologies-ca2/data_track2/IMG/right_2026_08_30_02_28_16_550.jpg,0,1,0,29.14955
/Users/martin/smart-technologies-ca2/data_track2/IMG/center_2026_08_30_02_28_16_617.jpg,/Users/martin/smart-technologies-ca2/data_track2/IMG/left_2026_08_30_02_28_16_617.jpg,/Users/martin/smart-technologies-ca2/data_track2/IMG/right_2026_08_30_02_28_16_617.jpg,-0.05,1,0,29.22703
/Users/martin/smart-technologies-ca2/data_track2/IMG/center_2026_08_30_02_28_16_685.jpg,/Users/martin/smart-technologies-ca2/data_track2/IMG/left_2026_08_30_02_28_16_685.jpg,/Users/martin/smart-technologies-ca2/data_track2/IMG/right_2026_08_30_02_28_16_685.jpg,-0.25,1,0,29.59252
/Users/martin/smart-technologies-ca2/data_track2/IMG/center_2026_08_30_02_28_16_753.jpg,/Users/martin/smart-technologies-ca2/data_track2/IMG/left_2026_08_30_02_28_16_753.jpg,/Users/martin/smart-technologies-ca2/data_track2/IMG/right_2026_08_30_02_28_16_753.jpg,-0.4,1,0,29.72832
/Users/martin/smart-technologies-ca2/data_track2/IMG/center_2026_08_30_02_28_16_822.jpg,/Users/martin/smart-technologies-ca2/data_track2/IMG/left_2026_08_30_02_28_16_822.jpg,/Users/martin/smart-technologies-ca2/data_track2/IMG/right_2026_08_30_02_28_16_822.jpg,-0.5500001,1,0,29.83179
/Users/martin/smart-technologies-ca2/data_track2/IMG/center_2026_08_30_02_28_16_893.jpg,/Users/martin/smart-technologies-ca2/data_track2/IMG/left_2026_08_30_02_28_16_893.jpg,/Users/martin/smart-technologies-ca2/data_track2/IMG/right_2026_08_30_02_28_16_893.jpg,0,1,0,30.08162
/Users/martin/smart-technologies-ca2/data_track2/IMG/center_2026_08_30_02_28_16_965.jpg,/Users/martin/smart-technologies-ca2/data_track2/IMG/left_2026_08_30_02_28_16_965.jpg,/Users/martin/smart-technologies-ca2/data_track2/IMG/right_2026_08_30_02_28_16_965.jpg,0,1,0,30.0694
/Users/martin/smart-technologies-ca2/data_track2/IMG/center_2026_08_30_02_28_17_035.jpg,/Users/martin/smart-technologies-ca2/data_track2/IMG/left_2026_08_30_02_28_17_035.jpg,/Users/martin/smart-technologies-ca2/data_track2/IMG/right_2026_08_30_02_28_17_035.jpg,-0.1,0.8391311,0,30.09965
/Users/martin/smart-technologies-ca2/data_track2/IMG/center_2026_08_30_02_28_17_106.jpg,/Users/martin/smart-technologies-ca2/data_track2/IMG/left_2026_08_30_02_28_17_106.jpg,/Users/martin/smart-technologies-ca2/data_track2/IMG/right_2026_08_30_02_28_17_106.jpg,-0.3,0.6009699,0,29.95938
/Users/martin/smart-technologies-ca2/data_track2/IMG/center_2026_08_30_02_28_17_172.jpg,/Users/martin/smart-technologies-ca2/data_track2/IMG/left_2026_08_30_02_28_17_172.jpg,/Users/martin/smart-technologies-ca2/data_track2/IMG/right_2026_08_30_02_28_17_172.jpg,-0.45,0.4125669,0,29.91248
/Users/martin/smart-technologies-ca2/data_track2/IMG/center_2026_08_30_02_28_17_239.jpg,/Users/martin/smart-technologies-ca2/data_track2/IMG/left_2026_08_30_02_28_17_239.jpg,/Users/martin/smart-technologies-ca2/data_track2/IMG/right_2026_08_30_02_28_17_239.jpg,-0.6000001,0.238273,0,29.65316
/Users/martin/smart-technologies-ca2/data_track2/IMG/center_2026_08_30_02_28_17_307.jpg,/Users/martin/smart-technologies-ca2/data_track2/IMG/left_2026_08_30_02_28_17_307.jpg,/Users/martin/smart-technologies-ca2/data_track2/IMG/right_2026_08_30_02_28_17_307.jpg,-0.8000001,0.04870307,0,29.09083
/Users/martin/smart-technologies-ca2/data_track2/IMG/center_2026_08_30_02_28_17_376.jpg,/Users/martin/smart-technologies-ca2/data_track2/IMG/left_2026_08_30_02_28_17_376.jpg,/Users/martin/smart-technologies-ca2/data_track2/IMG/right_2026_08_30_02_28_17_376.jpg,-0.9500002,0.2280703,0,28.69738
/Users/martin/smart-technologies-ca2/data_track2/IMG/center_2026_08_30_02_28_17_443.jpg,/Users/martin/smart-technologies-ca2/data_track2/IMG/left_2026_08_30_02_28_17_443.jpg,/Users/martin/smart-technologies-ca2/data_track2/IMG/right_2026_08_30_02_28_17_443.jpg,-1,0.4134581,0,28.25143
/Users/martin/smart-technologies-ca2/data_track2/IMG/center_2026_08_30_02_28_17_513.jpg,/Users/martin/smart-technologies-ca2/data_track2/IMG/left_2026_08_30_02_28_17_513.jpg,/Users/martin/smart-technologies-ca2/data_track2/IMG/right_2026_08_30_02_28_17_513.jpg,-1,0.5551274,0,28.01139
/Users/martin/smart-technologies-ca2/data_track2/IMG/center_2026_08_30_02_28_17_581.jpg,/Users/martin/smart-technologies-ca2/data_track2/IMG/left_2026_08_30_02_28_17_581.jpg,/Users/martin/smart-technologies-ca2/data_track2/IMG/right_2026_08_30_02_28_17_581.jpg,-1,0.3843883,0,27.8627
/Users/martin/smart-technologies-ca2/data_track2/IMG/center_2026_08_30_02_28_17_649.jpg,/Users/martin/smart-technologies-ca2/data_track2/IMG/left_2026_08_30_02_28_17_649.jpg,/Users/martin/smart-technologies-ca2/data_track2/IMG/right_2026_08_30_02_28_17_649.jpg,-1,0,0.0855571,27.29292
/Users/martin/smart-technologies-ca2/data_track2/IMG/center_2026_08_30_02_28_17_716.jpg,/Users/martin/smart-technologies-ca2/data_track2/IMG/left_2026_08_30_02_28_17_716.jpg,/Users/martin/smart-technologies-ca2/data_track2/IMG/right_2026_08_30_02_28_17_716.jpg,0,0,0.2688932,25.90428
/Users/martin/smart-technologies-ca2/data_track2/IMG/center_2026_08_30_02_28_17_790.jpg,/Users/martin/smart-technologies-ca2/data_track2/IMG/left_2026_08_30_02_28_17_790.jpg,/Users/martin/smart-technologies-ca2/data_track2/IMG/right_2026_08_30_02_28_17_790.jpg,-0.15,0,0.5020083,25.2541
/Users/martin/smart-technologies-ca2/data_track2/IMG/center_2026_08_30_02_28_17_859.jpg,/Users/martin/smart-technologies-ca2/data_track2/IMG/left_2026_08_30_02_28_17_859.jpg,/Users/martin/smart-technologies-ca2/data_track2/IMG/right_2026_08_30_02_28_17_859.jpg,0,0,0.6772052,24.73471
/Users/martin/smart-technologies-ca2/data_track2/IMG/center_2026_08_30_02_28_17_932.jpg,/Users/martin/smart-technologies-ca2/data_track2/IMG/left_2026_08_30_02_28_17_932.jpg,/Users/martin/smart-technologies-ca2/data_track2/IMG/right_2026_08_30_02_28_17_932.jpg,0.2,0,0.9154261,23.71046
/Users/martin/smart-technologies-ca2/data_track2/IMG/center_2026_08_30_02_28_18_007.jpg,/Users/martin/smart-technologies-ca2/data_track2/IMG/left_2026_08_30_02_28_18_007.jpg,/Users/martin/smart-technologies-ca2/data_track2/IMG/right_2026_08_30_02_28_18_007.jpg,0.4,0,1,22.31826
/Users/martin/smart-technologies-ca2/data_track2/IMG/center_2026_08_30_02_28_18_072.jpg,/Users/martin/smart-technologies-ca2/data_track2/IMG/left_2026_08_30_02_28_18_072.jpg,/Users/martin/smart-technologies-ca2/data_track2/IMG/right_2026_08_30_02_28_18_072.jpg,0.5500001,0,0.9381851,21.67621
/Users/martin/smart-technologies-ca2/data_track2/IMG/center_2026_08_30_02_28_18_144.jpg,/Users/martin/smart-technologies-ca2/data_track2/IMG/left_2026_08_30_02_28_18_144.jpg,/Users/martin/smart-technologies-ca2/data_track2/IMG/right_2026_08_30_02_28_18_144.jpg,0.7,0,0.738991,20.82237
/Users/martin/smart-technologies-ca2/data_track2/IMG/center_2026_08_30_02_28_18_213.jpg,/Users/martin/smart-technologies-ca2/data_track2/IMG/left_2026_08_30_02_28_18_213.jpg,/Users/martin/smart-technologies-ca2/data_track2/IMG/right_2026_08_30_02_28_18_213.jpg,0.9000002,0,0.5121942,19.70494
/Users/martin/smart-technologies-ca2/data_track2/IMG/center_2026_08_30_02_28_18_282.jpg,/Users/martin/smart-technologies-ca2/data_track2/IMG/left_2026_08_30_02_28_18_282.jpg,/Users/martin/smart-technologies-ca2/data_track2/IMG/right_2026_08_30_02_28_18_282.jpg,1,0,0.3283842,18.70935
/Users/martin/smart-technologies-ca2/data_track2/IMG/center_2026_08_30_02_28_18_352.jpg,/Users/martin/smart-technologies-ca2/data_track2/IMG/left_2026_08_30_02_28_18_352.jpg,/Users/martin/smart-technologies-ca2/data_track2/IMG/right_2026_08_30_02_28_18_352.jpg,1,0,0.08497906,17.58364
/Users/martin/smart-technologies-ca2/data_track2/IMG/center_2026_08_30_02_28_18_421.jpg,/Users/martin/smart-technologies-ca2/data_track2/IMG/left_2026_08_30_02_28_18_421.jpg,/Users/martin/smart-technologies-ca2/data_track2/IMG/right_2026_08_30_02_28_18_421.jpg,1,0.09122694,0,16.4936
/Users/martin/smart-technologies-ca2/data_track2/IMG/center_2026_08_30_02_28_18_492.jpg,/Users/martin/smart-technologies-ca2/data_track2/IMG/left_2026_08_30_02_28_18_492.jpg,/Users/martin/smart-technologies-ca2/data_track2/IMG/right_2026_08_30_02_28_18_492.jpg,1,0.3309242,0,16.6453
/Users/martin/smart-technologies-ca2/data_track2/IMG/center_2026_08_30_02_28_18_560.jpg,/Users/martin/smart-technologies-ca2/data_track2/IMG/left_2026_08_30_02_28_18_560.jpg,/Users/martin/smart-technologies-ca2/data_track2/IMG/right_2026_08_30_02_28_18_560.jpg,1,0.5108911,0,17.23365
/Users/martin/smart-technologies-ca2/data_track2/IMG/center_2026_08_30_02_28_18_632.jpg,/Users/martin/smart-technologies-ca2/data_track2/IMG/left_2026_08_30_02_28_18_632.jpg,/Users/martin/smart-technologies-ca2/data_track2/IMG/right_2026_08_30_02_28_18_632.jpg,1,0.7367849,0,17.75798
/Users/martin/smart-technologies-ca2/data_track2/IMG/center_2026_08_30_02_28_18_702.jpg,/Users/martin/smart-technologies-ca2/data_track2/IMG/left_2026_08_30_02_28_18_702.jpg,/Users/martin/smart-technologies-ca2/data_track2/IMG/right_2026_08_30_02_28_18_702.jpg,1,0.9225361,0,18.38447
/Users/martin/smart-technologies-ca2/data_track2/IMG/center_2026_08_30_02_28_18_773.jpg,/Users/martin/smart-technologies-ca2/data_track2/IMG/left_2026_08_30_02_28_18_773.jpg,/Users/martin/smart-technologies-ca2/data_track2/IMG/right_2026_08_30_02_28_18_773.jpg,0,1,0,19.36962
/Users/martin/smart-technologies-ca2/data_track2/IMG/center_2026_08_30_02_28_18_844.jpg,/Users/martin/smart-technologies-ca2/data_track2/IMG/left_2026_08_30_02_28_18_844.jpg,/Users/martin/smart-technologies-ca2/data_track2/IMG/right_2026_08_30_02_28_18_844.jpg,0,1,0,20.05541
/Users/martin/smart-technologies-ca2/data_track2/IMG/center_2026_08_30_02_28_18_914.jpg,/Users/martin/smart-technologies-ca2/data_track2/IMG/left_2026_08_30_02_28_18_914.jpg,/Users/martin/smart-technologies-ca2/data_track2/IMG/right_2026_08_30_02_28_18_914.jpg,0.2,1,0,21.10792
/Users/martin/smart-technologies-ca2/data_track2/IMG/center_2026_08_30_02_28_18_984.jpg,/Users/martin/smart-technologies-ca2/data_track2/IMG/left_2026_08_30_02_28_18_984.jpg,/Users/martin/smart-technologies-ca2/data_track2/IMG/right_2026_08_30_02_28_18_984.jpg,0.35,1,0,22.01864
/Users/martin/smart-technologies-ca2/data_track2/IMG/center_2026_08_30_02_28_19_053.jpg,/Users/martin/smart-technologies-ca2/data_track2/IMG/left_2026_08_30_02_28_19_053.jpg,/Users/martin/smart-technologies-ca2/data_track2/IMG/right_2026_08_30_02_28_19_053.jpg,0.1,1,0,23.06473
/Users/martin/smart-technologies-ca2/data_track2/IMG/center_2026_08_30_02_28_19_122.jpg,/Users/martin/smart-technologies-ca2/data_track2/IMG/left_2026_08_30_02_28_19_122.jpg,/Users/martin/smart-technologies-ca2/data_track2/IMG/right_2026_08_30_02_28_19_122.jpg,0.25,1,0,23.94408
/Users/martin/smart-technologies-ca2/data_track2/IMG/center_2026_08_30_02_28_19_189.jpg,/Users/martin/smart-technologies-ca2/data_track2/IMG/left_2026_08_30_02_28_19_189.jpg,/Users/martin/smart-technologies-ca2/data_track2/IMG/right_2026_08_30_02_28_19_189.jpg,0.45,1,0,24.92416
/Users/martin/smart-technologies-ca2/data_track2/IMG/center_2026_08_30_02_28_19_257.jpg,/Users/martin/smart-technologies-ca2/data_track2/IMG/left_2026_08_30_02_28_19_257.jpg,/Users/martin/smart-technologies-ca2/data_track2/IMG/right_2026_08_30_02_28_19_257.jpg,0.6000001,1,0,25.72125
/Users/martin/smart-technologies-ca2/data_track2/IMG/center_2026_08_30_02_28_19_324.jpg,/Users/martin/smart-technologies-ca2/data_track2/IMG/left_2026_08_30_02_28_19_324.jpg,/Users/martin/smart-technologies-ca2/data_track2/IMG/right_2026_08_30_02_28_19_324.jpg,0.7500002,1,0,26.38711
/Users/martin/smart-technologies-ca2/data_track2/IMG/center_2026_08_30_02_28_19_393.jpg,/Users/martin/smart-technologies-ca2/data_track2/IMG/left_2026_08_30_02_28_19_393.jpg,/Users/martin/smart-technologies-ca2/data_track2/IMG/right_2026_08_30_02_28_19_393.jpg,0.9500002,1,0,27.1715
/Users/martin/smart-technologies-ca2/data_track2/IMG/center_2026_08_30_02_28_19_462.jpg,/Users/martin/smart-technologies-ca2/data_track2/IMG/left_2026_08_30_02_28_19_462.jpg,/Users/martin/smart-technologies-ca2/data_track2/IMG/right_2026_08_30_02_28_19_462.jpg,1,1,0,27.8818
/Users/martin/smart-technologies-ca2/data_track2/IMG/center_2026_08_30_02_28_19_531.jpg,/Users/martin/smart-technologies-ca2/data_track2/IMG/left_2026_08_30_02_28_19_531.jpg,/Users/martin/smart-technologies-ca2/data_track2/IMG/right_2026_08_30_02_28_19_531.jpg,0,1,0,28.71899
/Users/martin/smart-technologies-ca2/data_track2/IMG/center_2026_08_30_02_28_19_598.jpg,/Users/martin/smart-technologies-ca2/data_track2/IMG/left_2026_08_30_02_28_19_598.jpg,/Users/martin/smart-technologies-ca2/data_track2/IMG/right_2026_08_30_02_28_19_598.jpg,0,1,0,29.36611
/Users/martin/smart-technologies-ca2/data_track2/IMG/center_2026_08_30_02_28_19_667.jpg,/Users/martin/smart-technologies-ca2/data_track2/IMG/left_2026_08_30_02_28_19_667.jpg,/Users/martin/smart-technologies-ca2/data_track2/IMG/right_2026_08_30_02_28_19_667.jpg,0,1,0,30.14338
/Users/martin/smart-technologies-ca2/data_track2/IMG/center_2026_08_30_02_28_19_736.jpg,/Users/martin/smart-technologies-ca2/data_track2/IMG/left_2026_08_30_02_28_19_736.jpg,/Users/martin/smart-technologies-ca2/data_track2/IMG/right_2026_08_30_02_28_19_736.jpg,0,1,0,30.19937
/Users/martin/smart-technologies-ca2/data_track2/IMG/center_2026_08_30_02_28_19_802.jpg,/Users/martin/smart-technologies-ca2/data_track2/IMG/left_2026_08_30_02_28_19_802.jpg,/Users/martin/smart-technologies-ca2/data_track2/IMG/right_2026_08_30_02_28_19_802.jpg,0,1,0,30.33837
/Users/martin/smart-technologies-ca2/data_track2/IMG/center_2026_08_30_02_28_19_871.jpg,/Users/martin/smart-technologies-ca2/data_track2/IMG/left_2026_08_30_02_28_19_871.jpg,/Users/martin/smart-technologies-ca2/data_track2/IMG/right_2026_08_30_02_28_19_871.jpg,0,1,0,30.45558
/Users/martin/smart-technologies-ca2/data_track2/IMG/center_2026_08_30_02_28_19_940.jpg,/Users/martin/smart-technologies-ca2/data_track2/IMG/left_2026_08_30_02_28_19_940.jpg,/Users/martin/smart-technologies-ca2/data_track2/IMG/right_2026_08_30_02_28_19_940.jpg,0,1,0,30.22536
/Users/martin/smart-technologies-ca2/data_track2/IMG/center_2026_08_30_02_28_20_007.jpg,/Users/martin/smart-technologies-ca2/data_track2/IMG/left_2026_08_30_02_28_20_007.jpg,/Users/martin/smart-technologies-ca2/data_track2/IMG/right_2026_08_30_02_28_20_007.jpg,-0.1,1,0,30.24785
/Users/martin/smart-technologies-ca2/data_track2/IMG/center_2026_08_30_02_28_20_074.jpg,/Users/martin/smart-technologies-ca2/data_track2/IMG/left_2026_08_30_02_28_20_074.jpg,/Users/martin/smart-technologies-ca2/data_track2/IMG/right_2026_08_30_02_28_20_074.jpg,-0.25,1,0,30.31265
/Users/martin/smart-technologies-ca2/data_track2/IMG/center_2026_08_30_02_28_20_141.jpg,/Users/martin/smart-technologies-ca2/data_track2/IMG/left_2026_08_30_02_28_20_141.jpg,/Users/martin/smart-technologies-ca2/data_track2/IMG/right_2026_08_30_02_28_20_141.jpg,0,1,0,30.25461
/Users/martin/smart-technologies-ca2/data_track2/IMG/center_2026_08_30_02_28_20_208.jpg,/Users/martin/smart-technologies-ca2/data_track2/IMG/left_2026_08_30_02_28_20_208.jpg,/Users/martin/smart-technologies-ca2/data_track2/IMG/right_2026_08_30_02_28_20_208.jpg,0,1,0,30.15921
/Users/martin/smart-technologies-ca2/data_track2/IMG/center_2026_08_30_02_28_20_276.jpg,/Users/martin/smart-technologies-ca2/data_track2/IMG/left_2026_08_30_02_28_20_276.jpg,/Users/martin/smart-technologies-ca2/data_track2/IMG/right_2026_08_30_02_28_20_276.jpg,0,1,0,30.17787
/Users/martin/smart-technologies-ca2/data_track2/IMG/center_2026_08_30_02_28_20_343.jpg,/Users/martin/smart-technologies-ca2/data_track2/IMG/left_2026_08_30_02_28_20_343.jpg,/Users/martin/smart-technologies-ca2/data_track2/IMG/right_2026_08_30_02_28_20_343.jpg,0,1,0,30.37168
/Users/martin/smart-technologies-ca2/data_track2/IMG/center_2026_08_30_02_28_20_412.jpg,/Users/martin/smart-technologies-ca2/data_track2/IMG/left_2026_08_30_02_28_20_412.jpg,/Users/martin/smart-technologies-ca2/data_track2/IMG/right_2026_08_30_02_28_20_412.jpg,0,1,0,30.21055
/Users/martin/smart-technologies-ca2/data_track2/IMG/center_2026_08_30_02_28_20_481.jpg,/Users/martin/smart-technologies-ca2/data_track2/IMG/left_2026_08_30_02_28_20_481.jpg,/Users/martin/smart-technologies-ca2/data_track2/IMG/right_2026_08_30_02_28_20_481.jpg,-0.15,1,0,30.13996
/Users/martin/smart-technologies-ca2/data_track2/IMG/center_2026_08_30_02_28_20_550.jpg,/Users/martin/smart-technologies-ca2/data_track2/IMG/left_2026_08_30_02_28_20_550.jpg,/Users/martin/smart-technologies-ca2/data_track2/IMG/right_2026_08_30_02_28_20_550.jpg,-0.35,1,0,30.21254
/Users/martin/smart-technologies-ca2/data_track2/IMG/center_2026_08_30_02_28_20_620.jpg,/Users/martin/smart-technologies-ca2/data_track2/IMG/left_2026_08_30_02_28_20_620.jpg,/Users/martin/smart-technologies-ca2/data_track2/IMG/right_2026_08_30_02_28_20_620.jpg,-0.5000001,1,0,30.19231
/Users/martin/smart-technologies-ca2/data_track2/IMG/center_2026_08_30_02_28_20_687.jpg,/Users/martin/smart-technologies-ca2/data_track2/IMG/left_2026_08_30_02_28_20_687.jpg,/Users/martin/smart-technologies-ca2/data_track2/IMG/right_2026_08_30_02_28_20_687.jpg,0,1,0,29.98363
/Users/martin/smart-technologies-ca2/data_track2/IMG/center_2026_08_30_02_28_20_754.jpg,/Users/martin/smart-technologies-ca2/data_track2/IMG/left_2026_08_30_02_28_20_754.jpg,/Users/martin/smart-technologies-ca2/data_track2/IMG/right_2026_08_30_02_28_20_754.jpg,0,1,0,29.83894
/Users/martin/smart-technologies-ca2/data_track2/IMG/center_2026_08_30_02_28_20_823.jpg,/Users/martin/smart-technologies-ca2/data_track2/IMG/left_2026_08_30_02_28_20_823.jpg,/Users/martin/smart-technologies-ca2/data_track2/IMG/right_2026_08_30_02_28_20_823.jpg,0,1,0,30.20264
/Users/martin/smart-technologies-ca2/data_track2/IMG/center_2026_08_30_02_28_20_890.jpg,/Users/martin/smart-technologies-ca2/data_track2/IMG/left_2026_08_30_02_28_20_890.jpg,/Users/martin/smart-technologies-ca2/data_track2/IMG/right_2026_08_30_02_28_20_890.jpg,-0.1,1,0,30.19868
/Users/martin/smart-technologies-ca2/data_track2/IMG/center_2026_08_30_02_28_20_959.jpg,/Users/martin/smart-technologies-ca2/data_track2/IMG/left_2026_08_30_02_28_20_959.jpg,/Users/martin/smart-technologies-ca2/data_track2/IMG/right_2026_08_30_02_28_20_959.jpg,-0.25,1,0,30.00428
/Users/martin/smart-technologies-ca2/data_track2/IMG/center_2026_08_30_02_28_21_027.jpg,/Users/martin/smart-technologies-ca2/data_track2/IMG/left_2026_08_30_02_28_21_027.jpg,/Users/martin/smart-technologies-ca2/data_track2/IMG/right_2026_08_30_02_28_21_027.jpg,0,1,0,30.15197
/Users/martin/smart-technologies-ca2/data_track2/IMG/center_2026_08_30_02_28_21_098.jpg,/Users/martin/smart-technologies-ca2/data_track2/IMG/left_2026_08_30_02_28_21_098.jpg,/Users/martin/smart-technologies-ca2/data_track2/IMG/right_2026_08_30_02_28_21_098.jpg,0,1,0,30.14957
/Users/martin/smart-technologies-ca2/data_track2/IMG/center_2026_08_30_02_28_21_167.jpg,/Users/martin/smart-technologies-ca2/data_track2/IMG/left_2026_08_30_02_28_21_167.jpg,/Users/martin/smart-technologies-ca2/data_track2/IMG/right_2026_08_30_02_28_21_167.jpg,-0.2,1,0,29.60339
/Users/martin/smart-technologies-ca2/data_track2/IMG/center_2026_08_30_02_28_21_234.jpg,/Users/martin/smart-technologies-ca2/data_track2/IMG/left_2026_08_30_02_28_21_234.jpg,/Users/martin/smart-technologies-ca2/data_track2/IMG/right_2026_08_30_02_28_21_234.jpg,-0.35,1,0,30.06379
/Users/martin/smart-technologies-ca2/data_track2/IMG/center_2026_08_30_02_28_21_300.jpg,/Users/martin/smart-technologies-ca2/data_track2/IMG/left_2026_08_30_02_28_21_300.jpg,/Users/martin/smart-technologies-ca2/data_track2/IMG/right_2026_08_30_02_28_21_300.jpg,-0.5000001,1,0,30.06489
/Users/martin/smart-technologies-ca2/data_track2/IMG/center_2026_08_30_02_28_21_370.jpg,/Users/martin/smart-technologies-ca2/data_track2/IMG/left_2026_08_30_02_28_21_370.jpg,/Users/martin/smart-technologies-ca2/data_track2/IMG/right_2026_08_30_02_28_21_370.jpg,0,1,0,30.08503
/Users/martin/smart-technologies-ca2/data_track2/IMG/center_2026_08_30_02_28_21_437.jpg,/Users/martin/smart-technologies-ca2/data_track2/IMG/left_2026_08_30_02_28_21_437.jpg,/Users/martin/smart-technologies-ca2/data_track2/IMG/right_2026_08_30_02_28_21_437.jpg,0,1,0,30.09516
/Users/martin/smart-technologies-ca2/data_track2/IMG/center_2026_08_30_02_28_21_507.jpg,/Users/martin/smart-technologies-ca2/data_track2/IMG/left_2026_08_30_02_28_21_507.jpg,/Users/martin/smart-technologies-ca2/data_track2/IMG/right_2026_08_30_02_28_21_507.jpg,0,1,0,30.06618
/Users/martin/smart-technologies-ca2/data_track2/IMG/center_2026_08_30_02_28_21_576.jpg,/Users/martin/smart-technologies-ca2/data_track2/IMG/left_2026_08_30_02_28_21_576.jpg,/Users/martin/smart-technologies-ca2/data_track2/IMG/right_2026_08_30_02_28_21_576.jpg,0,1,0,30.02029
/Users/martin/smart-technologies-ca2/data_track2/IMG/center_2026_08_30_02_28_21_648.jpg,/Users/martin/smart-technologies-ca2/data_track2/IMG/left_2026_08_30_02_28_21_648.jpg,/Users/martin/smart-technologies-ca2/data_track2/IMG/right_2026_08_30_02_28_21_648.jpg,-0.2,1,0,30.09945
/Users/martin/smart-technologies-ca2/data_track2/IMG/center_2026_08_30_02_28_21_717.jpg,/Users/martin/smart-technologies-ca2/data_track2/IMG/left_2026_08_30_02_28_21_717.jpg,/Users/martin/smart-technologies-ca2/data_track2/IMG/right_2026_08_30_02_28_21_717.jpg,-0.35,1,0,30.25515
/Users/martin/smart-technologies-ca2/data_track2/IMG/center_2026_08_30_02_28_21_784.jpg,/Users/martin/smart-technologies-ca2/data_track2/IMG/left_2026_08_30_02_28_21_784.jpg,/Users/martin/smart-technologies-ca2/data_track2/IMG/right_2026_08_30_02_28_21_784.jpg,-0.5000001,1,0,29.95424
/Users/martin/smart-technologies-ca2/data_track2/IMG/center_2026_08_30_02_28_21_853.jpg,/Users/martin/smart-technologies-ca2/data_track2/IMG/left_2026_08_30_02_28_21_853.jpg,/Users/martin/smart-technologies-ca2/data_track2/IMG/right_2026_08_30_02_28_21_853.jpg,-0.7,1,0,30.03864
/Users/martin/smart-technologies-ca2/data_track2/IMG/center_2026_08_30_02_28_21_923.jpg,/Users/martin/smart-technologies-ca2/data_track2/IMG/left_2026_08_30_02_28_21_923.jpg,/Users/martin/smart-technologies-ca2/data_track2/IMG/right_2026_08_30_02_28_21_923.jpg,0,1,0,30.07359
/Users/martin/smart-technologies-ca2/data_track2/IMG/center_2026_08_30_02_28_21_990.jpg,/Users/martin/smart-technologies-ca2/data_track2/IMG/left_2026_08_30_02_28_21_990.jpg,/Users/martin/smart-technologies-ca2/data_track2/IMG/right_2026_08_30_02_28_21_990.jpg,0,1,0,30.08426
/Users/martin/smart-technologies-ca2/data_track2/IMG/center_2026_08_30_02_28_22_058.jpg,/Users/martin/smart-technologies-ca2/data_track2/IMG/left_2026_08_30_02_28_22_058.jpg,/Users/martin/smart-technologies-ca2/data_track2/IMG/right_2026_08_30_02_28_22_058.jpg,0,1,0,30.10822
/Users/martin/smart-technologies-ca2/data_track2/IMG/center_2026_08_30_02_28_22_127.jpg,/Users/martin/smart-technologies-ca2/data_track2/IMG/left_2026_08_30_02_28_22_127.jpg,/Users/martin/smart-technologies-ca2/data_track2/IMG/right_2026_08_30_02_28_22_127.jpg,-0.1,1,0,30.09692
/Users/martin/smart-technologies-ca2/data_track2/IMG/center_2026_08_30_02_28_22_194.jpg,/Users/martin/smart-technologies-ca2/data_track2/IMG/left_2026_08_30_02_28_22_194.jpg,/Users/martin/smart-technologies-ca2/data_track2/IMG/right_2026_08_30_02_28_22_194.jpg,-0.25,0.9489579,0,30.10741
/Users/martin/smart-technologies-ca2/data_track2/IMG/center_2026_08_30_02_28_22_261.jpg,/Users/martin/smart-technologies-ca2/data_track2/IMG/left_2026_08_30_02_28_22_261.jpg,/Users/martin/smart-technologies-ca2/data_track2/IMG/right_2026_08_30_02_28_22_261.jpg,-0.4,0.7686791,0,30.0076
/Users/martin/smart-technologies-ca2/data_track2/IMG/center_2026_08_30_02_28_22_331.jpg,/Users/martin/smart-technologies-ca2/data_track2/IMG/left_2026_08_30_02_28_22_331.jpg,/Users/martin/smart-technologies-ca2/data_track2/IMG/right_2026_08_30_02_28_22_331.jpg,-0.6000001,0.5328729,0,29.91123
/Users/martin/smart-technologies-ca2/data_track2/IMG/center_2026_08_30_02_28_22_400.jpg,/Users/martin/smart-technologies-ca2/data_track2/IMG/left_2026_08_30_02_28_22_400.jpg,/Users/martin/smart-technologies-ca2/data_track2/IMG/right_2026_08_30_02_28_22_400.jpg,-0.7500002,0,0.09954286,29.23586
/Users/martin/smart-technologies-ca2/data_track2/IMG/center_2026_08_30_02_28_22_469.jpg,/Users/martin/smart-technologies-ca2/data_track2/IMG/left_2026_08_30_02_28_22_469.jpg,/Users/martin/smart-technologies-ca2/data_track2/IMG/right_2026_08_30_02_28_22_469.jpg,0,0,0.3380671,27.70076
/Users/martin/smart-technologies-ca2/data_track2/IMG/center_2026_08_30_02_28_22_539.jpg,/Users/martin/smart-technologies-ca2/data_track2/IMG/left_2026_08_30_02_28_22_539.jpg,/Users/martin/smart-technologies-ca2/data_track2/IMG/right_2026_08_30_02_28_22_539.jpg,0,0,0.525228,26.76871
/Users/martin/smart-technologies-ca2/data_track2/IMG/center_2026_08_30_02_28_22_610.jpg,/Users/martin/smart-technologies-ca2/data_track2/IMG/left_2026_08_30_02_28_22_610.jpg,/Users/martin/smart-technologies-ca2/data_track2/IMG/right_2026_08_30_02_28_22_610.jpg,0,0,0.7595758,25.23583
/Users/martin/smart-technologies-ca2/data_track2/IMG/center_2026_08_30_02_28_22_677.jpg,/Users/martin/smart-technologies-ca2/data_track2/IMG/left_2026_08_30_02_28_22_677.jpg,/Users/martin/smart-technologies-ca2/data_track2/IMG/right_2026_08_30_02_28_22_677.jpg,0,0,0.9494609,24.35548
/Users/martin/smart-technologies-ca2/data_track2/IMG/center_2026_08_30_02_28_22_744.jpg,/Users/martin/smart-technologies-ca2/data_track2/IMG/left_2026_08_30_02_28_22_744.jpg,/Users/martin/smart-technologies-ca2/data_track2/IMG/right_2026_08_30_02_28_22_744.jpg,-0.15,0,1,23.38796
/Users/martin/smart-technologies-ca2/data_track2/IMG/center_2026_08_30_02_28_22_812.jpg,/Users/martin/smart-technologies-ca2/data_track2/IMG/left_2026_08_30_02_28_22_812.jpg,/Users/martin/smart-technologies-ca2/data_track2/IMG/right_2026_08_30_02_28_22_812.jpg,-0.35,0,1,21.9017
/Users/martin/smart-technologies-ca2/data_track2/IMG/center_2026_08_30_02_28_22_879.jpg,/Users/martin/smart-technologies-ca2/data_track2/IMG/left_2026_08_30_02_28_22_879.jpg,/Users/martin/smart-technologies-ca2/data_track2/IMG/right_2026_08_30_02_28_22_879.jpg,-0.5000001,0,1,20.81023
/Users/martin/smart-technologies-ca2/data_track2/IMG/center_2026_08_30_02_28_22_950.jpg,/Users/martin/smart-technologies-ca2/data_track2/IMG/left_2026_08_30_02_28_22_950.jpg,/Users/martin/smart-technologies-ca2/data_track2/IMG/right_2026_08_30_02_28_22_950.jpg,-0.7,0,0.765169,19.72195
/Users/martin/smart-technologies-ca2/data_track2/IMG/center_2026_08_30_02_28_23_017.jpg,/Users/martin/smart-technologies-ca2/data_track2/IMG/left_2026_08_30_02_28_23_017.jpg,/Users/martin/smart-technologies-ca2/data_track2/IMG/right_2026_08_30_02_28_23_017.jpg,0,0,0.589636,18.74984
/Users/martin/smart-technologies-ca2/data_track2/IMG/center_2026_08_30_02_28_23_085.jpg,/Users/martin/smart-technologies-ca2/data_track2/IMG/left_2026_08_30_02_28_23_085.jpg,/Users/martin/smart-technologies-ca2/data_track2/IMG/right_2026_08_30_02_28_23_085.jpg,-0.05,0.2189187,0,17.76295
/Users/martin/smart-technologies-ca2/data_track2/IMG/center_2026_08_30_02_28_23_153.jpg,/Users/martin/smart-technologies-ca2/data_track2/IMG/left_2026_08_30_02_28_23_153.jpg,/Users/martin/smart-technologies-ca2/data_track2/IMG/right_2026_08_30_02_28_23_153.jpg,-0.2,0.4103218,0,18.10356
/Users/martin/smart-technologies-ca2/data_track2/IMG/center_2026_08_30_02_28_23_224.jpg,/Users/martin/smart-technologies-ca2/data_track2/IMG/left_2026_08_30_02_28_23_224.jpg,/Users/martin/smart-technologies-ca2/data_track2/IMG/right_2026_08_30_02_28_23_224.jpg,-0.35,0.5882517,0,18.01552
/Users/martin/smart-technologies-ca2/data_track2/IMG/center_2026_08_30_02_28_23_295.jpg,/Users/martin/smart-technologies-ca2/data_track2/IMG/left_2026_08_30_02_28_23_295.jpg,/Users/martin/smart-technologies-ca2/data_track2/IMG/right_2026_08_30_02_28_23_295.jpg,-0.5500001,0.7913611,0,18.62897
/Users/martin/smart-technologies-ca2/data_track2/IMG/center_2026_08_30_02_28_23_363.jpg,/Users/martin/smart-technologies-ca2/data_track2/IMG/left_2026_08_30_02_28_23_363.jpg,/Users/martin/smart-technologies-ca2/data_track2/IMG/right_2026_08_30_02_28_23_363.jpg,-0.7,0.6044011,0,18.91908
/Users/martin/smart-technologies-ca2/data_track2/IMG/center_2026_08_30_02_28_23_433.jpg,/Users/martin/smart-technologies-ca2/data_track2/IMG/left_2026_08_30_02_28_23_433.jpg,/Users/martin/smart-technologies-ca2/data_track2/IMG/right_2026_08_30_02_28_23_433.jpg,-0.9000002,0.3656223,0,19.03039
/Users/martin/smart-technologies-ca2/data_track2/IMG/center_2026_08_30_02_28_23_500.jpg,/Users/martin/smart-technologies-ca2/data_track2/IMG/left_2026_08_30_02_28_23_500.jpg,/Users/martin/smart-technologies-ca2/data_track2/IMG/right_2026_08_30_02_28_23_500.jpg,-1,0.1939591,0,18.94699
/Users/martin/smart-technologies-ca2/data_track2/IMG/center_2026_08_30_02_28_23_570.jpg,/Users/martin/smart-technologies-ca2/data_track2/IMG/left_2026_08_30_02_28_23_570.jpg,/Users/martin/smart-technologies-ca2/data_track2/IMG/right_2026_08_30_02_28_23_570.jpg,-1,0,0,18.76905
/Users/martin/smart-technologies-ca2/data_track2/IMG/center_2026_08_30_02_28_23_637.jpg,/Users/martin/smart-technologies-ca2/data_track2/IMG/left_2026_08_30_02_28_23_637.jpg,/Users/martin/smart-technologies-ca2/data_track2/IMG/right_2026_08_30_02_28_23_637.jpg,-1,0,0,18.43686
/Users/martin/smart-technologies-ca2/data_track2/IMG/center_2026_08_30_02_28_23_705.jpg,/Users/martin/smart-technologies-ca2/data_track2/IMG/left_2026_08_30_02_28_23_705.jpg,/Users/martin/smart-technologies-ca2/data_track2/IMG/right_2026_08_30_02_28_23_705.jpg,-1,0.0855149,0,18.20713
/Users/martin/smart-technologies-ca2/data_track2/IMG/center_2026_08_30_02_28_23_774.jpg,/Users/martin/smart-technologies-ca2/data_track2/IMG/left_2026_08_30_02_28_23_774.jpg,/Users/martin/smart-technologies-ca2/data_track2/IMG/right_2026_08_30_02_28_23_774.jpg,-1,0.2738911,0,18.41486
/Users/martin/smart-technologies-ca2/data_track2/IMG/center_2026_08_30_02_28_23_846.jpg,/Users/martin/smart-technologies-ca2/data_track2/IMG/left_2026_08_30_02_28_23_846.jpg,/Users/martin/smart-technologies-ca2/data_track2/IMG/right_2026_08_30_02_28_23_846.jpg,-1,0.5088029,0,18.59339
/Users/martin/smart-technologies-ca2/data_track2/IMG/center_2026_08_30_02_28_23_915.jpg,/Users/martin/smart-technologies-ca2/data_track2/IMG/left_2026_08_30_02_28_23_915.jpg,/Users/martin/smart-technologies-ca2/data_track2/IMG/right_2026_08_30_02_28_23_915.jpg,-1,0.4707359,0,18.60733
/Users/martin/smart-technologies-ca2/data_track2/IMG/center_2026_08_30_02_28_23_984.jpg,/Users/martin/smart-technologies-ca2/data_track2/IMG/left_2026_08_30_02_28_23_984.jpg,/Users/martin/smart-technologies-ca2/data_track2/IMG/right_2026_08_30_02_28_23_984.jpg,-1,0.2835181,0,18.98541
/Users/martin/smart-technologies-ca2/data_track2/IMG/center_2026_08_30_02_28_24_055.jpg,/Users/martin/smart-technologies-ca2/data_track2/IMG/left_2026_08_30_02_28_24_055.jpg,/Users/martin/smart-technologies-ca2/data_track2/IMG/right_2026_08_30_02_28_24_055.jpg,-1,0.3626225,0,19.04157
/Users/martin/smart-technologies-ca2/data_track2/IMG/center_2026_08_30_02_28_24_122.jpg,/Users/martin/smart-technologies-ca2/data_track2/IMG/left_2026_08_30_02_28_24_122.jpg,/Users/martin/smart-technologies-ca2/data_track2/IMG/right_2026_08_30_02_28_24_122.jpg,-1,0.5407923,0,18.97394
/Users/martin/smart-technologies-ca2/data_track2/IMG/center_2026_08_30_02_28_24_195.jpg,/Users/martin/smart-technologies-ca2/data_track2/IMG/left_2026_08_30_02_28_24_195.jpg,/Users/martin/smart-technologies-ca2/data_track2/IMG/right_2026_08_30_02_28_24_195.jpg,-1,0.4610256,0,19.32638
/Users/martin/smart-technologies-ca2/data_track2/IMG/center_2026_08_30_02_28_24_263.jpg,/Users/martin/smart-technologies-ca2/data_track2/IMG/left_2026_08_30_02_28_24_263.jpg,/Users/martin/smart-technologies-ca2/data_track2/IMG/right_2026_08_30_02_28_24_263.jpg,-1,0.2783046,0,19.68529
/Users/martin/smart-technologies-ca2/data_track2/IMG/center_2026_08_30_02_28_24_332.jpg,/Users/martin/smart-technologies-ca2/data_track2/IMG/left_2026_08_30_02_28_24_332.jpg,/Users/martin/smart-technologies-ca2/data_track2/IMG/right_2026_08_30_02_28_24_332.jpg,-1,0.239356,0,19.67632
/Users/martin/smart-technologies-ca2/data_track2/IMG/center_2026_08_30_02_28_24_400.jpg,/Users/martin/smart-technologies-ca2/data_track2/IMG/left_2026_08_30_02_28_24_400.jpg,/Users/martin/smart-technologies-ca2/data_track2/IMG/right_2026_08_30_02_28_24_400.jpg,-1,0.4010199,0,19.50069
/Users/martin/smart-technologies-ca2/data_track2/IMG/center_2026_08_30_02_28_24_467.jpg,/Users/martin/smart-technologies-ca2/data_track2/IMG/left_2026_08_30_02_28_24_467.jpg,/Users/martin/smart-technologies-ca2/data_track2/IMG/right_2026_08_30_02_28_24_467.jpg,-1,0.6455652,0,19.8339
/Users/martin/smart-technologies-ca2/data_track2/IMG/center_2026_08_30_02_28_24_536.jpg,/Users/martin/smart-technologies-ca2/data_track2/IMG/left_2026_08_30_02_28_24_536.jpg,/Users/martin/smart-technologies-ca2/data_track2/IMG/right_2026_08_30_02_28_24_536.jpg,-1,0.8309441,0,20.38689
/Users/martin/smart-technologies-ca2/data_track2/IMG/center_2026_08_30_02_28_24_603.jpg,/Users/martin/smart-technologies-ca2/data_track2/IMG/left_2026_08_30_02_28_24_603.jpg,/Users/martin/smart-technologies-ca2/data_track2/IMG/right_2026_08_30_02_28_24_603.jpg,-1,1,0,20.76514
/Users/martin/smart-technologies-ca2/data_track2/IMG/center_2026_08_30_02_28_24_674.jpg,/Users/martin/smart-technologies-ca2/data_track2/IMG/left_2026_08_30_02_28_24_674.jpg,/Users/martin/smart-technologies-ca2/data_track2/IMG/right_2026_08_30_02_28_24_674.jpg,0,1,0,21.51053
/Users/martin/smart-technologies-ca2/data_track2/IMG/center_2026_08_30_02_28_24_745.jpg,/Users/martin/smart-technologies-ca2/data_track2/IMG/left_2026_08_30_02_28_24_745.jpg,/Users/martin/smart-technologies-ca2/data_track2/IMG/right_2026_08_30_02_28_24_745.jpg,0,1,0,22.15745
/Users/martin/smart-technologies-ca2/data_track2/IMG/center_2026_08_30_02_28_24_815.jpg,/Users/martin/smart-technologies-ca2/data_track2/IMG/left_2026_08_30_02_28_24_815.jpg,/Users/martin/smart-technologies-ca2/data_track2/IMG/right_2026_08_30_02_28_24_815.jpg,0,1,0,22.70399
/Users/martin/smart-technologies-ca2/data_track2/IMG/center_2026_08_30_02_28_24_884.jpg,/Users/martin/smart-technologies-ca2/data_track2/IMG/left_2026_08_30_02_28_24_884.jpg,/Users/martin/smart-technologies-ca2/data_track2/IMG/right_2026_08_30_02_28_24_884.jpg,0,1,0,23.26622
/Users/martin/smart-technologies-ca2/data_track2/IMG/center_2026_08_30_02_28_24_952.jpg,/Users/martin/smart-technologies-ca2/data_track2/IMG/left_2026_08_30_02_28_24_952.jpg,/Users/martin/smart-technologies-ca2/data_track2/IMG/right_2026_08_30_02_28_24_952.jpg,-0.05,1,0,24.04148
/Users/martin/smart-technologies-ca2/data_track2/IMG/center_2026_08_30_02_28_25_019.jpg,/Users/martin/smart-technologies-ca2/data_track2/IMG/left_2026_08_30_02_28_25_019.jpg,/Users/martin/smart-technologies-ca2/data_track2/IMG/right_2026_08_30_02_28_25_019.jpg,-0.2,1,0,24.61757
/Users/martin/smart-technologies-ca2/data_track2/IMG/center_2026_08_30_02_28_25_088.jpg,/Users/martin/smart-technologies-ca2/data_track2/IMG/left_2026_08_30_02_28_25_088.jpg,/Users/martin/smart-technologies-ca2/data_track2/IMG/right_2026_08_30_02_28_25_088.jpg,-0.4,1,0,25.32007
/Users/martin/smart-technologies-ca2/data_track2/IMG/center_2026_08_30_02_28_25_160.jpg,/Users/martin/smart-technologies-ca2/data_track2/IMG/left_2026_08_30_02_28_25_160.jpg,/Users/martin/smart-technologies-ca2/data_track2/IMG/right_2026_08_30_02_28_25_160.jpg,-0.5500001,0.873016,0,25.76137
/Users/martin/smart-technologies-ca2/data_track2/IMG/center_2026_08_30_02_28_25_229.jpg,/Users/martin/smart-technologies-ca2/data_track2/IMG/left_2026_08_30_02_28_25_229.jpg,/Users/martin/smart-technologies-ca2/data_track2/IMG/right_2026_08_30_02_28_25_229.jpg,-0.7500002,0.630706,0,26.08264
/Users/martin/smart-technologies-ca2/data_track2/IMG/center_2026_08_30_02_28_25_296.jpg,/Users/martin/smart-technologies-ca2/data_track2/IMG/left_2026_08_30_02_28_25_296.jpg,/Users/martin/smart-technologies-ca2/data_track2/IMG/right_2026_08_30_02_28_25_296.jpg,-0.9000002,0.4620551,0,26.10984
/Users/martin/smart-technologies-ca2/data_track2/IMG/center_2026_08_30_02_28_25_365.jpg,/Users/martin/smart-technologies-ca2/data_track2/IMG/left_2026_08_30_02_28_25_365.jpg,/Users/martin/smart-technologies-ca2/data_track2/IMG/right_2026_08_30_02_28_25_365.jpg,-1,0.2211791,0,25.91435
/Users/martin/smart-technologies-ca2/data_track2/IMG/center_2026_08_30_02_28_25_433.jpg,/Users/martin/smart-technologies-ca2/data_track2/IMG/left_2026_08_30_02_28_25_433.jpg,/Users/martin/smart-technologies-ca2/data_track2/IMG/right_2026_08_30_02_28_25_433.jpg,-1,0.03342092,0,25.68437
/Users/martin/smart-technologies-ca2/data_track2/IMG/center_2026_08_30_02_28_25_501.jpg,/Users/martin/smart-technologies-ca2/data_track2/IMG/left_2026_08_30_02_28_25_501.jpg,/Users/martin/smart-technologies-ca2/data_track2/IMG/right_2026_08_30_02_28_25_501.jpg,-1,0,0,25.40561
/Users/martin/smart-technologies-ca2/data_track2/IMG/center_2026_08_30_02_28_25_570.jpg,/Users/martin/smart-technologies-ca2/data_track2/IMG/left_2026_08_30_02_28_25_570.jpg,/Users/martin/smart-technologies-ca2/data_track2/IMG/right_2026_08_30_02_28_25_570.jpg,-1,0,0,25.07756
/Users/martin/smart-technologies-ca2/data_track2/IMG/center_2026_08_30_02_28_25_638.jpg,/Users/martin/smart-technologies-ca2/data_track2/IMG/left_2026_08_30_02_28_25_638.jpg,/Users/martin/smart-technologies-ca2/data_track2/IMG/right_2026_08_30_02_28_25_638.jpg,0,0.08133888,0,24.90166
/Users/martin/smart-technologies-ca2/data_track2/IMG/center_2026_08_30_02_28_25_708.jpg,/Users/martin/smart-technologies-ca2/data_track2/IMG/left_2026_08_30_02_28_25_708.jpg,/Users/martin/smart-technologies-ca2/data_track2/IMG/right_2026_08_30_02_28_25_708.jpg,-0.15,0.3300419,0,24.7865
/Users/martin/smart-technologies-ca2/data_track2/IMG/center_2026_08_30_02_28_25_778.jpg,/Users/martin/smart-technologies-ca2/data_track2/IMG/left_2026_08_30_02_28_25_778.jpg,/Users/martin/smart-technologies-ca2/data_track2/IMG/right_2026_08_30_02_28_25_778.jpg,0,0.5031449,0,24.88538
/Users/martin/smart-technologies-ca2/data_track2/IMG/center_2026_08_30_02_28_25_846.jpg,/Users/martin/smart-technologies-ca2/data_track2/IMG/left_2026_08_30_02_28_25_846.jpg,/Users/martin/smart-technologies-ca2/data_track2/IMG/right_2026_08_30_02_28_25_846.jpg,0,0.7437268,0,25.25416
/Users/martin/smart-technologies-ca2/data_track2/IMG/center_2026_08_30_02_28_25_915.jpg,/Users/martin/smart-technologies-ca2/data_track2/IMG/left_2026_08_30_02_28_25_915.jpg,/Users/martin/smart-technologies-ca2/data_track2/IMG/right_2026_08_30_02_28_25_915.jpg,-0.15,0.9279238,0,25.72073
/Users/martin/smart-technologies-ca2/data_track2/IMG/center_2026_08_30_02_28_25_985.jpg,/Users/martin/smart-technologies-ca2/data_track2/IMG/left_2026_08_30_02_28_25_985.jpg,/Users/martin/smart-technologies-ca2/data_track2/IMG/right_2026_08_30_02_28_25_985.jpg,-0.35,1,0,26.43333
/Users/martin/smart-technologies-ca2/data_track2/IMG/center_2026_08_30_02_28_26_055.jpg,/Users/martin/smart-technologies-ca2/data_track2/IMG/left_2026_08_30_02_28_26_055.jpg,/Users/martin/smart-technologies-ca2/data_track2/IMG/right_2026_08_30_02_28_26_055.jpg,-0.5000001,1,0,26.91625
/Users/martin/smart-technologies-ca2/data_track2/IMG/center_2026_08_30_02_28_26_126.jpg,/Users/martin/smart-technologies-ca2/data_track2/IMG/left_2026_08_30_02_28_26_126.jpg,/Users/martin/smart-technologies-ca2/data_track2/IMG/right_2026_08_30_02_28_26_126.jpg,0,1,0,27.55535
/Users/martin/smart-technologies-ca2/data_track2/IMG/center_2026_08_30_02_28_26_193.jpg,/Users/martin/smart-technologies-ca2/data_track2/IMG/left_2026_08_30_02_28_26_193.jpg,/Users/martin/smart-technologies-ca2/data_track2/IMG/right_2026_08_30_02_28_26_193.jpg,0.15,0.864709,0,28.03301
/Users/martin/smart-technologies-ca2/data_track2/IMG/center_2026_08_30_02_28_26_264.jpg,/Users/martin/smart-technologies-ca2/data_track2/IMG/left_2026_08_30_02_28_26_264.jpg,/Users/martin/smart-technologies-ca2/data_track2/IMG/right_2026_08_30_02_28_26_264.jpg,0.3,0.686227,0,28.35013
/Users/martin/smart-technologies-ca2/data_track2/IMG/center_2026_08_30_02_28_26_331.jpg,/Users/martin/smart-technologies-ca2/data_track2/IMG/left_2026_08_30_02_28_26_331.jpg,/Users/martin/smart-technologies-ca2/data_track2/IMG/right_2026_08_30_02_28_26_331.jpg,0.5000001,0.4435271,0,28.50549
/Users/martin/smart-technologies-ca2/data_track2/IMG/center_2026_08_30_02_28_26_398.jpg,/Users/martin/smart-technologies-ca2/data_track2/IMG/left_2026_08_30_02_28_26_398.jpg,/Users/martin/smart-technologies-ca2/data_track2/IMG/right_2026_08_30_02_28_26_398.jpg,0.6500001,0,0.07872891,27.95439
/Users/martin/smart-technologies-ca2/data_track2/IMG/center_2026_08_30_02_28_26_469.jpg,/Users/martin/smart-technologies-ca2/data_track2/IMG/left_2026_08_30_02_28_26_469.jpg,/Users/martin/smart-technologies-ca2/data_track2/IMG/right_2026_08_30_02_28_26_469.jpg,0.8500001,0,0.3253591,26.20508
/Users/martin/smart-technologies-ca2/data_track2/IMG/center_2026_08_30_02_28_26_537.jpg,/Users/martin/smart-technologies-ca2/data_track2/IMG/left_2026_08_30_02_28_26_537.jpg,/Users/martin/smart-technologies-ca2/data_track2/IMG/right_2026_08_30_02_28_26_537.jpg,1,0,0.4984921,24.97269
/Users/martin/smart-technologies-ca2/data_track2/IMG/center_2026_08_30_02_28_26_607.jpg,/Users/martin/smart-technologies-ca2/data_track2/IMG/left_2026_08_30_02_28_26_607.jpg,/Users/martin/smart-technologies-ca2/data_track2/IMG/right_2026_08_30_02_28_26_607.jpg,1,0,0.3067414,23.34801
/Users/martin/smart-technologies-ca2/data_track2/IMG/center_2026_08_30_02_28_26_672.jpg,/Users/martin/smart-technologies-ca2/data_track2/IMG/left_2026_08_30_02_28_26_672.jpg,/Users/martin/smart-technologies-ca2/data_track2/IMG/right_2026_08_30_02_28_26_672.jpg,0,0,0.1174232,22.20375
/Users/martin/smart-technologies-ca2/data_track2/IMG/center_2026_08_30_02_28_26_743.jpg,/Users/martin/smart-technologies-ca2/data_track2/IMG/left_2026_08_30_02_28_26_743.jpg,/Users/martin/smart-technologies-ca2/data_track2/IMG/right_2026_08_30_02_28_26_743.jpg,-0.1,0,0,21.14147
/Users/martin/smart-technologies-ca2/data_track2/IMG/center_2026_08_30_02_28_26_810.jpg,/Users/martin/smart-technologies-ca2/data_track2/IMG/left_2026_08_30_02_28_26_810.jpg,/Users/martin/smart-technologies-ca2/data_track2/IMG/right_2026_08_30_02_28_26_810.jpg,0,0,0,20.17663
/Users/martin/smart-technologies-ca2/data_track2/IMG/center_2026_08_30_02_28_26_878.jpg,/Users/martin/smart-technologies-ca2/data_track2/IMG/left_2026_08_30_02_28_26_878.jpg,/Users/martin/smart-technologies-ca2/data_track2/IMG/right_2026_08_30_02_28_26_878.jpg,0,0.09599698,0,20.40674
/Users/martin/smart-technologies-ca2/data_track2/IMG/center_2026_08_30_02_28_26_944.jpg,/Users/martin/smart-technologies-ca2/data_track2/IMG/left_2026_08_30_02_28_26_944.jpg,/Users/martin/smart-technologies-ca2/data_track2/IMG/right_2026_08_30_02_28_26_944.jpg,0,0.2745001,0,20.06885
/Users/martin/smart-technologies-ca2/data_track2/IMG/center_2026_08_30_02_28_27_014.jpg,/Users/martin/smart-technologies-ca2/data_track2/IMG/left_2026_08_30_02_28_27_014.jpg,/Users/martin/smart-technologies-ca2/data_track2/IMG/right_2026_08_30_02_28_27_014.jpg,0.05,0.5175151,0,20.34398
/Users/martin/smart-technologies-ca2/data_track2/IMG/center_2026_08_30_02_28_27_085.jpg,/Users/martin/smart-technologies-ca2/data_track2/IMG/left_2026_08_30_02_28_27_085.jpg,/Users/martin/smart-technologies-ca2/data_track2/IMG/right_2026_08_30_02_28_27_085.jpg,0.25,0.4811336,0,20.72767
/Users/martin/smart-technologies-ca2/data_track2/IMG/center_2026_08_30_02_28_27_152.jpg,/Users/martin/smart-technologies-ca2/data_track2/IMG/left_2026_08_30_02_28_27_152.jpg,/Users/martin/smart-technologies-ca2/data_track2/IMG/right_2026_08_30_02_28_27_152.jpg,0.4,0.2909728,0,21.03526
/Users/martin/smart-technologies-ca2/data_track2/IMG/center_2026_08_30_02_28_27_222.jpg,/Users/martin/smart-technologies-ca2/data_track2/IMG/left_2026_08_30_02_28_27_222.jpg,/Users/martin/smart-technologies-ca2/data_track2/IMG/right_2026_08_30_02_28_27_222.jpg,0.5500001,0.1181338,0,20.72338
/Users/martin/smart-technologies-ca2/data_track2/IMG/center_2026_08_30_02_28_27_289.jpg,/Users/martin/smart-technologies-ca2/data_track2/IMG/left_2026_08_30_02_28_27_289.jpg,/Users/martin/smart-technologies-ca2/data_track2/IMG/right_2026_08_30_02_28_27_289.jpg,0.7500002,0,0,20.41797
/Users/martin/smart-technologies-ca2/data_track2/IMG/center_2026_08_30_02_28_27_360.jpg,/Users/martin/smart-technologies-ca2/data_track2/IMG/left_2026_08_30_02_28_27_360.jpg,/Users/martin/smart-technologies-ca2/data_track2/IMG/right_2026_08_30_02_28_27_360.jpg,0.9000002,0,0,20.35819
/Users/martin/smart-technologies-ca2/data_track2/IMG/center_2026_08_30_02_28_27_428.jpg,/Users/martin/smart-technologies-ca2/data_track2/IMG/left_2026_08_30_02_28_27_428.jpg,/Users/martin/smart-technologies-ca2/data_track2/IMG/right_2026_08_30_02_28_27_428.jpg,1,0,0,19.96627
/Users/martin/smart-technologies-ca2/data_track2/IMG/center_2026_08_30_02_28_27_494.jpg,/Users/martin/smart-technologies-ca2/data_track2/IMG/left_2026_08_30_02_28_27_494.jpg,/Users/martin/smart-technologies-ca2/data_track2/IMG/right_2026_08_30_02_28_27_494.jpg,1,0,0,19.43696
/Users/martin/smart-technologies-ca2/data_track2/IMG/center_2026_08_30_02_28_27_563.jpg,/Users/martin/smart-technologies-ca2/data_track2/IMG/left_2026_08_30_02_28_27_563.jpg,/Users/martin/smart-technologies-ca2/data_track2/IMG/right_2026_08_30_02_28_27_563.jpg,1,0,0,19.57042
/Users/martin/smart-technologies-ca2/data_track2/IMG/center_2026_08_30_02_28_27_633.jpg,/Users/martin/smart-technologies-ca2/data_track2/IMG/left_2026_08_30_02_28_27_633.jpg,/Users/martin/smart-technologies-ca2/data_track2/IMG/right_2026_08_30_02_28_27_633.jpg,1,0,0,19.34603
/Users/martin/smart-technologies-ca2/data_track2/IMG/center_2026_08_30_02_28_27_703.jpg,/Users/martin/smart-technologies-ca2/data_track2/IMG/left_2026_08_30_02_28_27_703.jpg,/Users/martin/smart-technologies-ca2/data_track2/IMG/right_2026_08_30_02_28_27_703.jpg,1,0,0,18.78662
/Users/martin/smart-technologies-ca2/data_track2/IMG/center_2026_08_30_02_28_27_770.jpg,/Users/martin/smart-technologies-ca2/data_track2/IMG/left_2026_08_30_02_28_27_770.jpg,/Users/martin/smart-technologies-ca2/data_track2/IMG/right_2026_08_30_02_28_27_770.jpg,1,0,0,18.58263
/Users/martin/smart-technologies-ca2/data_track2/IMG/center_2026_08_30_02_28_27_836.jpg,/Users/martin/smart-technologies-ca2/data_track2/IMG/left_2026_08_30_02_28_27_836.jpg,/Users/martin/smart-technologies-ca2/data_track2/IMG/right_2026_08_30_02_28_27_836.jpg,1,0,0,18.84738
/Users/martin/smart-technologies-ca2/data_track2/IMG/center_2026_08_30_02_28_27_904.jpg,/Users/martin/smart-technologies-ca2/data_track2/IMG/left_2026_08_30_02_28_27_904.jpg,/Users/martin/smart-technologies-ca2/data_track2/IMG/right_2026_08_30_02_28_27_904.jpg,1,0,0,18.28969
/Users/martin/smart-technologies-ca2/data_track2/IMG/center_2026_08_30_02_28_27_972.jpg,/Users/martin/smart-technologies-ca2/data_track2/IMG/left_2026_08_30_02_28_27_972.jpg,/Users/martin/smart-technologies-ca2/data_track2/IMG/right_2026_08_30_02_28_27_972.jpg,1,0.1881058,0,18.18018
/Users/martin/smart-technologies-ca2/data_track2/IMG/center_2026_08_30_02_28_28_043.jpg,/Users/martin/smart-technologies-ca2/data_track2/IMG/left_2026_08_30_02_28_28_043.jpg,/Users/martin/smart-technologies-ca2/data_track2/IMG/right_2026_08_30_02_28_28_043.jpg,1,0.3651059,0,18.61836
/Users/martin/smart-technologies-ca2/data_track2/IMG/center_2026_08_30_02_28_28_117.jpg,/Users/martin/smart-technologies-ca2/data_track2/IMG/left_2026_08_30_02_28_28_117.jpg,/Users/martin/smart-technologies-ca2/data_track2/IMG/right_2026_08_30_02_28_28_117.jpg,1,0.617976,0,18.87706
/Users/martin/smart-technologies-ca2/data_track2/IMG/center_2026_08_30_02_28_28_183.jpg,/Users/martin/smart-technologies-ca2/data_track2/IMG/left_2026_08_30_02_28_28_183.jpg,/Users/martin/smart-technologies-ca2/data_track2/IMG/right_2026_08_30_02_28_28_183.jpg,1,0.597657,0,18.96782
/Users/martin/smart-technologies-ca2/data_track2/IMG/center_2026_08_30_02_28_28_251.jpg,/Users/martin/smart-technologies-ca2/data_track2/IMG/left_2026_08_30_02_28_28_251.jpg,/Users/martin/smart-technologies-ca2/data_track2/IMG/right_2026_08_30_02_28_28_251.jpg,1,0.357639,0,19.19616
/Users/martin/smart-technologies-ca2/data_track2/IMG/center_2026_08_30_02_28_28_323.jpg,/Users/martin/smart-technologies-ca2/data_track2/IMG/left_2026_08_30_02_28_28_323.jpg,/Users/martin/smart-technologies-ca2/data_track2/IMG/right_2026_08_30_02_28_28_323.jpg,1,0.1778669,0,19.50394
/Users/martin/smart-technologies-ca2/data_track2/IMG/center_2026_08_30_02_28_28_394.jpg,/Users/martin/smart-technologies-ca2/data_track2/IMG/left_2026_08_30_02_28_28_394.jpg,/Users/martin/smart-technologies-ca2/data_track2/IMG/right_2026_08_30_02_28_28_394.jpg,1,0.4274007,0,19.58068
/Users/martin/smart-technologies-ca2/data_track2/IMG/center_2026_08_30_02_28_28_465.jpg,/Users/martin/smart-technologies-ca2/data_track2/IMG/left_2026_08_30_02_28_28_465.jpg,/Users/martin/smart-technologies-ca2/data_track2/IMG/right_2026_08_30_02_28_28_465.jpg,1,0.656937,0,19.88227
/Users/martin/smart-technologies-ca2/data_track2/IMG/center_2026_08_30_02_28_28_534.jpg,/Users/martin/smart-technologies-ca2/data_track2/IMG/left_2026_08_30_02_28_28_534.jpg,/Users/martin/smart-technologies-ca2/data_track2/IMG/right_2026_08_30_02_28_28_534.jpg,1,0.6748556,0,20.0774
/Users/martin/smart-technologies-ca2/data_track2/IMG/center_2026_08_30_02_28_28_604.jpg,/Users/martin/smart-technologies-ca2/data_track2/IMG/left_2026_08_30_02_28_28_604.jpg,/Users/martin/smart-technologies-ca2/data_track2/IMG/right_2026_08_30_02_28_28_604.jpg,1,0.4996648,0,20.50513
/Users/martin/smart-technologies-ca2/data_track2/IMG/center_2026_08_30_02_28_28_676.jpg,/Users/martin/smart-technologies-ca2/data_track2/IMG/left_2026_08_30_02_28_28_676.jpg,/Users/martin/smart-technologies-ca2/data_track2/IMG/right_2026_08_30_02_28_28_676.jpg,0,0.6286916,0,20.73095
/Users/martin/smart-technologies-ca2/data_track2/IMG/center_2026_08_30_02_28_28_748.jpg,/Users/martin/smart-technologies-ca2/data_track2/IMG/left_2026_08_30_02_28_28_748.jpg,/Users/martin/smart-technologies-ca2/data_track2/IMG/right_2026_08_30_02_28_28_748.jpg,0,0.8785465,0,21.12085
/Users/martin/smart-technologies-ca2/data_track2/IMG/center_2026_08_30_02_28_28_815.jpg,/Users/martin/smart-technologies-ca2/data_track2/IMG/left_2026_08_30_02_28_28_815.jpg,/Users/martin/smart-technologies-ca2/data_track2/IMG/right_2026_08_30_02_28_28_815.jpg,0,1,0,21.58402
/Users/martin/smart-technologies-ca2/data_track2/IMG/center_2026_08_30_02_28_28_885.jpg,/Users/martin/smart-technologies-ca2/data_track2/IMG/left_2026_08_30_02_28_28_885.jpg,/Users/martin/smart-technologies-ca2/data_track2/IMG/right_2026_08_30_02_28_28_885.jpg,0,1,0,22.35654
/Users/martin/smart-technologies-ca2/data_track2/IMG/center_2026_08_30_02_28_28_957.jpg,/Users/martin/smart-technologies-ca2/data_track2/IMG/left_2026_08_30_02_28_28_957.jpg,/Users/martin/smart-technologies-ca2/data_track2/IMG/right_2026_08_30_02_28_28_957.jpg,0.1,1,0,22.96421
/Users/martin/smart-technologies-ca2/data_track2/IMG/center_2026_08_30_02_28_29_027.jpg,/Users/martin/smart-technologies-ca2/data_track2/IMG/left_2026_08_30_02_28_29_027.jpg,/Users/martin/smart-technologies-ca2/data_track2/IMG/right_2026_08_30_02_28_29_027.jpg,0.3,1,0,23.71598
/Users/martin/smart-technologies-ca2/data_track2/IMG/center_2026_08_30_02_28_29_096.jpg,/Users/martin/smart-technologies-ca2/data_track2/IMG/left_2026_08_30_02_28_29_096.jpg,/Users/martin/smart-technologies-ca2/data_track2/IMG/right_2026_08_30_02_28_29_096.jpg,0.45,1,0,24.22611
/Users/martin/smart-technologies-ca2/data_track2/IMG/center_2026_08_30_02_28_29_165.jpg,/Users/martin/smart-technologies-ca2/data_track2/IMG/left_2026_08_30_02_28_29_165.jpg,/Users/martin/smart-technologies-ca2/data_track2/IMG/right_2026_08_30_02_28_29_165.jpg,0.6500001,0.9325421,0,24.82818
/Users/martin/smart-technologies-ca2/data_track2/IMG/center_2026_08_30_02_28_29_232.jpg,/Users/martin/smart-technologies-ca2/data_track2/IMG/left_2026_08_30_02_28_29_232.jpg,/Users/martin/smart-technologies-ca2/data_track2/IMG/right_2026_08_30_02_28_29_232.jpg,0.8000001,0.7491909,0,25.11337
/Users/martin/smart-technologies-ca2/data_track2/IMG/center_2026_08_30_02_28_29_303.jpg,/Users/martin/smart-technologies-ca2/data_track2/IMG/left_2026_08_30_02_28_29_303.jpg,/Users/martin/smart-technologies-ca2/data_track2/IMG/right_2026_08_30_02_28_29_303.jpg,0,0.568066,0,25.28568
/Users/martin/smart-technologies-ca2/data_track2/IMG/center_2026_08_30_02_28_29_375.jpg,/Users/martin/smart-technologies-ca2/data_track2/IMG/left_2026_08_30_02_28_29_375.jpg,/Users/martin/smart-technologies-ca2/data_track2/IMG/right_2026_08_30_02_28_29_375.jpg,0,0.7507598,0,25.59128
/Users/martin/smart-technologies-ca2/data_track2/IMG/center_2026_08_30_02_28_29_442.jpg,/Users/martin/smart-technologies-ca2/data_track2/IMG/left_2026_08_30_02_28_29_442.jpg,/Users/martin/smart-technologies-ca2/data_track2/IMG/right_2026_08_30_02_28_29_442.jpg,0,0.9160268,0,26.0117
/Users/martin/smart-technologies-ca2/data_track2/IMG/center_2026_08_30_02_28_29_515.jpg,/Users/martin/smart-technologies-ca2/data_track2/IMG/left_2026_08_30_02_28_29_515.jpg,/Users/martin/smart-technologies-ca2/data_track2/IMG/right_2026_08_30_02_28_29_515.jpg,0,0.8677839,0,26.72317
/Users/martin/smart-technologies-ca2/data_track2/IMG/center_2026_08_30_02_28_29_582.jpg,/Users/martin/smart-technologies-ca2/data_track2/IMG/left_2026_08_30_02_28_29_582.jpg,/Users/martin/smart-technologies-ca2/data_track2/IMG/right_2026_08_30_02_28_29_582.jpg,0,0.6980201,0,27.13478
/Users/martin/smart-technologies-ca2/data_track2/IMG/center_2026_08_30_02_28_29_654.jpg,/Users/martin/smart-technologies-ca2/data_track2/IMG/left_2026_08_30_02_28_29_654.jpg,/Users/martin/smart-technologies-ca2/data_track2/IMG/right_2026_08_30_02_28_29_654.jpg,0,0.4492899,0,27.48407
/Users/martin/smart-technologies-ca2/data_track2/IMG/center_2026_08_30_02_28_29_726.jpg,/Users/martin/smart-technologies-ca2/data_track2/IMG/left_2026_08_30_02_28_29_726.jpg,/Users/martin/smart-technologies-ca2/data_track2/IMG/right_2026_08_30_02_28_29_726.jpg,0,0.4528029,0,27.64492
/Users/martin/smart-technologies-ca2/data_track2/IMG/center_2026_08_30_02_28_29_798.jpg,/Users/martin/smart-technologies-ca2/data_track2/IMG/left_2026_08_30_02_28_29_798.jpg,/Users/martin/smart-technologies-ca2/data_track2/IMG/right_2026_08_30_02_28_29_798.jpg,0,0.6360668,0,27.86203
/Users/martin/smart-technologies-ca2/data_track2/IMG/center_2026_08_30_02_28_29_870.jpg,/Users/martin/smart-technologies-ca2/data_track2/IMG/left_2026_08_30_02_28_29_870.jpg,/Users/martin/smart-technologies-ca2/data_track2/IMG/right_2026_08_30_02_28_29_870.jpg,0.1,0.8856907,0,28.3605
/Users/martin/smart-technologies-ca2/data_track2/IMG/center_2026_08_30_02_28_29_941.jpg,/Users/martin/smart-technologies-ca2/data_track2/IMG/left_2026_08_30_02_28_29_941.jpg,/Users/martin/smart-technologies-ca2/data_track2/IMG/right_2026_08_30_02_28_29_941.jpg,0.25,1,0,28.65859
/Users/martin/smart-technologies-ca2/data_track2/IMG/center_2026_08_30_02_28_30_013.jpg,/Users/martin/smart-technologies-ca2/data_track2/IMG/left_2026_08_30_02_28_30_013.jpg,/Users/martin/smart-technologies-ca2/data_track2/IMG/right_2026_08_30_02_28_30_013.jpg,0.45,0.8151851,0,29.40768
/Users/martin/smart-technologies-ca2/data_track2/IMG/center_2026_08_30_02_28_30_082.jpg,/Users/martin/smart-technologies-ca2/data_track2/IMG/left_2026_08_30_02_28_30_082.jpg,/Users/martin/smart-technologies-ca2/data_track2/IMG/right_2026_08_30_02_28_30_082.jpg,0.6000001,0.6358,0,29.71244
/Users/martin/smart-technologies-ca2/data_track2/IMG/center_2026_08_30_02_28_30_150.jpg,/Users/martin/smart-technologies-ca2/data_track2/IMG/left_2026_08_30_02_28_30_150.jpg,/Users/martin/smart-technologies-ca2/data_track2/IMG/right_2026_08_30_02_28_30_150.jpg,0.8000001,0.4024092,0,29.73815
/Users/martin/smart-technologies-ca2/data_track2/IMG/center_2026_08_30_02_28_30_221.jpg,/Users/martin/smart-technologies-ca2/data_track2/IMG/left_2026_08_30_02_28_30_221.jpg,/Users/martin/smart-technologies-ca2/data_track2/IMG/right_2026_08_30_02_28_30_221.jpg,0.9500002,0,0.02644479,29.74203
/Users/martin/smart-technologies-ca2/data_track2/IMG/center_2026_08_30_02_28_30_290.jpg,/Users/martin/smart-technologies-ca2/data_track2/IMG/left_2026_08_30_02_28_30_290.jpg,/Users/martin/smart-technologies-ca2/data_track2/IMG/right_2026_08_30_02_28_30_290.jpg,1,0,0.2598721,28.16759
/Users/martin/smart-technologies-ca2/data_track2/IMG/center_2026_08_30_02_28_30_359.jpg,/Users/martin/smart-technologies-ca2/data_track2/IMG/left_2026_08_30_02_28_30_359.jpg,/Users/martin/smart-technologies-ca2/data_track2/IMG/right_2026_08_30_02_28_30_359.jpg,0,0,0.2106478,27.6656
/Users/martin/smart-technologies-ca2/data_track2/IMG/center_2026_08_30_02_28_30_428.jpg,/Users/martin/smart-technologies-ca2/data_track2/IMG/left_2026_08_30_02_28_30_428.jpg,/Users/martin/smart-technologies-ca2/data_track2/IMG/right_2026_08_30_02_28_30_428.jpg,0,0,0,26.76579
/Users/martin/smart-technologies-ca2/data_track2/IMG/center_2026_08_30_02_28_30_497.jpg,/Users/martin/smart-technologies-ca2/data_track2/IMG/left_2026_08_30_02_28_30_497.jpg,/Users/martin/smart-technologies-ca2/data_track2/IMG/right_2026_08_30_02_28_30_497.jpg,0.05,0,0,26.29099
/Users/martin/smart-technologies-ca2/data_track2/IMG/center_2026_08_30_02_28_30_564.jpg,/Users/martin/smart-technologies-ca2/data_track2/IMG/left_2026_08_30_02_28_30_564.jpg,/Users/martin/smart-technologies-ca2/data_track2/IMG/right_2026_08_30_02_28_30_564.jpg,0.2,0,0,25.95001
/Users/martin/smart-technologies-ca2/data_track2/IMG/center_2026_08_30_02_28_30_635.jpg,/Users/martin/smart-technologies-ca2/data_track2/IMG/left_2026_08_30_02_28_30_635.jpg,/Users/martin/smart-technologies-ca2/data_track2/IMG/right_2026_08_30_02_28_30_635.jpg,0.4,0,0,26.06247
/Users/martin/smart-technologies-ca2/data_track2/IMG/center_2026_08_30_02_28_30_705.jpg,/Users/martin/smart-technologies-ca2/data_track2/IMG/left_2026_08_30_02_28_30_705.jpg,/Users/martin/smart-technologies-ca2/data_track2/IMG/right_2026_08_30_02_28_30_705.jpg,0.5500001,0,0,26.03869
/Users/martin/smart-technologies-ca2/data_track2/IMG/center_2026_08_30_02_28_30_771.jpg,/Users/martin/smart-technologies-ca2/data_track2/IMG/left_2026_08_30_02_28_30_771.jpg,/Users/martin/smart-technologies-ca2/data_track2/IMG/right_2026_08_30_02_28_30_771.jpg,0.7500002,0,0,25.9462
/Users/martin/smart-technologies-ca2/data_track2/IMG/center_2026_08_30_02_28_30_838.jpg,/Users/martin/smart-technologies-ca2/data_track2/IMG/left_2026_08_30_02_28_30_838.jpg,/Users/martin/smart-technologies-ca2/data_track2/IMG/right_2026_08_30_02_28_30_838.jpg,0,0,0,25.87546
/Users/martin/smart-technologies-ca2/data_track2/IMG/center_2026_08_30_02_28_30_907.jpg,/Users/martin/smart-technologies-ca2/data_track2/IMG/left_2026_08_30_02_28_30_907.jpg,/Users/martin/smart-technologies-ca2/data_track2/IMG/right_2026_08_30_02_28_30_907.jpg,0.1,0,0,25.99522
/Users/martin/smart-technologies-ca2/data_track2/IMG/center_2026_08_30_02_28_30_976.jpg,/Users/martin/smart-technologies-ca2/data_track2/IMG/left_2026_08_30_02_28_30_976.jpg,/Users/martin/smart-technologies-ca2/data_track2/IMG/right_2026_08_30_02_28_30_976.jpg,0.25,0.04953289,0,26.11217
/Users/martin/smart-technologies-ca2/data_track2/IMG/center_2026_08_30_02_28_31_044.jpg,/Users/martin/smart-technologies-ca2/data_track2/IMG/left_2026_08_30_02_28_31_044.jpg,/Users/martin/smart-technologies-ca2/data_track2/IMG/right_2026_08_30_02_28_31_044.jpg,0.4,0.2262357,0,26.25977
/Users/martin/smart-technologies-ca2/data_track2/IMG/center_2026_08_30_02_28_31_114.jpg,/Users/martin/smart-technologies-ca2/data_track2/IMG/left_2026_08_30_02_28_31_114.jpg,/Users/martin/smart-technologies-ca2/data_track2/IMG/right_2026_08_30_02_28_31_114.jpg,0.6000001,0.468612,0,26.60345
/Users/martin/smart-technologies-ca2/data_track2/IMG/center_2026_08_30_02_28_31_183.jpg,/Users/martin/smart-technologies-ca2/data_track2/IMG/left_2026_08_30_02_28_31_183.jpg,/Users/martin/smart-technologies-ca2/data_track2/IMG/right_2026_08_30_02_28_31_183.jpg,0.7500002,0.6479909,0,26.96192
/Users/martin/smart-technologies-ca2/data_track2/IMG/center_2026_08_30_02_28_31_253.jpg,/Users/martin/smart-technologies-ca2/data_track2/IMG/left_2026_08_30_02_28_31_253.jpg,/Users/martin/smart-technologies-ca2/data_track2/IMG/right_2026_08_30_02_28_31_253.jpg,0.9500002,0.7511759,0,27.49007
/Users/martin/smart-technologies-ca2/data_track2/IMG/center_2026_08_30_02_28_31_319.jpg,/Users/martin/smart-technologies-ca2/data_track2/IMG/left_2026_08_30_02_28_31_319.jpg,/Users/martin/smart-technologies-ca2/data_track2/IMG/right_2026_08_30_02_28_31_319.jpg,1,0.5786698,0,27.81748
/Users/martin/smart-technologies-ca2/data_track2/IMG/center_2026_08_30_02_28_31_388.jpg,/Users/martin/smart-technologies-ca2/data_track2/IMG/left_2026_08_30_02_28_31_388.jpg,/Users/martin/smart-technologies-ca2/data_track2/IMG/right_2026_08_30_02_28_31_388.jpg,0,0.3365968,0,28.33822
/Users/martin/smart-technologies-ca2/data_track2/IMG/center_2026_08_30_02_28_31_455.jpg,/Users/martin/smart-technologies-ca2/data_track2/IMG/left_2026_08_30_02_28_31_455.jpg,/Users/martin/smart-technologies-ca2/data_track2/IMG/right_2026_08_30_02_28_31_455.jpg,0.1,0.151734,0,28.58786
/Users/martin/smart-technologies-ca2/data_track2/IMG/center_2026_08_30_02_28_31_524.jpg,/Users/martin/smart-technologies-ca2/data_track2/IMG/left_2026_08_30_02_28_31_524.jpg,/Users/martin/smart-technologies-ca2/data_track2/IMG/right_2026_08_30_02_28_31_524.jpg,0.25,0,0,28.74215
/Users/martin/smart-technologies-ca2/data_track2/IMG/center_2026_08_30_02_28_31_591.jpg,/Users/martin/smart-technologies-ca2/data_track2/IMG/left_2026_08_30_02_28_31_591.jpg,/Users/martin/smart-technologies-ca2/data_track2/IMG/right_2026_08_30_02_28_31_591.jpg,0.45,0,0,28.83948
/Users/martin/smart-technologies-ca2/data_track2/IMG/center_2026_08_30_02_28_31_657.jpg,/Users/martin/smart-technologies-ca2/data_track2/IMG/left_2026_08_30_02_28_31_657.jpg,/Users/martin/smart-technologies-ca2/data_track2/IMG/right_2026_08_30_02_28_31_657.jpg,0,0.01407301,0,28.83317
/Users/martin/smart-technologies-ca2/data_track2/IMG/center_2026_08_30_02_28_31_726.jpg,/Users/martin/smart-technologies-ca2/data_track2/IMG/left_2026_08_30_02_28_31_726.jpg,/Users/martin/smart-technologies-ca2/data_track2/IMG/right_2026_08_30_02_28_31_726.jpg,0,0.257358,0,29.04641
/Users/martin/smart-technologies-ca2/data_track2/IMG/center_2026_08_30_02_28_31_795.jpg,/Users/martin/smart-technologies-ca2/data_track2/IMG/left_2026_08_30_02_28_31_795.jpg,/Users/martin/smart-technologies-ca2/data_track2/IMG/right_2026_08_30_02_28_31_795.jpg,0,0.4352489,0,29.34079
/Users/martin/smart-technologies-ca2/data_track2/IMG/center_2026_08_30_02_28_31_864.jpg,/Users/martin/smart-technologies-ca2/data_track2/IMG/left_2026_08_30_02_28_31_864.jpg,/Users/martin/smart-technologies-ca2/data_track2/IMG/right_2026_08_30_02_28_31_864.jpg,0,0.6134791,0,29.86598
/Users/martin/smart-technologies-ca2/data_track2/IMG/center_2026_08_30_02_28_31_931.jpg,/Users/martin/smart-technologies-ca2/data_track2/IMG/left_2026_08_30_02_28_31_931.jpg,/Users/martin/smart-technologies-ca2/data_track2/IMG/right_2026_08_30_02_28_31_931.jpg,0,0.4139704,0,30.18286
/Users/martin/smart-technologies-ca2/data_track2/IMG/center_2026_08_30_02_28_31_998.jpg,/Users/martin/smart-technologies-ca2/data_track2/IMG/left_2026_08_30_02_28_31_998.jpg,/Users/martin/smart-technologies-ca2/data_track2/IMG/right_2026_08_30_02_28_31_998.jpg,0,0.2351704,0,30.12746
/Users/martin/smart-technologies-ca2/data_track2/IMG/center_2026_08_30_02_28_32_067.jpg,/Users/martin/smart-technologies-ca2/data_track2/IMG/left_2026_08_30_02_28_32_067.jpg,/Users/martin/smart-technologies-ca2/data_track2/IMG/right_2026_08_30_02_28_32_067.jpg,0,0,0,29.98886
/Users/martin/smart-technologies-ca2/data_track2/IMG/center_2026_08_30_02_28_32_134.jpg,/Users/martin/smart-technologies-ca2/data_track2/IMG/left_2026_08_30_02_28_32_134.jpg,/Users/martin/smart-technologies-ca2/data_track2/IMG/right_2026_08_30_02_28_32_134.jpg,0,0,0,29.8395
/Users/martin/smart-technologies-ca2/data_track2/IMG/center_2026_08_30_02_28_32_202.jpg,/Users/martin/smart-technologies-ca2/data_track2/IMG/left_2026_08_30_02_28_32_202.jpg,/Users/martin/smart-technologies-ca2/data_track2/IMG/right_2026_08_30_02_28_32_202.jpg,0,0,0,29.79421
/Users/martin/smart-technologies-ca2/data_track2/IMG/center_2026_08_30_02_28_32_269.jpg,/Users/martin/smart-technologies-ca2/data_track2/IMG/left_2026_08_30_02_28_32_269.jpg,/Users/martin/smart-technologies-ca2/data_track2/IMG/right_2026_08_30_02_28_32_269.jpg,-0.1,0,0,29.69241
/Users/martin/smart-technologies-ca2/data_track2/IMG/center_2026_08_30_02_28_32_336.jpg,/Users/martin/smart-technologies-ca2/data_track2/IMG/left_2026_08_30_02_28_32_336.jpg,/Users/martin/smart-technologies-ca2/data_track2/IMG/right_2026_08_30_02_28_32_336.jpg,-0.25,0.1493701,0,29.51304
/Users/martin/smart-technologies-ca2/data_track2/IMG/center_2026_08_30_02_28_32_405.jpg,/Users/martin/smart-technologies-ca2/data_track2/IMG/left_2026_08_30_02_28_32_405.jpg,/Users/martin/smart-technologies-ca2/data_track2/IMG/right_2026_08_30_02_28_32_405.jpg,0,0.383229,0,29.53592
/Users/martin/smart-technologies-ca2/data_track2/IMG/center_2026_08_30_02_28_32_472.jpg,/Users/martin/smart-technologies-ca2/data_track2/IMG/left_2026_08_30_02_28_32_472.jpg,/Users/martin/smart-technologies-ca2/data_track2/IMG/right_2026_08_30_02_28_32_472.jpg,0,0.3151109,0,29.80239
/Users/martin/smart-technologies-ca2/data_track2/IMG/center_2026_08_30_02_28_32_540.jpg,/Users/martin/smart-technologies-ca2/data_track2/IMG/left_2026_08_30_02_28_32_540.jpg,/Users/martin/smart-technologies-ca2/data_track2/IMG/right_2026_08_30_02_28_32_540.jpg,-0.15,0.1387618,0,29.81949
/Users/martin/smart-technologies-ca2/data_track2/IMG/center_2026_08_30_02_28_32_607.jpg,/Users/martin/smart-technologies-ca2/data_track2/IMG/left_2026_08_30_02_28_32_607.jpg,/Users/martin/smart-technologies-ca2/data_track2/IMG/right_2026_08_30_02_28_32_607.jpg,-0.35,0,0,29.7444
/Users/martin/smart-technologies-ca2/data_track2/IMG/center_2026_08_30_02_28_32_674.jpg,/Users/martin/smart-technologies-ca2/data_track2/IMG/left_2026_08_30_02_28_32_674.jpg,/Users/martin/smart-technologies-ca2/data_track2/IMG/right_2026_08_30_02_28_32_674.jpg,-0.5000001,0,0.05156422,29.70452
/Users/martin/smart-technologies-ca2/data_track2/IMG/center_2026_08_30_02_28_32_743.jpg,/Users/martin/smart-technologies-ca2/data_track2/IMG/left_2026_08_30_02_28_32_743.jpg,/Users/martin/smart-technologies-ca2/data_track2/IMG/right_2026_08_30_02_28_32_743.jpg,0,0,0.2282492,29.26779
/Users/martin/smart-technologies-ca2/data_track2/IMG/center_2026_08_30_02_28_32_811.jpg,/Users/martin/smart-technologies-ca2/data_track2/IMG/left_2026_08_30_02_28_32_811.jpg,/Users/martin/smart-technologies-ca2/data_track2/IMG/right_2026_08_30_02_28_32_811.jpg,0,0,0.2693313,29.04389
/Users/martin/smart-technologies-ca2/data_track2/IMG/center_2026_08_30_02_28_32_880.jpg,/Users/martin/smart-technologies-ca2/data_track2/IMG/left_2026_08_30_02_28_32_880.jpg,/Users/martin/smart-technologies-ca2/data_track2/IMG/right_2026_08_30_02_28_32_880.jpg,0.15,0,0.09084928,29.18902
/Users/martin/smart-technologies-ca2/data_track2/IMG/center_2026_08_30_02_28_32_947.jpg,/Users/martin/smart-technologies-ca2/data_track2/IMG/left_2026_08_30_02_28_32_947.jpg,/Users/martin/smart-technologies-ca2/data_track2/IMG/right_2026_08_30_02_28_32_947.jpg,0.35,0,0,29.3429
/Users/martin/smart-technologies-ca2/data_track2/IMG/center_2026_08_30_02_28_33_015.jpg,/Users/martin/smart-technologies-ca2/data_track2/IMG/left_2026_08_30_02_28_33_015.jpg,/Users/martin/smart-technologies-ca2/data_track2/IMG/right_2026_08_30_02_28_33_015.jpg,0,0,0,29.31465
/Users/martin/smart-technologies-ca2/data_track2/IMG/center_2026_08_30_02_28_33_083.jpg,/Users/martin/smart-technologies-ca2/data_track2/IMG/left_2026_08_30_02_28_33_083.jpg,/Users/martin/smart-technologies-ca2/data_track2/IMG/right_2026_08_30_02_28_33_083.jpg,0,0,0,29.52464
/Users/martin/smart-technologies-ca2/data_track2/IMG/center_2026_08_30_02_28_33_151.jpg,/Users/martin/smart-technologies-ca2/data_track2/IMG/left_2026_08_30_02_28_33_151.jpg,/Users/martin/smart-technologies-ca2/data_track2/IMG/right_2026_08_30_02_28_33_151.jpg,0,0.206073,0,29.66441
/Users/martin/smart-technologies-ca2/data_track2/IMG/center_2026_08_30_02_28_33_220.jpg,/Users/martin/smart-technologies-ca2/data_track2/IMG/left_2026_08_30_02_28_33_220.jpg,/Users/martin/smart-technologies-ca2/data_track2/IMG/right_2026_08_30_02_28_33_220.jpg,0,0.3848848,0,29.35496
/Users/martin/smart-technologies-ca2/data_track2/IMG/center_2026_08_30_02_28_33_287.jpg,/Users/martin/smart-technologies-ca2/data_track2/IMG/left_2026_08_30_02_28_33_287.jpg,/Users/martin/smart-technologies-ca2/data_track2/IMG/right_2026_08_30_02_28_33_287.jpg,0,0.623988,0,30.02076
/Users/martin/smart-technologies-ca2/data_track2/IMG/center_2026_08_30_02_28_33_354.jpg,/Users/martin/smart-technologies-ca2/data_track2/IMG/left_2026_08_30_02_28_33_354.jpg,/Users/martin/smart-technologies-ca2/data_track2/IMG/right_2026_08_30_02_28_33_354.jpg,0.15,0.8120492,0,30.35781
/Users/martin/smart-technologies-ca2/data_track2/IMG/center_2026_08_30_02_28_33_422.jpg,/Users/martin/smart-technologies-ca2/data_track2/IMG/left_2026_08_30_02_28_33_422.jpg,/Users/martin/smart-technologies-ca2/data_track2/IMG/right_2026_08_30_02_28_33_422.jpg,0.3,0.8747878,0,30.2572
/Users/martin/smart-technologies-ca2/data_track2/IMG/center_2026_08_30_02_28_33_489.jpg,/Users/martin/smart-technologies-ca2/data_track2/IMG/left_2026_08_30_02_28_33_489.jpg,/Users/martin/smart-technologies-ca2/data_track2/IMG/right_2026_08_30_02_28_33_489.jpg,0.5000001,0.630264,0,30.20036
/Users/martin/smart-technologies-ca2/data_track2/IMG/center_2026_08_30_02_28_33_557.jpg,/Users/martin/smart-technologies-ca2/data_track2/IMG/left_2026_08_30_02_28_33_557.jpg,/Users/martin/smart-technologies-ca2/data_track2/IMG/right_2026_08_30_02_28_33_557.jpg,0,0.7732952,0,30.24751
/Users/martin/smart-technologies-ca2/data_track2/IMG/center_2026_08_30_02_28_33_624.jpg,/Users/martin/smart-technologies-ca2/data_track2/IMG/left_2026_08_30_02_28_33_624.jpg,/Users/martin/smart-technologies-ca2/data_track2/IMG/right_2026_08_30_02_28_33_624.jpg,0.05,0.9484742,0,30.28418
/Users/martin/smart-technologies-ca2/data_track2/IMG/center_2026_08_30_02_28_33_692.jpg,/Users/martin/smart-technologies-ca2/data_track2/IMG/left_2026_08_30_02_28_33_692.jpg,/Users/martin/smart-technologies-ca2/data_track2/IMG/right_2026_08_30_02_28_33_692.jpg,0.25,1,0,30.19602
/Users/martin/smart-technologies-ca2/data_track2/IMG/center_2026_08_30_02_28_33_759.jpg,/Users/martin/smart-technologies-ca2/data_track2/IMG/left_2026_08_30_02_28_33_759.jpg,/Users/martin/smart-technologies-ca2/data_track2/IMG/right_2026_08_30_02_28_33_759.jpg,0,1,0,30.47997
/Users/martin/smart-technologies-ca2/data_track2/IMG/center_2026_08_30_02_28_33_828.jpg,/Users/martin/smart-technologies-ca2/data_track2/IMG/left_2026_08_30_02_28_33_828.jpg,/Users/martin/smart-technologies-ca2/data_track2/IMG/right_2026_08_30_02_28_33_828.jpg,0,1,0,30.0482
/Users/martin/smart-technologies-ca2/data_track2/IMG/center_2026_08_30_02_28_33_897.jpg,/Users/martin/smart-technologies-ca2/data_track2/IMG/left_2026_08_30_02_28_33_897.jpg,/Users/martin/smart-technologies-ca2/data_track2/IMG/right_2026_08_30_02_28_33_897.jpg,0,1,0,30.49556
/Users/martin/smart-technologies-ca2/data_track2/IMG/center_2026_08_30_02_28_33_964.jpg,/Users/martin/smart-technologies-ca2/data_track2/IMG/left_2026_08_30_02_28_33_964.jpg,/Users/martin/smart-technologies-ca2/data_track2/IMG/right_2026_08_30_02_28_33_964.jpg,-0.1,1,0,30.31155
/Users/martin/smart-technologies-ca2/data_track2/IMG/center_2026_08_30_02_28_34_033.jpg,/Users/martin/smart-technologies-ca2/data_track2/IMG/left_2026_08_30_02_28_34_033.jpg,/Users/martin/smart-technologies-ca2/data_track2/IMG/right_2026_08_30_02_28_34_033.jpg,0,1,0,30.24408
/Users/martin/smart-technologies-ca2/data_track2/IMG/center_2026_08_30_02_28_34_101.jpg,/Users/martin/smart-technologies-ca2/data_track2/IMG/left_2026_08_30_02_28_34_101.jpg,/Users/martin/smart-technologies-ca2/data_track2/IMG/right_2026_08_30_02_28_34_101.jpg,0,1,0,29.44051
/Users/martin/smart-technologies-ca2/data_track2/IMG/center_2026_08_30_02_28_34_168.jpg,/Users/martin/smart-technologies-ca2/data_track2/IMG/left_2026_08_30_02_28_34_168.jpg,/Users/martin/smart-technologies-ca2/data_track2/IMG/right_2026_08_30_02_28_34_168.jpg,0,1,0,30.10656
/Users/martin/smart-technologies-ca2/data_track2/IMG/center_2026_08_30_02_28_34_235.jpg,/Users/martin/smart-technologies-ca2/data_track2/IMG/left_2026_08_30_02_28_34_235.jpg,/Users/martin/smart-technologies-ca2/data_track2/IMG/right_2026_08_30_02_28_34_235.jpg,0,1,0,30.18873
/Users/martin/smart-technologies-ca2/data_track2/IMG/center_2026_08_30_02_28_34_304.jpg,/Users/martin/smart-technologies-ca2/data_track2/IMG/left_2026_08_30_02_28_34_304.jpg,/Users/martin/smart-technologies-ca2/data_track2/IMG/right_2026_08_30_02_28_34_304.jpg,-0.05,1,0,30.22844
/Users/martin/smart-technologies-ca2/data_track2/IMG/center_2026_08_30_02_28_34_371.jpg,/Users/martin/smart-technologies-ca2/data_track2/IMG/left_2026_08_30_02_28_34_371.jpg,/Users/martin/smart-technologies-ca2/data_track2/IMG/right_2026_08_30_02_28_34_371.jpg,-0.25,1,0,30.49435
/Users/martin/smart-technologies-ca2/data_track2/IMG/center_2026_08_30_02_28_34_439.jpg,/Users/martin/smart-technologies-ca2/data_track2/IMG/left_2026_08_30_02_28_34_439.jpg,/Users/martin/smart-technologies-ca2/data_track2/IMG/right_2026_08_30_02_28_34_439.jpg,0,1,0,30.122
/Users/martin/smart-technologies-ca2/data_track2/IMG/center_2026_08_30_02_28_34_506.jpg,/Users/martin/smart-technologies-ca2/data_track2/IMG/left_2026_08_30_02_28_34_506.jpg,/Users/martin/smart-technologies-ca2/data_track2/IMG/right_2026_08_30_02_28_34_506.jpg,0,1,0,29.71289
/Users/martin/smart-technologies-ca2/data_track2/IMG/center_2026_08_30_02_28_34_575.jpg,/Users/martin/smart-technologies-ca2/data_track2/IMG/left_2026_08_30_02_28_34_575.jpg,/Users/martin/smart-technologies-ca2/data_track2/IMG/right_2026_08_30_02_28_34_575.jpg,0,1,0,29.8785
/Users/martin/smart-technologies-ca2/data_track2/IMG/center_2026_08_30_02_28_34_642.jpg,/Users/martin/smart-technologies-ca2/data_track2/IMG/left_2026_08_30_02_28_34_642.jpg,/Users/martin/smart-technologies-ca2/data_track2/IMG/right_2026_08_30_02_28_34_642.jpg,-0.15,1,0,30.11648
/Users/martin/smart-technologies-ca2/data_track2/IMG/center_2026_08_30_02_28_34_710.jpg,/Users/martin/smart-technologies-ca2/data_track2/IMG/left_2026_08_30_02_28_34_710.jpg,/Users/martin/smart-technologies-ca2/data_track2/IMG/right_2026_08_30_02_28_34_710.jpg,-0.35,1,0,30.25448
/Users/martin/smart-technologies-ca2/data_track2/IMG/center_2026_08_30_02_28_34_777.jpg,/Users/martin/smart-technologies-ca2/data_track2/IMG/left_2026_08_30_02_28_34_777.jpg,/Users/martin/smart-technologies-ca2/data_track2/IMG/right_2026_08_30_02_28_34_777.jpg,-0.5000001,1,0,30.02368
/Users/martin/smart-technologies-ca2/data_track2/IMG/center_2026_08_30_02_28_34_844.jpg,/Users/martin/smart-technologies-ca2/data_track2/IMG/left_2026_08_30_02_28_34_844.jpg,/Users/martin/smart-technologies-ca2/data_track2/IMG/right_2026_08_30_02_28_34_844.jpg,0,1,0,30.10637
/Users/martin/smart-technologies-ca2/data_track2/IMG/center_2026_08_30_02_28_34_912.jpg,/Users/martin/smart-technologies-ca2/data_track2/IMG/left_2026_08_30_02_28_34_912.jpg,/Users/martin/smart-technologies-ca2/data_track2/IMG/right_2026_08_30_02_28_34_912.jpg,0,1,0,29.89021
/Users/martin/smart-technologies-ca2/data_track2/IMG/center_2026_08_30_02_28_34_979.jpg,/Users/martin/smart-technologies-ca2/data_track2/IMG/left_2026_08_30_02_28_34_979.jpg,/Users/martin/smart-technologies-ca2/data_track2/IMG/right_2026_08_30_02_28_34_979.jpg,0,1,0,30.06829
/Users/martin/smart-technologies-ca2/data_track2/IMG/center_2026_08_30_02_28_35_047.jpg,/Users/martin/smart-technologies-ca2/data_track2/IMG/left_2026_08_30_02_28_35_047.jpg,/Users/martin/smart-technologies-ca2/data_track2/IMG/right_2026_08_30_02_28_35_047.jpg,-0.2,1,0,30.09666
/Users/martin/smart-technologies-ca2/data_track2/IMG/center_2026_08_30_02_28_35_116.jpg,/Users/martin/smart-technologies-ca2/data_track2/IMG/left_2026_08_30_02_28_35_116.jpg,/Users/martin/smart-technologies-ca2/data_track2/IMG/right_2026_08_30_02_28_35_116.jpg,-0.35,1,0,29.99361
/Users/martin/smart-technologies-ca2/data_track2/IMG/center_2026_08_30_02_28_35_183.jpg,/Users/martin/smart-technologies-ca2/data_track2/IMG/left_2026_08_30_02_28_35_183.jpg,/Users/martin/smart-technologies-ca2/data_track2/IMG/right_2026_08_30_02_28_35_183.jpg,-0.5000001,1,0,30.0452
/Users/martin/smart-technologies-ca2/data_track2/IMG/center_2026_08_30_02_28_35_252.jpg,/Users/martin/smart-technologies-ca2/data_track2/IMG/left_2026_08_30_02_28_35_252.jpg,/Users/martin/smart-technologies-ca2/data_track2/IMG/right_2026_08_30_02_28_35_252.jpg,-0.7,1,0,29.93339
/Users/martin/smart-technologies-ca2/data_track2/IMG/center_2026_08_30_02_28_35_319.jpg,/Users/martin/smart-technologies-ca2/data_track2/IMG/left_2026_08_30_02_28_35_319.jpg,/Users/martin/smart-technologies-ca2/data_track2/IMG/right_2026_08_30_02_28_35_319.jpg,-0.8500001,1,0,29.90467
/Users/martin/smart-technologies-ca2/data_track2/IMG/center_2026_08_30_02_28_35_388.jpg,/Users/martin/smart-technologies-ca2/data_track2/IMG/left_2026_08_30_02_28_35_388.jpg,/Users/martin/smart-technologies-ca2/data_track2/IMG/right_2026_08_30_02_28_35_388.jpg,0,1,0,29.94047
/Users/martin/smart-technologies-ca2/data_track2/IMG/center_2026_08_30_02_28_35_456.jpg,/Users/martin/smart-technologies-ca2/data_track2/IMG/left_2026_08_30_02_28_35_456.jpg,/Users/martin/smart-technologies-ca2/data_track2/IMG/right_2026_08_30_02_28_35_456.jpg,0,1,0,30.03671
/Users/martin/smart-technologies-ca2/data_track2/IMG/center_2026_08_30_02_28_35_524.jpg,/Users/martin/smart-technologies-ca2/data_track2/IMG/left_2026_08_30_02_28_35_524.jpg,/Users/martin/smart-technologies-ca2/data_track2/IMG/right_2026_08_30_02_28_35_524.jpg,-0.05,1,0,30.04953
/Users/martin/smart-technologies-ca2/data_track2/IMG/center_2026_08_30_02_28_35_591.jpg,/Users/martin/smart-technologies-ca2/data_track2/IMG/left_2026_08_30_02_28_35_591.jpg,/Users/martin/smart-technologies-ca2/data_track2/IMG/right_2026_08_30_02_28_35_591.jpg,-0.25,1,0,30.11234
/Users/martin/smart-technologies-ca2/data_track2/IMG/center_2026_08_30_02_28_35_660.jpg,/Users/martin/smart-technologies-ca2/data_track2/IMG/left_2026_08_30_02_28_35_660.jpg,/Users/martin/smart-technologies-ca2/data_track2/IMG/right_2026_08_30_02_28_35_660.jpg,0,1,0,30.1446
/Users/martin/smart-technologies-ca2/data_track2/IMG/center_2026_08_30_02_28_35_727.jpg,/Users/martin/smart-technologies-ca2/data_track2/IMG/left_2026_08_30_02_28_35_727.jpg,/Users/martin/smart-technologies-ca2/data_track2/IMG/right_2026_08_30_02_28_35_727.jpg,0,1,0,30.06578
/Users/martin/smart-technologies-ca2/data_track2/IMG/center_2026_08_30_02_28_35_793.jpg,/Users/martin/smart-technologies-ca2/data_track2/IMG/left_2026_08_30_02_28_35_793.jpg,/Users/martin/smart-technologies-ca2/data_track2/IMG/right_2026_08_30_02_28_35_793.jpg,0,1,0,30.12928
/Users/martin/smart-technologies-ca2/data_track2/IMG/center_2026_08_30_02_28_35_864.jpg,/Users/martin/smart-technologies-ca2/data_track2/IMG/left_2026_08_30_02_28_35_864.jpg,/Users/martin/smart-technologies-ca2/data_track2/IMG/right_2026_08_30_02_28_35_864.jpg,-0.15,1,0,30.02772
/Users/martin/smart-technologies-ca2/data_track2/IMG/center_2026_08_30_02_28_35_933.jpg,/Users/martin/smart-technologies-ca2/data_track2/IMG/left_2026_08_30_02_28_35_933.jpg,/Users/martin/smart-technologies-ca2/data_track2/IMG/right_2026_08_30_02_28_35_933.jpg,-0.35,1,0,30.14007
/Users/martin/smart-technologies-ca2/data_track2/IMG/center_2026_08_30_02_28_36_000.jpg,/Users/martin/smart-technologies-ca2/data_track2/IMG/left_2026_08_30_02_28_36_000.jpg,/Users/martin/smart-technologies-ca2/data_track2/IMG/right_2026_08_30_02_28_36_000.jpg,-0.5000001,0.9654943,0,30.10786
/Users/martin/smart-technologies-ca2/data_track2/IMG/center_2026_08_30_02_28_36_069.jpg,/Users/martin/smart-technologies-ca2/data_track2/IMG/left_2026_08_30_02_28_36_069.jpg,/Users/martin/smart-technologies-ca2/data_track2/IMG/right_2026_08_30_02_28_36_069.jpg,0,0.7230791,0,30.01978
/Users/martin/smart-technologies-ca2/data_track2/IMG/center_2026_08_30_02_28_36_138.jpg,/Users/martin/smart-technologies-ca2/data_track2/IMG/left_2026_08_30_02_28_36_138.jpg,/Users/martin/smart-technologies-ca2/data_track2/IMG/right_2026_08_30_02_28_36_138.jpg,0,0.5412793,0,30.04248
/Users/martin/smart-technologies-ca2/data_track2/IMG/center_2026_08_30_02_28_36_207.jpg,/Users/martin/smart-technologies-ca2/data_track2/IMG/left_2026_08_30_02_28_36_207.jpg,/Users/martin/smart-technologies-ca2/data_track2/IMG/right_2026_08_30_02_28_36_207.jpg,0,0.3021761,0,29.88241
/Users/martin/smart-technologies-ca2/data_track2/IMG/center_2026_08_30_02_28_36_275.jpg,/Users/martin/smart-technologies-ca2/data_track2/IMG/left_2026_08_30_02_28_36_275.jpg,/Users/martin/smart-technologies-ca2/data_track2/IMG/right_2026_08_30_02_28_36_275.jpg,0,0.1229502,0,29.83574
/Users/martin/smart-technologies-ca2/data_track2/IMG/center_2026_08_30_02_28_36_343.jpg,/Users/martin/smart-technologies-ca2/data_track2/IMG/left_2026_08_30_02_28_36_343.jpg,/Users/martin/smart-technologies-ca2/data_track2/IMG/right_2026_08_30_02_28_36_343.jpg,-0.15,0,0,29.63401
/Users/martin/smart-technologies-ca2/data_track2/IMG/center_2026_08_30_02_28_36_410.jpg,/Users/martin/smart-technologies-ca2/data_track2/IMG/left_2026_08_30_02_28_36_410.jpg,/Users/martin/smart-technologies-ca2/data_track2/IMG/right_2026_08_30_02_28_36_410.jpg,-0.35,0,0.02221513,29.28059
/Users/martin/smart-technologies-ca2/data_track2/IMG/center_2026_08_30_02_28_36_480.jpg,/Users/martin/smart-technologies-ca2/data_track2/IMG/left_2026_08_30_02_28_36_480.jpg,/Users/martin/smart-technologies-ca2/data_track2/IMG/right_2026_08_30_02_28_36_480.jpg,-0.5000001,0,0.2073151,28.83631
/Users/martin/smart-technologies-ca2/data_track2/IMG/center_2026_08_30_02_28_36_548.jpg,/Users/martin/smart-technologies-ca2/data_track2/IMG/left_2026_08_30_02_28_36_548.jpg,/Users/martin/smart-technologies-ca2/data_track2/IMG/right_2026_08_30_02_28_36_548.jpg,-0.7,0,0.4438591,27.94592
/Users/martin/smart-technologies-ca2/data_track2/IMG/center_2026_08_30_02_28_36_616.jpg,/Users/martin/smart-technologies-ca2/data_track2/IMG/left_2026_08_30_02_28_36_616.jpg,/Users/martin/smart-technologies-ca2/data_track2/IMG/right_2026_08_30_02_28_36_616.jpg,-0.8500001,0,0.628212,27.12101
/Users/martin/smart-technologies-ca2/data_track2/IMG/center_2026_08_30_02_28_36_685.jpg,/Users/martin/smart-technologies-ca2/data_track2/IMG/left_2026_08_30_02_28_36_685.jpg,/Users/martin/smart-technologies-ca2/data_track2/IMG/right_2026_08_30_02_28_36_685.jpg,-1,0,0.8615792,25.84719
/Users/martin/smart-technologies-ca2/data_track2/IMG/center_2026_08_30_02_28_36_752.jpg,/Users/martin/smart-technologies-ca2/data_track2/IMG/left_2026_08_30_02_28_36_752.jpg,/Users/martin/smart-technologies-ca2/data_track2/IMG/right_2026_08_30_02_28_36_752.jpg,-1,0,1,24.72363
/Users/martin/smart-technologies-ca2/data_track2/IMG/center_2026_08_30_02_28_36_819.jpg,/Users/martin/smart-technologies-ca2/data_track2/IMG/left_2026_08_30_02_28_36_819.jpg,/Users/martin/smart-technologies-ca2/data_track2/IMG/right_2026_08_30_02_28_36_819.jpg,-1,0,0.9343899,23.64066
/Users/martin/smart-technologies-ca2/data_track2/IMG/center_2026_08_30_02_28_36_888.jpg,/Users/martin/smart-technologies-ca2/data_track2/IMG/left_2026_08_30_02_28_36_888.jpg,/Users/martin/smart-technologies-ca2/data_track2/IMG/right_2026_08_30_02_28_36_888.jpg,-1,0,0.6994717,22.52478
/Users/martin/smart-technologies-ca2/data_track2/IMG/center_2026_08_30_02_28_36_956.jpg,/Users/martin/smart-technologies-ca2/data_track2/IMG/left_2026_08_30_02_28_36_956.jpg,/Users/martin/smart-technologies-ca2/data_track2/IMG/right_2026_08_30_02_28_36_956.jpg,-1,0,0.515008,21.6352
/Users/martin/smart-technologies-ca2/data_track2/IMG/center_2026_08_30_02_28_37_023.jpg,/Users/martin/smart-technologies-ca2/data_track2/IMG/left_2026_08_30_02_28_37_023.jpg,/Users/martin/smart-technologies-ca2/data_track2/IMG/right_2026_08_30_02_28_37_023.jpg,-1,0,0.3368049,20.74947
/Users/martin/smart-technologies-ca2/data_track2/IMG/center_2026_08_30_02_28_37_090.jpg,/Users/martin/smart-technologies-ca2/data_track2/IMG/left_2026_08_30_02_28_37_090.jpg,/Users/martin/smart-technologies-ca2/data_track2/IMG/right_2026_08_30_02_28_37_090.jpg,-1,0,0.09468973,19.55001
/Users/martin/smart-technologies-ca2/data_track2/IMG/center_2026_08_30_02_28_37_159.jpg,/Users/martin/smart-technologies-ca2/data_track2/IMG/left_2026_08_30_02_28_37_159.jpg,/Users/martin/smart-technologies-ca2/data_track2/IMG/right_2026_08_30_02_28_37_159.jpg,-1,0.152499,0,18.90265
/Users/martin/smart-technologies-ca2/data_track2/IMG/center_2026_08_30_02_28_37_229.jpg,/Users/martin/smart-technologies-ca2/data_track2/IMG/left_2026_08_30_02_28_37_229.jpg,/Users/martin/smart-technologies-ca2/data_track2/IMG/right_2026_08_30_02_28_37_229.jpg,-1,0.3927691,0,19.13262
/Users/martin/smart-technologies-ca2/data_track2/IMG/center_2026_08_30_02_28_37_297.jpg,/Users/martin/smart-technologies-ca2/data_track2/IMG/left_2026_08_30_02_28_37_297.jpg,/Users/martin/smart-technologies-ca2/data_track2/IMG/right_2026_08_30_02_28_37_297.jpg,-1,0.5839051,0,19.50527
/Users/martin/smart-technologies-ca2/data_track2/IMG/center_2026_08_30_02_28_37_368.jpg,/Users/martin/smart-technologies-ca2/data_track2/IMG/left_2026_08_30_02_28_37_368.jpg,/Users/martin/smart-technologies-ca2/data_track2/IMG/right_2026_08_30_02_28_37_368.jpg,-1,0.8199631,0,20.19893
/Users/martin/smart-technologies-ca2/data_track2/IMG/center_2026_08_30_02_28_37_438.jpg,/Users/martin/smart-technologies-ca2/data_track2/IMG/left_2026_08_30_02_28_37_438.jpg,/Users/martin/smart-technologies-ca2/data_track2/IMG/right_2026_08_30_02_28_37_438.jpg,0,1,0,20.93479
/Users/martin/smart-technologies-ca2/data_track2/IMG/center_2026_08_30_02_28_37_505.jpg,/Users/martin/smart-technologies-ca2/data_track2/IMG/left_2026_08_30_02_28_37_505.jpg,/Users/martin/smart-technologies-ca2/data_track2/IMG/right_2026_08_30_02_28_37_505.jpg,0,1,0,21.88002
/Users/martin/smart-technologies-ca2/data_track2/IMG/center_2026_08_30_02_28_37_575.jpg,/Users/martin/smart-technologies-ca2/data_track2/IMG/left_2026_08_30_02_28_37_575.jpg,/Users/martin/smart-technologies-ca2/data_track2/IMG/right_2026_08_30_02_28_37_575.jpg,0,1,0,22.55015
/Users/martin/smart-technologies-ca2/data_track2/IMG/center_2026_08_30_02_28_37_649.jpg,/Users/martin/smart-technologies-ca2/data_track2/IMG/left_2026_08_30_02_28_37_649.jpg,/Users/martin/smart-technologies-ca2/data_track2/IMG/right_2026_08_30_02_28_37_649.jpg,0,1,0,23.60509
/Users/martin/smart-technologies-ca2/data_track2/IMG/center_2026_08_30_02_28_37_718.jpg,/Users/martin/smart-technologies-ca2/data_track2/IMG/left_2026_08_30_02_28_37_718.jpg,/Users/martin/smart-technologies-ca2/data_track2/IMG/right_2026_08_30_02_28_37_718.jpg,0,1,0,24.45777
/Users/martin/smart-technologies-ca2/data_track2/IMG/center_2026_08_30_02_28_37_786.jpg,/Users/martin/smart-technologies-ca2/data_track2/IMG/left_2026_08_30_02_28_37_786.jpg,/Users/martin/smart-technologies-ca2/data_track2/IMG/right_2026_08_30_02_28_37_786.jpg,-0.15,1,0,25.61806
/Users/martin/smart-technologies-ca2/data_track2/IMG/center_2026_08_30_02_28_37_853.jpg,/Users/martin/smart-technologies-ca2/data_track2/IMG/left_2026_08_30_02_28_37_853.jpg,/Users/martin/smart-technologies-ca2/data_track2/IMG/right_2026_08_30_02_28_37_853.jpg,-0.3,1,0,26.38561
/Users/martin/smart-technologies-ca2/data_track2/IMG/center_2026_08_30_02_28_37_921.jpg,/Users/martin/smart-technologies-ca2/data_track2/IMG/left_2026_08_30_02_28_37_921.jpg,/Users/martin/smart-technologies-ca2/data_track2/IMG/right_2026_08_30_02_28_37_921.jpg,-0.45,1,0,27.10221
/Users/martin/smart-technologies-ca2/data_track2/IMG/center_2026_08_30_02_28_37_991.jpg,/Users/martin/smart-technologies-ca2/data_track2/IMG/left_2026_08_30_02_28_37_991.jpg,/Users/martin/smart-technologies-ca2/data_track2/IMG/right_2026_08_30_02_28_37_991.jpg,-0.6500001,0.8188211,0,28.04225
/Users/martin/smart-technologies-ca2/data_track2/IMG/center_2026_08_30_02_28_38_063.jpg,/Users/martin/smart-technologies-ca2/data_track2/IMG/left_2026_08_30_02_28_38_063.jpg,/Users/martin/smart-technologies-ca2/data_track2/IMG/right_2026_08_30_02_28_38_063.jpg,-0.8000001,0.6342551,0,28.39311
/Users/martin/smart-technologies-ca2/data_track2/IMG/center_2026_08_30_02_28_38_132.jpg,/Users/martin/smart-technologies-ca2/data_track2/IMG/left_2026_08_30_02_28_38_132.jpg,/Users/martin/smart-technologies-ca2/data_track2/IMG/right_2026_08_30_02_28_38_132.jpg,0,0.3981971,0,28.8036
/Users/martin/smart-technologies-ca2/data_track2/IMG/center_2026_08_30_02_28_38_203.jpg,/Users/martin/smart-technologies-ca2/data_track2/IMG/left_2026_08_30_02_28_38_203.jpg,/Users/martin/smart-technologies-ca2/data_track2/IMG/right_2026_08_30_02_28_38_203.jpg,0,0.4173759,0,29.10802
/Users/martin/smart-technologies-ca2/data_track2/IMG/center_2026_08_30_02_28_38_270.jpg,/Users/martin/smart-technologies-ca2/data_track2/IMG/left_2026_08_30_02_28_38_270.jpg,/Users/martin/smart-technologies-ca2/data_track2/IMG/right_2026_08_30_02_28_38_270.jpg,0,0.651124,0,29.67918
/Users/martin/smart-technologies-ca2/data_track2/IMG/center_2026_08_30_02_28_38_337.jpg,/Users/martin/smart-technologies-ca2/data_track2/IMG/left_2026_08_30_02_28_38_337.jpg,/Users/martin/smart-technologies-ca2/data_track2/IMG/right_2026_08_30_02_28_38_337.jpg,0,0.8313549,0,30.228
/Users/martin/smart-technologies-ca2/data_track2/IMG/center_2026_08_30_02_28_38_409.jpg,/Users/martin/smart-technologies-ca2/data_track2/IMG/left_2026_08_30_02_28_38_409.jpg,/Users/martin/smart-technologies-ca2/data_track2/IMG/right_2026_08_30_02_28_38_409.jpg,0,1,0,30.33319
/Users/martin/smart-technologies-ca2/data_track2/IMG/center_2026_08_30_02_28_38_475.jpg,/Users/martin/smart-technologies-ca2/data_track2/IMG/left_2026_08_30_02_28_38_475.jpg,/Users/martin/smart-technologies-ca2/data_track2/IMG/right_2026_08_30_02_28_38_475.jpg,-0.15,1,0,30.23825
/Users/martin/smart-technologies-ca2/data_track2/IMG/center_2026_08_30_02_28_38_548.jpg,/Users/martin/smart-technologies-ca2/data_track2/IMG/left_2026_08_30_02_28_38_548.jpg,/Users/martin/smart-technologies-ca2/data_track2/IMG/right_2026_08_30_02_28_38_548.jpg,-0.35,1,0,30.21329
/Users/martin/smart-technologies-ca2/data_track2/IMG/center_2026_08_30_02_28_38_620.jpg,/Users/martin/smart-technologies-ca2/data_track2/IMG/left_2026_08_30_02_28_38_620.jpg,/Users/martin/smart-technologies-ca2/data_track2/IMG/right_2026_08_30_02_28_38_620.jpg,0,1,0,30.37111
/Users/martin/smart-technologies-ca2/data_track2/IMG/center_2026_08_30_02_28_38_687.jpg,/Users/martin/smart-technologies-ca2/data_track2/IMG/left_2026_08_30_02_28_38_687.jpg,/Users/martin/smart-technologies-ca2/data_track2/IMG/right_2026_08_30_02_28_38_687.jpg,0,1,0,30.19995
/Users/martin/smart-technologies-ca2/data_track2/IMG/center_2026_08_30_02_28_38_753.jpg,/Users/martin/smart-technologies-ca2/data_track2/IMG/left_2026_08_30_02_28_38_753.jpg,/Users/martin/smart-technologies-ca2/data_track2/IMG/right_2026_08_30_02_28_38_753.jpg,0,1,0,30.21147
/Users/martin/smart-technologies-ca2/data_track2/IMG/center_2026_08_30_02_28_38_820.jpg,/Users/martin/smart-technologies-ca2/data_track2/IMG/left_2026_08_30_02_28_38_820.jpg,/Users/martin/smart-technologies-ca2/data_track2/IMG/right_2026_08_30_02_28_38_820.jpg,-0.05,1,0,30.55052
/Users/martin/smart-technologies-ca2/data_track2/IMG/center_2026_08_30_02_28_38_892.jpg,/Users/martin/smart-technologies-ca2/data_track2/IMG/left_2026_08_30_02_28_38_892.jpg,/Users/martin/smart-technologies-ca2/data_track2/IMG/right_2026_08_30_02_28_38_892.jpg,-0.25,1,0,30.23884
/Users/martin/smart-technologies-ca2/data_track2/IMG/center_2026_08_30_02_28_38_960.jpg,/Users/martin/smart-technologies-ca2/data_track2/IMG/left_2026_08_30_02_28_38_960.jpg,/Users/martin/smart-technologies-ca2/data_track2/IMG/right_2026_08_30_02_28_38_960.jpg,-0.4,1,0,30.38486
/Users/martin/smart-technologies-ca2/data_track2/IMG/center_2026_08_30_02_28_39_027.jpg,/Users/martin/smart-technologies-ca2/data_track2/IMG/left_2026_08_30_02_28_39_027.jpg,/Users/martin/smart-technologies-ca2/data_track2/IMG/right_2026_08_30_02_28_39_027.jpg,-0.6000001,1,0,30.11361
/Users/martin/smart-technologies-ca2/data_track2/IMG/center_2026_08_30_02_28_39_095.jpg,/Users/martin/smart-technologies-ca2/data_track2/IMG/left_2026_08_30_02_28_39_095.jpg,/Users/martin/smart-technologies-ca2/data_track2/IMG/right_2026_08_30_02_28_39_095.jpg,0,0.9153727,0,30.25397
/Users/martin/smart-technologies-ca2/data_track2/IMG/center_2026_08_30_02_28_39_162.jpg,/Users/martin/smart-technologies-ca2/data_track2/IMG/left_2026_08_30_02_28_39_162.jpg,/Users/martin/smart-technologies-ca2/data_track2/IMG/right_2026_08_30_02_28_39_162.jpg,0,0.7464908,0,30.0767
/Users/martin/smart-technologies-ca2/data_track2/IMG/center_2026_08_30_02_28_39_233.jpg,/Users/martin/smart-technologies-ca2/data_track2/IMG/left_2026_08_30_02_28_39_233.jpg,/Users/martin/smart-technologies-ca2/data_track2/IMG/right_2026_08_30_02_28_39_233.jpg,0,0.4878608,0,29.89341
/Users/martin/smart-technologies-ca2/data_track2/IMG/center_2026_08_30_02_28_39_299.jpg,/Users/martin/smart-technologies-ca2/data_track2/IMG/left_2026_08_30_02_28_39_299.jpg,/Users/martin/smart-technologies-ca2/data_track2/IMG/right_2026_08_30_02_28_39_299.jpg,0,0.3180877,0,30.04002
/Users/martin/smart-technologies-ca2/data_track2/IMG/center_2026_08_30_02_28_39_368.jpg,/Users/martin/smart-technologies-ca2/data_track2/IMG/left_2026_08_30_02_28_39_368.jpg,/Users/martin/smart-technologies-ca2/data_track2/IMG/right_2026_08_30_02_28_39_368.jpg,0,0.0795728,0,29.94912
/Users/martin/smart-technologies-ca2/data_track2/IMG/center_2026_08_30_02_28_39_436.jpg,/Users/martin/smart-technologies-ca2/data_track2/IMG/left_2026_08_30_02_28_39_436.jpg,/Users/martin/smart-technologies-ca2/data_track2/IMG/right_2026_08_30_02_28_39_436.jpg,0,0,0,29.78885
/Users/martin/smart-technologies-ca2/data_track2/IMG/center_2026_08_30_02_28_39_505.jpg,/Users/martin/smart-technologies-ca2/data_track2/IMG/left_2026_08_30_02_28_39_505.jpg,/Users/martin/smart-technologies-ca2/data_track2/IMG/right_2026_08_30_02_28_39_505.jpg,0,0,0,29.61014
/Users/martin/smart-technologies-ca2/data_track2/IMG/center_2026_08_30_02_28_39_573.jpg,/Users/martin/smart-technologies-ca2/data_track2/IMG/left_2026_08_30_02_28_39_573.jpg,/Users/martin/smart-technologies-ca2/data_track2/IMG/right_2026_08_30_02_28_39_573.jpg,0,0,0,29.37246
/Users/martin/smart-technologies-ca2/data_track2/IMG/center_2026_08_30_02_28_39_640.jpg,/Users/martin/smart-technologies-ca2/data_track2/IMG/left_2026_08_30_02_28_39_640.jpg,/Users/martin/smart-technologies-ca2/data_track2/IMG/right_2026_08_30_02_28_39_640.jpg,0,0,0.1871163,28.45456
/Users/martin/smart-technologies-ca2/data_track2/IMG/center_2026_08_30_02_28_39_712.jpg,/Users/martin/smart-technologies-ca2/data_track2/IMG/left_2026_08_30_02_28_39_712.jpg,/Users/martin/smart-technologies-ca2/data_track2/IMG/right_2026_08_30_02_28_39_712.jpg,0,0,0.429858,27.05437
/Users/martin/smart-technologies-ca2/data_track2/IMG/center_2026_08_30_02_28_39_778.jpg,/Users/martin/smart-technologies-ca2/data_track2/IMG/left_2026_08_30_02_28_39_778.jpg,/Users/martin/smart-technologies-ca2/data_track2/IMG/right_2026_08_30_02_28_39_778.jpg,0,0,0.4647059,26.00885
/Users/martin/smart-technologies-ca2/data_track2/IMG/center_2026_08_30_02_28_39_848.jpg,/Users/martin/smart-technologies-ca2/data_track2/IMG/left_2026_08_30_02_28_39_848.jpg,/Users/martin/smart-technologies-ca2/data_track2/IMG/right_2026_08_30_02_28_39_848.jpg,0,0,0.2258581,24.62608
/Users/martin/smart-technologies-ca2/data_track2/IMG/center_2026_08_30_02_28_39_913.jpg,/Users/martin/smart-technologies-ca2/data_track2/IMG/left_2026_08_30_02_28_39_913.jpg,/Users/martin/smart-technologies-ca2/data_track2/IMG/right_2026_08_30_02_28_39_913.jpg,0,0,0.04173589,23.63051
/Users/martin/smart-technologies-ca2/data_track2/IMG/center_2026_08_30_02_28_39_982.jpg,/Users/martin/smart-technologies-ca2/data_track2/IMG/left_2026_08_30_02_28_39_982.jpg,/Users/martin/smart-technologies-ca2/data_track2/IMG/right_2026_08_30_02_28_39_982.jpg,0,0.017223,0,22.80596
/Users/martin/smart-technologies-ca2/data_track2/IMG/center_2026_08_30_02_28_40_053.jpg,/Users/martin/smart-technologies-ca2/data_track2/IMG/left_2026_08_30_02_28_40_053.jpg,/Users/martin/smart-technologies-ca2/data_track2/IMG/right_2026_08_30_02_28_40_053.jpg,0,0.2505208,0,22.51242
/Users/martin/smart-technologies-ca2/data_track2/IMG/center_2026_08_30_02_28_40_120.jpg,/Users/martin/smart-technologies-ca2/data_track2/IMG/left_2026_08_30_02_28_40_120.jpg,/Users/martin/smart-technologies-ca2/data_track2/IMG/right_2026_08_30_02_28_40_120.jpg,0.05,0.4329089,0,22.8369
/Users/martin/smart-technologies-ca2/data_track2/IMG/center_2026_08_30_02_28_40_192.jpg,/Users/martin/smart-technologies-ca2/data_track2/IMG/left_2026_08_30_02_28_40_192.jpg,/Users/martin/smart-technologies-ca2/data_track2/IMG/right_2026_08_30_02_28_40_192.jpg,0.25,0.6650248,0,23.08449
/Users/martin/smart-technologies-ca2/data_track2/IMG/center_2026_08_30_02_28_40_259.jpg,/Users/martin/smart-technologies-ca2/data_track2/IMG/left_2026_08_30_02_28_40_259.jpg,/Users/martin/smart-technologies-ca2/data_track2/IMG/right_2026_08_30_02_28_40_259.jpg,0.4,0.5152084,0,23.14989
/Users/martin/smart-technologies-ca2/data_track2/IMG/center_2026_08_30_02_28_40_331.jpg,/Users/martin/smart-technologies-ca2/data_track2/IMG/left_2026_08_30_02_28_40_331.jpg,/Users/martin/smart-technologies-ca2/data_track2/IMG/right_2026_08_30_02_28_40_331.jpg,0.6000001,0.283056,0,23.46691
/Users/martin/smart-technologies-ca2/data_track2/IMG/center_2026_08_30_02_28_40_403.jpg,/Users/martin/smart-technologies-ca2/data_track2/IMG/left_2026_08_30_02_28_40_403.jpg,/Users/martin/smart-technologies-ca2/data_track2/IMG/right_2026_08_30_02_28_40_403.jpg,0.7500002,0.09974134,0,23.36539
/Users/martin/smart-technologies-ca2/data_track2/IMG/center_2026_08_30_02_28_40_470.jpg,/Users/martin/smart-technologies-ca2/data_track2/IMG/left_2026_08_30_02_28_40_470.jpg,/Users/martin/smart-technologies-ca2/data_track2/IMG/right_2026_08_30_02_28_40_470.jpg,0.9500002,0,0,23.31728
/Users/martin/smart-technologies-ca2/data_track2/IMG/center_2026_08_30_02_28_40_541.jpg,/Users/martin/smart-technologies-ca2/data_track2/IMG/left_2026_08_30_02_28_40_541.jpg,/Users/martin/smart-technologies-ca2/data_track2/IMG/right_2026_08_30_02_28_40_541.jpg,1,0,0,23.59982
/Users/martin/smart-technologies-ca2/data_track2/IMG/center_2026_08_30_02_28_40_609.jpg,/Users/martin/smart-technologies-ca2/data_track2/IMG/left_2026_08_30_02_28_40_609.jpg,/Users/martin/smart-technologies-ca2/data_track2/IMG/right_2026_08_30_02_28_40_609.jpg,1,0,0,23.55186
/Users/martin/smart-technologies-ca2/data_track2/IMG/center_2026_08_30_02_28_40_679.jpg,/Users/martin/smart-technologies-ca2/data_track2/IMG/left_2026_08_30_02_28_40_679.jpg,/Users/martin/smart-technologies-ca2/data_track2/IMG/right_2026_08_30_02_28_40_679.jpg,1,0,0,23.58888
/Users/martin/smart-technologies-ca2/data_track2/IMG/center_2026_08_30_02_28_40_748.jpg,/Users/martin/smart-technologies-ca2/data_track2/IMG/left_2026_08_30_02_28_40_748.jpg,/Users/martin/smart-technologies-ca2/data_track2/IMG/right_2026_08_30_02_28_40_748.jpg,1,0,0,23.43043
/Users/martin/smart-technologies-ca2/data_track2/IMG/center_2026_08_30_02_28_40_818.jpg,/Users/martin/smart-technologies-ca2/data_track2/IMG/left_2026_08_30_02_28_40_818.jpg,/Users/martin/smart-technologies-ca2/data_track2/IMG/right_2026_08_30_02_28_40_818.jpg,1,0,0,23.4683
/Users/martin/smart-technologies-ca2/data_track2/IMG/center_2026_08_30_02_28_40_885.jpg,/Users/martin/smart-technologies-ca2/data_track2/IMG/left_2026_08_30_02_28_40_885.jpg,/Users/martin/smart-technologies-ca2/data_track2/IMG/right_2026_08_30_02_28_40_885.jpg,-0.05,0,0,23.66273
/Users/martin/smart-technologies-ca2/data_track2/IMG/center_2026_08_30_02_28_40_955.jpg,/Users/martin/smart-technologies-ca2/data_track2/IMG/left_2026_08_30_02_28_40_955.jpg,/Users/martin/smart-technologies-ca2/data_track2/IMG/right_2026_08_30_02_28_40_955.jpg,-0.2,0,0,23.56522
/Users/martin/smart-technologies-ca2/data_track2/IMG/center_2026_08_30_02_28_41_024.jpg,/Users/martin/smart-technologies-ca2/data_track2/IMG/left_2026_08_30_02_28_41_024.jpg,/Users/martin/smart-technologies-ca2/data_track2/IMG/right_2026_08_30_02_28_41_024.jpg,-0.35,0,0,23.55555
/Users/martin/smart-technologies-ca2/data_track2/IMG/center_2026_08_30_02_28_41_092.jpg,/Users/martin/smart-technologies-ca2/data_track2/IMG/left_2026_08_30_02_28_41_092.jpg,/Users/martin/smart-technologies-ca2/data_track2/IMG/right_2026_08_30_02_28_41_092.jpg,-0.5500001,0,0,23.61055
/Users/martin/smart-technologies-ca2/data_track2/IMG/center_2026_08_30_02_28_41_161.jpg,/Users/martin/smart-technologies-ca2/data_track2/IMG/left_2026_08_30_02_28_41_161.jpg,/Users/martin/smart-technologies-ca2/data_track2/IMG/right_2026_08_30_02_28_41_161.jpg,-0.7,0,0,23.46887
/Users/martin/smart-technologies-ca2/data_track2/IMG/center_2026_08_30_02_28_41_231.jpg,/Users/martin/smart-technologies-ca2/data_track2/IMG/left_2026_08_30_02_28_41_231.jpg,/Users/martin/smart-technologies-ca2/data_track2/IMG/right_2026_08_30_02_28_41_231.jpg,-0.9000002,0,0,23.41308
/Users/martin/smart-technologies-ca2/data_track2/IMG/center_2026_08_30_02_28_41_297.jpg,/Users/martin/smart-technologies-ca2/data_track2/IMG/left_2026_08_30_02_28_41_297.jpg,/Users/martin/smart-technologies-ca2/data_track2/IMG/right_2026_08_30_02_28_41_297.jpg,-1,0,0,23.38352
/Users/martin/smart-technologies-ca2/data_track2/IMG/center_2026_08_30_02_28_41_364.jpg,/Users/martin/smart-technologies-ca2/data_track2/IMG/left_2026_08_30_02_28_41_364.jpg,/Users/martin/smart-technologies-ca2/data_track2/IMG/right_2026_08_30_02_28_41_364.jpg,-1,0,0,23.10258
/Users/martin/smart-technologies-ca2/data_track2/IMG/center_2026_08_30_02_28_41_431.jpg,/Users/martin/smart-technologies-ca2/data_track2/IMG/left_2026_08_30_02_28_41_431.jpg,/Users/martin/smart-technologies-ca2/data_track2/IMG/right_2026_08_30_02_28_41_431.jpg,-1,0,0,23.08716
/Users/martin/smart-technologies-ca2/data_track2/IMG/center_2026_08_30_02_28_41_501.jpg,/Users/martin/smart-technologies-ca2/data_track2/IMG/left_2026_08_30_02_28_41_501.jpg,/Users/martin/smart-technologies-ca2/data_track2/IMG/right_2026_08_30_02_28_41_501.jpg,0,0,0,23.19824
/Users/martin/smart-technologies-ca2/data_track2/IMG/center_2026_08_30_02_28_41_572.jpg,/Users/martin/smart-technologies-ca2/data_track2/IMG/left_2026_08_30_02_28_41_572.jpg,/Users/martin/smart-technologies-ca2/data_track2/IMG/right_2026_08_30_02_28_41_572.jpg,-0.1,0,0,23.39693
/Users/martin/smart-technologies-ca2/data_track2/IMG/center_2026_08_30_02_28_41_642.jpg,/Users/martin/smart-technologies-ca2/data_track2/IMG/left_2026_08_30_02_28_41_642.jpg,/Users/martin/smart-technologies-ca2/data_track2/IMG/right_2026_08_30_02_28_41_642.jpg,-0.25,0,0,23.51056
/Users/martin/smart-technologies-ca2/data_track2/IMG/center_2026_08_30_02_28_41_711.jpg,/Users/martin/smart-technologies-ca2/data_track2/IMG/left_2026_08_30_02_28_41_711.jpg,/Users/martin/smart-technologies-ca2/data_track2/IMG/right_2026_08_30_02_28_41_711.jpg,-0.45,0,0,23.64598
/Users/martin/smart-technologies-ca2/data_track2/IMG/center_2026_08_30_02_28_41_781.jpg,/Users/martin/smart-technologies-ca2/data_track2/IMG/left_2026_08_30_02_28_41_781.jpg,/Users/martin/smart-technologies-ca2/data_track2/IMG/right_2026_08_30_02_28_41_781.jpg,0,0,0,23.7346
/Users/martin/smart-technologies-ca2/data_track2/IMG/center_2026_08_30_02_28_41_852.jpg,/Users/martin/smart-technologies-ca2/data_track2/IMG/left_2026_08_30_02_28_41_852.jpg,/Users/martin/smart-technologies-ca2/data_track2/IMG/right_2026_08_30_02_28_41_852.jpg,-0.15,0.1881062,0,24.02753
/Users/martin/smart-technologies-ca2/data_track2/IMG/center_2026_08_30_02_28_41_923.jpg,/Users/martin/smart-technologies-ca2/data_track2/IMG/left_2026_08_30_02_28_41_923.jpg,/Users/martin/smart-technologies-ca2/data_track2/IMG/right_2026_08_30_02_28_41_923.jpg,-0.3,0.3711212,0,24.05687
/Users/martin/smart-technologies-ca2/data_track2/IMG/center_2026_08_30_02_28_41_991.jpg,/Users/martin/smart-technologies-ca2/data_track2/IMG/left_2026_08_30_02_28_41_991.jpg,/Users/martin/smart-technologies-ca2/data_track2/IMG/right_2026_08_30_02_28_41_991.jpg,-0.5000001,0.6056732,0,24.23354
/Users/martin/smart-technologies-ca2/data_track2/IMG/center_2026_08_30_02_28_42_060.jpg,/Users/martin/smart-technologies-ca2/data_track2/IMG/left_2026_08_30_02_28_42_060.jpg,/Users/martin/smart-technologies-ca2/data_track2/IMG/right_2026_08_30_02_28_42_060.jpg,-0.6500001,0.6975574,0,24.8228
/Users/martin/smart-technologies-ca2/data_track2/IMG/center_2026_08_30_02_28_42_131.jpg,/Users/martin/smart-technologies-ca2/data_track2/IMG/left_2026_08_30_02_28_42_131.jpg,/Users/martin/smart-technologies-ca2/data_track2/IMG/right_2026_08_30_02_28_42_131.jpg,-0.8500001,0.4578874,0,25.09683
/Users/martin/smart-technologies-ca2/data_track2/IMG/center_2026_08_30_02_28_42_203.jpg,/Users/martin/smart-technologies-ca2/data_track2/IMG/left_2026_08_30_02_28_42_203.jpg,/Users/martin/smart-technologies-ca2/data_track2/IMG/right_2026_08_30_02_28_42_203.jpg,-1,0.2721212,0,24.30081
/Users/martin/smart-technologies-ca2/data_track2/IMG/center_2026_08_30_02_28_42_270.jpg,/Users/martin/smart-technologies-ca2/data_track2/IMG/left_2026_08_30_02_28_42_270.jpg,/Users/martin/smart-technologies-ca2/data_track2/IMG/right_2026_08_30_02_28_42_270.jpg,-1,0.0249753,0,24.33528
/Users/martin/smart-technologies-ca2/data_track2/IMG/center_2026_08_30_02_28_42_339.jpg,/Users/martin/smart-technologies-ca2/data_track2/IMG/left_2026_08_30_02_28_42_339.jpg,/Users/martin/smart-technologies-ca2/data_track2/IMG/right_2026_08_30_02_28_42_339.jpg,-1,0,0,24.25656
/Users/martin/smart-technologies-ca2/data_track2/IMG/center_2026_08_30_02_28_42_411.jpg,/Users/martin/smart-technologies-ca2/data_track2/IMG/left_2026_08_30_02_28_42_411.jpg,/Users/martin/smart-technologies-ca2/data_track2/IMG/right_2026_08_30_02_28_42_411.jpg,-1,0,0,24.13015
/Users/martin/smart-technologies-ca2/data_track2/IMG/center_2026_08_30_02_28_42_482.jpg,/Users/martin/smart-technologies-ca2/data_track2/IMG/left_2026_08_30_02_28_42_482.jpg,/Users/martin/smart-technologies-ca2/data_track2/IMG/right_2026_08_30_02_28_42_482.jpg,0,0,0,24.15702
/Users/martin/smart-technologies-ca2/data_track2/IMG/center_2026_08_30_02_28_42_553.jpg,/Users/martin/smart-technologies-ca2/data_track2/IMG/left_2026_08_30_02_28_42_553.jpg,/Users/martin/smart-technologies-ca2/data_track2/IMG/right_2026_08_30_02_28_42_553.jpg,0,0,0,24.23316
/Users/martin/smart-technologies-ca2/data_track2/IMG/center_2026_08_30_02_28_42_621.jpg,/Users/martin/smart-technologies-ca2/data_track2/IMG/left_2026_08_30_02_28_42_621.jpg,/Users/martin/smart-technologies-ca2/data_track2/IMG/right_2026_08_30_02_28_42_621.jpg,0,0,0,24.30935
/Users/martin/smart-technologies-ca2/data_track2/IMG/center_2026_08_30_02_28_42_689.jpg,/Users/martin/smart-technologies-ca2/data_track2/IMG/left_2026_08_30_02_28_42_689.jpg,/Users/martin/smart-technologies-ca2/data_track2/IMG/right_2026_08_30_02_28_42_689.jpg,0,0,0,24.51476
/Users/martin/smart-technologies-ca2/data_track2/IMG/center_2026_08_30_02_28_42_757.jpg,/Users/martin/smart-technologies-ca2/data_track2/IMG/left_2026_08_30_02_28_42_757.jpg,/Users/martin/smart-technologies-ca2/data_track2/IMG/right_2026_08_30_02_28_42_757.jpg,0,0.1131359,0,24.69404
/Users/martin/smart-technologies-ca2/data_track2/IMG/center_2026_08_30_02_28_42_824.jpg,/Users/martin/smart-technologies-ca2/data_track2/IMG/left_2026_08_30_02_28_42_824.jpg,/Users/martin/smart-technologies-ca2/data_track2/IMG/right_2026_08_30_02_28_42_824.jpg,0,0.2897669,0,25.19493
/Users/martin/smart-technologies-ca2/data_track2/IMG/center_2026_08_30_02_28_42_893.jpg,/Users/martin/smart-technologies-ca2/data_track2/IMG/left_2026_08_30_02_28_42_893.jpg,/Users/martin/smart-technologies-ca2/data_track2/IMG/right_2026_08_30_02_28_42_893.jpg,0,0.532185,0,25.51812
/Users/martin/smart-technologies-ca2/data_track2/IMG/center_2026_08_30_02_28_42_960.jpg,/Users/martin/smart-technologies-ca2/data_track2/IMG/left_2026_08_30_02_28_42_960.jpg,/Users/martin/smart-technologies-ca2/data_track2/IMG/right_2026_08_30_02_28_42_960.jpg,0,0.5858699,0,25.87053
/Users/martin/smart-technologies-ca2/data_track2/IMG/center_2026_08_30_02_28_43_029.jpg,/Users/martin/smart-technologies-ca2/data_track2/IMG/left_2026_08_30_02_28_43_029.jpg,/Users/martin/smart-technologies-ca2/data_track2/IMG/right_2026_08_30_02_28_43_029.jpg,0,0.3449821,0,26.82793
/Users/martin/smart-technologies-ca2/data_track2/IMG/center_2026_08_30_02_28_43_097.jpg,/Users/martin/smart-technologies-ca2/data_track2/IMG/left_2026_08_30_02_28_43_097.jpg,/Users/martin/smart-technologies-ca2/data_track2/IMG/right_2026_08_30_02_28_43_097.jpg,0.15,0.1625608,0,27.3135
/Users/martin/smart-technologies-ca2/data_track2/IMG/center_2026_08_30_02_28_43_164.jpg,/Users/martin/smart-technologies-ca2/data_track2/IMG/left_2026_08_30_02_28_43_164.jpg,/Users/martin/smart-technologies-ca2/data_track2/IMG/right_2026_08_30_02_28_43_164.jpg,0.3,0,0,27.41642
/Users/martin/smart-technologies-ca2/data_track2/IMG/center_2026_08_30_02_28_43_234.jpg,/Users/martin/smart-technologies-ca2/data_track2/IMG/left_2026_08_30_02_28_43_234.jpg,/Users/martin/smart-technologies-ca2/data_track2/IMG/right_2026_08_30_02_28_43_234.jpg,0.5000001,0,0,27.56272
/Users/martin/smart-technologies-ca2/data_track2/IMG/center_2026_08_30_02_28_43_301.jpg,/Users/martin/smart-technologies-ca2/data_track2/IMG/left_2026_08_30_02_28_43_301.jpg,/Users/martin/smart-technologies-ca2/data_track2/IMG/right_2026_08_30_02_28_43_301.jpg,0.6500001,0,0,27.59342
/Users/martin/smart-technologies-ca2/data_track2/IMG/center_2026_08_30_02_28_43_368.jpg,/Users/martin/smart-technologies-ca2/data_track2/IMG/left_2026_08_30_02_28_43_368.jpg,/Users/martin/smart-technologies-ca2/data_track2/IMG/right_2026_08_30_02_28_43_368.jpg,0.8500001,0.129903,0,27.55973
/Users/martin/smart-technologies-ca2/data_track2/IMG/center_2026_08_30_02_28_43_437.jpg,/Users/martin/smart-technologies-ca2/data_track2/IMG/left_2026_08_30_02_28_43_437.jpg,/Users/martin/smart-technologies-ca2/data_track2/IMG/right_2026_08_30_02_28_43_437.jpg,1,0.309042,0,27.53868
/Users/martin/smart-technologies-ca2/data_track2/IMG/center_2026_08_30_02_28_43_505.jpg,/Users/martin/smart-technologies-ca2/data_track2/IMG/left_2026_08_30_02_28_43_505.jpg,/Users/martin/smart-technologies-ca2/data_track2/IMG/right_2026_08_30_02_28_43_505.jpg,0,0.5409029,0,27.99008
/Users/martin/smart-technologies-ca2/data_track2/IMG/center_2026_08_30_02_28_43_575.jpg,/Users/martin/smart-technologies-ca2/data_track2/IMG/left_2026_08_30_02_28_43_575.jpg,/Users/martin/smart-technologies-ca2/data_track2/IMG/right_2026_08_30_02_28_43_575.jpg,0,0.72999,0,28.51238
/Users/martin/smart-technologies-ca2/data_track2/IMG/center_2026_08_30_02_28_43_642.jpg,/Users/martin/smart-technologies-ca2/data_track2/IMG/left_2026_08_30_02_28_43_642.jpg,/Users/martin/smart-technologies-ca2/data_track2/IMG/right_2026_08_30_02_28_43_642.jpg,0,0.7617266,0,29.12238
/Users/martin/smart-technologies-ca2/data_track2/IMG/center_2026_08_30_02_28_43_711.jpg,/Users/martin/smart-technologies-ca2/data_track2/IMG/left_2026_08_30_02_28_43_711.jpg,/Users/martin/smart-technologies-ca2/data_track2/IMG/right_2026_08_30_02_28_43_711.jpg,-0.2,0.5127085,0,29.76284
/Users/martin/smart-technologies-ca2/data_track2/IMG/center_2026_08_30_02_28_43_781.jpg,/Users/martin/smart-technologies-ca2/data_track2/IMG/left_2026_08_30_02_28_43_781.jpg,/Users/martin/smart-technologies-ca2/data_track2/IMG/right_2026_08_30_02_28_43_781.jpg,0,0.3332906,0,29.83793
/Users/martin/smart-technologies-ca2/data_track2/IMG/center_2026_08_30_02_28_43_849.jpg,/Users/martin/smart-technologies-ca2/data_track2/IMG/left_2026_08_30_02_28_43_849.jpg,/Users/martin/smart-technologies-ca2/data_track2/IMG/right_2026_08_30_02_28_43_849.jpg,0,0.1014386,0,30.26482
/Users/martin/smart-technologies-ca2/data_track2/IMG/center_2026_08_30_02_28_43_918.jpg,/Users/martin/smart-technologies-ca2/data_track2/IMG/left_2026_08_30_02_28_43_918.jpg,/Users/martin/smart-technologies-ca2/data_track2/IMG/right_2026_08_30_02_28_43_918.jpg,0,0.2869495,0,29.80225
/Users/martin/smart-technologies-ca2/data_track2/IMG/center_2026_08_30_02_28_43_987.jpg,/Users/martin/smart-technologies-ca2/data_track2/IMG/left_2026_08_30_02_28_43_987.jpg,/Users/martin/smart-technologies-ca2/data_track2/IMG/right_2026_08_30_02_28_43_987.jpg,0,0.5277447,0,30.10113
/Users/martin/smart-technologies-ca2/data_track2/IMG/center_2026_08_30_02_28_44_054.jpg,/Users/martin/smart-technologies-ca2/data_track2/IMG/left_2026_08_30_02_28_44_054.jpg,/Users/martin/smart-technologies-ca2/data_track2/IMG/right_2026_08_30_02_28_44_054.jpg,0,0.7026776,0,28.80809
/Users/martin/smart-technologies-ca2/data_track2/IMG/center_2026_08_30_02_28_44_127.jpg,/Users/martin/smart-technologies-ca2/data_track2/IMG/left_2026_08_30_02_28_44_127.jpg,/Users/martin/smart-technologies-ca2/data_track2/IMG/right_2026_08_30_02_28_44_127.jpg,0,0.9432056,0,29.8591
/Users/martin/smart-technologies-ca2/data_track2/IMG/center_2026_08_30_02_28_44_196.jpg,/Users/martin/smart-technologies-ca2/data_track2/IMG/left_2026_08_30_02_28_44_196.jpg,/Users/martin/smart-technologies-ca2/data_track2/IMG/right_2026_08_30_02_28_44_196.jpg,0,1,0,30.22601
/Users/martin/smart-technologies-ca2/data_track2/IMG/center_2026_08_30_02_28_44_267.jpg,/Users/martin/smart-technologies-ca2/data_track2/IMG/left_2026_08_30_02_28_44_267.jpg,/Users/martin/smart-technologies-ca2/data_track2/IMG/right_2026_08_30_02_28_44_267.jpg,-0.2,1,0,30.05313
/Users/martin/smart-technologies-ca2/data_track2/IMG/center_2026_08_30_02_28_44_336.jpg,/Users/martin/smart-technologies-ca2/data_track2/IMG/left_2026_08_30_02_28_44_336.jpg,/Users/martin/smart-technologies-ca2/data_track2/IMG/right_2026_08_30_02_28_44_336.jpg,0,1,0,30.28075
/Users/martin/smart-technologies-ca2/data_track2/IMG/center_2026_08_30_02_28_44_406.jpg,/Users/martin/smart-technologies-ca2/data_track2/IMG/left_2026_08_30_02_28_44_406.jpg,/Users/martin/smart-technologies-ca2/data_track2/IMG/right_2026_08_30_02_28_44_406.jpg,0,0.9851592,0,30.18784
/Users/martin/smart-technologies-ca2/data_track2/IMG/center_2026_08_30_02_28_44_475.jpg,/Users/martin/smart-technologies-ca2/data_track2/IMG/left_2026_08_30_02_28_44_475.jpg,/Users/martin/smart-technologies-ca2/data_track2/IMG/right_2026_08_30_02_28_44_475.jpg,0,0.80647,0,30.15578
/Users/martin/smart-technologies-ca2/data_track2/IMG/center_2026_08_30_02_28_44_544.jpg,/Users/martin/smart-technologies-ca2/data_track2/IMG/left_2026_08_30_02_28_44_544.jpg,/Users/martin/smart-technologies-ca2/data_track2/IMG/right_2026_08_30_02_28_44_544.jpg,0,0.6279941,0,30.10938
/Users/martin/smart-technologies-ca2/data_track2/IMG/center_2026_08_30_02_28_44_613.jpg,/Users/martin/smart-technologies-ca2/data_track2/IMG/left_2026_08_30_02_28_44_613.jpg,/Users/martin/smart-technologies-ca2/data_track2/IMG/right_2026_08_30_02_28_44_613.jpg,0,0.3789402,0,30.04436
/Users/martin/smart-technologies-ca2/data_track2/IMG/center_2026_08_30_02_28_44_684.jpg,/Users/martin/smart-technologies-ca2/data_track2/IMG/left_2026_08_30_02_28_44_684.jpg,/Users/martin/smart-technologies-ca2/data_track2/IMG/right_2026_08_30_02_28_44_684.jpg,0,0.5059661,0,30.05174
/Users/martin/smart-technologies-ca2/data_track2/IMG/center_2026_08_30_02_28_44_754.jpg,/Users/martin/smart-technologies-ca2/data_track2/IMG/left_2026_08_30_02_28_44_754.jpg,/Users/martin/smart-technologies-ca2/data_track2/IMG/right_2026_08_30_02_28_44_754.jpg,0,0.7327211,0,30.11148
/Users/martin/smart-technologies-ca2/data_track2/IMG/center_2026_08_30_02_28_44_821.jpg,/Users/martin/smart-technologies-ca2/data_track2/IMG/left_2026_08_30_02_28_44_821.jpg,/Users/martin/smart-technologies-ca2/data_track2/IMG/right_2026_08_30_02_28_44_821.jpg,-0.15,0.9190542,0,30.15241
/Users/martin/smart-technologies-ca2/data_track2/IMG/center_2026_08_30_02_28_44_892.jpg,/Users/martin/smart-technologies-ca2/data_track2/IMG/left_2026_08_30_02_28_44_892.jpg,/Users/martin/smart-technologies-ca2/data_track2/IMG/right_2026_08_30_02_28_44_892.jpg,-0.35,1,0,30.16364
/Users/martin/smart-technologies-ca2/data_track2/IMG/center_2026_08_30_02_28_44_965.jpg,/Users/martin/smart-technologies-ca2/data_track2/IMG/left_2026_08_30_02_28_44_965.jpg,/Users/martin/smart-technologies-ca2/data_track2/IMG/right_2026_08_30_02_28_44_965.jpg,-0.5000001,1,0,30.14562
/Users/martin/smart-technologies-ca2/data_track2/IMG/center_2026_08_30_02_28_45_036.jpg,/Users/martin/smart-technologies-ca2/data_track2/IMG/left_2026_08_30_02_28_45_036.jpg,/Users/martin/smart-technologies-ca2/data_track2/IMG/right_2026_08_30_02_28_45_036.jpg,-0.7,1,0,30.12109
/Users/martin/smart-technologies-ca2/data_track2/IMG/center_2026_08_30_02_28_45_107.jpg,/Users/martin/smart-technologies-ca2/data_track2/IMG/left_2026_08_30_02_28_45_107.jpg,/Users/martin/smart-technologies-ca2/data_track2/IMG/right_2026_08_30_02_28_45_107.jpg,0,0.8281058,0,30.14345
/Users/martin/smart-technologies-ca2/data_track2/IMG/center_2026_08_30_02_28_45_176.jpg,/Users/martin/smart-technologies-ca2/data_track2/IMG/left_2026_08_30_02_28_45_176.jpg,/Users/martin/smart-technologies-ca2/data_track2/IMG/right_2026_08_30_02_28_45_176.jpg,0,0.6489908,0,30.1069
/Users/martin/smart-technologies-ca2/data_track2/IMG/center_2026_08_30_02_28_45_248.jpg,/Users/martin/smart-technologies-ca2/data_track2/IMG/left_2026_08_30_02_28_45_248.jpg,/Users/martin/smart-technologies-ca2/data_track2/IMG/right_2026_08_30_02_28_45_248.jpg,0,0.4056969,0,30.05018
/Users/martin/smart-technologies-ca2/data_track2/IMG/center_2026_08_30_02_28_45_315.jpg,/Users/martin/smart-technologies-ca2/data_track2/IMG/left_2026_08_30_02_28_45_315.jpg,/Users/martin/smart-technologies-ca2/data_track2/IMG/right_2026_08_30_02_28_45_315.jpg,0,0.2226908,0,30.00653
/Users/martin/smart-technologies-ca2/data_track2/IMG/center_2026_08_30_02_28_45_384.jpg,/Users/martin/smart-technologies-ca2/data_track2/IMG/left_2026_08_30_02_28_45_384.jpg,/Users/martin/smart-technologies-ca2/data_track2/IMG/right_2026_08_30_02_28_45_384.jpg,0.1,0.05136704,0,29.92094
/Users/martin/smart-technologies-ca2/data_track2/IMG/center_2026_08_30_02_28_45_452.jpg,/Users/martin/smart-technologies-ca2/data_track2/IMG/left_2026_08_30_02_28_45_452.jpg,/Users/martin/smart-technologies-ca2/data_track2/IMG/right_2026_08_30_02_28_45_452.jpg,0.3,0,0,29.62814
/Users/martin/smart-technologies-ca2/data_track2/IMG/center_2026_08_30_02_28_45_520.jpg,/Users/martin/smart-technologies-ca2/data_track2/IMG/left_2026_08_30_02_28_45_520.jpg,/Users/martin/smart-technologies-ca2/data_track2/IMG/right_2026_08_30_02_28_45_520.jpg,0.45,0,0,29.35051
/Users/martin/smart-technologies-ca2/data_track2/IMG/center_2026_08_30_02_28_45_588.jpg,/Users/martin/smart-technologies-ca2/data_track2/IMG/left_2026_08_30_02_28_45_588.jpg,/Users/martin/smart-technologies-ca2/data_track2/IMG/right_2026_08_30_02_28_45_588.jpg,0,0.1653088,0,29.09157
/Users/martin/smart-technologies-ca2/data_track2/IMG/center_2026_08_30_02_28_45_656.jpg,/Users/martin/smart-technologies-ca2/data_track2/IMG/left_2026_08_30_02_28_45_656.jpg,/Users/martin/smart-technologies-ca2/data_track2/IMG/right_2026_08_30_02_28_45_656.jpg,0,0.344082,0,29.08782
/Users/martin/smart-technologies-ca2/data_track2/IMG/center_2026_08_30_02_28_45_724.jpg,/Users/martin/smart-technologies-ca2/data_track2/IMG/left_2026_08_30_02_28_45_724.jpg,/Users/martin/smart-technologies-ca2/data_track2/IMG/right_2026_08_30_02_28_45_724.jpg,0.1,0.5211267,0,29.21669
/Users/martin/smart-technologies-ca2/data_track2/IMG/center_2026_08_30_02_28_45_795.jpg,/Users/martin/smart-technologies-ca2/data_track2/IMG/left_2026_08_30_02_28_45_795.jpg,/Users/martin/smart-technologies-ca2/data_track2/IMG/right_2026_08_30_02_28_45_795.jpg,0.3,0.4925312,0,29.50192
/Users/martin/smart-technologies-ca2/data_track2/IMG/center_2026_08_30_02_28_45_866.jpg,/Users/martin/smart-technologies-ca2/data_track2/IMG/left_2026_08_30_02_28_45_866.jpg,/Users/martin/smart-technologies-ca2/data_track2/IMG/right_2026_08_30_02_28_45_866.jpg,0.5000001,0.2552583,0,29.51462
/Users/martin/smart-technologies-ca2/data_track2/IMG/center_2026_08_30_02_28_45_936.jpg,/Users/martin/smart-technologies-ca2/data_track2/IMG/left_2026_08_30_02_28_45_936.jpg,/Users/martin/smart-technologies-ca2/data_track2/IMG/right_2026_08_30_02_28_45_936.jpg,0.6500001,0.07017624,0,29.3099
/Users/martin/smart-technologies-ca2/data_track2/IMG/center_2026_08_30_02_28_46_003.jpg,/Users/martin/smart-technologies-ca2/data_track2/IMG/left_2026_08_30_02_28_46_003.jpg,/Users/martin/smart-technologies-ca2/data_track2/IMG/right_2026_08_30_02_28_46_003.jpg,0.8000001,0,0,28.94058
/Users/martin/smart-technologies-ca2/data_track2/IMG/center_2026_08_30_02_28_46_070.jpg,/Users/martin/smart-technologies-ca2/data_track2/IMG/left_2026_08_30_02_28_46_070.jpg,/Users/martin/smart-technologies-ca2/data_track2/IMG/right_2026_08_30_02_28_46_070.jpg,1,0,0,28.36567
/Users/martin/smart-technologies-ca2/data_track2/IMG/center_2026_08_30_02_28_46_141.jpg,/Users/martin/smart-technologies-ca2/data_track2/IMG/left_2026_08_30_02_28_46_141.jpg,/Users/martin/smart-technologies-ca2/data_track2/IMG/right_2026_08_30_02_28_46_141.jpg,1,0,0,27.94439
/Users/martin/smart-technologies-ca2/data_track2/IMG/center_2026_08_30_02_28_46_209.jpg,/Users/martin/smart-technologies-ca2/data_track2/IMG/left_2026_08_30_02_28_46_209.jpg,/Users/martin/smart-technologies-ca2/data_track2/IMG/right_2026_08_30_02_28_46_209.jpg,1,0,0,27.47329
/Users/martin/smart-technologies-ca2/data_track2/IMG/center_2026_08_30_02_28_46_275.jpg,/Users/martin/smart-technologies-ca2/data_track2/IMG/left_2026_08_30_02_28_46_275.jpg,/Users/martin/smart-technologies-ca2/data_track2/IMG/right_2026_08_30_02_28_46_275.jpg,0,0,0,27.18993
/Users/martin/smart-technologies-ca2/data_track2/IMG/center_2026_08_30_02_28_46_342.jpg,/Users/martin/smart-technologies-ca2/data_track2/IMG/left_2026_08_30_02_28_46_342.jpg,/Users/martin/smart-technologies-ca2/data_track2/IMG/right_2026_08_30_02_28_46_342.jpg,0,0,0,26.97027
/Users/martin/smart-technologies-ca2/data_track2/IMG/center_2026_08_30_02_28_46_411.jpg,/Users/martin/smart-technologies-ca2/data_track2/IMG/left_2026_08_30_02_28_46_411.jpg,/Users/martin/smart-technologies-ca2/data_track2/IMG/right_2026_08_30_02_28_46_411.jpg,-0.1,0,0,26.6704
/Users/martin/smart-technologies-ca2/data_track2/IMG/center_2026_08_30_02_28_46_482.jpg,/Users/martin/smart-technologies-ca2/data_track2/IMG/left_2026_08_30_02_28_46_482.jpg,/Users/martin/smart-technologies-ca2/data_track2/IMG/right_2026_08_30_02_28_46_482.jpg,-0.25,0,0,26.19206
/Users/martin/smart-technologies-ca2/data_track2/IMG/center_2026_08_30_02_28_46_552.jpg,/Users/martin/smart-technologies-ca2/data_track2/IMG/left_2026_08_30_02_28_46_552.jpg,/Users/martin/smart-technologies-ca2/data_track2/IMG/right_2026_08_30_02_28_46_552.jpg,0,0,0,25.55252
/Users/martin/smart-technologies-ca2/data_track2/IMG/center_2026_08_30_02_28_46_623.jpg,/Users/martin/smart-technologies-ca2/data_track2/IMG/left_2026_08_30_02_28_46_623.jpg,/Users/martin/smart-technologies-ca2/data_track2/IMG/right_2026_08_30_02_28_46_623.jpg,0,0,0,25.38619
/Users/martin/smart-technologies-ca2/data_track2/IMG/center_2026_08_30_02_28_46_690.jpg,/Users/martin/smart-technologies-ca2/data_track2/IMG/left_2026_08_30_02_28_46_690.jpg,/Users/martin/smart-technologies-ca2/data_track2/IMG/right_2026_08_30_02_28_46_690.jpg,0.05,0.1899118,0,23.65147
/Users/martin/smart-technologies-ca2/data_track2/IMG/center_2026_08_30_02_28_46_761.jpg,/Users/martin/smart-technologies-ca2/data_track2/IMG/left_2026_08_30_02_28_46_761.jpg,/Users/martin/smart-technologies-ca2/data_track2/IMG/right_2026_08_30_02_28_46_761.jpg,0.2,0.3746849,0,23.65479
/Users/martin/smart-technologies-ca2/data_track2/IMG/center_2026_08_30_02_28_46_829.jpg,/Users/martin/smart-technologies-ca2/data_track2/IMG/left_2026_08_30_02_28_46_829.jpg,/Users/martin/smart-technologies-ca2/data_track2/IMG/right_2026_08_30_02_28_46_829.jpg,0.4,0.3696388,0,23.08733
/Users/martin/smart-technologies-ca2/data_track2/IMG/center_2026_08_30_02_28_46_896.jpg,/Users/martin/smart-technologies-ca2/data_track2/IMG/left_2026_08_30_02_28_46_896.jpg,/Users/martin/smart-technologies-ca2/data_track2/IMG/right_2026_08_30_02_28_46_896.jpg,0.5500001,0.1947148,0,22.38025
/Users/martin/smart-technologies-ca2/data_track2/IMG/center_2026_08_30_02_28_46_968.jpg,/Users/martin/smart-technologies-ca2/data_track2/IMG/left_2026_08_30_02_28_46_968.jpg,/Users/martin/smart-technologies-ca2/data_track2/IMG/right_2026_08_30_02_28_46_968.jpg,0.7500002,0,0,21.62607
/Users/martin/smart-technologies-ca2/data_track2/IMG/center_2026_08_30_02_28_47_036.jpg,/Users/martin/smart-technologies-ca2/data_track2/IMG/left_2026_08_30_02_28_47_036.jpg,/Users/martin/smart-technologies-ca2/data_track2/IMG/right_2026_08_30_02_28_47_036.jpg,0,0.160767,0,20.83493
/Users/martin/smart-technologies-ca2/data_track2/IMG/center_2026_08_30_02_28_47_102.jpg,/Users/martin/smart-technologies-ca2/data_track2/IMG/left_2026_08_30_02_28_47_102.jpg,/Users/martin/smart-technologies-ca2/data_track2/IMG/right_2026_08_30_02_28_47_102.jpg,0,0.3486181,0,20.47612
/Users/martin/smart-technologies-ca2/data_track2/IMG/center_2026_08_30_02_28_47_171.jpg,/Users/martin/smart-technologies-ca2/data_track2/IMG/left_2026_08_30_02_28_47_171.jpg,/Users/martin/smart-technologies-ca2/data_track2/IMG/right_2026_08_30_02_28_47_171.jpg,0.2,0.5856932,0,20.38135
/Users/martin/smart-technologies-ca2/data_track2/IMG/center_2026_08_30_02_28_47_241.jpg,/Users/martin/smart-technologies-ca2/data_track2/IMG/left_2026_08_30_02_28_47_241.jpg,/Users/martin/smart-technologies-ca2/data_track2/IMG/right_2026_08_30_02_28_47_241.jpg,0,0.7688792,0,20.40246
/Users/martin/smart-technologies-ca2/data_track2/IMG/center_2026_08_30_02_28_47_311.jpg,/Users/martin/smart-technologies-ca2/data_track2/IMG/left_2026_08_30_02_28_47_311.jpg,/Users/martin/smart-technologies-ca2/data_track2/IMG/right_2026_08_30_02_28_47_311.jpg,0,1,0,20.3263
/Users/martin/smart-technologies-ca2/data_track2/IMG/center_2026_08_30_02_28_47_379.jpg,/Users/martin/smart-technologies-ca2/data_track2/IMG/left_2026_08_30_02_28_47_379.jpg,/Users/martin/smart-technologies-ca2/data_track2/IMG/right_2026_08_30_02_28_47_379.jpg,0,0.8980181,0,20.53897
/Users/martin/smart-technologies-ca2/data_track2/IMG/center_2026_08_30_02_28_47_449.jpg,/Users/martin/smart-technologies-ca2/data_track2/IMG/left_2026_08_30_02_28_47_449.jpg,/Users/martin/smart-technologies-ca2/data_track2/IMG/right_2026_08_30_02_28_47_449.jpg,0,0.652336,0,20.93571
/Users/martin/smart-technologies-ca2/data_track2/IMG/center_2026_08_30_02_28_47_516.jpg,/Users/martin/smart-technologies-ca2/data_track2/IMG/left_2026_08_30_02_28_47_516.jpg,/Users/martin/smart-technologies-ca2/data_track2/IMG/right_2026_08_30_02_28_47_516.jpg,0,0.5748913,0,20.76501
/Users/martin/smart-technologies-ca2/data_track2/IMG/center_2026_08_30_02_28_47_586.jpg,/Users/martin/smart-technologies-ca2/data_track2/IMG/left_2026_08_30_02_28_47_586.jpg,/Users/martin/smart-technologies-ca2/data_track2/IMG/right_2026_08_30_02_28_47_586.jpg,0.1,0.8092331,0,20.85765
/Users/martin/smart-technologies-ca2/data_track2/IMG/center_2026_08_30_02_28_47_654.jpg,/Users/martin/smart-technologies-ca2/data_track2/IMG/left_2026_08_30_02_28_47_654.jpg,/Users/martin/smart-technologies-ca2/data_track2/IMG/right_2026_08_30_02_28_47_654.jpg,0.25,0.9882884,0,21.05267
/Users/martin/smart-technologies-ca2/data_track2/IMG/center_2026_08_30_02_28_47_724.jpg,/Users/martin/smart-technologies-ca2/data_track2/IMG/left_2026_08_30_02_28_47_724.jpg,/Users/martin/smart-technologies-ca2/data_track2/IMG/right_2026_08_30_02_28_47_724.jpg,0.4,1,0,21.28381
/Users/martin/smart-technologies-ca2/data_track2/IMG/center_2026_08_30_02_28_47_791.jpg,/Users/martin/smart-technologies-ca2/data_track2/IMG/left_2026_08_30_02_28_47_791.jpg,/Users/martin/smart-technologies-ca2/data_track2/IMG/right_2026_08_30_02_28_47_791.jpg,0,1,0,21.59168
/Users/martin/smart-technologies-ca2/data_track2/IMG/center_2026_08_30_02_28_47_858.jpg,/Users/martin/smart-technologies-ca2/data_track2/IMG/left_2026_08_30_02_28_47_858.jpg,/Users/martin/smart-technologies-ca2/data_track2/IMG/right_2026_08_30_02_28_47_858.jpg,0,1,0,21.68666
/Users/martin/smart-technologies-ca2/data_track2/IMG/center_2026_08_30_02_28_47_928.jpg,/Users/martin/smart-technologies-ca2/data_track2/IMG/left_2026_08_30_02_28_47_928.jpg,/Users/martin/smart-technologies-ca2/data_track2/IMG/right_2026_08_30_02_28_47_928.jpg,-0.05,1,0,22.14069
/Users/martin/smart-technologies-ca2/data_track2/IMG/center_2026_08_30_02_28_47_998.jpg,/Users/martin/smart-technologies-ca2/data_track2/IMG/left_2026_08_30_02_28_47_998.jpg,/Users/martin/smart-technologies-ca2/data_track2/IMG/right_2026_08_30_02_28_47_998.jpg,-0.2,1,0,22.31823
/Users/martin/smart-technologies-ca2/data_track2/IMG/center_2026_08_30_02_28_48_069.jpg,/Users/martin/smart-technologies-ca2/data_track2/IMG/left_2026_08_30_02_28_48_069.jpg,/Users/martin/smart-technologies-ca2/data_track2/IMG/right_2026_08_30_02_28_48_069.jpg,-0.4,1,0,22.38867
/Users/martin/smart-technologies-ca2/data_track2/IMG/center_2026_08_30_02_28_48_136.jpg,/Users/martin/smart-technologies-ca2/data_track2/IMG/left_2026_08_30_02_28_48_136.jpg,/Users/martin/smart-technologies-ca2/data_track2/IMG/right_2026_08_30_02_28_48_136.jpg,0,1,0,22.51989
/Users/martin/smart-technologies-ca2/data_track2/IMG/center_2026_08_30_02_28_48_204.jpg,/Users/martin/smart-technologies-ca2/data_track2/IMG/left_2026_08_30_02_28_48_204.jpg,/Users/martin/smart-technologies-ca2/data_track2/IMG/right_2026_08_30_02_28_48_204.jpg,0,1,0,22.31306
/Users/martin/smart-technologies-ca2/data_track2/IMG/center_2026_08_30_02_28_48_274.jpg,/Users/martin/smart-technologies-ca2/data_track2/IMG/left_2026_08_30_02_28_48_274.jpg,/Users/martin/smart-technologies-ca2/data_track2/IMG/right_2026_08_30_02_28_48_274.jpg,0,1,0,22.46376
/Users/martin/smart-technologies-ca2/data_track2/IMG/center_2026_08_30_02_28_48_344.jpg,/Users/martin/smart-technologies-ca2/data_track2/IMG/left_2026_08_30_02_28_48_344.jpg,/Users/martin/smart-technologies-ca2/data_track2/IMG/right_2026_08_30_02_28_48_344.jpg,-0.15,1,0,22.60837
/Users/martin/smart-technologies-ca2/data_track2/IMG/center_2026_08_30_02_28_48_412.jpg,/Users/martin/smart-technologies-ca2/data_track2/IMG/left_2026_08_30_02_28_48_412.jpg,/Users/martin/smart-technologies-ca2/data_track2/IMG/right_2026_08_30_02_28_48_412.jpg,-0.35,1,0,22.92664
/Users/martin/smart-technologies-ca2/data_track2/IMG/center_2026_08_30_02_28_48_481.jpg,/Users/martin/smart-technologies-ca2/data_track2/IMG/left_2026_08_30_02_28_48_481.jpg,/Users/martin/smart-technologies-ca2/data_track2/IMG/right_2026_08_30_02_28_48_481.jpg,0,1,0,22.7254
/Users/martin/smart-technologies-ca2/data_track2/IMG/center_2026_08_30_02_28_48_549.jpg,/Users/martin/smart-technologies-ca2/data_track2/IMG/left_2026_08_30_02_28_48_549.jpg,/Users/martin/smart-technologies-ca2/data_track2/IMG/right_2026_08_30_02_28_48_549.jpg,0,1,0,22.60862
/Users/martin/smart-technologies-ca2/data_track2/IMG/center_2026_08_30_02_28_48_619.jpg,/Users/martin/smart-technologies-ca2/data_track2/IMG/left_2026_08_30_02_28_48_619.jpg,/Users/martin/smart-technologies-ca2/data_track2/IMG/right_2026_08_30_02_28_48_619.jpg,-0.1,1,0,22.96296
/Users/martin/smart-technologies-ca2/data_track2/IMG/center_2026_08_30_02_28_48_689.jpg,/Users/martin/smart-technologies-ca2/data_track2/IMG/left_2026_08_30_02_28_48_689.jpg,/Users/martin/smart-technologies-ca2/data_track2/IMG/right_2026_08_30_02_28_48_689.jpg,-0.3,1,0,23.54131
/Users/martin/smart-technologies-ca2/data_track2/IMG/center_2026_08_30_02_28_48_759.jpg,/Users/martin/smart-technologies-ca2/data_track2/IMG/left_2026_08_30_02_28_48_759.jpg,/Users/martin/smart-technologies-ca2/data_track2/IMG/right_2026_08_30_02_28_48_759.jpg,-0.45,1,0,24.03662
/Users/martin/smart-technologies-ca2/data_track2/IMG/center_2026_08_30_02_28_48_827.jpg,/Users/martin/smart-technologies-ca2/data_track2/IMG/left_2026_08_30_02_28_48_827.jpg,/Users/martin/smart-technologies-ca2/data_track2/IMG/right_2026_08_30_02_28_48_827.jpg,-0.6500001,1,0,24.45263
/Users/martin/smart-technologies-ca2/data_track2/IMG/center_2026_08_30_02_28_48_892.jpg,/Users/martin/smart-technologies-ca2/data_track2/IMG/left_2026_08_30_02_28_48_892.jpg,/Users/martin/smart-technologies-ca2/data_track2/IMG/right_2026_08_30_02_28_48_892.jpg,0,1,0,25.10795
/Users/martin/smart-technologies-ca2/data_track2/IMG/center_2026_08_30_02_28_48_961.jpg,/Users/martin/smart-technologies-ca2/data_track2/IMG/left_2026_08_30_02_28_48_961.jpg,/Users/martin/smart-technologies-ca2/data_track2/IMG/right_2026_08_30_02_28_48_961.jpg,0,1,0,25.58145
/Users/martin/smart-technologies-ca2/data_track2/IMG/center_2026_08_30_02_28_49_031.jpg,/Users/martin/smart-technologies-ca2/data_track2/IMG/left_2026_08_30_02_28_49_031.jpg,/Users/martin/smart-technologies-ca2/data_track2/IMG/right_2026_08_30_02_28_49_031.jpg,-0.05,1,0,26.53032
/Users/martin/smart-technologies-ca2/data_track2/IMG/center_2026_08_30_02_28_49_098.jpg,/Users/martin/smart-technologies-ca2/data_track2/IMG/left_2026_08_30_02_28_49_098.jpg,/Users/martin/smart-technologies-ca2/data_track2/IMG/right_2026_08_30_02_28_49_098.jpg,-0.2,1,0,27.34124
/Users/martin/smart-technologies-ca2/data_track2/IMG/center_2026_08_30_02_28_49_169.jpg,/Users/martin/smart-technologies-ca2/data_track2/IMG/left_2026_08_30_02_28_49_169.jpg,/Users/martin/smart-technologies-ca2/data_track2/IMG/right_2026_08_30_02_28_49_169.jpg,0,1,0,28.38811
/Users/martin/smart-technologies-ca2/data_track2/IMG/center_2026_08_30_02_28_49_237.jpg,/Users/martin/smart-technologies-ca2/data_track2/IMG/left_2026_08_30_02_28_49_237.jpg,/Users/martin/smart-technologies-ca2/data_track2/IMG/right_2026_08_30_02_28_49_237.jpg,-0.05,1,0,28.96517
/Users/martin/smart-technologies-ca2/data_track2/IMG/center_2026_08_30_02_28_49_305.jpg,/Users/martin/smart-technologies-ca2/data_track2/IMG/left_2026_08_30_02_28_49_305.jpg,/Users/martin/smart-technologies-ca2/data_track2/IMG/right_2026_08_30_02_28_49_305.jpg,-0.25,1,0,29.82664
/Users/martin/smart-technologies-ca2/data_track2/IMG/center_2026_08_30_02_28_49_375.jpg,/Users/martin/smart-technologies-ca2/data_track2/IMG/left_2026_08_30_02_28_49_375.jpg,/Users/martin/smart-technologies-ca2/data_track2/IMG/right_2026_08_30_02_28_49_375.jpg,-0.4,1,0,30.14274
/Users/martin/smart-technologies-ca2/data_track2/IMG/center_2026_08_30_02_28_49_445.jpg,/Users/martin/smart-technologies-ca2/data_track2/IMG/left_2026_08_30_02_28_49_445.jpg,/Users/martin/smart-technologies-ca2/data_track2/IMG/right_2026_08_30_02_28_49_445.jpg,-0.5500001,1,0,30.13931
/Users/martin/smart-technologies-ca2/data_track2/IMG/center_2026_08_30_02_28_49_512.jpg,/Users/martin/smart-technologies-ca2/data_track2/IMG/left_2026_08_30_02_28_49_512.jpg,/Users/martin/smart-technologies-ca2/data_track2/IMG/right_2026_08_30_02_28_49_512.jpg,0,1,0,30.02943
/Users/martin/smart-technologies-ca2/data_track2/IMG/center_2026_08_30_02_28_49_579.jpg,/Users/martin/smart-technologies-ca2/data_track2/IMG/left_2026_08_30_02_28_49_579.jpg,/Users/martin/smart-technologies-ca2/data_track2/IMG/right_2026_08_30_02_28_49_579.jpg,0,1,0,30.25438
/Users/martin/smart-technologies-ca2/data_track2/IMG/center_2026_08_30_02_28_49_649.jpg,/Users/martin/smart-technologies-ca2/data_track2/IMG/left_2026_08_30_02_28_49_649.jpg,/Users/martin/smart-technologies-ca2/data_track2/IMG/right_2026_08_30_02_28_49_649.jpg,-0.1,1,0,30.17327
/Users/martin/smart-technologies-ca2/data_track2/IMG/center_2026_08_30_02_28_49_719.jpg,/Users/martin/smart-technologies-ca2/data_track2/IMG/left_2026_08_30_02_28_49_719.jpg,/Users/martin/smart-technologies-ca2/data_track2/IMG/right_2026_08_30_02_28_49_719.jpg,-0.25,1,0,30.16548
/Users/martin/smart-technologies-ca2/data_track2/IMG/center_2026_08_30_02_28_49_786.jpg,/Users/martin/smart-technologies-ca2/data_track2/IMG/left_2026_08_30_02_28_49_786.jpg,/Users/martin/smart-technologies-ca2/data_track2/IMG/right_2026_08_30_02_28_49_786.jpg,-0.45,1,0,30.05726
/Users/martin/smart-technologies-ca2/data_track2/IMG/center_2026_08_30_02_28_49_853.jpg,/Users/martin/smart-technologies-ca2/data_track2/IMG/left_2026_08_30_02_28_49_853.jpg,/Users/martin/smart-technologies-ca2/data_track2/IMG/right_2026_08_30_02_28_49_853.jpg,-0.6000001,1,0,30.09126
/Users/martin/smart-technologies-ca2/data_track2/IMG/center_2026_08_30_02_28_49_922.jpg,/Users/martin/smart-technologies-ca2/data_track2/IMG/left_2026_08_30_02_28_49_922.jpg,/Users/martin/smart-technologies-ca2/data_track2/IMG/right_2026_08_30_02_28_49_922.jpg,-0.7500002,1,0,29.7024
/Users/martin/smart-technologies-ca2/data_track2/IMG/center_2026_08_30_02_28_49_989.jpg,/Users/martin/smart-technologies-ca2/data_track2/IMG/left_2026_08_30_02_28_49_989.jpg,/Users/martin/smart-technologies-ca2/data_track2/IMG/right_2026_08_30_02_28_49_989.jpg,-0.9500002,1,0,29.93777
/Users/martin/smart-technologies-ca2/data_track2/IMG/center_2026_08_30_02_28_50_059.jpg,/Users/martin/smart-technologies-ca2/data_track2/IMG/left_2026_08_30_02_28_50_059.jpg,/Users/martin/smart-technologies-ca2/data_track2/IMG/right_2026_08_30_02_28_50_059.jpg,0,1,0,30.05025
/Users/martin/smart-technologies-ca2/data_track2/IMG/center_2026_08_30_02_28_50_126.jpg,/Users/martin/smart-technologies-ca2/data_track2/IMG/left_2026_08_30_02_28_50_126.jpg,/Users/martin/smart-technologies-ca2/data_track2/IMG/right_2026_08_30_02_28_50_126.jpg,0,1,0,30.1146
/Users/martin/smart-technologies-ca2/data_track2/IMG/center_2026_08_30_02_28_50_193.jpg,/Users/martin/smart-technologies-ca2/data_track2/IMG/left_2026_08_30_02_28_50_193.jpg,/Users/martin/smart-technologies-ca2/data_track2/IMG/right_2026_08_30_02_28_50_193.jpg,0,1,0,30.10462
/Users/martin/smart-technologies-ca2/data_track2/IMG/center_2026_08_30_02_28_50_265.jpg,/Users/martin/smart-technologies-ca2/data_track2/IMG/left_2026_08_30_02_28_50_265.jpg,/Users/martin/smart-technologies-ca2/data_track2/IMG/right_2026_08_30_02_28_50_265.jpg,0,1,0,30.16357
/Users/martin/smart-technologies-ca2/data_track2/IMG/center_2026_08_30_02_28_50_335.jpg,/Users/martin/smart-technologies-ca2/data_track2/IMG/left_2026_08_30_02_28_50_335.jpg,/Users/martin/smart-technologies-ca2/data_track2/IMG/right_2026_08_30_02_28_50_335.jpg,0,1,0,30.03526
/Users/martin/smart-technologies-ca2/data_track2/IMG/center_2026_08_30_02_28_50_405.jpg,/Users/martin/smart-technologies-ca2/data_track2/IMG/left_2026_08_30_02_28_50_405.jpg,/Users/martin/smart-technologies-ca2/data_track2/IMG/right_2026_08_30_02_28_50_405.jpg,-0.2,1,0,30.10158
/Users/martin/smart-technologies-ca2/data_track2/IMG/center_2026_08_30_02_28_50_473.jpg,/Users/martin/smart-technologies-ca2/data_track2/IMG/left_2026_08_30_02_28_50_473.jpg,/Users/martin/smart-technologies-ca2/data_track2/IMG/right_2026_08_30_02_28_50_473.jpg,0,1,0,30.34561
/Users/martin/smart-technologies-ca2/data_track2/IMG/center_2026_08_30_02_28_50_542.jpg,/Users/martin/smart-technologies-ca2/data_track2/IMG/left_2026_08_30_02_28_50_542.jpg,/Users/martin/smart-technologies-ca2/data_track2/IMG/right_2026_08_30_02_28_50_542.jpg,0,1,0,29.99069
/Users/martin/smart-technologies-ca2/data_track2/IMG/center_2026_08_30_02_28_50_610.jpg,/Users/martin/smart-technologies-ca2/data_track2/IMG/left_2026_08_30_02_28_50_610.jpg,/Users/martin/smart-technologies-ca2/data_track2/IMG/right_2026_08_30_02_28_50_610.jpg,-0.1,1,0,30.08856
/Users/martin/smart-technologies-ca2/data_track2/IMG/center_2026_08_30_02_28_50_680.jpg,/Users/martin/smart-technologies-ca2/data_track2/IMG/left_2026_08_30_02_28_50_680.jpg,/Users/martin/smart-technologies-ca2/data_track2/IMG/right_2026_08_30_02_28_50_680.jpg,-0.25,1,0,29.97232
/Users/martin/smart-technologies-ca2/data_track2/IMG/center_2026_08_30_02_28_50_748.jpg,/Users/martin/smart-technologies-ca2/data_track2/IMG/left_2026_08_30_02_28_50_748.jpg,/Users/martin/smart-technologies-ca2/data_track2/IMG/right_2026_08_30_02_28_50_748.jpg,-0.45,1,0,30.0641
/Users/martin/smart-technologies-ca2/data_track2/IMG/center_2026_08_30_02_28_50_814.jpg,/Users/martin/smart-technologies-ca2/data_track2/IMG/left_2026_08_30_02_28_50_814.jpg,/Users/martin/smart-technologies-ca2/data_track2/IMG/right_2026_08_30_02_28_50_814.jpg,-0.6000001,1,0,30.0372
/Users/martin/smart-technologies-ca2/data_track2/IMG/center_2026_08_30_02_28_50_884.jpg,/Users/martin/smart-technologies-ca2/data_track2/IMG/left_2026_08_30_02_28_50_884.jpg,/Users/martin/smart-technologies-ca2/data_track2/IMG/right_2026_08_30_02_28_50_884.jpg,-0.7500002,1,0,29.96368
/Users/martin/smart-technologies-ca2/data_track2/IMG/center_2026_08_30_02_28_50_951.jpg,/Users/martin/smart-technologies-ca2/data_track2/IMG/left_2026_08_30_02_28_50_951.jpg,/Users/martin/smart-technologies-ca2/data_track2/IMG/right_2026_08_30_02_28_50_951.jpg,0,1,0,30.08382
/Users/martin/smart-technologies-ca2/data_track2/IMG/center_2026_08_30_02_28_51_022.jpg,/Users/martin/smart-technologies-ca2/data_track2/IMG/left_2026_08_30_02_28_51_022.jpg,/Users/martin/smart-technologies-ca2/data_track2/IMG/right_2026_08_30_02_28_51_022.jpg,0,1,0,30.04947
/Users/martin/smart-technologies-ca2/data_track2/IMG/center_2026_08_30_02_28_51_093.jpg,/Users/martin/smart-technologies-ca2/data_track2/IMG/left_2026_08_30_02_28_51_093.jpg,/Users/martin/smart-technologies-ca2/data_track2/IMG/right_2026_08_30_02_28_51_093.jpg,-0.15,1,0,30.0734
/Users/martin/smart-technologies-ca2/data_track2/IMG/center_2026_08_30_02_28_51_160.jpg,/Users/martin/smart-technologies-ca2/data_track2/IMG/left_2026_08_30_02_28_51_160.jpg,/Users/martin/smart-technologies-ca2/data_track2/IMG/right_2026_08_30_02_28_51_160.jpg,-0.3,0.9502239,0,30.11029
/Users/martin/smart-technologies-ca2/data_track2/IMG/center_2026_08_30_02_28_51_231.jpg,/Users/martin/smart-technologies-ca2/data_track2/IMG/left_2026_08_30_02_28_51_231.jpg,/Users/martin/smart-technologies-ca2/data_track2/IMG/right_2026_08_30_02_28_51_231.jpg,-0.5000001,0.7159297,0,30.01612
/Users/martin/smart-technologies-ca2/data_track2/IMG/center_2026_08_30_02_28_51_298.jpg,/Users/martin/smart-technologies-ca2/data_track2/IMG/left_2026_08_30_02_28_51_298.jpg,/Users/martin/smart-technologies-ca2/data_track2/IMG/right_2026_08_30_02_28_51_298.jpg,0,0.5389268,0,29.97676
/Users/martin/smart-technologies-ca2/data_track2/IMG/center_2026_08_30_02_28_51_368.jpg,/Users/martin/smart-technologies-ca2/data_track2/IMG/left_2026_08_30_02_28_51_368.jpg,/Users/martin/smart-technologies-ca2/data_track2/IMG/right_2026_08_30_02_28_51_368.jpg,-0.1,0.289951,0,29.88569
/Users/martin/smart-technologies-ca2/data_track2/IMG/center_2026_08_30_02_28_51_439.jpg,/Users/martin/smart-technologies-ca2/data_track2/IMG/left_2026_08_30_02_28_51_439.jpg,/Users/martin/smart-technologies-ca2/data_track2/IMG/right_2026_08_30_02_28_51_439.jpg,-0.25,0.115606,0,29.65425
/Users/martin/smart-technologies-ca2/data_track2/IMG/center_2026_08_30_02_28_51_506.jpg,/Users/martin/smart-technologies-ca2/data_track2/IMG/left_2026_08_30_02_28_51_506.jpg,/Users/martin/smart-technologies-ca2/data_track2/IMG/right_2026_08_30_02_28_51_506.jpg,0,0,0,29.2024
/Users/martin/smart-technologies-ca2/data_track2/IMG/center_2026_08_30_02_28_51_572.jpg,/Users/martin/smart-technologies-ca2/data_track2/IMG/left_2026_08_30_02_28_51_572.jpg,/Users/martin/smart-technologies-ca2/data_track2/IMG/right_2026_08_30_02_28_51_572.jpg,0,0,0,28.86138
/Users/martin/smart-technologies-ca2/data_track2/IMG/center_2026_08_30_02_28_51_643.jpg,/Users/martin/smart-technologies-ca2/data_track2/IMG/left_2026_08_30_02_28_51_643.jpg,/Users/martin/smart-technologies-ca2/data_track2/IMG/right_2026_08_30_02_28_51_643.jpg,-0.15,0,0,28.5592
/Users/martin/smart-technologies-ca2/data_track2/IMG/center_2026_08_30_02_28_51_714.jpg,/Users/martin/smart-technologies-ca2/data_track2/IMG/left_2026_08_30_02_28_51_714.jpg,/Users/martin/smart-technologies-ca2/data_track2/IMG/right_2026_08_30_02_28_51_714.jpg,-0.35,0,0,28.15743
/Users/martin/smart-technologies-ca2/data_track2/IMG/center_2026_08_30_02_28_51_781.jpg,/Users/martin/smart-technologies-ca2/data_track2/IMG/left_2026_08_30_02_28_51_781.jpg,/Users/martin/smart-technologies-ca2/data_track2/IMG/right_2026_08_30_02_28_51_781.jpg,-0.5000001,0,0,27.77624
/Users/martin/smart-technologies-ca2/data_track2/IMG/center_2026_08_30_02_28_51_851.jpg,/Users/martin/smart-technologies-ca2/data_track2/IMG/left_2026_08_30_02_28_51_851.jpg,/Users/martin/smart-technologies-ca2/data_track2/IMG/right_2026_08_30_02_28_51_851.jpg,-0.7,0,0,27.25524
/Users/martin/smart-technologies-ca2/data_track2/IMG/center_2026_08_30_02_28_51_920.jpg,/Users/martin/smart-technologies-ca2/data_track2/IMG/left_2026_08_30_02_28_51_920.jpg,/Users/martin/smart-technologies-ca2/data_track2/IMG/right_2026_08_30_02_28_51_920.jpg,-0.8500001,0,0,26.96345
/Users/martin/smart-technologies-ca2/data_track2/IMG/center_2026_08_30_02_28_51_989.jpg,/Users/martin/smart-technologies-ca2/data_track2/IMG/left_2026_08_30_02_28_51_989.jpg,/Users/martin/smart-technologies-ca2/data_track2/IMG/right_2026_08_30_02_28_51_989.jpg,-1,0,0,26.32675
/Users/martin/smart-technologies-ca2/data_track2/IMG/center_2026_08_30_02_28_52_056.jpg,/Users/martin/smart-technologies-ca2/data_track2/IMG/left_2026_08_30_02_28_52_056.jpg,/Users/martin/smart-technologies-ca2/data_track2/IMG/right_2026_08_30_02_28_52_056.jpg,0,0,0,26.05734
/Users/martin/smart-technologies-ca2/data_track2/IMG/center_2026_08_30_02_28_52_126.jpg,/Users/martin/smart-technologies-ca2/data_track2/IMG/left_2026_08_30_02_28_52_126.jpg,/Users/martin/smart-technologies-ca2/data_track2/IMG/right_2026_08_30_02_28_52_126.jpg,0,0,0,25.79494
/Users/martin/smart-technologies-ca2/data_track2/IMG/center_2026_08_30_02_28_52_193.jpg,/Users/martin/smart-technologies-ca2/data_track2/IMG/left_2026_08_30_02_28_52_193.jpg,/Users/martin/smart-technologies-ca2/data_track2/IMG/right_2026_08_30_02_28_52_193.jpg,-0.05,0.109506,0,25.65333
/Users/martin/smart-technologies-ca2/data_track2/IMG/center_2026_08_30_02_28_52_260.jpg,/Users/martin/smart-technologies-ca2/data_track2/IMG/left_2026_08_30_02_28_52_260.jpg,/Users/martin/smart-technologies-ca2/data_track2/IMG/right_2026_08_30_02_28_52_260.jpg,-0.2,0.3000569,0,25.63446
/Users/martin/smart-technologies-ca2/data_track2/IMG/center_2026_08_30_02_28_52_329.jpg,/Users/martin/smart-technologies-ca2/data_track2/IMG/left_2026_08_30_02_28_52_329.jpg,/Users/martin/smart-technologies-ca2/data_track2/IMG/right_2026_08_30_02_28_52_329.jpg,-0.4,0.532146,0,25.76116
/Users/martin/smart-technologies-ca2/data_track2/IMG/center_2026_08_30_02_28_52_397.jpg,/Users/martin/smart-technologies-ca2/data_track2/IMG/left_2026_08_30_02_28_52_397.jpg,/Users/martin/smart-technologies-ca2/data_track2/IMG/right_2026_08_30_02_28_52_397.jpg,-0.5500001,0.7095029,0,25.95234
/Users/martin/smart-technologies-ca2/data_track2/IMG/center_2026_08_30_02_28_52_464.jpg,/Users/martin/smart-technologies-ca2/data_track2/IMG/left_2026_08_30_02_28_52_464.jpg,/Users/martin/smart-technologies-ca2/data_track2/IMG/right_2026_08_30_02_28_52_464.jpg,-0.7,0.8247782,0,26.21699
/Users/martin/smart-technologies-ca2/data_track2/IMG/center_2026_08_30_02_28_52_532.jpg,/Users/martin/smart-technologies-ca2/data_track2/IMG/left_2026_08_30_02_28_52_532.jpg,/Users/martin/smart-technologies-ca2/data_track2/IMG/right_2026_08_30_02_28_52_532.jpg,0,0.5904812,0,26.47653
/Users/martin/smart-technologies-ca2/data_track2/IMG/center_2026_08_30_02_28_52_602.jpg,/Users/martin/smart-technologies-ca2/data_track2/IMG/left_2026_08_30_02_28_52_602.jpg,/Users/martin/smart-technologies-ca2/data_track2/IMG/right_2026_08_30_02_28_52_602.jpg,0,0.4135112,0,26.61684
/Users/martin/smart-technologies-ca2/data_track2/IMG/center_2026_08_30_02_28_52_669.jpg,/Users/martin/smart-technologies-ca2/data_track2/IMG/left_2026_08_30_02_28_52_669.jpg,/Users/martin/smart-technologies-ca2/data_track2/IMG/right_2026_08_30_02_28_52_669.jpg,0,0.3269759,0,26.68674
/Users/martin/smart-technologies-ca2/data_track2/IMG/center_2026_08_30_02_28_52_740.jpg,/Users/martin/smart-technologies-ca2/data_track2/IMG/left_2026_08_30_02_28_52_740.jpg,/Users/martin/smart-technologies-ca2/data_track2/IMG/right_2026_08_30_02_28_52_740.jpg,-0.15,0.5106118,0,26.82731
/Users/martin/smart-technologies-ca2/data_track2/IMG/center_2026_08_30_02_28_52_810.jpg,/Users/martin/smart-technologies-ca2/data_track2/IMG/left_2026_08_30_02_28_52_810.jpg,/Users/martin/smart-technologies-ca2/data_track2/IMG/right_2026_08_30_02_28_52_810.jpg,-0.35,0.7491059,0,27.17653
/Users/martin/smart-technologies-ca2/data_track2/IMG/center_2026_08_30_02_28_52_882.jpg,/Users/martin/smart-technologies-ca2/data_track2/IMG/left_2026_08_30_02_28_52_882.jpg,/Users/martin/smart-technologies-ca2/data_track2/IMG/right_2026_08_30_02_28_52_882.jpg,0,0.9367436,0,27.60915
/Users/martin/smart-technologies-ca2/data_track2/IMG/center_2026_08_30_02_28_52_952.jpg,/Users/martin/smart-technologies-ca2/data_track2/IMG/left_2026_08_30_02_28_52_952.jpg,/Users/martin/smart-technologies-ca2/data_track2/IMG/right_2026_08_30_02_28_52_952.jpg,0,1,0,28.34084
/Users/martin/smart-technologies-ca2/data_track2/IMG/center_2026_08_30_02_28_53_022.jpg,/Users/martin/smart-technologies-ca2/data_track2/IMG/left_2026_08_30_02_28_53_022.jpg,/Users/martin/smart-technologies-ca2/data_track2/IMG/right_2026_08_30_02_28_53_022.jpg,0,1,0,28.89521
/Users/martin/smart-technologies-ca2/data_track2/IMG/center_2026_08_30_02_28_53_093.jpg,/Users/martin/smart-technologies-ca2/data_track2/IMG/left_2026_08_30_02_28_53_093.jpg,/Users/martin/smart-technologies-ca2/data_track2/IMG/right_2026_08_30_02_28_53_093.jpg,0,1,0,29.63008
/Users/martin/smart-technologies-ca2/data_track2/IMG/center_2026_08_30_02_28_53_165.jpg,/Users/martin/smart-technologies-ca2/data_track2/IMG/left_2026_08_30_02_28_53_165.jpg,/Users/martin/smart-technologies-ca2/data_track2/IMG/right_2026_08_30_02_28_53_165.jpg,-0.05,1,0,30.19167
/Users/martin/smart-technologies-ca2/data_track2/IMG/center_2026_08_30_02_28_53_235.jpg,/Users/martin/smart-technologies-ca2/data_track2/IMG/left_2026_08_30_02_28_53_235.jpg,/Users/martin/smart-technologies-ca2/data_track2/IMG/right_2026_08_30_02_28_53_235.jpg,-0.2,1,0,30.18019
/Users/martin/smart-technologies-ca2/data_track2/IMG/center_2026_08_30_02_28_53_305.jpg,/Users/martin/smart-technologies-ca2/data_track2/IMG/left_2026_08_30_02_28_53_305.jpg,/Users/martin/smart-technologies-ca2/data_track2/IMG/right_2026_08_30_02_28_53_305.jpg,-0.4,1,0,30.15804
/Users/martin/smart-technologies-ca2/data_track2/IMG/center_2026_08_30_02_28_53_372.jpg,/Users/martin/smart-technologies-ca2/data_track2/IMG/left_2026_08_30_02_28_53_372.jpg,/Users/martin/smart-technologies-ca2/data_track2/IMG/right_2026_08_30_02_28_53_372.jpg,-0.5500001,1,0,30.13953
/Users/martin/smart-technologies-ca2/data_track2/IMG/center_2026_08_30_02_28_53_440.jpg,/Users/martin/smart-technologies-ca2/data_track2/IMG/left_2026_08_30_02_28_53_440.jpg,/Users/martin/smart-technologies-ca2/data_track2/IMG/right_2026_08_30_02_28_53_440.jpg,-0.7,1,0,30.12128
/Users/martin/smart-technologies-ca2/data_track2/IMG/center_2026_08_30_02_28_53_510.jpg,/Users/martin/smart-technologies-ca2/data_track2/IMG/left_2026_08_30_02_28_53_510.jpg,/Users/martin/smart-technologies-ca2/data_track2/IMG/right_2026_08_30_02_28_53_510.jpg,-0.9000002,1,0,30.10107
/Users/martin/smart-technologies-ca2/data_track2/IMG/center_2026_08_30_02_28_53_581.jpg,/Users/martin/smart-technologies-ca2/data_track2/IMG/left_2026_08_30_02_28_53_581.jpg,/Users/martin/smart-technologies-ca2/data_track2/IMG/right_2026_08_30_02_28_53_581.jpg,0,1,0,30.17411
/Users/martin/smart-technologies-ca2/data_track2/IMG/center_2026_08_30_02_28_53_648.jpg,/Users/martin/smart-technologies-ca2/data_track2/IMG/left_2026_08_30_02_28_53_648.jpg,/Users/martin/smart-technologies-ca2/data_track2/IMG/right_2026_08_30_02_28_53_648.jpg,0,1,0,30.18546
/Users/martin/smart-technologies-ca2/data_track2/IMG/center_2026_08_30_02_28_53_715.jpg,/Users/martin/smart-technologies-ca2/data_track2/IMG/left_2026_08_30_02_28_53_715.jpg,/Users/martin/smart-technologies-ca2/data_track2/IMG/right_2026_08_30_02_28_53_715.jpg,-0.15,1,0,30.19123
/Users/martin/smart-technologies-ca2/data_track2/IMG/center_2026_08_30_02_28_53_785.jpg,/Users/martin/smart-technologies-ca2/data_track2/IMG/left_2026_08_30_02_28_53_785.jpg,/Users/martin/smart-technologies-ca2/data_track2/IMG/right_2026_08_30_02_28_53_785.jpg,-0.35,1,0,30.17298
/Users/martin/smart-technologies-ca2/data_track2/IMG/center_2026_08_30_02_28_53_852.jpg,/Users/martin/smart-technologies-ca2/data_track2/IMG/left_2026_08_30_02_28_53_852.jpg,/Users/martin/smart-technologies-ca2/data_track2/IMG/right_2026_08_30_02_28_53_852.jpg,-0.5000001,1,0,30.15261
/Users/martin/smart-technologies-ca2/data_track2/IMG/center_2026_08_30_02_28_53_922.jpg,/Users/martin/smart-technologies-ca2/data_track2/IMG/left_2026_08_30_02_28_53_922.jpg,/Users/martin/smart-technologies-ca2/data_track2/IMG/right_2026_08_30_02_28_53_922.jpg,-0.6500001,1,0,30.13221
/Users/martin/smart-technologies-ca2/data_track2/IMG/center_2026_08_30_02_28_53_993.jpg,/Users/martin/smart-technologies-ca2/data_track2/IMG/left_2026_08_30_02_28_53_993.jpg,/Users/martin/smart-technologies-ca2/data_track2/IMG/right_2026_08_30_02_28_53_993.jpg,-0.8500001,1,0,30.108
/Users/martin/smart-technologies-ca2/data_track2/IMG/center_2026_08_30_02_28_54_060.jpg,/Users/martin/smart-technologies-ca2/data_track2/IMG/left_2026_08_30_02_28_54_060.jpg,/Users/martin/smart-technologies-ca2/data_track2/IMG/right_2026_08_30_02_28_54_060.jpg,-1,1,0,30.09455
/Users/martin/smart-technologies-ca2/data_track2/IMG/center_2026_08_30_02_28_54_132.jpg,/Users/martin/smart-technologies-ca2/data_track2/IMG/left_2026_08_30_02_28_54_132.jpg,/Users/martin/smart-technologies-ca2/data_track2/IMG/right_2026_08_30_02_28_54_132.jpg,-1,0.7643021,0,30.06564
/Users/martin/smart-technologies-ca2/data_track2/IMG/center_2026_08_30_02_28_54_202.jpg,/Users/martin/smart-technologies-ca2/data_track2/IMG/left_2026_08_30_02_28_54_202.jpg,/Users/martin/smart-technologies-ca2/data_track2/IMG/right_2026_08_30_02_28_54_202.jpg,0,0.5887569,0,30.04544
/Users/martin/smart-technologies-ca2/data_track2/IMG/center_2026_08_30_02_28_54_270.jpg,/Users/martin/smart-technologies-ca2/data_track2/IMG/left_2026_08_30_02_28_54_270.jpg,/Users/martin/smart-technologies-ca2/data_track2/IMG/right_2026_08_30_02_28_54_270.jpg,0,0.5509782,0,30.04857
/Users/martin/smart-technologies-ca2/data_track2/IMG/center_2026_08_30_02_28_54_341.jpg,/Users/martin/smart-technologies-ca2/data_track2/IMG/left_2026_08_30_02_28_54_341.jpg,/Users/martin/smart-technologies-ca2/data_track2/IMG/right_2026_08_30_02_28_54_341.jpg,0,0.7366811,0,30.10765
/Users/martin/smart-technologies-ca2/data_track2/IMG/center_2026_08_30_02_28_54_409.jpg,/Users/martin/smart-technologies-ca2/data_track2/IMG/left_2026_08_30_02_28_54_409.jpg,/Users/martin/smart-technologies-ca2/data_track2/IMG/right_2026_08_30_02_28_54_409.jpg,0.05,0.9812142,0,30.16769
/Users/martin/smart-technologies-ca2/data_track2/IMG/center_2026_08_30_02_28_54_478.jpg,/Users/martin/smart-technologies-ca2/data_track2/IMG/left_2026_08_30_02_28_54_478.jpg,/Users/martin/smart-technologies-ca2/data_track2/IMG/right_2026_08_30_02_28_54_478.jpg,0.2,1,0,30.17322
/Users/martin/smart-technologies-ca2/data_track2/IMG/center_2026_08_30_02_28_54_548.jpg,/Users/martin/smart-technologies-ca2/data_track2/IMG/left_2026_08_30_02_28_54_548.jpg,/Users/martin/smart-technologies-ca2/data_track2/IMG/right_2026_08_30_02_28_54_548.jpg,0.4,1,0,30.15224
/Users/martin/smart-technologies-ca2/data_track2/IMG/center_2026_08_30_02_28_54_616.jpg,/Users/martin/smart-technologies-ca2/data_track2/IMG/left_2026_08_30_02_28_54_616.jpg,/Users/martin/smart-technologies-ca2/data_track2/IMG/right_2026_08_30_02_28_54_616.jpg,0,1,0,30.17424
/Users/martin/smart-technologies-ca2/data_track2/IMG/center_2026_08_30_02_28_54_687.jpg,/Users/martin/smart-technologies-ca2/data_track2/IMG/left_2026_08_30_02_28_54_687.jpg,/Users/martin/smart-technologies-ca2/data_track2/IMG/right_2026_08_30_02_28_54_687.jpg,0,1,0,30.18758
/Users/martin/smart-technologies-ca2/data_track2/IMG/center_2026_08_30_02_28_54_754.jpg,/Users/martin/smart-technologies-ca2/data_track2/IMG/left_2026_08_30_02_28_54_754.jpg,/Users/martin/smart-technologies-ca2/data_track2/IMG/right_2026_08_30_02_28_54_754.jpg,0.15,1,0,30.18849
/Users/martin/smart-technologies-ca2/data_track2/IMG/center_2026_08_30_02_28_54_826.jpg,/Users/martin/smart-technologies-ca2/data_track2/IMG/left_2026_08_30_02_28_54_826.jpg,/Users/martin/smart-technologies-ca2/data_track2/IMG/right_2026_08_30_02_28_54_826.jpg,0.35,1,0,30.16924
/Users/martin/smart-technologies-ca2/data_track2/IMG/center_2026_08_30_02_28_54_896.jpg,/Users/martin/smart-technologies-ca2/data_track2/IMG/left_2026_08_30_02_28_54_896.jpg,/Users/martin/smart-technologies-ca2/data_track2/IMG/right_2026_08_30_02_28_54_896.jpg,0.5000001,1,0,30.14984
/Users/martin/smart-technologies-ca2/data_track2/IMG/center_2026_08_30_02_28_54_965.jpg,/Users/martin/smart-technologies-ca2/data_track2/IMG/left_2026_08_30_02_28_54_965.jpg,/Users/martin/smart-technologies-ca2/data_track2/IMG/right_2026_08_30_02_28_54_965.jpg,0,1,0,30.11987
/Users/martin/smart-technologies-ca2/data_track2/IMG/center_2026_08_30_02_28_55_035.jpg,/Users/martin/smart-technologies-ca2/data_track2/IMG/left_2026_08_30_02_28_55_035.jpg,/Users/martin/smart-technologies-ca2/data_track2/IMG/right_2026_08_30_02_28_55_035.jpg,0,1,0,30.14655
/Users/martin/smart-technologies-ca2/data_track2/IMG/center_2026_08_30_02_28_55_106.jpg,/Users/martin/smart-technologies-ca2/data_track2/IMG/left_2026_08_30_02_28_55_106.jpg,/Users/martin/smart-technologies-ca2/data_track2/IMG/right_2026_08_30_02_28_55_106.jpg,0,1,0,30.17995
/Users/martin/smart-technologies-ca2/data_track2/IMG/center_2026_08_30_02_28_55_172.jpg,/Users/martin/smart-technologies-ca2/data_track2/IMG/left_2026_08_30_02_28_55_172.jpg,/Users/martin/smart-technologies-ca2/data_track2/IMG/right_2026_08_30_02_28_55_172.jpg,0,1,0,30.09219
/Users/martin/smart-technologies-ca2/data_track2/IMG/center_2026_08_30_02_28_55_243.jpg,/Users/martin/smart-technologies-ca2/data_track2/IMG/left_2026_08_30_02_28_55_243.jpg,/Users/martin/smart-technologies-ca2/data_track2/IMG/right_2026_08_30_02_28_55_243.jpg,0,0.9133121,0,30.08431
/Users/martin/smart-technologies-ca2/data_track2/IMG/center_2026_08_30_02_28_55_315.jpg,/Users/martin/smart-technologies-ca2/data_track2/IMG/left_2026_08_30_02_28_55_315.jpg,/Users/martin/smart-technologies-ca2/data_track2/IMG/right_2026_08_30_02_28_55_315.jpg,0,0.6762853,0,30.0724
/Users/martin/smart-technologies-ca2/data_track2/IMG/center_2026_08_30_02_28_55_385.jpg,/Users/martin/smart-technologies-ca2/data_track2/IMG/left_2026_08_30_02_28_55_385.jpg,/Users/martin/smart-technologies-ca2/data_track2/IMG/right_2026_08_30_02_28_55_385.jpg,0,0,0.210444,28.10656
/Users/martin/smart-technologies-ca2/data_track2/IMG/center_2026_08_30_02_28_55_452.jpg,/Users/martin/smart-technologies-ca2/data_track2/IMG/left_2026_08_30_02_28_55_452.jpg,/Users/martin/smart-technologies-ca2/data_track2/IMG/right_2026_08_30_02_28_55_452.jpg,0.15,0,0.3241625,26.25331
/Users/martin/smart-technologies-ca2/data_track2/IMG/center_2026_08_30_02_28_55_520.jpg,/Users/martin/smart-technologies-ca2/data_track2/IMG/left_2026_08_30_02_28_55_520.jpg,/Users/martin/smart-technologies-ca2/data_track2/IMG/right_2026_08_30_02_28_55_520.jpg,0.3,0,0.1477625,25.02041
/Users/martin/smart-technologies-ca2/data_track2/IMG/center_2026_08_30_02_28_55_588.jpg,/Users/martin/smart-technologies-ca2/data_track2/IMG/left_2026_08_30_02_28_55_588.jpg,/Users/martin/smart-technologies-ca2/data_track2/IMG/right_2026_08_30_02_28_55_588.jpg,0.5000001,0,0,23.28688
/Users/martin/smart-technologies-ca2/data_track2/IMG/center_2026_08_30_02_28_55_657.jpg,/Users/martin/smart-technologies-ca2/data_track2/IMG/left_2026_08_30_02_28_55_657.jpg,/Users/martin/smart-technologies-ca2/data_track2/IMG/right_2026_08_30_02_28_55_657.jpg,0,0,0,22.19632
/Users/martin/smart-technologies-ca2/data_track2/IMG/center_2026_08_30_02_28_55_726.jpg,/Users/martin/smart-technologies-ca2/data_track2/IMG/left_2026_08_30_02_28_55_726.jpg,/Users/martin/smart-technologies-ca2/data_track2/IMG/right_2026_08_30_02_28_55_726.jpg,0,0.1334578,0,21.85554
/Users/martin/smart-technologies-ca2/data_track2/IMG/center_2026_08_30_02_28_55_793.jpg,/Users/martin/smart-technologies-ca2/data_track2/IMG/left_2026_08_30_02_28_55_793.jpg,/Users/martin/smart-technologies-ca2/data_track2/IMG/right_2026_08_30_02_28_55_793.jpg,0,0.310137,0,21.7291
/Users/martin/smart-technologies-ca2/data_track2/IMG/center_2026_08_30_02_28_55_864.jpg,/Users/martin/smart-technologies-ca2/data_track2/IMG/left_2026_08_30_02_28_55_864.jpg,/Users/martin/smart-technologies-ca2/data_track2/IMG/right_2026_08_30_02_28_55_864.jpg,0,0.4994878,0,21.59943
/Users/martin/smart-technologies-ca2/data_track2/IMG/center_2026_08_30_02_28_55_931.jpg,/Users/martin/smart-technologies-ca2/data_track2/IMG/left_2026_08_30_02_28_55_931.jpg,/Users/martin/smart-technologies-ca2/data_track2/IMG/right_2026_08_30_02_28_55_931.jpg,0,0.7344028,0,21.60765
/Users/martin/smart-technologies-ca2/data_track2/IMG/center_2026_08_30_02_28_55_998.jpg,/Users/martin/smart-technologies-ca2/data_track2/IMG/left_2026_08_30_02_28_55_998.jpg,/Users/martin/smart-technologies-ca2/data_track2/IMG/right_2026_08_30_02_28_55_998.jpg,0,0.9096268,0,21.81823
/Users/martin/smart-technologies-ca2/data_track2/IMG/center_2026_08_30_02_28_56_068.jpg,/Users/martin/smart-technologies-ca2/data_track2/IMG/left_2026_08_30_02_28_56_068.jpg,/Users/martin/smart-technologies-ca2/data_track2/IMG/right_2026_08_30_02_28_56_068.jpg,0,1,0,22.22047
/Users/martin/smart-technologies-ca2/data_track2/IMG/center_2026_08_30_02_28_56_135.jpg,/Users/martin/smart-technologies-ca2/data_track2/IMG/left_2026_08_30_02_28_56_135.jpg,/Users/martin/smart-technologies-ca2/data_track2/IMG/right_2026_08_30_02_28_56_135.jpg,0,1,0,22.64001
/Users/martin/smart-technologies-ca2/data_track2/IMG/center_2026_08_30_02_28_56_202.jpg,/Users/martin/smart-technologies-ca2/data_track2/IMG/left_2026_08_30_02_28_56_202.jpg,/Users/martin/smart-technologies-ca2/data_track2/IMG/right_2026_08_30_02_28_56_202.jpg,0.15,1,0,22.76807
/Users/martin/smart-technologies-ca2/data_track2/IMG/center_2026_08_30_02_28_56_269.jpg,/Users/martin/smart-technologies-ca2/data_track2/IMG/left_2026_08_30_02_28_56_269.jpg,/Users/martin/smart-technologies-ca2/data_track2/IMG/right_2026_08_30_02_28_56_269.jpg,0.35,1,0,23.049
/Users/martin/smart-technologies-ca2/data_track2/IMG/center_2026_08_30_02_28_56_339.jpg,/Users/martin/smart-technologies-ca2/data_track2/IMG/left_2026_08_30_02_28_56_339.jpg,/Users/martin/smart-technologies-ca2/data_track2/IMG/right_2026_08_30_02_28_56_339.jpg,0,1,0,23.36285
/Users/martin/smart-technologies-ca2/data_track2/IMG/center_2026_08_30_02_28_56_410.jpg,/Users/martin/smart-technologies-ca2/data_track2/IMG/left_2026_08_30_02_28_56_410.jpg,/Users/martin/smart-technologies-ca2/data_track2/IMG/right_2026_08_30_02_28_56_410.jpg,0,1,0,23.69851
/Users/martin/smart-technologies-ca2/data_track2/IMG/center_2026_08_30_02_28_56_481.jpg,/Users/martin/smart-technologies-ca2/data_track2/IMG/left_2026_08_30_02_28_56_481.jpg,/Users/martin/smart-technologies-ca2/data_track2/IMG/right_2026_08_30_02_28_56_481.jpg,0,1,0,23.94103
/Users/martin/smart-technologies-ca2/data_track2/IMG/center_2026_08_30_02_28_56_548.jpg,/Users/martin/smart-technologies-ca2/data_track2/IMG/left_2026_08_30_02_28_56_548.jpg,/Users/martin/smart-technologies-ca2/data_track2/IMG/right_2026_08_30_02_28_56_548.jpg,0.1,1,0,24.34687
/Users/martin/smart-technologies-ca2/data_track2/IMG/center_2026_08_30_02_28_56_618.jpg,/Users/martin/smart-technologies-ca2/data_track2/IMG/left_2026_08_30_02_28_56_618.jpg,/Users/martin/smart-technologies-ca2/data_track2/IMG/right_2026_08_30_02_28_56_618.jpg,0.25,1,0,24.68021
/Users/martin/smart-technologies-ca2/data_track2/IMG/center_2026_08_30_02_28_56_685.jpg,/Users/martin/smart-technologies-ca2/data_track2/IMG/left_2026_08_30_02_28_56_685.jpg,/Users/martin/smart-technologies-ca2/data_track2/IMG/right_2026_08_30_02_28_56_685.jpg,0.4,1,0,24.78607
/Users/martin/smart-technologies-ca2/data_track2/IMG/center_2026_08_30_02_28_56_754.jpg,/Users/martin/smart-technologies-ca2/data_track2/IMG/left_2026_08_30_02_28_56_754.jpg,/Users/martin/smart-technologies-ca2/data_track2/IMG/right_2026_08_30_02_28_56_754.jpg,0.6000001,1,0,25.02416
/Users/martin/smart-technologies-ca2/data_track2/IMG/center_2026_08_30_02_28_56_823.jpg,/Users/martin/smart-technologies-ca2/data_track2/IMG/left_2026_08_30_02_28_56_823.jpg,/Users/martin/smart-technologies-ca2/data_track2/IMG/right_2026_08_30_02_28_56_823.jpg,0.7500002,1,0,25.11598
/Users/martin/smart-technologies-ca2/data_track2/IMG/center_2026_08_30_02_28_56_892.jpg,/Users/martin/smart-technologies-ca2/data_track2/IMG/left_2026_08_30_02_28_56_892.jpg,/Users/martin/smart-technologies-ca2/data_track2/IMG/right_2026_08_30_02_28_56_892.jpg,0.9500002,1,0,25.29115
/Users/martin/smart-technologies-ca2/data_track2/IMG/center_2026_08_30_02_28_56_962.jpg,/Users/martin/smart-technologies-ca2/data_track2/IMG/left_2026_08_30_02_28_56_962.jpg,/Users/martin/smart-technologies-ca2/data_track2/IMG/right_2026_08_30_02_28_56_962.jpg,1,1,0,25.35893
/Users/martin/smart-technologies-ca2/data_track2/IMG/center_2026_08_30_02_28_57_032.jpg,/Users/martin/smart-technologies-ca2/data_track2/IMG/left_2026_08_30_02_28_57_032.jpg,/Users/martin/smart-technologies-ca2/data_track2/IMG/right_2026_08_30_02_28_57_032.jpg,0,1,0,25.65771
/Users/martin/smart-technologies-ca2/data_track2/IMG/center_2026_08_30_02_28_57_099.jpg,/Users/martin/smart-technologies-ca2/data_track2/IMG/left_2026_08_30_02_28_57_099.jpg,/Users/martin/smart-technologies-ca2/data_track2/IMG/right_2026_08_30_02_28_57_099.jpg,0,1,0,25.74189
/Users/martin/smart-technologies-ca2/data_track2/IMG/center_2026_08_30_02_28_57_169.jpg,/Users/martin/smart-technologies-ca2/data_track2/IMG/left_2026_08_30_02_28_57_169.jpg,/Users/martin/smart-technologies-ca2/data_track2/IMG/right_2026_08_30_02_28_57_169.jpg,0,1,0,26.35033
/Users/martin/smart-technologies-ca2/data_track2/IMG/center_2026_08_30_02_28_57_238.jpg,/Users/martin/smart-technologies-ca2/data_track2/IMG/left_2026_08_30_02_28_57_238.jpg,/Users/martin/smart-technologies-ca2/data_track2/IMG/right_2026_08_30_02_28_57_238.jpg,0,1,0,26.72607
/Users/martin/smart-technologies-ca2/data_track2/IMG/center_2026_08_30_02_28_57_304.jpg,/Users/martin/smart-technologies-ca2/data_track2/IMG/left_2026_08_30_02_28_57_304.jpg,/Users/martin/smart-technologies-ca2/data_track2/IMG/right_2026_08_30_02_28_57_304.jpg,0.15,1,0,26.90932
/Users/martin/smart-technologies-ca2/data_track2/IMG/center_2026_08_30_02_28_57_371.jpg,/Users/martin/smart-technologies-ca2/data_track2/IMG/left_2026_08_30_02_28_57_371.jpg,/Users/martin/smart-technologies-ca2/data_track2/IMG/right_2026_08_30_02_28_57_371.jpg,0.35,1,0,27.36996
/Users/martin/smart-technologies-ca2/data_track2/IMG/center_2026_08_30_02_28_57_440.jpg,/Users/martin/smart-technologies-ca2/data_track2/IMG/left_2026_08_30_02_28_57_440.jpg,/Users/martin/smart-technologies-ca2/data_track2/IMG/right_2026_08_30_02_28_57_440.jpg,0.5000001,1,0,27.72651
/Users/martin/smart-technologies-ca2/data_track2/IMG/center_2026_08_30_02_28_57_510.jpg,/Users/martin/smart-technologies-ca2/data_track2/IMG/left_2026_08_30_02_28_57_510.jpg,/Users/martin/smart-technologies-ca2/data_track2/IMG/right_2026_08_30_02_28_57_510.jpg,0,1,0,28.09283
/Users/martin/smart-technologies-ca2/data_track2/IMG/center_2026_08_30_02_28_57_579.jpg,/Users/martin/smart-technologies-ca2/data_track2/IMG/left_2026_08_30_02_28_57_579.jpg,/Users/martin/smart-technologies-ca2/data_track2/IMG/right_2026_08_30_02_28_57_579.jpg,0.05,1,0,28.76714
/Users/martin/smart-technologies-ca2/data_track2/IMG/center_2026_08_30_02_28_57_649.jpg,/Users/martin/smart-technologies-ca2/data_track2/IMG/left_2026_08_30_02_28_57_649.jpg,/Users/martin/smart-technologies-ca2/data_track2/IMG/right_2026_08_30_02_28_57_649.jpg,0.25,1,0,29.35022
/Users/martin/smart-technologies-ca2/data_track2/IMG/center_2026_08_30_02_28_57_717.jpg,/Users/martin/smart-technologies-ca2/data_track2/IMG/left_2026_08_30_02_28_57_717.jpg,/Users/martin/smart-technologies-ca2/data_track2/IMG/right_2026_08_30_02_28_57_717.jpg,0.4,1,0,29.3258
/Users/martin/smart-technologies-ca2/data_track2/IMG/center_2026_08_30_02_28_57_788.jpg,/Users/martin/smart-technologies-ca2/data_track2/IMG/left_2026_08_30_02_28_57_788.jpg,/Users/martin/smart-technologies-ca2/data_track2/IMG/right_2026_08_30_02_28_57_788.jpg,0.6000001,1,0,30.2762
/Users/martin/smart-technologies-ca2/data_track2/IMG/center_2026_08_30_02_28_57_854.jpg,/Users/martin/smart-technologies-ca2/data_track2/IMG/left_2026_08_30_02_28_57_854.jpg,/Users/martin/smart-technologies-ca2/data_track2/IMG/right_2026_08_30_02_28_57_854.jpg,0,1,0,30.16142
/Users/martin/smart-technologies-ca2/data_track2/IMG/center_2026_08_30_02_28_57_923.jpg,/Users/martin/smart-technologies-ca2/data_track2/IMG/left_2026_08_30_02_28_57_923.jpg,/Users/martin/smart-technologies-ca2/data_track2/IMG/right_2026_08_30_02_28_57_923.jpg,0,1,0,30.06305
/Users/martin/smart-technologies-ca2/data_track2/IMG/center_2026_08_30_02_28_57_993.jpg,/Users/martin/smart-technologies-ca2/data_track2/IMG/left_2026_08_30_02_28_57_993.jpg,/Users/martin/smart-technologies-ca2/data_track2/IMG/right_2026_08_30_02_28_57_993.jpg,0,1,0,30.29321
/Users/martin/smart-technologies-ca2/data_track2/IMG/center_2026_08_30_02_28_58_061.jpg,/Users/martin/smart-technologies-ca2/data_track2/IMG/left_2026_08_30_02_28_58_061.jpg,/Users/martin/smart-technologies-ca2/data_track2/IMG/right_2026_08_30_02_28_58_061.jpg,0,1,0,30.18793
/Users/martin/smart-technologies-ca2/data_track2/IMG/center_2026_08_30_02_28_58_128.jpg,/Users/martin/smart-technologies-ca2/data_track2/IMG/left_2026_08_30_02_28_58_128.jpg,/Users/martin/smart-technologies-ca2/data_track2/IMG/right_2026_08_30_02_28_58_128.jpg,0,0.9348878,0,30.18926
/Users/martin/smart-technologies-ca2/data_track2/IMG/center_2026_08_30_02_28_58_197.jpg,/Users/martin/smart-technologies-ca2/data_track2/IMG/left_2026_08_30_02_28_58_197.jpg,/Users/martin/smart-technologies-ca2/data_track2/IMG/right_2026_08_30_02_28_58_197.jpg,0.15,0.761125,0,30.13311
/Users/martin/smart-technologies-ca2/data_track2/IMG/center_2026_08_30_02_28_58_265.jpg,/Users/martin/smart-technologies-ca2/data_track2/IMG/left_2026_08_30_02_28_58_265.jpg,/Users/martin/smart-technologies-ca2/data_track2/IMG/right_2026_08_30_02_28_58_265.jpg,0,0.676948,0,30.08917
/Users/martin/smart-technologies-ca2/data_track2/IMG/center_2026_08_30_02_28_58_334.jpg,/Users/martin/smart-technologies-ca2/data_track2/IMG/left_2026_08_30_02_28_58_334.jpg,/Users/martin/smart-technologies-ca2/data_track2/IMG/right_2026_08_30_02_28_58_334.jpg,0,0.8643278,0,30.1448
/Users/martin/smart-technologies-ca2/data_track2/IMG/center_2026_08_30_02_28_58_401.jpg,/Users/martin/smart-technologies-ca2/data_track2/IMG/left_2026_08_30_02_28_58_401.jpg,/Users/martin/smart-technologies-ca2/data_track2/IMG/right_2026_08_30_02_28_58_401.jpg,0,1,0,30.1891
/Users/martin/smart-technologies-ca2/data_track2/IMG/center_2026_08_30_02_28_58_470.jpg,/Users/martin/smart-technologies-ca2/data_track2/IMG/left_2026_08_30_02_28_58_470.jpg,/Users/martin/smart-technologies-ca2/data_track2/IMG/right_2026_08_30_02_28_58_470.jpg,-0.15,1,0,30.18282
/Users/martin/smart-technologies-ca2/data_track2/IMG/center_2026_08_30_02_28_58_537.jpg,/Users/martin/smart-technologies-ca2/data_track2/IMG/left_2026_08_30_02_28_58_537.jpg,/Users/martin/smart-technologies-ca2/data_track2/IMG/right_2026_08_30_02_28_58_537.jpg,-0.3,1,0,30.1677
/Users/martin/smart-technologies-ca2/data_track2/IMG/center_2026_08_30_02_28_58_607.jpg,/Users/martin/smart-technologies-ca2/data_track2/IMG/left_2026_08_30_02_28_58_607.jpg,/Users/martin/smart-technologies-ca2/data_track2/IMG/right_2026_08_30_02_28_58_607.jpg,0,1,0,30.18812
/Users/martin/smart-technologies-ca2/data_track2/IMG/center_2026_08_30_02_28_58_677.jpg,/Users/martin/smart-technologies-ca2/data_track2/IMG/left_2026_08_30_02_28_58_677.jpg,/Users/martin/smart-technologies-ca2/data_track2/IMG/right_2026_08_30_02_28_58_677.jpg,0,1,0,30.18975
/Users/martin/smart-technologies-ca2/data_track2/IMG/center_2026_08_30_02_28_58_748.jpg,/Users/martin/smart-technologies-ca2/data_track2/IMG/left_2026_08_30_02_28_58_748.jpg,/Users/martin/smart-technologies-ca2/data_track2/IMG/right_2026_08_30_02_28_58_748.jpg,0.2,1,0,30.17684
/Users/martin/smart-technologies-ca2/data_track2/IMG/center_2026_08_30_02_28_58_817.jpg,/Users/martin/smart-technologies-ca2/data_track2/IMG/left_2026_08_30_02_28_58_817.jpg,/Users/martin/smart-technologies-ca2/data_track2/IMG/right_2026_08_30_02_28_58_817.jpg,0.35,1,0,30.16061
/Users/martin/smart-technologies-ca2/data_track2/IMG/center_2026_08_30_02_28_58_887.jpg,/Users/martin/smart-technologies-ca2/data_track2/IMG/left_2026_08_30_02_28_58_887.jpg,/Users/martin/smart-technologies-ca2/data_track2/IMG/right_2026_08_30_02_28_58_887.jpg,0,1,0,30.18971
/Users/martin/smart-technologies-ca2/data_track2/IMG/center_2026_08_30_02_28_58_954.jpg,/Users/martin/smart-technologies-ca2/data_track2/IMG/left_2026_08_30_02_28_58_954.jpg,/Users/martin/smart-technologies-ca2/data_track2/IMG/right_2026_08_30_02_28_58_954.jpg,0,1,0,30.19
/Users/martin/smart-technologies-ca2/data_track2/IMG/center_2026_08_30_02_28_59_023.jpg,/Users/martin/smart-technologies-ca2/data_track2/IMG/left_2026_08_30_02_28_59_023.jpg,/Users/martin/smart-technologies-ca2/data_track2/IMG/right_2026_08_30_02_28_59_023.jpg,0,1,0,30.19018
/Users/martin/smart-technologies-ca2/data_track2/IMG/center_2026_08_30_02_28_59_093.jpg,/Users/martin/smart-technologies-ca2/data_track2/IMG/left_2026_08_30_02_28_59_093.jpg,/Users/martin/smart-technologies-ca2/data_track2/IMG/right_2026_08_30_02_28_59_093.jpg,0,1,0,30.1902
/Users/martin/smart-technologies-ca2/data_track2/IMG/center_2026_08_30_02_28_59_161.jpg,/Users/martin/smart-technologies-ca2/data_track2/IMG/left_2026_08_30_02_28_59_161.jpg,/Users/martin/smart-technologies-ca2/data_track2/IMG/right_2026_08_30_02_28_59_161.jpg,0,1,0,30.19035
/Users/martin/smart-technologies-ca2/data_track2/IMG/center_2026_08_30_02_28_59_230.jpg,/Users/martin/smart-technologies-ca2/data_track2/IMG/left_2026_08_30_02_28_59_230.jpg,/Users/martin/smart-technologies-ca2/data_track2/IMG/right_2026_08_30_02_28_59_230.jpg,0,1,0,30.19027
/Users/martin/smart-technologies-ca2/data_track2/IMG/center_2026_08_30_02_28_59_297.jpg,/Users/martin/smart-technologies-ca2/data_track2/IMG/left_2026_08_30_02_28_59_297.jpg,/Users/martin/smart-technologies-ca2/data_track2/IMG/right_2026_08_30_02_28_59_297.jpg,0.1,1,0,30.18787
/Users/martin/smart-technologies-ca2/data_track2/IMG/center_2026_08_30_02_28_59_364.jpg,/Users/martin/smart-technologies-ca2/data_track2/IMG/left_2026_08_30_02_28_59_364.jpg,/Users/martin/smart-technologies-ca2/data_track2/IMG/right_2026_08_30_02_28_59_364.jpg,0,0.828673,0,30.15967
/Users/martin/smart-technologies-ca2/data_track2/IMG/center_2026_08_30_02_28_59_432.jpg,/Users/martin/smart-technologies-ca2/data_track2/IMG/left_2026_08_30_02_28_59_432.jpg,/Users/martin/smart-technologies-ca2/data_track2/IMG/right_2026_08_30_02_28_59_432.jpg,0,0.5928793,0,30.09918
/Users/martin/smart-technologies-ca2/data_track2/IMG/center_2026_08_30_02_28_59_501.jpg,/Users/martin/smart-technologies-ca2/data_track2/IMG/left_2026_08_30_02_28_59_501.jpg,/Users/martin/smart-technologies-ca2/data_track2/IMG/right_2026_08_30_02_28_59_501.jpg,0,0.4791969,0,30.05207
/Users/martin/smart-technologies-ca2/data_track2/IMG/center_2026_08_30_02_28_59_568.jpg,/Users/martin/smart-technologies-ca2/data_track2/IMG/left_2026_08_30_02_28_59_568.jpg,/Users/martin/smart-technologies-ca2/data_track2/IMG/right_2026_08_30_02_28_59_568.jpg,0,0.7132182,0,30.10552
/Users/martin/smart-technologies-ca2/data_track2/IMG/center_2026_08_30_02_28_59_637.jpg,/Users/martin/smart-technologies-ca2/data_track2/IMG/left_2026_08_30_02_28_59_637.jpg,/Users/martin/smart-technologies-ca2/data_track2/IMG/right_2026_08_30_02_28_59_637.jpg,0,0.896647,0,30.15216
/Users/martin/smart-technologies-ca2/data_track2/IMG/center_2026_08_30_02_28_59_703.jpg,/Users/martin/smart-technologies-ca2/data_track2/IMG/left_2026_08_30_02_28_59_703.jpg,/Users/martin/smart-technologies-ca2/data_track2/IMG/right_2026_08_30_02_28_59_703.jpg,0.05,0.982939,0,30.19183
/Users/martin/smart-technologies-ca2/data_track2/IMG/center_2026_08_30_02_28_59_771.jpg,/Users/martin/smart-technologies-ca2/data_track2/IMG/left_2026_08_30_02_28_59_771.jpg,/Users/martin/smart-technologies-ca2/data_track2/IMG/right_2026_08_30_02_28_59_771.jpg,0,0.7474482,0,30.13493
/Users/martin/smart-technologies-ca2/data_track2/IMG/center_2026_08_30_02_28_59_839.jpg,/Users/martin/smart-technologies-ca2/data_track2/IMG/left_2026_08_30_02_28_59_839.jpg,/Users/martin/smart-technologies-ca2/data_track2/IMG/right_2026_08_30_02_28_59_839.jpg,0,0.566545,0,30.09212
/Users/martin/smart-technologies-ca2/data_track2/IMG/center_2026_08_30_02_28_59_908.jpg,/Users/martin/smart-technologies-ca2/data_track2/IMG/left_2026_08_30_02_28_59_908.jpg,/Users/martin/smart-technologies-ca2/data_track2/IMG/right_2026_08_30_02_28_59_908.jpg,0,0.32686,0,30.03041
/Users/martin/smart-technologies-ca2/data_track2/IMG/center_2026_08_30_02_28_59_994.jpg,/Users/martin/smart-technologies-ca2/data_track2/IMG/left_2026_08_30_02_28_59_994.jpg,/Users/martin/smart-technologies-ca2/data_track2/IMG/right_2026_08_30_02_28_59_994.jpg,0,0.1455222,0,29.946
