/Users/martin/smart-technologies-ca2/data_recovery/IMG/center_2026_08_31_13_11_52_796.jpg,/Users/martin/smart-technologies-ca2/data_recovery/IMG/left_2026_08_31_13_11_52_796.jpg,/Users/martin/smart-technologies-ca2/data_recovery/IMG/right_2026_08_31_13_11_52_796.jpg,0,0,0,0.482655
/Users/martin/smart-technologies-ca2/data_recovery/IMG/center_2026_08_31_13_11_52_855.jpg,/Users/martin/smart-technologies-ca2/data_recovery/IMG/left_2026_08_31_13_11_52_855.jpg,/Users/martin/smart-technologies-ca2/data_recovery/IMG/right_2026_08_31_13_11_52_855.jpg,0,0.09986401,0,0.5164998
/Users/martin/smart-technologies-ca2/data_recovery/IMG/center_2026_08_31_13_11_52_924.jpg,/Users/martin/smart-technologies-ca2/data_recovery/IMG/left_2026_08_31_13_11_52_924.jpg,/Users/martin/smart-technologies-ca2/data_recovery/IMG/right_2026_08_31_13_11_52_924.jpg,0,0.2702637,0,0.675923
/Users/martin/smart-technologies-ca2/data_recovery/IMG/center_2026_08_31_13_11_52_991.jpg,/Users/martin/smart-technologies-ca2/data_recovery/IMG/left_2026_08_31_13_11_52_991.jpg,/Users/martin/smart-technologies-ca2/data_recovery/IMG/right_2026_08_31_13_11_52_991.jpg,0,0.5195099,0,1.032148
/Users/martin/smart-technologies-ca2/data_recovery/IMG/center_2026_08_31_13_11_53_058.jpg,/Users/martin/smart-technologies-ca2/data_recovery/IMG/left_2026_08_31_13_11_53_058.jpg,/Users/martin/smart-technologies-ca2/data_recovery/IMG/right_2026_08_31_13_11_53_058.jpg,0,0.6998098,0,1.493594
/Users/martin/smart-technologies-ca2/data_recovery/IMG/center_2026_08_31_13_11_53_128.jpg,/Users/martin/smart-technologies-ca2/data_recovery/IMG/left_2026_08_31_13_11_53_128.jpg,/Users/martin/smart-technologies-ca2/data_recovery/IMG/right_2026_08_31_13_11_53_128.jpg,0,0.9377518,0,2.286102
/Users/martin/smart-technologies-ca2/data_recovery/IMG/center_2026_08_31_13_11_53_194.jpg,/Users/martin/smart-technologies-ca2/data_recovery/IMG/left_2026_08_31_13_11_53_194.jpg,/Users/martin/smart-technologies-ca2/data_recovery/IMG/right_2026_08_31_13_11_53_194.jpg,0,1,0,2.996211
/Users/martin/smart-technologies-ca2/data_recovery/IMG/center_2026_08_31_13_11_53_261.jpg,/Users/martin/smart-technologies-ca2/data_recovery/IMG/left_2026_08_31_13_11_53_261.jpg,/Users/martin/smart-technologies-ca2/data_recovery/IMG/right_2026_08_31_13_11_53_261.jpg,0,1,0,3.697954
/Users/martin/smart-technologies-ca2/data_recovery/IMG/center_2026_08_31_13_11_53_332.jpg,/Users/martin/smart-technologies-ca2/data_recovery/IMG/left_2026_08_31_13_11_53_332.jpg,/Users/martin/smart-technologies-ca2/data_recovery/IMG/right_2026_08_31_13_11_53_332.jpg,-0.05,1,0,4.634985
/Users/martin/smart-technologies-ca2/data_recovery/IMG/center_2026_08_31_13_11_53_401.jpg,/Users/martin/smart-technologies-ca2/data_recovery/IMG/left_2026_08_31_13_11_53_401.jpg,/Users/martin/smart-technologies-ca2/data_recovery/IMG/right_2026_08_31_13_11_53_401.jpg,-0.2,1,0,5.325829
/Users/martin/smart-technologies-ca2/data_recovery/IMG/center_2026_08_31_13_11_53_468.jpg,/Users/martin/smart-technologies-ca2/data_recovery/IMG/left_2026_08_31_13_11_53_468.jpg,/Users/martin/smart-technologies-ca2/data_recovery/IMG/right_2026_08_31_13_11_53_468.jpg,0,1,0,6.246715
/Users/martin/smart-technologies-ca2/data_recovery/IMG/center_2026_08_31_13_11_53_538.jpg,/Users/martin/smart-technologies-ca2/data_recovery/IMG/left_2026_08_31_13_11_53_538.jpg,/Users/martin/smart-technologies-ca2/data_recovery/IMG/right_2026_08_31_13_11_53_538.jpg,0,1,0,6.934352
/Users/martin/smart-technologies-ca2/data_recovery/IMG/center_2026_08_31_13_11_53_608.jpg,/Users/martin/smart-technologies-ca2/data_recovery/IMG/left_2026_08_31_13_11_53_608.jpg,/Users/martin/smart-technologies-ca2/data_recovery/IMG/right_2026_08_31_13_11_53_608.jpg,0,1,0,7.84505
/Users/martin/smart-technologies-ca2/data_recovery/IMG/center_2026_08_31_13_11_53_675.jpg,/Users/martin/smart-technologies-ca2/data_recovery/IMG/left_2026_08_31_13_11_53_675.jpg,/Users/martin/smart-technologies-ca2/data_recovery/IMG/right_2026_08_31_13_11_53_675.jpg,0,1,0,8.523443
/Users/martin/smart-technologies-ca2/data_recovery/IMG/center_2026_08_31_13_11_53_744.jpg,/Users/martin/smart-technologies-ca2/data_recovery/IMG/left_2026_08_31_13_11_53_744.jpg,/Users/martin/smart-technologies-ca2/data_recovery/IMG/right_2026_08_31_13_11_53_744.jpg,-0.1,1,0,9.195654
/Users/martin/smart-technologies-ca2/data_recovery/IMG/center_2026_08_31_13_11_53_811.jpg,/Users/martin/smart-technologies-ca2/data_recovery/IMG/left_2026_08_31_13_11_53_811.jpg,/Users/martin/smart-technologies-ca2/data_recovery/IMG/right_2026_08_31_13_11_53_811.jpg,-0.3,1,0,10.06439
/Users/martin/smart-technologies-ca2/data_recovery/IMG/center_2026_08_31_13_11_53_878.jpg,/Users/martin/smart-technologies-ca2/data_recovery/IMG/left_2026_08_31_13_11_53_878.jpg,/Users/martin/smart-technologies-ca2/data_recovery/IMG/right_2026_08_31_13_11_53_878.jpg,-0.45,1,0,10.69129
/Users/martin/smart-technologies-ca2/data_recovery/IMG/center_2026_08_31_13_11_53_948.jpg,/Users/martin/smart-technologies-ca2/data_recovery/IMG/left_2026_08_31_13_11_53_948.jpg,/Users/martin/smart-technologies-ca2/data_recovery/IMG/right_2026_08_31_13_11_53_948.jpg,0,1,0,11.64728
/Users/martin/smart-technologies-ca2/data_recovery/IMG/center_2026_08_31_13_11_54_015.jpg,/Users/martin/smart-technologies-ca2/data_recovery/IMG/left_2026_08_31_13_11_54_015.jpg,/Users/martin/smart-technologies-ca2/data_recovery/IMG/right_2026_08_31_13_11_54_015.jpg,0,1,0,11.95886
/Users/martin/smart-technologies-ca2/data_recovery/IMG/center_2026_08_31_13_11_54_082.jpg,/Users/martin/smart-technologies-ca2/data_recovery/IMG/left_2026_08_31_13_11_54_082.jpg,/Users/martin/smart-technologies-ca2/data_recovery/IMG/right_2026_08_31_13_11_54_082.jpg,0,1,0,12.85045
/Users/martin/smart-technologies-ca2/data_recovery/IMG/center_2026_08_31_13_11_54_151.jpg,/Users/martin/smart-technologies-ca2/data_recovery/IMG/left_2026_08_31_13_11_54_151.jpg,/Users/martin/smart-technologies-ca2/data_recovery/IMG/right_2026_08_31_13_11_54_151.jpg,0,1,0,13.71676
/Users/martin/smart-technologies-ca2/data_recovery/IMG/center_2026_08_31_13_11_54_221.jpg,/Users/martin/smart-technologies-ca2/data_recovery/IMG/left_2026_08_31_13_11_54_221.jpg,/Users/martin/smart-technologies-ca2/data_recovery/IMG/right_2026_08_31_13_11_54_221.jpg,0,1,0,14.34433
/Users/martin/smart-technologies-ca2/data_recovery/IMG/center_2026_08_31_13_11_54_289.jpg,/Users/martin/smart-technologies-ca2/data_recovery/IMG/left_2026_08_31_13_11_54_289.jpg,/Users/martin/smart-technologies-ca2/data_recovery/IMG/right_2026_08_31_13_11_54_289.jpg,0,1,0,15.14961
/Users/martin/smart-technologies-ca2/data_recovery/IMG/center_2026_08_31_13_11_54_358.jpg,/Users/martin/smart-technologies-ca2/data_recovery/IMG/left_2026_08_31_13_11_54_358.jpg,/Users/martin/smart-technologies-ca2/data_recovery/IMG/right_2026_08_31_13_11_54_358.jpg,0,1,0,15.88304
/Users/martin/smart-technologies-ca2/data_recovery/IMG/center_2026_08_31_13_11_54_425.jpg,/Users/martin/smart-technologies-ca2/data_recovery/IMG/left_2026_08_31_13_11_54_425.jpg,/Users/martin/smart-technologies-ca2/data_recovery/IMG/right_2026_08_31_13_11_54_425.jpg,0,1,0,16.45216
/Users/martin/smart-technologies-ca2/data_recovery/IMG/center_2026_08_31_13_11_54_492.jpg,/Users/martin/smart-technologies-ca2/data_recovery/IMG/left_2026_08_31_13_11_54_492.jpg,/Users/martin/smart-technologies-ca2/data_recovery/IMG/right_2026_08_31_13_11_54_492.jpg,-0.2,1,0,17.28716
/Users/martin/smart-technologies-ca2/data_recovery/IMG/center_2026_08_31_13_11_54_561.jpg,/Users/martin/smart-technologies-ca2/data_recovery/IMG/left_2026_08_31_13_11_54_561.jpg,/Users/martin/smart-technologies-ca2/data_recovery/IMG/right_2026_08_31_13_11_54_561.jpg,-0.35,1,0,17.88681
/Users/martin/smart-technologies-ca2/data_recovery/IMG/center_2026_08_31_13_11_54_632.jpg,/Users/martin/smart-technologies-ca2/data_recovery/IMG/left_2026_08_31_13_11_54_632.jpg,/Users/martin/smart-technologies-ca2/data_recovery/IMG/right_2026_08_31_13_11_54_632.jpg,0,1,0,18.67967
/Users/martin/smart-technologies-ca2/data_recovery/IMG/center_2026_08_31_13_11_54_699.jpg,/Users/martin/smart-technologies-ca2/data_recovery/IMG/left_2026_08_31_13_11_54_699.jpg,/Users/martin/smart-technologies-ca2/data_recovery/IMG/right_2026_08_31_13_11_54_699.jpg,0,1,0,19.27109
/Users/martin/smart-technologies-ca2/data_recovery/IMG/center_2026_08_31_13_11_54_768.jpg,/Users/martin/smart-technologies-ca2/data_recovery/IMG/left_2026_08_31_13_11_54_768.jpg,/Users/martin/smart-technologies-ca2/data_recovery/IMG/right_2026_08_31_13_11_54_768.jpg,0,1,0,20.08747
/Users/martin/smart-technologies-ca2/data_recovery/IMG/center_2026_08_31_13_11_54_838.jpg,/Users/martin/smart-technologies-ca2/data_recovery/IMG/left_2026_08_31_13_11_54_838.jpg,/Users/martin/smart-technologies-ca2/data_recovery/IMG/right_2026_08_31_13_11_54_838.jpg,0,1,0,20.70762
/Users/martin/smart-technologies-ca2/data_recovery/IMG/center_2026_08_31_13_11_54_906.jpg,/Users/martin/smart-technologies-ca2/data_recovery/IMG/left_2026_08_31_13_11_54_906.jpg,/Users/martin/smart-technologies-ca2/data_recovery/IMG/right_2026_08_31_13_11_54_906.jpg,0,1,0,21.50773
/Users/martin/smart-technologies-ca2/data_recovery/IMG/center_2026_08_31_13_11_54_974.jpg,/Users/martin/smart-technologies-ca2/data_recovery/IMG/left_2026_08_31_13_11_54_974.jpg,/Users/martin/smart-technologies-ca2/data_recovery/IMG/right_2026_08_31_13_11_54_974.jpg,0,1,0,22.09838
/Users/martin/smart-technologies-ca2/data_recovery/IMG/center_2026_08_31_13_11_55_044.jpg,/Users/martin/smart-technologies-ca2/data_recovery/IMG/left_2026_08_31_13_11_55_044.jpg,/Users/martin/smart-technologies-ca2/data_recovery/IMG/right_2026_08_31_13_11_55_044.jpg,-0.15,1,0,22.68761
/Users/martin/smart-technologies-ca2/data_recovery/IMG/center_2026_08_31_13_11_55_111.jpg,/Users/martin/smart-technologies-ca2/data_recovery/IMG/left_2026_08_31_13_11_55_111.jpg,/Users/martin/smart-technologies-ca2/data_recovery/IMG/right_2026_08_31_13_11_55_111.jpg,-0.35,1,0,23.41113
/Users/martin/smart-technologies-ca2/data_recovery/IMG/center_2026_08_31_13_11_55_177.jpg,/Users/martin/smart-technologies-ca2/data_recovery/IMG/left_2026_08_31_13_11_55_177.jpg,/Users/martin/smart-technologies-ca2/data_recovery/IMG/right_2026_08_31_13_11_55_177.jpg,0,1,0,23.98539
/Users/martin/smart-technologies-ca2/data_recovery/IMG/center_2026_08_31_13_11_55_245.jpg,/Users/martin/smart-technologies-ca2/data_recovery/IMG/left_2026_08_31_13_11_55_245.jpg,/Users/martin/smart-technologies-ca2/data_recovery/IMG/right_2026_08_31_13_11_55_245.jpg,0,1,0,24.75751
/Users/martin/smart-technologies-ca2/data_recovery/IMG/center_2026_08_31_13_11_55_315.jpg,/Users/martin/smart-technologies-ca2/data_recovery/IMG/left_2026_08_31_13_11_55_315.jpg,/Users/martin/smart-technologies-ca2/data_recovery/IMG/right_2026_08_31_13_11_55_315.jpg,0,1,0,25.33409
/Users/martin/smart-technologies-ca2/data_recovery/IMG/center_2026_08_31_13_11_55_385.jpg,/Users/martin/smart-technologies-ca2/data_recovery/IMG/left_2026_08_31_13_11_55_385.jpg,/Users/martin/smart-technologies-ca2/data_recovery/IMG/right_2026_08_31_13_11_55_385.jpg,0,1,0,25.90701
/Users/martin/smart-technologies-ca2/data_recovery/IMG/center_2026_08_31_13_11_55_451.jpg,/Users/martin/smart-technologies-ca2/data_recovery/IMG/left_2026_08_31_13_11_55_451.jpg,/Users/martin/smart-technologies-ca2/data_recovery/IMG/right_2026_08_31_13_11_55_451.jpg,0,1,0,26.66574
/Users/martin/smart-technologies-ca2/data_recovery/IMG/center_2026_08_31_13_11_55_521.jpg,/Users/martin/smart-technologies-ca2/data_recovery/IMG/left_2026_08_31_13_11_55_521.jpg,/Users/martin/smart-technologies-ca2/data_recovery/IMG/right_2026_08_31_13_11_55_521.jpg,0,1,0,27.23127
/Users/martin/smart-technologies-ca2/data_recovery/IMG/center_2026_08_31_13_11_55_590.jpg,/Users/martin/smart-technologies-ca2/data_recovery/IMG/left_2026_08_31_13_11_55_590.jpg,/Users/martin/smart-technologies-ca2/data_recovery/IMG/right_2026_08_31_13_11_55_590.jpg,0,1,0,27.97948
/Users/martin/smart-technologies-ca2/data_recovery/IMG/center_2026_08_31_13_11_55_660.jpg,/Users/martin/smart-technologies-ca2/data_recovery/IMG/left_2026_08_31_13_11_55_660.jpg,/Users/martin/smart-technologies-ca2/data_recovery/IMG/right_2026_08_31_13_11_55_660.jpg,0,1,0,28.53673
/Users/martin/smart-technologies-ca2/data_recovery/IMG/center_2026_08_31_13_11_55_728.jpg,/Users/martin/smart-technologies-ca2/data_recovery/IMG/left_2026_08_31_13_11_55_728.jpg,/Users/martin/smart-technologies-ca2/data_recovery/IMG/right_2026_08_31_13_11_55_728.jpg,0,1,0,29.27455
/Users/martin/smart-technologies-ca2/data_recovery/IMG/center_2026_08_31_13_11_55_798.jpg,/Users/martin/smart-technologies-ca2/data_recovery/IMG/left_2026_08_31_13_11_55_798.jpg,/Users/martin/smart-technologies-ca2/data_recovery/IMG/right_2026_08_31_13_11_55_798.jpg,0,1,0,29.82395
/Users/martin/smart-technologies-ca2/data_recovery/IMG/center_2026_08_31_13_11_55_868.jpg,/Users/martin/smart-technologies-ca2/data_recovery/IMG/left_2026_08_31_13_11_55_868.jpg,/Users/martin/smart-technologies-ca2/data_recovery/IMG/right_2026_08_31_13_11_55_868.jpg,0,1,0,30.18972
/Users/martin/smart-technologies-ca2/data_recovery/IMG/center_2026_08_31_13_11_55_936.jpg,/Users/martin/smart-technologies-ca2/data_recovery/IMG/left_2026_08_31_13_11_55_936.jpg,/Users/martin/smart-technologies-ca2/data_recovery/IMG/right_2026_08_31_13_11_55_936.jpg,0,1,0,30.19033
/Users/martin/smart-technologies-ca2/data_recovery/IMG/center_2026_08_31_13_11_56_004.jpg,/Users/martin/smart-technologies-ca2/data_recovery/IMG/left_2026_08_31_13_11_56_004.jpg,/Users/martin/smart-technologies-ca2/data_recovery/IMG/right_2026_08_31_13_11_56_004.jpg,-0.05,1,0,30.18966
/Users/martin/smart-technologies-ca2/data_recovery/IMG/center_2026_08_31_13_11_56_071.jpg,/Users/martin/smart-technologies-ca2/data_recovery/IMG/left_2026_08_31_13_11_56_071.jpg,/Users/martin/smart-technologies-ca2/data_recovery/IMG/right_2026_08_31_13_11_56_071.jpg,-0.25,1,0,30.17477
/Users/martin/smart-technologies-ca2/data_recovery/IMG/center_2026_08_31_13_11_56_139.jpg,/Users/martin/smart-technologies-ca2/data_recovery/IMG/left_2026_08_31_13_11_56_139.jpg,/Users/martin/smart-technologies-ca2/data_recovery/IMG/right_2026_08_31_13_11_56_139.jpg,-0.4,1,0,30.15757
/Users/martin/smart-technologies-ca2/data_recovery/IMG/center_2026_08_31_13_11_56_208.jpg,/Users/martin/smart-technologies-ca2/data_recovery/IMG/left_2026_08_31_13_11_56_208.jpg,/Users/martin/smart-technologies-ca2/data_recovery/IMG/right_2026_08_31_13_11_56_208.jpg,0,0.900151,0,30.17861
/Users/martin/smart-technologies-ca2/data_recovery/IMG/center_2026_08_31_13_11_56_277.jpg,/Users/martin/smart-technologies-ca2/data_recovery/IMG/left_2026_08_31_13_11_56_277.jpg,/Users/martin/smart-technologies-ca2/data_recovery/IMG/right_2026_08_31_13_11_56_277.jpg,0,0.7252928,0,30.13185
/Users/martin/smart-technologies-ca2/data_recovery/IMG/center_2026_08_31_13_11_56_346.jpg,/Users/martin/smart-technologies-ca2/data_recovery/IMG/left_2026_08_31_13_11_56_346.jpg,/Users/martin/smart-technologies-ca2/data_recovery/IMG/right_2026_08_31_13_11_56_346.jpg,0,0.4846539,0,30.07138
/Users/martin/smart-technologies-ca2/data_recovery/IMG/center_2026_08_31_13_11_56_415.jpg,/Users/martin/smart-technologies-ca2/data_recovery/IMG/left_2026_08_31_13_11_56_415.jpg,/Users/martin/smart-technologies-ca2/data_recovery/IMG/right_2026_08_31_13_11_56_415.jpg,0,0.3004659,0,30.0239
/Users/martin/smart-technologies-ca2/data_recovery/IMG/center_2026_08_31_13_11_56_482.jpg,/Users/martin/smart-technologies-ca2/data_recovery/IMG/left_2026_08_31_13_11_56_482.jpg,/Users/martin/smart-technologies-ca2/data_recovery/IMG/right_2026_08_31_13_11_56_482.jpg,0,0.1262289,0,29.97335
/Users/martin/smart-technologies-ca2/data_recovery/IMG/center_2026_08_31_13_11_56_549.jpg,/Users/martin/smart-technologies-ca2/data_recovery/IMG/left_2026_08_31_13_11_56_549.jpg,/Users/martin/smart-technologies-ca2/data_recovery/IMG/right_2026_08_31_13_11_56_549.jpg,0,0,0,29.76835
/Users/martin/smart-technologies-ca2/data_recovery/IMG/center_2026_08_31_13_11_56_618.jpg,/Users/martin/smart-technologies-ca2/data_recovery/IMG/left_2026_08_31_13_11_56_618.jpg,/Users/martin/smart-technologies-ca2/data_recovery/IMG/right_2026_08_31_13_11_56_618.jpg,0,0.134418,0,29.61879
/Users/martin/smart-technologies-ca2/data_recovery/IMG/center_2026_08_31_13_11_56_686.jpg,/Users/martin/smart-technologies-ca2/data_recovery/IMG/left_2026_08_31_13_11_56_686.jpg,/Users/martin/smart-technologies-ca2/data_recovery/IMG/right_2026_08_31_13_11_56_686.jpg,0,0.375333,0,29.61604
/Users/martin/smart-technologies-ca2/data_recovery/IMG/center_2026_08_31_13_11_56_752.jpg,/Users/martin/smart-technologies-ca2/data_recovery/IMG/left_2026_08_31_13_11_56_752.jpg,/Users/martin/smart-technologies-ca2/data_recovery/IMG/right_2026_08_31_13_11_56_752.jpg,0,0.5576642,0,29.77064
/Users/martin/smart-technologies-ca2/data_recovery/IMG/center_2026_08_31_13_11_56_821.jpg,/Users/martin/smart-technologies-ca2/data_recovery/IMG/left_2026_08_31_13_11_56_821.jpg,/Users/martin/smart-technologies-ca2/data_recovery/IMG/right_2026_08_31_13_11_56_821.jpg,-0.15,0.7346492,0,30.0443
/Users/martin/smart-technologies-ca2/data_recovery/IMG/center_2026_08_31_13_11_56_888.jpg,/Users/martin/smart-technologies-ca2/data_recovery/IMG/left_2026_08_31_13_11_56_888.jpg,/Users/martin/smart-technologies-ca2/data_recovery/IMG/right_2026_08_31_13_11_56_888.jpg,-0.35,0.9815311,0,30.14489
/Users/martin/smart-technologies-ca2/data_recovery/IMG/center_2026_08_31_13_11_56_954.jpg,/Users/martin/smart-technologies-ca2/data_recovery/IMG/left_2026_08_31_13_11_56_954.jpg,/Users/martin/smart-technologies-ca2/data_recovery/IMG/right_2026_08_31_13_11_56_954.jpg,0,0.9267972,0,30.18544
/Users/martin/smart-technologies-ca2/data_recovery/IMG/center_2026_08_31_13_11_57_024.jpg,/Users/martin/smart-technologies-ca2/data_recovery/IMG/left_2026_08_31_13_11_57_024.jpg,/Users/martin/smart-technologies-ca2/data_recovery/IMG/right_2026_08_31_13_11_57_024.jpg,0,0.7489002,0,30.13757
/Users/martin/smart-technologies-ca2/data_recovery/IMG/center_2026_08_31_13_11_57_091.jpg,/Users/martin/smart-technologies-ca2/data_recovery/IMG/left_2026_08_31_13_11_57_091.jpg,/Users/martin/smart-technologies-ca2/data_recovery/IMG/right_2026_08_31_13_11_57_091.jpg,0,0.5092212,0,30.07947
/Users/martin/smart-technologies-ca2/data_recovery/IMG/center_2026_08_31_13_11_57_157.jpg,/Users/martin/smart-technologies-ca2/data_recovery/IMG/left_2026_08_31_13_11_57_157.jpg,/Users/martin/smart-technologies-ca2/data_recovery/IMG/right_2026_08_31_13_11_57_157.jpg,0,0.3268421,0,30.03259
/Users/martin/smart-technologies-ca2/data_recovery/IMG/center_2026_08_31_13_11_57_224.jpg,/Users/martin/smart-technologies-ca2/data_recovery/IMG/left_2026_08_31_13_11_57_224.jpg,/Users/martin/smart-technologies-ca2/data_recovery/IMG/right_2026_08_31_13_11_57_224.jpg,0,0.149812,0,29.98543
/Users/martin/smart-technologies-ca2/data_recovery/IMG/center_2026_08_31_13_11_57_292.jpg,/Users/martin/smart-technologies-ca2/data_recovery/IMG/left_2026_08_31_13_11_57_292.jpg,/Users/martin/smart-technologies-ca2/data_recovery/IMG/right_2026_08_31_13_11_57_292.jpg,0,0,0,29.79778
/Users/martin/smart-technologies-ca2/data_recovery/IMG/center_2026_08_31_13_11_57_361.jpg,/Users/martin/smart-technologies-ca2/data_recovery/IMG/left_2026_08_31_13_11_57_361.jpg,/Users/martin/smart-technologies-ca2/data_recovery/IMG/right_2026_08_31_13_11_57_361.jpg,0,0,0,29.61809
/Users/martin/smart-technologies-ca2/data_recovery/IMG/center_2026_08_31_13_11_57_428.jpg,/Users/martin/smart-technologies-ca2/data_recovery/IMG/left_2026_08_31_13_11_57_428.jpg,/Users/martin/smart-technologies-ca2/data_recovery/IMG/right_2026_08_31_13_11_57_428.jpg,0,0,0,29.37991
/Users/martin/smart-technologies-ca2/data_recovery/IMG/center_2026_08_31_13_11_57_499.jpg,/Users/martin/smart-technologies-ca2/data_recovery/IMG/left_2026_08_31_13_11_57_499.jpg,/Users/martin/smart-technologies-ca2/data_recovery/IMG/right_2026_08_31_13_11_57_499.jpg,0,0,0,29.20259
/Users/martin/smart-technologies-ca2/data_recovery/IMG/center_2026_08_31_13_11_57_566.jpg,/Users/martin/smart-technologies-ca2/data_recovery/IMG/left_2026_08_31_13_11_57_566.jpg,/Users/martin/smart-technologies-ca2/data_recovery/IMG/right_2026_08_31_13_11_57_566.jpg,0,0,0,28.96776
/Users/martin/smart-technologies-ca2/data_recovery/IMG/center_2026_08_31_13_11_57_632.jpg,/Users/martin/smart-technologies-ca2/data_recovery/IMG/left_2026_08_31_13_11_57_632.jpg,/Users/martin/smart-technologies-ca2/data_recovery/IMG/right_2026_08_31_13_11_57_632.jpg,-0.15,0,0,28.78389
/Users/martin/smart-technologies-ca2/data_recovery/IMG/center_2026_08_31_13_11_57_699.jpg,/Users/martin/smart-technologies-ca2/data_recovery/IMG/left_2026_08_31_13_11_57_699.jpg,/Users/martin/smart-technologies-ca2/data_recovery/IMG/right_2026_08_31_13_11_57_699.jpg,-0.3,0,0,28.56567
/Users/martin/smart-technologies-ca2/data_recovery/IMG/center_2026_08_31_13_11_57_766.jpg,/Users/martin/smart-technologies-ca2/data_recovery/IMG/left_2026_08_31_13_11_57_766.jpg,/Users/martin/smart-technologies-ca2/data_recovery/IMG/right_2026_08_31_13_11_57_766.jpg,0,0,0,28.27224
/Users/martin/smart-technologies-ca2/data_recovery/IMG/center_2026_08_31_13_11_57_835.jpg,/Users/martin/smart-technologies-ca2/data_recovery/IMG/left_2026_08_31_13_11_57_835.jpg,/Users/martin/smart-technologies-ca2/data_recovery/IMG/right_2026_08_31_13_11_57_835.jpg,0,0,0,28.0966
/Users/martin/smart-technologies-ca2/data_recovery/IMG/center_2026_08_31_13_11_57_901.jpg,/Users/martin/smart-technologies-ca2/data_recovery/IMG/left_2026_08_31_13_11_57_901.jpg,/Users/martin/smart-technologies-ca2/data_recovery/IMG/right_2026_08_31_13_11_57_901.jpg,0,0,0,27.92558
/Users/martin/smart-technologies-ca2/data_recovery/IMG/center_2026_08_31_13_11_57_969.jpg,/Users/martin/smart-technologies-ca2/data_recovery/IMG/left_2026_08_31_13_11_57_969.jpg,/Users/martin/smart-technologies-ca2/data_recovery/IMG/right_2026_08_31_13_11_57_969.jpg,0,0,0,27.70046
/Users/martin/smart-technologies-ca2/data_recovery/IMG/center_2026_08_31_13_11_58_037.jpg,/Users/martin/smart-technologies-ca2/data_recovery/IMG/left_2026_08_31_13_11_58_037.jpg,/Users/martin/smart-technologies-ca2/data_recovery/IMG/right_2026_08_31_13_11_58_037.jpg,0,0,0,27.53312
/Users/martin/smart-technologies-ca2/data_recovery/IMG/center_2026_08_31_13_11_58_105.jpg,/Users/martin/smart-technologies-ca2/data_recovery/IMG/left_2026_08_31_13_11_58_105.jpg,/Users/martin/smart-technologies-ca2/data_recovery/IMG/right_2026_08_31_13_11_58_105.jpg,-0.05,0,0,27.36648
/Users/martin/smart-technologies-ca2/data_recovery/IMG/center_2026_08_31_13_11_58_174.jpg,/Users/martin/smart-technologies-ca2/data_recovery/IMG/left_2026_08_31_13_11_58_174.jpg,/Users/martin/smart-technologies-ca2/data_recovery/IMG/right_2026_08_31_13_11_58_174.jpg,-0.25,0.1899297,0,27.18194
/Users/martin/smart-technologies-ca2/data_recovery/IMG/center_2026_08_31_13_11_58_243.jpg,/Users/martin/smart-technologies-ca2/data_recovery/IMG/left_2026_08_31_13_11_58_243.jpg,/Users/martin/smart-technologies-ca2/data_recovery/IMG/right_2026_08_31_13_11_58_243.jpg,-0.4,0.2563409,0,27.14684
/Users/martin/smart-technologies-ca2/data_recovery/IMG/center_2026_08_31_13_11_58_310.jpg,/Users/martin/smart-technologies-ca2/data_recovery/IMG/left_2026_08_31_13_11_58_310.jpg,/Users/martin/smart-technologies-ca2/data_recovery/IMG/right_2026_08_31_13_11_58_310.jpg,0,0.01570773,0,27.01999
/Users/martin/smart-technologies-ca2/data_recovery/IMG/center_2026_08_31_13_11_58_378.jpg,/Users/martin/smart-technologies-ca2/data_recovery/IMG/left_2026_08_31_13_11_58_378.jpg,/Users/martin/smart-technologies-ca2/data_recovery/IMG/right_2026_08_31_13_11_58_378.jpg,0,0,0,26.85188
/Users/martin/smart-technologies-ca2/data_recovery/IMG/center_2026_08_31_13_11_58_449.jpg,/Users/martin/smart-technologies-ca2/data_recovery/IMG/left_2026_08_31_13_11_58_449.jpg,/Users/martin/smart-technologies-ca2/data_recovery/IMG/right_2026_08_31_13_11_58_449.jpg,0,0,0,26.63442
/Users/martin/smart-technologies-ca2/data_recovery/IMG/center_2026_08_31_13_11_58_517.jpg,/Users/martin/smart-technologies-ca2/data_recovery/IMG/left_2026_08_31_13_11_58_517.jpg,/Users/martin/smart-technologies-ca2/data_recovery/IMG/right_2026_08_31_13_11_58_517.jpg,0,0,0,26.47341
/Users/martin/smart-technologies-ca2/data_recovery/IMG/center_2026_08_31_13_11_58_585.jpg,/Users/martin/smart-technologies-ca2/data_recovery/IMG/left_2026_08_31_13_11_58_585.jpg,/Users/martin/smart-technologies-ca2/data_recovery/IMG/right_2026_08_31_13_11_58_585.jpg,0,0,0,26.31349
/Users/martin/smart-technologies-ca2/data_recovery/IMG/center_2026_08_31_13_11_58_654.jpg,/Users/martin/smart-technologies-ca2/data_recovery/IMG/left_2026_08_31_13_11_58_654.jpg,/Users/martin/smart-technologies-ca2/data_recovery/IMG/right_2026_08_31_13_11_58_654.jpg,0,0,0,26.10188
/Users/martin/smart-technologies-ca2/data_recovery/IMG/center_2026_08_31_13_11_58_723.jpg,/Users/martin/smart-technologies-ca2/data_recovery/IMG/left_2026_08_31_13_11_58_723.jpg,/Users/martin/smart-technologies-ca2/data_recovery/IMG/right_2026_08_31_13_11_58_723.jpg,0,0.01600814,0,25.94433
/Users/martin/smart-technologies-ca2/data_recovery/IMG/center_2026_08_31_13_11_58_792.jpg,/Users/martin/smart-technologies-ca2/data_recovery/IMG/left_2026_08_31_13_11_58_792.jpg,/Users/martin/smart-technologies-ca2/data_recovery/IMG/right_2026_08_31_13_11_58_792.jpg,0,0.2559421,0,25.85796
/Users/martin/smart-technologies-ca2/data_recovery/IMG/center_2026_08_31_13_11_58_861.jpg,/Users/martin/smart-technologies-ca2/data_recovery/IMG/left_2026_08_31_13_11_58_861.jpg,/Users/martin/smart-technologies-ca2/data_recovery/IMG/right_2026_08_31_13_11_58_861.jpg,0,0.440133,0,25.94702
/Users/martin/smart-technologies-ca2/data_recovery/IMG/center_2026_08_31_13_11_58_928.jpg,/Users/martin/smart-technologies-ca2/data_recovery/IMG/left_2026_08_31_13_11_58_928.jpg,/Users/martin/smart-technologies-ca2/data_recovery/IMG/right_2026_08_31_13_11_58_928.jpg,-0.05,0.6734251,0,26.26828
/Users/martin/smart-technologies-ca2/data_recovery/IMG/center_2026_08_31_13_11_58_998.jpg,/Users/martin/smart-technologies-ca2/data_recovery/IMG/left_2026_08_31_13_11_58_998.jpg,/Users/martin/smart-technologies-ca2/data_recovery/IMG/right_2026_08_31_13_11_58_998.jpg,-0.2,0.8553182,0,26.64054
/Users/martin/smart-technologies-ca2/data_recovery/IMG/center_2026_08_31_13_11_59_068.jpg,/Users/martin/smart-technologies-ca2/data_recovery/IMG/left_2026_08_31_13_11_59_068.jpg,/Users/martin/smart-technologies-ca2/data_recovery/IMG/right_2026_08_31_13_11_59_068.jpg,-0.4,0.991978,0,27.26008
/Users/martin/smart-technologies-ca2/data_recovery/IMG/center_2026_08_31_13_11_59_136.jpg,/Users/martin/smart-technologies-ca2/data_recovery/IMG/left_2026_08_31_13_11_59_136.jpg,/Users/martin/smart-technologies-ca2/data_recovery/IMG/right_2026_08_31_13_11_59_136.jpg,0,0.8169879,0,27.71638
/Users/martin/smart-technologies-ca2/data_recovery/IMG/center_2026_08_31_13_11_59_203.jpg,/Users/martin/smart-technologies-ca2/data_recovery/IMG/left_2026_08_31_13_11_59_203.jpg,/Users/martin/smart-technologies-ca2/data_recovery/IMG/right_2026_08_31_13_11_59_203.jpg,0,0.6331389,0,28.074
/Users/martin/smart-technologies-ca2/data_recovery/IMG/center_2026_08_31_13_11_59_270.jpg,/Users/martin/smart-technologies-ca2/data_recovery/IMG/left_2026_08_31_13_11_59_270.jpg,/Users/martin/smart-technologies-ca2/data_recovery/IMG/right_2026_08_31_13_11_59_270.jpg,0,0.3919089,0,28.35726
/Users/martin/smart-technologies-ca2/data_recovery/IMG/center_2026_08_31_13_11_59_339.jpg,/Users/martin/smart-technologies-ca2/data_recovery/IMG/left_2026_08_31_13_11_59_339.jpg,/Users/martin/smart-technologies-ca2/data_recovery/IMG/right_2026_08_31_13_11_59_339.jpg,0,0.2173239,0,28.41467
/Users/martin/smart-technologies-ca2/data_recovery/IMG/center_2026_08_31_13_11_59_406.jpg,/Users/martin/smart-technologies-ca2/data_recovery/IMG/left_2026_08_31_13_11_59_406.jpg,/Users/martin/smart-technologies-ca2/data_recovery/IMG/right_2026_08_31_13_11_59_406.jpg,0,0,0,28.2895
/Users/martin/smart-technologies-ca2/data_recovery/IMG/center_2026_08_31_13_11_59_473.jpg,/Users/martin/smart-technologies-ca2/data_recovery/IMG/left_2026_08_31_13_11_59_473.jpg,/Users/martin/smart-technologies-ca2/data_recovery/IMG/right_2026_08_31_13_11_59_473.jpg,0,0,0,28.1176
/Users/martin/smart-technologies-ca2/data_recovery/IMG/center_2026_08_31_13_11_59_542.jpg,/Users/martin/smart-technologies-ca2/data_recovery/IMG/left_2026_08_31_13_11_59_542.jpg,/Users/martin/smart-technologies-ca2/data_recovery/IMG/right_2026_08_31_13_11_59_542.jpg,0,0,0,27.94797
/Users/martin/smart-technologies-ca2/data_recovery/IMG/center_2026_08_31_13_11_59_609.jpg,/Users/martin/smart-technologies-ca2/data_recovery/IMG/left_2026_08_31_13_11_59_609.jpg,/Users/martin/smart-technologies-ca2/data_recovery/IMG/right_2026_08_31_13_11_59_609.jpg,0,0.1238941,0,27.74726
/Users/martin/smart-technologies-ca2/data_recovery/IMG/center_2026_08_31_13_11_59_676.jpg,/Users/martin/smart-technologies-ca2/data_recovery/IMG/left_2026_08_31_13_11_59_676.jpg,/Users/martin/smart-technologies-ca2/data_recovery/IMG/right_2026_08_31_13_11_59_676.jpg,0,0.3027148,0,27.72988
/Users/martin/smart-technologies-ca2/data_recovery/IMG/center_2026_08_31_13_11_59_744.jpg,/Users/martin/smart-technologies-ca2/data_recovery/IMG/left_2026_08_31_13_11_59_744.jpg,/Users/martin/smart-technologies-ca2/data_recovery/IMG/right_2026_08_31_13_11_59_744.jpg,-0.15,0.485703,0,27.83348
/Users/martin/smart-technologies-ca2/data_recovery/IMG/center_2026_08_31_13_11_59_813.jpg,/Users/martin/smart-technologies-ca2/data_recovery/IMG/left_2026_08_31_13_11_59_813.jpg,/Users/martin/smart-technologies-ca2/data_recovery/IMG/right_2026_08_31_13_11_59_813.jpg,-0.35,0.720579,0,28.11966
/Users/martin/smart-technologies-ca2/data_recovery/IMG/center_2026_08_31_13_11_59_881.jpg,/Users/martin/smart-technologies-ca2/data_recovery/IMG/left_2026_08_31_13_11_59_881.jpg,/Users/martin/smart-technologies-ca2/data_recovery/IMG/right_2026_08_31_13_11_59_881.jpg,-0.5000001,0.6143249,0,28.35311
/Users/martin/smart-technologies-ca2/data_recovery/IMG/center_2026_08_31_13_11_59_950.jpg,/Users/martin/smart-technologies-ca2/data_recovery/IMG/left_2026_08_31_13_11_59_950.jpg,/Users/martin/smart-technologies-ca2/data_recovery/IMG/right_2026_08_31_13_11_59_950.jpg,0,0.367797,0,28.54275
/Users/martin/smart-technologies-ca2/data_recovery/IMG/center_2026_08_31_13_12_00_018.jpg,/Users/martin/smart-technologies-ca2/data_recovery/IMG/left_2026_08_31_13_12_00_018.jpg,/Users/martin/smart-technologies-ca2/data_recovery/IMG/right_2026_08_31_13_12_00_018.jpg,0,0.195891,0,28.57492
/Users/martin/smart-technologies-ca2/data_recovery/IMG/center_2026_08_31_13_12_00_087.jpg,/Users/martin/smart-technologies-ca2/data_recovery/IMG/left_2026_08_31_13_12_00_087.jpg,/Users/martin/smart-technologies-ca2/data_recovery/IMG/right_2026_08_31_13_12_00_087.jpg,0,0,0,28.42488
/Users/martin/smart-technologies-ca2/data_recovery/IMG/center_2026_08_31_13_12_00_153.jpg,/Users/martin/smart-technologies-ca2/data_recovery/IMG/left_2026_08_31_13_12_00_153.jpg,/Users/martin/smart-technologies-ca2/data_recovery/IMG/right_2026_08_31_13_12_00_153.jpg,0,0,0,28.25323
/Users/martin/smart-technologies-ca2/data_recovery/IMG/center_2026_08_31_13_12_00_220.jpg,/Users/martin/smart-technologies-ca2/data_recovery/IMG/left_2026_08_31_13_12_00_220.jpg,/Users/martin/smart-technologies-ca2/data_recovery/IMG/right_2026_08_31_13_12_00_220.jpg,-0.1,0,0,28.08086
/Users/martin/smart-technologies-ca2/data_recovery/IMG/center_2026_08_31_13_12_00_289.jpg,/Users/martin/smart-technologies-ca2/data_recovery/IMG/left_2026_08_31_13_12_00_289.jpg,/Users/martin/smart-technologies-ca2/data_recovery/IMG/right_2026_08_31_13_12_00_289.jpg,-0.3,0,0,27.81163
/Users/martin/smart-technologies-ca2/data_recovery/IMG/center_2026_08_31_13_12_00_356.jpg,/Users/martin/smart-technologies-ca2/data_recovery/IMG/left_2026_08_31_13_12_00_356.jpg,/Users/martin/smart-technologies-ca2/data_recovery/IMG/right_2026_08_31_13_12_00_356.jpg,0,0,0,27.61476
/Users/martin/smart-technologies-ca2/data_recovery/IMG/center_2026_08_31_13_12_00_425.jpg,/Users/martin/smart-technologies-ca2/data_recovery/IMG/left_2026_08_31_13_12_00_425.jpg,/Users/martin/smart-technologies-ca2/data_recovery/IMG/right_2026_08_31_13_12_00_425.jpg,0,0,0,27.44463
/Users/martin/smart-technologies-ca2/data_recovery/IMG/center_2026_08_31_13_12_00_492.jpg,/Users/martin/smart-technologies-ca2/data_recovery/IMG/left_2026_08_31_13_12_00_492.jpg,/Users/martin/smart-technologies-ca2/data_recovery/IMG/right_2026_08_31_13_12_00_492.jpg,0,0,0,27.22293
/Users/martin/smart-technologies-ca2/data_recovery/IMG/center_2026_08_31_13_12_00_559.jpg,/Users/martin/smart-technologies-ca2/data_recovery/IMG/left_2026_08_31_13_12_00_559.jpg,/Users/martin/smart-technologies-ca2/data_recovery/IMG/right_2026_08_31_13_12_00_559.jpg,0,0,0,27.0584
/Users/martin/smart-technologies-ca2/data_recovery/IMG/center_2026_08_31_13_12_00_627.jpg,/Users/martin/smart-technologies-ca2/data_recovery/IMG/left_2026_08_31_13_12_00_627.jpg,/Users/martin/smart-technologies-ca2/data_recovery/IMG/right_2026_08_31_13_12_00_627.jpg,0,0,0,26.84076
/Users/martin/smart-technologies-ca2/data_recovery/IMG/center_2026_08_31_13_12_00_694.jpg,/Users/martin/smart-technologies-ca2/data_recovery/IMG/left_2026_08_31_13_12_00_694.jpg,/Users/martin/smart-technologies-ca2/data_recovery/IMG/right_2026_08_31_13_12_00_694.jpg,0,0,0,26.67873
/Users/martin/smart-technologies-ca2/data_recovery/IMG/center_2026_08_31_13_12_00_761.jpg,/Users/martin/smart-technologies-ca2/data_recovery/IMG/left_2026_08_31_13_12_00_761.jpg,/Users/martin/smart-technologies-ca2/data_recovery/IMG/right_2026_08_31_13_12_00_761.jpg,0,0,0,26.51768
/Users/martin/smart-technologies-ca2/data_recovery/IMG/center_2026_08_31_13_12_00_832.jpg,/Users/martin/smart-technologies-ca2/data_recovery/IMG/left_2026_08_31_13_12_00_832.jpg,/Users/martin/smart-technologies-ca2/data_recovery/IMG/right_2026_08_31_13_12_00_832.jpg,0,0,0,26.30445
/Users/martin/smart-technologies-ca2/data_recovery/IMG/center_2026_08_31_13_12_00_900.jpg,/Users/martin/smart-technologies-ca2/data_recovery/IMG/left_2026_08_31_13_12_00_900.jpg,/Users/martin/smart-technologies-ca2/data_recovery/IMG/right_2026_08_31_13_12_00_900.jpg,-0.15,0,0,26.13709
/Users/martin/smart-technologies-ca2/data_recovery/IMG/center_2026_08_31_13_12_00_967.jpg,/Users/martin/smart-technologies-ca2/data_recovery/IMG/left_2026_08_31_13_12_00_967.jpg,/Users/martin/smart-technologies-ca2/data_recovery/IMG/right_2026_08_31_13_12_00_967.jpg,-0.35,0,0,25.86115
/Users/martin/smart-technologies-ca2/data_recovery/IMG/center_2026_08_31_13_12_01_036.jpg,/Users/martin/smart-technologies-ca2/data_recovery/IMG/left_2026_08_31_13_12_01_036.jpg,/Users/martin/smart-technologies-ca2/data_recovery/IMG/right_2026_08_31_13_12_01_036.jpg,-0.5000001,0,0,25.60392
/Users/martin/smart-technologies-ca2/data_recovery/IMG/center_2026_08_31_13_12_01_103.jpg,/Users/martin/smart-technologies-ca2/data_recovery/IMG/left_2026_08_31_13_12_01_103.jpg,/Users/martin/smart-technologies-ca2/data_recovery/IMG/right_2026_08_31_13_12_01_103.jpg,0,0,0,25.42861
/Users/martin/smart-technologies-ca2/data_recovery/IMG/center_2026_08_31_13_12_01_171.jpg,/Users/martin/smart-technologies-ca2/data_recovery/IMG/left_2026_08_31_13_12_01_171.jpg,/Users/martin/smart-technologies-ca2/data_recovery/IMG/right_2026_08_31_13_12_01_171.jpg,0,0,0,25.21716
/Users/martin/smart-technologies-ca2/data_recovery/IMG/center_2026_08_31_13_12_01_237.jpg,/Users/martin/smart-technologies-ca2/data_recovery/IMG/left_2026_08_31_13_12_01_237.jpg,/Users/martin/smart-technologies-ca2/data_recovery/IMG/right_2026_08_31_13_12_01_237.jpg,0,0,0,25.06349
/Users/martin/smart-technologies-ca2/data_recovery/IMG/center_2026_08_31_13_12_01_306.jpg,/Users/martin/smart-technologies-ca2/data_recovery/IMG/left_2026_08_31_13_12_01_306.jpg,/Users/martin/smart-technologies-ca2/data_recovery/IMG/right_2026_08_31_13_12_01_306.jpg,0,0,0,24.86148
/Users/martin/smart-technologies-ca2/data_recovery/IMG/center_2026_08_31_13_12_01_373.jpg,/Users/martin/smart-technologies-ca2/data_recovery/IMG/left_2026_08_31_13_12_01_373.jpg,/Users/martin/smart-technologies-ca2/data_recovery/IMG/right_2026_08_31_13_12_01_373.jpg,0,0,0,24.71133
/Users/martin/smart-technologies-ca2/data_recovery/IMG/center_2026_08_31_13_12_01_442.jpg,/Users/martin/smart-technologies-ca2/data_recovery/IMG/left_2026_08_31_13_12_01_442.jpg,/Users/martin/smart-technologies-ca2/data_recovery/IMG/right_2026_08_31_13_12_01_442.jpg,-0.05,0,0,24.56172
/Users/martin/smart-technologies-ca2/data_recovery/IMG/center_2026_08_31_13_12_01_509.jpg,/Users/martin/smart-technologies-ca2/data_recovery/IMG/left_2026_08_31_13_12_01_509.jpg,/Users/martin/smart-technologies-ca2/data_recovery/IMG/right_2026_08_31_13_12_01_509.jpg,-0.25,0,0,24.33531
/Users/martin/smart-technologies-ca2/data_recovery/IMG/center_2026_08_31_13_12_01_578.jpg,/Users/martin/smart-technologies-ca2/data_recovery/IMG/left_2026_08_31_13_12_01_578.jpg,/Users/martin/smart-technologies-ca2/data_recovery/IMG/right_2026_08_31_13_12_01_578.jpg,-0.4,0,0,24.12147
/Users/martin/smart-technologies-ca2/data_recovery/IMG/center_2026_08_31_13_12_01_646.jpg,/Users/martin/smart-technologies-ca2/data_recovery/IMG/left_2026_08_31_13_12_01_646.jpg,/Users/martin/smart-technologies-ca2/data_recovery/IMG/right_2026_08_31_13_12_01_646.jpg,0,0,0,23.84234
/Users/martin/smart-technologies-ca2/data_recovery/IMG/center_2026_08_31_13_12_01_715.jpg,/Users/martin/smart-technologies-ca2/data_recovery/IMG/left_2026_08_31_13_12_01_715.jpg,/Users/martin/smart-technologies-ca2/data_recovery/IMG/right_2026_08_31_13_12_01_715.jpg,0,0,0,23.68891
/Users/martin/smart-technologies-ca2/data_recovery/IMG/center_2026_08_31_13_12_01_782.jpg,/Users/martin/smart-technologies-ca2/data_recovery/IMG/left_2026_08_31_13_12_01_782.jpg,/Users/martin/smart-technologies-ca2/data_recovery/IMG/right_2026_08_31_13_12_01_782.jpg,0,0.09087002,0,23.55834
/Users/martin/smart-technologies-ca2/data_recovery/IMG/center_2026_08_31_13_12_01_849.jpg,/Users/martin/smart-technologies-ca2/data_recovery/IMG/left_2026_08_31_13_12_01_849.jpg,/Users/martin/smart-technologies-ca2/data_recovery/IMG/right_2026_08_31_13_12_01_849.jpg,0,0.3338399,0,23.57139
/Users/martin/smart-technologies-ca2/data_recovery/IMG/center_2026_08_31_13_12_01_918.jpg,/Users/martin/smart-technologies-ca2/data_recovery/IMG/left_2026_08_31_13_12_01_918.jpg,/Users/martin/smart-technologies-ca2/data_recovery/IMG/right_2026_08_31_13_12_01_918.jpg,0,0.5117608,0,23.73307
/Users/martin/smart-technologies-ca2/data_recovery/IMG/center_2026_08_31_13_12_01_986.jpg,/Users/martin/smart-technologies-ca2/data_recovery/IMG/left_2026_08_31_13_12_01_986.jpg,/Users/martin/smart-technologies-ca2/data_recovery/IMG/right_2026_08_31_13_12_01_986.jpg,-0.2,0.7535759,0,24.13468
/Users/martin/smart-technologies-ca2/data_recovery/IMG/center_2026_08_31_13_12_02_053.jpg,/Users/martin/smart-technologies-ca2/data_recovery/IMG/left_2026_08_31_13_12_02_053.jpg,/Users/martin/smart-technologies-ca2/data_recovery/IMG/right_2026_08_31_13_12_02_053.jpg,-0.35,0.8422834,0,24.54604
/Users/martin/smart-technologies-ca2/data_recovery/IMG/center_2026_08_31_13_12_02_120.jpg,/Users/martin/smart-technologies-ca2/data_recovery/IMG/left_2026_08_31_13_12_02_120.jpg,/Users/martin/smart-technologies-ca2/data_recovery/IMG/right_2026_08_31_13_12_02_120.jpg,-0.5000001,0.6704103,0,24.85484
/Users/martin/smart-technologies-ca2/data_recovery/IMG/center_2026_08_31_13_12_02_189.jpg,/Users/martin/smart-technologies-ca2/data_recovery/IMG/left_2026_08_31_13_12_02_189.jpg,/Users/martin/smart-technologies-ca2/data_recovery/IMG/right_2026_08_31_13_12_02_189.jpg,0,0.4274193,0,25.16887
/Users/martin/smart-technologies-ca2/data_recovery/IMG/center_2026_08_31_13_12_02_256.jpg,/Users/martin/smart-technologies-ca2/data_recovery/IMG/left_2026_08_31_13_12_02_256.jpg,/Users/martin/smart-technologies-ca2/data_recovery/IMG/right_2026_08_31_13_12_02_256.jpg,0,0.2420372,0,25.26165
/Users/martin/smart-technologies-ca2/data_recovery/IMG/center_2026_08_31_13_12_02_323.jpg,/Users/martin/smart-technologies-ca2/data_recovery/IMG/left_2026_08_31_13_12_02_323.jpg,/Users/martin/smart-technologies-ca2/data_recovery/IMG/right_2026_08_31_13_12_02_323.jpg,0,0.06981933,0,25.22665
/Users/martin/smart-technologies-ca2/data_recovery/IMG/center_2026_08_31_13_12_02_392.jpg,/Users/martin/smart-technologies-ca2/data_recovery/IMG/left_2026_08_31_13_12_02_392.jpg,/Users/martin/smart-technologies-ca2/data_recovery/IMG/right_2026_08_31_13_12_02_392.jpg,0,0,0,25.03397
/Users/martin/smart-technologies-ca2/data_recovery/IMG/center_2026_08_31_13_12_02_459.jpg,/Users/martin/smart-technologies-ca2/data_recovery/IMG/left_2026_08_31_13_12_02_459.jpg,/Users/martin/smart-technologies-ca2/data_recovery/IMG/right_2026_08_31_13_12_02_459.jpg,0,0,0,24.88358
/Users/martin/smart-technologies-ca2/data_recovery/IMG/center_2026_08_31_13_12_02_527.jpg,/Users/martin/smart-technologies-ca2/data_recovery/IMG/left_2026_08_31_13_12_02_527.jpg,/Users/martin/smart-technologies-ca2/data_recovery/IMG/right_2026_08_31_13_12_02_527.jpg,0,0,0,24.68333
/Users/martin/smart-technologies-ca2/data_recovery/IMG/center_2026_08_31_13_12_02_596.jpg,/Users/martin/smart-technologies-ca2/data_recovery/IMG/left_2026_08_31_13_12_02_596.jpg,/Users/martin/smart-technologies-ca2/data_recovery/IMG/right_2026_08_31_13_12_02_596.jpg,0,0.1695417,0,24.58465
/Users/martin/smart-technologies-ca2/data_recovery/IMG/center_2026_08_31_13_12_02_663.jpg,/Users/martin/smart-technologies-ca2/data_recovery/IMG/left_2026_08_31_13_12_02_663.jpg,/Users/martin/smart-technologies-ca2/data_recovery/IMG/right_2026_08_31_13_12_02_663.jpg,-0.05,0.3465929,0,24.62331
/Users/martin/smart-technologies-ca2/data_recovery/IMG/center_2026_08_31_13_12_02_732.jpg,/Users/martin/smart-technologies-ca2/data_recovery/IMG/left_2026_08_31_13_12_02_732.jpg,/Users/martin/smart-technologies-ca2/data_recovery/IMG/right_2026_08_31_13_12_02_732.jpg,-0.25,0.5916027,0,24.84306
/Users/martin/smart-technologies-ca2/data_recovery/IMG/center_2026_08_31_13_12_02_798.jpg,/Users/martin/smart-technologies-ca2/data_recovery/IMG/left_2026_08_31_13_12_02_798.jpg,/Users/martin/smart-technologies-ca2/data_recovery/IMG/right_2026_08_31_13_12_02_798.jpg,-0.4,0.768258,0,25.11362
/Users/martin/smart-technologies-ca2/data_recovery/IMG/center_2026_08_31_13_12_02_866.jpg,/Users/martin/smart-technologies-ca2/data_recovery/IMG/left_2026_08_31_13_12_02_866.jpg,/Users/martin/smart-technologies-ca2/data_recovery/IMG/right_2026_08_31_13_12_02_866.jpg,-0.6000001,0.9915658,0,25.60508
/Users/martin/smart-technologies-ca2/data_recovery/IMG/center_2026_08_31_13_12_02_934.jpg,/Users/martin/smart-technologies-ca2/data_recovery/IMG/left_2026_08_31_13_12_02_934.jpg,/Users/martin/smart-technologies-ca2/data_recovery/IMG/right_2026_08_31_13_12_02_934.jpg,0,0.80637,0,26.0818
/Users/martin/smart-technologies-ca2/data_recovery/IMG/center_2026_08_31_13_12_03_003.jpg,/Users/martin/smart-technologies-ca2/data_recovery/IMG/left_2026_08_31_13_12_03_003.jpg,/Users/martin/smart-technologies-ca2/data_recovery/IMG/right_2026_08_31_13_12_03_003.jpg,0,0.6293968,0,26.43696
/Users/martin/smart-technologies-ca2/data_recovery/IMG/center_2026_08_31_13_12_03_072.jpg,/Users/martin/smart-technologies-ca2/data_recovery/IMG/left_2026_08_31_13_12_03_072.jpg,/Users/martin/smart-technologies-ca2/data_recovery/IMG/right_2026_08_31_13_12_03_072.jpg,0,0.3875248,0,26.72416
/Users/martin/smart-technologies-ca2/data_recovery/IMG/center_2026_08_31_13_12_03_138.jpg,/Users/martin/smart-technologies-ca2/data_recovery/IMG/left_2026_08_31_13_12_03_138.jpg,/Users/martin/smart-technologies-ca2/data_recovery/IMG/right_2026_08_31_13_12_03_138.jpg,0,0.2087849,0,26.78512
/Users/martin/smart-technologies-ca2/data_recovery/IMG/center_2026_08_31_13_12_03_208.jpg,/Users/martin/smart-technologies-ca2/data_recovery/IMG/left_2026_08_31_13_12_03_208.jpg,/Users/martin/smart-technologies-ca2/data_recovery/IMG/right_2026_08_31_13_12_03_208.jpg,0,0.007974029,0,26.66796
/Users/martin/smart-technologies-ca2/data_recovery/IMG/center_2026_08_31_13_12_03_277.jpg,/Users/martin/smart-technologies-ca2/data_recovery/IMG/left_2026_08_31_13_12_03_277.jpg,/Users/martin/smart-technologies-ca2/data_recovery/IMG/right_2026_08_31_13_12_03_277.jpg,0,0.1865101,0,26.5636
/Users/martin/smart-technologies-ca2/data_recovery/IMG/center_2026_08_31_13_12_03_346.jpg,/Users/martin/smart-technologies-ca2/data_recovery/IMG/left_2026_08_31_13_12_03_346.jpg,/Users/martin/smart-technologies-ca2/data_recovery/IMG/right_2026_08_31_13_12_03_346.jpg,-0.15,0.421434,0,26.62982
/Users/martin/smart-technologies-ca2/data_recovery/IMG/center_2026_08_31_13_12_03_415.jpg,/Users/martin/smart-technologies-ca2/data_recovery/IMG/left_2026_08_31_13_12_03_415.jpg,/Users/martin/smart-technologies-ca2/data_recovery/IMG/right_2026_08_31_13_12_03_415.jpg,-0.3,0.6065608,0,26.79483
/Users/martin/smart-technologies-ca2/data_recovery/IMG/center_2026_08_31_13_12_03_481.jpg,/Users/martin/smart-technologies-ca2/data_recovery/IMG/left_2026_08_31_13_12_03_481.jpg,/Users/martin/smart-technologies-ca2/data_recovery/IMG/right_2026_08_31_13_12_03_481.jpg,-0.45,0.7856158,0,27.04437
/Users/martin/smart-technologies-ca2/data_recovery/IMG/center_2026_08_31_13_12_03_548.jpg,/Users/martin/smart-technologies-ca2/data_recovery/IMG/left_2026_08_31_13_12_03_548.jpg,/Users/martin/smart-technologies-ca2/data_recovery/IMG/right_2026_08_31_13_12_03_548.jpg,0,1,0,27.63132
/Users/martin/smart-technologies-ca2/data_recovery/IMG/center_2026_08_31_13_12_03_615.jpg,/Users/martin/smart-technologies-ca2/data_recovery/IMG/left_2026_08_31_13_12_03_615.jpg,/Users/martin/smart-technologies-ca2/data_recovery/IMG/right_2026_08_31_13_12_03_615.jpg,0,0.8925761,0,28.16865
/Users/martin/smart-technologies-ca2/data_recovery/IMG/center_2026_08_31_13_12_03_682.jpg,/Users/martin/smart-technologies-ca2/data_recovery/IMG/left_2026_08_31_13_12_03_682.jpg,/Users/martin/smart-technologies-ca2/data_recovery/IMG/right_2026_08_31_13_12_03_682.jpg,0,0.708445,0,28.58571
/Users/martin/smart-technologies-ca2/data_recovery/IMG/center_2026_08_31_13_12_03_750.jpg,/Users/martin/smart-technologies-ca2/data_recovery/IMG/left_2026_08_31_13_12_03_750.jpg,/Users/martin/smart-technologies-ca2/data_recovery/IMG/right_2026_08_31_13_12_03_750.jpg,0,0.4652798,0,28.9376
/Users/martin/smart-technologies-ca2/data_recovery/IMG/center_2026_08_31_13_12_03_818.jpg,/Users/martin/smart-technologies-ca2/data_recovery/IMG/left_2026_08_31_13_12_03_818.jpg,/Users/martin/smart-technologies-ca2/data_recovery/IMG/right_2026_08_31_13_12_03_818.jpg,-0.05,0.2923031,0,29.04814
/Users/martin/smart-technologies-ca2/data_recovery/IMG/center_2026_08_31_13_12_03_884.jpg,/Users/martin/smart-technologies-ca2/data_recovery/IMG/left_2026_08_31_13_12_03_884.jpg,/Users/martin/smart-technologies-ca2/data_recovery/IMG/right_2026_08_31_13_12_03_884.jpg,-0.2,0.1141179,0,29.01473
/Users/martin/smart-technologies-ca2/data_recovery/IMG/center_2026_08_31_13_12_03_953.jpg,/Users/martin/smart-technologies-ca2/data_recovery/IMG/left_2026_08_31_13_12_03_953.jpg,/Users/martin/smart-technologies-ca2/data_recovery/IMG/right_2026_08_31_13_12_03_953.jpg,-0.4,0.2621862,0,28.82522
/Users/martin/smart-technologies-ca2/data_recovery/IMG/center_2026_08_31_13_12_04_022.jpg,/Users/martin/smart-technologies-ca2/data_recovery/IMG/left_2026_08_31_13_12_04_022.jpg,/Users/martin/smart-technologies-ca2/data_recovery/IMG/right_2026_08_31_13_12_04_022.jpg,-0.5500001,0.4361771,0,28.77417
/Users/martin/smart-technologies-ca2/data_recovery/IMG/center_2026_08_31_13_12_04_091.jpg,/Users/martin/smart-technologies-ca2/data_recovery/IMG/left_2026_08_31_13_12_04_091.jpg,/Users/martin/smart-technologies-ca2/data_recovery/IMG/right_2026_08_31_13_12_04_091.jpg,-0.7500002,0.6738069,0,28.82722
/Users/martin/smart-technologies-ca2/data_recovery/IMG/center_2026_08_31_13_12_04_158.jpg,/Users/martin/smart-technologies-ca2/data_recovery/IMG/left_2026_08_31_13_12_04_158.jpg,/Users/martin/smart-technologies-ca2/data_recovery/IMG/right_2026_08_31_13_12_04_158.jpg,0,0.8540739,0,29.08305
/Users/martin/smart-technologies-ca2/data_recovery/IMG/center_2026_08_31_13_12_04_226.jpg,/Users/martin/smart-technologies-ca2/data_recovery/IMG/left_2026_08_31_13_12_04_226.jpg,/Users/martin/smart-technologies-ca2/data_recovery/IMG/right_2026_08_31_13_12_04_226.jpg,0,1,0,29.7315
/Users/martin/smart-technologies-ca2/data_recovery/IMG/center_2026_08_31_13_12_04_293.jpg,/Users/martin/smart-technologies-ca2/data_recovery/IMG/left_2026_08_31_13_12_04_293.jpg,/Users/martin/smart-technologies-ca2/data_recovery/IMG/right_2026_08_31_13_12_04_293.jpg,0,1,0,30.18616
/Users/martin/smart-technologies-ca2/data_recovery/IMG/center_2026_08_31_13_12_04_362.jpg,/Users/martin/smart-technologies-ca2/data_recovery/IMG/left_2026_08_31_13_12_04_362.jpg,/Users/martin/smart-technologies-ca2/data_recovery/IMG/right_2026_08_31_13_12_04_362.jpg,0,0.9598058,0,30.19001
/Users/martin/smart-technologies-ca2/data_recovery/IMG/center_2026_08_31_13_12_04_432.jpg,/Users/martin/smart-technologies-ca2/data_recovery/IMG/left_2026_08_31_13_12_04_432.jpg,/Users/martin/smart-technologies-ca2/data_recovery/IMG/right_2026_08_31_13_12_04_432.jpg,0,0.7111719,0,30.12967
/Users/martin/smart-technologies-ca2/data_recovery/IMG/center_2026_08_31_13_12_04_500.jpg,/Users/martin/smart-technologies-ca2/data_recovery/IMG/left_2026_08_31_13_12_04_500.jpg,/Users/martin/smart-technologies-ca2/data_recovery/IMG/right_2026_08_31_13_12_04_500.jpg,0,0.5371419,0,30.08398
/Users/martin/smart-technologies-ca2/data_recovery/IMG/center_2026_08_31_13_12_04_568.jpg,/Users/martin/smart-technologies-ca2/data_recovery/IMG/left_2026_08_31_13_12_04_568.jpg,/Users/martin/smart-technologies-ca2/data_recovery/IMG/right_2026_08_31_13_12_04_568.jpg,0,0.2997761,0,30.024
/Users/martin/smart-technologies-ca2/data_recovery/IMG/center_2026_08_31_13_12_04_636.jpg,/Users/martin/smart-technologies-ca2/data_recovery/IMG/left_2026_08_31_13_12_04_636.jpg,/Users/martin/smart-technologies-ca2/data_recovery/IMG/right_2026_08_31_13_12_04_636.jpg,0,0.220657,0,29.9724
/Users/martin/smart-technologies-ca2/data_recovery/IMG/center_2026_08_31_13_12_04_706.jpg,/Users/martin/smart-technologies-ca2/data_recovery/IMG/left_2026_08_31_13_12_04_706.jpg,/Users/martin/smart-technologies-ca2/data_recovery/IMG/right_2026_08_31_13_12_04_706.jpg,0,0.4591211,0,30.04158
/Users/martin/smart-technologies-ca2/data_recovery/IMG/center_2026_08_31_13_12_04_772.jpg,/Users/martin/smart-technologies-ca2/data_recovery/IMG/left_2026_08_31_13_12_04_772.jpg,/Users/martin/smart-technologies-ca2/data_recovery/IMG/right_2026_08_31_13_12_04_772.jpg,0,0.6379451,0,30.08737
/Users/martin/smart-technologies-ca2/data_recovery/IMG/center_2026_08_31_13_12_04_842.jpg,/Users/martin/smart-technologies-ca2/data_recovery/IMG/left_2026_08_31_13_12_04_842.jpg,/Users/martin/smart-technologies-ca2/data_recovery/IMG/right_2026_08_31_13_12_04_842.jpg,0,0.8173569,0,30.13363
/Users/martin/smart-technologies-ca2/data_recovery/IMG/center_2026_08_31_13_12_04_910.jpg,/Users/martin/smart-technologies-ca2/data_recovery/IMG/left_2026_08_31_13_12_04_910.jpg,/Users/martin/smart-technologies-ca2/data_recovery/IMG/right_2026_08_31_13_12_04_910.jpg,0,1,0,30.19195
/Users/martin/smart-technologies-ca2/data_recovery/IMG/center_2026_08_31_13_12_04_979.jpg,/Users/martin/smart-technologies-ca2/data_recovery/IMG/left_2026_08_31_13_12_04_979.jpg,/Users/martin/smart-technologies-ca2/data_recovery/IMG/right_2026_08_31_13_12_04_979.jpg,0,1,0,30.19091
/Users/martin/smart-technologies-ca2/data_recovery/IMG/center_2026_08_31_13_12_05_046.jpg,/Users/martin/smart-technologies-ca2/data_recovery/IMG/left_2026_08_31_13_12_05_046.jpg,/Users/martin/smart-technologies-ca2/data_recovery/IMG/right_2026_08_31_13_12_05_046.jpg,0,1,0,30.19039
/Users/martin/smart-technologies-ca2/data_recovery/IMG/center_2026_08_31_13_12_05_113.jpg,/Users/martin/smart-technologies-ca2/data_recovery/IMG/left_2026_08_31_13_12_05_113.jpg,/Users/martin/smart-technologies-ca2/data_recovery/IMG/right_2026_08_31_13_12_05_113.jpg,0,1,0,30.19025
/Users/martin/smart-technologies-ca2/data_recovery/IMG/center_2026_08_31_13_12_05_182.jpg,/Users/martin/smart-technologies-ca2/data_recovery/IMG/left_2026_08_31_13_12_05_182.jpg,/Users/martin/smart-technologies-ca2/data_recovery/IMG/right_2026_08_31_13_12_05_182.jpg,0,1,0,30.19043
/Users/martin/smart-technologies-ca2/data_recovery/IMG/center_2026_08_31_13_12_05_251.jpg,/Users/martin/smart-technologies-ca2/data_recovery/IMG/left_2026_08_31_13_12_05_251.jpg,/Users/martin/smart-technologies-ca2/data_recovery/IMG/right_2026_08_31_13_12_05_251.jpg,0,1,0,30.19056
/Users/martin/smart-technologies-ca2/data_recovery/IMG/center_2026_08_31_13_12_05_320.jpg,/Users/martin/smart-technologies-ca2/data_recovery/IMG/left_2026_08_31_13_12_05_320.jpg,/Users/martin/smart-technologies-ca2/data_recovery/IMG/right_2026_08_31_13_12_05_320.jpg,0,1,0,30.19049
/Users/martin/smart-technologies-ca2/data_recovery/IMG/center_2026_08_31_13_12_05_388.jpg,/Users/martin/smart-technologies-ca2/data_recovery/IMG/left_2026_08_31_13_12_05_388.jpg,/Users/martin/smart-technologies-ca2/data_recovery/IMG/right_2026_08_31_13_12_05_388.jpg,0,1,0,30.1904
/Users/martin/smart-technologies-ca2/data_recovery/IMG/center_2026_08_31_13_12_05_455.jpg,/Users/martin/smart-technologies-ca2/data_recovery/IMG/left_2026_08_31_13_12_05_455.jpg,/Users/martin/smart-technologies-ca2/data_recovery/IMG/right_2026_08_31_13_12_05_455.jpg,0,1,0,30.19041
/Users/martin/smart-technologies-ca2/data_recovery/IMG/center_2026_08_31_13_12_05_523.jpg,/Users/martin/smart-technologies-ca2/data_recovery/IMG/left_2026_08_31_13_12_05_523.jpg,/Users/martin/smart-technologies-ca2/data_recovery/IMG/right_2026_08_31_13_12_05_523.jpg,0,1,0,30.19044
/Users/martin/smart-technologies-ca2/data_recovery/IMG/center_2026_08_31_13_12_05_592.jpg,/Users/martin/smart-technologies-ca2/data_recovery/IMG/left_2026_08_31_13_12_05_592.jpg,/Users/martin/smart-technologies-ca2/data_recovery/IMG/right_2026_08_31_13_12_05_592.jpg,-0.15,1,0,30.18403
/Users/martin/smart-technologies-ca2/data_recovery/IMG/center_2026_08_31_13_12_05_662.jpg,/Users/martin/smart-technologies-ca2/data_recovery/IMG/left_2026_08_31_13_12_05_662.jpg,/Users/martin/smart-technologies-ca2/data_recovery/IMG/right_2026_08_31_13_12_05_662.jpg,-0.3,1,0,30.17101
/Users/martin/smart-technologies-ca2/data_recovery/IMG/center_2026_08_31_13_12_05_731.jpg,/Users/martin/smart-technologies-ca2/data_recovery/IMG/left_2026_08_31_13_12_05_731.jpg,/Users/martin/smart-technologies-ca2/data_recovery/IMG/right_2026_08_31_13_12_05_731.jpg,0,1,0,30.18933
/Users/martin/smart-technologies-ca2/data_recovery/IMG/center_2026_08_31_13_12_05_799.jpg,/Users/martin/smart-technologies-ca2/data_recovery/IMG/left_2026_08_31_13_12_05_799.jpg,/Users/martin/smart-technologies-ca2/data_recovery/IMG/right_2026_08_31_13_12_05_799.jpg,0,0.8393707,0,30.15918
/Users/martin/smart-technologies-ca2/data_recovery/IMG/center_2026_08_31_13_12_05_867.jpg,/Users/martin/smart-technologies-ca2/data_recovery/IMG/left_2026_08_31_13_12_05_867.jpg,/Users/martin/smart-technologies-ca2/data_recovery/IMG/right_2026_08_31_13_12_05_867.jpg,0,0.5946878,0,30.10062
/Users/martin/smart-technologies-ca2/data_recovery/IMG/center_2026_08_31_13_12_05_935.jpg,/Users/martin/smart-technologies-ca2/data_recovery/IMG/left_2026_08_31_13_12_05_935.jpg,/Users/martin/smart-technologies-ca2/data_recovery/IMG/right_2026_08_31_13_12_05_935.jpg,0,0.4191937,0,30.05408
/Users/martin/smart-technologies-ca2/data_recovery/IMG/center_2026_08_31_13_12_06_003.jpg,/Users/martin/smart-technologies-ca2/data_recovery/IMG/left_2026_08_31_13_12_06_003.jpg,/Users/martin/smart-technologies-ca2/data_recovery/IMG/right_2026_08_31_13_12_06_003.jpg,0,0.2370639,0,30.00629
/Users/martin/smart-technologies-ca2/data_recovery/IMG/center_2026_08_31_13_12_06_072.jpg,/Users/martin/smart-technologies-ca2/data_recovery/IMG/left_2026_08_31_13_12_06_072.jpg,/Users/martin/smart-technologies-ca2/data_recovery/IMG/right_2026_08_31_13_12_06_072.jpg,0,0.1757618,0,29.90637
/Users/martin/smart-technologies-ca2/data_recovery/IMG/center_2026_08_31_13_12_06_140.jpg,/Users/martin/smart-technologies-ca2/data_recovery/IMG/left_2026_08_31_13_12_06_140.jpg,/Users/martin/smart-technologies-ca2/data_recovery/IMG/right_2026_08_31_13_12_06_140.jpg,0,0.358456,0,29.91451
/Users/martin/smart-technologies-ca2/data_recovery/IMG/center_2026_08_31_13_12_06_207.jpg,/Users/martin/smart-technologies-ca2/data_recovery/IMG/left_2026_08_31_13_12_06_207.jpg,/Users/martin/smart-technologies-ca2/data_recovery/IMG/right_2026_08_31_13_12_06_207.jpg,-0.2,0.6011709,0,30.06795
/Users/martin/smart-technologies-ca2/data_recovery/IMG/center_2026_08_31_13_12_06_275.jpg,/Users/martin/smart-technologies-ca2/data_recovery/IMG/left_2026_08_31_13_12_06_275.jpg,/Users/martin/smart-technologies-ca2/data_recovery/IMG/right_2026_08_31_13_12_06_275.jpg,-0.35,0.7755009,0,30.09584
/Users/martin/smart-technologies-ca2/data_recovery/IMG/center_2026_08_31_13_12_06_343.jpg,/Users/martin/smart-technologies-ca2/data_recovery/IMG/left_2026_08_31_13_12_06_343.jpg,/Users/martin/smart-technologies-ca2/data_recovery/IMG/right_2026_08_31_13_12_06_343.jpg,-0.5000001,0.95761,0,30.12306
/Users/martin/smart-technologies-ca2/data_recovery/IMG/center_2026_08_31_13_12_06_415.jpg,/Users/martin/smart-technologies-ca2/data_recovery/IMG/left_2026_08_31_13_12_06_415.jpg,/Users/martin/smart-technologies-ca2/data_recovery/IMG/right_2026_08_31_13_12_06_415.jpg,0,1,0,30.18443
/Users/martin/smart-technologies-ca2/data_recovery/IMG/center_2026_08_31_13_12_06_482.jpg,/Users/martin/smart-technologies-ca2/data_recovery/IMG/left_2026_08_31_13_12_06_482.jpg,/Users/martin/smart-technologies-ca2/data_recovery/IMG/right_2026_08_31_13_12_06_482.jpg,0,1,0,30.18859
/Users/martin/smart-technologies-ca2/data_recovery/IMG/center_2026_08_31_13_12_06_549.jpg,/Users/martin/smart-technologies-ca2/data_recovery/IMG/left_2026_08_31_13_12_06_549.jpg,/Users/martin/smart-technologies-ca2/data_recovery/IMG/right_2026_08_31_13_12_06_549.jpg,0,1,0,30.18957
/Users/martin/smart-technologies-ca2/data_recovery/IMG/center_2026_08_31_13_12_06_618.jpg,/Users/martin/smart-technologies-ca2/data_recovery/IMG/left_2026_08_31_13_12_06_618.jpg,/Users/martin/smart-technologies-ca2/data_recovery/IMG/right_2026_08_31_13_12_06_618.jpg,0,1,0,30.19023
/Users/martin/smart-technologies-ca2/data_recovery/IMG/center_2026_08_31_13_12_06_687.jpg,/Users/martin/smart-technologies-ca2/data_recovery/IMG/left_2026_08_31_13_12_06_687.jpg,/Users/martin/smart-technologies-ca2/data_recovery/IMG/right_2026_08_31_13_12_06_687.jpg,0,1,0,30.19027
/Users/martin/smart-technologies-ca2/data_recovery/IMG/center_2026_08_31_13_12_06_757.jpg,/Users/martin/smart-technologies-ca2/data_recovery/IMG/left_2026_08_31_13_12_06_757.jpg,/Users/martin/smart-technologies-ca2/data_recovery/IMG/right_2026_08_31_13_12_06_757.jpg,0,1,0,30.19028
/Users/martin/smart-technologies-ca2/data_recovery/IMG/center_2026_08_31_13_12_06_827.jpg,/Users/martin/smart-technologies-ca2/data_recovery/IMG/left_2026_08_31_13_12_06_827.jpg,/Users/martin/smart-technologies-ca2/data_recovery/IMG/right_2026_08_31_13_12_06_827.jpg,0,1,0,30.19031
/Users/martin/smart-technologies-ca2/data_recovery/IMG/center_2026_08_31_13_12_06_893.jpg,/Users/martin/smart-technologies-ca2/data_recovery/IMG/left_2026_08_31_13_12_06_893.jpg,/Users/martin/smart-technologies-ca2/data_recovery/IMG/right_2026_08_31_13_12_06_893.jpg,0,1,0,30.19028
/Users/martin/smart-technologies-ca2/data_recovery/IMG/center_2026_08_31_13_12_06_961.jpg,/Users/martin/smart-technologies-ca2/data_recovery/IMG/left_2026_08_31_13_12_06_961.jpg,/Users/martin/smart-technologies-ca2/data_recovery/IMG/right_2026_08_31_13_12_06_961.jpg,0,1,0,30.1903
/Users/martin/smart-technologies-ca2/data_recovery/IMG/center_2026_08_31_13_12_07_032.jpg,/Users/martin/smart-technologies-ca2/data_recovery/IMG/left_2026_08_31_13_12_07_032.jpg,/Users/martin/smart-technologies-ca2/data_recovery/IMG/right_2026_08_31_13_12_07_032.jpg,0,1,0,30.1903
/Users/martin/smart-technologies-ca2/data_recovery/IMG/center_2026_08_31_13_12_07_098.jpg,/Users/martin/smart-technologies-ca2/data_recovery/IMG/left_2026_08_31_13_12_07_098.jpg,/Users/martin/smart-technologies-ca2/data_recovery/IMG/right_2026_08_31_13_12_07_098.jpg,0,1,0,30.19011
/Users/martin/smart-technologies-ca2/data_recovery/IMG/center_2026_08_31_13_12_07_169.jpg,/Users/martin/smart-technologies-ca2/data_recovery/IMG/left_2026_08_31_13_12_07_169.jpg,/Users/martin/smart-technologies-ca2/data_recovery/IMG/right_2026_08_31_13_12_07_169.jpg,0,1,0,30.19028
/Users/martin/smart-technologies-ca2/data_recovery/IMG/center_2026_08_31_13_12_07_235.jpg,/Users/martin/smart-technologies-ca2/data_recovery/IMG/left_2026_08_31_13_12_07_235.jpg,/Users/martin/smart-technologies-ca2/data_recovery/IMG/right_2026_08_31_13_12_07_235.jpg,-0.05,1,0,30.18967
/Users/martin/smart-technologies-ca2/data_recovery/IMG/center_2026_08_31_13_12_07_306.jpg,/Users/martin/smart-technologies-ca2/data_recovery/IMG/left_2026_08_31_13_12_07_306.jpg,/Users/martin/smart-technologies-ca2/data_recovery/IMG/right_2026_08_31_13_12_07_306.jpg,-0.25,1,0,30.17477
/Users/martin/smart-technologies-ca2/data_recovery/IMG/center_2026_08_31_13_12_07_372.jpg,/Users/martin/smart-technologies-ca2/data_recovery/IMG/left_2026_08_31_13_12_07_372.jpg,/Users/martin/smart-technologies-ca2/data_recovery/IMG/right_2026_08_31_13_12_07_372.jpg,0,1,0,30.18295
/Users/martin/smart-technologies-ca2/data_recovery/IMG/center_2026_08_31_13_12_07_441.jpg,/Users/martin/smart-technologies-ca2/data_recovery/IMG/left_2026_08_31_13_12_07_441.jpg,/Users/martin/smart-technologies-ca2/data_recovery/IMG/right_2026_08_31_13_12_07_441.jpg,0,1,0,30.18953
/Users/martin/smart-technologies-ca2/data_recovery/IMG/center_2026_08_31_13_12_07_511.jpg,/Users/martin/smart-technologies-ca2/data_recovery/IMG/left_2026_08_31_13_12_07_511.jpg,/Users/martin/smart-technologies-ca2/data_recovery/IMG/right_2026_08_31_13_12_07_511.jpg,0,1,0,30.19004
/Users/martin/smart-technologies-ca2/data_recovery/IMG/center_2026_08_31_13_12_07_580.jpg,/Users/martin/smart-technologies-ca2/data_recovery/IMG/left_2026_08_31_13_12_07_580.jpg,/Users/martin/smart-technologies-ca2/data_recovery/IMG/right_2026_08_31_13_12_07_580.jpg,0,1,0,30.19021
/Users/martin/smart-technologies-ca2/data_recovery/IMG/center_2026_08_31_13_12_07_649.jpg,/Users/martin/smart-technologies-ca2/data_recovery/IMG/left_2026_08_31_13_12_07_649.jpg,/Users/martin/smart-technologies-ca2/data_recovery/IMG/right_2026_08_31_13_12_07_649.jpg,0,1,0,30.19029
/Users/martin/smart-technologies-ca2/data_recovery/IMG/center_2026_08_31_13_12_07_716.jpg,/Users/martin/smart-technologies-ca2/data_recovery/IMG/left_2026_08_31_13_12_07_716.jpg,/Users/martin/smart-technologies-ca2/data_recovery/IMG/right_2026_08_31_13_12_07_716.jpg,0,1,0,30.19029
/Users/martin/smart-technologies-ca2/data_recovery/IMG/center_2026_08_31_13_12_07_783.jpg,/Users/martin/smart-technologies-ca2/data_recovery/IMG/left_2026_08_31_13_12_07_783.jpg,/Users/martin/smart-technologies-ca2/data_recovery/IMG/right_2026_08_31_13_12_07_783.jpg,0,1,0,30.19028
/Users/martin/smart-technologies-ca2/data_recovery/IMG/center_2026_08_31_13_12_07_853.jpg,/Users/martin/smart-technologies-ca2/data_recovery/IMG/left_2026_08_31_13_12_07_853.jpg,/Users/martin/smart-technologies-ca2/data_recovery/IMG/right_2026_08_31_13_12_07_853.jpg,0,1,0,30.19013
/Users/martin/smart-technologies-ca2/data_recovery/IMG/center_2026_08_31_13_12_07_923.jpg,/Users/martin/smart-technologies-ca2/data_recovery/IMG/left_2026_08_31_13_12_07_923.jpg,/Users/martin/smart-technologies-ca2/data_recovery/IMG/right_2026_08_31_13_12_07_923.jpg,0,1,0,30.19032
/Users/martin/smart-technologies-ca2/data_recovery/IMG/center_2026_08_31_13_12_07_991.jpg,/Users/martin/smart-technologies-ca2/data_recovery/IMG/left_2026_08_31_13_12_07_991.jpg,/Users/martin/smart-technologies-ca2/data_recovery/IMG/right_2026_08_31_13_12_07_991.jpg,0,1,0,30.19033
/Users/martin/smart-technologies-ca2/data_recovery/IMG/center_2026_08_31_13_12_08_061.jpg,/Users/martin/smart-technologies-ca2/data_recovery/IMG/left_2026_08_31_13_12_08_061.jpg,/Users/martin/smart-technologies-ca2/data_recovery/IMG/right_2026_08_31_13_12_08_061.jpg,-0.05,1,0,30.18986
/Users/martin/smart-technologies-ca2/data_recovery/IMG/center_2026_08_31_13_12_08_131.jpg,/Users/martin/smart-technologies-ca2/data_recovery/IMG/left_2026_08_31_13_12_08_131.jpg,/Users/martin/smart-technologies-ca2/data_recovery/IMG/right_2026_08_31_13_12_08_131.jpg,-0.25,1,0,30.17472
/Users/martin/smart-technologies-ca2/data_recovery/IMG/center_2026_08_31_13_12_08_200.jpg,/Users/martin/smart-technologies-ca2/data_recovery/IMG/left_2026_08_31_13_12_08_200.jpg,/Users/martin/smart-technologies-ca2/data_recovery/IMG/right_2026_08_31_13_12_08_200.jpg,-0.4,1,0,30.15751
/Users/martin/smart-technologies-ca2/data_recovery/IMG/center_2026_08_31_13_12_08_270.jpg,/Users/martin/smart-technologies-ca2/data_recovery/IMG/left_2026_08_31_13_12_08_270.jpg,/Users/martin/smart-technologies-ca2/data_recovery/IMG/right_2026_08_31_13_12_08_270.jpg,0,1,0,30.18899
/Users/martin/smart-technologies-ca2/data_recovery/IMG/center_2026_08_31_13_12_08_339.jpg,/Users/martin/smart-technologies-ca2/data_recovery/IMG/left_2026_08_31_13_12_08_339.jpg,/Users/martin/smart-technologies-ca2/data_recovery/IMG/right_2026_08_31_13_12_08_339.jpg,0,1,0,30.1898
/Users/martin/smart-technologies-ca2/data_recovery/IMG/center_2026_08_31_13_12_08_407.jpg,/Users/martin/smart-technologies-ca2/data_recovery/IMG/left_2026_08_31_13_12_08_407.jpg,/Users/martin/smart-technologies-ca2/data_recovery/IMG/right_2026_08_31_13_12_08_407.jpg,0,1,0,30.19019
/Users/martin/smart-technologies-ca2/data_recovery/IMG/center_2026_08_31_13_12_08_476.jpg,/Users/martin/smart-technologies-ca2/data_recovery/IMG/left_2026_08_31_13_12_08_476.jpg,/Users/martin/smart-technologies-ca2/data_recovery/IMG/right_2026_08_31_13_12_08_476.jpg,0,1,0,30.19027
/Users/martin/smart-technologies-ca2/data_recovery/IMG/center_2026_08_31_13_12_08_546.jpg,/Users/martin/smart-technologies-ca2/data_recovery/IMG/left_2026_08_31_13_12_08_546.jpg,/Users/martin/smart-technologies-ca2/data_recovery/IMG/right_2026_08_31_13_12_08_546.jpg,0,1,0,30.1903
/Users/martin/smart-technologies-ca2/data_recovery/IMG/center_2026_08_31_13_12_08_615.jpg,/Users/martin/smart-technologies-ca2/data_recovery/IMG/left_2026_08_31_13_12_08_615.jpg,/Users/martin/smart-technologies-ca2/data_recovery/IMG/right_2026_08_31_13_12_08_615.jpg,0,1,0,30.19029
/Users/martin/smart-technologies-ca2/data_recovery/IMG/center_2026_08_31_13_12_08_681.jpg,/Users/martin/smart-technologies-ca2/data_recovery/IMG/left_2026_08_31_13_12_08_681.jpg,/Users/martin/smart-technologies-ca2/data_recovery/IMG/right_2026_08_31_13_12_08_681.jpg,0,1,0,30.19036
/Users/martin/smart-technologies-ca2/data_recovery/IMG/center_2026_08_31_13_12_08_751.jpg,/Users/martin/smart-technologies-ca2/data_recovery/IMG/left_2026_08_31_13_12_08_751.jpg,/Users/martin/smart-technologies-ca2/data_recovery/IMG/right_2026_08_31_13_12_08_751.jpg,0,1,0,30.19028
/Users/martin/smart-technologies-ca2/data_recovery/IMG/center_2026_08_31_13_12_08_821.jpg,/Users/martin/smart-technologies-ca2/data_recovery/IMG/left_2026_08_31_13_12_08_821.jpg,/Users/martin/smart-technologies-ca2/data_recovery/IMG/right_2026_08_31_13_12_08_821.jpg,0,1,0,30.19031
/Users/martin/smart-technologies-ca2/data_recovery/IMG/center_2026_08_31_13_12_08_888.jpg,/Users/martin/smart-technologies-ca2/data_recovery/IMG/left_2026_08_31_13_12_08_888.jpg,/Users/martin/smart-technologies-ca2/data_recovery/IMG/right_2026_08_31_13_12_08_888.jpg,0,1,0,30.19033
/Users/martin/smart-technologies-ca2/data_recovery/IMG/center_2026_08_31_13_12_08_956.jpg,/Users/martin/smart-technologies-ca2/data_recovery/IMG/left_2026_08_31_13_12_08_956.jpg,/Users/martin/smart-technologies-ca2/data_recovery/IMG/right_2026_08_31_13_12_08_956.jpg,-0.15,1,0,30.18428
/Users/martin/smart-technologies-ca2/data_recovery/IMG/center_2026_08_31_13_12_09_026.jpg,/Users/martin/smart-technologies-ca2/data_recovery/IMG/left_2026_08_31_13_12_09_026.jpg,/Users/martin/smart-technologies-ca2/data_recovery/IMG/right_2026_08_31_13_12_09_026.jpg,-0.35,1,0,30.16344
/Users/martin/smart-technologies-ca2/data_recovery/IMG/center_2026_08_31_13_12_09_095.jpg,/Users/martin/smart-technologies-ca2/data_recovery/IMG/left_2026_08_31_13_12_09_095.jpg,/Users/martin/smart-technologies-ca2/data_recovery/IMG/right_2026_08_31_13_12_09_095.jpg,0,1,0,30.18911
/Users/martin/smart-technologies-ca2/data_recovery/IMG/center_2026_08_31_13_12_09_162.jpg,/Users/martin/smart-technologies-ca2/data_recovery/IMG/left_2026_08_31_13_12_09_162.jpg,/Users/martin/smart-technologies-ca2/data_recovery/IMG/right_2026_08_31_13_12_09_162.jpg,0,1,0,30.18917
/Users/martin/smart-technologies-ca2/data_recovery/IMG/center_2026_08_31_13_12_09_232.jpg,/Users/martin/smart-technologies-ca2/data_recovery/IMG/left_2026_08_31_13_12_09_232.jpg,/Users/martin/smart-technologies-ca2/data_recovery/IMG/right_2026_08_31_13_12_09_232.jpg,0,1,0,30.19007
/Users/martin/smart-technologies-ca2/data_recovery/IMG/center_2026_08_31_13_12_09_302.jpg,/Users/martin/smart-technologies-ca2/data_recovery/IMG/left_2026_08_31_13_12_09_302.jpg,/Users/martin/smart-technologies-ca2/data_recovery/IMG/right_2026_08_31_13_12_09_302.jpg,0,1,0,30.19025
/Users/martin/smart-technologies-ca2/data_recovery/IMG/center_2026_08_31_13_12_09_372.jpg,/Users/martin/smart-technologies-ca2/data_recovery/IMG/left_2026_08_31_13_12_09_372.jpg,/Users/martin/smart-technologies-ca2/data_recovery/IMG/right_2026_08_31_13_12_09_372.jpg,0,1,0,30.19032
/Users/martin/smart-technologies-ca2/data_recovery/IMG/center_2026_08_31_13_12_09_439.jpg,/Users/martin/smart-technologies-ca2/data_recovery/IMG/left_2026_08_31_13_12_09_439.jpg,/Users/martin/smart-technologies-ca2/data_recovery/IMG/right_2026_08_31_13_12_09_439.jpg,0,1,0,30.19029
/Users/martin/smart-technologies-ca2/data_recovery/IMG/center_2026_08_31_13_12_09_509.jpg,/Users/martin/smart-technologies-ca2/data_recovery/IMG/left_2026_08_31_13_12_09_509.jpg,/Users/martin/smart-technologies-ca2/data_recovery/IMG/right_2026_08_31_13_12_09_509.jpg,0,1,0,30.19035
/Users/martin/smart-technologies-ca2/data_recovery/IMG/center_2026_08_31_13_12_09_575.jpg,/Users/martin/smart-technologies-ca2/data_recovery/IMG/left_2026_08_31_13_12_09_575.jpg,/Users/martin/smart-technologies-ca2/data_recovery/IMG/right_2026_08_31_13_12_09_575.jpg,0,1,0,30.19031
/Users/martin/smart-technologies-ca2/data_recovery/IMG/center_2026_08_31_13_12_09_643.jpg,/Users/martin/smart-technologies-ca2/data_recovery/IMG/left_2026_08_31_13_12_09_643.jpg,/Users/martin/smart-technologies-ca2/data_recovery/IMG/right_2026_08_31_13_12_09_643.jpg,0,1,0,30.19027
/Users/martin/smart-technologies-ca2/data_recovery/IMG/center_2026_08_31_13_12_09_710.jpg,/Users/martin/smart-technologies-ca2/data_recovery/IMG/left_2026_08_31_13_12_09_710.jpg,/Users/martin/smart-technologies-ca2/data_recovery/IMG/right_2026_08_31_13_12_09_710.jpg,0,1,0,30.19033
/Users/martin/smart-technologies-ca2/data_recovery/IMG/center_2026_08_31_13_12_09_781.jpg,/Users/martin/smart-technologies-ca2/data_recovery/IMG/left_2026_08_31_13_12_09_781.jpg,/Users/martin/smart-technologies-ca2/data_recovery/IMG/right_2026_08_31_13_12_09_781.jpg,0,1,0,30.19033
/Users/martin/smart-technologies-ca2/data_recovery/IMG/center_2026_08_31_13_12_09_852.jpg,/Users/martin/smart-technologies-ca2/data_recovery/IMG/left_2026_08_31_13_12_09_852.jpg,/Users/martin/smart-technologies-ca2/data_recovery/IMG/right_2026_08_31_13_12_09_852.jpg,0,1,0,30.19028
/Users/martin/smart-technologies-ca2/data_recovery/IMG/center_2026_08_31_13_12_09_920.jpg,/Users/martin/smart-technologies-ca2/data_recovery/IMG/left_2026_08_31_13_12_09_920.jpg,/Users/martin/smart-technologies-ca2/data_recovery/IMG/right_2026_08_31_13_12_09_920.jpg,-0.15,1,0,30.18418
/Users/martin/smart-technologies-ca2/data_recovery/IMG/center_2026_08_31_13_12_09_988.jpg,/Users/martin/smart-technologies-ca2/data_recovery/IMG/left_2026_08_31_13_12_09_988.jpg,/Users/martin/smart-technologies-ca2/data_recovery/IMG/right_2026_08_31_13_12_09_988.jpg,0,1,0,30.18967
/Users/martin/smart-technologies-ca2/data_recovery/IMG/center_2026_08_31_13_12_10_056.jpg,/Users/martin/smart-technologies-ca2/data_recovery/IMG/left_2026_08_31_13_12_10_056.jpg,/Users/martin/smart-technologies-ca2/data_recovery/IMG/right_2026_08_31_13_12_10_056.jpg,0,1,0,30.19027
/Users/martin/smart-technologies-ca2/data_recovery/IMG/center_2026_08_31_13_12_10_124.jpg,/Users/martin/smart-technologies-ca2/data_recovery/IMG/left_2026_08_31_13_12_10_124.jpg,/Users/martin/smart-technologies-ca2/data_recovery/IMG/right_2026_08_31_13_12_10_124.jpg,0,1,0,30.19028
/Users/martin/smart-technologies-ca2/data_recovery/IMG/center_2026_08_31_13_12_10_192.jpg,/Users/martin/smart-technologies-ca2/data_recovery/IMG/left_2026_08_31_13_12_10_192.jpg,/Users/martin/smart-technologies-ca2/data_recovery/IMG/right_2026_08_31_13_12_10_192.jpg,0,1,0,30.19028
/Users/martin/smart-technologies-ca2/data_recovery/IMG/center_2026_08_31_13_12_10_259.jpg,/Users/martin/smart-technologies-ca2/data_recovery/IMG/left_2026_08_31_13_12_10_259.jpg,/Users/martin/smart-technologies-ca2/data_recovery/IMG/right_2026_08_31_13_12_10_259.jpg,0,1,0,30.19031
/Users/martin/smart-technologies-ca2/data_recovery/IMG/center_2026_08_31_13_12_10_329.jpg,/Users/martin/smart-technologies-ca2/data_recovery/IMG/left_2026_08_31_13_12_10_329.jpg,/Users/martin/smart-technologies-ca2/data_recovery/IMG/right_2026_08_31_13_12_10_329.jpg,0,1,0,30.19017
/Users/martin/smart-technologies-ca2/data_recovery/IMG/center_2026_08_31_13_12_10_398.jpg,/Users/martin/smart-technologies-ca2/data_recovery/IMG/left_2026_08_31_13_12_10_398.jpg,/Users/martin/smart-technologies-ca2/data_recovery/IMG/right_2026_08_31_13_12_10_398.jpg,0,1,0,30.19032
/Users/martin/smart-technologies-ca2/data_recovery/IMG/center_2026_08_31_13_12_10_466.jpg,/Users/martin/smart-technologies-ca2/data_recovery/IMG/left_2026_08_31_13_12_10_466.jpg,/Users/martin/smart-technologies-ca2/data_recovery/IMG/right_2026_08_31_13_12_10_466.jpg,0,1,0,30.1903
/Users/martin/smart-technologies-ca2/data_recovery/IMG/center_2026_08_31_13_12_10_535.jpg,/Users/martin/smart-technologies-ca2/data_recovery/IMG/left_2026_08_31_13_12_10_535.jpg,/Users/martin/smart-technologies-ca2/data_recovery/IMG/right_2026_08_31_13_12_10_535.jpg,0,1,0,30.19037
/Users/martin/smart-technologies-ca2/data_recovery/IMG/center_2026_08_31_13_12_10_603.jpg,/Users/martin/smart-technologies-ca2/data_recovery/IMG/left_2026_08_31_13_12_10_603.jpg,/Users/martin/smart-technologies-ca2/data_recovery/IMG/right_2026_08_31_13_12_10_603.jpg,0,1,0,30.19032
/Users/martin/smart-technologies-ca2/data_recovery/IMG/center_2026_08_31_13_12_10_670.jpg,/Users/martin/smart-technologies-ca2/data_recovery/IMG/left_2026_08_31_13_12_10_670.jpg,/Users/martin/smart-technologies-ca2/data_recovery/IMG/right_2026_08_31_13_12_10_670.jpg,0,1,0,30.1903
/Users/martin/smart-technologies-ca2/data_recovery/IMG/center_2026_08_31_13_12_10_738.jpg,/Users/martin/smart-technologies-ca2/data_recovery/IMG/left_2026_08_31_13_12_10_738.jpg,/Users/martin/smart-technologies-ca2/data_recovery/IMG/right_2026_08_31_13_12_10_738.jpg,0,1,0,30.1903
/Users/martin/smart-technologies-ca2/data_recovery/IMG/center_2026_08_31_13_12_10_806.jpg,/Users/martin/smart-technologies-ca2/data_recovery/IMG/left_2026_08_31_13_12_10_806.jpg,/Users/martin/smart-technologies-ca2/data_recovery/IMG/right_2026_08_31_13_12_10_806.jpg,0,1,0,30.1903
/Users/martin/smart-technologies-ca2/data_recovery/IMG/center_2026_08_31_13_12_10_873.jpg,/Users/martin/smart-technologies-ca2/data_recovery/IMG/left_2026_08_31_13_12_10_873.jpg,/Users/martin/smart-technologies-ca2/data_recovery/IMG/right_2026_08_31_13_12_10_873.jpg,0,1,0,30.1903
/Users/martin/smart-technologies-ca2/data_recovery/IMG/center_2026_08_31_13_12_10_942.jpg,/Users/martin/smart-technologies-ca2/data_recovery/IMG/left_2026_08_31_13_12_10_942.jpg,/Users/martin/smart-technologies-ca2/data_recovery/IMG/right_2026_08_31_13_12_10_942.jpg,0,0.8743178,0,30.17091
/Users/martin/smart-technologies-ca2/data_recovery/IMG/center_2026_08_31_13_12_11_012.jpg,/Users/martin/smart-technologies-ca2/data_recovery/IMG/left_2026_08_31_13_12_11_012.jpg,/Users/martin/smart-technologies-ca2/data_recovery/IMG/right_2026_08_31_13_12_11_012.jpg,0,0.6300519,0,30.10975
/Users/martin/smart-technologies-ca2/data_recovery/IMG/center_2026_08_31_13_12_11_078.jpg,/Users/martin/smart-technologies-ca2/data_recovery/IMG/left_2026_08_31_13_12_11_078.jpg,/Users/martin/smart-technologies-ca2/data_recovery/IMG/right_2026_08_31_13_12_11_078.jpg,0,0.4504061,0,30.06335
/Users/martin/smart-technologies-ca2/data_recovery/IMG/center_2026_08_31_13_12_11_148.jpg,/Users/martin/smart-technologies-ca2/data_recovery/IMG/left_2026_08_31_13_12_11_148.jpg,/Users/martin/smart-technologies-ca2/data_recovery/IMG/right_2026_08_31_13_12_11_148.jpg,0,0.2101148,0,30.00409
/Users/martin/smart-technologies-ca2/data_recovery/IMG/center_2026_08_31_13_12_11_216.jpg,/Users/martin/smart-technologies-ca2/data_recovery/IMG/left_2026_08_31_13_12_11_216.jpg,/Users/martin/smart-technologies-ca2/data_recovery/IMG/right_2026_08_31_13_12_11_216.jpg,0,0.03594398,0,29.92068
/Users/martin/smart-technologies-ca2/data_recovery/IMG/center_2026_08_31_13_12_11_286.jpg,/Users/martin/smart-technologies-ca2/data_recovery/IMG/left_2026_08_31_13_12_11_286.jpg,/Users/martin/smart-technologies-ca2/data_recovery/IMG/right_2026_08_31_13_12_11_286.jpg,0,0,0,29.6842
/Users/martin/smart-technologies-ca2/data_recovery/IMG/center_2026_08_31_13_12_11_355.jpg,/Users/martin/smart-technologies-ca2/data_recovery/IMG/left_2026_08_31_13_12_11_355.jpg,/Users/martin/smart-technologies-ca2/data_recovery/IMG/right_2026_08_31_13_12_11_355.jpg,0,0,0,29.50508
/Users/martin/smart-technologies-ca2/data_recovery/IMG/center_2026_08_31_13_12_11_423.jpg,/Users/martin/smart-technologies-ca2/data_recovery/IMG/left_2026_08_31_13_12_11_423.jpg,/Users/martin/smart-technologies-ca2/data_recovery/IMG/right_2026_08_31_13_12_11_423.jpg,0,0,0,29.32694
/Users/martin/smart-technologies-ca2/data_recovery/IMG/center_2026_08_31_13_12_11_536.jpg,/Users/martin/smart-technologies-ca2/data_recovery/IMG/left_2026_08_31_13_12_11_536.jpg,/Users/martin/smart-technologies-ca2/data_recovery/IMG/right_2026_08_31_13_12_11_536.jpg,0,0,0,28.81961
/Users/martin/smart-technologies-ca2/data_recovery/IMG/center_2026_08_31_13_14_10_170.jpg,/Users/martin/smart-technologies-ca2/data_recovery/IMG/left_2026_08_31_13_14_10_170.jpg,/Users/martin/smart-technologies-ca2/data_recovery/IMG/right_2026_08_31_13_14_10_170.jpg,0,0,0,1.385754
/Users/martin/smart-technologies-ca2/data_recovery/IMG/center_2026_08_31_13_14_10_237.jpg,/Users/martin/smart-technologies-ca2/data_recovery/IMG/left_2026_08_31_13_14_10_237.jpg,/Users/martin/smart-technologies-ca2/data_recovery/IMG/right_2026_08_31_13_14_10_237.jpg,0,0.181185,0,1.478476
/Users/martin/smart-technologies-ca2/data_recovery/IMG/center_2026_08_31_13_14_10_306.jpg,/Users/martin/smart-technologies-ca2/data_recovery/IMG/left_2026_08_31_13_14_10_306.jpg,/Users/martin/smart-technologies-ca2/data_recovery/IMG/right_2026_08_31_13_14_10_306.jpg,0,0.3683488,0,1.645802
/Users/martin/smart-technologies-ca2/data_recovery/IMG/center_2026_08_31_13_14_10_373.jpg,/Users/martin/smart-technologies-ca2/data_recovery/IMG/left_2026_08_31_13_14_10_373.jpg,/Users/martin/smart-technologies-ca2/data_recovery/IMG/right_2026_08_31_13_14_10_373.jpg,0,0.608349,0,2.163008
/Users/martin/smart-technologies-ca2/data_recovery/IMG/center_2026_08_31_13_14_10_442.jpg,/Users/martin/smart-technologies-ca2/data_recovery/IMG/left_2026_08_31_13_14_10_442.jpg,/Users/martin/smart-technologies-ca2/data_recovery/IMG/right_2026_08_31_13_14_10_442.jpg,0,0.788622,0,2.670607
/Users/martin/smart-technologies-ca2/data_recovery/IMG/center_2026_08_31_13_14_10_509.jpg,/Users/martin/smart-technologies-ca2/data_recovery/IMG/left_2026_08_31_13_14_10_509.jpg,/Users/martin/smart-technologies-ca2/data_recovery/IMG/right_2026_08_31_13_14_10_509.jpg,0,0.9681119,0,3.315225
/Users/martin/smart-technologies-ca2/data_recovery/IMG/center_2026_08_31_13_14_10_576.jpg,/Users/martin/smart-technologies-ca2/data_recovery/IMG/left_2026_08_31_13_14_10_576.jpg,/Users/martin/smart-technologies-ca2/data_recovery/IMG/right_2026_08_31_13_14_10_576.jpg,0,1,0,4.25317
/Users/martin/smart-technologies-ca2/data_recovery/IMG/center_2026_08_31_13_14_10_646.jpg,/Users/martin/smart-technologies-ca2/data_recovery/IMG/left_2026_08_31_13_14_10_646.jpg,/Users/martin/smart-technologies-ca2/data_recovery/IMG/right_2026_08_31_13_14_10_646.jpg,0,1,0,4.952425
/Users/martin/smart-technologies-ca2/data_recovery/IMG/center_2026_08_31_13_14_10_716.jpg,/Users/martin/smart-technologies-ca2/data_recovery/IMG/left_2026_08_31_13_14_10_716.jpg,/Users/martin/smart-technologies-ca2/data_recovery/IMG/right_2026_08_31_13_14_10_716.jpg,0,1,0,5.878527
/Users/martin/smart-technologies-ca2/data_recovery/IMG/center_2026_08_31_13_14_10_783.jpg,/Users/martin/smart-technologies-ca2/data_recovery/IMG/left_2026_08_31_13_14_10_783.jpg,/Users/martin/smart-technologies-ca2/data_recovery/IMG/right_2026_08_31_13_14_10_783.jpg,0,1,0,6.568396
/Users/martin/smart-technologies-ca2/data_recovery/IMG/center_2026_08_31_13_14_10_853.jpg,/Users/martin/smart-technologies-ca2/data_recovery/IMG/left_2026_08_31_13_14_10_853.jpg,/Users/martin/smart-technologies-ca2/data_recovery/IMG/right_2026_08_31_13_14_10_853.jpg,0,1,0,7.481956
/Users/martin/smart-technologies-ca2/data_recovery/IMG/center_2026_08_31_13_14_10_922.jpg,/Users/martin/smart-technologies-ca2/data_recovery/IMG/left_2026_08_31_13_14_10_922.jpg,/Users/martin/smart-technologies-ca2/data_recovery/IMG/right_2026_08_31_13_14_10_922.jpg,0,1,0,8.162477
/Users/martin/smart-technologies-ca2/data_recovery/IMG/center_2026_08_31_13_14_10_990.jpg,/Users/martin/smart-technologies-ca2/data_recovery/IMG/left_2026_08_31_13_14_10_990.jpg,/Users/martin/smart-technologies-ca2/data_recovery/IMG/right_2026_08_31_13_14_10_990.jpg,0,1,0,8.839013
/Users/martin/smart-technologies-ca2/data_recovery/IMG/center_2026_08_31_13_14_11_059.jpg,/Users/martin/smart-technologies-ca2/data_recovery/IMG/left_2026_08_31_13_14_11_059.jpg,/Users/martin/smart-technologies-ca2/data_recovery/IMG/right_2026_08_31_13_14_11_059.jpg,0,1,0,9.734889
/Users/martin/smart-technologies-ca2/data_recovery/IMG/center_2026_08_31_13_14_11_126.jpg,/Users/martin/smart-technologies-ca2/data_recovery/IMG/left_2026_08_31_13_14_11_126.jpg,/Users/martin/smart-technologies-ca2/data_recovery/IMG/right_2026_08_31_13_14_11_126.jpg,0,1,0,10.40219
/Users/martin/smart-technologies-ca2/data_recovery/IMG/center_2026_08_31_13_14_11_196.jpg,/Users/martin/smart-technologies-ca2/data_recovery/IMG/left_2026_08_31_13_14_11_196.jpg,/Users/martin/smart-technologies-ca2/data_recovery/IMG/right_2026_08_31_13_14_11_196.jpg,0,1,0,11.28574
/Users/martin/smart-technologies-ca2/data_recovery/IMG/center_2026_08_31_13_14_11_264.jpg,/Users/martin/smart-technologies-ca2/data_recovery/IMG/left_2026_08_31_13_14_11_264.jpg,/Users/martin/smart-technologies-ca2/data_recovery/IMG/right_2026_08_31_13_14_11_264.jpg,0,1,0,12.07346
/Users/martin/smart-technologies-ca2/data_recovery/IMG/center_2026_08_31_13_14_11_334.jpg,/Users/martin/smart-technologies-ca2/data_recovery/IMG/left_2026_08_31_13_14_11_334.jpg,/Users/martin/smart-technologies-ca2/data_recovery/IMG/right_2026_08_31_13_14_11_334.jpg,0,1,0,12.7825
/Users/martin/smart-technologies-ca2/data_recovery/IMG/center_2026_08_31_13_14_11_404.jpg,/Users/martin/smart-technologies-ca2/data_recovery/IMG/left_2026_08_31_13_14_11_404.jpg,/Users/martin/smart-technologies-ca2/data_recovery/IMG/right_2026_08_31_13_14_11_404.jpg,0,1,0,13.41353
/Users/martin/smart-technologies-ca2/data_recovery/IMG/center_2026_08_31_13_14_11_474.jpg,/Users/martin/smart-technologies-ca2/data_recovery/IMG/left_2026_08_31_13_14_11_474.jpg,/Users/martin/smart-technologies-ca2/data_recovery/IMG/right_2026_08_31_13_14_11_474.jpg,0,1,0,14.15516
/Users/martin/smart-technologies-ca2/data_recovery/IMG/center_2026_08_31_13_14_11_541.jpg,/Users/martin/smart-technologies-ca2/data_recovery/IMG/left_2026_08_31_13_14_11_541.jpg,/Users/martin/smart-technologies-ca2/data_recovery/IMG/right_2026_08_31_13_14_11_541.jpg,0,1,0,15.07891
/Users/martin/smart-technologies-ca2/data_recovery/IMG/center_2026_08_31_13_14_11_614.jpg,/Users/martin/smart-technologies-ca2/data_recovery/IMG/left_2026_08_31_13_14_11_614.jpg,/Users/martin/smart-technologies-ca2/data_recovery/IMG/right_2026_08_31_13_14_11_614.jpg,0,1,0,15.92094
/Users/martin/smart-technologies-ca2/data_recovery/IMG/center_2026_08_31_13_14_11_680.jpg,/Users/martin/smart-technologies-ca2/data_recovery/IMG/left_2026_08_31_13_14_11_680.jpg,/Users/martin/smart-technologies-ca2/data_recovery/IMG/right_2026_08_31_13_14_11_680.jpg,0,1,0,16.301
/Users/martin/smart-technologies-ca2/data_recovery/IMG/center_2026_08_31_13_14_11_750.jpg,/Users/martin/smart-technologies-ca2/data_recovery/IMG/left_2026_08_31_13_14_11_750.jpg,/Users/martin/smart-technologies-ca2/data_recovery/IMG/right_2026_08_31_13_14_11_750.jpg,0,1,0,17.17563
/Users/martin/smart-technologies-ca2/data_recovery/IMG/center_2026_08_31_13_14_11_817.jpg,/Users/martin/smart-technologies-ca2/data_recovery/IMG/left_2026_08_31_13_14_11_817.jpg,/Users/martin/smart-technologies-ca2/data_recovery/IMG/right_2026_08_31_13_14_11_817.jpg,0,1,0,17.99454
/Users/martin/smart-technologies-ca2/data_recovery/IMG/center_2026_08_31_13_14_11_886.jpg,/Users/martin/smart-technologies-ca2/data_recovery/IMG/left_2026_08_31_13_14_11_886.jpg,/Users/martin/smart-technologies-ca2/data_recovery/IMG/right_2026_08_31_13_14_11_886.jpg,0,1,0,18.43709
/Users/martin/smart-technologies-ca2/data_recovery/IMG/center_2026_08_31_13_14_11_955.jpg,/Users/martin/smart-technologies-ca2/data_recovery/IMG/left_2026_08_31_13_14_11_955.jpg,/Users/martin/smart-technologies-ca2/data_recovery/IMG/right_2026_08_31_13_14_11_955.jpg,0,1,0,19.27389
/Users/martin/smart-technologies-ca2/data_recovery/IMG/center_2026_08_31_13_14_12_022.jpg,/Users/martin/smart-technologies-ca2/data_recovery/IMG/left_2026_08_31_13_14_12_022.jpg,/Users/martin/smart-technologies-ca2/data_recovery/IMG/right_2026_08_31_13_14_12_022.jpg,0,1,0,20.01109
/Users/martin/smart-technologies-ca2/data_recovery/IMG/center_2026_08_31_13_14_12_090.jpg,/Users/martin/smart-technologies-ca2/data_recovery/IMG/left_2026_08_31_13_14_12_090.jpg,/Users/martin/smart-technologies-ca2/data_recovery/IMG/right_2026_08_31_13_14_12_090.jpg,-0.1,1,0,20.51104
/Users/martin/smart-technologies-ca2/data_recovery/IMG/center_2026_08_31_13_14_12_159.jpg,/Users/martin/smart-technologies-ca2/data_recovery/IMG/left_2026_08_31_13_14_12_159.jpg,/Users/martin/smart-technologies-ca2/data_recovery/IMG/right_2026_08_31_13_14_12_159.jpg,-0.3,1,0,21.28555
/Users/martin/smart-technologies-ca2/data_recovery/IMG/center_2026_08_31_13_14_12_230.jpg,/Users/martin/smart-technologies-ca2/data_recovery/IMG/left_2026_08_31_13_14_12_230.jpg,/Users/martin/smart-technologies-ca2/data_recovery/IMG/right_2026_08_31_13_14_12_230.jpg,0,1,0,21.93476
/Users/martin/smart-technologies-ca2/data_recovery/IMG/center_2026_08_31_13_14_12_296.jpg,/Users/martin/smart-technologies-ca2/data_recovery/IMG/left_2026_08_31_13_14_12_296.jpg,/Users/martin/smart-technologies-ca2/data_recovery/IMG/right_2026_08_31_13_14_12_296.jpg,0,1,0,22.71405
/Users/martin/smart-technologies-ca2/data_recovery/IMG/center_2026_08_31_13_14_12_364.jpg,/Users/martin/smart-technologies-ca2/data_recovery/IMG/left_2026_08_31_13_14_12_364.jpg,/Users/martin/smart-technologies-ca2/data_recovery/IMG/right_2026_08_31_13_14_12_364.jpg,0,1,0,23.28331
/Users/martin/smart-technologies-ca2/data_recovery/IMG/center_2026_08_31_13_14_12_434.jpg,/Users/martin/smart-technologies-ca2/data_recovery/IMG/left_2026_08_31_13_14_12_434.jpg,/Users/martin/smart-technologies-ca2/data_recovery/IMG/right_2026_08_31_13_14_12_434.jpg,0,1,0,24.06781
/Users/martin/smart-technologies-ca2/data_recovery/IMG/center_2026_08_31_13_14_12_503.jpg,/Users/martin/smart-technologies-ca2/data_recovery/IMG/left_2026_08_31_13_14_12_503.jpg,/Users/martin/smart-technologies-ca2/data_recovery/IMG/right_2026_08_31_13_14_12_503.jpg,0,1,0,24.65211
/Users/martin/smart-technologies-ca2/data_recovery/IMG/center_2026_08_31_13_14_12_570.jpg,/Users/martin/smart-technologies-ca2/data_recovery/IMG/left_2026_08_31_13_14_12_570.jpg,/Users/martin/smart-technologies-ca2/data_recovery/IMG/right_2026_08_31_13_14_12_570.jpg,0,1,0,25.42043
/Users/martin/smart-technologies-ca2/data_recovery/IMG/center_2026_08_31_13_14_12_639.jpg,/Users/martin/smart-technologies-ca2/data_recovery/IMG/left_2026_08_31_13_14_12_639.jpg,/Users/martin/smart-technologies-ca2/data_recovery/IMG/right_2026_08_31_13_14_12_639.jpg,0,1,0,25.99292
/Users/martin/smart-technologies-ca2/data_recovery/IMG/center_2026_08_31_13_14_12_706.jpg,/Users/martin/smart-technologies-ca2/data_recovery/IMG/left_2026_08_31_13_14_12_706.jpg,/Users/martin/smart-technologies-ca2/data_recovery/IMG/right_2026_08_31_13_14_12_706.jpg,0,1,0,26.56227
/Users/martin/smart-technologies-ca2/data_recovery/IMG/center_2026_08_31_13_14_12_774.jpg,/Users/martin/smart-technologies-ca2/data_recovery/IMG/left_2026_08_31_13_14_12_774.jpg,/Users/martin/smart-technologies-ca2/data_recovery/IMG/right_2026_08_31_13_14_12_774.jpg,0,1,0,27.31591
/Users/martin/smart-technologies-ca2/data_recovery/IMG/center_2026_08_31_13_14_12_843.jpg,/Users/martin/smart-technologies-ca2/data_recovery/IMG/left_2026_08_31_13_14_12_843.jpg,/Users/martin/smart-technologies-ca2/data_recovery/IMG/right_2026_08_31_13_14_12_843.jpg,-0.1,1,0,27.87409
/Users/martin/smart-technologies-ca2/data_recovery/IMG/center_2026_08_31_13_14_12_911.jpg,/Users/martin/smart-technologies-ca2/data_recovery/IMG/left_2026_08_31_13_14_12_911.jpg,/Users/martin/smart-technologies-ca2/data_recovery/IMG/right_2026_08_31_13_14_12_911.jpg,-0.3,1,0,28.56742
/Users/martin/smart-technologies-ca2/data_recovery/IMG/center_2026_08_31_13_14_12_980.jpg,/Users/martin/smart-technologies-ca2/data_recovery/IMG/left_2026_08_31_13_14_12_980.jpg,/Users/martin/smart-technologies-ca2/data_recovery/IMG/right_2026_08_31_13_14_12_980.jpg,0,1,0,29.1152
/Users/martin/smart-technologies-ca2/data_recovery/IMG/center_2026_08_31_13_14_13_050.jpg,/Users/martin/smart-technologies-ca2/data_recovery/IMG/left_2026_08_31_13_14_13_050.jpg,/Users/martin/smart-technologies-ca2/data_recovery/IMG/right_2026_08_31_13_14_13_050.jpg,0,1,0,29.6645
/Users/martin/smart-technologies-ca2/data_recovery/IMG/center_2026_08_31_13_14_13_119.jpg,/Users/martin/smart-technologies-ca2/data_recovery/IMG/left_2026_08_31_13_14_13_119.jpg,/Users/martin/smart-technologies-ca2/data_recovery/IMG/right_2026_08_31_13_14_13_119.jpg,0,1,0,30.19193
/Users/martin/smart-technologies-ca2/data_recovery/IMG/center_2026_08_31_13_14_13_189.jpg,/Users/martin/smart-technologies-ca2/data_recovery/IMG/left_2026_08_31_13_14_13_189.jpg,/Users/martin/smart-technologies-ca2/data_recovery/IMG/right_2026_08_31_13_14_13_189.jpg,0,1,0,30.19003
/Users/martin/smart-technologies-ca2/data_recovery/IMG/center_2026_08_31_13_14_13_257.jpg,/Users/martin/smart-technologies-ca2/data_recovery/IMG/left_2026_08_31_13_14_13_257.jpg,/Users/martin/smart-technologies-ca2/data_recovery/IMG/right_2026_08_31_13_14_13_257.jpg,0,1,0,30.19025
/Users/martin/smart-technologies-ca2/data_recovery/IMG/center_2026_08_31_13_14_13_326.jpg,/Users/martin/smart-technologies-ca2/data_recovery/IMG/left_2026_08_31_13_14_13_326.jpg,/Users/martin/smart-technologies-ca2/data_recovery/IMG/right_2026_08_31_13_14_13_326.jpg,0,1,0,30.19028
/Users/martin/smart-technologies-ca2/data_recovery/IMG/center_2026_08_31_13_14_13_396.jpg,/Users/martin/smart-technologies-ca2/data_recovery/IMG/left_2026_08_31_13_14_13_396.jpg,/Users/martin/smart-technologies-ca2/data_recovery/IMG/right_2026_08_31_13_14_13_396.jpg,0,1,0,30.19029
/Users/martin/smart-technologies-ca2/data_recovery/IMG/center_2026_08_31_13_14_13_466.jpg,/Users/martin/smart-technologies-ca2/data_recovery/IMG/left_2026_08_31_13_14_13_466.jpg,/Users/martin/smart-technologies-ca2/data_recovery/IMG/right_2026_08_31_13_14_13_466.jpg,0,1,0,30.19025
/Users/martin/smart-technologies-ca2/data_recovery/IMG/center_2026_08_31_13_14_13_536.jpg,/Users/martin/smart-technologies-ca2/data_recovery/IMG/left_2026_08_31_13_14_13_536.jpg,/Users/martin/smart-technologies-ca2/data_recovery/IMG/right_2026_08_31_13_14_13_536.jpg,0,1,0,30.19028
/Users/martin/smart-technologies-ca2/data_recovery/IMG/center_2026_08_31_13_14_13_602.jpg,/Users/martin/smart-technologies-ca2/data_recovery/IMG/left_2026_08_31_13_14_13_602.jpg,/Users/martin/smart-technologies-ca2/data_recovery/IMG/right_2026_08_31_13_14_13_602.jpg,0,1,0,30.19031
/Users/martin/smart-technologies-ca2/data_recovery/IMG/center_2026_08_31_13_14_13_672.jpg,/Users/martin/smart-technologies-ca2/data_recovery/IMG/left_2026_08_31_13_14_13_672.jpg,/Users/martin/smart-technologies-ca2/data_recovery/IMG/right_2026_08_31_13_14_13_672.jpg,0,1,0,30.19031
/Users/martin/smart-technologies-ca2/data_recovery/IMG/center_2026_08_31_13_14_13_739.jpg,/Users/martin/smart-technologies-ca2/data_recovery/IMG/left_2026_08_31_13_14_13_739.jpg,/Users/martin/smart-technologies-ca2/data_recovery/IMG/right_2026_08_31_13_14_13_739.jpg,0,1,0,30.19029
/Users/martin/smart-technologies-ca2/data_recovery/IMG/center_2026_08_31_13_14_13_808.jpg,/Users/martin/smart-technologies-ca2/data_recovery/IMG/left_2026_08_31_13_14_13_808.jpg,/Users/martin/smart-technologies-ca2/data_recovery/IMG/right_2026_08_31_13_14_13_808.jpg,-0.15,1,0,30.18421
/Users/martin/smart-technologies-ca2/data_recovery/IMG/center_2026_08_31_13_14_13_876.jpg,/Users/martin/smart-technologies-ca2/data_recovery/IMG/left_2026_08_31_13_14_13_876.jpg,/Users/martin/smart-technologies-ca2/data_recovery/IMG/right_2026_08_31_13_14_13_876.jpg,0,1,0,30.18454
/Users/martin/smart-technologies-ca2/data_recovery/IMG/center_2026_08_31_13_14_13_946.jpg,/Users/martin/smart-technologies-ca2/data_recovery/IMG/left_2026_08_31_13_14_13_946.jpg,/Users/martin/smart-technologies-ca2/data_recovery/IMG/right_2026_08_31_13_14_13_946.jpg,0,1,0,30.1899
/Users/martin/smart-technologies-ca2/data_recovery/IMG/center_2026_08_31_13_14_14_013.jpg,/Users/martin/smart-technologies-ca2/data_recovery/IMG/left_2026_08_31_13_14_14_013.jpg,/Users/martin/smart-technologies-ca2/data_recovery/IMG/right_2026_08_31_13_14_14_013.jpg,0,1,0,30.19018
/Users/martin/smart-technologies-ca2/data_recovery/IMG/center_2026_08_31_13_14_14_079.jpg,/Users/martin/smart-technologies-ca2/data_recovery/IMG/left_2026_08_31_13_14_14_079.jpg,/Users/martin/smart-technologies-ca2/data_recovery/IMG/right_2026_08_31_13_14_14_079.jpg,0,1,0,30.1903
/Users/martin/smart-technologies-ca2/data_recovery/IMG/center_2026_08_31_13_14_14_146.jpg,/Users/martin/smart-technologies-ca2/data_recovery/IMG/left_2026_08_31_13_14_14_146.jpg,/Users/martin/smart-technologies-ca2/data_recovery/IMG/right_2026_08_31_13_14_14_146.jpg,0,1,0,30.19005
/Users/martin/smart-technologies-ca2/data_recovery/IMG/center_2026_08_31_13_14_14_216.jpg,/Users/martin/smart-technologies-ca2/data_recovery/IMG/left_2026_08_31_13_14_14_216.jpg,/Users/martin/smart-technologies-ca2/data_recovery/IMG/right_2026_08_31_13_14_14_216.jpg,0,1,0,30.19029
/Users/martin/smart-technologies-ca2/data_recovery/IMG/center_2026_08_31_13_14_14_283.jpg,/Users/martin/smart-technologies-ca2/data_recovery/IMG/left_2026_08_31_13_14_14_283.jpg,/Users/martin/smart-technologies-ca2/data_recovery/IMG/right_2026_08_31_13_14_14_283.jpg,0,1,0,30.19032
/Users/martin/smart-technologies-ca2/data_recovery/IMG/center_2026_08_31_13_14_14_350.jpg,/Users/martin/smart-technologies-ca2/data_recovery/IMG/left_2026_08_31_13_14_14_350.jpg,/Users/martin/smart-technologies-ca2/data_recovery/IMG/right_2026_08_31_13_14_14_350.jpg,0,1,0,30.19027
/Users/martin/smart-technologies-ca2/data_recovery/IMG/center_2026_08_31_13_14_14_419.jpg,/Users/martin/smart-technologies-ca2/data_recovery/IMG/left_2026_08_31_13_14_14_419.jpg,/Users/martin/smart-technologies-ca2/data_recovery/IMG/right_2026_08_31_13_14_14_419.jpg,0,1,0,30.19028
/Users/martin/smart-technologies-ca2/data_recovery/IMG/center_2026_08_31_13_14_14_489.jpg,/Users/martin/smart-technologies-ca2/data_recovery/IMG/left_2026_08_31_13_14_14_489.jpg,/Users/martin/smart-technologies-ca2/data_recovery/IMG/right_2026_08_31_13_14_14_489.jpg,0,1,0,30.19031
/Users/martin/smart-technologies-ca2/data_recovery/IMG/center_2026_08_31_13_14_14_559.jpg,/Users/martin/smart-technologies-ca2/data_recovery/IMG/left_2026_08_31_13_14_14_559.jpg,/Users/martin/smart-technologies-ca2/data_recovery/IMG/right_2026_08_31_13_14_14_559.jpg,0,1,0,30.19029
/Users/martin/smart-technologies-ca2/data_recovery/IMG/center_2026_08_31_13_14_14_626.jpg,/Users/martin/smart-technologies-ca2/data_recovery/IMG/left_2026_08_31_13_14_14_626.jpg,/Users/martin/smart-technologies-ca2/data_recovery/IMG/right_2026_08_31_13_14_14_626.jpg,-0.15,1,0,30.18424
/Users/martin/smart-technologies-ca2/data_recovery/IMG/center_2026_08_31_13_14_14_693.jpg,/Users/martin/smart-technologies-ca2/data_recovery/IMG/left_2026_08_31_13_14_14_693.jpg,/Users/martin/smart-technologies-ca2/data_recovery/IMG/right_2026_08_31_13_14_14_693.jpg,-0.35,1,0,30.16345
/Users/martin/smart-technologies-ca2/data_recovery/IMG/center_2026_08_31_13_14_14_760.jpg,/Users/martin/smart-technologies-ca2/data_recovery/IMG/left_2026_08_31_13_14_14_760.jpg,/Users/martin/smart-technologies-ca2/data_recovery/IMG/right_2026_08_31_13_14_14_760.jpg,0,1,0,30.1891
/Users/martin/smart-technologies-ca2/data_recovery/IMG/center_2026_08_31_13_14_14_829.jpg,/Users/martin/smart-technologies-ca2/data_recovery/IMG/left_2026_08_31_13_14_14_829.jpg,/Users/martin/smart-technologies-ca2/data_recovery/IMG/right_2026_08_31_13_14_14_829.jpg,0,1,0,30.18921
/Users/martin/smart-technologies-ca2/data_recovery/IMG/center_2026_08_31_13_14_14_896.jpg,/Users/martin/smart-technologies-ca2/data_recovery/IMG/left_2026_08_31_13_14_14_896.jpg,/Users/martin/smart-technologies-ca2/data_recovery/IMG/right_2026_08_31_13_14_14_896.jpg,0,1,0,30.1901
/Users/martin/smart-technologies-ca2/data_recovery/IMG/center_2026_08_31_13_14_14_963.jpg,/Users/martin/smart-technologies-ca2/data_recovery/IMG/left_2026_08_31_13_14_14_963.jpg,/Users/martin/smart-technologies-ca2/data_recovery/IMG/right_2026_08_31_13_14_14_963.jpg,0,1,0,30.19025
/Users/martin/smart-technologies-ca2/data_recovery/IMG/center_2026_08_31_13_14_15_031.jpg,/Users/martin/smart-technologies-ca2/data_recovery/IMG/left_2026_08_31_13_14_15_031.jpg,/Users/martin/smart-technologies-ca2/data_recovery/IMG/right_2026_08_31_13_14_15_031.jpg,0,1,0,30.19027
/Users/martin/smart-technologies-ca2/data_recovery/IMG/center_2026_08_31_13_14_15_099.jpg,/Users/martin/smart-technologies-ca2/data_recovery/IMG/left_2026_08_31_13_14_15_099.jpg,/Users/martin/smart-technologies-ca2/data_recovery/IMG/right_2026_08_31_13_14_15_099.jpg,0,1,0,30.1903
/Users/martin/smart-technologies-ca2/data_recovery/IMG/center_2026_08_31_13_14_15_169.jpg,/Users/martin/smart-technologies-ca2/data_recovery/IMG/left_2026_08_31_13_14_15_169.jpg,/Users/martin/smart-technologies-ca2/data_recovery/IMG/right_2026_08_31_13_14_15_169.jpg,0,1,0,30.19028
/Users/martin/smart-technologies-ca2/data_recovery/IMG/center_2026_08_31_13_14_15_236.jpg,/Users/martin/smart-technologies-ca2/data_recovery/IMG/left_2026_08_31_13_14_15_236.jpg,/Users/martin/smart-technologies-ca2/data_recovery/IMG/right_2026_08_31_13_14_15_236.jpg,0,1,0,30.19011
/Users/martin/smart-technologies-ca2/data_recovery/IMG/center_2026_08_31_13_14_15_305.jpg,/Users/martin/smart-technologies-ca2/data_recovery/IMG/left_2026_08_31_13_14_15_305.jpg,/Users/martin/smart-technologies-ca2/data_recovery/IMG/right_2026_08_31_13_14_15_305.jpg,0,1,0,30.19028
/Users/martin/smart-technologies-ca2/data_recovery/IMG/center_2026_08_31_13_14_15_372.jpg,/Users/martin/smart-technologies-ca2/data_recovery/IMG/left_2026_08_31_13_14_15_372.jpg,/Users/martin/smart-technologies-ca2/data_recovery/IMG/right_2026_08_31_13_14_15_372.jpg,0,1,0,30.19033
/Users/martin/smart-technologies-ca2/data_recovery/IMG/center_2026_08_31_13_14_15_439.jpg,/Users/martin/smart-technologies-ca2/data_recovery/IMG/left_2026_08_31_13_14_15_439.jpg,/Users/martin/smart-technologies-ca2/data_recovery/IMG/right_2026_08_31_13_14_15_439.jpg,0,1,0,30.1903
/Users/martin/smart-technologies-ca2/data_recovery/IMG/center_2026_08_31_13_14_15_507.jpg,/Users/martin/smart-technologies-ca2/data_recovery/IMG/left_2026_08_31_13_14_15_507.jpg,/Users/martin/smart-technologies-ca2/data_recovery/IMG/right_2026_08_31_13_14_15_507.jpg,0,1,0,30.19022
/Users/martin/smart-technologies-ca2/data_recovery/IMG/center_2026_08_31_13_14_15_575.jpg,/Users/martin/smart-technologies-ca2/data_recovery/IMG/left_2026_08_31_13_14_15_575.jpg,/Users/martin/smart-technologies-ca2/data_recovery/IMG/right_2026_08_31_13_14_15_575.jpg,0,1,0,30.19027
/Users/martin/smart-technologies-ca2/data_recovery/IMG/center_2026_08_31_13_14_15_642.jpg,/Users/martin/smart-technologies-ca2/data_recovery/IMG/left_2026_08_31_13_14_15_642.jpg,/Users/martin/smart-technologies-ca2/data_recovery/IMG/right_2026_08_31_13_14_15_642.jpg,0,1,0,30.19031
/Users/martin/smart-technologies-ca2/data_recovery/IMG/center_2026_08_31_13_14_15_709.jpg,/Users/martin/smart-technologies-ca2/data_recovery/IMG/left_2026_08_31_13_14_15_709.jpg,/Users/martin/smart-technologies-ca2/data_recovery/IMG/right_2026_08_31_13_14_15_709.jpg,0,1,0,30.19027
/Users/martin/smart-technologies-ca2/data_recovery/IMG/center_2026_08_31_13_14_15_779.jpg,/Users/martin/smart-technologies-ca2/data_recovery/IMG/left_2026_08_31_13_14_15_779.jpg,/Users/martin/smart-technologies-ca2/data_recovery/IMG/right_2026_08_31_13_14_15_779.jpg,-0.2,1,0,30.17983
/Users/martin/smart-technologies-ca2/data_recovery/IMG/center_2026_08_31_13_14_15_847.jpg,/Users/martin/smart-technologies-ca2/data_recovery/IMG/left_2026_08_31_13_14_15_847.jpg,/Users/martin/smart-technologies-ca2/data_recovery/IMG/right_2026_08_31_13_14_15_847.jpg,-0.35,1,0,30.16345
/Users/martin/smart-technologies-ca2/data_recovery/IMG/center_2026_08_31_13_14_15_914.jpg,/Users/martin/smart-technologies-ca2/data_recovery/IMG/left_2026_08_31_13_14_15_914.jpg,/Users/martin/smart-technologies-ca2/data_recovery/IMG/right_2026_08_31_13_14_15_914.jpg,0,1,0,30.18951
/Users/martin/smart-technologies-ca2/data_recovery/IMG/center_2026_08_31_13_14_15_983.jpg,/Users/martin/smart-technologies-ca2/data_recovery/IMG/left_2026_08_31_13_14_15_983.jpg,/Users/martin/smart-technologies-ca2/data_recovery/IMG/right_2026_08_31_13_14_15_983.jpg,0,1,0,30.18997
/Users/martin/smart-technologies-ca2/data_recovery/IMG/center_2026_08_31_13_14_16_052.jpg,/Users/martin/smart-technologies-ca2/data_recovery/IMG/left_2026_08_31_13_14_16_052.jpg,/Users/martin/smart-technologies-ca2/data_recovery/IMG/right_2026_08_31_13_14_16_052.jpg,0,1,0,30.19025
/Users/martin/smart-technologies-ca2/data_recovery/IMG/center_2026_08_31_13_14_16_121.jpg,/Users/martin/smart-technologies-ca2/data_recovery/IMG/left_2026_08_31_13_14_16_121.jpg,/Users/martin/smart-technologies-ca2/data_recovery/IMG/right_2026_08_31_13_14_16_121.jpg,0,1,0,30.19027
/Users/martin/smart-technologies-ca2/data_recovery/IMG/center_2026_08_31_13_14_16_188.jpg,/Users/martin/smart-technologies-ca2/data_recovery/IMG/left_2026_08_31_13_14_16_188.jpg,/Users/martin/smart-technologies-ca2/data_recovery/IMG/right_2026_08_31_13_14_16_188.jpg,0,1,0,30.19027
/Users/martin/smart-technologies-ca2/data_recovery/IMG/center_2026_08_31_13_14_16_255.jpg,/Users/martin/smart-technologies-ca2/data_recovery/IMG/left_2026_08_31_13_14_16_255.jpg,/Users/martin/smart-technologies-ca2/data_recovery/IMG/right_2026_08_31_13_14_16_255.jpg,0,1,0,30.19031
/Users/martin/smart-technologies-ca2/data_recovery/IMG/center_2026_08_31_13_14_16_324.jpg,/Users/martin/smart-technologies-ca2/data_recovery/IMG/left_2026_08_31_13_14_16_324.jpg,/Users/martin/smart-technologies-ca2/data_recovery/IMG/right_2026_08_31_13_14_16_324.jpg,-0.15,1,0,30.18462
/Users/martin/smart-technologies-ca2/data_recovery/IMG/center_2026_08_31_13_14_16_392.jpg,/Users/martin/smart-technologies-ca2/data_recovery/IMG/left_2026_08_31_13_14_16_392.jpg,/Users/martin/smart-technologies-ca2/data_recovery/IMG/right_2026_08_31_13_14_16_392.jpg,-0.35,1,0,30.16367
/Users/martin/smart-technologies-ca2/data_recovery/IMG/center_2026_08_31_13_14_16_459.jpg,/Users/martin/smart-technologies-ca2/data_recovery/IMG/left_2026_08_31_13_14_16_459.jpg,/Users/martin/smart-technologies-ca2/data_recovery/IMG/right_2026_08_31_13_14_16_459.jpg,0,1,0,30.18912
/Users/martin/smart-technologies-ca2/data_recovery/IMG/center_2026_08_31_13_14_16_527.jpg,/Users/martin/smart-technologies-ca2/data_recovery/IMG/left_2026_08_31_13_14_16_527.jpg,/Users/martin/smart-technologies-ca2/data_recovery/IMG/right_2026_08_31_13_14_16_527.jpg,0,1,0,30.18958
/Users/martin/smart-technologies-ca2/data_recovery/IMG/center_2026_08_31_13_14_16_596.jpg,/Users/martin/smart-technologies-ca2/data_recovery/IMG/left_2026_08_31_13_14_16_596.jpg,/Users/martin/smart-technologies-ca2/data_recovery/IMG/right_2026_08_31_13_14_16_596.jpg,0,1,0,30.1901
/Users/martin/smart-technologies-ca2/data_recovery/IMG/center_2026_08_31_13_14_16_663.jpg,/Users/martin/smart-technologies-ca2/data_recovery/IMG/left_2026_08_31_13_14_16_663.jpg,/Users/martin/smart-technologies-ca2/data_recovery/IMG/right_2026_08_31_13_14_16_663.jpg,0,1,0,30.19022
/Users/martin/smart-technologies-ca2/data_recovery/IMG/center_2026_08_31_13_14_16_732.jpg,/Users/martin/smart-technologies-ca2/data_recovery/IMG/left_2026_08_31_13_14_16_732.jpg,/Users/martin/smart-technologies-ca2/data_recovery/IMG/right_2026_08_31_13_14_16_732.jpg,0,1,0,30.19027
/Users/martin/smart-technologies-ca2/data_recovery/IMG/center_2026_08_31_13_14_16_799.jpg,/Users/martin/smart-technologies-ca2/data_recovery/IMG/left_2026_08_31_13_14_16_799.jpg,/Users/martin/smart-technologies-ca2/data_recovery/IMG/right_2026_08_31_13_14_16_799.jpg,0,1,0,30.19031
/Users/martin/smart-technologies-ca2/data_recovery/IMG/center_2026_08_31_13_14_16_866.jpg,/Users/martin/smart-technologies-ca2/data_recovery/IMG/left_2026_08_31_13_14_16_866.jpg,/Users/martin/smart-technologies-ca2/data_recovery/IMG/right_2026_08_31_13_14_16_866.jpg,0,1,0,30.19026
/Users/martin/smart-technologies-ca2/data_recovery/IMG/center_2026_08_31_13_14_16_936.jpg,/Users/martin/smart-technologies-ca2/data_recovery/IMG/left_2026_08_31_13_14_16_936.jpg,/Users/martin/smart-technologies-ca2/data_recovery/IMG/right_2026_08_31_13_14_16_936.jpg,0,1,0,30.19027
/Users/martin/smart-technologies-ca2/data_recovery/IMG/center_2026_08_31_13_14_17_005.jpg,/Users/martin/smart-technologies-ca2/data_recovery/IMG/left_2026_08_31_13_14_17_005.jpg,/Users/martin/smart-technologies-ca2/data_recovery/IMG/right_2026_08_31_13_14_17_005.jpg,0,1,0,30.19031
/Users/martin/smart-technologies-ca2/data_recovery/IMG/center_2026_08_31_13_14_17_072.jpg,/Users/martin/smart-technologies-ca2/data_recovery/IMG/left_2026_08_31_13_14_17_072.jpg,/Users/martin/smart-technologies-ca2/data_recovery/IMG/right_2026_08_31_13_14_17_072.jpg,0,1,0,30.19029
/Users/martin/smart-technologies-ca2/data_recovery/IMG/center_2026_08_31_13_14_17_142.jpg,/Users/martin/smart-technologies-ca2/data_recovery/IMG/left_2026_08_31_13_14_17_142.jpg,/Users/martin/smart-technologies-ca2/data_recovery/IMG/right_2026_08_31_13_14_17_142.jpg,0,1,0,30.19031
/Users/martin/smart-technologies-ca2/data_recovery/IMG/center_2026_08_31_13_14_17_213.jpg,/Users/martin/smart-technologies-ca2/data_recovery/IMG/left_2026_08_31_13_14_17_213.jpg,/Users/martin/smart-technologies-ca2/data_recovery/IMG/right_2026_08_31_13_14_17_213.jpg,-0.2,1,0,30.17981
/Users/martin/smart-technologies-ca2/data_recovery/IMG/center_2026_08_31_13_14_17_280.jpg,/Users/martin/smart-technologies-ca2/data_recovery/IMG/left_2026_08_31_13_14_17_280.jpg,/Users/martin/smart-technologies-ca2/data_recovery/IMG/right_2026_08_31_13_14_17_280.jpg,-0.35,1,0,30.16368
/Users/martin/smart-technologies-ca2/data_recovery/IMG/center_2026_08_31_13_14_17_347.jpg,/Users/martin/smart-technologies-ca2/data_recovery/IMG/left_2026_08_31_13_14_17_347.jpg,/Users/martin/smart-technologies-ca2/data_recovery/IMG/right_2026_08_31_13_14_17_347.jpg,0,1,0,30.18914
/Users/martin/smart-technologies-ca2/data_recovery/IMG/center_2026_08_31_13_14_17_416.jpg,/Users/martin/smart-technologies-ca2/data_recovery/IMG/left_2026_08_31_13_14_17_416.jpg,/Users/martin/smart-technologies-ca2/data_recovery/IMG/right_2026_08_31_13_14_17_416.jpg,0,1,0,30.18964
/Users/martin/smart-technologies-ca2/data_recovery/IMG/center_2026_08_31_13_14_17_485.jpg,/Users/martin/smart-technologies-ca2/data_recovery/IMG/left_2026_08_31_13_14_17_485.jpg,/Users/martin/smart-technologies-ca2/data_recovery/IMG/right_2026_08_31_13_14_17_485.jpg,0,1,0,30.18992
/Users/martin/smart-technologies-ca2/data_recovery/IMG/center_2026_08_31_13_14_17_552.jpg,/Users/martin/smart-technologies-ca2/data_recovery/IMG/left_2026_08_31_13_14_17_552.jpg,/Users/martin/smart-technologies-ca2/data_recovery/IMG/right_2026_08_31_13_14_17_552.jpg,0,1,0,30.19026
/Users/martin/smart-technologies-ca2/data_recovery/IMG/center_2026_08_31_13_14_17_619.jpg,/Users/martin/smart-technologies-ca2/data_recovery/IMG/left_2026_08_31_13_14_17_619.jpg,/Users/martin/smart-technologies-ca2/data_recovery/IMG/right_2026_08_31_13_14_17_619.jpg,0,0.977119,0,30.19033
/Users/martin/smart-technologies-ca2/data_recovery/IMG/center_2026_08_31_13_14_17_688.jpg,/Users/martin/smart-technologies-ca2/data_recovery/IMG/left_2026_08_31_13_14_17_688.jpg,/Users/martin/smart-technologies-ca2/data_recovery/IMG/right_2026_08_31_13_14_17_688.jpg,0,0.7980372,0,30.15213
/Users/martin/smart-technologies-ca2/data_recovery/IMG/center_2026_08_31_13_14_17_757.jpg,/Users/martin/smart-technologies-ca2/data_recovery/IMG/left_2026_08_31_13_14_17_757.jpg,/Users/martin/smart-technologies-ca2/data_recovery/IMG/right_2026_08_31_13_14_17_757.jpg,0,0.561343,0,30.09265
/Users/martin/smart-technologies-ca2/data_recovery/IMG/center_2026_08_31_13_14_17_825.jpg,/Users/martin/smart-technologies-ca2/data_recovery/IMG/left_2026_08_31_13_14_17_825.jpg,/Users/martin/smart-technologies-ca2/data_recovery/IMG/right_2026_08_31_13_14_17_825.jpg,0,0.3768671,0,30.04565
/Users/martin/smart-technologies-ca2/data_recovery/IMG/center_2026_08_31_13_14_17_894.jpg,/Users/martin/smart-technologies-ca2/data_recovery/IMG/left_2026_08_31_13_14_17_894.jpg,/Users/martin/smart-technologies-ca2/data_recovery/IMG/right_2026_08_31_13_14_17_894.jpg,0,0.5235517,0,30.05909
/Users/martin/smart-technologies-ca2/data_recovery/IMG/center_2026_08_31_13_14_17_963.jpg,/Users/martin/smart-technologies-ca2/data_recovery/IMG/left_2026_08_31_13_14_17_963.jpg,/Users/martin/smart-technologies-ca2/data_recovery/IMG/right_2026_08_31_13_14_17_963.jpg,0,0.7089549,0,30.10523
/Users/martin/smart-technologies-ca2/data_recovery/IMG/center_2026_08_31_13_14_18_031.jpg,/Users/martin/smart-technologies-ca2/data_recovery/IMG/left_2026_08_31_13_14_18_031.jpg,/Users/martin/smart-technologies-ca2/data_recovery/IMG/right_2026_08_31_13_14_18_031.jpg,0,0.942958,0,30.16409
/Users/martin/smart-technologies-ca2/data_recovery/IMG/center_2026_08_31_13_14_18_099.jpg,/Users/martin/smart-technologies-ca2/data_recovery/IMG/left_2026_08_31_13_14_18_099.jpg,/Users/martin/smart-technologies-ca2/data_recovery/IMG/right_2026_08_31_13_14_18_099.jpg,-0.15,1,0,30.18333
/Users/martin/smart-technologies-ca2/data_recovery/IMG/center_2026_08_31_13_14_18_165.jpg,/Users/martin/smart-technologies-ca2/data_recovery/IMG/left_2026_08_31_13_14_18_165.jpg,/Users/martin/smart-technologies-ca2/data_recovery/IMG/right_2026_08_31_13_14_18_165.jpg,-0.3,1,0,30.16931
/Users/martin/smart-technologies-ca2/data_recovery/IMG/center_2026_08_31_13_14_18_234.jpg,/Users/martin/smart-technologies-ca2/data_recovery/IMG/left_2026_08_31_13_14_18_234.jpg,/Users/martin/smart-technologies-ca2/data_recovery/IMG/right_2026_08_31_13_14_18_234.jpg,0,1,0,30.18921
/Users/martin/smart-technologies-ca2/data_recovery/IMG/center_2026_08_31_13_14_18_301.jpg,/Users/martin/smart-technologies-ca2/data_recovery/IMG/left_2026_08_31_13_14_18_301.jpg,/Users/martin/smart-technologies-ca2/data_recovery/IMG/right_2026_08_31_13_14_18_301.jpg,0,1,0,30.18916
/Users/martin/smart-technologies-ca2/data_recovery/IMG/center_2026_08_31_13_14_18_370.jpg,/Users/martin/smart-technologies-ca2/data_recovery/IMG/left_2026_08_31_13_14_18_370.jpg,/Users/martin/smart-technologies-ca2/data_recovery/IMG/right_2026_08_31_13_14_18_370.jpg,0,1,0,30.18997
/Users/martin/smart-technologies-ca2/data_recovery/IMG/center_2026_08_31_13_14_18_437.jpg,/Users/martin/smart-technologies-ca2/data_recovery/IMG/left_2026_08_31_13_14_18_437.jpg,/Users/martin/smart-technologies-ca2/data_recovery/IMG/right_2026_08_31_13_14_18_437.jpg,0,1,0,30.1902
/Users/martin/smart-technologies-ca2/data_recovery/IMG/center_2026_08_31_13_14_18_504.jpg,/Users/martin/smart-technologies-ca2/data_recovery/IMG/left_2026_08_31_13_14_18_504.jpg,/Users/martin/smart-technologies-ca2/data_recovery/IMG/right_2026_08_31_13_14_18_504.jpg,0,1,0,30.19033
/Users/martin/smart-technologies-ca2/data_recovery/IMG/center_2026_08_31_13_14_18_571.jpg,/Users/martin/smart-technologies-ca2/data_recovery/IMG/left_2026_08_31_13_14_18_571.jpg,/Users/martin/smart-technologies-ca2/data_recovery/IMG/right_2026_08_31_13_14_18_571.jpg,-0.1,1,0,30.1881
/Users/martin/smart-technologies-ca2/data_recovery/IMG/center_2026_08_31_13_14_18_640.jpg,/Users/martin/smart-technologies-ca2/data_recovery/IMG/left_2026_08_31_13_14_18_640.jpg,/Users/martin/smart-technologies-ca2/data_recovery/IMG/right_2026_08_31_13_14_18_640.jpg,-0.25,1,0,30.17537
/Users/martin/smart-technologies-ca2/data_recovery/IMG/center_2026_08_31_13_14_18_707.jpg,/Users/martin/smart-technologies-ca2/data_recovery/IMG/left_2026_08_31_13_14_18_707.jpg,/Users/martin/smart-technologies-ca2/data_recovery/IMG/right_2026_08_31_13_14_18_707.jpg,-0.4,1,0,30.15798
/Users/martin/smart-technologies-ca2/data_recovery/IMG/center_2026_08_31_13_14_18_776.jpg,/Users/martin/smart-technologies-ca2/data_recovery/IMG/left_2026_08_31_13_14_18_776.jpg,/Users/martin/smart-technologies-ca2/data_recovery/IMG/right_2026_08_31_13_14_18_776.jpg,0,1,0,30.18665
/Users/martin/smart-technologies-ca2/data_recovery/IMG/center_2026_08_31_13_14_18_843.jpg,/Users/martin/smart-technologies-ca2/data_recovery/IMG/left_2026_08_31_13_14_18_843.jpg,/Users/martin/smart-technologies-ca2/data_recovery/IMG/right_2026_08_31_13_14_18_843.jpg,0,1,0,30.18937
/Users/martin/smart-technologies-ca2/data_recovery/IMG/center_2026_08_31_13_14_18_913.jpg,/Users/martin/smart-technologies-ca2/data_recovery/IMG/left_2026_08_31_13_14_18_913.jpg,/Users/martin/smart-technologies-ca2/data_recovery/IMG/right_2026_08_31_13_14_18_913.jpg,0,1,0,30.19015
/Users/martin/smart-technologies-ca2/data_recovery/IMG/center_2026_08_31_13_14_18_982.jpg,/Users/martin/smart-technologies-ca2/data_recovery/IMG/left_2026_08_31_13_14_18_982.jpg,/Users/martin/smart-technologies-ca2/data_recovery/IMG/right_2026_08_31_13_14_18_982.jpg,0,1,0,30.19025
/Users/martin/smart-technologies-ca2/data_recovery/IMG/center_2026_08_31_13_14_19_051.jpg,/Users/martin/smart-technologies-ca2/data_recovery/IMG/left_2026_08_31_13_14_19_051.jpg,/Users/martin/smart-technologies-ca2/data_recovery/IMG/right_2026_08_31_13_14_19_051.jpg,0,1,0,30.19011
/Users/martin/smart-technologies-ca2/data_recovery/IMG/center_2026_08_31_13_14_19_118.jpg,/Users/martin/smart-technologies-ca2/data_recovery/IMG/left_2026_08_31_13_14_19_118.jpg,/Users/martin/smart-technologies-ca2/data_recovery/IMG/right_2026_08_31_13_14_19_118.jpg,0,1,0,30.19028
/Users/martin/smart-technologies-ca2/data_recovery/IMG/center_2026_08_31_13_14_19_185.jpg,/Users/martin/smart-technologies-ca2/data_recovery/IMG/left_2026_08_31_13_14_19_185.jpg,/Users/martin/smart-technologies-ca2/data_recovery/IMG/right_2026_08_31_13_14_19_185.jpg,0,1,0,30.19031
/Users/martin/smart-technologies-ca2/data_recovery/IMG/center_2026_08_31_13_14_19_253.jpg,/Users/martin/smart-technologies-ca2/data_recovery/IMG/left_2026_08_31_13_14_19_253.jpg,/Users/martin/smart-technologies-ca2/data_recovery/IMG/right_2026_08_31_13_14_19_253.jpg,-0.1,1,0,30.188
/Users/martin/smart-technologies-ca2/data_recovery/IMG/center_2026_08_31_13_14_19_321.jpg,/Users/martin/smart-technologies-ca2/data_recovery/IMG/left_2026_08_31_13_14_19_321.jpg,/Users/martin/smart-technologies-ca2/data_recovery/IMG/right_2026_08_31_13_14_19_321.jpg,-0.25,1,0,30.17486
/Users/martin/smart-technologies-ca2/data_recovery/IMG/center_2026_08_31_13_14_19_389.jpg,/Users/martin/smart-technologies-ca2/data_recovery/IMG/left_2026_08_31_13_14_19_389.jpg,/Users/martin/smart-technologies-ca2/data_recovery/IMG/right_2026_08_31_13_14_19_389.jpg,-0.4,1,0,30.1576
/Users/martin/smart-technologies-ca2/data_recovery/IMG/center_2026_08_31_13_14_19_457.jpg,/Users/martin/smart-technologies-ca2/data_recovery/IMG/left_2026_08_31_13_14_19_457.jpg,/Users/martin/smart-technologies-ca2/data_recovery/IMG/right_2026_08_31_13_14_19_457.jpg,0,1,0,30.17508
/Users/martin/smart-technologies-ca2/data_recovery/IMG/center_2026_08_31_13_14_19_523.jpg,/Users/martin/smart-technologies-ca2/data_recovery/IMG/left_2026_08_31_13_14_19_523.jpg,/Users/martin/smart-technologies-ca2/data_recovery/IMG/right_2026_08_31_13_14_19_523.jpg,0,1,0,30.18652
/Users/martin/smart-technologies-ca2/data_recovery/IMG/center_2026_08_31_13_14_19_593.jpg,/Users/martin/smart-technologies-ca2/data_recovery/IMG/left_2026_08_31_13_14_19_593.jpg,/Users/martin/smart-technologies-ca2/data_recovery/IMG/right_2026_08_31_13_14_19_593.jpg,0,1,0,30.18957
/Users/martin/smart-technologies-ca2/data_recovery/IMG/center_2026_08_31_13_14_19_662.jpg,/Users/martin/smart-technologies-ca2/data_recovery/IMG/left_2026_08_31_13_14_19_662.jpg,/Users/martin/smart-technologies-ca2/data_recovery/IMG/right_2026_08_31_13_14_19_662.jpg,0,1,0,30.19008
/Users/martin/smart-technologies-ca2/data_recovery/IMG/center_2026_08_31_13_14_19_732.jpg,/Users/martin/smart-technologies-ca2/data_recovery/IMG/left_2026_08_31_13_14_19_732.jpg,/Users/martin/smart-technologies-ca2/data_recovery/IMG/right_2026_08_31_13_14_19_732.jpg,0,1,0,30.19029
/Users/martin/smart-technologies-ca2/data_recovery/IMG/center_2026_08_31_13_14_19_798.jpg,/Users/martin/smart-technologies-ca2/data_recovery/IMG/left_2026_08_31_13_14_19_798.jpg,/Users/martin/smart-technologies-ca2/data_recovery/IMG/right_2026_08_31_13_14_19_798.jpg,0,1,0,30.18976
/Users/martin/smart-technologies-ca2/data_recovery/IMG/center_2026_08_31_13_14_19_865.jpg,/Users/martin/smart-technologies-ca2/data_recovery/IMG/left_2026_08_31_13_14_19_865.jpg,/Users/martin/smart-technologies-ca2/data_recovery/IMG/right_2026_08_31_13_14_19_865.jpg,0,1,0,30.19034
/Users/martin/smart-technologies-ca2/data_recovery/IMG/center_2026_08_31_13_14_19_934.jpg,/Users/martin/smart-technologies-ca2/data_recovery/IMG/left_2026_08_31_13_14_19_934.jpg,/Users/martin/smart-technologies-ca2/data_recovery/IMG/right_2026_08_31_13_14_19_934.jpg,0,1,0,30.19025
/Users/martin/smart-technologies-ca2/data_recovery/IMG/center_2026_08_31_13_14_20_001.jpg,/Users/martin/smart-technologies-ca2/data_recovery/IMG/left_2026_08_31_13_14_20_001.jpg,/Users/martin/smart-technologies-ca2/data_recovery/IMG/right_2026_08_31_13_14_20_001.jpg,0,1,0,30.18994
/Users/martin/smart-technologies-ca2/data_recovery/IMG/center_2026_08_31_13_14_20_069.jpg,/Users/martin/smart-technologies-ca2/data_recovery/IMG/left_2026_08_31_13_14_20_069.jpg,/Users/martin/smart-technologies-ca2/data_recovery/IMG/right_2026_08_31_13_14_20_069.jpg,0,1,0,30.19054
/Users/martin/smart-technologies-ca2/data_recovery/IMG/center_2026_08_31_13_14_20_137.jpg,/Users/martin/smart-technologies-ca2/data_recovery/IMG/left_2026_08_31_13_14_20_137.jpg,/Users/martin/smart-technologies-ca2/data_recovery/IMG/right_2026_08_31_13_14_20_137.jpg,0,1,0,30.19021
/Users/martin/smart-technologies-ca2/data_recovery/IMG/center_2026_08_31_13_14_20_206.jpg,/Users/martin/smart-technologies-ca2/data_recovery/IMG/left_2026_08_31_13_14_20_206.jpg,/Users/martin/smart-technologies-ca2/data_recovery/IMG/right_2026_08_31_13_14_20_206.jpg,0,1,0,30.19021
/Users/martin/smart-technologies-ca2/data_recovery/IMG/center_2026_08_31_13_14_20_273.jpg,/Users/martin/smart-technologies-ca2/data_recovery/IMG/left_2026_08_31_13_14_20_273.jpg,/Users/martin/smart-technologies-ca2/data_recovery/IMG/right_2026_08_31_13_14_20_273.jpg,-0.05,1,0,30.18967
/Users/martin/smart-technologies-ca2/data_recovery/IMG/center_2026_08_31_13_14_20_342.jpg,/Users/martin/smart-technologies-ca2/data_recovery/IMG/left_2026_08_31_13_14_20_342.jpg,/Users/martin/smart-technologies-ca2/data_recovery/IMG/right_2026_08_31_13_14_20_342.jpg,-0.2,1,0,30.17976
/Users/martin/smart-technologies-ca2/data_recovery/IMG/center_2026_08_31_13_14_20_409.jpg,/Users/martin/smart-technologies-ca2/data_recovery/IMG/left_2026_08_31_13_14_20_409.jpg,/Users/martin/smart-technologies-ca2/data_recovery/IMG/right_2026_08_31_13_14_20_409.jpg,-0.35,1,0,30.16345
/Users/martin/smart-technologies-ca2/data_recovery/IMG/center_2026_08_31_13_14_20_477.jpg,/Users/martin/smart-technologies-ca2/data_recovery/IMG/left_2026_08_31_13_14_20_477.jpg,/Users/martin/smart-technologies-ca2/data_recovery/IMG/right_2026_08_31_13_14_20_477.jpg,0,1,0,30.17716
/Users/martin/smart-technologies-ca2/data_recovery/IMG/center_2026_08_31_13_14_20_544.jpg,/Users/martin/smart-technologies-ca2/data_recovery/IMG/left_2026_08_31_13_14_20_544.jpg,/Users/martin/smart-technologies-ca2/data_recovery/IMG/right_2026_08_31_13_14_20_544.jpg,0,1,0,30.18725
/Users/martin/smart-technologies-ca2/data_recovery/IMG/center_2026_08_31_13_14_20_613.jpg,/Users/martin/smart-technologies-ca2/data_recovery/IMG/left_2026_08_31_13_14_20_613.jpg,/Users/martin/smart-technologies-ca2/data_recovery/IMG/right_2026_08_31_13_14_20_613.jpg,0,1,0,30.18963
/Users/martin/smart-technologies-ca2/data_recovery/IMG/center_2026_08_31_13_14_20_680.jpg,/Users/martin/smart-technologies-ca2/data_recovery/IMG/left_2026_08_31_13_14_20_680.jpg,/Users/martin/smart-technologies-ca2/data_recovery/IMG/right_2026_08_31_13_14_20_680.jpg,0,1,0,30.19013
/Users/martin/smart-technologies-ca2/data_recovery/IMG/center_2026_08_31_13_14_20_749.jpg,/Users/martin/smart-technologies-ca2/data_recovery/IMG/left_2026_08_31_13_14_20_749.jpg,/Users/martin/smart-technologies-ca2/data_recovery/IMG/right_2026_08_31_13_14_20_749.jpg,0,1,0,30.19024
/Users/martin/smart-technologies-ca2/data_recovery/IMG/center_2026_08_31_13_14_20_816.jpg,/Users/martin/smart-technologies-ca2/data_recovery/IMG/left_2026_08_31_13_14_20_816.jpg,/Users/martin/smart-technologies-ca2/data_recovery/IMG/right_2026_08_31_13_14_20_816.jpg,-0.2,1,0,30.18125
/Users/martin/smart-technologies-ca2/data_recovery/IMG/center_2026_08_31_13_14_20_884.jpg,/Users/martin/smart-technologies-ca2/data_recovery/IMG/left_2026_08_31_13_14_20_884.jpg,/Users/martin/smart-technologies-ca2/data_recovery/IMG/right_2026_08_31_13_14_20_884.jpg,-0.35,1,0,30.16473
/Users/martin/smart-technologies-ca2/data_recovery/IMG/center_2026_08_31_13_14_20_951.jpg,/Users/martin/smart-technologies-ca2/data_recovery/IMG/left_2026_08_31_13_14_20_951.jpg,/Users/martin/smart-technologies-ca2/data_recovery/IMG/right_2026_08_31_13_14_20_951.jpg,-0.5500001,1,0,30.14008
/Users/martin/smart-technologies-ca2/data_recovery/IMG/center_2026_08_31_13_14_21_018.jpg,/Users/martin/smart-technologies-ca2/data_recovery/IMG/left_2026_08_31_13_14_21_018.jpg,/Users/martin/smart-technologies-ca2/data_recovery/IMG/right_2026_08_31_13_14_21_018.jpg,0,1,0,30.18069
/Users/martin/smart-technologies-ca2/data_recovery/IMG/center_2026_08_31_13_14_21_086.jpg,/Users/martin/smart-technologies-ca2/data_recovery/IMG/left_2026_08_31_13_14_21_086.jpg,/Users/martin/smart-technologies-ca2/data_recovery/IMG/right_2026_08_31_13_14_21_086.jpg,0,1,0,30.18709
/Users/martin/smart-technologies-ca2/data_recovery/IMG/center_2026_08_31_13_14_21_155.jpg,/Users/martin/smart-technologies-ca2/data_recovery/IMG/left_2026_08_31_13_14_21_155.jpg,/Users/martin/smart-technologies-ca2/data_recovery/IMG/right_2026_08_31_13_14_21_155.jpg,0,1,0,30.18974
/Users/martin/smart-technologies-ca2/data_recovery/IMG/center_2026_08_31_13_14_21_223.jpg,/Users/martin/smart-technologies-ca2/data_recovery/IMG/left_2026_08_31_13_14_21_223.jpg,/Users/martin/smart-technologies-ca2/data_recovery/IMG/right_2026_08_31_13_14_21_223.jpg,0,1,0,30.19082
/Users/martin/smart-technologies-ca2/data_recovery/IMG/center_2026_08_31_13_14_21_290.jpg,/Users/martin/smart-technologies-ca2/data_recovery/IMG/left_2026_08_31_13_14_21_290.jpg,/Users/martin/smart-technologies-ca2/data_recovery/IMG/right_2026_08_31_13_14_21_290.jpg,0,1,0,30.19063
/Users/martin/smart-technologies-ca2/data_recovery/IMG/center_2026_08_31_13_14_21_358.jpg,/Users/martin/smart-technologies-ca2/data_recovery/IMG/left_2026_08_31_13_14_21_358.jpg,/Users/martin/smart-technologies-ca2/data_recovery/IMG/right_2026_08_31_13_14_21_358.jpg,0,1,0,30.19029
/Users/martin/smart-technologies-ca2/data_recovery/IMG/center_2026_08_31_13_14_21_425.jpg,/Users/martin/smart-technologies-ca2/data_recovery/IMG/left_2026_08_31_13_14_21_425.jpg,/Users/martin/smart-technologies-ca2/data_recovery/IMG/right_2026_08_31_13_14_21_425.jpg,0,1,0,30.19091
/Users/martin/smart-technologies-ca2/data_recovery/IMG/center_2026_08_31_13_14_21_496.jpg,/Users/martin/smart-technologies-ca2/data_recovery/IMG/left_2026_08_31_13_14_21_496.jpg,/Users/martin/smart-technologies-ca2/data_recovery/IMG/right_2026_08_31_13_14_21_496.jpg,0,1,0,30.19054
/Users/martin/smart-technologies-ca2/data_recovery/IMG/center_2026_08_31_13_14_21_563.jpg,/Users/martin/smart-technologies-ca2/data_recovery/IMG/left_2026_08_31_13_14_21_563.jpg,/Users/martin/smart-technologies-ca2/data_recovery/IMG/right_2026_08_31_13_14_21_563.jpg,0,1,0,30.19023
/Users/martin/smart-technologies-ca2/data_recovery/IMG/center_2026_08_31_13_14_21_633.jpg,/Users/martin/smart-technologies-ca2/data_recovery/IMG/left_2026_08_31_13_14_21_633.jpg,/Users/martin/smart-technologies-ca2/data_recovery/IMG/right_2026_08_31_13_14_21_633.jpg,0,1,0,30.19033
/Users/martin/smart-technologies-ca2/data_recovery/IMG/center_2026_08_31_13_14_21_701.jpg,/Users/martin/smart-technologies-ca2/data_recovery/IMG/left_2026_08_31_13_14_21_701.jpg,/Users/martin/smart-technologies-ca2/data_recovery/IMG/right_2026_08_31_13_14_21_701.jpg,-0.15,1,0,30.18422
/Users/martin/smart-technologies-ca2/data_recovery/IMG/center_2026_08_31_13_14_21_770.jpg,/Users/martin/smart-technologies-ca2/data_recovery/IMG/left_2026_08_31_13_14_21_770.jpg,/Users/martin/smart-technologies-ca2/data_recovery/IMG/right_2026_08_31_13_14_21_770.jpg,-0.35,1,0,30.16342
/Users/martin/smart-technologies-ca2/data_recovery/IMG/center_2026_08_31_13_14_21_837.jpg,/Users/martin/smart-technologies-ca2/data_recovery/IMG/left_2026_08_31_13_14_21_837.jpg,/Users/martin/smart-technologies-ca2/data_recovery/IMG/right_2026_08_31_13_14_21_837.jpg,0,1,0,30.17934
/Users/martin/smart-technologies-ca2/data_recovery/IMG/center_2026_08_31_13_14_21_906.jpg,/Users/martin/smart-technologies-ca2/data_recovery/IMG/left_2026_08_31_13_14_21_906.jpg,/Users/martin/smart-technologies-ca2/data_recovery/IMG/right_2026_08_31_13_14_21_906.jpg,0,1,0,30.18826
/Users/martin/smart-technologies-ca2/data_recovery/IMG/center_2026_08_31_13_14_21_973.jpg,/Users/martin/smart-technologies-ca2/data_recovery/IMG/left_2026_08_31_13_14_21_973.jpg,/Users/martin/smart-technologies-ca2/data_recovery/IMG/right_2026_08_31_13_14_21_973.jpg,0,1,0,30.18987
/Users/martin/smart-technologies-ca2/data_recovery/IMG/center_2026_08_31_13_14_22_039.jpg,/Users/martin/smart-technologies-ca2/data_recovery/IMG/left_2026_08_31_13_14_22_039.jpg,/Users/martin/smart-technologies-ca2/data_recovery/IMG/right_2026_08_31_13_14_22_039.jpg,0,1,0,30.19022
/Users/martin/smart-technologies-ca2/data_recovery/IMG/center_2026_08_31_13_14_22_108.jpg,/Users/martin/smart-technologies-ca2/data_recovery/IMG/left_2026_08_31_13_14_22_108.jpg,/Users/martin/smart-technologies-ca2/data_recovery/IMG/right_2026_08_31_13_14_22_108.jpg,-0.1,1,0,30.1888
/Users/martin/smart-technologies-ca2/data_recovery/IMG/center_2026_08_31_13_14_22_175.jpg,/Users/martin/smart-technologies-ca2/data_recovery/IMG/left_2026_08_31_13_14_22_175.jpg,/Users/martin/smart-technologies-ca2/data_recovery/IMG/right_2026_08_31_13_14_22_175.jpg,-0.3,1,0,30.17091
/Users/martin/smart-technologies-ca2/data_recovery/IMG/center_2026_08_31_13_14_22_243.jpg,/Users/martin/smart-technologies-ca2/data_recovery/IMG/left_2026_08_31_13_14_22_243.jpg,/Users/martin/smart-technologies-ca2/data_recovery/IMG/right_2026_08_31_13_14_22_243.jpg,-0.45,1,0,30.15273
/Users/martin/smart-technologies-ca2/data_recovery/IMG/center_2026_08_31_13_14_22_311.jpg,/Users/martin/smart-technologies-ca2/data_recovery/IMG/left_2026_08_31_13_14_22_311.jpg,/Users/martin/smart-technologies-ca2/data_recovery/IMG/right_2026_08_31_13_14_22_311.jpg,0,1,0,30.18558
/Users/martin/smart-technologies-ca2/data_recovery/IMG/center_2026_08_31_13_14_22_379.jpg,/Users/martin/smart-technologies-ca2/data_recovery/IMG/left_2026_08_31_13_14_22_379.jpg,/Users/martin/smart-technologies-ca2/data_recovery/IMG/right_2026_08_31_13_14_22_379.jpg,0,1,0,30.18907
/Users/martin/smart-technologies-ca2/data_recovery/IMG/center_2026_08_31_13_14_22_448.jpg,/Users/martin/smart-technologies-ca2/data_recovery/IMG/left_2026_08_31_13_14_22_448.jpg,/Users/martin/smart-technologies-ca2/data_recovery/IMG/right_2026_08_31_13_14_22_448.jpg,0,1,0,30.18995
/Users/martin/smart-technologies-ca2/data_recovery/IMG/center_2026_08_31_13_14_22_515.jpg,/Users/martin/smart-technologies-ca2/data_recovery/IMG/left_2026_08_31_13_14_22_515.jpg,/Users/martin/smart-technologies-ca2/data_recovery/IMG/right_2026_08_31_13_14_22_515.jpg,0,1,0,30.19022
/Users/martin/smart-technologies-ca2/data_recovery/IMG/center_2026_08_31_13_14_22_582.jpg,/Users/martin/smart-technologies-ca2/data_recovery/IMG/left_2026_08_31_13_14_22_582.jpg,/Users/martin/smart-technologies-ca2/data_recovery/IMG/right_2026_08_31_13_14_22_582.jpg,-0.15,1,0,30.18553
/Users/martin/smart-technologies-ca2/data_recovery/IMG/center_2026_08_31_13_14_22_651.jpg,/Users/martin/smart-technologies-ca2/data_recovery/IMG/left_2026_08_31_13_14_22_651.jpg,/Users/martin/smart-technologies-ca2/data_recovery/IMG/right_2026_08_31_13_14_22_651.jpg,-0.35,1,0,30.16493
/Users/martin/smart-technologies-ca2/data_recovery/IMG/center_2026_08_31_13_14_22_718.jpg,/Users/martin/smart-technologies-ca2/data_recovery/IMG/left_2026_08_31_13_14_22_718.jpg,/Users/martin/smart-technologies-ca2/data_recovery/IMG/right_2026_08_31_13_14_22_718.jpg,-0.5000001,1,0,30.14639
/Users/martin/smart-technologies-ca2/data_recovery/IMG/center_2026_08_31_13_14_22_787.jpg,/Users/martin/smart-technologies-ca2/data_recovery/IMG/left_2026_08_31_13_14_22_787.jpg,/Users/martin/smart-technologies-ca2/data_recovery/IMG/right_2026_08_31_13_14_22_787.jpg,0,1,0,30.18588
/Users/martin/smart-technologies-ca2/data_recovery/IMG/center_2026_08_31_13_14_22_856.jpg,/Users/martin/smart-technologies-ca2/data_recovery/IMG/left_2026_08_31_13_14_22_856.jpg,/Users/martin/smart-technologies-ca2/data_recovery/IMG/right_2026_08_31_13_14_22_856.jpg,0,1,0,30.18953
/Users/martin/smart-technologies-ca2/data_recovery/IMG/center_2026_08_31_13_14_22_923.jpg,/Users/martin/smart-technologies-ca2/data_recovery/IMG/left_2026_08_31_13_14_22_923.jpg,/Users/martin/smart-technologies-ca2/data_recovery/IMG/right_2026_08_31_13_14_22_923.jpg,0,1,0,30.1901
/Users/martin/smart-technologies-ca2/data_recovery/IMG/center_2026_08_31_13_14_22_990.jpg,/Users/martin/smart-technologies-ca2/data_recovery/IMG/left_2026_08_31_13_14_22_990.jpg,/Users/martin/smart-technologies-ca2/data_recovery/IMG/right_2026_08_31_13_14_22_990.jpg,0,1,0,30.19027
/Users/martin/smart-technologies-ca2/data_recovery/IMG/center_2026_08_31_13_14_23_057.jpg,/Users/martin/smart-technologies-ca2/data_recovery/IMG/left_2026_08_31_13_14_23_057.jpg,/Users/martin/smart-technologies-ca2/data_recovery/IMG/right_2026_08_31_13_14_23_057.jpg,-0.1,1,0,30.18847
/Users/martin/smart-technologies-ca2/data_recovery/IMG/center_2026_08_31_13_14_23_125.jpg,/Users/martin/smart-technologies-ca2/data_recovery/IMG/left_2026_08_31_13_14_23_125.jpg,/Users/martin/smart-technologies-ca2/data_recovery/IMG/right_2026_08_31_13_14_23_125.jpg,-0.25,1,0,30.17584
/Users/martin/smart-technologies-ca2/data_recovery/IMG/center_2026_08_31_13_14_23_192.jpg,/Users/martin/smart-technologies-ca2/data_recovery/IMG/left_2026_08_31_13_14_23_192.jpg,/Users/martin/smart-technologies-ca2/data_recovery/IMG/right_2026_08_31_13_14_23_192.jpg,0,1,0,30.18179
/Users/martin/smart-technologies-ca2/data_recovery/IMG/center_2026_08_31_13_14_23_262.jpg,/Users/martin/smart-technologies-ca2/data_recovery/IMG/left_2026_08_31_13_14_23_262.jpg,/Users/martin/smart-technologies-ca2/data_recovery/IMG/right_2026_08_31_13_14_23_262.jpg,0,1,0,30.18926
/Users/martin/smart-technologies-ca2/data_recovery/IMG/center_2026_08_31_13_14_23_329.jpg,/Users/martin/smart-technologies-ca2/data_recovery/IMG/left_2026_08_31_13_14_23_329.jpg,/Users/martin/smart-technologies-ca2/data_recovery/IMG/right_2026_08_31_13_14_23_329.jpg,0,1,0,30.18989
/Users/martin/smart-technologies-ca2/data_recovery/IMG/center_2026_08_31_13_14_23_396.jpg,/Users/martin/smart-technologies-ca2/data_recovery/IMG/left_2026_08_31_13_14_23_396.jpg,/Users/martin/smart-technologies-ca2/data_recovery/IMG/right_2026_08_31_13_14_23_396.jpg,0,1,0,30.19022
/Users/martin/smart-technologies-ca2/data_recovery/IMG/center_2026_08_31_13_14_23_465.jpg,/Users/martin/smart-technologies-ca2/data_recovery/IMG/left_2026_08_31_13_14_23_465.jpg,/Users/martin/smart-technologies-ca2/data_recovery/IMG/right_2026_08_31_13_14_23_465.jpg,0,1,0,30.18993
/Users/martin/smart-technologies-ca2/data_recovery/IMG/center_2026_08_31_13_14_23_532.jpg,/Users/martin/smart-technologies-ca2/data_recovery/IMG/left_2026_08_31_13_14_23_532.jpg,/Users/martin/smart-technologies-ca2/data_recovery/IMG/right_2026_08_31_13_14_23_532.jpg,0,1,0,30.19035
/Users/martin/smart-technologies-ca2/data_recovery/IMG/center_2026_08_31_13_14_23_599.jpg,/Users/martin/smart-technologies-ca2/data_recovery/IMG/left_2026_08_31_13_14_23_599.jpg,/Users/martin/smart-technologies-ca2/data_recovery/IMG/right_2026_08_31_13_14_23_599.jpg,0,1,0,30.1903
/Users/martin/smart-technologies-ca2/data_recovery/IMG/center_2026_08_31_13_14_23_666.jpg,/Users/martin/smart-technologies-ca2/data_recovery/IMG/left_2026_08_31_13_14_23_666.jpg,/Users/martin/smart-technologies-ca2/data_recovery/IMG/right_2026_08_31_13_14_23_666.jpg,-0.15,1,0,30.18449
/Users/martin/smart-technologies-ca2/data_recovery/IMG/center_2026_08_31_13_14_23_735.jpg,/Users/martin/smart-technologies-ca2/data_recovery/IMG/left_2026_08_31_13_14_23_735.jpg,/Users/martin/smart-technologies-ca2/data_recovery/IMG/right_2026_08_31_13_14_23_735.jpg,-0.35,1,0,30.16366
/Users/martin/smart-technologies-ca2/data_recovery/IMG/center_2026_08_31_13_14_23_802.jpg,/Users/martin/smart-technologies-ca2/data_recovery/IMG/left_2026_08_31_13_14_23_802.jpg,/Users/martin/smart-technologies-ca2/data_recovery/IMG/right_2026_08_31_13_14_23_802.jpg,0,1,0,30.18907
/Users/martin/smart-technologies-ca2/data_recovery/IMG/center_2026_08_31_13_14_23_870.jpg,/Users/martin/smart-technologies-ca2/data_recovery/IMG/left_2026_08_31_13_14_23_870.jpg,/Users/martin/smart-technologies-ca2/data_recovery/IMG/right_2026_08_31_13_14_23_870.jpg,0,1,0,30.18979
/Users/martin/smart-technologies-ca2/data_recovery/IMG/center_2026_08_31_13_14_23_939.jpg,/Users/martin/smart-technologies-ca2/data_recovery/IMG/left_2026_08_31_13_14_23_939.jpg,/Users/martin/smart-technologies-ca2/data_recovery/IMG/right_2026_08_31_13_14_23_939.jpg,0,1,0,30.19007
/Users/martin/smart-technologies-ca2/data_recovery/IMG/center_2026_08_31_13_14_24_007.jpg,/Users/martin/smart-technologies-ca2/data_recovery/IMG/left_2026_08_31_13_14_24_007.jpg,/Users/martin/smart-technologies-ca2/data_recovery/IMG/right_2026_08_31_13_14_24_007.jpg,0,1,0,30.19031
/Users/martin/smart-technologies-ca2/data_recovery/IMG/center_2026_08_31_13_14_24_077.jpg,/Users/martin/smart-technologies-ca2/data_recovery/IMG/left_2026_08_31_13_14_24_077.jpg,/Users/martin/smart-technologies-ca2/data_recovery/IMG/right_2026_08_31_13_14_24_077.jpg,0,1,0,30.1903
/Users/martin/smart-technologies-ca2/data_recovery/IMG/center_2026_08_31_13_14_24_147.jpg,/Users/martin/smart-technologies-ca2/data_recovery/IMG/left_2026_08_31_13_14_24_147.jpg,/Users/martin/smart-technologies-ca2/data_recovery/IMG/right_2026_08_31_13_14_24_147.jpg,0,1,0,30.19035
/Users/martin/smart-technologies-ca2/data_recovery/IMG/center_2026_08_31_13_14_24_214.jpg,/Users/martin/smart-technologies-ca2/data_recovery/IMG/left_2026_08_31_13_14_24_214.jpg,/Users/martin/smart-technologies-ca2/data_recovery/IMG/right_2026_08_31_13_14_24_214.jpg,0,1,0,30.19034
/Users/martin/smart-technologies-ca2/data_recovery/IMG/center_2026_08_31_13_14_24_281.jpg,/Users/martin/smart-technologies-ca2/data_recovery/IMG/left_2026_08_31_13_14_24_281.jpg,/Users/martin/smart-technologies-ca2/data_recovery/IMG/right_2026_08_31_13_14_24_281.jpg,-0.05,1,0,30.18974
/Users/martin/smart-technologies-ca2/data_recovery/IMG/center_2026_08_31_13_14_24_351.jpg,/Users/martin/smart-technologies-ca2/data_recovery/IMG/left_2026_08_31_13_14_24_351.jpg,/Users/martin/smart-technologies-ca2/data_recovery/IMG/right_2026_08_31_13_14_24_351.jpg,-0.25,1,0,30.17481
/Users/martin/smart-technologies-ca2/data_recovery/IMG/center_2026_08_31_13_14_24_418.jpg,/Users/martin/smart-technologies-ca2/data_recovery/IMG/left_2026_08_31_13_14_24_418.jpg,/Users/martin/smart-technologies-ca2/data_recovery/IMG/right_2026_08_31_13_14_24_418.jpg,-0.4,1,0,30.15759
/Users/martin/smart-technologies-ca2/data_recovery/IMG/center_2026_08_31_13_14_24_487.jpg,/Users/martin/smart-technologies-ca2/data_recovery/IMG/left_2026_08_31_13_14_24_487.jpg,/Users/martin/smart-technologies-ca2/data_recovery/IMG/right_2026_08_31_13_14_24_487.jpg,0,1,0,30.18748
/Users/martin/smart-technologies-ca2/data_recovery/IMG/center_2026_08_31_13_14_24_554.jpg,/Users/martin/smart-technologies-ca2/data_recovery/IMG/left_2026_08_31_13_14_24_554.jpg,/Users/martin/smart-technologies-ca2/data_recovery/IMG/right_2026_08_31_13_14_24_554.jpg,0,1,0,30.18984
/Users/martin/smart-technologies-ca2/data_recovery/IMG/center_2026_08_31_13_14_24_623.jpg,/Users/martin/smart-technologies-ca2/data_recovery/IMG/left_2026_08_31_13_14_24_623.jpg,/Users/martin/smart-technologies-ca2/data_recovery/IMG/right_2026_08_31_13_14_24_623.jpg,0,1,0,30.19023
/Users/martin/smart-technologies-ca2/data_recovery/IMG/center_2026_08_31_13_14_24_693.jpg,/Users/martin/smart-technologies-ca2/data_recovery/IMG/left_2026_08_31_13_14_24_693.jpg,/Users/martin/smart-technologies-ca2/data_recovery/IMG/right_2026_08_31_13_14_24_693.jpg,0,1,0,30.19026
/Users/martin/smart-technologies-ca2/data_recovery/IMG/center_2026_08_31_13_14_24_760.jpg,/Users/martin/smart-technologies-ca2/data_recovery/IMG/left_2026_08_31_13_14_24_760.jpg,/Users/martin/smart-technologies-ca2/data_recovery/IMG/right_2026_08_31_13_14_24_760.jpg,0,1,0,30.19029
/Users/martin/smart-technologies-ca2/data_recovery/IMG/center_2026_08_31_13_14_24_829.jpg,/Users/martin/smart-technologies-ca2/data_recovery/IMG/left_2026_08_31_13_14_24_829.jpg,/Users/martin/smart-technologies-ca2/data_recovery/IMG/right_2026_08_31_13_14_24_829.jpg,-0.1,1,0,30.18794
/Users/martin/smart-technologies-ca2/data_recovery/IMG/center_2026_08_31_13_14_24_896.jpg,/Users/martin/smart-technologies-ca2/data_recovery/IMG/left_2026_08_31_13_14_24_896.jpg,/Users/martin/smart-technologies-ca2/data_recovery/IMG/right_2026_08_31_13_14_24_896.jpg,-0.3,1,0,30.16974
/Users/martin/smart-technologies-ca2/data_recovery/IMG/center_2026_08_31_13_14_24_963.jpg,/Users/martin/smart-technologies-ca2/data_recovery/IMG/left_2026_08_31_13_14_24_963.jpg,/Users/martin/smart-technologies-ca2/data_recovery/IMG/right_2026_08_31_13_14_24_963.jpg,-0.45,1,0,30.15183
/Users/martin/smart-technologies-ca2/data_recovery/IMG/center_2026_08_31_13_14_25_031.jpg,/Users/martin/smart-technologies-ca2/data_recovery/IMG/left_2026_08_31_13_14_25_031.jpg,/Users/martin/smart-technologies-ca2/data_recovery/IMG/right_2026_08_31_13_14_25_031.jpg,0,1,0,30.18839
/Users/martin/smart-technologies-ca2/data_recovery/IMG/center_2026_08_31_13_14_25_099.jpg,/Users/martin/smart-technologies-ca2/data_recovery/IMG/left_2026_08_31_13_14_25_099.jpg,/Users/martin/smart-technologies-ca2/data_recovery/IMG/right_2026_08_31_13_14_25_099.jpg,0,1,0,30.18966
/Users/martin/smart-technologies-ca2/data_recovery/IMG/center_2026_08_31_13_14_25_167.jpg,/Users/martin/smart-technologies-ca2/data_recovery/IMG/left_2026_08_31_13_14_25_167.jpg,/Users/martin/smart-technologies-ca2/data_recovery/IMG/right_2026_08_31_13_14_25_167.jpg,0,1,0,30.19012
/Users/martin/smart-technologies-ca2/data_recovery/IMG/center_2026_08_31_13_14_25_234.jpg,/Users/martin/smart-technologies-ca2/data_recovery/IMG/left_2026_08_31_13_14_25_234.jpg,/Users/martin/smart-technologies-ca2/data_recovery/IMG/right_2026_08_31_13_14_25_234.jpg,0,1,0,30.19026
/Users/martin/smart-technologies-ca2/data_recovery/IMG/center_2026_08_31_13_14_25_303.jpg,/Users/martin/smart-technologies-ca2/data_recovery/IMG/left_2026_08_31_13_14_25_303.jpg,/Users/martin/smart-technologies-ca2/data_recovery/IMG/right_2026_08_31_13_14_25_303.jpg,0,1,0,30.19035
/Users/martin/smart-technologies-ca2/data_recovery/IMG/center_2026_08_31_13_14_25_370.jpg,/Users/martin/smart-technologies-ca2/data_recovery/IMG/left_2026_08_31_13_14_25_370.jpg,/Users/martin/smart-technologies-ca2/data_recovery/IMG/right_2026_08_31_13_14_25_370.jpg,0,1,0,30.19031
/Users/martin/smart-technologies-ca2/data_recovery/IMG/center_2026_08_31_13_14_25_440.jpg,/Users/martin/smart-technologies-ca2/data_recovery/IMG/left_2026_08_31_13_14_25_440.jpg,/Users/martin/smart-technologies-ca2/data_recovery/IMG/right_2026_08_31_13_14_25_440.jpg,-0.15,1,0,30.18452
/Users/martin/smart-technologies-ca2/data_recovery/IMG/center_2026_08_31_13_14_25_507.jpg,/Users/martin/smart-technologies-ca2/data_recovery/IMG/left_2026_08_31_13_14_25_507.jpg,/Users/martin/smart-technologies-ca2/data_recovery/IMG/right_2026_08_31_13_14_25_507.jpg,-0.3,1,0,30.16975
/Users/martin/smart-technologies-ca2/data_recovery/IMG/center_2026_08_31_13_14_25_574.jpg,/Users/martin/smart-technologies-ca2/data_recovery/IMG/left_2026_08_31_13_14_25_574.jpg,/Users/martin/smart-technologies-ca2/data_recovery/IMG/right_2026_08_31_13_14_25_574.jpg,0,1,0,30.17952
/Users/martin/smart-technologies-ca2/data_recovery/IMG/center_2026_08_31_13_14_25_641.jpg,/Users/martin/smart-technologies-ca2/data_recovery/IMG/left_2026_08_31_13_14_25_641.jpg,/Users/martin/smart-technologies-ca2/data_recovery/IMG/right_2026_08_31_13_14_25_641.jpg,0,1,0,30.18841
/Users/martin/smart-technologies-ca2/data_recovery/IMG/center_2026_08_31_13_14_25_708.jpg,/Users/martin/smart-technologies-ca2/data_recovery/IMG/left_2026_08_31_13_14_25_708.jpg,/Users/martin/smart-technologies-ca2/data_recovery/IMG/right_2026_08_31_13_14_25_708.jpg,0,1,0,30.18969
/Users/martin/smart-technologies-ca2/data_recovery/IMG/center_2026_08_31_13_14_25_779.jpg,/Users/martin/smart-technologies-ca2/data_recovery/IMG/left_2026_08_31_13_14_25_779.jpg,/Users/martin/smart-technologies-ca2/data_recovery/IMG/right_2026_08_31_13_14_25_779.jpg,0,1,0,30.19021
/Users/martin/smart-technologies-ca2/data_recovery/IMG/center_2026_08_31_13_14_25_848.jpg,/Users/martin/smart-technologies-ca2/data_recovery/IMG/left_2026_08_31_13_14_25_848.jpg,/Users/martin/smart-technologies-ca2/data_recovery/IMG/right_2026_08_31_13_14_25_848.jpg,0,1,0,30.19028
/Users/martin/smart-technologies-ca2/data_recovery/IMG/center_2026_08_31_13_14_25_917.jpg,/Users/martin/smart-technologies-ca2/data_recovery/IMG/left_2026_08_31_13_14_25_917.jpg,/Users/martin/smart-technologies-ca2/data_recovery/IMG/right_2026_08_31_13_14_25_917.jpg,0,1,0,30.1903
/Users/martin/smart-technologies-ca2/data_recovery/IMG/center_2026_08_31_13_14_25_985.jpg,/Users/martin/smart-technologies-ca2/data_recovery/IMG/left_2026_08_31_13_14_25_985.jpg,/Users/martin/smart-technologies-ca2/data_recovery/IMG/right_2026_08_31_13_14_25_985.jpg,0,1,0,30.19031
/Users/martin/smart-technologies-ca2/data_recovery/IMG/center_2026_08_31_13_14_26_054.jpg,/Users/martin/smart-technologies-ca2/data_recovery/IMG/left_2026_08_31_13_14_26_054.jpg,/Users/martin/smart-technologies-ca2/data_recovery/IMG/right_2026_08_31_13_14_26_054.jpg,0,1,0,30.1899
/Users/martin/smart-technologies-ca2/data_recovery/IMG/center_2026_08_31_13_14_26_120.jpg,/Users/martin/smart-technologies-ca2/data_recovery/IMG/left_2026_08_31_13_14_26_120.jpg,/Users/martin/smart-technologies-ca2/data_recovery/IMG/right_2026_08_31_13_14_26_120.jpg,0,1,0,30.19034
/Users/martin/smart-technologies-ca2/data_recovery/IMG/center_2026_08_31_13_14_26_187.jpg,/Users/martin/smart-technologies-ca2/data_recovery/IMG/left_2026_08_31_13_14_26_187.jpg,/Users/martin/smart-technologies-ca2/data_recovery/IMG/right_2026_08_31_13_14_26_187.jpg,0,1,0,30.19029
/Users/martin/smart-technologies-ca2/data_recovery/IMG/center_2026_08_31_13_14_26_257.jpg,/Users/martin/smart-technologies-ca2/data_recovery/IMG/left_2026_08_31_13_14_26_257.jpg,/Users/martin/smart-technologies-ca2/data_recovery/IMG/right_2026_08_31_13_14_26_257.jpg,0,1,0,30.19039
/Users/martin/smart-technologies-ca2/data_recovery/IMG/center_2026_08_31_13_14_26_324.jpg,/Users/martin/smart-technologies-ca2/data_recovery/IMG/left_2026_08_31_13_14_26_324.jpg,/Users/martin/smart-technologies-ca2/data_recovery/IMG/right_2026_08_31_13_14_26_324.jpg,0,1,0,30.19028
/Users/martin/smart-technologies-ca2/data_recovery/IMG/center_2026_08_31_13_14_26_392.jpg,/Users/martin/smart-technologies-ca2/data_recovery/IMG/left_2026_08_31_13_14_26_392.jpg,/Users/martin/smart-technologies-ca2/data_recovery/IMG/right_2026_08_31_13_14_26_392.jpg,0,1,0,30.19031
/Users/martin/smart-technologies-ca2/data_recovery/IMG/center_2026_08_31_13_14_26_461.jpg,/Users/martin/smart-technologies-ca2/data_recovery/IMG/left_2026_08_31_13_14_26_461.jpg,/Users/martin/smart-technologies-ca2/data_recovery/IMG/right_2026_08_31_13_14_26_461.jpg,0,1,0,30.19031
/Users/martin/smart-technologies-ca2/data_recovery/IMG/center_2026_08_31_13_14_26_531.jpg,/Users/martin/smart-technologies-ca2/data_recovery/IMG/left_2026_08_31_13_14_26_531.jpg,/Users/martin/smart-technologies-ca2/data_recovery/IMG/right_2026_08_31_13_14_26_531.jpg,0,1,0,30.19034
/Users/martin/smart-technologies-ca2/data_recovery/IMG/center_2026_08_31_13_14_26_598.jpg,/Users/martin/smart-technologies-ca2/data_recovery/IMG/left_2026_08_31_13_14_26_598.jpg,/Users/martin/smart-technologies-ca2/data_recovery/IMG/right_2026_08_31_13_14_26_598.jpg,0,1,0,30.1903
/Users/martin/smart-technologies-ca2/data_recovery/IMG/center_2026_08_31_13_14_26_667.jpg,/Users/martin/smart-technologies-ca2/data_recovery/IMG/left_2026_08_31_13_14_26_667.jpg,/Users/martin/smart-technologies-ca2/data_recovery/IMG/right_2026_08_31_13_14_26_667.jpg,-0.1,1,0,30.18762
/Users/martin/smart-technologies-ca2/data_recovery/IMG/center_2026_08_31_13_14_26_735.jpg,/Users/martin/smart-technologies-ca2/data_recovery/IMG/left_2026_08_31_13_14_26_735.jpg,/Users/martin/smart-technologies-ca2/data_recovery/IMG/right_2026_08_31_13_14_26_735.jpg,-0.3,1,0,30.16921
/Users/martin/smart-technologies-ca2/data_recovery/IMG/center_2026_08_31_13_14_26_804.jpg,/Users/martin/smart-technologies-ca2/data_recovery/IMG/left_2026_08_31_13_14_26_804.jpg,/Users/martin/smart-technologies-ca2/data_recovery/IMG/right_2026_08_31_13_14_26_804.jpg,0,1,0,30.19011
/Users/martin/smart-technologies-ca2/data_recovery/IMG/center_2026_08_31_13_14_26_872.jpg,/Users/martin/smart-technologies-ca2/data_recovery/IMG/left_2026_08_31_13_14_26_872.jpg,/Users/martin/smart-technologies-ca2/data_recovery/IMG/right_2026_08_31_13_14_26_872.jpg,0,1,0,30.18982
/Users/martin/smart-technologies-ca2/data_recovery/IMG/center_2026_08_31_13_14_26_939.jpg,/Users/martin/smart-technologies-ca2/data_recovery/IMG/left_2026_08_31_13_14_26_939.jpg,/Users/martin/smart-technologies-ca2/data_recovery/IMG/right_2026_08_31_13_14_26_939.jpg,0,1,0,30.19013
/Users/martin/smart-technologies-ca2/data_recovery/IMG/center_2026_08_31_13_14_27_006.jpg,/Users/martin/smart-technologies-ca2/data_recovery/IMG/left_2026_08_31_13_14_27_006.jpg,/Users/martin/smart-technologies-ca2/data_recovery/IMG/right_2026_08_31_13_14_27_006.jpg,0,1,0,30.19026
/Users/martin/smart-technologies-ca2/data_recovery/IMG/center_2026_08_31_13_14_27_074.jpg,/Users/martin/smart-technologies-ca2/data_recovery/IMG/left_2026_08_31_13_14_27_074.jpg,/Users/martin/smart-technologies-ca2/data_recovery/IMG/right_2026_08_31_13_14_27_074.jpg,0,1,0,30.19034
/Users/martin/smart-technologies-ca2/data_recovery/IMG/center_2026_08_31_13_14_27_143.jpg,/Users/martin/smart-technologies-ca2/data_recovery/IMG/left_2026_08_31_13_14_27_143.jpg,/Users/martin/smart-technologies-ca2/data_recovery/IMG/right_2026_08_31_13_14_27_143.jpg,0,1,0,30.19027
/Users/martin/smart-technologies-ca2/data_recovery/IMG/center_2026_08_31_13_14_27_211.jpg,/Users/martin/smart-technologies-ca2/data_recovery/IMG/left_2026_08_31_13_14_27_211.jpg,/Users/martin/smart-technologies-ca2/data_recovery/IMG/right_2026_08_31_13_14_27_211.jpg,-0.2,1,0,30.1802
/Users/martin/smart-technologies-ca2/data_recovery/IMG/center_2026_08_31_13_14_27_280.jpg,/Users/martin/smart-technologies-ca2/data_recovery/IMG/left_2026_08_31_13_14_27_280.jpg,/Users/martin/smart-technologies-ca2/data_recovery/IMG/right_2026_08_31_13_14_27_280.jpg,-0.35,1,0,30.16381
/Users/martin/smart-technologies-ca2/data_recovery/IMG/center_2026_08_31_13_14_27_348.jpg,/Users/martin/smart-technologies-ca2/data_recovery/IMG/left_2026_08_31_13_14_27_348.jpg,/Users/martin/smart-technologies-ca2/data_recovery/IMG/right_2026_08_31_13_14_27_348.jpg,0,1,0,30.17945
/Users/martin/smart-technologies-ca2/data_recovery/IMG/center_2026_08_31_13_14_27_417.jpg,/Users/martin/smart-technologies-ca2/data_recovery/IMG/left_2026_08_31_13_14_27_417.jpg,/Users/martin/smart-technologies-ca2/data_recovery/IMG/right_2026_08_31_13_14_27_417.jpg,0,1,0,30.1888
/Users/martin/smart-technologies-ca2/data_recovery/IMG/center_2026_08_31_13_14_27_488.jpg,/Users/martin/smart-technologies-ca2/data_recovery/IMG/left_2026_08_31_13_14_27_488.jpg,/Users/martin/smart-technologies-ca2/data_recovery/IMG/right_2026_08_31_13_14_27_488.jpg,0,1,0,30.18989
/Users/martin/smart-technologies-ca2/data_recovery/IMG/center_2026_08_31_13_14_27_555.jpg,/Users/martin/smart-technologies-ca2/data_recovery/IMG/left_2026_08_31_13_14_27_555.jpg,/Users/martin/smart-technologies-ca2/data_recovery/IMG/right_2026_08_31_13_14_27_555.jpg,0,1,0,30.19021
/Users/martin/smart-technologies-ca2/data_recovery/IMG/center_2026_08_31_13_14_27_624.jpg,/Users/martin/smart-technologies-ca2/data_recovery/IMG/left_2026_08_31_13_14_27_624.jpg,/Users/martin/smart-technologies-ca2/data_recovery/IMG/right_2026_08_31_13_14_27_624.jpg,0,1,0,30.19048
/Users/martin/smart-technologies-ca2/data_recovery/IMG/center_2026_08_31_13_14_27_696.jpg,/Users/martin/smart-technologies-ca2/data_recovery/IMG/left_2026_08_31_13_14_27_696.jpg,/Users/martin/smart-technologies-ca2/data_recovery/IMG/right_2026_08_31_13_14_27_696.jpg,0,1,0,30.19034
/Users/martin/smart-technologies-ca2/data_recovery/IMG/center_2026_08_31_13_14_27_763.jpg,/Users/martin/smart-technologies-ca2/data_recovery/IMG/left_2026_08_31_13_14_27_763.jpg,/Users/martin/smart-technologies-ca2/data_recovery/IMG/right_2026_08_31_13_14_27_763.jpg,0,1,0,30.1903
/Users/martin/smart-technologies-ca2/data_recovery/IMG/center_2026_08_31_13_14_27_833.jpg,/Users/martin/smart-technologies-ca2/data_recovery/IMG/left_2026_08_31_13_14_27_833.jpg,/Users/martin/smart-technologies-ca2/data_recovery/IMG/right_2026_08_31_13_14_27_833.jpg,0,1,0,30.19036
/Users/martin/smart-technologies-ca2/data_recovery/IMG/center_2026_08_31_13_14_27_899.jpg,/Users/martin/smart-technologies-ca2/data_recovery/IMG/left_2026_08_31_13_14_27_899.jpg,/Users/martin/smart-technologies-ca2/data_recovery/IMG/right_2026_08_31_13_14_27_899.jpg,0,1,0,30.19034
/Users/martin/smart-technologies-ca2/data_recovery/IMG/center_2026_08_31_13_14_27_966.jpg,/Users/martin/smart-technologies-ca2/data_recovery/IMG/left_2026_08_31_13_14_27_966.jpg,/Users/martin/smart-technologies-ca2/data_recovery/IMG/right_2026_08_31_13_14_27_966.jpg,0,1,0,30.19028
/Users/martin/smart-technologies-ca2/data_recovery/IMG/center_2026_08_31_13_14_28_036.jpg,/Users/martin/smart-technologies-ca2/data_recovery/IMG/left_2026_08_31_13_14_28_036.jpg,/Users/martin/smart-technologies-ca2/data_recovery/IMG/right_2026_08_31_13_14_28_036.jpg,0,1,0,30.19029
/Users/martin/smart-technologies-ca2/data_recovery/IMG/center_2026_08_31_13_14_28_103.jpg,/Users/martin/smart-technologies-ca2/data_recovery/IMG/left_2026_08_31_13_14_28_103.jpg,/Users/martin/smart-technologies-ca2/data_recovery/IMG/right_2026_08_31_13_14_28_103.jpg,0,1,0,30.19031
/Users/martin/smart-technologies-ca2/data_recovery/IMG/center_2026_08_31_13_14_28_173.jpg,/Users/martin/smart-technologies-ca2/data_recovery/IMG/left_2026_08_31_13_14_28_173.jpg,/Users/martin/smart-technologies-ca2/data_recovery/IMG/right_2026_08_31_13_14_28_173.jpg,0,1,0,30.19028
/Users/martin/smart-technologies-ca2/data_recovery/IMG/center_2026_08_31_13_14_28_241.jpg,/Users/martin/smart-technologies-ca2/data_recovery/IMG/left_2026_08_31_13_14_28_241.jpg,/Users/martin/smart-technologies-ca2/data_recovery/IMG/right_2026_08_31_13_14_28_241.jpg,0,1,0,30.19027
/Users/martin/smart-technologies-ca2/data_recovery/IMG/center_2026_08_31_13_14_28_308.jpg,/Users/martin/smart-technologies-ca2/data_recovery/IMG/left_2026_08_31_13_14_28_308.jpg,/Users/martin/smart-technologies-ca2/data_recovery/IMG/right_2026_08_31_13_14_28_308.jpg,0,1,0,30.1903
/Users/martin/smart-technologies-ca2/data_recovery/IMG/center_2026_08_31_13_14_28_377.jpg,/Users/martin/smart-technologies-ca2/data_recovery/IMG/left_2026_08_31_13_14_28_377.jpg,/Users/martin/smart-technologies-ca2/data_recovery/IMG/right_2026_08_31_13_14_28_377.jpg,0,1,0,30.1903
/Users/martin/smart-technologies-ca2/data_recovery/IMG/center_2026_08_31_13_14_28_446.jpg,/Users/martin/smart-technologies-ca2/data_recovery/IMG/left_2026_08_31_13_14_28_446.jpg,/Users/martin/smart-technologies-ca2/data_recovery/IMG/right_2026_08_31_13_14_28_446.jpg,-0.05,1,0,30.18972
/Users/martin/smart-technologies-ca2/data_recovery/IMG/center_2026_08_31_13_14_28_514.jpg,/Users/martin/smart-technologies-ca2/data_recovery/IMG/left_2026_08_31_13_14_28_514.jpg,/Users/martin/smart-technologies-ca2/data_recovery/IMG/right_2026_08_31_13_14_28_514.jpg,-0.25,1,0,30.17469
/Users/martin/smart-technologies-ca2/data_recovery/IMG/center_2026_08_31_13_14_28_581.jpg,/Users/martin/smart-technologies-ca2/data_recovery/IMG/left_2026_08_31_13_14_28_581.jpg,/Users/martin/smart-technologies-ca2/data_recovery/IMG/right_2026_08_31_13_14_28_581.jpg,0,1,0,30.19073
/Users/martin/smart-technologies-ca2/data_recovery/IMG/center_2026_08_31_13_14_28_649.jpg,/Users/martin/smart-technologies-ca2/data_recovery/IMG/left_2026_08_31_13_14_28_649.jpg,/Users/martin/smart-technologies-ca2/data_recovery/IMG/right_2026_08_31_13_14_28_649.jpg,0,1,0,30.18978
/Users/martin/smart-technologies-ca2/data_recovery/IMG/center_2026_08_31_13_14_28_717.jpg,/Users/martin/smart-technologies-ca2/data_recovery/IMG/left_2026_08_31_13_14_28_717.jpg,/Users/martin/smart-technologies-ca2/data_recovery/IMG/right_2026_08_31_13_14_28_717.jpg,0,1,0,30.19019
/Users/martin/smart-technologies-ca2/data_recovery/IMG/center_2026_08_31_13_14_28_784.jpg,/Users/martin/smart-technologies-ca2/data_recovery/IMG/left_2026_08_31_13_14_28_784.jpg,/Users/martin/smart-technologies-ca2/data_recovery/IMG/right_2026_08_31_13_14_28_784.jpg,0,1,0,30.19028
/Users/martin/smart-technologies-ca2/data_recovery/IMG/center_2026_08_31_13_14_28_854.jpg,/Users/martin/smart-technologies-ca2/data_recovery/IMG/left_2026_08_31_13_14_28_854.jpg,/Users/martin/smart-technologies-ca2/data_recovery/IMG/right_2026_08_31_13_14_28_854.jpg,0,1,0,30.19032
/Users/martin/smart-technologies-ca2/data_recovery/IMG/center_2026_08_31_13_14_28_924.jpg,/Users/martin/smart-technologies-ca2/data_recovery/IMG/left_2026_08_31_13_14_28_924.jpg,/Users/martin/smart-technologies-ca2/data_recovery/IMG/right_2026_08_31_13_14_28_924.jpg,0,1,0,30.19028
/Users/martin/smart-technologies-ca2/data_recovery/IMG/center_2026_08_31_13_14_28_993.jpg,/Users/martin/smart-technologies-ca2/data_recovery/IMG/left_2026_08_31_13_14_28_993.jpg,/Users/martin/smart-technologies-ca2/data_recovery/IMG/right_2026_08_31_13_14_28_993.jpg,0,1,0,30.19031
/Users/martin/smart-technologies-ca2/data_recovery/IMG/center_2026_08_31_13_14_29_061.jpg,/Users/martin/smart-technologies-ca2/data_recovery/IMG/left_2026_08_31_13_14_29_061.jpg,/Users/martin/smart-technologies-ca2/data_recovery/IMG/right_2026_08_31_13_14_29_061.jpg,0,1,0,30.19028
/Users/martin/smart-technologies-ca2/data_recovery/IMG/center_2026_08_31_13_14_29_129.jpg,/Users/martin/smart-technologies-ca2/data_recovery/IMG/left_2026_08_31_13_14_29_129.jpg,/Users/martin/smart-technologies-ca2/data_recovery/IMG/right_2026_08_31_13_14_29_129.jpg,0,1,0,30.19033
/Users/martin/smart-technologies-ca2/data_recovery/IMG/center_2026_08_31_13_14_29_197.jpg,/Users/martin/smart-technologies-ca2/data_recovery/IMG/left_2026_08_31_13_14_29_197.jpg,/Users/martin/smart-technologies-ca2/data_recovery/IMG/right_2026_08_31_13_14_29_197.jpg,-0.1,1,0,30.18766
/Users/martin/smart-technologies-ca2/data_recovery/IMG/center_2026_08_31_13_14_29_266.jpg,/Users/martin/smart-technologies-ca2/data_recovery/IMG/left_2026_08_31_13_14_29_266.jpg,/Users/martin/smart-technologies-ca2/data_recovery/IMG/right_2026_08_31_13_14_29_266.jpg,-0.25,1,0,30.17475
/Users/martin/smart-technologies-ca2/data_recovery/IMG/center_2026_08_31_13_14_29_334.jpg,/Users/martin/smart-technologies-ca2/data_recovery/IMG/left_2026_08_31_13_14_29_334.jpg,/Users/martin/smart-technologies-ca2/data_recovery/IMG/right_2026_08_31_13_14_29_334.jpg,0,1,0,30.19017
/Users/martin/smart-technologies-ca2/data_recovery/IMG/center_2026_08_31_13_14_29_404.jpg,/Users/martin/smart-technologies-ca2/data_recovery/IMG/left_2026_08_31_13_14_29_404.jpg,/Users/martin/smart-technologies-ca2/data_recovery/IMG/right_2026_08_31_13_14_29_404.jpg,0,1,0,30.18952
/Users/martin/smart-technologies-ca2/data_recovery/IMG/center_2026_08_31_13_14_29_473.jpg,/Users/martin/smart-technologies-ca2/data_recovery/IMG/left_2026_08_31_13_14_29_473.jpg,/Users/martin/smart-technologies-ca2/data_recovery/IMG/right_2026_08_31_13_14_29_473.jpg,0,1,0,30.19016
/Users/martin/smart-technologies-ca2/data_recovery/IMG/center_2026_08_31_13_14_29_543.jpg,/Users/martin/smart-technologies-ca2/data_recovery/IMG/left_2026_08_31_13_14_29_543.jpg,/Users/martin/smart-technologies-ca2/data_recovery/IMG/right_2026_08_31_13_14_29_543.jpg,0,1,0,30.19005
/Users/martin/smart-technologies-ca2/data_recovery/IMG/center_2026_08_31_13_14_29_611.jpg,/Users/martin/smart-technologies-ca2/data_recovery/IMG/left_2026_08_31_13_14_29_611.jpg,/Users/martin/smart-technologies-ca2/data_recovery/IMG/right_2026_08_31_13_14_29_611.jpg,0,1,0,30.19029
/Users/martin/smart-technologies-ca2/data_recovery/IMG/center_2026_08_31_13_14_29_681.jpg,/Users/martin/smart-technologies-ca2/data_recovery/IMG/left_2026_08_31_13_14_29_681.jpg,/Users/martin/smart-technologies-ca2/data_recovery/IMG/right_2026_08_31_13_14_29_681.jpg,0,1,0,30.19028
/Users/martin/smart-technologies-ca2/data_recovery/IMG/center_2026_08_31_13_14_29_749.jpg,/Users/martin/smart-technologies-ca2/data_recovery/IMG/left_2026_08_31_13_14_29_749.jpg,/Users/martin/smart-technologies-ca2/data_recovery/IMG/right_2026_08_31_13_14_29_749.jpg,0,1,0,30.19031
/Users/martin/smart-technologies-ca2/data_recovery/IMG/center_2026_08_31_13_14_29_816.jpg,/Users/martin/smart-technologies-ca2/data_recovery/IMG/left_2026_08_31_13_14_29_816.jpg,/Users/martin/smart-technologies-ca2/data_recovery/IMG/right_2026_08_31_13_14_29_816.jpg,0,1,0,30.1903
/Users/martin/smart-technologies-ca2/data_recovery/IMG/center_2026_08_31_13_14_29_883.jpg,/Users/martin/smart-technologies-ca2/data_recovery/IMG/left_2026_08_31_13_14_29_883.jpg,/Users/martin/smart-technologies-ca2/data_recovery/IMG/right_2026_08_31_13_14_29_883.jpg,0,1,0,30.19028
/Users/martin/smart-technologies-ca2/data_recovery/IMG/center_2026_08_31_13_14_29_950.jpg,/Users/martin/smart-technologies-ca2/data_recovery/IMG/left_2026_08_31_13_14_29_950.jpg,/Users/martin/smart-technologies-ca2/data_recovery/IMG/right_2026_08_31_13_14_29_950.jpg,0,1,0,30.19031
/Users/martin/smart-technologies-ca2/data_recovery/IMG/center_2026_08_31_13_14_30_017.jpg,/Users/martin/smart-technologies-ca2/data_recovery/IMG/left_2026_08_31_13_14_30_017.jpg,/Users/martin/smart-technologies-ca2/data_recovery/IMG/right_2026_08_31_13_14_30_017.jpg,0,1,0,30.19029
/Users/martin/smart-technologies-ca2/data_recovery/IMG/center_2026_08_31_13_14_30_087.jpg,/Users/martin/smart-technologies-ca2/data_recovery/IMG/left_2026_08_31_13_14_30_087.jpg,/Users/martin/smart-technologies-ca2/data_recovery/IMG/right_2026_08_31_13_14_30_087.jpg,0,1,0,30.19029
/Users/martin/smart-technologies-ca2/data_recovery/IMG/center_2026_08_31_13_14_30_157.jpg,/Users/martin/smart-technologies-ca2/data_recovery/IMG/left_2026_08_31_13_14_30_157.jpg,/Users/martin/smart-technologies-ca2/data_recovery/IMG/right_2026_08_31_13_14_30_157.jpg,0,1,0,30.1903
/Users/martin/smart-technologies-ca2/data_recovery/IMG/center_2026_08_31_13_14_30_224.jpg,/Users/martin/smart-technologies-ca2/data_recovery/IMG/left_2026_08_31_13_14_30_224.jpg,/Users/martin/smart-technologies-ca2/data_recovery/IMG/right_2026_08_31_13_14_30_224.jpg,0,1,0,30.19036
/Users/martin/smart-technologies-ca2/data_recovery/IMG/center_2026_08_31_13_14_30_293.jpg,/Users/martin/smart-technologies-ca2/data_recovery/IMG/left_2026_08_31_13_14_30_293.jpg,/Users/martin/smart-technologies-ca2/data_recovery/IMG/right_2026_08_31_13_14_30_293.jpg,0,1,0,30.1903
/Users/martin/smart-technologies-ca2/data_recovery/IMG/center_2026_08_31_13_14_30_360.jpg,/Users/martin/smart-technologies-ca2/data_recovery/IMG/left_2026_08_31_13_14_30_360.jpg,/Users/martin/smart-technologies-ca2/data_recovery/IMG/right_2026_08_31_13_14_30_360.jpg,0,1,0,30.19026
/Users/martin/smart-technologies-ca2/data_recovery/IMG/center_2026_08_31_13_14_30_430.jpg,/Users/martin/smart-technologies-ca2/data_recovery/IMG/left_2026_08_31_13_14_30_430.jpg,/Users/martin/smart-technologies-ca2/data_recovery/IMG/right_2026_08_31_13_14_30_430.jpg,0,1,0,30.19018
/Users/martin/smart-technologies-ca2/data_recovery/IMG/center_2026_08_31_13_14_30_497.jpg,/Users/martin/smart-technologies-ca2/data_recovery/IMG/left_2026_08_31_13_14_30_497.jpg,/Users/martin/smart-technologies-ca2/data_recovery/IMG/right_2026_08_31_13_14_30_497.jpg,0,1,0,30.1903
/Users/martin/smart-technologies-ca2/data_recovery/IMG/center_2026_08_31_13_14_30_566.jpg,/Users/martin/smart-technologies-ca2/data_recovery/IMG/left_2026_08_31_13_14_30_566.jpg,/Users/martin/smart-technologies-ca2/data_recovery/IMG/right_2026_08_31_13_14_30_566.jpg,0,1,0,30.19031
/Users/martin/smart-technologies-ca2/data_recovery/IMG/center_2026_08_31_13_14_30_633.jpg,/Users/martin/smart-technologies-ca2/data_recovery/IMG/left_2026_08_31_13_14_30_633.jpg,/Users/martin/smart-technologies-ca2/data_recovery/IMG/right_2026_08_31_13_14_30_633.jpg,0,1,0,30.19031
/Users/martin/smart-technologies-ca2/data_recovery/IMG/center_2026_08_31_13_14_30_700.jpg,/Users/martin/smart-technologies-ca2/data_recovery/IMG/left_2026_08_31_13_14_30_700.jpg,/Users/martin/smart-technologies-ca2/data_recovery/IMG/right_2026_08_31_13_14_30_700.jpg,0,1,0,30.19028
/Users/martin/smart-technologies-ca2/data_recovery/IMG/center_2026_08_31_13_14_30_770.jpg,/Users/martin/smart-technologies-ca2/data_recovery/IMG/left_2026_08_31_13_14_30_770.jpg,/Users/martin/smart-technologies-ca2/data_recovery/IMG/right_2026_08_31_13_14_30_770.jpg,0,1,0,30.19029
/Users/martin/smart-technologies-ca2/data_recovery/IMG/center_2026_08_31_13_14_30_839.jpg,/Users/martin/smart-technologies-ca2/data_recovery/IMG/left_2026_08_31_13_14_30_839.jpg,/Users/martin/smart-technologies-ca2/data_recovery/IMG/right_2026_08_31_13_14_30_839.jpg,0,1,0,30.19031
/Users/martin/smart-technologies-ca2/data_recovery/IMG/center_2026_08_31_13_14_30_906.jpg,/Users/martin/smart-technologies-ca2/data_recovery/IMG/left_2026_08_31_13_14_30_906.jpg,/Users/martin/smart-technologies-ca2/data_recovery/IMG/right_2026_08_31_13_14_30_906.jpg,0,1,0,30.19029
/Users/martin/smart-technologies-ca2/data_recovery/IMG/center_2026_08_31_13_14_30_973.jpg,/Users/martin/smart-technologies-ca2/data_recovery/IMG/left_2026_08_31_13_14_30_973.jpg,/Users/martin/smart-technologies-ca2/data_recovery/IMG/right_2026_08_31_13_14_30_973.jpg,0,1,0,30.19029
/Users/martin/smart-technologies-ca2/data_recovery/IMG/center_2026_08_31_13_14_31_041.jpg,/Users/martin/smart-technologies-ca2/data_recovery/IMG/left_2026_08_31_13_14_31_041.jpg,/Users/martin/smart-technologies-ca2/data_recovery/IMG/right_2026_08_31_13_14_31_041.jpg,0,1,0,30.19031
/Users/martin/smart-technologies-ca2/data_recovery/IMG/center_2026_08_31_13_14_31_108.jpg,/Users/martin/smart-technologies-ca2/data_recovery/IMG/left_2026_08_31_13_14_31_108.jpg,/Users/martin/smart-technologies-ca2/data_recovery/IMG/right_2026_08_31_13_14_31_108.jpg,0,1,0,30.19028
/Users/martin/smart-technologies-ca2/data_recovery/IMG/center_2026_08_31_13_14_31_176.jpg,/Users/martin/smart-technologies-ca2/data_recovery/IMG/left_2026_08_31_13_14_31_176.jpg,/Users/martin/smart-technologies-ca2/data_recovery/IMG/right_2026_08_31_13_14_31_176.jpg,0,1,0,30.1903
/Users/martin/smart-technologies-ca2/data_recovery/IMG/center_2026_08_31_13_14_31_244.jpg,/Users/martin/smart-technologies-ca2/data_recovery/IMG/left_2026_08_31_13_14_31_244.jpg,/Users/martin/smart-technologies-ca2/data_recovery/IMG/right_2026_08_31_13_14_31_244.jpg,0,1,0,30.19028
/Users/martin/smart-technologies-ca2/data_recovery/IMG/center_2026_08_31_13_14_31_313.jpg,/Users/martin/smart-technologies-ca2/data_recovery/IMG/left_2026_08_31_13_14_31_313.jpg,/Users/martin/smart-technologies-ca2/data_recovery/IMG/right_2026_08_31_13_14_31_313.jpg,0,0.8711377,0,30.17123
/Users/martin/smart-technologies-ca2/data_recovery/IMG/center_2026_08_31_13_14_31_400.jpg,/Users/martin/smart-technologies-ca2/data_recovery/IMG/left_2026_08_31_13_14_31_400.jpg,/Users/martin/smart-technologies-ca2/data_recovery/IMG/right_2026_08_31_13_14_31_400.jpg,0,0.6876729,0,29.71811
/Users/martin/smart-technologies-ca2/data_recovery/IMG/center_2026_08_31_13_15_58_515.jpg,/Users/martin/smart-technologies-ca2/data_recovery/IMG/left_2026_08_31_13_15_58_515.jpg,/Users/martin/smart-technologies-ca2/data_recovery/IMG/right_2026_08_31_13_15_58_515.jpg,0,0,0,0.2133415
/Users/martin/smart-technologies-ca2/data_recovery/IMG/center_2026_08_31_13_15_58_585.jpg,/Users/martin/smart-technologies-ca2/data_recovery/IMG/left_2026_08_31_13_15_58_585.jpg,/Users/martin/smart-technologies-ca2/data_recovery/IMG/right_2026_08_31_13_15_58_585.jpg,0,0.199542,0,0.1121448
/Users/martin/smart-technologies-ca2/data_recovery/IMG/center_2026_08_31_13_15_58_655.jpg,/Users/martin/smart-technologies-ca2/data_recovery/IMG/left_2026_08_31_13_15_58_655.jpg,/Users/martin/smart-technologies-ca2/data_recovery/IMG/right_2026_08_31_13_15_58_655.jpg,0,0.378243,0,0.09085536
/Users/martin/smart-technologies-ca2/data_recovery/IMG/center_2026_08_31_13_15_58_722.jpg,/Users/martin/smart-technologies-ca2/data_recovery/IMG/left_2026_08_31_13_15_58_722.jpg,/Users/martin/smart-technologies-ca2/data_recovery/IMG/right_2026_08_31_13_15_58_722.jpg,0,0.619773,0,0.6017108
/Users/martin/smart-technologies-ca2/data_recovery/IMG/center_2026_08_31_13_15_58_789.jpg,/Users/martin/smart-technologies-ca2/data_recovery/IMG/left_2026_08_31_13_15_58_789.jpg,/Users/martin/smart-technologies-ca2/data_recovery/IMG/right_2026_08_31_13_15_58_789.jpg,0,0.8007363,0,1.088967
/Users/martin/smart-technologies-ca2/data_recovery/IMG/center_2026_08_31_13_15_58_859.jpg,/Users/martin/smart-technologies-ca2/data_recovery/IMG/left_2026_08_31_13_15_58_859.jpg,/Users/martin/smart-technologies-ca2/data_recovery/IMG/right_2026_08_31_13_15_58_859.jpg,0,1,0,1.904391
/Users/martin/smart-technologies-ca2/data_recovery/IMG/center_2026_08_31_13_15_58_926.jpg,/Users/martin/smart-technologies-ca2/data_recovery/IMG/left_2026_08_31_13_15_58_926.jpg,/Users/martin/smart-technologies-ca2/data_recovery/IMG/right_2026_08_31_13_15_58_926.jpg,0,1,0,2.55274
/Users/martin/smart-technologies-ca2/data_recovery/IMG/center_2026_08_31_13_15_58_992.jpg,/Users/martin/smart-technologies-ca2/data_recovery/IMG/left_2026_08_31_13_15_58_992.jpg,/Users/martin/smart-technologies-ca2/data_recovery/IMG/right_2026_08_31_13_15_58_992.jpg,0,1,0,3.238604
/Users/martin/smart-technologies-ca2/data_recovery/IMG/center_2026_08_31_13_15_59_061.jpg,/Users/martin/smart-technologies-ca2/data_recovery/IMG/left_2026_08_31_13_15_59_061.jpg,/Users/martin/smart-technologies-ca2/data_recovery/IMG/right_2026_08_31_13_15_59_061.jpg,0,1,0,4.178074
/Users/martin/smart-technologies-ca2/data_recovery/IMG/center_2026_08_31_13_15_59_129.jpg,/Users/martin/smart-technologies-ca2/data_recovery/IMG/left_2026_08_31_13_15_59_129.jpg,/Users/martin/smart-technologies-ca2/data_recovery/IMG/right_2026_08_31_13_15_59_129.jpg,0,1,0,4.877824
/Users/martin/smart-technologies-ca2/data_recovery/IMG/center_2026_08_31_13_15_59_196.jpg,/Users/martin/smart-technologies-ca2/data_recovery/IMG/left_2026_08_31_13_15_59_196.jpg,/Users/martin/smart-technologies-ca2/data_recovery/IMG/right_2026_08_31_13_15_59_196.jpg,0,1,0,5.573485
/Users/martin/smart-technologies-ca2/data_recovery/IMG/center_2026_08_31_13_15_59_265.jpg,/Users/martin/smart-technologies-ca2/data_recovery/IMG/left_2026_08_31_13_15_59_265.jpg,/Users/martin/smart-technologies-ca2/data_recovery/IMG/right_2026_08_31_13_15_59_265.jpg,0,1,0,6.494781
/Users/martin/smart-technologies-ca2/data_recovery/IMG/center_2026_08_31_13_15_59_334.jpg,/Users/martin/smart-technologies-ca2/data_recovery/IMG/left_2026_08_31_13_15_59_334.jpg,/Users/martin/smart-technologies-ca2/data_recovery/IMG/right_2026_08_31_13_15_59_334.jpg,0,1,0,7.181047
/Users/martin/smart-technologies-ca2/data_recovery/IMG/center_2026_08_31_13_15_59_402.jpg,/Users/martin/smart-technologies-ca2/data_recovery/IMG/left_2026_08_31_13_15_59_402.jpg,/Users/martin/smart-technologies-ca2/data_recovery/IMG/right_2026_08_31_13_15_59_402.jpg,0,1,0,8.089849
/Users/martin/smart-technologies-ca2/data_recovery/IMG/center_2026_08_31_13_15_59_472.jpg,/Users/martin/smart-technologies-ca2/data_recovery/IMG/left_2026_08_31_13_15_59_472.jpg,/Users/martin/smart-technologies-ca2/data_recovery/IMG/right_2026_08_31_13_15_59_472.jpg,0,1,0,8.766809
/Users/martin/smart-technologies-ca2/data_recovery/IMG/center_2026_08_31_13_15_59_539.jpg,/Users/martin/smart-technologies-ca2/data_recovery/IMG/left_2026_08_31_13_15_59_539.jpg,/Users/martin/smart-technologies-ca2/data_recovery/IMG/right_2026_08_31_13_15_59_539.jpg,0,1,0,9.663243
/Users/martin/smart-technologies-ca2/data_recovery/IMG/center_2026_08_31_13_15_59_609.jpg,/Users/martin/smart-technologies-ca2/data_recovery/IMG/left_2026_08_31_13_15_59_609.jpg,/Users/martin/smart-technologies-ca2/data_recovery/IMG/right_2026_08_31_13_15_59_609.jpg,0,1,0,10.33095
/Users/martin/smart-technologies-ca2/data_recovery/IMG/center_2026_08_31_13_15_59_679.jpg,/Users/martin/smart-technologies-ca2/data_recovery/IMG/left_2026_08_31_13_15_59_679.jpg,/Users/martin/smart-technologies-ca2/data_recovery/IMG/right_2026_08_31_13_15_59_679.jpg,0,1,0,11.21506
/Users/martin/smart-technologies-ca2/data_recovery/IMG/center_2026_08_31_13_15_59_745.jpg,/Users/martin/smart-technologies-ca2/data_recovery/IMG/left_2026_08_31_13_15_59_745.jpg,/Users/martin/smart-technologies-ca2/data_recovery/IMG/right_2026_08_31_13_15_59_745.jpg,0,1,0,12.00208
/Users/martin/smart-technologies-ca2/data_recovery/IMG/center_2026_08_31_13_15_59_813.jpg,/Users/martin/smart-technologies-ca2/data_recovery/IMG/left_2026_08_31_13_15_59_813.jpg,/Users/martin/smart-technologies-ca2/data_recovery/IMG/right_2026_08_31_13_15_59_813.jpg,0,1,0,12.5075
/Users/martin/smart-technologies-ca2/data_recovery/IMG/center_2026_08_31_13_15_59_883.jpg,/Users/martin/smart-technologies-ca2/data_recovery/IMG/left_2026_08_31_13_15_59_883.jpg,/Users/martin/smart-technologies-ca2/data_recovery/IMG/right_2026_08_31_13_15_59_883.jpg,0,1,0,13.33627
/Users/martin/smart-technologies-ca2/data_recovery/IMG/center_2026_08_31_13_15_59_952.jpg,/Users/martin/smart-technologies-ca2/data_recovery/IMG/left_2026_08_31_13_15_59_952.jpg,/Users/martin/smart-technologies-ca2/data_recovery/IMG/right_2026_08_31_13_15_59_952.jpg,0,1,0,14.17967
/Users/martin/smart-technologies-ca2/data_recovery/IMG/center_2026_08_31_13_16_00_022.jpg,/Users/martin/smart-technologies-ca2/data_recovery/IMG/left_2026_08_31_13_16_00_022.jpg,/Users/martin/smart-technologies-ca2/data_recovery/IMG/right_2026_08_31_13_16_00_022.jpg,0,1,0,15.00386
/Users/martin/smart-technologies-ca2/data_recovery/IMG/center_2026_08_31_13_16_00_092.jpg,/Users/martin/smart-technologies-ca2/data_recovery/IMG/left_2026_08_31_13_16_00_092.jpg,/Users/martin/smart-technologies-ca2/data_recovery/IMG/right_2026_08_31_13_16_00_092.jpg,0,1,0,15.36784
/Users/martin/smart-technologies-ca2/data_recovery/IMG/center_2026_08_31_13_16_00_162.jpg,/Users/martin/smart-technologies-ca2/data_recovery/IMG/left_2026_08_31_13_16_00_162.jpg,/Users/martin/smart-technologies-ca2/data_recovery/IMG/right_2026_08_31_13_16_00_162.jpg,0,1,0,16.23502
/Users/martin/smart-technologies-ca2/data_recovery/IMG/center_2026_08_31_13_16_00_229.jpg,/Users/martin/smart-technologies-ca2/data_recovery/IMG/left_2026_08_31_13_16_00_229.jpg,/Users/martin/smart-technologies-ca2/data_recovery/IMG/right_2026_08_31_13_16_00_229.jpg,0,1,0,17.10913
/Users/martin/smart-technologies-ca2/data_recovery/IMG/center_2026_08_31_13_16_00_298.jpg,/Users/martin/smart-technologies-ca2/data_recovery/IMG/left_2026_08_31_13_16_00_298.jpg,/Users/martin/smart-technologies-ca2/data_recovery/IMG/right_2026_08_31_13_16_00_298.jpg,0,1,0,17.92898
/Users/martin/smart-technologies-ca2/data_recovery/IMG/center_2026_08_31_13_16_00_368.jpg,/Users/martin/smart-technologies-ca2/data_recovery/IMG/left_2026_08_31_13_16_00_368.jpg,/Users/martin/smart-technologies-ca2/data_recovery/IMG/right_2026_08_31_13_16_00_368.jpg,0,1,0,18.3694
/Users/martin/smart-technologies-ca2/data_recovery/IMG/center_2026_08_31_13_16_00_435.jpg,/Users/martin/smart-technologies-ca2/data_recovery/IMG/left_2026_08_31_13_16_00_435.jpg,/Users/martin/smart-technologies-ca2/data_recovery/IMG/right_2026_08_31_13_16_00_435.jpg,0,1,0,19.14454
/Users/martin/smart-technologies-ca2/data_recovery/IMG/center_2026_08_31_13_16_00_505.jpg,/Users/martin/smart-technologies-ca2/data_recovery/IMG/left_2026_08_31_13_16_00_505.jpg,/Users/martin/smart-technologies-ca2/data_recovery/IMG/right_2026_08_31_13_16_00_505.jpg,0,1,0,19.94686
/Users/martin/smart-technologies-ca2/data_recovery/IMG/center_2026_08_31_13_16_00_575.jpg,/Users/martin/smart-technologies-ca2/data_recovery/IMG/left_2026_08_31_13_16_00_575.jpg,/Users/martin/smart-technologies-ca2/data_recovery/IMG/right_2026_08_31_13_16_00_575.jpg,0,1,0,20.4479
/Users/martin/smart-technologies-ca2/data_recovery/IMG/center_2026_08_31_13_16_00_644.jpg,/Users/martin/smart-technologies-ca2/data_recovery/IMG/left_2026_08_31_13_16_00_644.jpg,/Users/martin/smart-technologies-ca2/data_recovery/IMG/right_2026_08_31_13_16_00_644.jpg,0,1,0,21.26625
/Users/martin/smart-technologies-ca2/data_recovery/IMG/center_2026_08_31_13_16_00_712.jpg,/Users/martin/smart-technologies-ca2/data_recovery/IMG/left_2026_08_31_13_16_00_712.jpg,/Users/martin/smart-technologies-ca2/data_recovery/IMG/right_2026_08_31_13_16_00_712.jpg,0,1,0,21.92328
/Users/martin/smart-technologies-ca2/data_recovery/IMG/center_2026_08_31_13_16_00_779.jpg,/Users/martin/smart-technologies-ca2/data_recovery/IMG/left_2026_08_31_13_16_00_779.jpg,/Users/martin/smart-technologies-ca2/data_recovery/IMG/right_2026_08_31_13_16_00_779.jpg,0,1,0,22.70399
/Users/martin/smart-technologies-ca2/data_recovery/IMG/center_2026_08_31_13_16_00_846.jpg,/Users/martin/smart-technologies-ca2/data_recovery/IMG/left_2026_08_31_13_16_00_846.jpg,/Users/martin/smart-technologies-ca2/data_recovery/IMG/right_2026_08_31_13_16_00_846.jpg,0,1,0,23.27344
/Users/martin/smart-technologies-ca2/data_recovery/IMG/center_2026_08_31_13_16_00_916.jpg,/Users/martin/smart-technologies-ca2/data_recovery/IMG/left_2026_08_31_13_16_00_916.jpg,/Users/martin/smart-technologies-ca2/data_recovery/IMG/right_2026_08_31_13_16_00_916.jpg,0,1,0,23.86948
/Users/martin/smart-technologies-ca2/data_recovery/IMG/center_2026_08_31_13_16_00_986.jpg,/Users/martin/smart-technologies-ca2/data_recovery/IMG/left_2026_08_31_13_16_00_986.jpg,/Users/martin/smart-technologies-ca2/data_recovery/IMG/right_2026_08_31_13_16_00_986.jpg,0,1,0,24.64256
/Users/martin/smart-technologies-ca2/data_recovery/IMG/center_2026_08_31_13_16_01_054.jpg,/Users/martin/smart-technologies-ca2/data_recovery/IMG/left_2026_08_31_13_16_01_054.jpg,/Users/martin/smart-technologies-ca2/data_recovery/IMG/right_2026_08_31_13_16_01_054.jpg,-0.05,1,0,25.2182
/Users/martin/smart-technologies-ca2/data_recovery/IMG/center_2026_08_31_13_16_01_121.jpg,/Users/martin/smart-technologies-ca2/data_recovery/IMG/left_2026_08_31_13_16_01_121.jpg,/Users/martin/smart-technologies-ca2/data_recovery/IMG/right_2026_08_31_13_16_01_121.jpg,-0.25,1,0,25.95151
/Users/martin/smart-technologies-ca2/data_recovery/IMG/center_2026_08_31_13_16_01_189.jpg,/Users/martin/smart-technologies-ca2/data_recovery/IMG/left_2026_08_31_13_16_01_189.jpg,/Users/martin/smart-technologies-ca2/data_recovery/IMG/right_2026_08_31_13_16_01_189.jpg,0,1,0,26.49814
/Users/martin/smart-technologies-ca2/data_recovery/IMG/center_2026_08_31_13_16_01_259.jpg,/Users/martin/smart-technologies-ca2/data_recovery/IMG/left_2026_08_31_13_16_01_259.jpg,/Users/martin/smart-technologies-ca2/data_recovery/IMG/right_2026_08_31_13_16_01_259.jpg,0,1,0,27.24919
/Users/martin/smart-technologies-ca2/data_recovery/IMG/center_2026_08_31_13_16_01_328.jpg,/Users/martin/smart-technologies-ca2/data_recovery/IMG/left_2026_08_31_13_16_01_328.jpg,/Users/martin/smart-technologies-ca2/data_recovery/IMG/right_2026_08_31_13_16_01_328.jpg,0,1,0,27.81037
/Users/martin/smart-technologies-ca2/data_recovery/IMG/center_2026_08_31_13_16_01_395.jpg,/Users/martin/smart-technologies-ca2/data_recovery/IMG/left_2026_08_31_13_16_01_395.jpg,/Users/martin/smart-technologies-ca2/data_recovery/IMG/right_2026_08_31_13_16_01_395.jpg,0,1,0,28.36844
/Users/martin/smart-technologies-ca2/data_recovery/IMG/center_2026_08_31_13_16_01_462.jpg,/Users/martin/smart-technologies-ca2/data_recovery/IMG/left_2026_08_31_13_16_01_462.jpg,/Users/martin/smart-technologies-ca2/data_recovery/IMG/right_2026_08_31_13_16_01_462.jpg,0,1,0,29.10749
/Users/martin/smart-technologies-ca2/data_recovery/IMG/center_2026_08_31_13_16_01_531.jpg,/Users/martin/smart-technologies-ca2/data_recovery/IMG/left_2026_08_31_13_16_01_531.jpg,/Users/martin/smart-technologies-ca2/data_recovery/IMG/right_2026_08_31_13_16_01_531.jpg,0,1,0,29.65791
/Users/martin/smart-technologies-ca2/data_recovery/IMG/center_2026_08_31_13_16_01_599.jpg,/Users/martin/smart-technologies-ca2/data_recovery/IMG/left_2026_08_31_13_16_01_599.jpg,/Users/martin/smart-technologies-ca2/data_recovery/IMG/right_2026_08_31_13_16_01_599.jpg,0,1,0,30.19211
/Users/martin/smart-technologies-ca2/data_recovery/IMG/center_2026_08_31_13_16_01_667.jpg,/Users/martin/smart-technologies-ca2/data_recovery/IMG/left_2026_08_31_13_16_01_667.jpg,/Users/martin/smart-technologies-ca2/data_recovery/IMG/right_2026_08_31_13_16_01_667.jpg,0,1,0,30.19022
/Users/martin/smart-technologies-ca2/data_recovery/IMG/center_2026_08_31_13_16_01_737.jpg,/Users/martin/smart-technologies-ca2/data_recovery/IMG/left_2026_08_31_13_16_01_737.jpg,/Users/martin/smart-technologies-ca2/data_recovery/IMG/right_2026_08_31_13_16_01_737.jpg,0,1,0,30.1903
/Users/martin/smart-technologies-ca2/data_recovery/IMG/center_2026_08_31_13_16_01_804.jpg,/Users/martin/smart-technologies-ca2/data_recovery/IMG/left_2026_08_31_13_16_01_804.jpg,/Users/martin/smart-technologies-ca2/data_recovery/IMG/right_2026_08_31_13_16_01_804.jpg,0,1,0,30.19027
/Users/martin/smart-technologies-ca2/data_recovery/IMG/center_2026_08_31_13_16_01_871.jpg,/Users/martin/smart-technologies-ca2/data_recovery/IMG/left_2026_08_31_13_16_01_871.jpg,/Users/martin/smart-technologies-ca2/data_recovery/IMG/right_2026_08_31_13_16_01_871.jpg,0,1,0,30.19034
/Users/martin/smart-technologies-ca2/data_recovery/IMG/center_2026_08_31_13_16_01_939.jpg,/Users/martin/smart-technologies-ca2/data_recovery/IMG/left_2026_08_31_13_16_01_939.jpg,/Users/martin/smart-technologies-ca2/data_recovery/IMG/right_2026_08_31_13_16_01_939.jpg,0,1,0,30.19031
/Users/martin/smart-technologies-ca2/data_recovery/IMG/center_2026_08_31_13_16_02_005.jpg,/Users/martin/smart-technologies-ca2/data_recovery/IMG/left_2026_08_31_13_16_02_005.jpg,/Users/martin/smart-technologies-ca2/data_recovery/IMG/right_2026_08_31_13_16_02_005.jpg,0,1,0,30.1903
/Users/martin/smart-technologies-ca2/data_recovery/IMG/center_2026_08_31_13_16_02_074.jpg,/Users/martin/smart-technologies-ca2/data_recovery/IMG/left_2026_08_31_13_16_02_074.jpg,/Users/martin/smart-technologies-ca2/data_recovery/IMG/right_2026_08_31_13_16_02_074.jpg,0,1,0,30.19031
/Users/martin/smart-technologies-ca2/data_recovery/IMG/center_2026_08_31_13_16_02_141.jpg,/Users/martin/smart-technologies-ca2/data_recovery/IMG/left_2026_08_31_13_16_02_141.jpg,/Users/martin/smart-technologies-ca2/data_recovery/IMG/right_2026_08_31_13_16_02_141.jpg,0,1,0,30.19028
/Users/martin/smart-technologies-ca2/data_recovery/IMG/center_2026_08_31_13_16_02_212.jpg,/Users/martin/smart-technologies-ca2/data_recovery/IMG/left_2026_08_31_13_16_02_212.jpg,/Users/martin/smart-technologies-ca2/data_recovery/IMG/right_2026_08_31_13_16_02_212.jpg,0,1,0,30.1903
/Users/martin/smart-technologies-ca2/data_recovery/IMG/center_2026_08_31_13_16_02_279.jpg,/Users/martin/smart-technologies-ca2/data_recovery/IMG/left_2026_08_31_13_16_02_279.jpg,/Users/martin/smart-technologies-ca2/data_recovery/IMG/right_2026_08_31_13_16_02_279.jpg,-0.15,1,0,30.18422
/Users/martin/smart-technologies-ca2/data_recovery/IMG/center_2026_08_31_13_16_02_347.jpg,/Users/martin/smart-technologies-ca2/data_recovery/IMG/left_2026_08_31_13_16_02_347.jpg,/Users/martin/smart-technologies-ca2/data_recovery/IMG/right_2026_08_31_13_16_02_347.jpg,-0.3,1,0,30.1693
/Users/martin/smart-technologies-ca2/data_recovery/IMG/center_2026_08_31_13_16_02_415.jpg,/Users/martin/smart-technologies-ca2/data_recovery/IMG/left_2026_08_31_13_16_02_415.jpg,/Users/martin/smart-technologies-ca2/data_recovery/IMG/right_2026_08_31_13_16_02_415.jpg,0,1,0,30.18116
/Users/martin/smart-technologies-ca2/data_recovery/IMG/center_2026_08_31_13_16_02_485.jpg,/Users/martin/smart-technologies-ca2/data_recovery/IMG/left_2026_08_31_13_16_02_485.jpg,/Users/martin/smart-technologies-ca2/data_recovery/IMG/right_2026_08_31_13_16_02_485.jpg,0,1,0,30.18899
/Users/martin/smart-technologies-ca2/data_recovery/IMG/center_2026_08_31_13_16_02_552.jpg,/Users/martin/smart-technologies-ca2/data_recovery/IMG/left_2026_08_31_13_16_02_552.jpg,/Users/martin/smart-technologies-ca2/data_recovery/IMG/right_2026_08_31_13_16_02_552.jpg,0,1,0,30.18993
/Users/martin/smart-technologies-ca2/data_recovery/IMG/center_2026_08_31_13_16_02_621.jpg,/Users/martin/smart-technologies-ca2/data_recovery/IMG/left_2026_08_31_13_16_02_621.jpg,/Users/martin/smart-technologies-ca2/data_recovery/IMG/right_2026_08_31_13_16_02_621.jpg,0,1,0,30.19027
/Users/martin/smart-technologies-ca2/data_recovery/IMG/center_2026_08_31_13_16_02_689.jpg,/Users/martin/smart-technologies-ca2/data_recovery/IMG/left_2026_08_31_13_16_02_689.jpg,/Users/martin/smart-technologies-ca2/data_recovery/IMG/right_2026_08_31_13_16_02_689.jpg,0,1,0,30.19025
/Users/martin/smart-technologies-ca2/data_recovery/IMG/center_2026_08_31_13_16_02_756.jpg,/Users/martin/smart-technologies-ca2/data_recovery/IMG/left_2026_08_31_13_16_02_756.jpg,/Users/martin/smart-technologies-ca2/data_recovery/IMG/right_2026_08_31_13_16_02_756.jpg,-0.05,1,0,30.18985
/Users/martin/smart-technologies-ca2/data_recovery/IMG/center_2026_08_31_13_16_02_823.jpg,/Users/martin/smart-technologies-ca2/data_recovery/IMG/left_2026_08_31_13_16_02_823.jpg,/Users/martin/smart-technologies-ca2/data_recovery/IMG/right_2026_08_31_13_16_02_823.jpg,-0.25,1,0,30.17542
/Users/martin/smart-technologies-ca2/data_recovery/IMG/center_2026_08_31_13_16_02_892.jpg,/Users/martin/smart-technologies-ca2/data_recovery/IMG/left_2026_08_31_13_16_02_892.jpg,/Users/martin/smart-technologies-ca2/data_recovery/IMG/right_2026_08_31_13_16_02_892.jpg,0,1,0,30.18939
/Users/martin/smart-technologies-ca2/data_recovery/IMG/center_2026_08_31_13_16_02_959.jpg,/Users/martin/smart-technologies-ca2/data_recovery/IMG/left_2026_08_31_13_16_02_959.jpg,/Users/martin/smart-technologies-ca2/data_recovery/IMG/right_2026_08_31_13_16_02_959.jpg,0,1,0,30.19021
/Users/martin/smart-technologies-ca2/data_recovery/IMG/center_2026_08_31_13_16_03_026.jpg,/Users/martin/smart-technologies-ca2/data_recovery/IMG/left_2026_08_31_13_16_03_026.jpg,/Users/martin/smart-technologies-ca2/data_recovery/IMG/right_2026_08_31_13_16_03_026.jpg,0,1,0,30.19027
/Users/martin/smart-technologies-ca2/data_recovery/IMG/center_2026_08_31_13_16_03_095.jpg,/Users/martin/smart-technologies-ca2/data_recovery/IMG/left_2026_08_31_13_16_03_095.jpg,/Users/martin/smart-technologies-ca2/data_recovery/IMG/right_2026_08_31_13_16_03_095.jpg,0,1,0,30.19025
/Users/martin/smart-technologies-ca2/data_recovery/IMG/center_2026_08_31_13_16_03_164.jpg,/Users/martin/smart-technologies-ca2/data_recovery/IMG/left_2026_08_31_13_16_03_164.jpg,/Users/martin/smart-technologies-ca2/data_recovery/IMG/right_2026_08_31_13_16_03_164.jpg,0,1,0,30.19034
/Users/martin/smart-technologies-ca2/data_recovery/IMG/center_2026_08_31_13_16_03_231.jpg,/Users/martin/smart-technologies-ca2/data_recovery/IMG/left_2026_08_31_13_16_03_231.jpg,/Users/martin/smart-technologies-ca2/data_recovery/IMG/right_2026_08_31_13_16_03_231.jpg,0,1,0,30.19029
/Users/martin/smart-technologies-ca2/data_recovery/IMG/center_2026_08_31_13_16_03_300.jpg,/Users/martin/smart-technologies-ca2/data_recovery/IMG/left_2026_08_31_13_16_03_300.jpg,/Users/martin/smart-technologies-ca2/data_recovery/IMG/right_2026_08_31_13_16_03_300.jpg,0,1,0,30.1903
/Users/martin/smart-technologies-ca2/data_recovery/IMG/center_2026_08_31_13_16_03_368.jpg,/Users/martin/smart-technologies-ca2/data_recovery/IMG/left_2026_08_31_13_16_03_368.jpg,/Users/martin/smart-technologies-ca2/data_recovery/IMG/right_2026_08_31_13_16_03_368.jpg,0,1,0,30.19032
/Users/martin/smart-technologies-ca2/data_recovery/IMG/center_2026_08_31_13_16_03_437.jpg,/Users/martin/smart-technologies-ca2/data_recovery/IMG/left_2026_08_31_13_16_03_437.jpg,/Users/martin/smart-technologies-ca2/data_recovery/IMG/right_2026_08_31_13_16_03_437.jpg,-0.1,1,0,30.18747
/Users/martin/smart-technologies-ca2/data_recovery/IMG/center_2026_08_31_13_16_03_506.jpg,/Users/martin/smart-technologies-ca2/data_recovery/IMG/left_2026_08_31_13_16_03_506.jpg,/Users/martin/smart-technologies-ca2/data_recovery/IMG/right_2026_08_31_13_16_03_506.jpg,-0.3,1,0,30.16927
/Users/martin/smart-technologies-ca2/data_recovery/IMG/center_2026_08_31_13_16_03_576.jpg,/Users/martin/smart-technologies-ca2/data_recovery/IMG/left_2026_08_31_13_16_03_576.jpg,/Users/martin/smart-technologies-ca2/data_recovery/IMG/right_2026_08_31_13_16_03_576.jpg,0,1,0,30.19009
/Users/martin/smart-technologies-ca2/data_recovery/IMG/center_2026_08_31_13_16_03_644.jpg,/Users/martin/smart-technologies-ca2/data_recovery/IMG/left_2026_08_31_13_16_03_644.jpg,/Users/martin/smart-technologies-ca2/data_recovery/IMG/right_2026_08_31_13_16_03_644.jpg,0,1,0,30.1898
/Users/martin/smart-technologies-ca2/data_recovery/IMG/center_2026_08_31_13_16_03_711.jpg,/Users/martin/smart-technologies-ca2/data_recovery/IMG/left_2026_08_31_13_16_03_711.jpg,/Users/martin/smart-technologies-ca2/data_recovery/IMG/right_2026_08_31_13_16_03_711.jpg,0,1,0,30.19013
/Users/martin/smart-technologies-ca2/data_recovery/IMG/center_2026_08_31_13_16_03_778.jpg,/Users/martin/smart-technologies-ca2/data_recovery/IMG/left_2026_08_31_13_16_03_778.jpg,/Users/martin/smart-technologies-ca2/data_recovery/IMG/right_2026_08_31_13_16_03_778.jpg,0,1,0,30.19028
/Users/martin/smart-technologies-ca2/data_recovery/IMG/center_2026_08_31_13_16_03_845.jpg,/Users/martin/smart-technologies-ca2/data_recovery/IMG/left_2026_08_31_13_16_03_845.jpg,/Users/martin/smart-technologies-ca2/data_recovery/IMG/right_2026_08_31_13_16_03_845.jpg,0,1,0,30.19027
/Users/martin/smart-technologies-ca2/data_recovery/IMG/center_2026_08_31_13_16_03_914.jpg,/Users/martin/smart-technologies-ca2/data_recovery/IMG/left_2026_08_31_13_16_03_914.jpg,/Users/martin/smart-technologies-ca2/data_recovery/IMG/right_2026_08_31_13_16_03_914.jpg,0,1,0,30.19026
/Users/martin/smart-technologies-ca2/data_recovery/IMG/center_2026_08_31_13_16_03_982.jpg,/Users/martin/smart-technologies-ca2/data_recovery/IMG/left_2026_08_31_13_16_03_982.jpg,/Users/martin/smart-technologies-ca2/data_recovery/IMG/right_2026_08_31_13_16_03_982.jpg,0,1,0,30.19034
/Users/martin/smart-technologies-ca2/data_recovery/IMG/center_2026_08_31_13_16_04_049.jpg,/Users/martin/smart-technologies-ca2/data_recovery/IMG/left_2026_08_31_13_16_04_049.jpg,/Users/martin/smart-technologies-ca2/data_recovery/IMG/right_2026_08_31_13_16_04_049.jpg,0,1,0,30.19034
/Users/martin/smart-technologies-ca2/data_recovery/IMG/center_2026_08_31_13_16_04_117.jpg,/Users/martin/smart-technologies-ca2/data_recovery/IMG/left_2026_08_31_13_16_04_117.jpg,/Users/martin/smart-technologies-ca2/data_recovery/IMG/right_2026_08_31_13_16_04_117.jpg,0,1,0,30.19034
/Users/martin/smart-technologies-ca2/data_recovery/IMG/center_2026_08_31_13_16_04_186.jpg,/Users/martin/smart-technologies-ca2/data_recovery/IMG/left_2026_08_31_13_16_04_186.jpg,/Users/martin/smart-technologies-ca2/data_recovery/IMG/right_2026_08_31_13_16_04_186.jpg,0,1,0,30.19036
/Users/martin/smart-technologies-ca2/data_recovery/IMG/center_2026_08_31_13_16_04_254.jpg,/Users/martin/smart-technologies-ca2/data_recovery/IMG/left_2026_08_31_13_16_04_254.jpg,/Users/martin/smart-technologies-ca2/data_recovery/IMG/right_2026_08_31_13_16_04_254.jpg,0,1,0,30.19032
/Users/martin/smart-technologies-ca2/data_recovery/IMG/center_2026_08_31_13_16_04_321.jpg,/Users/martin/smart-technologies-ca2/data_recovery/IMG/left_2026_08_31_13_16_04_321.jpg,/Users/martin/smart-technologies-ca2/data_recovery/IMG/right_2026_08_31_13_16_04_321.jpg,0,1,0,30.19032
/Users/martin/smart-technologies-ca2/data_recovery/IMG/center_2026_08_31_13_16_04_390.jpg,/Users/martin/smart-technologies-ca2/data_recovery/IMG/left_2026_08_31_13_16_04_390.jpg,/Users/martin/smart-technologies-ca2/data_recovery/IMG/right_2026_08_31_13_16_04_390.jpg,0,1,0,30.19028
/Users/martin/smart-technologies-ca2/data_recovery/IMG/center_2026_08_31_13_16_04_459.jpg,/Users/martin/smart-technologies-ca2/data_recovery/IMG/left_2026_08_31_13_16_04_459.jpg,/Users/martin/smart-technologies-ca2/data_recovery/IMG/right_2026_08_31_13_16_04_459.jpg,-0.2,1,0,30.17967
/Users/martin/smart-technologies-ca2/data_recovery/IMG/center_2026_08_31_13_16_04_528.jpg,/Users/martin/smart-technologies-ca2/data_recovery/IMG/left_2026_08_31_13_16_04_528.jpg,/Users/martin/smart-technologies-ca2/data_recovery/IMG/right_2026_08_31_13_16_04_528.jpg,-0.35,1,0,30.16346
/Users/martin/smart-technologies-ca2/data_recovery/IMG/center_2026_08_31_13_16_04_597.jpg,/Users/martin/smart-technologies-ca2/data_recovery/IMG/left_2026_08_31_13_16_04_597.jpg,/Users/martin/smart-technologies-ca2/data_recovery/IMG/right_2026_08_31_13_16_04_597.jpg,0,1,0,30.18904
/Users/martin/smart-technologies-ca2/data_recovery/IMG/center_2026_08_31_13_16_04_664.jpg,/Users/martin/smart-technologies-ca2/data_recovery/IMG/left_2026_08_31_13_16_04_664.jpg,/Users/martin/smart-technologies-ca2/data_recovery/IMG/right_2026_08_31_13_16_04_664.jpg,0,1,0,30.19
/Users/martin/smart-technologies-ca2/data_recovery/IMG/center_2026_08_31_13_16_04_731.jpg,/Users/martin/smart-technologies-ca2/data_recovery/IMG/left_2026_08_31_13_16_04_731.jpg,/Users/martin/smart-technologies-ca2/data_recovery/IMG/right_2026_08_31_13_16_04_731.jpg,0,1,0,30.19006
/Users/martin/smart-technologies-ca2/data_recovery/IMG/center_2026_08_31_13_16_04_798.jpg,/Users/martin/smart-technologies-ca2/data_recovery/IMG/left_2026_08_31_13_16_04_798.jpg,/Users/martin/smart-technologies-ca2/data_recovery/IMG/right_2026_08_31_13_16_04_798.jpg,0,1,0,30.19027
/Users/martin/smart-technologies-ca2/data_recovery/IMG/center_2026_08_31_13_16_04_865.jpg,/Users/martin/smart-technologies-ca2/data_recovery/IMG/left_2026_08_31_13_16_04_865.jpg,/Users/martin/smart-technologies-ca2/data_recovery/IMG/right_2026_08_31_13_16_04_865.jpg,0,1,0,30.19029
/Users/martin/smart-technologies-ca2/data_recovery/IMG/center_2026_08_31_13_16_04_934.jpg,/Users/martin/smart-technologies-ca2/data_recovery/IMG/left_2026_08_31_13_16_04_934.jpg,/Users/martin/smart-technologies-ca2/data_recovery/IMG/right_2026_08_31_13_16_04_934.jpg,0,1,0,30.19031
/Users/martin/smart-technologies-ca2/data_recovery/IMG/center_2026_08_31_13_16_05_003.jpg,/Users/martin/smart-technologies-ca2/data_recovery/IMG/left_2026_08_31_13_16_05_003.jpg,/Users/martin/smart-technologies-ca2/data_recovery/IMG/right_2026_08_31_13_16_05_003.jpg,0,1,0,30.1903
/Users/martin/smart-technologies-ca2/data_recovery/IMG/center_2026_08_31_13_16_05_070.jpg,/Users/martin/smart-technologies-ca2/data_recovery/IMG/left_2026_08_31_13_16_05_070.jpg,/Users/martin/smart-technologies-ca2/data_recovery/IMG/right_2026_08_31_13_16_05_070.jpg,0,1,0,30.19032
/Users/martin/smart-technologies-ca2/data_recovery/IMG/center_2026_08_31_13_16_05_137.jpg,/Users/martin/smart-technologies-ca2/data_recovery/IMG/left_2026_08_31_13_16_05_137.jpg,/Users/martin/smart-technologies-ca2/data_recovery/IMG/right_2026_08_31_13_16_05_137.jpg,-0.1,1,0,30.18773
/Users/martin/smart-technologies-ca2/data_recovery/IMG/center_2026_08_31_13_16_05_204.jpg,/Users/martin/smart-technologies-ca2/data_recovery/IMG/left_2026_08_31_13_16_05_204.jpg,/Users/martin/smart-technologies-ca2/data_recovery/IMG/right_2026_08_31_13_16_05_204.jpg,-0.3,1,0,30.16931
/Users/martin/smart-technologies-ca2/data_recovery/IMG/center_2026_08_31_13_16_05_273.jpg,/Users/martin/smart-technologies-ca2/data_recovery/IMG/left_2026_08_31_13_16_05_273.jpg,/Users/martin/smart-technologies-ca2/data_recovery/IMG/right_2026_08_31_13_16_05_273.jpg,0,1,0,30.18888
/Users/martin/smart-technologies-ca2/data_recovery/IMG/center_2026_08_31_13_16_05_340.jpg,/Users/martin/smart-technologies-ca2/data_recovery/IMG/left_2026_08_31_13_16_05_340.jpg,/Users/martin/smart-technologies-ca2/data_recovery/IMG/right_2026_08_31_13_16_05_340.jpg,0,1,0,30.19011
/Users/martin/smart-technologies-ca2/data_recovery/IMG/center_2026_08_31_13_16_05_412.jpg,/Users/martin/smart-technologies-ca2/data_recovery/IMG/left_2026_08_31_13_16_05_412.jpg,/Users/martin/smart-technologies-ca2/data_recovery/IMG/right_2026_08_31_13_16_05_412.jpg,0,1,0,30.18993
/Users/martin/smart-technologies-ca2/data_recovery/IMG/center_2026_08_31_13_16_05_479.jpg,/Users/martin/smart-technologies-ca2/data_recovery/IMG/left_2026_08_31_13_16_05_479.jpg,/Users/martin/smart-technologies-ca2/data_recovery/IMG/right_2026_08_31_13_16_05_479.jpg,0,1,0,30.19026
/Users/martin/smart-technologies-ca2/data_recovery/IMG/center_2026_08_31_13_16_05_547.jpg,/Users/martin/smart-technologies-ca2/data_recovery/IMG/left_2026_08_31_13_16_05_547.jpg,/Users/martin/smart-technologies-ca2/data_recovery/IMG/right_2026_08_31_13_16_05_547.jpg,0,1,0,30.19032
/Users/martin/smart-technologies-ca2/data_recovery/IMG/center_2026_08_31_13_16_05_614.jpg,/Users/martin/smart-technologies-ca2/data_recovery/IMG/left_2026_08_31_13_16_05_614.jpg,/Users/martin/smart-technologies-ca2/data_recovery/IMG/right_2026_08_31_13_16_05_614.jpg,0,1,0,30.19017
/Users/martin/smart-technologies-ca2/data_recovery/IMG/center_2026_08_31_13_16_05_681.jpg,/Users/martin/smart-technologies-ca2/data_recovery/IMG/left_2026_08_31_13_16_05_681.jpg,/Users/martin/smart-technologies-ca2/data_recovery/IMG/right_2026_08_31_13_16_05_681.jpg,-0.05,1,0,30.18975
/Users/martin/smart-technologies-ca2/data_recovery/IMG/center_2026_08_31_13_16_05_750.jpg,/Users/martin/smart-technologies-ca2/data_recovery/IMG/left_2026_08_31_13_16_05_750.jpg,/Users/martin/smart-technologies-ca2/data_recovery/IMG/right_2026_08_31_13_16_05_750.jpg,-0.2,1,0,30.17997
/Users/martin/smart-technologies-ca2/data_recovery/IMG/center_2026_08_31_13_16_05_817.jpg,/Users/martin/smart-technologies-ca2/data_recovery/IMG/left_2026_08_31_13_16_05_817.jpg,/Users/martin/smart-technologies-ca2/data_recovery/IMG/right_2026_08_31_13_16_05_817.jpg,-0.35,1,0,30.16356
/Users/martin/smart-technologies-ca2/data_recovery/IMG/center_2026_08_31_13_16_05_884.jpg,/Users/martin/smart-technologies-ca2/data_recovery/IMG/left_2026_08_31_13_16_05_884.jpg,/Users/martin/smart-technologies-ca2/data_recovery/IMG/right_2026_08_31_13_16_05_884.jpg,0,1,0,30.18954
/Users/martin/smart-technologies-ca2/data_recovery/IMG/center_2026_08_31_13_16_05_951.jpg,/Users/martin/smart-technologies-ca2/data_recovery/IMG/left_2026_08_31_13_16_05_951.jpg,/Users/martin/smart-technologies-ca2/data_recovery/IMG/right_2026_08_31_13_16_05_951.jpg,0,1,0,30.19005
/Users/martin/smart-technologies-ca2/data_recovery/IMG/center_2026_08_31_13_16_06_021.jpg,/Users/martin/smart-technologies-ca2/data_recovery/IMG/left_2026_08_31_13_16_06_021.jpg,/Users/martin/smart-technologies-ca2/data_recovery/IMG/right_2026_08_31_13_16_06_021.jpg,0,1,0,30.19025
/Users/martin/smart-technologies-ca2/data_recovery/IMG/center_2026_08_31_13_16_06_088.jpg,/Users/martin/smart-technologies-ca2/data_recovery/IMG/left_2026_08_31_13_16_06_088.jpg,/Users/martin/smart-technologies-ca2/data_recovery/IMG/right_2026_08_31_13_16_06_088.jpg,0,1,0,30.19028
/Users/martin/smart-technologies-ca2/data_recovery/IMG/center_2026_08_31_13_16_06_156.jpg,/Users/martin/smart-technologies-ca2/data_recovery/IMG/left_2026_08_31_13_16_06_156.jpg,/Users/martin/smart-technologies-ca2/data_recovery/IMG/right_2026_08_31_13_16_06_156.jpg,0,1,0,30.19029
/Users/martin/smart-technologies-ca2/data_recovery/IMG/center_2026_08_31_13_16_06_223.jpg,/Users/martin/smart-technologies-ca2/data_recovery/IMG/left_2026_08_31_13_16_06_223.jpg,/Users/martin/smart-technologies-ca2/data_recovery/IMG/right_2026_08_31_13_16_06_223.jpg,0,1,0,30.19029
/Users/martin/smart-technologies-ca2/data_recovery/IMG/center_2026_08_31_13_16_06_291.jpg,/Users/martin/smart-technologies-ca2/data_recovery/IMG/left_2026_08_31_13_16_06_291.jpg,/Users/martin/smart-technologies-ca2/data_recovery/IMG/right_2026_08_31_13_16_06_291.jpg,-0.1,1,0,30.18781
/Users/martin/smart-technologies-ca2/data_recovery/IMG/center_2026_08_31_13_16_06_361.jpg,/Users/martin/smart-technologies-ca2/data_recovery/IMG/left_2026_08_31_13_16_06_361.jpg,/Users/martin/smart-technologies-ca2/data_recovery/IMG/right_2026_08_31_13_16_06_361.jpg,-0.3,1,0,30.16922
/Users/martin/smart-technologies-ca2/data_recovery/IMG/center_2026_08_31_13_16_06_428.jpg,/Users/martin/smart-technologies-ca2/data_recovery/IMG/left_2026_08_31_13_16_06_428.jpg,/Users/martin/smart-technologies-ca2/data_recovery/IMG/right_2026_08_31_13_16_06_428.jpg,-0.45,1,0,30.15156
/Users/martin/smart-technologies-ca2/data_recovery/IMG/center_2026_08_31_13_16_06_497.jpg,/Users/martin/smart-technologies-ca2/data_recovery/IMG/left_2026_08_31_13_16_06_497.jpg,/Users/martin/smart-technologies-ca2/data_recovery/IMG/right_2026_08_31_13_16_06_497.jpg,0,1,0,30.18655
/Users/martin/smart-technologies-ca2/data_recovery/IMG/center_2026_08_31_13_16_06_566.jpg,/Users/martin/smart-technologies-ca2/data_recovery/IMG/left_2026_08_31_13_16_06_566.jpg,/Users/martin/smart-technologies-ca2/data_recovery/IMG/right_2026_08_31_13_16_06_566.jpg,0,1,0,30.18963
/Users/martin/smart-technologies-ca2/data_recovery/IMG/center_2026_08_31_13_16_06_633.jpg,/Users/martin/smart-technologies-ca2/data_recovery/IMG/left_2026_08_31_13_16_06_633.jpg,/Users/martin/smart-technologies-ca2/data_recovery/IMG/right_2026_08_31_13_16_06_633.jpg,0,1,0,30.19013
/Users/martin/smart-technologies-ca2/data_recovery/IMG/center_2026_08_31_13_16_06_702.jpg,/Users/martin/smart-technologies-ca2/data_recovery/IMG/left_2026_08_31_13_16_06_702.jpg,/Users/martin/smart-technologies-ca2/data_recovery/IMG/right_2026_08_31_13_16_06_702.jpg,0,1,0,30.19027
/Users/martin/smart-technologies-ca2/data_recovery/IMG/center_2026_08_31_13_16_06_769.jpg,/Users/martin/smart-technologies-ca2/data_recovery/IMG/left_2026_08_31_13_16_06_769.jpg,/Users/martin/smart-technologies-ca2/data_recovery/IMG/right_2026_08_31_13_16_06_769.jpg,0,1,0,30.19032
/Users/martin/smart-technologies-ca2/data_recovery/IMG/center_2026_08_31_13_16_06_838.jpg,/Users/martin/smart-technologies-ca2/data_recovery/IMG/left_2026_08_31_13_16_06_838.jpg,/Users/martin/smart-technologies-ca2/data_recovery/IMG/right_2026_08_31_13_16_06_838.jpg,0,1,0,30.19029
/Users/martin/smart-technologies-ca2/data_recovery/IMG/center_2026_08_31_13_16_06_905.jpg,/Users/martin/smart-technologies-ca2/data_recovery/IMG/left_2026_08_31_13_16_06_905.jpg,/Users/martin/smart-technologies-ca2/data_recovery/IMG/right_2026_08_31_13_16_06_905.jpg,0,1,0,30.19031
/Users/martin/smart-technologies-ca2/data_recovery/IMG/center_2026_08_31_13_16_06_972.jpg,/Users/martin/smart-technologies-ca2/data_recovery/IMG/left_2026_08_31_13_16_06_972.jpg,/Users/martin/smart-technologies-ca2/data_recovery/IMG/right_2026_08_31_13_16_06_972.jpg,-0.05,1,0,30.18979
/Users/martin/smart-technologies-ca2/data_recovery/IMG/center_2026_08_31_13_16_07_040.jpg,/Users/martin/smart-technologies-ca2/data_recovery/IMG/left_2026_08_31_13_16_07_040.jpg,/Users/martin/smart-technologies-ca2/data_recovery/IMG/right_2026_08_31_13_16_07_040.jpg,-0.25,1,0,30.17486
/Users/martin/smart-technologies-ca2/data_recovery/IMG/center_2026_08_31_13_16_07_108.jpg,/Users/martin/smart-technologies-ca2/data_recovery/IMG/left_2026_08_31_13_16_07_108.jpg,/Users/martin/smart-technologies-ca2/data_recovery/IMG/right_2026_08_31_13_16_07_108.jpg,-0.4,1,0,30.1576
/Users/martin/smart-technologies-ca2/data_recovery/IMG/center_2026_08_31_13_16_07_177.jpg,/Users/martin/smart-technologies-ca2/data_recovery/IMG/left_2026_08_31_13_16_07_177.jpg,/Users/martin/smart-technologies-ca2/data_recovery/IMG/right_2026_08_31_13_16_07_177.jpg,-0.5500001,1,0,30.13906
/Users/martin/smart-technologies-ca2/data_recovery/IMG/center_2026_08_31_13_16_07_245.jpg,/Users/martin/smart-technologies-ca2/data_recovery/IMG/left_2026_08_31_13_16_07_245.jpg,/Users/martin/smart-technologies-ca2/data_recovery/IMG/right_2026_08_31_13_16_07_245.jpg,0,1,0,30.18266
/Users/martin/smart-technologies-ca2/data_recovery/IMG/center_2026_08_31_13_16_07_313.jpg,/Users/martin/smart-technologies-ca2/data_recovery/IMG/left_2026_08_31_13_16_07_313.jpg,/Users/martin/smart-technologies-ca2/data_recovery/IMG/right_2026_08_31_13_16_07_313.jpg,0,1,0,30.18806
/Users/martin/smart-technologies-ca2/data_recovery/IMG/center_2026_08_31_13_16_07_382.jpg,/Users/martin/smart-technologies-ca2/data_recovery/IMG/left_2026_08_31_13_16_07_382.jpg,/Users/martin/smart-technologies-ca2/data_recovery/IMG/right_2026_08_31_13_16_07_382.jpg,0,1,0,30.19003
/Users/martin/smart-technologies-ca2/data_recovery/IMG/center_2026_08_31_13_16_07_450.jpg,/Users/martin/smart-technologies-ca2/data_recovery/IMG/left_2026_08_31_13_16_07_450.jpg,/Users/martin/smart-technologies-ca2/data_recovery/IMG/right_2026_08_31_13_16_07_450.jpg,0,1,0,30.19018
/Users/martin/smart-technologies-ca2/data_recovery/IMG/center_2026_08_31_13_16_07_519.jpg,/Users/martin/smart-technologies-ca2/data_recovery/IMG/left_2026_08_31_13_16_07_519.jpg,/Users/martin/smart-technologies-ca2/data_recovery/IMG/right_2026_08_31_13_16_07_519.jpg,0,1,0,30.19028
/Users/martin/smart-technologies-ca2/data_recovery/IMG/center_2026_08_31_13_16_07_586.jpg,/Users/martin/smart-technologies-ca2/data_recovery/IMG/left_2026_08_31_13_16_07_586.jpg,/Users/martin/smart-technologies-ca2/data_recovery/IMG/right_2026_08_31_13_16_07_586.jpg,0,1,0,30.19028
/Users/martin/smart-technologies-ca2/data_recovery/IMG/center_2026_08_31_13_16_07_652.jpg,/Users/martin/smart-technologies-ca2/data_recovery/IMG/left_2026_08_31_13_16_07_652.jpg,/Users/martin/smart-technologies-ca2/data_recovery/IMG/right_2026_08_31_13_16_07_652.jpg,0,1,0,30.1903
/Users/martin/smart-technologies-ca2/data_recovery/IMG/center_2026_08_31_13_16_07_719.jpg,/Users/martin/smart-technologies-ca2/data_recovery/IMG/left_2026_08_31_13_16_07_719.jpg,/Users/martin/smart-technologies-ca2/data_recovery/IMG/right_2026_08_31_13_16_07_719.jpg,0,1,0,30.19027
/Users/martin/smart-technologies-ca2/data_recovery/IMG/center_2026_08_31_13_16_07_787.jpg,/Users/martin/smart-technologies-ca2/data_recovery/IMG/left_2026_08_31_13_16_07_787.jpg,/Users/martin/smart-technologies-ca2/data_recovery/IMG/right_2026_08_31_13_16_07_787.jpg,0,1,0,30.19027
/Users/martin/smart-technologies-ca2/data_recovery/IMG/center_2026_08_31_13_16_07_855.jpg,/Users/martin/smart-technologies-ca2/data_recovery/IMG/left_2026_08_31_13_16_07_855.jpg,/Users/martin/smart-technologies-ca2/data_recovery/IMG/right_2026_08_31_13_16_07_855.jpg,-0.15,1,0,30.1843
/Users/martin/smart-technologies-ca2/data_recovery/IMG/center_2026_08_31_13_16_07_925.jpg,/Users/martin/smart-technologies-ca2/data_recovery/IMG/left_2026_08_31_13_16_07_925.jpg,/Users/martin/smart-technologies-ca2/data_recovery/IMG/right_2026_08_31_13_16_07_925.jpg,-0.35,1,0,30.16347
/Users/martin/smart-technologies-ca2/data_recovery/IMG/center_2026_08_31_13_16_07_994.jpg,/Users/martin/smart-technologies-ca2/data_recovery/IMG/left_2026_08_31_13_16_07_994.jpg,/Users/martin/smart-technologies-ca2/data_recovery/IMG/right_2026_08_31_13_16_07_994.jpg,0,1,0,30.18911
/Users/martin/smart-technologies-ca2/data_recovery/IMG/center_2026_08_31_13_16_08_061.jpg,/Users/martin/smart-technologies-ca2/data_recovery/IMG/left_2026_08_31_13_16_08_061.jpg,/Users/martin/smart-technologies-ca2/data_recovery/IMG/right_2026_08_31_13_16_08_061.jpg,0,1,0,30.18963
/Users/martin/smart-technologies-ca2/data_recovery/IMG/center_2026_08_31_13_16_08_130.jpg,/Users/martin/smart-technologies-ca2/data_recovery/IMG/left_2026_08_31_13_16_08_130.jpg,/Users/martin/smart-technologies-ca2/data_recovery/IMG/right_2026_08_31_13_16_08_130.jpg,0,1,0,30.19006
/Users/martin/smart-technologies-ca2/data_recovery/IMG/center_2026_08_31_13_16_08_196.jpg,/Users/martin/smart-technologies-ca2/data_recovery/IMG/left_2026_08_31_13_16_08_196.jpg,/Users/martin/smart-technologies-ca2/data_recovery/IMG/right_2026_08_31_13_16_08_196.jpg,0,1,0,30.19034
/Users/martin/smart-technologies-ca2/data_recovery/IMG/center_2026_08_31_13_16_08_266.jpg,/Users/martin/smart-technologies-ca2/data_recovery/IMG/left_2026_08_31_13_16_08_266.jpg,/Users/martin/smart-technologies-ca2/data_recovery/IMG/right_2026_08_31_13_16_08_266.jpg,0,1,0,30.1903
/Users/martin/smart-technologies-ca2/data_recovery/IMG/center_2026_08_31_13_16_08_333.jpg,/Users/martin/smart-technologies-ca2/data_recovery/IMG/left_2026_08_31_13_16_08_333.jpg,/Users/martin/smart-technologies-ca2/data_recovery/IMG/right_2026_08_31_13_16_08_333.jpg,-0.05,1,0,30.18982
/Users/martin/smart-technologies-ca2/data_recovery/IMG/center_2026_08_31_13_16_08_402.jpg,/Users/martin/smart-technologies-ca2/data_recovery/IMG/left_2026_08_31_13_16_08_402.jpg,/Users/martin/smart-technologies-ca2/data_recovery/IMG/right_2026_08_31_13_16_08_402.jpg,-0.25,1,0,30.17527
/Users/martin/smart-technologies-ca2/data_recovery/IMG/center_2026_08_31_13_16_08_471.jpg,/Users/martin/smart-technologies-ca2/data_recovery/IMG/left_2026_08_31_13_16_08_471.jpg,/Users/martin/smart-technologies-ca2/data_recovery/IMG/right_2026_08_31_13_16_08_471.jpg,-0.4,1,0,30.15792
/Users/martin/smart-technologies-ca2/data_recovery/IMG/center_2026_08_31_13_16_08_539.jpg,/Users/martin/smart-technologies-ca2/data_recovery/IMG/left_2026_08_31_13_16_08_539.jpg,/Users/martin/smart-technologies-ca2/data_recovery/IMG/right_2026_08_31_13_16_08_539.jpg,0,1,0,30.18665
/Users/martin/smart-technologies-ca2/data_recovery/IMG/center_2026_08_31_13_16_08_606.jpg,/Users/martin/smart-technologies-ca2/data_recovery/IMG/left_2026_08_31_13_16_08_606.jpg,/Users/martin/smart-technologies-ca2/data_recovery/IMG/right_2026_08_31_13_16_08_606.jpg,0,1,0,30.18935
/Users/martin/smart-technologies-ca2/data_recovery/IMG/center_2026_08_31_13_16_08_674.jpg,/Users/martin/smart-technologies-ca2/data_recovery/IMG/left_2026_08_31_13_16_08_674.jpg,/Users/martin/smart-technologies-ca2/data_recovery/IMG/right_2026_08_31_13_16_08_674.jpg,0,1,0,30.18972
/Users/martin/smart-technologies-ca2/data_recovery/IMG/center_2026_08_31_13_16_08_744.jpg,/Users/martin/smart-technologies-ca2/data_recovery/IMG/left_2026_08_31_13_16_08_744.jpg,/Users/martin/smart-technologies-ca2/data_recovery/IMG/right_2026_08_31_13_16_08_744.jpg,0,1,0,30.19036
/Users/martin/smart-technologies-ca2/data_recovery/IMG/center_2026_08_31_13_16_08_811.jpg,/Users/martin/smart-technologies-ca2/data_recovery/IMG/left_2026_08_31_13_16_08_811.jpg,/Users/martin/smart-technologies-ca2/data_recovery/IMG/right_2026_08_31_13_16_08_811.jpg,0,1,0,30.19034
/Users/martin/smart-technologies-ca2/data_recovery/IMG/center_2026_08_31_13_16_08_878.jpg,/Users/martin/smart-technologies-ca2/data_recovery/IMG/left_2026_08_31_13_16_08_878.jpg,/Users/martin/smart-technologies-ca2/data_recovery/IMG/right_2026_08_31_13_16_08_878.jpg,0,1,0,30.19007
/Users/martin/smart-technologies-ca2/data_recovery/IMG/center_2026_08_31_13_16_08_944.jpg,/Users/martin/smart-technologies-ca2/data_recovery/IMG/left_2026_08_31_13_16_08_944.jpg,/Users/martin/smart-technologies-ca2/data_recovery/IMG/right_2026_08_31_13_16_08_944.jpg,0,1,0,30.19056
/Users/martin/smart-technologies-ca2/data_recovery/IMG/center_2026_08_31_13_16_09_011.jpg,/Users/martin/smart-technologies-ca2/data_recovery/IMG/left_2026_08_31_13_16_09_011.jpg,/Users/martin/smart-technologies-ca2/data_recovery/IMG/right_2026_08_31_13_16_09_011.jpg,0,1,0,30.19017
/Users/martin/smart-technologies-ca2/data_recovery/IMG/center_2026_08_31_13_16_09_078.jpg,/Users/martin/smart-technologies-ca2/data_recovery/IMG/left_2026_08_31_13_16_09_078.jpg,/Users/martin/smart-technologies-ca2/data_recovery/IMG/right_2026_08_31_13_16_09_078.jpg,-0.15,1,0,30.18424
/Users/martin/smart-technologies-ca2/data_recovery/IMG/center_2026_08_31_13_16_09_147.jpg,/Users/martin/smart-technologies-ca2/data_recovery/IMG/left_2026_08_31_13_16_09_147.jpg,/Users/martin/smart-technologies-ca2/data_recovery/IMG/right_2026_08_31_13_16_09_147.jpg,-0.3,1,0,30.16924
/Users/martin/smart-technologies-ca2/data_recovery/IMG/center_2026_08_31_13_16_09_214.jpg,/Users/martin/smart-technologies-ca2/data_recovery/IMG/left_2026_08_31_13_16_09_214.jpg,/Users/martin/smart-technologies-ca2/data_recovery/IMG/right_2026_08_31_13_16_09_214.jpg,0,1,0,30.1813
/Users/martin/smart-technologies-ca2/data_recovery/IMG/center_2026_08_31_13_16_09_282.jpg,/Users/martin/smart-technologies-ca2/data_recovery/IMG/left_2026_08_31_13_16_09_282.jpg,/Users/martin/smart-technologies-ca2/data_recovery/IMG/right_2026_08_31_13_16_09_282.jpg,0,1,0,30.18922
/Users/martin/smart-technologies-ca2/data_recovery/IMG/center_2026_08_31_13_16_09_351.jpg,/Users/martin/smart-technologies-ca2/data_recovery/IMG/left_2026_08_31_13_16_09_351.jpg,/Users/martin/smart-technologies-ca2/data_recovery/IMG/right_2026_08_31_13_16_09_351.jpg,0,1,0,30.19002
/Users/martin/smart-technologies-ca2/data_recovery/IMG/center_2026_08_31_13_16_09_419.jpg,/Users/martin/smart-technologies-ca2/data_recovery/IMG/left_2026_08_31_13_16_09_419.jpg,/Users/martin/smart-technologies-ca2/data_recovery/IMG/right_2026_08_31_13_16_09_419.jpg,0,1,0,30.19008
/Users/martin/smart-technologies-ca2/data_recovery/IMG/center_2026_08_31_13_16_09_488.jpg,/Users/martin/smart-technologies-ca2/data_recovery/IMG/left_2026_08_31_13_16_09_488.jpg,/Users/martin/smart-technologies-ca2/data_recovery/IMG/right_2026_08_31_13_16_09_488.jpg,-0.1,1,0,30.1885
/Users/martin/smart-technologies-ca2/data_recovery/IMG/center_2026_08_31_13_16_09_557.jpg,/Users/martin/smart-technologies-ca2/data_recovery/IMG/left_2026_08_31_13_16_09_557.jpg,/Users/martin/smart-technologies-ca2/data_recovery/IMG/right_2026_08_31_13_16_09_557.jpg,-0.25,1,0,30.17601
/Users/martin/smart-technologies-ca2/data_recovery/IMG/center_2026_08_31_13_16_09_623.jpg,/Users/martin/smart-technologies-ca2/data_recovery/IMG/left_2026_08_31_13_16_09_623.jpg,/Users/martin/smart-technologies-ca2/data_recovery/IMG/right_2026_08_31_13_16_09_623.jpg,-0.45,1,0,30.15237
/Users/martin/smart-technologies-ca2/data_recovery/IMG/center_2026_08_31_13_16_09_690.jpg,/Users/martin/smart-technologies-ca2/data_recovery/IMG/left_2026_08_31_13_16_09_690.jpg,/Users/martin/smart-technologies-ca2/data_recovery/IMG/right_2026_08_31_13_16_09_690.jpg,0,1,0,30.18555
/Users/martin/smart-technologies-ca2/data_recovery/IMG/center_2026_08_31_13_16_09_761.jpg,/Users/martin/smart-technologies-ca2/data_recovery/IMG/left_2026_08_31_13_16_09_761.jpg,/Users/martin/smart-technologies-ca2/data_recovery/IMG/right_2026_08_31_13_16_09_761.jpg,0,1,0,30.18902
/Users/martin/smart-technologies-ca2/data_recovery/IMG/center_2026_08_31_13_16_09_829.jpg,/Users/martin/smart-technologies-ca2/data_recovery/IMG/left_2026_08_31_13_16_09_829.jpg,/Users/martin/smart-technologies-ca2/data_recovery/IMG/right_2026_08_31_13_16_09_829.jpg,0,1,0,30.18995
/Users/martin/smart-technologies-ca2/data_recovery/IMG/center_2026_08_31_13_16_09_896.jpg,/Users/martin/smart-technologies-ca2/data_recovery/IMG/left_2026_08_31_13_16_09_896.jpg,/Users/martin/smart-technologies-ca2/data_recovery/IMG/right_2026_08_31_13_16_09_896.jpg,-0.05,1,0,30.19012
/Users/martin/smart-technologies-ca2/data_recovery/IMG/center_2026_08_31_13_16_09_964.jpg,/Users/martin/smart-technologies-ca2/data_recovery/IMG/left_2026_08_31_13_16_09_964.jpg,/Users/martin/smart-technologies-ca2/data_recovery/IMG/right_2026_08_31_13_16_09_964.jpg,-0.25,1,0,30.17704
/Users/martin/smart-technologies-ca2/data_recovery/IMG/center_2026_08_31_13_16_10_032.jpg,/Users/martin/smart-technologies-ca2/data_recovery/IMG/left_2026_08_31_13_16_10_032.jpg,/Users/martin/smart-technologies-ca2/data_recovery/IMG/right_2026_08_31_13_16_10_032.jpg,-0.4,1,0,30.15944
/Users/martin/smart-technologies-ca2/data_recovery/IMG/center_2026_08_31_13_16_10_100.jpg,/Users/martin/smart-technologies-ca2/data_recovery/IMG/left_2026_08_31_13_16_10_100.jpg,/Users/martin/smart-technologies-ca2/data_recovery/IMG/right_2026_08_31_13_16_10_100.jpg,0,1,0,30.18903
/Users/martin/smart-technologies-ca2/data_recovery/IMG/center_2026_08_31_13_16_10_166.jpg,/Users/martin/smart-technologies-ca2/data_recovery/IMG/left_2026_08_31_13_16_10_166.jpg,/Users/martin/smart-technologies-ca2/data_recovery/IMG/right_2026_08_31_13_16_10_166.jpg,0,1,0,30.1899
/Users/martin/smart-technologies-ca2/data_recovery/IMG/center_2026_08_31_13_16_10_233.jpg,/Users/martin/smart-technologies-ca2/data_recovery/IMG/left_2026_08_31_13_16_10_233.jpg,/Users/martin/smart-technologies-ca2/data_recovery/IMG/right_2026_08_31_13_16_10_233.jpg,0,1,0,30.19022
/Users/martin/smart-technologies-ca2/data_recovery/IMG/center_2026_08_31_13_16_10_301.jpg,/Users/martin/smart-technologies-ca2/data_recovery/IMG/left_2026_08_31_13_16_10_301.jpg,/Users/martin/smart-technologies-ca2/data_recovery/IMG/right_2026_08_31_13_16_10_301.jpg,0,1,0,30.1903
/Users/martin/smart-technologies-ca2/data_recovery/IMG/center_2026_08_31_13_16_10_368.jpg,/Users/martin/smart-technologies-ca2/data_recovery/IMG/left_2026_08_31_13_16_10_368.jpg,/Users/martin/smart-technologies-ca2/data_recovery/IMG/right_2026_08_31_13_16_10_368.jpg,-0.15,1,0,30.18509
/Users/martin/smart-technologies-ca2/data_recovery/IMG/center_2026_08_31_13_16_10_437.jpg,/Users/martin/smart-technologies-ca2/data_recovery/IMG/left_2026_08_31_13_16_10_437.jpg,/Users/martin/smart-technologies-ca2/data_recovery/IMG/right_2026_08_31_13_16_10_437.jpg,-0.3,1,0,30.17019
/Users/martin/smart-technologies-ca2/data_recovery/IMG/center_2026_08_31_13_16_10_503.jpg,/Users/martin/smart-technologies-ca2/data_recovery/IMG/left_2026_08_31_13_16_10_503.jpg,/Users/martin/smart-technologies-ca2/data_recovery/IMG/right_2026_08_31_13_16_10_503.jpg,-0.5000001,1,0,30.14601
/Users/martin/smart-technologies-ca2/data_recovery/IMG/center_2026_08_31_13_16_10_571.jpg,/Users/martin/smart-technologies-ca2/data_recovery/IMG/left_2026_08_31_13_16_10_571.jpg,/Users/martin/smart-technologies-ca2/data_recovery/IMG/right_2026_08_31_13_16_10_571.jpg,0,1,0,30.18565
/Users/martin/smart-technologies-ca2/data_recovery/IMG/center_2026_08_31_13_16_10_639.jpg,/Users/martin/smart-technologies-ca2/data_recovery/IMG/left_2026_08_31_13_16_10_639.jpg,/Users/martin/smart-technologies-ca2/data_recovery/IMG/right_2026_08_31_13_16_10_639.jpg,0,1,0,30.18946
/Users/martin/smart-technologies-ca2/data_recovery/IMG/center_2026_08_31_13_16_10_707.jpg,/Users/martin/smart-technologies-ca2/data_recovery/IMG/left_2026_08_31_13_16_10_707.jpg,/Users/martin/smart-technologies-ca2/data_recovery/IMG/right_2026_08_31_13_16_10_707.jpg,0,1,0,30.19022
/Users/martin/smart-technologies-ca2/data_recovery/IMG/center_2026_08_31_13_16_10_775.jpg,/Users/martin/smart-technologies-ca2/data_recovery/IMG/left_2026_08_31_13_16_10_775.jpg,/Users/martin/smart-technologies-ca2/data_recovery/IMG/right_2026_08_31_13_16_10_775.jpg,-0.05,1,0,30.19002
/Users/martin/smart-technologies-ca2/data_recovery/IMG/center_2026_08_31_13_16_10_842.jpg,/Users/martin/smart-technologies-ca2/data_recovery/IMG/left_2026_08_31_13_16_10_842.jpg,/Users/martin/smart-technologies-ca2/data_recovery/IMG/right_2026_08_31_13_16_10_842.jpg,-0.25,1,0,30.17671
/Users/martin/smart-technologies-ca2/data_recovery/IMG/center_2026_08_31_13_16_10_909.jpg,/Users/martin/smart-technologies-ca2/data_recovery/IMG/left_2026_08_31_13_16_10_909.jpg,/Users/martin/smart-technologies-ca2/data_recovery/IMG/right_2026_08_31_13_16_10_909.jpg,-0.4,1,0,30.15906
/Users/martin/smart-technologies-ca2/data_recovery/IMG/center_2026_08_31_13_16_10_977.jpg,/Users/martin/smart-technologies-ca2/data_recovery/IMG/left_2026_08_31_13_16_10_977.jpg,/Users/martin/smart-technologies-ca2/data_recovery/IMG/right_2026_08_31_13_16_10_977.jpg,0,1,0,30.17807
/Users/martin/smart-technologies-ca2/data_recovery/IMG/center_2026_08_31_13_16_11_046.jpg,/Users/martin/smart-technologies-ca2/data_recovery/IMG/left_2026_08_31_13_16_11_046.jpg,/Users/martin/smart-technologies-ca2/data_recovery/IMG/right_2026_08_31_13_16_11_046.jpg,0,1,0,30.1884
/Users/martin/smart-technologies-ca2/data_recovery/IMG/center_2026_08_31_13_16_11_114.jpg,/Users/martin/smart-technologies-ca2/data_recovery/IMG/left_2026_08_31_13_16_11_114.jpg,/Users/martin/smart-technologies-ca2/data_recovery/IMG/right_2026_08_31_13_16_11_114.jpg,0,1,0,30.18977
/Users/martin/smart-technologies-ca2/data_recovery/IMG/center_2026_08_31_13_16_11_183.jpg,/Users/martin/smart-technologies-ca2/data_recovery/IMG/left_2026_08_31_13_16_11_183.jpg,/Users/martin/smart-technologies-ca2/data_recovery/IMG/right_2026_08_31_13_16_11_183.jpg,0,1,0,30.19021
/Users/martin/smart-technologies-ca2/data_recovery/IMG/center_2026_08_31_13_16_11_251.jpg,/Users/martin/smart-technologies-ca2/data_recovery/IMG/left_2026_08_31_13_16_11_251.jpg,/Users/martin/smart-technologies-ca2/data_recovery/IMG/right_2026_08_31_13_16_11_251.jpg,-0.1,1,0,30.18877
/Users/martin/smart-technologies-ca2/data_recovery/IMG/center_2026_08_31_13_16_11_320.jpg,/Users/martin/smart-technologies-ca2/data_recovery/IMG/left_2026_08_31_13_16_11_320.jpg,/Users/martin/smart-technologies-ca2/data_recovery/IMG/right_2026_08_31_13_16_11_320.jpg,-0.3,1,0,30.17078
/Users/martin/smart-technologies-ca2/data_recovery/IMG/center_2026_08_31_13_16_11_387.jpg,/Users/martin/smart-technologies-ca2/data_recovery/IMG/left_2026_08_31_13_16_11_387.jpg,/Users/martin/smart-technologies-ca2/data_recovery/IMG/right_2026_08_31_13_16_11_387.jpg,-0.45,1,0,30.15221
/Users/martin/smart-technologies-ca2/data_recovery/IMG/center_2026_08_31_13_16_11_455.jpg,/Users/martin/smart-technologies-ca2/data_recovery/IMG/left_2026_08_31_13_16_11_455.jpg,/Users/martin/smart-technologies-ca2/data_recovery/IMG/right_2026_08_31_13_16_11_455.jpg,0,1,0,30.18574
/Users/martin/smart-technologies-ca2/data_recovery/IMG/center_2026_08_31_13_16_11_522.jpg,/Users/martin/smart-technologies-ca2/data_recovery/IMG/left_2026_08_31_13_16_11_522.jpg,/Users/martin/smart-technologies-ca2/data_recovery/IMG/right_2026_08_31_13_16_11_522.jpg,0,1,0,30.18907
/Users/martin/smart-technologies-ca2/data_recovery/IMG/center_2026_08_31_13_16_11_591.jpg,/Users/martin/smart-technologies-ca2/data_recovery/IMG/left_2026_08_31_13_16_11_591.jpg,/Users/martin/smart-technologies-ca2/data_recovery/IMG/right_2026_08_31_13_16_11_591.jpg,0,1,0,30.19036
/Users/martin/smart-technologies-ca2/data_recovery/IMG/center_2026_08_31_13_16_11_661.jpg,/Users/martin/smart-technologies-ca2/data_recovery/IMG/left_2026_08_31_13_16_11_661.jpg,/Users/martin/smart-technologies-ca2/data_recovery/IMG/right_2026_08_31_13_16_11_661.jpg,0,1,0,30.19027
/Users/martin/smart-technologies-ca2/data_recovery/IMG/center_2026_08_31_13_16_11_728.jpg,/Users/martin/smart-technologies-ca2/data_recovery/IMG/left_2026_08_31_13_16_11_728.jpg,/Users/martin/smart-technologies-ca2/data_recovery/IMG/right_2026_08_31_13_16_11_728.jpg,0,1,0,30.19029
/Users/martin/smart-technologies-ca2/data_recovery/IMG/center_2026_08_31_13_16_11_799.jpg,/Users/martin/smart-technologies-ca2/data_recovery/IMG/left_2026_08_31_13_16_11_799.jpg,/Users/martin/smart-technologies-ca2/data_recovery/IMG/right_2026_08_31_13_16_11_799.jpg,0,1,0,30.19034
/Users/martin/smart-technologies-ca2/data_recovery/IMG/center_2026_08_31_13_16_11_868.jpg,/Users/martin/smart-technologies-ca2/data_recovery/IMG/left_2026_08_31_13_16_11_868.jpg,/Users/martin/smart-technologies-ca2/data_recovery/IMG/right_2026_08_31_13_16_11_868.jpg,0,1,0,30.19029
/Users/martin/smart-technologies-ca2/data_recovery/IMG/center_2026_08_31_13_16_11_936.jpg,/Users/martin/smart-technologies-ca2/data_recovery/IMG/left_2026_08_31_13_16_11_936.jpg,/Users/martin/smart-technologies-ca2/data_recovery/IMG/right_2026_08_31_13_16_11_936.jpg,0,1,0,30.19029
/Users/martin/smart-technologies-ca2/data_recovery/IMG/center_2026_08_31_13_16_12_006.jpg,/Users/martin/smart-technologies-ca2/data_recovery/IMG/left_2026_08_31_13_16_12_006.jpg,/Users/martin/smart-technologies-ca2/data_recovery/IMG/right_2026_08_31_13_16_12_006.jpg,0,1,0,30.19032
/Users/martin/smart-technologies-ca2/data_recovery/IMG/center_2026_08_31_13_16_12_076.jpg,/Users/martin/smart-technologies-ca2/data_recovery/IMG/left_2026_08_31_13_16_12_076.jpg,/Users/martin/smart-technologies-ca2/data_recovery/IMG/right_2026_08_31_13_16_12_076.jpg,0,1,0,30.18991
/Users/martin/smart-technologies-ca2/data_recovery/IMG/center_2026_08_31_13_16_12_144.jpg,/Users/martin/smart-technologies-ca2/data_recovery/IMG/left_2026_08_31_13_16_12_144.jpg,/Users/martin/smart-technologies-ca2/data_recovery/IMG/right_2026_08_31_13_16_12_144.jpg,0,1,0,30.1903
/Users/martin/smart-technologies-ca2/data_recovery/IMG/center_2026_08_31_13_16_12_211.jpg,/Users/martin/smart-technologies-ca2/data_recovery/IMG/left_2026_08_31_13_16_12_211.jpg,/Users/martin/smart-technologies-ca2/data_recovery/IMG/right_2026_08_31_13_16_12_211.jpg,0,1,0,30.1903
/Users/martin/smart-technologies-ca2/data_recovery/IMG/center_2026_08_31_13_16_12_281.jpg,/Users/martin/smart-technologies-ca2/data_recovery/IMG/left_2026_08_31_13_16_12_281.jpg,/Users/martin/smart-technologies-ca2/data_recovery/IMG/right_2026_08_31_13_16_12_281.jpg,-0.15,1,0,30.18413
/Users/martin/smart-technologies-ca2/data_recovery/IMG/center_2026_08_31_13_16_12_351.jpg,/Users/martin/smart-technologies-ca2/data_recovery/IMG/left_2026_08_31_13_16_12_351.jpg,/Users/martin/smart-technologies-ca2/data_recovery/IMG/right_2026_08_31_13_16_12_351.jpg,-0.3,1,0,30.16926
/Users/martin/smart-technologies-ca2/data_recovery/IMG/center_2026_08_31_13_16_12_419.jpg,/Users/martin/smart-technologies-ca2/data_recovery/IMG/left_2026_08_31_13_16_12_419.jpg,/Users/martin/smart-technologies-ca2/data_recovery/IMG/right_2026_08_31_13_16_12_419.jpg,-0.5000001,1,0,30.14533
/Users/martin/smart-technologies-ca2/data_recovery/IMG/center_2026_08_31_13_16_12_485.jpg,/Users/martin/smart-technologies-ca2/data_recovery/IMG/left_2026_08_31_13_16_12_485.jpg,/Users/martin/smart-technologies-ca2/data_recovery/IMG/right_2026_08_31_13_16_12_485.jpg,0,1,0,30.18546
/Users/martin/smart-technologies-ca2/data_recovery/IMG/center_2026_08_31_13_16_12_554.jpg,/Users/martin/smart-technologies-ca2/data_recovery/IMG/left_2026_08_31_13_16_12_554.jpg,/Users/martin/smart-technologies-ca2/data_recovery/IMG/right_2026_08_31_13_16_12_554.jpg,0,1,0,30.18894
/Users/martin/smart-technologies-ca2/data_recovery/IMG/center_2026_08_31_13_16_12_622.jpg,/Users/martin/smart-technologies-ca2/data_recovery/IMG/left_2026_08_31_13_16_12_622.jpg,/Users/martin/smart-technologies-ca2/data_recovery/IMG/right_2026_08_31_13_16_12_622.jpg,0,1,0,30.19003
/Users/martin/smart-technologies-ca2/data_recovery/IMG/center_2026_08_31_13_16_12_691.jpg,/Users/martin/smart-technologies-ca2/data_recovery/IMG/left_2026_08_31_13_16_12_691.jpg,/Users/martin/smart-technologies-ca2/data_recovery/IMG/right_2026_08_31_13_16_12_691.jpg,0,1,0,30.19025
/Users/martin/smart-technologies-ca2/data_recovery/IMG/center_2026_08_31_13_16_12_758.jpg,/Users/martin/smart-technologies-ca2/data_recovery/IMG/left_2026_08_31_13_16_12_758.jpg,/Users/martin/smart-technologies-ca2/data_recovery/IMG/right_2026_08_31_13_16_12_758.jpg,0,1,0,30.19046
/Users/martin/smart-technologies-ca2/data_recovery/IMG/center_2026_08_31_13_16_12_826.jpg,/Users/martin/smart-technologies-ca2/data_recovery/IMG/left_2026_08_31_13_16_12_826.jpg,/Users/martin/smart-technologies-ca2/data_recovery/IMG/right_2026_08_31_13_16_12_826.jpg,0,1,0,30.19026
/Users/martin/smart-technologies-ca2/data_recovery/IMG/center_2026_08_31_13_16_12_895.jpg,/Users/martin/smart-technologies-ca2/data_recovery/IMG/left_2026_08_31_13_16_12_895.jpg,/Users/martin/smart-technologies-ca2/data_recovery/IMG/right_2026_08_31_13_16_12_895.jpg,0,1,0,30.19033
/Users/martin/smart-technologies-ca2/data_recovery/IMG/center_2026_08_31_13_16_12_962.jpg,/Users/martin/smart-technologies-ca2/data_recovery/IMG/left_2026_08_31_13_16_12_962.jpg,/Users/martin/smart-technologies-ca2/data_recovery/IMG/right_2026_08_31_13_16_12_962.jpg,0,1,0,30.18983
/Users/martin/smart-technologies-ca2/data_recovery/IMG/center_2026_08_31_13_16_13_029.jpg,/Users/martin/smart-technologies-ca2/data_recovery/IMG/left_2026_08_31_13_16_13_029.jpg,/Users/martin/smart-technologies-ca2/data_recovery/IMG/right_2026_08_31_13_16_13_029.jpg,0,1,0,30.19032
/Users/martin/smart-technologies-ca2/data_recovery/IMG/center_2026_08_31_13_16_13_096.jpg,/Users/martin/smart-technologies-ca2/data_recovery/IMG/left_2026_08_31_13_16_13_096.jpg,/Users/martin/smart-technologies-ca2/data_recovery/IMG/right_2026_08_31_13_16_13_096.jpg,-0.1,1,0,30.18769
/Users/martin/smart-technologies-ca2/data_recovery/IMG/center_2026_08_31_13_16_13_163.jpg,/Users/martin/smart-technologies-ca2/data_recovery/IMG/left_2026_08_31_13_16_13_163.jpg,/Users/martin/smart-technologies-ca2/data_recovery/IMG/right_2026_08_31_13_16_13_163.jpg,-0.3,1,0,30.16927
/Users/martin/smart-technologies-ca2/data_recovery/IMG/center_2026_08_31_13_16_13_232.jpg,/Users/martin/smart-technologies-ca2/data_recovery/IMG/left_2026_08_31_13_16_13_232.jpg,/Users/martin/smart-technologies-ca2/data_recovery/IMG/right_2026_08_31_13_16_13_232.jpg,0,1,0,30.1889
/Users/martin/smart-technologies-ca2/data_recovery/IMG/center_2026_08_31_13_16_13_299.jpg,/Users/martin/smart-technologies-ca2/data_recovery/IMG/left_2026_08_31_13_16_13_299.jpg,/Users/martin/smart-technologies-ca2/data_recovery/IMG/right_2026_08_31_13_16_13_299.jpg,0,1,0,30.19012
/Users/martin/smart-technologies-ca2/data_recovery/IMG/center_2026_08_31_13_16_13_366.jpg,/Users/martin/smart-technologies-ca2/data_recovery/IMG/left_2026_08_31_13_16_13_366.jpg,/Users/martin/smart-technologies-ca2/data_recovery/IMG/right_2026_08_31_13_16_13_366.jpg,0,1,0,30.19025
/Users/martin/smart-technologies-ca2/data_recovery/IMG/center_2026_08_31_13_16_13_436.jpg,/Users/martin/smart-technologies-ca2/data_recovery/IMG/left_2026_08_31_13_16_13_436.jpg,/Users/martin/smart-technologies-ca2/data_recovery/IMG/right_2026_08_31_13_16_13_436.jpg,0,1,0,30.19028
/Users/martin/smart-technologies-ca2/data_recovery/IMG/center_2026_08_31_13_16_13_506.jpg,/Users/martin/smart-technologies-ca2/data_recovery/IMG/left_2026_08_31_13_16_13_506.jpg,/Users/martin/smart-technologies-ca2/data_recovery/IMG/right_2026_08_31_13_16_13_506.jpg,0,1,0,30.19027
/Users/martin/smart-technologies-ca2/data_recovery/IMG/center_2026_08_31_13_16_13_573.jpg,/Users/martin/smart-technologies-ca2/data_recovery/IMG/left_2026_08_31_13_16_13_573.jpg,/Users/martin/smart-technologies-ca2/data_recovery/IMG/right_2026_08_31_13_16_13_573.jpg,-0.05,1,0,30.18977
/Users/martin/smart-technologies-ca2/data_recovery/IMG/center_2026_08_31_13_16_13_642.jpg,/Users/martin/smart-technologies-ca2/data_recovery/IMG/left_2026_08_31_13_16_13_642.jpg,/Users/martin/smart-technologies-ca2/data_recovery/IMG/right_2026_08_31_13_16_13_642.jpg,-0.25,1,0,30.17508
/Users/martin/smart-technologies-ca2/data_recovery/IMG/center_2026_08_31_13_16_13_709.jpg,/Users/martin/smart-technologies-ca2/data_recovery/IMG/left_2026_08_31_13_16_13_709.jpg,/Users/martin/smart-technologies-ca2/data_recovery/IMG/right_2026_08_31_13_16_13_709.jpg,-0.4,1,0,30.15773
/Users/martin/smart-technologies-ca2/data_recovery/IMG/center_2026_08_31_13_16_13_778.jpg,/Users/martin/smart-technologies-ca2/data_recovery/IMG/left_2026_08_31_13_16_13_778.jpg,/Users/martin/smart-technologies-ca2/data_recovery/IMG/right_2026_08_31_13_16_13_778.jpg,0,1,0,30.18902
/Users/martin/smart-technologies-ca2/data_recovery/IMG/center_2026_08_31_13_16_13_846.jpg,/Users/martin/smart-technologies-ca2/data_recovery/IMG/left_2026_08_31_13_16_13_846.jpg,/Users/martin/smart-technologies-ca2/data_recovery/IMG/right_2026_08_31_13_16_13_846.jpg,0,1,0,30.18984
/Users/martin/smart-technologies-ca2/data_recovery/IMG/center_2026_08_31_13_16_13_915.jpg,/Users/martin/smart-technologies-ca2/data_recovery/IMG/left_2026_08_31_13_16_13_915.jpg,/Users/martin/smart-technologies-ca2/data_recovery/IMG/right_2026_08_31_13_16_13_915.jpg,0,1,0,30.19017
/Users/martin/smart-technologies-ca2/data_recovery/IMG/center_2026_08_31_13_16_13_985.jpg,/Users/martin/smart-technologies-ca2/data_recovery/IMG/left_2026_08_31_13_16_13_985.jpg,/Users/martin/smart-technologies-ca2/data_recovery/IMG/right_2026_08_31_13_16_13_985.jpg,0,1,0,30.1903
/Users/martin/smart-technologies-ca2/data_recovery/IMG/center_2026_08_31_13_16_14_054.jpg,/Users/martin/smart-technologies-ca2/data_recovery/IMG/left_2026_08_31_13_16_14_054.jpg,/Users/martin/smart-technologies-ca2/data_recovery/IMG/right_2026_08_31_13_16_14_054.jpg,0,1,0,30.1903
/Users/martin/smart-technologies-ca2/data_recovery/IMG/center_2026_08_31_13_16_14_122.jpg,/Users/martin/smart-technologies-ca2/data_recovery/IMG/left_2026_08_31_13_16_14_122.jpg,/Users/martin/smart-technologies-ca2/data_recovery/IMG/right_2026_08_31_13_16_14_122.jpg,0,1,0,30.1903
/Users/martin/smart-technologies-ca2/data_recovery/IMG/center_2026_08_31_13_16_14_189.jpg,/Users/martin/smart-technologies-ca2/data_recovery/IMG/left_2026_08_31_13_16_14_189.jpg,/Users/martin/smart-technologies-ca2/data_recovery/IMG/right_2026_08_31_13_16_14_189.jpg,0,1,0,30.19041
/Users/martin/smart-technologies-ca2/data_recovery/IMG/center_2026_08_31_13_16_14_259.jpg,/Users/martin/smart-technologies-ca2/data_recovery/IMG/left_2026_08_31_13_16_14_259.jpg,/Users/martin/smart-technologies-ca2/data_recovery/IMG/right_2026_08_31_13_16_14_259.jpg,0,1,0,30.19031
/Users/martin/smart-technologies-ca2/data_recovery/IMG/center_2026_08_31_13_16_14_327.jpg,/Users/martin/smart-technologies-ca2/data_recovery/IMG/left_2026_08_31_13_16_14_327.jpg,/Users/martin/smart-technologies-ca2/data_recovery/IMG/right_2026_08_31_13_16_14_327.jpg,0,1,0,30.19029
/Users/martin/smart-technologies-ca2/data_recovery/IMG/center_2026_08_31_13_16_14_396.jpg,/Users/martin/smart-technologies-ca2/data_recovery/IMG/left_2026_08_31_13_16_14_396.jpg,/Users/martin/smart-technologies-ca2/data_recovery/IMG/right_2026_08_31_13_16_14_396.jpg,0,1,0,30.19031
/Users/martin/smart-technologies-ca2/data_recovery/IMG/center_2026_08_31_13_16_14_463.jpg,/Users/martin/smart-technologies-ca2/data_recovery/IMG/left_2026_08_31_13_16_14_463.jpg,/Users/martin/smart-technologies-ca2/data_recovery/IMG/right_2026_08_31_13_16_14_463.jpg,0,1,0,30.1903
/Users/martin/smart-technologies-ca2/data_recovery/IMG/center_2026_08_31_13_16_14_531.jpg,/Users/martin/smart-technologies-ca2/data_recovery/IMG/left_2026_08_31_13_16_14_531.jpg,/Users/martin/smart-technologies-ca2/data_recovery/IMG/right_2026_08_31_13_16_14_531.jpg,0,1,0,30.19029
/Users/martin/smart-technologies-ca2/data_recovery/IMG/center_2026_08_31_13_16_14_600.jpg,/Users/martin/smart-technologies-ca2/data_recovery/IMG/left_2026_08_31_13_16_14_600.jpg,/Users/martin/smart-technologies-ca2/data_recovery/IMG/right_2026_08_31_13_16_14_600.jpg,-0.15,1,0,30.18422
/Users/martin/smart-technologies-ca2/data_recovery/IMG/center_2026_08_31_13_16_14_670.jpg,/Users/martin/smart-technologies-ca2/data_recovery/IMG/left_2026_08_31_13_16_14_670.jpg,/Users/martin/smart-technologies-ca2/data_recovery/IMG/right_2026_08_31_13_16_14_670.jpg,-0.3,1,0,30.16928
/Users/martin/smart-technologies-ca2/data_recovery/IMG/center_2026_08_31_13_16_14_739.jpg,/Users/martin/smart-technologies-ca2/data_recovery/IMG/left_2026_08_31_13_16_14_739.jpg,/Users/martin/smart-technologies-ca2/data_recovery/IMG/right_2026_08_31_13_16_14_739.jpg,-0.5000001,1,0,30.14533
/Users/martin/smart-technologies-ca2/data_recovery/IMG/center_2026_08_31_13_16_14_806.jpg,/Users/martin/smart-technologies-ca2/data_recovery/IMG/left_2026_08_31_13_16_14_806.jpg,/Users/martin/smart-technologies-ca2/data_recovery/IMG/right_2026_08_31_13_16_14_806.jpg,0,1,0,30.1725
/Users/martin/smart-technologies-ca2/data_recovery/IMG/center_2026_08_31_13_16_14_876.jpg,/Users/martin/smart-technologies-ca2/data_recovery/IMG/left_2026_08_31_13_16_14_876.jpg,/Users/martin/smart-technologies-ca2/data_recovery/IMG/right_2026_08_31_13_16_14_876.jpg,0,1,0,30.18513
/Users/martin/smart-technologies-ca2/data_recovery/IMG/center_2026_08_31_13_16_14_945.jpg,/Users/martin/smart-technologies-ca2/data_recovery/IMG/left_2026_08_31_13_16_14_945.jpg,/Users/martin/smart-technologies-ca2/data_recovery/IMG/right_2026_08_31_13_16_14_945.jpg,0,1,0,30.18929
/Users/martin/smart-technologies-ca2/data_recovery/IMG/center_2026_08_31_13_16_15_015.jpg,/Users/martin/smart-technologies-ca2/data_recovery/IMG/left_2026_08_31_13_16_15_015.jpg,/Users/martin/smart-technologies-ca2/data_recovery/IMG/right_2026_08_31_13_16_15_015.jpg,0,1,0,30.19017
/Users/martin/smart-technologies-ca2/data_recovery/IMG/center_2026_08_31_13_16_15_085.jpg,/Users/martin/smart-technologies-ca2/data_recovery/IMG/left_2026_08_31_13_16_15_085.jpg,/Users/martin/smart-technologies-ca2/data_recovery/IMG/right_2026_08_31_13_16_15_085.jpg,0,1,0,30.19028
/Users/martin/smart-technologies-ca2/data_recovery/IMG/center_2026_08_31_13_16_15_152.jpg,/Users/martin/smart-technologies-ca2/data_recovery/IMG/left_2026_08_31_13_16_15_152.jpg,/Users/martin/smart-technologies-ca2/data_recovery/IMG/right_2026_08_31_13_16_15_152.jpg,0,1,0,30.19028
/Users/martin/smart-technologies-ca2/data_recovery/IMG/center_2026_08_31_13_16_15_222.jpg,/Users/martin/smart-technologies-ca2/data_recovery/IMG/left_2026_08_31_13_16_15_222.jpg,/Users/martin/smart-technologies-ca2/data_recovery/IMG/right_2026_08_31_13_16_15_222.jpg,0,1,0,30.19032
/Users/martin/smart-technologies-ca2/data_recovery/IMG/center_2026_08_31_13_16_15_289.jpg,/Users/martin/smart-technologies-ca2/data_recovery/IMG/left_2026_08_31_13_16_15_289.jpg,/Users/martin/smart-technologies-ca2/data_recovery/IMG/right_2026_08_31_13_16_15_289.jpg,0,1,0,30.19032
/Users/martin/smart-technologies-ca2/data_recovery/IMG/center_2026_08_31_13_16_15_361.jpg,/Users/martin/smart-technologies-ca2/data_recovery/IMG/left_2026_08_31_13_16_15_361.jpg,/Users/martin/smart-technologies-ca2/data_recovery/IMG/right_2026_08_31_13_16_15_361.jpg,0,1,0,30.19029
/Users/martin/smart-technologies-ca2/data_recovery/IMG/center_2026_08_31_13_16_15_429.jpg,/Users/martin/smart-technologies-ca2/data_recovery/IMG/left_2026_08_31_13_16_15_429.jpg,/Users/martin/smart-technologies-ca2/data_recovery/IMG/right_2026_08_31_13_16_15_429.jpg,0,1,0,30.19031
/Users/martin/smart-technologies-ca2/data_recovery/IMG/center_2026_08_31_13_16_15_500.jpg,/Users/martin/smart-technologies-ca2/data_recovery/IMG/left_2026_08_31_13_16_15_500.jpg,/Users/martin/smart-technologies-ca2/data_recovery/IMG/right_2026_08_31_13_16_15_500.jpg,0,1,0,30.19029
/Users/martin/smart-technologies-ca2/data_recovery/IMG/center_2026_08_31_13_16_15_568.jpg,/Users/martin/smart-technologies-ca2/data_recovery/IMG/left_2026_08_31_13_16_15_568.jpg,/Users/martin/smart-technologies-ca2/data_recovery/IMG/right_2026_08_31_13_16_15_568.jpg,-0.05,1,0,30.18965
/Users/martin/smart-technologies-ca2/data_recovery/IMG/center_2026_08_31_13_16_15_635.jpg,/Users/martin/smart-technologies-ca2/data_recovery/IMG/left_2026_08_31_13_16_15_635.jpg,/Users/martin/smart-technologies-ca2/data_recovery/IMG/right_2026_08_31_13_16_15_635.jpg,-0.2,1,0,30.17978
/Users/martin/smart-technologies-ca2/data_recovery/IMG/center_2026_08_31_13_16_15_705.jpg,/Users/martin/smart-technologies-ca2/data_recovery/IMG/left_2026_08_31_13_16_15_705.jpg,/Users/martin/smart-technologies-ca2/data_recovery/IMG/right_2026_08_31_13_16_15_705.jpg,0,1,0,30.183
/Users/martin/smart-technologies-ca2/data_recovery/IMG/center_2026_08_31_13_16_15_775.jpg,/Users/martin/smart-technologies-ca2/data_recovery/IMG/left_2026_08_31_13_16_15_775.jpg,/Users/martin/smart-technologies-ca2/data_recovery/IMG/right_2026_08_31_13_16_15_775.jpg,0,1,0,30.18962
/Users/martin/smart-technologies-ca2/data_recovery/IMG/center_2026_08_31_13_16_15_846.jpg,/Users/martin/smart-technologies-ca2/data_recovery/IMG/left_2026_08_31_13_16_15_846.jpg,/Users/martin/smart-technologies-ca2/data_recovery/IMG/right_2026_08_31_13_16_15_846.jpg,0,1,0,30.19007
/Users/martin/smart-technologies-ca2/data_recovery/IMG/center_2026_08_31_13_16_15_916.jpg,/Users/martin/smart-technologies-ca2/data_recovery/IMG/left_2026_08_31_13_16_15_916.jpg,/Users/martin/smart-technologies-ca2/data_recovery/IMG/right_2026_08_31_13_16_15_916.jpg,0,1,0,30.19027
/Users/martin/smart-technologies-ca2/data_recovery/IMG/center_2026_08_31_13_16_15_985.jpg,/Users/martin/smart-technologies-ca2/data_recovery/IMG/left_2026_08_31_13_16_15_985.jpg,/Users/martin/smart-technologies-ca2/data_recovery/IMG/right_2026_08_31_13_16_15_985.jpg,0,1,0,30.19049
/Users/martin/smart-technologies-ca2/data_recovery/IMG/center_2026_08_31_13_16_16_055.jpg,/Users/martin/smart-technologies-ca2/data_recovery/IMG/left_2026_08_31_13_16_16_055.jpg,/Users/martin/smart-technologies-ca2/data_recovery/IMG/right_2026_08_31_13_16_16_055.jpg,0,1,0,30.19032
/Users/martin/smart-technologies-ca2/data_recovery/IMG/center_2026_08_31_13_16_16_125.jpg,/Users/martin/smart-technologies-ca2/data_recovery/IMG/left_2026_08_31_13_16_16_125.jpg,/Users/martin/smart-technologies-ca2/data_recovery/IMG/right_2026_08_31_13_16_16_125.jpg,0,1,0,30.1903
/Users/martin/smart-technologies-ca2/data_recovery/IMG/center_2026_08_31_13_16_16_194.jpg,/Users/martin/smart-technologies-ca2/data_recovery/IMG/left_2026_08_31_13_16_16_194.jpg,/Users/martin/smart-technologies-ca2/data_recovery/IMG/right_2026_08_31_13_16_16_194.jpg,0,1,0,30.1903
/Users/martin/smart-technologies-ca2/data_recovery/IMG/center_2026_08_31_13_16_16_264.jpg,/Users/martin/smart-technologies-ca2/data_recovery/IMG/left_2026_08_31_13_16_16_264.jpg,/Users/martin/smart-technologies-ca2/data_recovery/IMG/right_2026_08_31_13_16_16_264.jpg,0,1,0,30.19028
/Users/martin/smart-technologies-ca2/data_recovery/IMG/center_2026_08_31_13_16_16_331.jpg,/Users/martin/smart-technologies-ca2/data_recovery/IMG/left_2026_08_31_13_16_16_331.jpg,/Users/martin/smart-technologies-ca2/data_recovery/IMG/right_2026_08_31_13_16_16_331.jpg,0,1,0,30.19027
/Users/martin/smart-technologies-ca2/data_recovery/IMG/center_2026_08_31_13_16_16_398.jpg,/Users/martin/smart-technologies-ca2/data_recovery/IMG/left_2026_08_31_13_16_16_398.jpg,/Users/martin/smart-technologies-ca2/data_recovery/IMG/right_2026_08_31_13_16_16_398.jpg,0,1,0,30.1903
/Users/martin/smart-technologies-ca2/data_recovery/IMG/center_2026_08_31_13_16_16_467.jpg,/Users/martin/smart-technologies-ca2/data_recovery/IMG/left_2026_08_31_13_16_16_467.jpg,/Users/martin/smart-technologies-ca2/data_recovery/IMG/right_2026_08_31_13_16_16_467.jpg,0,1,0,30.19032
/Users/martin/smart-technologies-ca2/data_recovery/IMG/center_2026_08_31_13_16_16_534.jpg,/Users/martin/smart-technologies-ca2/data_recovery/IMG/left_2026_08_31_13_16_16_534.jpg,/Users/martin/smart-technologies-ca2/data_recovery/IMG/right_2026_08_31_13_16_16_534.jpg,0,1,0,30.19029
/Users/martin/smart-technologies-ca2/data_recovery/IMG/center_2026_08_31_13_16_16_605.jpg,/Users/martin/smart-technologies-ca2/data_recovery/IMG/left_2026_08_31_13_16_16_605.jpg,/Users/martin/smart-technologies-ca2/data_recovery/IMG/right_2026_08_31_13_16_16_605.jpg,0,1,0,30.19039
/Users/martin/smart-technologies-ca2/data_recovery/IMG/center_2026_08_31_13_16_16_675.jpg,/Users/martin/smart-technologies-ca2/data_recovery/IMG/left_2026_08_31_13_16_16_675.jpg,/Users/martin/smart-technologies-ca2/data_recovery/IMG/right_2026_08_31_13_16_16_675.jpg,0,1,0,30.19028
/Users/martin/smart-technologies-ca2/data_recovery/IMG/center_2026_08_31_13_16_16_741.jpg,/Users/martin/smart-technologies-ca2/data_recovery/IMG/left_2026_08_31_13_16_16_741.jpg,/Users/martin/smart-technologies-ca2/data_recovery/IMG/right_2026_08_31_13_16_16_741.jpg,0,1,0,30.1903
/Users/martin/smart-technologies-ca2/data_recovery/IMG/center_2026_08_31_13_16_16_808.jpg,/Users/martin/smart-technologies-ca2/data_recovery/IMG/left_2026_08_31_13_16_16_808.jpg,/Users/martin/smart-technologies-ca2/data_recovery/IMG/right_2026_08_31_13_16_16_808.jpg,0,1,0,30.19031
/Users/martin/smart-technologies-ca2/data_recovery/IMG/center_2026_08_31_13_16_16_879.jpg,/Users/martin/smart-technologies-ca2/data_recovery/IMG/left_2026_08_31_13_16_16_879.jpg,/Users/martin/smart-technologies-ca2/data_recovery/IMG/right_2026_08_31_13_16_16_879.jpg,0,1,0,30.19031
/Users/martin/smart-technologies-ca2/data_recovery/IMG/center_2026_08_31_13_16_16_948.jpg,/Users/martin/smart-technologies-ca2/data_recovery/IMG/left_2026_08_31_13_16_16_948.jpg,/Users/martin/smart-technologies-ca2/data_recovery/IMG/right_2026_08_31_13_16_16_948.jpg,0,1,0,30.19033
/Users/martin/smart-technologies-ca2/data_recovery/IMG/center_2026_08_31_13_16_17_016.jpg,/Users/martin/smart-technologies-ca2/data_recovery/IMG/left_2026_08_31_13_16_17_016.jpg,/Users/martin/smart-technologies-ca2/data_recovery/IMG/right_2026_08_31_13_16_17_016.jpg,0,1,0,30.1903
/Users/martin/smart-technologies-ca2/data_recovery/IMG/center_2026_08_31_13_16_17_085.jpg,/Users/martin/smart-technologies-ca2/data_recovery/IMG/left_2026_08_31_13_16_17_085.jpg,/Users/martin/smart-technologies-ca2/data_recovery/IMG/right_2026_08_31_13_16_17_085.jpg,-0.2,1,0,30.17982
/Users/martin/smart-technologies-ca2/data_recovery/IMG/center_2026_08_31_13_16_17_154.jpg,/Users/martin/smart-technologies-ca2/data_recovery/IMG/left_2026_08_31_13_16_17_154.jpg,/Users/martin/smart-technologies-ca2/data_recovery/IMG/right_2026_08_31_13_16_17_154.jpg,-0.35,1,0,30.16345
/Users/martin/smart-technologies-ca2/data_recovery/IMG/center_2026_08_31_13_16_17_222.jpg,/Users/martin/smart-technologies-ca2/data_recovery/IMG/left_2026_08_31_13_16_17_222.jpg,/Users/martin/smart-technologies-ca2/data_recovery/IMG/right_2026_08_31_13_16_17_222.jpg,0,1,0,30.18743
/Users/martin/smart-technologies-ca2/data_recovery/IMG/center_2026_08_31_13_16_17_294.jpg,/Users/martin/smart-technologies-ca2/data_recovery/IMG/left_2026_08_31_13_16_17_294.jpg,/Users/martin/smart-technologies-ca2/data_recovery/IMG/right_2026_08_31_13_16_17_294.jpg,0,1,0,30.18961
/Users/martin/smart-technologies-ca2/data_recovery/IMG/center_2026_08_31_13_16_17_361.jpg,/Users/martin/smart-technologies-ca2/data_recovery/IMG/left_2026_08_31_13_16_17_361.jpg,/Users/martin/smart-technologies-ca2/data_recovery/IMG/right_2026_08_31_13_16_17_361.jpg,0,1,0,30.19016
/Users/martin/smart-technologies-ca2/data_recovery/IMG/center_2026_08_31_13_16_17_431.jpg,/Users/martin/smart-technologies-ca2/data_recovery/IMG/left_2026_08_31_13_16_17_431.jpg,/Users/martin/smart-technologies-ca2/data_recovery/IMG/right_2026_08_31_13_16_17_431.jpg,0,1,0,30.19024
/Users/martin/smart-technologies-ca2/data_recovery/IMG/center_2026_08_31_13_16_17_498.jpg,/Users/martin/smart-technologies-ca2/data_recovery/IMG/left_2026_08_31_13_16_17_498.jpg,/Users/martin/smart-technologies-ca2/data_recovery/IMG/right_2026_08_31_13_16_17_498.jpg,0,1,0,30.19037
/Users/martin/smart-technologies-ca2/data_recovery/IMG/center_2026_08_31_13_16_17_566.jpg,/Users/martin/smart-technologies-ca2/data_recovery/IMG/left_2026_08_31_13_16_17_566.jpg,/Users/martin/smart-technologies-ca2/data_recovery/IMG/right_2026_08_31_13_16_17_566.jpg,0,1,0,30.19029
/Users/martin/smart-technologies-ca2/data_recovery/IMG/center_2026_08_31_13_16_17_636.jpg,/Users/martin/smart-technologies-ca2/data_recovery/IMG/left_2026_08_31_13_16_17_636.jpg,/Users/martin/smart-technologies-ca2/data_recovery/IMG/right_2026_08_31_13_16_17_636.jpg,0,1,0,30.19029
/Users/martin/smart-technologies-ca2/data_recovery/IMG/center_2026_08_31_13_16_17_706.jpg,/Users/martin/smart-technologies-ca2/data_recovery/IMG/left_2026_08_31_13_16_17_706.jpg,/Users/martin/smart-technologies-ca2/data_recovery/IMG/right_2026_08_31_13_16_17_706.jpg,0,1,0,30.19025
/Users/martin/smart-technologies-ca2/data_recovery/IMG/center_2026_08_31_13_16_17_775.jpg,/Users/martin/smart-technologies-ca2/data_recovery/IMG/left_2026_08_31_13_16_17_775.jpg,/Users/martin/smart-technologies-ca2/data_recovery/IMG/right_2026_08_31_13_16_17_775.jpg,0,1,0,30.19029
/Users/martin/smart-technologies-ca2/data_recovery/IMG/center_2026_08_31_13_16_17_845.jpg,/Users/martin/smart-technologies-ca2/data_recovery/IMG/left_2026_08_31_13_16_17_845.jpg,/Users/martin/smart-technologies-ca2/data_recovery/IMG/right_2026_08_31_13_16_17_845.jpg,0,1,0,30.1903
/Users/martin/smart-technologies-ca2/data_recovery/IMG/center_2026_08_31_13_16_17_915.jpg,/Users/martin/smart-technologies-ca2/data_recovery/IMG/left_2026_08_31_13_16_17_915.jpg,/Users/martin/smart-technologies-ca2/data_recovery/IMG/right_2026_08_31_13_16_17_915.jpg,0,1,0,30.19029
/Users/martin/smart-technologies-ca2/data_recovery/IMG/center_2026_08_31_13_16_17_982.jpg,/Users/martin/smart-technologies-ca2/data_recovery/IMG/left_2026_08_31_13_16_17_982.jpg,/Users/martin/smart-technologies-ca2/data_recovery/IMG/right_2026_08_31_13_16_17_982.jpg,0,1,0,30.1903
/Users/martin/smart-technologies-ca2/data_recovery/IMG/center_2026_08_31_13_16_18_052.jpg,/Users/martin/smart-technologies-ca2/data_recovery/IMG/left_2026_08_31_13_16_18_052.jpg,/Users/martin/smart-technologies-ca2/data_recovery/IMG/right_2026_08_31_13_16_18_052.jpg,0,1,0,30.1903
/Users/martin/smart-technologies-ca2/data_recovery/IMG/center_2026_08_31_13_16_18_122.jpg,/Users/martin/smart-technologies-ca2/data_recovery/IMG/left_2026_08_31_13_16_18_122.jpg,/Users/martin/smart-technologies-ca2/data_recovery/IMG/right_2026_08_31_13_16_18_122.jpg,0,1,0,30.19032
/Users/martin/smart-technologies-ca2/data_recovery/IMG/center_2026_08_31_13_16_18_190.jpg,/Users/martin/smart-technologies-ca2/data_recovery/IMG/left_2026_08_31_13_16_18_190.jpg,/Users/martin/smart-technologies-ca2/data_recovery/IMG/right_2026_08_31_13_16_18_190.jpg,0,1,0,30.19032
/Users/martin/smart-technologies-ca2/data_recovery/IMG/center_2026_08_31_13_16_18_261.jpg,/Users/martin/smart-technologies-ca2/data_recovery/IMG/left_2026_08_31_13_16_18_261.jpg,/Users/martin/smart-technologies-ca2/data_recovery/IMG/right_2026_08_31_13_16_18_261.jpg,0,1,0,30.1903
/Users/martin/smart-technologies-ca2/data_recovery/IMG/center_2026_08_31_13_16_18_331.jpg,/Users/martin/smart-technologies-ca2/data_recovery/IMG/left_2026_08_31_13_16_18_331.jpg,/Users/martin/smart-technologies-ca2/data_recovery/IMG/right_2026_08_31_13_16_18_331.jpg,0,1,0,30.19033
/Users/martin/smart-technologies-ca2/data_recovery/IMG/center_2026_08_31_13_16_18_398.jpg,/Users/martin/smart-technologies-ca2/data_recovery/IMG/left_2026_08_31_13_16_18_398.jpg,/Users/martin/smart-technologies-ca2/data_recovery/IMG/right_2026_08_31_13_16_18_398.jpg,0,1,0,30.19028
/Users/martin/smart-technologies-ca2/data_recovery/IMG/center_2026_08_31_13_16_18_465.jpg,/Users/martin/smart-technologies-ca2/data_recovery/IMG/left_2026_08_31_13_16_18_465.jpg,/Users/martin/smart-technologies-ca2/data_recovery/IMG/right_2026_08_31_13_16_18_465.jpg,0,1,0,30.1903
/Users/martin/smart-technologies-ca2/data_recovery/IMG/center_2026_08_31_13_16_18_534.jpg,/Users/martin/smart-technologies-ca2/data_recovery/IMG/left_2026_08_31_13_16_18_534.jpg,/Users/martin/smart-technologies-ca2/data_recovery/IMG/right_2026_08_31_13_16_18_534.jpg,0,1,0,30.19029
/Users/martin/smart-technologies-ca2/data_recovery/IMG/center_2026_08_31_13_16_18_602.jpg,/Users/martin/smart-technologies-ca2/data_recovery/IMG/left_2026_08_31_13_16_18_602.jpg,/Users/martin/smart-technologies-ca2/data_recovery/IMG/right_2026_08_31_13_16_18_602.jpg,0,1,0,30.19032
/Users/martin/smart-technologies-ca2/data_recovery/IMG/center_2026_08_31_13_16_18_668.jpg,/Users/martin/smart-technologies-ca2/data_recovery/IMG/left_2026_08_31_13_16_18_668.jpg,/Users/martin/smart-technologies-ca2/data_recovery/IMG/right_2026_08_31_13_16_18_668.jpg,0,1,0,30.19031
/Users/martin/smart-technologies-ca2/data_recovery/IMG/center_2026_08_31_13_16_18_736.jpg,/Users/martin/smart-technologies-ca2/data_recovery/IMG/left_2026_08_31_13_16_18_736.jpg,/Users/martin/smart-technologies-ca2/data_recovery/IMG/right_2026_08_31_13_16_18_736.jpg,0,1,0,30.19031
/Users/martin/smart-technologies-ca2/data_recovery/IMG/center_2026_08_31_13_16_18_806.jpg,/Users/martin/smart-technologies-ca2/data_recovery/IMG/left_2026_08_31_13_16_18_806.jpg,/Users/martin/smart-technologies-ca2/data_recovery/IMG/right_2026_08_31_13_16_18_806.jpg,0,1,0,30.19031
/Users/martin/smart-technologies-ca2/data_recovery/IMG/center_2026_08_31_13_16_18_874.jpg,/Users/martin/smart-technologies-ca2/data_recovery/IMG/left_2026_08_31_13_16_18_874.jpg,/Users/martin/smart-technologies-ca2/data_recovery/IMG/right_2026_08_31_13_16_18_874.jpg,0,1,0,30.1903
/Users/martin/smart-technologies-ca2/data_recovery/IMG/center_2026_08_31_13_16_18_942.jpg,/Users/martin/smart-technologies-ca2/data_recovery/IMG/left_2026_08_31_13_16_18_942.jpg,/Users/martin/smart-technologies-ca2/data_recovery/IMG/right_2026_08_31_13_16_18_942.jpg,0,1,0,30.19031
/Users/martin/smart-technologies-ca2/data_recovery/IMG/center_2026_08_31_13_16_19_011.jpg,/Users/martin/smart-technologies-ca2/data_recovery/IMG/left_2026_08_31_13_16_19_011.jpg,/Users/martin/smart-technologies-ca2/data_recovery/IMG/right_2026_08_31_13_16_19_011.jpg,0,1,0,30.1903
/Users/martin/smart-technologies-ca2/data_recovery/IMG/center_2026_08_31_13_16_19_081.jpg,/Users/martin/smart-technologies-ca2/data_recovery/IMG/left_2026_08_31_13_16_19_081.jpg,/Users/martin/smart-technologies-ca2/data_recovery/IMG/right_2026_08_31_13_16_19_081.jpg,0,1,0,30.19032
/Users/martin/smart-technologies-ca2/data_recovery/IMG/center_2026_08_31_13_16_19_151.jpg,/Users/martin/smart-technologies-ca2/data_recovery/IMG/left_2026_08_31_13_16_19_151.jpg,/Users/martin/smart-technologies-ca2/data_recovery/IMG/right_2026_08_31_13_16_19_151.jpg,0,1,0,30.1903
/Users/martin/smart-technologies-ca2/data_recovery/IMG/center_2026_08_31_13_16_19_218.jpg,/Users/martin/smart-technologies-ca2/data_recovery/IMG/left_2026_08_31_13_16_19_218.jpg,/Users/martin/smart-technologies-ca2/data_recovery/IMG/right_2026_08_31_13_16_19_218.jpg,0,1,0,30.19034
/Users/martin/smart-technologies-ca2/data_recovery/IMG/center_2026_08_31_13_16_19_288.jpg,/Users/martin/smart-technologies-ca2/data_recovery/IMG/left_2026_08_31_13_16_19_288.jpg,/Users/martin/smart-technologies-ca2/data_recovery/IMG/right_2026_08_31_13_16_19_288.jpg,0,1,0,30.1903
/Users/martin/smart-technologies-ca2/data_recovery/IMG/center_2026_08_31_13_16_19_356.jpg,/Users/martin/smart-technologies-ca2/data_recovery/IMG/left_2026_08_31_13_16_19_356.jpg,/Users/martin/smart-technologies-ca2/data_recovery/IMG/right_2026_08_31_13_16_19_356.jpg,0,1,0,30.19028
/Users/martin/smart-technologies-ca2/data_recovery/IMG/center_2026_08_31_13_16_19_428.jpg,/Users/martin/smart-technologies-ca2/data_recovery/IMG/left_2026_08_31_13_16_19_428.jpg,/Users/martin/smart-technologies-ca2/data_recovery/IMG/right_2026_08_31_13_16_19_428.jpg,0,1,0,30.19033
/Users/martin/smart-technologies-ca2/data_recovery/IMG/center_2026_08_31_13_16_19_497.jpg,/Users/martin/smart-technologies-ca2/data_recovery/IMG/left_2026_08_31_13_16_19_497.jpg,/Users/martin/smart-technologies-ca2/data_recovery/IMG/right_2026_08_31_13_16_19_497.jpg,0,1,0,30.1903
/Users/martin/smart-technologies-ca2/data_recovery/IMG/center_2026_08_31_13_16_19_564.jpg,/Users/martin/smart-technologies-ca2/data_recovery/IMG/left_2026_08_31_13_16_19_564.jpg,/Users/martin/smart-technologies-ca2/data_recovery/IMG/right_2026_08_31_13_16_19_564.jpg,0,1,0,30.19027
/Users/martin/smart-technologies-ca2/data_recovery/IMG/center_2026_08_31_13_16_19_631.jpg,/Users/martin/smart-technologies-ca2/data_recovery/IMG/left_2026_08_31_13_16_19_631.jpg,/Users/martin/smart-technologies-ca2/data_recovery/IMG/right_2026_08_31_13_16_19_631.jpg,0,1,0,30.19029
/Users/martin/smart-technologies-ca2/data_recovery/IMG/center_2026_08_31_13_16_19_701.jpg,/Users/martin/smart-technologies-ca2/data_recovery/IMG/left_2026_08_31_13_16_19_701.jpg,/Users/martin/smart-technologies-ca2/data_recovery/IMG/right_2026_08_31_13_16_19_701.jpg,0,1,0,30.19032
/Users/martin/smart-technologies-ca2/data_recovery/IMG/center_2026_08_31_13_16_19_772.jpg,/Users/martin/smart-technologies-ca2/data_recovery/IMG/left_2026_08_31_13_16_19_772.jpg,/Users/martin/smart-technologies-ca2/data_recovery/IMG/right_2026_08_31_13_16_19_772.jpg,0,0.8544068,0,30.16662
/Users/martin/smart-technologies-ca2/data_recovery/IMG/center_2026_08_31_13_16_19_868.jpg,/Users/martin/smart-technologies-ca2/data_recovery/IMG/left_2026_08_31_13_16_19_868.jpg,/Users/martin/smart-technologies-ca2/data_recovery/IMG/right_2026_08_31_13_16_19_868.jpg,0,0.5688939,0,29.7334
/Users/martin/smart-technologies-ca2/data_recovery/IMG/center_2026_08_31_13_16_59_782.jpg,/Users/martin/smart-technologies-ca2/data_recovery/IMG/left_2026_08_31_13_16_59_782.jpg,/Users/martin/smart-technologies-ca2/data_recovery/IMG/right_2026_08_31_13_16_59_782.jpg,0,0.3381089,0,3.282836
/Users/martin/smart-technologies-ca2/data_recovery/IMG/center_2026_08_31_13_16_59_852.jpg,/Users/martin/smart-technologies-ca2/data_recovery/IMG/left_2026_08_31_13_16_59_852.jpg,/Users/martin/smart-technologies-ca2/data_recovery/IMG/right_2026_08_31_13_16_59_852.jpg,0,0.5184721,0,3.596464
/Users/martin/smart-technologies-ca2/data_recovery/IMG/center_2026_08_31_13_16_59_919.jpg,/Users/martin/smart-technologies-ca2/data_recovery/IMG/left_2026_08_31_13_16_59_919.jpg,/Users/martin/smart-technologies-ca2/data_recovery/IMG/right_2026_08_31_13_16_59_919.jpg,0,0.757983,0,4.203538
/Users/martin/smart-technologies-ca2/data_recovery/IMG/center_2026_08_31_13_16_59_988.jpg,/Users/martin/smart-technologies-ca2/data_recovery/IMG/left_2026_08_31_13_16_59_988.jpg,/Users/martin/smart-technologies-ca2/data_recovery/IMG/right_2026_08_31_13_16_59_988.jpg,0,0.938604,0,4.806752
/Users/martin/smart-technologies-ca2/data_recovery/IMG/center_2026_08_31_13_17_00_058.jpg,/Users/martin/smart-technologies-ca2/data_recovery/IMG/left_2026_08_31_13_17_00_058.jpg,/Users/martin/smart-technologies-ca2/data_recovery/IMG/right_2026_08_31_13_17_00_058.jpg,0,1,0,5.730748
/Users/martin/smart-technologies-ca2/data_recovery/IMG/center_2026_08_31_13_17_00_125.jpg,/Users/martin/smart-technologies-ca2/data_recovery/IMG/left_2026_08_31_13_17_00_125.jpg,/Users/martin/smart-technologies-ca2/data_recovery/IMG/right_2026_08_31_13_17_00_125.jpg,0,1,0,6.421489
/Users/martin/smart-technologies-ca2/data_recovery/IMG/center_2026_08_31_13_17_00_195.jpg,/Users/martin/smart-technologies-ca2/data_recovery/IMG/left_2026_08_31_13_17_00_195.jpg,/Users/martin/smart-technologies-ca2/data_recovery/IMG/right_2026_08_31_13_17_00_195.jpg,0,1,0,7.108195
/Users/martin/smart-technologies-ca2/data_recovery/IMG/center_2026_08_31_13_17_00_262.jpg,/Users/martin/smart-technologies-ca2/data_recovery/IMG/left_2026_08_31_13_17_00_262.jpg,/Users/martin/smart-technologies-ca2/data_recovery/IMG/right_2026_08_31_13_17_00_262.jpg,0,1,0,8.017583
/Users/martin/smart-technologies-ca2/data_recovery/IMG/center_2026_08_31_13_17_00_332.jpg,/Users/martin/smart-technologies-ca2/data_recovery/IMG/left_2026_08_31_13_17_00_332.jpg,/Users/martin/smart-technologies-ca2/data_recovery/IMG/right_2026_08_31_13_17_00_332.jpg,0,1,0,8.694972
/Users/martin/smart-technologies-ca2/data_recovery/IMG/center_2026_08_31_13_17_00_399.jpg,/Users/martin/smart-technologies-ca2/data_recovery/IMG/left_2026_08_31_13_17_00_399.jpg,/Users/martin/smart-technologies-ca2/data_recovery/IMG/right_2026_08_31_13_17_00_399.jpg,0,1,0,9.59198
/Users/martin/smart-technologies-ca2/data_recovery/IMG/center_2026_08_31_13_17_00_468.jpg,/Users/martin/smart-technologies-ca2/data_recovery/IMG/left_2026_08_31_13_17_00_468.jpg,/Users/martin/smart-technologies-ca2/data_recovery/IMG/right_2026_08_31_13_17_00_468.jpg,0,1,0,10.2601
/Users/martin/smart-technologies-ca2/data_recovery/IMG/center_2026_08_31_13_17_00_535.jpg,/Users/martin/smart-technologies-ca2/data_recovery/IMG/left_2026_08_31_13_17_00_535.jpg,/Users/martin/smart-technologies-ca2/data_recovery/IMG/right_2026_08_31_13_17_00_535.jpg,0,1,0,10.92427
/Users/martin/smart-technologies-ca2/data_recovery/IMG/center_2026_08_31_13_17_00_602.jpg,/Users/martin/smart-technologies-ca2/data_recovery/IMG/left_2026_08_31_13_17_00_602.jpg,/Users/martin/smart-technologies-ca2/data_recovery/IMG/right_2026_08_31_13_17_00_602.jpg,0,1,0,11.64127
/Users/martin/smart-technologies-ca2/data_recovery/IMG/center_2026_08_31_13_17_00_669.jpg,/Users/martin/smart-technologies-ca2/data_recovery/IMG/left_2026_08_31_13_17_00_669.jpg,/Users/martin/smart-technologies-ca2/data_recovery/IMG/right_2026_08_31_13_17_00_669.jpg,0,1,0,12.49601
/Users/martin/smart-technologies-ca2/data_recovery/IMG/center_2026_08_31_13_17_00_737.jpg,/Users/martin/smart-technologies-ca2/data_recovery/IMG/left_2026_08_31_13_17_00_737.jpg,/Users/martin/smart-technologies-ca2/data_recovery/IMG/right_2026_08_31_13_17_00_737.jpg,0,1,0,13.13693
/Users/martin/smart-technologies-ca2/data_recovery/IMG/center_2026_08_31_13_17_00_806.jpg,/Users/martin/smart-technologies-ca2/data_recovery/IMG/left_2026_08_31_13_17_00_806.jpg,/Users/martin/smart-technologies-ca2/data_recovery/IMG/right_2026_08_31_13_17_00_806.jpg,0,1,0,13.91096
/Users/martin/smart-technologies-ca2/data_recovery/IMG/center_2026_08_31_13_17_00_873.jpg,/Users/martin/smart-technologies-ca2/data_recovery/IMG/left_2026_08_31_13_17_00_873.jpg,/Users/martin/smart-technologies-ca2/data_recovery/IMG/right_2026_08_31_13_17_00_873.jpg,0,1,0,14.68841
/Users/martin/smart-technologies-ca2/data_recovery/IMG/center_2026_08_31_13_17_00_940.jpg,/Users/martin/smart-technologies-ca2/data_recovery/IMG/left_2026_08_31_13_17_00_940.jpg,/Users/martin/smart-technologies-ca2/data_recovery/IMG/right_2026_08_31_13_17_00_940.jpg,0,1,0,15.48824
/Users/martin/smart-technologies-ca2/data_recovery/IMG/center_2026_08_31_13_17_01_009.jpg,/Users/martin/smart-technologies-ca2/data_recovery/IMG/left_2026_08_31_13_17_01_009.jpg,/Users/martin/smart-technologies-ca2/data_recovery/IMG/right_2026_08_31_13_17_01_009.jpg,0,1,0,16.06509
/Users/martin/smart-technologies-ca2/data_recovery/IMG/center_2026_08_31_13_17_01_079.jpg,/Users/martin/smart-technologies-ca2/data_recovery/IMG/left_2026_08_31_13_17_01_079.jpg,/Users/martin/smart-technologies-ca2/data_recovery/IMG/right_2026_08_31_13_17_01_079.jpg,0,1,0,16.9138
/Users/martin/smart-technologies-ca2/data_recovery/IMG/center_2026_08_31_13_17_01_146.jpg,/Users/martin/smart-technologies-ca2/data_recovery/IMG/left_2026_08_31_13_17_01_146.jpg,/Users/martin/smart-technologies-ca2/data_recovery/IMG/right_2026_08_31_13_17_01_146.jpg,0,1,0,17.57259
/Users/martin/smart-technologies-ca2/data_recovery/IMG/center_2026_08_31_13_17_01_213.jpg,/Users/martin/smart-technologies-ca2/data_recovery/IMG/left_2026_08_31_13_17_01_213.jpg,/Users/martin/smart-technologies-ca2/data_recovery/IMG/right_2026_08_31_13_17_01_213.jpg,0,1,0,18.17782
/Users/martin/smart-technologies-ca2/data_recovery/IMG/center_2026_08_31_13_17_01_283.jpg,/Users/martin/smart-technologies-ca2/data_recovery/IMG/left_2026_08_31_13_17_01_283.jpg,/Users/martin/smart-technologies-ca2/data_recovery/IMG/right_2026_08_31_13_17_01_283.jpg,0,1,0,19.0063
/Users/martin/smart-technologies-ca2/data_recovery/IMG/center_2026_08_31_13_17_01_351.jpg,/Users/martin/smart-technologies-ca2/data_recovery/IMG/left_2026_08_31_13_17_01_351.jpg,/Users/martin/smart-technologies-ca2/data_recovery/IMG/right_2026_08_31_13_17_01_351.jpg,0,1,0,19.62109
/Users/martin/smart-technologies-ca2/data_recovery/IMG/center_2026_08_31_13_17_01_421.jpg,/Users/martin/smart-technologies-ca2/data_recovery/IMG/left_2026_08_31_13_17_01_421.jpg,/Users/martin/smart-technologies-ca2/data_recovery/IMG/right_2026_08_31_13_17_01_421.jpg,0,1,0,20.43216
/Users/martin/smart-technologies-ca2/data_recovery/IMG/center_2026_08_31_13_17_01_490.jpg,/Users/martin/smart-technologies-ca2/data_recovery/IMG/left_2026_08_31_13_17_01_490.jpg,/Users/martin/smart-technologies-ca2/data_recovery/IMG/right_2026_08_31_13_17_01_490.jpg,0,1,0,21.03786
/Users/martin/smart-technologies-ca2/data_recovery/IMG/center_2026_08_31_13_17_01_558.jpg,/Users/martin/smart-technologies-ca2/data_recovery/IMG/left_2026_08_31_13_17_01_558.jpg,/Users/martin/smart-technologies-ca2/data_recovery/IMG/right_2026_08_31_13_17_01_558.jpg,0,1,0,21.83677
/Users/martin/smart-technologies-ca2/data_recovery/IMG/center_2026_08_31_13_17_01_626.jpg,/Users/martin/smart-technologies-ca2/data_recovery/IMG/left_2026_08_31_13_17_01_626.jpg,/Users/martin/smart-technologies-ca2/data_recovery/IMG/right_2026_08_31_13_17_01_626.jpg,0,1,0,22.4311
/Users/martin/smart-technologies-ca2/data_recovery/IMG/center_2026_08_31_13_17_01_694.jpg,/Users/martin/smart-technologies-ca2/data_recovery/IMG/left_2026_08_31_13_17_01_694.jpg,/Users/martin/smart-technologies-ca2/data_recovery/IMG/right_2026_08_31_13_17_01_694.jpg,0,1,0,23.02224
/Users/martin/smart-technologies-ca2/data_recovery/IMG/center_2026_08_31_13_17_01_764.jpg,/Users/martin/smart-technologies-ca2/data_recovery/IMG/left_2026_08_31_13_17_01_764.jpg,/Users/martin/smart-technologies-ca2/data_recovery/IMG/right_2026_08_31_13_17_01_764.jpg,0,1,0,23.80444
/Users/martin/smart-technologies-ca2/data_recovery/IMG/center_2026_08_31_13_17_01_834.jpg,/Users/martin/smart-technologies-ca2/data_recovery/IMG/left_2026_08_31_13_17_01_834.jpg,/Users/martin/smart-technologies-ca2/data_recovery/IMG/right_2026_08_31_13_17_01_834.jpg,0,1,0,24.38708
/Users/martin/smart-technologies-ca2/data_recovery/IMG/center_2026_08_31_13_17_01_901.jpg,/Users/martin/smart-technologies-ca2/data_recovery/IMG/left_2026_08_31_13_17_01_901.jpg,/Users/martin/smart-technologies-ca2/data_recovery/IMG/right_2026_08_31_13_17_01_901.jpg,0,1,0,25.15824
/Users/martin/smart-technologies-ca2/data_recovery/IMG/center_2026_08_31_13_17_01_968.jpg,/Users/martin/smart-technologies-ca2/data_recovery/IMG/left_2026_08_31_13_17_01_968.jpg,/Users/martin/smart-technologies-ca2/data_recovery/IMG/right_2026_08_31_13_17_01_968.jpg,0,1,0,25.73255
/Users/martin/smart-technologies-ca2/data_recovery/IMG/center_2026_08_31_13_17_02_037.jpg,/Users/martin/smart-technologies-ca2/data_recovery/IMG/left_2026_08_31_13_17_02_037.jpg,/Users/martin/smart-technologies-ca2/data_recovery/IMG/right_2026_08_31_13_17_02_037.jpg,0,1,0,26.3034
/Users/martin/smart-technologies-ca2/data_recovery/IMG/center_2026_08_31_13_17_02_104.jpg,/Users/martin/smart-technologies-ca2/data_recovery/IMG/left_2026_08_31_13_17_02_104.jpg,/Users/martin/smart-technologies-ca2/data_recovery/IMG/right_2026_08_31_13_17_02_104.jpg,0,1,0,27.05919
/Users/martin/smart-technologies-ca2/data_recovery/IMG/center_2026_08_31_13_17_02_173.jpg,/Users/martin/smart-technologies-ca2/data_recovery/IMG/left_2026_08_31_13_17_02_173.jpg,/Users/martin/smart-technologies-ca2/data_recovery/IMG/right_2026_08_31_13_17_02_173.jpg,-0.15,1,0,27.61311
/Users/martin/smart-technologies-ca2/data_recovery/IMG/center_2026_08_31_13_17_02_241.jpg,/Users/martin/smart-technologies-ca2/data_recovery/IMG/left_2026_08_31_13_17_02_241.jpg,/Users/martin/smart-technologies-ca2/data_recovery/IMG/right_2026_08_31_13_17_02_241.jpg,0,1,0,28.33142
/Users/martin/smart-technologies-ca2/data_recovery/IMG/center_2026_08_31_13_17_02_310.jpg,/Users/martin/smart-technologies-ca2/data_recovery/IMG/left_2026_08_31_13_17_02_310.jpg,/Users/martin/smart-technologies-ca2/data_recovery/IMG/right_2026_08_31_13_17_02_310.jpg,0,1,0,28.88482
/Users/martin/smart-technologies-ca2/data_recovery/IMG/center_2026_08_31_13_17_02_377.jpg,/Users/martin/smart-technologies-ca2/data_recovery/IMG/left_2026_08_31_13_17_02_377.jpg,/Users/martin/smart-technologies-ca2/data_recovery/IMG/right_2026_08_31_13_17_02_377.jpg,0,1,0,29.43628
/Users/martin/smart-technologies-ca2/data_recovery/IMG/center_2026_08_31_13_17_02_444.jpg,/Users/martin/smart-technologies-ca2/data_recovery/IMG/left_2026_08_31_13_17_02_444.jpg,/Users/martin/smart-technologies-ca2/data_recovery/IMG/right_2026_08_31_13_17_02_444.jpg,0,1,0,30.16663
/Users/martin/smart-technologies-ca2/data_recovery/IMG/center_2026_08_31_13_17_02_513.jpg,/Users/martin/smart-technologies-ca2/data_recovery/IMG/left_2026_08_31_13_17_02_513.jpg,/Users/martin/smart-technologies-ca2/data_recovery/IMG/right_2026_08_31_13_17_02_513.jpg,0,1,0,30.19051
/Users/martin/smart-technologies-ca2/data_recovery/IMG/center_2026_08_31_13_17_02_580.jpg,/Users/martin/smart-technologies-ca2/data_recovery/IMG/left_2026_08_31_13_17_02_580.jpg,/Users/martin/smart-technologies-ca2/data_recovery/IMG/right_2026_08_31_13_17_02_580.jpg,0,1,0,30.19027
/Users/martin/smart-technologies-ca2/data_recovery/IMG/center_2026_08_31_13_17_02_647.jpg,/Users/martin/smart-technologies-ca2/data_recovery/IMG/left_2026_08_31_13_17_02_647.jpg,/Users/martin/smart-technologies-ca2/data_recovery/IMG/right_2026_08_31_13_17_02_647.jpg,0,1,0,30.19028
/Users/martin/smart-technologies-ca2/data_recovery/IMG/center_2026_08_31_13_17_02_717.jpg,/Users/martin/smart-technologies-ca2/data_recovery/IMG/left_2026_08_31_13_17_02_717.jpg,/Users/martin/smart-technologies-ca2/data_recovery/IMG/right_2026_08_31_13_17_02_717.jpg,0,1,0,30.19029
/Users/martin/smart-technologies-ca2/data_recovery/IMG/center_2026_08_31_13_17_02_784.jpg,/Users/martin/smart-technologies-ca2/data_recovery/IMG/left_2026_08_31_13_17_02_784.jpg,/Users/martin/smart-technologies-ca2/data_recovery/IMG/right_2026_08_31_13_17_02_784.jpg,0,1,0,30.19028
/Users/martin/smart-technologies-ca2/data_recovery/IMG/center_2026_08_31_13_17_02_851.jpg,/Users/martin/smart-technologies-ca2/data_recovery/IMG/left_2026_08_31_13_17_02_851.jpg,/Users/martin/smart-technologies-ca2/data_recovery/IMG/right_2026_08_31_13_17_02_851.jpg,0,1,0,30.1901
/Users/martin/smart-technologies-ca2/data_recovery/IMG/center_2026_08_31_13_17_02_920.jpg,/Users/martin/smart-technologies-ca2/data_recovery/IMG/left_2026_08_31_13_17_02_920.jpg,/Users/martin/smart-technologies-ca2/data_recovery/IMG/right_2026_08_31_13_17_02_920.jpg,0,1,0,30.19027
/Users/martin/smart-technologies-ca2/data_recovery/IMG/center_2026_08_31_13_17_02_987.jpg,/Users/martin/smart-technologies-ca2/data_recovery/IMG/left_2026_08_31_13_17_02_987.jpg,/Users/martin/smart-technologies-ca2/data_recovery/IMG/right_2026_08_31_13_17_02_987.jpg,0,1,0,30.19028
/Users/martin/smart-technologies-ca2/data_recovery/IMG/center_2026_08_31_13_17_03_056.jpg,/Users/martin/smart-technologies-ca2/data_recovery/IMG/left_2026_08_31_13_17_03_056.jpg,/Users/martin/smart-technologies-ca2/data_recovery/IMG/right_2026_08_31_13_17_03_056.jpg,0,1,0,30.19019
/Users/martin/smart-technologies-ca2/data_recovery/IMG/center_2026_08_31_13_17_03_124.jpg,/Users/martin/smart-technologies-ca2/data_recovery/IMG/left_2026_08_31_13_17_03_124.jpg,/Users/martin/smart-technologies-ca2/data_recovery/IMG/right_2026_08_31_13_17_03_124.jpg,-0.05,1,0,30.18969
/Users/martin/smart-technologies-ca2/data_recovery/IMG/center_2026_08_31_13_17_03_192.jpg,/Users/martin/smart-technologies-ca2/data_recovery/IMG/left_2026_08_31_13_17_03_192.jpg,/Users/martin/smart-technologies-ca2/data_recovery/IMG/right_2026_08_31_13_17_03_192.jpg,-0.2,1,0,30.17978
/Users/martin/smart-technologies-ca2/data_recovery/IMG/center_2026_08_31_13_17_03_264.jpg,/Users/martin/smart-technologies-ca2/data_recovery/IMG/left_2026_08_31_13_17_03_264.jpg,/Users/martin/smart-technologies-ca2/data_recovery/IMG/right_2026_08_31_13_17_03_264.jpg,0,1,0,30.19072
/Users/martin/smart-technologies-ca2/data_recovery/IMG/center_2026_08_31_13_17_03_331.jpg,/Users/martin/smart-technologies-ca2/data_recovery/IMG/left_2026_08_31_13_17_03_331.jpg,/Users/martin/smart-technologies-ca2/data_recovery/IMG/right_2026_08_31_13_17_03_331.jpg,0,1,0,30.18979
/Users/martin/smart-technologies-ca2/data_recovery/IMG/center_2026_08_31_13_17_03_400.jpg,/Users/martin/smart-technologies-ca2/data_recovery/IMG/left_2026_08_31_13_17_03_400.jpg,/Users/martin/smart-technologies-ca2/data_recovery/IMG/right_2026_08_31_13_17_03_400.jpg,0,1,0,30.19018
/Users/martin/smart-technologies-ca2/data_recovery/IMG/center_2026_08_31_13_17_03_469.jpg,/Users/martin/smart-technologies-ca2/data_recovery/IMG/left_2026_08_31_13_17_03_469.jpg,/Users/martin/smart-technologies-ca2/data_recovery/IMG/right_2026_08_31_13_17_03_469.jpg,0,1,0,30.19024
/Users/martin/smart-technologies-ca2/data_recovery/IMG/center_2026_08_31_13_17_03_536.jpg,/Users/martin/smart-technologies-ca2/data_recovery/IMG/left_2026_08_31_13_17_03_536.jpg,/Users/martin/smart-technologies-ca2/data_recovery/IMG/right_2026_08_31_13_17_03_536.jpg,0,1,0,30.19028
/Users/martin/smart-technologies-ca2/data_recovery/IMG/center_2026_08_31_13_17_03_603.jpg,/Users/martin/smart-technologies-ca2/data_recovery/IMG/left_2026_08_31_13_17_03_603.jpg,/Users/martin/smart-technologies-ca2/data_recovery/IMG/right_2026_08_31_13_17_03_603.jpg,0,1,0,30.19032
/Users/martin/smart-technologies-ca2/data_recovery/IMG/center_2026_08_31_13_17_03_673.jpg,/Users/martin/smart-technologies-ca2/data_recovery/IMG/left_2026_08_31_13_17_03_673.jpg,/Users/martin/smart-technologies-ca2/data_recovery/IMG/right_2026_08_31_13_17_03_673.jpg,0,1,0,30.19036
/Users/martin/smart-technologies-ca2/data_recovery/IMG/center_2026_08_31_13_17_03_743.jpg,/Users/martin/smart-technologies-ca2/data_recovery/IMG/left_2026_08_31_13_17_03_743.jpg,/Users/martin/smart-technologies-ca2/data_recovery/IMG/right_2026_08_31_13_17_03_743.jpg,0,1,0,30.19032
/Users/martin/smart-technologies-ca2/data_recovery/IMG/center_2026_08_31_13_17_03_810.jpg,/Users/martin/smart-technologies-ca2/data_recovery/IMG/left_2026_08_31_13_17_03_810.jpg,/Users/martin/smart-technologies-ca2/data_recovery/IMG/right_2026_08_31_13_17_03_810.jpg,-0.15,1,0,30.18428
/Users/martin/smart-technologies-ca2/data_recovery/IMG/center_2026_08_31_13_17_03_880.jpg,/Users/martin/smart-technologies-ca2/data_recovery/IMG/left_2026_08_31_13_17_03_880.jpg,/Users/martin/smart-technologies-ca2/data_recovery/IMG/right_2026_08_31_13_17_03_880.jpg,-0.35,1,0,30.16354
/Users/martin/smart-technologies-ca2/data_recovery/IMG/center_2026_08_31_13_17_03_947.jpg,/Users/martin/smart-technologies-ca2/data_recovery/IMG/left_2026_08_31_13_17_03_947.jpg,/Users/martin/smart-technologies-ca2/data_recovery/IMG/right_2026_08_31_13_17_03_947.jpg,0,1,0,30.1891
/Users/martin/smart-technologies-ca2/data_recovery/IMG/center_2026_08_31_13_17_04_017.jpg,/Users/martin/smart-technologies-ca2/data_recovery/IMG/left_2026_08_31_13_17_04_017.jpg,/Users/martin/smart-technologies-ca2/data_recovery/IMG/right_2026_08_31_13_17_04_017.jpg,0,1,0,30.18908
/Users/martin/smart-technologies-ca2/data_recovery/IMG/center_2026_08_31_13_17_04_084.jpg,/Users/martin/smart-technologies-ca2/data_recovery/IMG/left_2026_08_31_13_17_04_084.jpg,/Users/martin/smart-technologies-ca2/data_recovery/IMG/right_2026_08_31_13_17_04_084.jpg,0,1,0,30.19013
/Users/martin/smart-technologies-ca2/data_recovery/IMG/center_2026_08_31_13_17_04_151.jpg,/Users/martin/smart-technologies-ca2/data_recovery/IMG/left_2026_08_31_13_17_04_151.jpg,/Users/martin/smart-technologies-ca2/data_recovery/IMG/right_2026_08_31_13_17_04_151.jpg,0,1,0,30.19022
/Users/martin/smart-technologies-ca2/data_recovery/IMG/center_2026_08_31_13_17_04_219.jpg,/Users/martin/smart-technologies-ca2/data_recovery/IMG/left_2026_08_31_13_17_04_219.jpg,/Users/martin/smart-technologies-ca2/data_recovery/IMG/right_2026_08_31_13_17_04_219.jpg,0,1,0,30.1901
/Users/martin/smart-technologies-ca2/data_recovery/IMG/center_2026_08_31_13_17_04_288.jpg,/Users/martin/smart-technologies-ca2/data_recovery/IMG/left_2026_08_31_13_17_04_288.jpg,/Users/martin/smart-technologies-ca2/data_recovery/IMG/right_2026_08_31_13_17_04_288.jpg,0,1,0,30.1903
/Users/martin/smart-technologies-ca2/data_recovery/IMG/center_2026_08_31_13_17_04_357.jpg,/Users/martin/smart-technologies-ca2/data_recovery/IMG/left_2026_08_31_13_17_04_357.jpg,/Users/martin/smart-technologies-ca2/data_recovery/IMG/right_2026_08_31_13_17_04_357.jpg,0,1,0,30.1903
/Users/martin/smart-technologies-ca2/data_recovery/IMG/center_2026_08_31_13_17_04_425.jpg,/Users/martin/smart-technologies-ca2/data_recovery/IMG/left_2026_08_31_13_17_04_425.jpg,/Users/martin/smart-technologies-ca2/data_recovery/IMG/right_2026_08_31_13_17_04_425.jpg,0,1,0,30.19028
/Users/martin/smart-technologies-ca2/data_recovery/IMG/center_2026_08_31_13_17_04_495.jpg,/Users/martin/smart-technologies-ca2/data_recovery/IMG/left_2026_08_31_13_17_04_495.jpg,/Users/martin/smart-technologies-ca2/data_recovery/IMG/right_2026_08_31_13_17_04_495.jpg,0,1,0,30.1903
/Users/martin/smart-technologies-ca2/data_recovery/IMG/center_2026_08_31_13_17_04_562.jpg,/Users/martin/smart-technologies-ca2/data_recovery/IMG/left_2026_08_31_13_17_04_562.jpg,/Users/martin/smart-technologies-ca2/data_recovery/IMG/right_2026_08_31_13_17_04_562.jpg,0,1,0,30.1903
/Users/martin/smart-technologies-ca2/data_recovery/IMG/center_2026_08_31_13_17_04_632.jpg,/Users/martin/smart-technologies-ca2/data_recovery/IMG/left_2026_08_31_13_17_04_632.jpg,/Users/martin/smart-technologies-ca2/data_recovery/IMG/right_2026_08_31_13_17_04_632.jpg,0,1,0,30.19032
/Users/martin/smart-technologies-ca2/data_recovery/IMG/center_2026_08_31_13_17_04_700.jpg,/Users/martin/smart-technologies-ca2/data_recovery/IMG/left_2026_08_31_13_17_04_700.jpg,/Users/martin/smart-technologies-ca2/data_recovery/IMG/right_2026_08_31_13_17_04_700.jpg,0,1,0,30.19026
/Users/martin/smart-technologies-ca2/data_recovery/IMG/center_2026_08_31_13_17_04_767.jpg,/Users/martin/smart-technologies-ca2/data_recovery/IMG/left_2026_08_31_13_17_04_767.jpg,/Users/martin/smart-technologies-ca2/data_recovery/IMG/right_2026_08_31_13_17_04_767.jpg,0,1,0,30.19028
/Users/martin/smart-technologies-ca2/data_recovery/IMG/center_2026_08_31_13_17_04_837.jpg,/Users/martin/smart-technologies-ca2/data_recovery/IMG/left_2026_08_31_13_17_04_837.jpg,/Users/martin/smart-technologies-ca2/data_recovery/IMG/right_2026_08_31_13_17_04_837.jpg,0,1,0,30.19032
/Users/martin/smart-technologies-ca2/data_recovery/IMG/center_2026_08_31_13_17_04_906.jpg,/Users/martin/smart-technologies-ca2/data_recovery/IMG/left_2026_08_31_13_17_04_906.jpg,/Users/martin/smart-technologies-ca2/data_recovery/IMG/right_2026_08_31_13_17_04_906.jpg,-0.15,1,0,30.18422
/Users/martin/smart-technologies-ca2/data_recovery/IMG/center_2026_08_31_13_17_04_976.jpg,/Users/martin/smart-technologies-ca2/data_recovery/IMG/left_2026_08_31_13_17_04_976.jpg,/Users/martin/smart-technologies-ca2/data_recovery/IMG/right_2026_08_31_13_17_04_976.jpg,0,1,0,30.19106
/Users/martin/smart-technologies-ca2/data_recovery/IMG/center_2026_08_31_13_17_05_043.jpg,/Users/martin/smart-technologies-ca2/data_recovery/IMG/left_2026_08_31_13_17_05_043.jpg,/Users/martin/smart-technologies-ca2/data_recovery/IMG/right_2026_08_31_13_17_05_043.jpg,0,1,0,30.19022
/Users/martin/smart-technologies-ca2/data_recovery/IMG/center_2026_08_31_13_17_05_114.jpg,/Users/martin/smart-technologies-ca2/data_recovery/IMG/left_2026_08_31_13_17_05_114.jpg,/Users/martin/smart-technologies-ca2/data_recovery/IMG/right_2026_08_31_13_17_05_114.jpg,0,1,0,30.1903
/Users/martin/smart-technologies-ca2/data_recovery/IMG/center_2026_08_31_13_17_05_184.jpg,/Users/martin/smart-technologies-ca2/data_recovery/IMG/left_2026_08_31_13_17_05_184.jpg,/Users/martin/smart-technologies-ca2/data_recovery/IMG/right_2026_08_31_13_17_05_184.jpg,0,1,0,30.19034
/Users/martin/smart-technologies-ca2/data_recovery/IMG/center_2026_08_31_13_17_05_254.jpg,/Users/martin/smart-technologies-ca2/data_recovery/IMG/left_2026_08_31_13_17_05_254.jpg,/Users/martin/smart-technologies-ca2/data_recovery/IMG/right_2026_08_31_13_17_05_254.jpg,0,1,0,30.19025
/Users/martin/smart-technologies-ca2/data_recovery/IMG/center_2026_08_31_13_17_05_323.jpg,/Users/martin/smart-technologies-ca2/data_recovery/IMG/left_2026_08_31_13_17_05_323.jpg,/Users/martin/smart-technologies-ca2/data_recovery/IMG/right_2026_08_31_13_17_05_323.jpg,-0.05,1,0,30.1896
/Users/martin/smart-technologies-ca2/data_recovery/IMG/center_2026_08_31_13_17_05_390.jpg,/Users/martin/smart-technologies-ca2/data_recovery/IMG/left_2026_08_31_13_17_05_390.jpg,/Users/martin/smart-technologies-ca2/data_recovery/IMG/right_2026_08_31_13_17_05_390.jpg,-0.2,1,0,30.17996
/Users/martin/smart-technologies-ca2/data_recovery/IMG/center_2026_08_31_13_17_05_460.jpg,/Users/martin/smart-technologies-ca2/data_recovery/IMG/left_2026_08_31_13_17_05_460.jpg,/Users/martin/smart-technologies-ca2/data_recovery/IMG/right_2026_08_31_13_17_05_460.jpg,0,1,0,30.18304
/Users/martin/smart-technologies-ca2/data_recovery/IMG/center_2026_08_31_13_17_05_531.jpg,/Users/martin/smart-technologies-ca2/data_recovery/IMG/left_2026_08_31_13_17_05_531.jpg,/Users/martin/smart-technologies-ca2/data_recovery/IMG/right_2026_08_31_13_17_05_531.jpg,0,1,0,30.18958
/Users/martin/smart-technologies-ca2/data_recovery/IMG/center_2026_08_31_13_17_05_600.jpg,/Users/martin/smart-technologies-ca2/data_recovery/IMG/left_2026_08_31_13_17_05_600.jpg,/Users/martin/smart-technologies-ca2/data_recovery/IMG/right_2026_08_31_13_17_05_600.jpg,0,1,0,30.19012
/Users/martin/smart-technologies-ca2/data_recovery/IMG/center_2026_08_31_13_17_05_668.jpg,/Users/martin/smart-technologies-ca2/data_recovery/IMG/left_2026_08_31_13_17_05_668.jpg,/Users/martin/smart-technologies-ca2/data_recovery/IMG/right_2026_08_31_13_17_05_668.jpg,0,1,0,30.19021
/Users/martin/smart-technologies-ca2/data_recovery/IMG/center_2026_08_31_13_17_05_737.jpg,/Users/martin/smart-technologies-ca2/data_recovery/IMG/left_2026_08_31_13_17_05_737.jpg,/Users/martin/smart-technologies-ca2/data_recovery/IMG/right_2026_08_31_13_17_05_737.jpg,0,1,0,30.19026
/Users/martin/smart-technologies-ca2/data_recovery/IMG/center_2026_08_31_13_17_05_804.jpg,/Users/martin/smart-technologies-ca2/data_recovery/IMG/left_2026_08_31_13_17_05_804.jpg,/Users/martin/smart-technologies-ca2/data_recovery/IMG/right_2026_08_31_13_17_05_804.jpg,0,1,0,30.19027
/Users/martin/smart-technologies-ca2/data_recovery/IMG/center_2026_08_31_13_17_05_873.jpg,/Users/martin/smart-technologies-ca2/data_recovery/IMG/left_2026_08_31_13_17_05_873.jpg,/Users/martin/smart-technologies-ca2/data_recovery/IMG/right_2026_08_31_13_17_05_873.jpg,0,1,0,30.19033
/Users/martin/smart-technologies-ca2/data_recovery/IMG/center_2026_08_31_13_17_05_940.jpg,/Users/martin/smart-technologies-ca2/data_recovery/IMG/left_2026_08_31_13_17_05_940.jpg,/Users/martin/smart-technologies-ca2/data_recovery/IMG/right_2026_08_31_13_17_05_940.jpg,0,1,0,30.19033
/Users/martin/smart-technologies-ca2/data_recovery/IMG/center_2026_08_31_13_17_06_009.jpg,/Users/martin/smart-technologies-ca2/data_recovery/IMG/left_2026_08_31_13_17_06_009.jpg,/Users/martin/smart-technologies-ca2/data_recovery/IMG/right_2026_08_31_13_17_06_009.jpg,0,1,0,30.1903
/Users/martin/smart-technologies-ca2/data_recovery/IMG/center_2026_08_31_13_17_06_079.jpg,/Users/martin/smart-technologies-ca2/data_recovery/IMG/left_2026_08_31_13_17_06_079.jpg,/Users/martin/smart-technologies-ca2/data_recovery/IMG/right_2026_08_31_13_17_06_079.jpg,0,1,0,30.19031
/Users/martin/smart-technologies-ca2/data_recovery/IMG/center_2026_08_31_13_17_06_146.jpg,/Users/martin/smart-technologies-ca2/data_recovery/IMG/left_2026_08_31_13_17_06_146.jpg,/Users/martin/smart-technologies-ca2/data_recovery/IMG/right_2026_08_31_13_17_06_146.jpg,-0.1,1,0,30.18771
/Users/martin/smart-technologies-ca2/data_recovery/IMG/center_2026_08_31_13_17_06_214.jpg,/Users/martin/smart-technologies-ca2/data_recovery/IMG/left_2026_08_31_13_17_06_214.jpg,/Users/martin/smart-technologies-ca2/data_recovery/IMG/right_2026_08_31_13_17_06_214.jpg,-0.25,1,0,30.17476
/Users/martin/smart-technologies-ca2/data_recovery/IMG/center_2026_08_31_13_17_06_281.jpg,/Users/martin/smart-technologies-ca2/data_recovery/IMG/left_2026_08_31_13_17_06_281.jpg,/Users/martin/smart-technologies-ca2/data_recovery/IMG/right_2026_08_31_13_17_06_281.jpg,0,1,0,30.18117
/Users/martin/smart-technologies-ca2/data_recovery/IMG/center_2026_08_31_13_17_06_350.jpg,/Users/martin/smart-technologies-ca2/data_recovery/IMG/left_2026_08_31_13_17_06_350.jpg,/Users/martin/smart-technologies-ca2/data_recovery/IMG/right_2026_08_31_13_17_06_350.jpg,0,1,0,30.18904
/Users/martin/smart-technologies-ca2/data_recovery/IMG/center_2026_08_31_13_17_06_417.jpg,/Users/martin/smart-technologies-ca2/data_recovery/IMG/left_2026_08_31_13_17_06_417.jpg,/Users/martin/smart-technologies-ca2/data_recovery/IMG/right_2026_08_31_13_17_06_417.jpg,0,1,0,30.19027
/Users/martin/smart-technologies-ca2/data_recovery/IMG/center_2026_08_31_13_17_06_484.jpg,/Users/martin/smart-technologies-ca2/data_recovery/IMG/left_2026_08_31_13_17_06_484.jpg,/Users/martin/smart-technologies-ca2/data_recovery/IMG/right_2026_08_31_13_17_06_484.jpg,0,1,0,30.19015
/Users/martin/smart-technologies-ca2/data_recovery/IMG/center_2026_08_31_13_17_06_551.jpg,/Users/martin/smart-technologies-ca2/data_recovery/IMG/left_2026_08_31_13_17_06_551.jpg,/Users/martin/smart-technologies-ca2/data_recovery/IMG/right_2026_08_31_13_17_06_551.jpg,0,1,0,30.19027
/Users/martin/smart-technologies-ca2/data_recovery/IMG/center_2026_08_31_13_17_06_617.jpg,/Users/martin/smart-technologies-ca2/data_recovery/IMG/left_2026_08_31_13_17_06_617.jpg,/Users/martin/smart-technologies-ca2/data_recovery/IMG/right_2026_08_31_13_17_06_617.jpg,-0.15,1,0,30.18514
/Users/martin/smart-technologies-ca2/data_recovery/IMG/center_2026_08_31_13_17_06_687.jpg,/Users/martin/smart-technologies-ca2/data_recovery/IMG/left_2026_08_31_13_17_06_687.jpg,/Users/martin/smart-technologies-ca2/data_recovery/IMG/right_2026_08_31_13_17_06_687.jpg,-0.35,1,0,30.16439
/Users/martin/smart-technologies-ca2/data_recovery/IMG/center_2026_08_31_13_17_06_754.jpg,/Users/martin/smart-technologies-ca2/data_recovery/IMG/left_2026_08_31_13_17_06_754.jpg,/Users/martin/smart-technologies-ca2/data_recovery/IMG/right_2026_08_31_13_17_06_754.jpg,0,1,0,30.18892
/Users/martin/smart-technologies-ca2/data_recovery/IMG/center_2026_08_31_13_17_06_823.jpg,/Users/martin/smart-technologies-ca2/data_recovery/IMG/left_2026_08_31_13_17_06_823.jpg,/Users/martin/smart-technologies-ca2/data_recovery/IMG/right_2026_08_31_13_17_06_823.jpg,0,1,0,30.18969
/Users/martin/smart-technologies-ca2/data_recovery/IMG/center_2026_08_31_13_17_06_890.jpg,/Users/martin/smart-technologies-ca2/data_recovery/IMG/left_2026_08_31_13_17_06_890.jpg,/Users/martin/smart-technologies-ca2/data_recovery/IMG/right_2026_08_31_13_17_06_890.jpg,0,1,0,30.19012
/Users/martin/smart-technologies-ca2/data_recovery/IMG/center_2026_08_31_13_17_06_957.jpg,/Users/martin/smart-technologies-ca2/data_recovery/IMG/left_2026_08_31_13_17_06_957.jpg,/Users/martin/smart-technologies-ca2/data_recovery/IMG/right_2026_08_31_13_17_06_957.jpg,0,1,0,30.19026
/Users/martin/smart-technologies-ca2/data_recovery/IMG/center_2026_08_31_13_17_07_026.jpg,/Users/martin/smart-technologies-ca2/data_recovery/IMG/left_2026_08_31_13_17_07_026.jpg,/Users/martin/smart-technologies-ca2/data_recovery/IMG/right_2026_08_31_13_17_07_026.jpg,0,1,0,30.19029
/Users/martin/smart-technologies-ca2/data_recovery/IMG/center_2026_08_31_13_17_07_093.jpg,/Users/martin/smart-technologies-ca2/data_recovery/IMG/left_2026_08_31_13_17_07_093.jpg,/Users/martin/smart-technologies-ca2/data_recovery/IMG/right_2026_08_31_13_17_07_093.jpg,0,1,0,30.19028
/Users/martin/smart-technologies-ca2/data_recovery/IMG/center_2026_08_31_13_17_07_162.jpg,/Users/martin/smart-technologies-ca2/data_recovery/IMG/left_2026_08_31_13_17_07_162.jpg,/Users/martin/smart-technologies-ca2/data_recovery/IMG/right_2026_08_31_13_17_07_162.jpg,0,1,0,30.19057
/Users/martin/smart-technologies-ca2/data_recovery/IMG/center_2026_08_31_13_17_07_229.jpg,/Users/martin/smart-technologies-ca2/data_recovery/IMG/left_2026_08_31_13_17_07_229.jpg,/Users/martin/smart-technologies-ca2/data_recovery/IMG/right_2026_08_31_13_17_07_229.jpg,0,1,0,30.19025
/Users/martin/smart-technologies-ca2/data_recovery/IMG/center_2026_08_31_13_17_07_298.jpg,/Users/martin/smart-technologies-ca2/data_recovery/IMG/left_2026_08_31_13_17_07_298.jpg,/Users/martin/smart-technologies-ca2/data_recovery/IMG/right_2026_08_31_13_17_07_298.jpg,0,1,0,30.19029
/Users/martin/smart-technologies-ca2/data_recovery/IMG/center_2026_08_31_13_17_07_368.jpg,/Users/martin/smart-technologies-ca2/data_recovery/IMG/left_2026_08_31_13_17_07_368.jpg,/Users/martin/smart-technologies-ca2/data_recovery/IMG/right_2026_08_31_13_17_07_368.jpg,0,1,0,30.19003
/Users/martin/smart-technologies-ca2/data_recovery/IMG/center_2026_08_31_13_17_07_437.jpg,/Users/martin/smart-technologies-ca2/data_recovery/IMG/left_2026_08_31_13_17_07_437.jpg,/Users/martin/smart-technologies-ca2/data_recovery/IMG/right_2026_08_31_13_17_07_437.jpg,0,1,0,30.19031
/Users/martin/smart-technologies-ca2/data_recovery/IMG/center_2026_08_31_13_17_07_504.jpg,/Users/martin/smart-technologies-ca2/data_recovery/IMG/left_2026_08_31_13_17_07_504.jpg,/Users/martin/smart-technologies-ca2/data_recovery/IMG/right_2026_08_31_13_17_07_504.jpg,0,1,0,30.19025
/Users/martin/smart-technologies-ca2/data_recovery/IMG/center_2026_08_31_13_17_07_573.jpg,/Users/martin/smart-technologies-ca2/data_recovery/IMG/left_2026_08_31_13_17_07_573.jpg,/Users/martin/smart-technologies-ca2/data_recovery/IMG/right_2026_08_31_13_17_07_573.jpg,-0.15,1,0,30.18417
/Users/martin/smart-technologies-ca2/data_recovery/IMG/center_2026_08_31_13_17_07_640.jpg,/Users/martin/smart-technologies-ca2/data_recovery/IMG/left_2026_08_31_13_17_07_640.jpg,/Users/martin/smart-technologies-ca2/data_recovery/IMG/right_2026_08_31_13_17_07_640.jpg,-0.35,1,0,30.16345
/Users/martin/smart-technologies-ca2/data_recovery/IMG/center_2026_08_31_13_17_07_708.jpg,/Users/martin/smart-technologies-ca2/data_recovery/IMG/left_2026_08_31_13_17_07_708.jpg,/Users/martin/smart-technologies-ca2/data_recovery/IMG/right_2026_08_31_13_17_07_708.jpg,0,1,0,30.17926
/Users/martin/smart-technologies-ca2/data_recovery/IMG/center_2026_08_31_13_17_07_774.jpg,/Users/martin/smart-technologies-ca2/data_recovery/IMG/left_2026_08_31_13_17_07_774.jpg,/Users/martin/smart-technologies-ca2/data_recovery/IMG/right_2026_08_31_13_17_07_774.jpg,0,1,0,30.18834
/Users/martin/smart-technologies-ca2/data_recovery/IMG/center_2026_08_31_13_17_07_841.jpg,/Users/martin/smart-technologies-ca2/data_recovery/IMG/left_2026_08_31_13_17_07_841.jpg,/Users/martin/smart-technologies-ca2/data_recovery/IMG/right_2026_08_31_13_17_07_841.jpg,0,1,0,30.18987
/Users/martin/smart-technologies-ca2/data_recovery/IMG/center_2026_08_31_13_17_07_909.jpg,/Users/martin/smart-technologies-ca2/data_recovery/IMG/left_2026_08_31_13_17_07_909.jpg,/Users/martin/smart-technologies-ca2/data_recovery/IMG/right_2026_08_31_13_17_07_909.jpg,0,1,0,30.1902
/Users/martin/smart-technologies-ca2/data_recovery/IMG/center_2026_08_31_13_17_07_977.jpg,/Users/martin/smart-technologies-ca2/data_recovery/IMG/left_2026_08_31_13_17_07_977.jpg,/Users/martin/smart-technologies-ca2/data_recovery/IMG/right_2026_08_31_13_17_07_977.jpg,0,1,0,30.19026
/Users/martin/smart-technologies-ca2/data_recovery/IMG/center_2026_08_31_13_17_08_044.jpg,/Users/martin/smart-technologies-ca2/data_recovery/IMG/left_2026_08_31_13_17_08_044.jpg,/Users/martin/smart-technologies-ca2/data_recovery/IMG/right_2026_08_31_13_17_08_044.jpg,0,1,0,30.1903
/Users/martin/smart-technologies-ca2/data_recovery/IMG/center_2026_08_31_13_17_08_114.jpg,/Users/martin/smart-technologies-ca2/data_recovery/IMG/left_2026_08_31_13_17_08_114.jpg,/Users/martin/smart-technologies-ca2/data_recovery/IMG/right_2026_08_31_13_17_08_114.jpg,0,1,0,30.19009
/Users/martin/smart-technologies-ca2/data_recovery/IMG/center_2026_08_31_13_17_08_181.jpg,/Users/martin/smart-technologies-ca2/data_recovery/IMG/left_2026_08_31_13_17_08_181.jpg,/Users/martin/smart-technologies-ca2/data_recovery/IMG/right_2026_08_31_13_17_08_181.jpg,0,1,0,30.19033
/Users/martin/smart-technologies-ca2/data_recovery/IMG/center_2026_08_31_13_17_08_250.jpg,/Users/martin/smart-technologies-ca2/data_recovery/IMG/left_2026_08_31_13_17_08_250.jpg,/Users/martin/smart-technologies-ca2/data_recovery/IMG/right_2026_08_31_13_17_08_250.jpg,0,1,0,30.19031
/Users/martin/smart-technologies-ca2/data_recovery/IMG/center_2026_08_31_13_17_08_320.jpg,/Users/martin/smart-technologies-ca2/data_recovery/IMG/left_2026_08_31_13_17_08_320.jpg,/Users/martin/smart-technologies-ca2/data_recovery/IMG/right_2026_08_31_13_17_08_320.jpg,0,1,0,30.1903
/Users/martin/smart-technologies-ca2/data_recovery/IMG/center_2026_08_31_13_17_08_386.jpg,/Users/martin/smart-technologies-ca2/data_recovery/IMG/left_2026_08_31_13_17_08_386.jpg,/Users/martin/smart-technologies-ca2/data_recovery/IMG/right_2026_08_31_13_17_08_386.jpg,0,1,0,30.19031
/Users/martin/smart-technologies-ca2/data_recovery/IMG/center_2026_08_31_13_17_08_453.jpg,/Users/martin/smart-technologies-ca2/data_recovery/IMG/left_2026_08_31_13_17_08_453.jpg,/Users/martin/smart-technologies-ca2/data_recovery/IMG/right_2026_08_31_13_17_08_453.jpg,0,1,0,30.19031
/Users/martin/smart-technologies-ca2/data_recovery/IMG/center_2026_08_31_13_17_08_520.jpg,/Users/martin/smart-technologies-ca2/data_recovery/IMG/left_2026_08_31_13_17_08_520.jpg,/Users/martin/smart-technologies-ca2/data_recovery/IMG/right_2026_08_31_13_17_08_520.jpg,0,1,0,30.19029
/Users/martin/smart-technologies-ca2/data_recovery/IMG/center_2026_08_31_13_17_08_589.jpg,/Users/martin/smart-technologies-ca2/data_recovery/IMG/left_2026_08_31_13_17_08_589.jpg,/Users/martin/smart-technologies-ca2/data_recovery/IMG/right_2026_08_31_13_17_08_589.jpg,-0.05,1,0,30.1897
/Users/martin/smart-technologies-ca2/data_recovery/IMG/center_2026_08_31_13_17_08_659.jpg,/Users/martin/smart-technologies-ca2/data_recovery/IMG/left_2026_08_31_13_17_08_659.jpg,/Users/martin/smart-technologies-ca2/data_recovery/IMG/right_2026_08_31_13_17_08_659.jpg,-0.25,1,0,30.17475
/Users/martin/smart-technologies-ca2/data_recovery/IMG/center_2026_08_31_13_17_08_725.jpg,/Users/martin/smart-technologies-ca2/data_recovery/IMG/left_2026_08_31_13_17_08_725.jpg,/Users/martin/smart-technologies-ca2/data_recovery/IMG/right_2026_08_31_13_17_08_725.jpg,-0.4,1,0,30.15747
/Users/martin/smart-technologies-ca2/data_recovery/IMG/center_2026_08_31_13_17_08_794.jpg,/Users/martin/smart-technologies-ca2/data_recovery/IMG/left_2026_08_31_13_17_08_794.jpg,/Users/martin/smart-technologies-ca2/data_recovery/IMG/right_2026_08_31_13_17_08_794.jpg,0,1,0,30.18761
/Users/martin/smart-technologies-ca2/data_recovery/IMG/center_2026_08_31_13_17_08_861.jpg,/Users/martin/smart-technologies-ca2/data_recovery/IMG/left_2026_08_31_13_17_08_861.jpg,/Users/martin/smart-technologies-ca2/data_recovery/IMG/right_2026_08_31_13_17_08_861.jpg,0,1,0,30.18932
/Users/martin/smart-technologies-ca2/data_recovery/IMG/center_2026_08_31_13_17_08_928.jpg,/Users/martin/smart-technologies-ca2/data_recovery/IMG/left_2026_08_31_13_17_08_928.jpg,/Users/martin/smart-technologies-ca2/data_recovery/IMG/right_2026_08_31_13_17_08_928.jpg,0,1,0,30.19068
/Users/martin/smart-technologies-ca2/data_recovery/IMG/center_2026_08_31_13_17_08_998.jpg,/Users/martin/smart-technologies-ca2/data_recovery/IMG/left_2026_08_31_13_17_08_998.jpg,/Users/martin/smart-technologies-ca2/data_recovery/IMG/right_2026_08_31_13_17_08_998.jpg,0,1,0,30.19023
/Users/martin/smart-technologies-ca2/data_recovery/IMG/center_2026_08_31_13_17_09_067.jpg,/Users/martin/smart-technologies-ca2/data_recovery/IMG/left_2026_08_31_13_17_09_067.jpg,/Users/martin/smart-technologies-ca2/data_recovery/IMG/right_2026_08_31_13_17_09_067.jpg,0,1,0,30.1903
/Users/martin/smart-technologies-ca2/data_recovery/IMG/center_2026_08_31_13_17_09_134.jpg,/Users/martin/smart-technologies-ca2/data_recovery/IMG/left_2026_08_31_13_17_09_134.jpg,/Users/martin/smart-technologies-ca2/data_recovery/IMG/right_2026_08_31_13_17_09_134.jpg,0,1,0,30.19001
/Users/martin/smart-technologies-ca2/data_recovery/IMG/center_2026_08_31_13_17_09_201.jpg,/Users/martin/smart-technologies-ca2/data_recovery/IMG/left_2026_08_31_13_17_09_201.jpg,/Users/martin/smart-technologies-ca2/data_recovery/IMG/right_2026_08_31_13_17_09_201.jpg,0,1,0,30.19025
/Users/martin/smart-technologies-ca2/data_recovery/IMG/center_2026_08_31_13_17_09_270.jpg,/Users/martin/smart-technologies-ca2/data_recovery/IMG/left_2026_08_31_13_17_09_270.jpg,/Users/martin/smart-technologies-ca2/data_recovery/IMG/right_2026_08_31_13_17_09_270.jpg,-0.15,1,0,30.18445
/Users/martin/smart-technologies-ca2/data_recovery/IMG/center_2026_08_31_13_17_09_337.jpg,/Users/martin/smart-technologies-ca2/data_recovery/IMG/left_2026_08_31_13_17_09_337.jpg,/Users/martin/smart-technologies-ca2/data_recovery/IMG/right_2026_08_31_13_17_09_337.jpg,-0.3,1,0,30.16943
/Users/martin/smart-technologies-ca2/data_recovery/IMG/center_2026_08_31_13_17_09_406.jpg,/Users/martin/smart-technologies-ca2/data_recovery/IMG/left_2026_08_31_13_17_09_406.jpg,/Users/martin/smart-technologies-ca2/data_recovery/IMG/right_2026_08_31_13_17_09_406.jpg,-0.5000001,1,0,30.14545
/Users/martin/smart-technologies-ca2/data_recovery/IMG/center_2026_08_31_13_17_09_473.jpg,/Users/martin/smart-technologies-ca2/data_recovery/IMG/left_2026_08_31_13_17_09_473.jpg,/Users/martin/smart-technologies-ca2/data_recovery/IMG/right_2026_08_31_13_17_09_473.jpg,-0.6500001,1,0,30.12717
/Users/martin/smart-technologies-ca2/data_recovery/IMG/center_2026_08_31_13_17_09_541.jpg,/Users/martin/smart-technologies-ca2/data_recovery/IMG/left_2026_08_31_13_17_09_541.jpg,/Users/martin/smart-technologies-ca2/data_recovery/IMG/right_2026_08_31_13_17_09_541.jpg,0,1,0,30.18386
/Users/martin/smart-technologies-ca2/data_recovery/IMG/center_2026_08_31_13_17_09_609.jpg,/Users/martin/smart-technologies-ca2/data_recovery/IMG/left_2026_08_31_13_17_09_609.jpg,/Users/martin/smart-technologies-ca2/data_recovery/IMG/right_2026_08_31_13_17_09_609.jpg,0,1,0,30.18856
/Users/martin/smart-technologies-ca2/data_recovery/IMG/center_2026_08_31_13_17_09_679.jpg,/Users/martin/smart-technologies-ca2/data_recovery/IMG/left_2026_08_31_13_17_09_679.jpg,/Users/martin/smart-technologies-ca2/data_recovery/IMG/right_2026_08_31_13_17_09_679.jpg,0,1,0,30.19001
/Users/martin/smart-technologies-ca2/data_recovery/IMG/center_2026_08_31_13_17_09_746.jpg,/Users/martin/smart-technologies-ca2/data_recovery/IMG/left_2026_08_31_13_17_09_746.jpg,/Users/martin/smart-technologies-ca2/data_recovery/IMG/right_2026_08_31_13_17_09_746.jpg,0,1,0,30.19017
/Users/martin/smart-technologies-ca2/data_recovery/IMG/center_2026_08_31_13_17_09_812.jpg,/Users/martin/smart-technologies-ca2/data_recovery/IMG/left_2026_08_31_13_17_09_812.jpg,/Users/martin/smart-technologies-ca2/data_recovery/IMG/right_2026_08_31_13_17_09_812.jpg,0,1,0,30.19024
/Users/martin/smart-technologies-ca2/data_recovery/IMG/center_2026_08_31_13_17_09_881.jpg,/Users/martin/smart-technologies-ca2/data_recovery/IMG/left_2026_08_31_13_17_09_881.jpg,/Users/martin/smart-technologies-ca2/data_recovery/IMG/right_2026_08_31_13_17_09_881.jpg,0,1,0,30.19034
/Users/martin/smart-technologies-ca2/data_recovery/IMG/center_2026_08_31_13_17_09_948.jpg,/Users/martin/smart-technologies-ca2/data_recovery/IMG/left_2026_08_31_13_17_09_948.jpg,/Users/martin/smart-technologies-ca2/data_recovery/IMG/right_2026_08_31_13_17_09_948.jpg,0,1,0,30.1903
/Users/martin/smart-technologies-ca2/data_recovery/IMG/center_2026_08_31_13_17_10_015.jpg,/Users/martin/smart-technologies-ca2/data_recovery/IMG/left_2026_08_31_13_17_10_015.jpg,/Users/martin/smart-technologies-ca2/data_recovery/IMG/right_2026_08_31_13_17_10_015.jpg,0,1,0,30.1903
/Users/martin/smart-technologies-ca2/data_recovery/IMG/center_2026_08_31_13_17_10_084.jpg,/Users/martin/smart-technologies-ca2/data_recovery/IMG/left_2026_08_31_13_17_10_084.jpg,/Users/martin/smart-technologies-ca2/data_recovery/IMG/right_2026_08_31_13_17_10_084.jpg,0,1,0,30.1903
/Users/martin/smart-technologies-ca2/data_recovery/IMG/center_2026_08_31_13_17_10_151.jpg,/Users/martin/smart-technologies-ca2/data_recovery/IMG/left_2026_08_31_13_17_10_151.jpg,/Users/martin/smart-technologies-ca2/data_recovery/IMG/right_2026_08_31_13_17_10_151.jpg,0,1,0,30.19031
/Users/martin/smart-technologies-ca2/data_recovery/IMG/center_2026_08_31_13_17_10_218.jpg,/Users/martin/smart-technologies-ca2/data_recovery/IMG/left_2026_08_31_13_17_10_218.jpg,/Users/martin/smart-technologies-ca2/data_recovery/IMG/right_2026_08_31_13_17_10_218.jpg,-0.05,1,0,30.1897
/Users/martin/smart-technologies-ca2/data_recovery/IMG/center_2026_08_31_13_17_10_286.jpg,/Users/martin/smart-technologies-ca2/data_recovery/IMG/left_2026_08_31_13_17_10_286.jpg,/Users/martin/smart-technologies-ca2/data_recovery/IMG/right_2026_08_31_13_17_10_286.jpg,-0.2,1,0,30.17979
/Users/martin/smart-technologies-ca2/data_recovery/IMG/center_2026_08_31_13_17_10_353.jpg,/Users/martin/smart-technologies-ca2/data_recovery/IMG/left_2026_08_31_13_17_10_353.jpg,/Users/martin/smart-technologies-ca2/data_recovery/IMG/right_2026_08_31_13_17_10_353.jpg,-0.35,1,0,30.16342
/Users/martin/smart-technologies-ca2/data_recovery/IMG/center_2026_08_31_13_17_10_420.jpg,/Users/martin/smart-technologies-ca2/data_recovery/IMG/left_2026_08_31_13_17_10_420.jpg,/Users/martin/smart-technologies-ca2/data_recovery/IMG/right_2026_08_31_13_17_10_420.jpg,0,1,0,30.17717
/Users/martin/smart-technologies-ca2/data_recovery/IMG/center_2026_08_31_13_17_10_489.jpg,/Users/martin/smart-technologies-ca2/data_recovery/IMG/left_2026_08_31_13_17_10_489.jpg,/Users/martin/smart-technologies-ca2/data_recovery/IMG/right_2026_08_31_13_17_10_489.jpg,0,1,0,30.18743
/Users/martin/smart-technologies-ca2/data_recovery/IMG/center_2026_08_31_13_17_10_558.jpg,/Users/martin/smart-technologies-ca2/data_recovery/IMG/left_2026_08_31_13_17_10_558.jpg,/Users/martin/smart-technologies-ca2/data_recovery/IMG/right_2026_08_31_13_17_10_558.jpg,0,1,0,30.18973
/Users/martin/smart-technologies-ca2/data_recovery/IMG/center_2026_08_31_13_17_10_625.jpg,/Users/martin/smart-technologies-ca2/data_recovery/IMG/left_2026_08_31_13_17_10_625.jpg,/Users/martin/smart-technologies-ca2/data_recovery/IMG/right_2026_08_31_13_17_10_625.jpg,0,1,0,30.19011
/Users/martin/smart-technologies-ca2/data_recovery/IMG/center_2026_08_31_13_17_10_694.jpg,/Users/martin/smart-technologies-ca2/data_recovery/IMG/left_2026_08_31_13_17_10_694.jpg,/Users/martin/smart-technologies-ca2/data_recovery/IMG/right_2026_08_31_13_17_10_694.jpg,0,1,0,30.19028
/Users/martin/smart-technologies-ca2/data_recovery/IMG/center_2026_08_31_13_17_10_765.jpg,/Users/martin/smart-technologies-ca2/data_recovery/IMG/left_2026_08_31_13_17_10_765.jpg,/Users/martin/smart-technologies-ca2/data_recovery/IMG/right_2026_08_31_13_17_10_765.jpg,0,1,0,30.19029
/Users/martin/smart-technologies-ca2/data_recovery/IMG/center_2026_08_31_13_17_10_832.jpg,/Users/martin/smart-technologies-ca2/data_recovery/IMG/left_2026_08_31_13_17_10_832.jpg,/Users/martin/smart-technologies-ca2/data_recovery/IMG/right_2026_08_31_13_17_10_832.jpg,0,1,0,30.19034
/Users/martin/smart-technologies-ca2/data_recovery/IMG/center_2026_08_31_13_17_10_901.jpg,/Users/martin/smart-technologies-ca2/data_recovery/IMG/left_2026_08_31_13_17_10_901.jpg,/Users/martin/smart-technologies-ca2/data_recovery/IMG/right_2026_08_31_13_17_10_901.jpg,0,1,0,30.19034
/Users/martin/smart-technologies-ca2/data_recovery/IMG/center_2026_08_31_13_17_10_968.jpg,/Users/martin/smart-technologies-ca2/data_recovery/IMG/left_2026_08_31_13_17_10_968.jpg,/Users/martin/smart-technologies-ca2/data_recovery/IMG/right_2026_08_31_13_17_10_968.jpg,0,1,0,30.19024
/Users/martin/smart-technologies-ca2/data_recovery/IMG/center_2026_08_31_13_17_11_035.jpg,/Users/martin/smart-technologies-ca2/data_recovery/IMG/left_2026_08_31_13_17_11_035.jpg,/Users/martin/smart-technologies-ca2/data_recovery/IMG/right_2026_08_31_13_17_11_035.jpg,-0.1,1,0,30.18768
/Users/martin/smart-technologies-ca2/data_recovery/IMG/center_2026_08_31_13_17_11_103.jpg,/Users/martin/smart-technologies-ca2/data_recovery/IMG/left_2026_08_31_13_17_11_103.jpg,/Users/martin/smart-technologies-ca2/data_recovery/IMG/right_2026_08_31_13_17_11_103.jpg,-0.3,1,0,30.16929
/Users/martin/smart-technologies-ca2/data_recovery/IMG/center_2026_08_31_13_17_11_170.jpg,/Users/martin/smart-technologies-ca2/data_recovery/IMG/left_2026_08_31_13_17_11_170.jpg,/Users/martin/smart-technologies-ca2/data_recovery/IMG/right_2026_08_31_13_17_11_170.jpg,-0.45,1,0,30.15168
/Users/martin/smart-technologies-ca2/data_recovery/IMG/center_2026_08_31_13_17_11_237.jpg,/Users/martin/smart-technologies-ca2/data_recovery/IMG/left_2026_08_31_13_17_11_237.jpg,/Users/martin/smart-technologies-ca2/data_recovery/IMG/right_2026_08_31_13_17_11_237.jpg,-0.6000001,1,0,30.13306
/Users/martin/smart-technologies-ca2/data_recovery/IMG/center_2026_08_31_13_17_11_304.jpg,/Users/martin/smart-technologies-ca2/data_recovery/IMG/left_2026_08_31_13_17_11_304.jpg,/Users/martin/smart-technologies-ca2/data_recovery/IMG/right_2026_08_31_13_17_11_304.jpg,0,1,0,30.1811
/Users/martin/smart-technologies-ca2/data_recovery/IMG/center_2026_08_31_13_17_11_373.jpg,/Users/martin/smart-technologies-ca2/data_recovery/IMG/left_2026_08_31_13_17_11_373.jpg,/Users/martin/smart-technologies-ca2/data_recovery/IMG/right_2026_08_31_13_17_11_373.jpg,0,1,0,30.18727
/Users/martin/smart-technologies-ca2/data_recovery/IMG/center_2026_08_31_13_17_11_442.jpg,/Users/martin/smart-technologies-ca2/data_recovery/IMG/left_2026_08_31_13_17_11_442.jpg,/Users/martin/smart-technologies-ca2/data_recovery/IMG/right_2026_08_31_13_17_11_442.jpg,0,1,0,30.1898
/Users/martin/smart-technologies-ca2/data_recovery/IMG/center_2026_08_31_13_17_11_509.jpg,/Users/martin/smart-technologies-ca2/data_recovery/IMG/left_2026_08_31_13_17_11_509.jpg,/Users/martin/smart-technologies-ca2/data_recovery/IMG/right_2026_08_31_13_17_11_509.jpg,0,1,0,30.19017
/Users/martin/smart-technologies-ca2/data_recovery/IMG/center_2026_08_31_13_17_11_577.jpg,/Users/martin/smart-technologies-ca2/data_recovery/IMG/left_2026_08_31_13_17_11_577.jpg,/Users/martin/smart-technologies-ca2/data_recovery/IMG/right_2026_08_31_13_17_11_577.jpg,0,1,0,30.19031
/Users/martin/smart-technologies-ca2/data_recovery/IMG/center_2026_08_31_13_17_11_644.jpg,/Users/martin/smart-technologies-ca2/data_recovery/IMG/left_2026_08_31_13_17_11_644.jpg,/Users/martin/smart-technologies-ca2/data_recovery/IMG/right_2026_08_31_13_17_11_644.jpg,0,1,0,30.19028
/Users/martin/smart-technologies-ca2/data_recovery/IMG/center_2026_08_31_13_17_11_711.jpg,/Users/martin/smart-technologies-ca2/data_recovery/IMG/left_2026_08_31_13_17_11_711.jpg,/Users/martin/smart-technologies-ca2/data_recovery/IMG/right_2026_08_31_13_17_11_711.jpg,0,1,0,30.19032
/Users/martin/smart-technologies-ca2/data_recovery/IMG/center_2026_08_31_13_17_11_779.jpg,/Users/martin/smart-technologies-ca2/data_recovery/IMG/left_2026_08_31_13_17_11_779.jpg,/Users/martin/smart-technologies-ca2/data_recovery/IMG/right_2026_08_31_13_17_11_779.jpg,0,1,0,30.1903
/Users/martin/smart-technologies-ca2/data_recovery/IMG/center_2026_08_31_13_17_11_845.jpg,/Users/martin/smart-technologies-ca2/data_recovery/IMG/left_2026_08_31_13_17_11_845.jpg,/Users/martin/smart-technologies-ca2/data_recovery/IMG/right_2026_08_31_13_17_11_845.jpg,0,1,0,30.19029
/Users/martin/smart-technologies-ca2/data_recovery/IMG/center_2026_08_31_13_17_11_913.jpg,/Users/martin/smart-technologies-ca2/data_recovery/IMG/left_2026_08_31_13_17_11_913.jpg,/Users/martin/smart-technologies-ca2/data_recovery/IMG/right_2026_08_31_13_17_11_913.jpg,-0.1,1,0,30.18763
/Users/martin/smart-technologies-ca2/data_recovery/IMG/center_2026_08_31_13_17_11_982.jpg,/Users/martin/smart-technologies-ca2/data_recovery/IMG/left_2026_08_31_13_17_11_982.jpg,/Users/martin/smart-technologies-ca2/data_recovery/IMG/right_2026_08_31_13_17_11_982.jpg,-0.3,1,0,30.16917
/Users/martin/smart-technologies-ca2/data_recovery/IMG/center_2026_08_31_13_17_12_049.jpg,/Users/martin/smart-technologies-ca2/data_recovery/IMG/left_2026_08_31_13_17_12_049.jpg,/Users/martin/smart-technologies-ca2/data_recovery/IMG/right_2026_08_31_13_17_12_049.jpg,-0.45,1,0,30.15135
/Users/martin/smart-technologies-ca2/data_recovery/IMG/center_2026_08_31_13_17_12_117.jpg,/Users/martin/smart-technologies-ca2/data_recovery/IMG/left_2026_08_31_13_17_12_117.jpg,/Users/martin/smart-technologies-ca2/data_recovery/IMG/right_2026_08_31_13_17_12_117.jpg,0,1,0,30.18583
/Users/martin/smart-technologies-ca2/data_recovery/IMG/center_2026_08_31_13_17_12_185.jpg,/Users/martin/smart-technologies-ca2/data_recovery/IMG/left_2026_08_31_13_17_12_185.jpg,/Users/martin/smart-technologies-ca2/data_recovery/IMG/right_2026_08_31_13_17_12_185.jpg,0,1,0,30.18904
/Users/martin/smart-technologies-ca2/data_recovery/IMG/center_2026_08_31_13_17_12_253.jpg,/Users/martin/smart-technologies-ca2/data_recovery/IMG/left_2026_08_31_13_17_12_253.jpg,/Users/martin/smart-technologies-ca2/data_recovery/IMG/right_2026_08_31_13_17_12_253.jpg,0,1,0,30.18995
/Users/martin/smart-technologies-ca2/data_recovery/IMG/center_2026_08_31_13_17_12_321.jpg,/Users/martin/smart-technologies-ca2/data_recovery/IMG/left_2026_08_31_13_17_12_321.jpg,/Users/martin/smart-technologies-ca2/data_recovery/IMG/right_2026_08_31_13_17_12_321.jpg,0,1,0,30.19023
/Users/martin/smart-technologies-ca2/data_recovery/IMG/center_2026_08_31_13_17_12_389.jpg,/Users/martin/smart-technologies-ca2/data_recovery/IMG/left_2026_08_31_13_17_12_389.jpg,/Users/martin/smart-technologies-ca2/data_recovery/IMG/right_2026_08_31_13_17_12_389.jpg,0,1,0,30.19028
/Users/martin/smart-technologies-ca2/data_recovery/IMG/center_2026_08_31_13_17_12_458.jpg,/Users/martin/smart-technologies-ca2/data_recovery/IMG/left_2026_08_31_13_17_12_458.jpg,/Users/martin/smart-technologies-ca2/data_recovery/IMG/right_2026_08_31_13_17_12_458.jpg,0,1,0,30.19026
/Users/martin/smart-technologies-ca2/data_recovery/IMG/center_2026_08_31_13_17_12_525.jpg,/Users/martin/smart-technologies-ca2/data_recovery/IMG/left_2026_08_31_13_17_12_525.jpg,/Users/martin/smart-technologies-ca2/data_recovery/IMG/right_2026_08_31_13_17_12_525.jpg,0,1,0,30.19033
/Users/martin/smart-technologies-ca2/data_recovery/IMG/center_2026_08_31_13_17_12_593.jpg,/Users/martin/smart-technologies-ca2/data_recovery/IMG/left_2026_08_31_13_17_12_593.jpg,/Users/martin/smart-technologies-ca2/data_recovery/IMG/right_2026_08_31_13_17_12_593.jpg,-0.05,1,0,30.18973
/Users/martin/smart-technologies-ca2/data_recovery/IMG/center_2026_08_31_13_17_12_660.jpg,/Users/martin/smart-technologies-ca2/data_recovery/IMG/left_2026_08_31_13_17_12_660.jpg,/Users/martin/smart-technologies-ca2/data_recovery/IMG/right_2026_08_31_13_17_12_660.jpg,-0.25,1,0,30.1749
/Users/martin/smart-technologies-ca2/data_recovery/IMG/center_2026_08_31_13_17_12_727.jpg,/Users/martin/smart-technologies-ca2/data_recovery/IMG/left_2026_08_31_13_17_12_727.jpg,/Users/martin/smart-technologies-ca2/data_recovery/IMG/right_2026_08_31_13_17_12_727.jpg,-0.4,1,0,30.15762
/Users/martin/smart-technologies-ca2/data_recovery/IMG/center_2026_08_31_13_17_12_795.jpg,/Users/martin/smart-technologies-ca2/data_recovery/IMG/left_2026_08_31_13_17_12_795.jpg,/Users/martin/smart-technologies-ca2/data_recovery/IMG/right_2026_08_31_13_17_12_795.jpg,-0.5500001,1,0,30.1393
/Users/martin/smart-technologies-ca2/data_recovery/IMG/center_2026_08_31_13_17_12_862.jpg,/Users/martin/smart-technologies-ca2/data_recovery/IMG/left_2026_08_31_13_17_12_862.jpg,/Users/martin/smart-technologies-ca2/data_recovery/IMG/right_2026_08_31_13_17_12_862.jpg,0,1,0,30.18656
/Users/martin/smart-technologies-ca2/data_recovery/IMG/center_2026_08_31_13_17_12_932.jpg,/Users/martin/smart-technologies-ca2/data_recovery/IMG/left_2026_08_31_13_17_12_932.jpg,/Users/martin/smart-technologies-ca2/data_recovery/IMG/right_2026_08_31_13_17_12_932.jpg,0,1,0,30.18917
/Users/martin/smart-technologies-ca2/data_recovery/IMG/center_2026_08_31_13_17_12_999.jpg,/Users/martin/smart-technologies-ca2/data_recovery/IMG/left_2026_08_31_13_17_12_999.jpg,/Users/martin/smart-technologies-ca2/data_recovery/IMG/right_2026_08_31_13_17_12_999.jpg,0,1,0,30.19011
/Users/martin/smart-technologies-ca2/data_recovery/IMG/center_2026_08_31_13_17_13_068.jpg,/Users/martin/smart-technologies-ca2/data_recovery/IMG/left_2026_08_31_13_17_13_068.jpg,/Users/martin/smart-technologies-ca2/data_recovery/IMG/right_2026_08_31_13_17_13_068.jpg,0,1,0,30.19027
/Users/martin/smart-technologies-ca2/data_recovery/IMG/center_2026_08_31_13_17_13_137.jpg,/Users/martin/smart-technologies-ca2/data_recovery/IMG/left_2026_08_31_13_17_13_137.jpg,/Users/martin/smart-technologies-ca2/data_recovery/IMG/right_2026_08_31_13_17_13_137.jpg,0,1,0,30.19037
/Users/martin/smart-technologies-ca2/data_recovery/IMG/center_2026_08_31_13_17_13_205.jpg,/Users/martin/smart-technologies-ca2/data_recovery/IMG/left_2026_08_31_13_17_13_205.jpg,/Users/martin/smart-technologies-ca2/data_recovery/IMG/right_2026_08_31_13_17_13_205.jpg,0,1,0,30.19033
/Users/martin/smart-technologies-ca2/data_recovery/IMG/center_2026_08_31_13_17_13_274.jpg,/Users/martin/smart-technologies-ca2/data_recovery/IMG/left_2026_08_31_13_17_13_274.jpg,/Users/martin/smart-technologies-ca2/data_recovery/IMG/right_2026_08_31_13_17_13_274.jpg,-0.15,1,0,30.18454
/Users/martin/smart-technologies-ca2/data_recovery/IMG/center_2026_08_31_13_17_13_342.jpg,/Users/martin/smart-technologies-ca2/data_recovery/IMG/left_2026_08_31_13_17_13_342.jpg,/Users/martin/smart-technologies-ca2/data_recovery/IMG/right_2026_08_31_13_17_13_342.jpg,-0.35,1,0,30.1639
/Users/martin/smart-technologies-ca2/data_recovery/IMG/center_2026_08_31_13_17_13_409.jpg,/Users/martin/smart-technologies-ca2/data_recovery/IMG/left_2026_08_31_13_17_13_409.jpg,/Users/martin/smart-technologies-ca2/data_recovery/IMG/right_2026_08_31_13_17_13_409.jpg,-0.5000001,1,0,30.14556
/Users/martin/smart-technologies-ca2/data_recovery/IMG/center_2026_08_31_13_17_13_479.jpg,/Users/martin/smart-technologies-ca2/data_recovery/IMG/left_2026_08_31_13_17_13_479.jpg,/Users/martin/smart-technologies-ca2/data_recovery/IMG/right_2026_08_31_13_17_13_479.jpg,0,1,0,30.1708
/Users/martin/smart-technologies-ca2/data_recovery/IMG/center_2026_08_31_13_17_13_546.jpg,/Users/martin/smart-technologies-ca2/data_recovery/IMG/left_2026_08_31_13_17_13_546.jpg,/Users/martin/smart-technologies-ca2/data_recovery/IMG/right_2026_08_31_13_17_13_546.jpg,0,1,0,30.18392
/Users/martin/smart-technologies-ca2/data_recovery/IMG/center_2026_08_31_13_17_13_616.jpg,/Users/martin/smart-technologies-ca2/data_recovery/IMG/left_2026_08_31_13_17_13_616.jpg,/Users/martin/smart-technologies-ca2/data_recovery/IMG/right_2026_08_31_13_17_13_616.jpg,0,1,0,30.18858
/Users/martin/smart-technologies-ca2/data_recovery/IMG/center_2026_08_31_13_17_13_684.jpg,/Users/martin/smart-technologies-ca2/data_recovery/IMG/left_2026_08_31_13_17_13_684.jpg,/Users/martin/smart-technologies-ca2/data_recovery/IMG/right_2026_08_31_13_17_13_684.jpg,0,1,0,30.19001
/Users/martin/smart-technologies-ca2/data_recovery/IMG/center_2026_08_31_13_17_13_754.jpg,/Users/martin/smart-technologies-ca2/data_recovery/IMG/left_2026_08_31_13_17_13_754.jpg,/Users/martin/smart-technologies-ca2/data_recovery/IMG/right_2026_08_31_13_17_13_754.jpg,0,1,0,30.19026
/Users/martin/smart-technologies-ca2/data_recovery/IMG/center_2026_08_31_13_17_13_821.jpg,/Users/martin/smart-technologies-ca2/data_recovery/IMG/left_2026_08_31_13_17_13_821.jpg,/Users/martin/smart-technologies-ca2/data_recovery/IMG/right_2026_08_31_13_17_13_821.jpg,0,1,0,30.18971
/Users/martin/smart-technologies-ca2/data_recovery/IMG/center_2026_08_31_13_17_13_887.jpg,/Users/martin/smart-technologies-ca2/data_recovery/IMG/left_2026_08_31_13_17_13_887.jpg,/Users/martin/smart-technologies-ca2/data_recovery/IMG/right_2026_08_31_13_17_13_887.jpg,0,1,0,30.19036
/Users/martin/smart-technologies-ca2/data_recovery/IMG/center_2026_08_31_13_17_13_957.jpg,/Users/martin/smart-technologies-ca2/data_recovery/IMG/left_2026_08_31_13_17_13_957.jpg,/Users/martin/smart-technologies-ca2/data_recovery/IMG/right_2026_08_31_13_17_13_957.jpg,0,1,0,30.1903
/Users/martin/smart-technologies-ca2/data_recovery/IMG/center_2026_08_31_13_17_14_027.jpg,/Users/martin/smart-technologies-ca2/data_recovery/IMG/left_2026_08_31_13_17_14_027.jpg,/Users/martin/smart-technologies-ca2/data_recovery/IMG/right_2026_08_31_13_17_14_027.jpg,-0.2,1,0,30.18022
/Users/martin/smart-technologies-ca2/data_recovery/IMG/center_2026_08_31_13_17_14_094.jpg,/Users/martin/smart-technologies-ca2/data_recovery/IMG/left_2026_08_31_13_17_14_094.jpg,/Users/martin/smart-technologies-ca2/data_recovery/IMG/right_2026_08_31_13_17_14_094.jpg,-0.35,1,0,30.1636
/Users/martin/smart-technologies-ca2/data_recovery/IMG/center_2026_08_31_13_17_14_164.jpg,/Users/martin/smart-technologies-ca2/data_recovery/IMG/left_2026_08_31_13_17_14_164.jpg,/Users/martin/smart-technologies-ca2/data_recovery/IMG/right_2026_08_31_13_17_14_164.jpg,-0.5500001,1,0,30.13933
/Users/martin/smart-technologies-ca2/data_recovery/IMG/center_2026_08_31_13_17_14_233.jpg,/Users/martin/smart-technologies-ca2/data_recovery/IMG/left_2026_08_31_13_17_14_233.jpg,/Users/martin/smart-technologies-ca2/data_recovery/IMG/right_2026_08_31_13_17_14_233.jpg,0,1,0,30.18441
/Users/martin/smart-technologies-ca2/data_recovery/IMG/center_2026_08_31_13_17_14_303.jpg,/Users/martin/smart-technologies-ca2/data_recovery/IMG/left_2026_08_31_13_17_14_303.jpg,/Users/martin/smart-technologies-ca2/data_recovery/IMG/right_2026_08_31_13_17_14_303.jpg,0,1,0,30.18928
/Users/martin/smart-technologies-ca2/data_recovery/IMG/center_2026_08_31_13_17_14_370.jpg,/Users/martin/smart-technologies-ca2/data_recovery/IMG/left_2026_08_31_13_17_14_370.jpg,/Users/martin/smart-technologies-ca2/data_recovery/IMG/right_2026_08_31_13_17_14_370.jpg,0,1,0,30.18999
/Users/martin/smart-technologies-ca2/data_recovery/IMG/center_2026_08_31_13_17_14_437.jpg,/Users/martin/smart-technologies-ca2/data_recovery/IMG/left_2026_08_31_13_17_14_437.jpg,/Users/martin/smart-technologies-ca2/data_recovery/IMG/right_2026_08_31_13_17_14_437.jpg,0,1,0,30.19024
/Users/martin/smart-technologies-ca2/data_recovery/IMG/center_2026_08_31_13_17_14_507.jpg,/Users/martin/smart-technologies-ca2/data_recovery/IMG/left_2026_08_31_13_17_14_507.jpg,/Users/martin/smart-technologies-ca2/data_recovery/IMG/right_2026_08_31_13_17_14_507.jpg,0,1,0,30.19063
/Users/martin/smart-technologies-ca2/data_recovery/IMG/center_2026_08_31_13_17_14_576.jpg,/Users/martin/smart-technologies-ca2/data_recovery/IMG/left_2026_08_31_13_17_14_576.jpg,/Users/martin/smart-technologies-ca2/data_recovery/IMG/right_2026_08_31_13_17_14_576.jpg,0,1,0,30.19025
/Users/martin/smart-technologies-ca2/data_recovery/IMG/center_2026_08_31_13_17_14_643.jpg,/Users/martin/smart-technologies-ca2/data_recovery/IMG/left_2026_08_31_13_17_14_643.jpg,/Users/martin/smart-technologies-ca2/data_recovery/IMG/right_2026_08_31_13_17_14_643.jpg,0,1,0,30.19028
/Users/martin/smart-technologies-ca2/data_recovery/IMG/center_2026_08_31_13_17_14_710.jpg,/Users/martin/smart-technologies-ca2/data_recovery/IMG/left_2026_08_31_13_17_14_710.jpg,/Users/martin/smart-technologies-ca2/data_recovery/IMG/right_2026_08_31_13_17_14_710.jpg,0,1,0,30.19048
/Users/martin/smart-technologies-ca2/data_recovery/IMG/center_2026_08_31_13_17_14_779.jpg,/Users/martin/smart-technologies-ca2/data_recovery/IMG/left_2026_08_31_13_17_14_779.jpg,/Users/martin/smart-technologies-ca2/data_recovery/IMG/right_2026_08_31_13_17_14_779.jpg,0,1,0,30.19034
/Users/martin/smart-technologies-ca2/data_recovery/IMG/center_2026_08_31_13_17_14_845.jpg,/Users/martin/smart-technologies-ca2/data_recovery/IMG/left_2026_08_31_13_17_14_845.jpg,/Users/martin/smart-technologies-ca2/data_recovery/IMG/right_2026_08_31_13_17_14_845.jpg,0,1,0,30.19028
/Users/martin/smart-technologies-ca2/data_recovery/IMG/center_2026_08_31_13_17_14_915.jpg,/Users/martin/smart-technologies-ca2/data_recovery/IMG/left_2026_08_31_13_17_14_915.jpg,/Users/martin/smart-technologies-ca2/data_recovery/IMG/right_2026_08_31_13_17_14_915.jpg,0,1,0,30.19031
/Users/martin/smart-technologies-ca2/data_recovery/IMG/center_2026_08_31_13_17_14_982.jpg,/Users/martin/smart-technologies-ca2/data_recovery/IMG/left_2026_08_31_13_17_14_982.jpg,/Users/martin/smart-technologies-ca2/data_recovery/IMG/right_2026_08_31_13_17_14_982.jpg,0,1,0,30.19028
/Users/martin/smart-technologies-ca2/data_recovery/IMG/center_2026_08_31_13_17_15_049.jpg,/Users/martin/smart-technologies-ca2/data_recovery/IMG/left_2026_08_31_13_17_15_049.jpg,/Users/martin/smart-technologies-ca2/data_recovery/IMG/right_2026_08_31_13_17_15_049.jpg,0,1,0,30.19024
/Users/martin/smart-technologies-ca2/data_recovery/IMG/center_2026_08_31_13_17_15_119.jpg,/Users/martin/smart-technologies-ca2/data_recovery/IMG/left_2026_08_31_13_17_15_119.jpg,/Users/martin/smart-technologies-ca2/data_recovery/IMG/right_2026_08_31_13_17_15_119.jpg,0,1,0,30.19028
/Users/martin/smart-technologies-ca2/data_recovery/IMG/center_2026_08_31_13_17_15_188.jpg,/Users/martin/smart-technologies-ca2/data_recovery/IMG/left_2026_08_31_13_17_15_188.jpg,/Users/martin/smart-technologies-ca2/data_recovery/IMG/right_2026_08_31_13_17_15_188.jpg,0,1,0,30.1903
/Users/martin/smart-technologies-ca2/data_recovery/IMG/center_2026_08_31_13_17_15_258.jpg,/Users/martin/smart-technologies-ca2/data_recovery/IMG/left_2026_08_31_13_17_15_258.jpg,/Users/martin/smart-technologies-ca2/data_recovery/IMG/right_2026_08_31_13_17_15_258.jpg,0,1,0,30.19043
/Users/martin/smart-technologies-ca2/data_recovery/IMG/center_2026_08_31_13_17_15_328.jpg,/Users/martin/smart-technologies-ca2/data_recovery/IMG/left_2026_08_31_13_17_15_328.jpg,/Users/martin/smart-technologies-ca2/data_recovery/IMG/right_2026_08_31_13_17_15_328.jpg,0,1,0,30.19031
/Users/martin/smart-technologies-ca2/data_recovery/IMG/center_2026_08_31_13_17_15_399.jpg,/Users/martin/smart-technologies-ca2/data_recovery/IMG/left_2026_08_31_13_17_15_399.jpg,/Users/martin/smart-technologies-ca2/data_recovery/IMG/right_2026_08_31_13_17_15_399.jpg,0,1,0,30.19028
/Users/martin/smart-technologies-ca2/data_recovery/IMG/center_2026_08_31_13_17_15_468.jpg,/Users/martin/smart-technologies-ca2/data_recovery/IMG/left_2026_08_31_13_17_15_468.jpg,/Users/martin/smart-technologies-ca2/data_recovery/IMG/right_2026_08_31_13_17_15_468.jpg,0,1,0,30.19011
/Users/martin/smart-technologies-ca2/data_recovery/IMG/center_2026_08_31_13_17_15_536.jpg,/Users/martin/smart-technologies-ca2/data_recovery/IMG/left_2026_08_31_13_17_15_536.jpg,/Users/martin/smart-technologies-ca2/data_recovery/IMG/right_2026_08_31_13_17_15_536.jpg,0,1,0,30.19029
/Users/martin/smart-technologies-ca2/data_recovery/IMG/center_2026_08_31_13_17_15_603.jpg,/Users/martin/smart-technologies-ca2/data_recovery/IMG/left_2026_08_31_13_17_15_603.jpg,/Users/martin/smart-technologies-ca2/data_recovery/IMG/right_2026_08_31_13_17_15_603.jpg,0,1,0,30.19031
/Users/martin/smart-technologies-ca2/data_recovery/IMG/center_2026_08_31_13_17_15_674.jpg,/Users/martin/smart-technologies-ca2/data_recovery/IMG/left_2026_08_31_13_17_15_674.jpg,/Users/martin/smart-technologies-ca2/data_recovery/IMG/right_2026_08_31_13_17_15_674.jpg,0,1,0,30.19031
/Users/martin/smart-technologies-ca2/data_recovery/IMG/center_2026_08_31_13_17_15_744.jpg,/Users/martin/smart-technologies-ca2/data_recovery/IMG/left_2026_08_31_13_17_15_744.jpg,/Users/martin/smart-technologies-ca2/data_recovery/IMG/right_2026_08_31_13_17_15_744.jpg,0,1,0,30.19028
/Users/martin/smart-technologies-ca2/data_recovery/IMG/center_2026_08_31_13_17_15_814.jpg,/Users/martin/smart-technologies-ca2/data_recovery/IMG/left_2026_08_31_13_17_15_814.jpg,/Users/martin/smart-technologies-ca2/data_recovery/IMG/right_2026_08_31_13_17_15_814.jpg,0,1,0,30.19031
/Users/martin/smart-technologies-ca2/data_recovery/IMG/center_2026_08_31_13_17_15_880.jpg,/Users/martin/smart-technologies-ca2/data_recovery/IMG/left_2026_08_31_13_17_15_880.jpg,/Users/martin/smart-technologies-ca2/data_recovery/IMG/right_2026_08_31_13_17_15_880.jpg,-0.1,1,0,30.18771
/Users/martin/smart-technologies-ca2/data_recovery/IMG/center_2026_08_31_13_17_15_947.jpg,/Users/martin/smart-technologies-ca2/data_recovery/IMG/left_2026_08_31_13_17_15_947.jpg,/Users/martin/smart-technologies-ca2/data_recovery/IMG/right_2026_08_31_13_17_15_947.jpg,-0.25,1,0,30.17477
/Users/martin/smart-technologies-ca2/data_recovery/IMG/center_2026_08_31_13_17_16_014.jpg,/Users/martin/smart-technologies-ca2/data_recovery/IMG/left_2026_08_31_13_17_16_014.jpg,/Users/martin/smart-technologies-ca2/data_recovery/IMG/right_2026_08_31_13_17_16_014.jpg,-0.4,1,0,30.15754
/Users/martin/smart-technologies-ca2/data_recovery/IMG/center_2026_08_31_13_17_16_084.jpg,/Users/martin/smart-technologies-ca2/data_recovery/IMG/left_2026_08_31_13_17_16_084.jpg,/Users/martin/smart-technologies-ca2/data_recovery/IMG/right_2026_08_31_13_17_16_084.jpg,-0.6000001,1,0,30.13312
/Users/martin/smart-technologies-ca2/data_recovery/IMG/center_2026_08_31_13_17_16_153.jpg,/Users/martin/smart-technologies-ca2/data_recovery/IMG/left_2026_08_31_13_17_16_153.jpg,/Users/martin/smart-technologies-ca2/data_recovery/IMG/right_2026_08_31_13_17_16_153.jpg,0,1,0,30.1826
/Users/martin/smart-technologies-ca2/data_recovery/IMG/center_2026_08_31_13_17_16_220.jpg,/Users/martin/smart-technologies-ca2/data_recovery/IMG/left_2026_08_31_13_17_16_220.jpg,/Users/martin/smart-technologies-ca2/data_recovery/IMG/right_2026_08_31_13_17_16_220.jpg,0,1,0,30.18887
/Users/martin/smart-technologies-ca2/data_recovery/IMG/center_2026_08_31_13_17_16_287.jpg,/Users/martin/smart-technologies-ca2/data_recovery/IMG/left_2026_08_31_13_17_16_287.jpg,/Users/martin/smart-technologies-ca2/data_recovery/IMG/right_2026_08_31_13_17_16_287.jpg,0,1,0,30.18991
/Users/martin/smart-technologies-ca2/data_recovery/IMG/center_2026_08_31_13_17_16_357.jpg,/Users/martin/smart-technologies-ca2/data_recovery/IMG/left_2026_08_31_13_17_16_357.jpg,/Users/martin/smart-technologies-ca2/data_recovery/IMG/right_2026_08_31_13_17_16_357.jpg,0,1,0,30.19017
/Users/martin/smart-technologies-ca2/data_recovery/IMG/center_2026_08_31_13_17_16_428.jpg,/Users/martin/smart-technologies-ca2/data_recovery/IMG/left_2026_08_31_13_17_16_428.jpg,/Users/martin/smart-technologies-ca2/data_recovery/IMG/right_2026_08_31_13_17_16_428.jpg,0,1,0,30.1903
/Users/martin/smart-technologies-ca2/data_recovery/IMG/center_2026_08_31_13_17_16_499.jpg,/Users/martin/smart-technologies-ca2/data_recovery/IMG/left_2026_08_31_13_17_16_499.jpg,/Users/martin/smart-technologies-ca2/data_recovery/IMG/right_2026_08_31_13_17_16_499.jpg,0,1,0,30.1903
/Users/martin/smart-technologies-ca2/data_recovery/IMG/center_2026_08_31_13_17_16_566.jpg,/Users/martin/smart-technologies-ca2/data_recovery/IMG/left_2026_08_31_13_17_16_566.jpg,/Users/martin/smart-technologies-ca2/data_recovery/IMG/right_2026_08_31_13_17_16_566.jpg,0,1,0,30.19032
/Users/martin/smart-technologies-ca2/data_recovery/IMG/center_2026_08_31_13_17_16_636.jpg,/Users/martin/smart-technologies-ca2/data_recovery/IMG/left_2026_08_31_13_17_16_636.jpg,/Users/martin/smart-technologies-ca2/data_recovery/IMG/right_2026_08_31_13_17_16_636.jpg,0,1,0,30.19028
/Users/martin/smart-technologies-ca2/data_recovery/IMG/center_2026_08_31_13_17_16_703.jpg,/Users/martin/smart-technologies-ca2/data_recovery/IMG/left_2026_08_31_13_17_16_703.jpg,/Users/martin/smart-technologies-ca2/data_recovery/IMG/right_2026_08_31_13_17_16_703.jpg,0,1,0,30.19027
/Users/martin/smart-technologies-ca2/data_recovery/IMG/center_2026_08_31_13_17_16_773.jpg,/Users/martin/smart-technologies-ca2/data_recovery/IMG/left_2026_08_31_13_17_16_773.jpg,/Users/martin/smart-technologies-ca2/data_recovery/IMG/right_2026_08_31_13_17_16_773.jpg,0,1,0,30.19002
/Users/martin/smart-technologies-ca2/data_recovery/IMG/center_2026_08_31_13_17_16_841.jpg,/Users/martin/smart-technologies-ca2/data_recovery/IMG/left_2026_08_31_13_17_16_841.jpg,/Users/martin/smart-technologies-ca2/data_recovery/IMG/right_2026_08_31_13_17_16_841.jpg,-0.1,1,0,30.18765
/Users/martin/smart-technologies-ca2/data_recovery/IMG/center_2026_08_31_13_17_16_908.jpg,/Users/martin/smart-technologies-ca2/data_recovery/IMG/left_2026_08_31_13_17_16_908.jpg,/Users/martin/smart-technologies-ca2/data_recovery/IMG/right_2026_08_31_13_17_16_908.jpg,-0.25,1,0,30.17469
/Users/martin/smart-technologies-ca2/data_recovery/IMG/center_2026_08_31_13_17_16_978.jpg,/Users/martin/smart-technologies-ca2/data_recovery/IMG/left_2026_08_31_13_17_16_978.jpg,/Users/martin/smart-technologies-ca2/data_recovery/IMG/right_2026_08_31_13_17_16_978.jpg,0,1,0,30.18107
/Users/martin/smart-technologies-ca2/data_recovery/IMG/center_2026_08_31_13_17_17_049.jpg,/Users/martin/smart-technologies-ca2/data_recovery/IMG/left_2026_08_31_13_17_17_049.jpg,/Users/martin/smart-technologies-ca2/data_recovery/IMG/right_2026_08_31_13_17_17_049.jpg,0,1,0,30.18906
/Users/martin/smart-technologies-ca2/data_recovery/IMG/center_2026_08_31_13_17_17_116.jpg,/Users/martin/smart-technologies-ca2/data_recovery/IMG/left_2026_08_31_13_17_17_116.jpg,/Users/martin/smart-technologies-ca2/data_recovery/IMG/right_2026_08_31_13_17_17_116.jpg,0,1,0,30.18982
/Users/martin/smart-technologies-ca2/data_recovery/IMG/center_2026_08_31_13_17_17_186.jpg,/Users/martin/smart-technologies-ca2/data_recovery/IMG/left_2026_08_31_13_17_17_186.jpg,/Users/martin/smart-technologies-ca2/data_recovery/IMG/right_2026_08_31_13_17_17_186.jpg,0,1,0,30.19023
/Users/martin/smart-technologies-ca2/data_recovery/IMG/center_2026_08_31_13_17_17_255.jpg,/Users/martin/smart-technologies-ca2/data_recovery/IMG/left_2026_08_31_13_17_17_255.jpg,/Users/martin/smart-technologies-ca2/data_recovery/IMG/right_2026_08_31_13_17_17_255.jpg,0,1,0,30.19027
/Users/martin/smart-technologies-ca2/data_recovery/IMG/center_2026_08_31_13_17_17_324.jpg,/Users/martin/smart-technologies-ca2/data_recovery/IMG/left_2026_08_31_13_17_17_324.jpg,/Users/martin/smart-technologies-ca2/data_recovery/IMG/right_2026_08_31_13_17_17_324.jpg,0,1,0,30.1903
/Users/martin/smart-technologies-ca2/data_recovery/IMG/center_2026_08_31_13_17_17_394.jpg,/Users/martin/smart-technologies-ca2/data_recovery/IMG/left_2026_08_31_13_17_17_394.jpg,/Users/martin/smart-technologies-ca2/data_recovery/IMG/right_2026_08_31_13_17_17_394.jpg,0,1,0,30.19031
/Users/martin/smart-technologies-ca2/data_recovery/IMG/center_2026_08_31_13_17_17_464.jpg,/Users/martin/smart-technologies-ca2/data_recovery/IMG/left_2026_08_31_13_17_17_464.jpg,/Users/martin/smart-technologies-ca2/data_recovery/IMG/right_2026_08_31_13_17_17_464.jpg,0,1,0,30.19031
/Users/martin/smart-technologies-ca2/data_recovery/IMG/center_2026_08_31_13_17_17_533.jpg,/Users/martin/smart-technologies-ca2/data_recovery/IMG/left_2026_08_31_13_17_17_533.jpg,/Users/martin/smart-technologies-ca2/data_recovery/IMG/right_2026_08_31_13_17_17_533.jpg,0,1,0,30.19034
/Users/martin/smart-technologies-ca2/data_recovery/IMG/center_2026_08_31_13_17_17_603.jpg,/Users/martin/smart-technologies-ca2/data_recovery/IMG/left_2026_08_31_13_17_17_603.jpg,/Users/martin/smart-technologies-ca2/data_recovery/IMG/right_2026_08_31_13_17_17_603.jpg,0,1,0,30.19028
/Users/martin/smart-technologies-ca2/data_recovery/IMG/center_2026_08_31_13_17_17_673.jpg,/Users/martin/smart-technologies-ca2/data_recovery/IMG/left_2026_08_31_13_17_17_673.jpg,/Users/martin/smart-technologies-ca2/data_recovery/IMG/right_2026_08_31_13_17_17_673.jpg,0,1,0,30.19032
/Users/martin/smart-technologies-ca2/data_recovery/IMG/center_2026_08_31_13_17_17_742.jpg,/Users/martin/smart-technologies-ca2/data_recovery/IMG/left_2026_08_31_13_17_17_742.jpg,/Users/martin/smart-technologies-ca2/data_recovery/IMG/right_2026_08_31_13_17_17_742.jpg,0,1,0,30.19029
/Users/martin/smart-technologies-ca2/data_recovery/IMG/center_2026_08_31_13_17_17_811.jpg,/Users/martin/smart-technologies-ca2/data_recovery/IMG/left_2026_08_31_13_17_17_811.jpg,/Users/martin/smart-technologies-ca2/data_recovery/IMG/right_2026_08_31_13_17_17_811.jpg,0,1,0,30.19035
/Users/martin/smart-technologies-ca2/data_recovery/IMG/center_2026_08_31_13_17_17_880.jpg,/Users/martin/smart-technologies-ca2/data_recovery/IMG/left_2026_08_31_13_17_17_880.jpg,/Users/martin/smart-technologies-ca2/data_recovery/IMG/right_2026_08_31_13_17_17_880.jpg,0,1,0,30.19032
/Users/martin/smart-technologies-ca2/data_recovery/IMG/center_2026_08_31_13_17_17_947.jpg,/Users/martin/smart-technologies-ca2/data_recovery/IMG/left_2026_08_31_13_17_17_947.jpg,/Users/martin/smart-technologies-ca2/data_recovery/IMG/right_2026_08_31_13_17_17_947.jpg,0,1,0,30.19033
/Users/martin/smart-technologies-ca2/data_recovery/IMG/center_2026_08_31_13_17_18_018.jpg,/Users/martin/smart-technologies-ca2/data_recovery/IMG/left_2026_08_31_13_17_18_018.jpg,/Users/martin/smart-technologies-ca2/data_recovery/IMG/right_2026_08_31_13_17_18_018.jpg,0,1,0,30.19031
/Users/martin/smart-technologies-ca2/data_recovery/IMG/center_2026_08_31_13_17_18_085.jpg,/Users/martin/smart-technologies-ca2/data_recovery/IMG/left_2026_08_31_13_17_18_085.jpg,/Users/martin/smart-technologies-ca2/data_recovery/IMG/right_2026_08_31_13_17_18_085.jpg,0,1,0,30.19027
/Users/martin/smart-technologies-ca2/data_recovery/IMG/center_2026_08_31_13_17_18_154.jpg,/Users/martin/smart-technologies-ca2/data_recovery/IMG/left_2026_08_31_13_17_18_154.jpg,/Users/martin/smart-technologies-ca2/data_recovery/IMG/right_2026_08_31_13_17_18_154.jpg,0,1,0,30.19029
/Users/martin/smart-technologies-ca2/data_recovery/IMG/center_2026_08_31_13_17_18_224.jpg,/Users/martin/smart-technologies-ca2/data_recovery/IMG/left_2026_08_31_13_17_18_224.jpg,/Users/martin/smart-technologies-ca2/data_recovery/IMG/right_2026_08_31_13_17_18_224.jpg,0,1,0,30.19034
/Users/martin/smart-technologies-ca2/data_recovery/IMG/center_2026_08_31_13_17_18_292.jpg,/Users/martin/smart-technologies-ca2/data_recovery/IMG/left_2026_08_31_13_17_18_292.jpg,/Users/martin/smart-technologies-ca2/data_recovery/IMG/right_2026_08_31_13_17_18_292.jpg,0,1,0,30.1903
/Users/martin/smart-technologies-ca2/data_recovery/IMG/center_2026_08_31_13_17_18_360.jpg,/Users/martin/smart-technologies-ca2/data_recovery/IMG/left_2026_08_31_13_17_18_360.jpg,/Users/martin/smart-technologies-ca2/data_recovery/IMG/right_2026_08_31_13_17_18_360.jpg,0,1,0,30.19033
/Users/martin/smart-technologies-ca2/data_recovery/IMG/center_2026_08_31_13_17_18_428.jpg,/Users/martin/smart-technologies-ca2/data_recovery/IMG/left_2026_08_31_13_17_18_428.jpg,/Users/martin/smart-technologies-ca2/data_recovery/IMG/right_2026_08_31_13_17_18_428.jpg,0,1,0,30.19034
/Users/martin/smart-technologies-ca2/data_recovery/IMG/center_2026_08_31_13_17_18_498.jpg,/Users/martin/smart-technologies-ca2/data_recovery/IMG/left_2026_08_31_13_17_18_498.jpg,/Users/martin/smart-technologies-ca2/data_recovery/IMG/right_2026_08_31_13_17_18_498.jpg,0,1,0,30.19028
/Users/martin/smart-technologies-ca2/data_recovery/IMG/center_2026_08_31_13_17_18_566.jpg,/Users/martin/smart-technologies-ca2/data_recovery/IMG/left_2026_08_31_13_17_18_566.jpg,/Users/martin/smart-technologies-ca2/data_recovery/IMG/right_2026_08_31_13_17_18_566.jpg,0,1,0,30.19034
/Users/martin/smart-technologies-ca2/data_recovery/IMG/center_2026_08_31_13_17_18_633.jpg,/Users/martin/smart-technologies-ca2/data_recovery/IMG/left_2026_08_31_13_17_18_633.jpg,/Users/martin/smart-technologies-ca2/data_recovery/IMG/right_2026_08_31_13_17_18_633.jpg,0,1,0,30.19029
/Users/martin/smart-technologies-ca2/data_recovery/IMG/center_2026_08_31_13_17_18_700.jpg,/Users/martin/smart-technologies-ca2/data_recovery/IMG/left_2026_08_31_13_17_18_700.jpg,/Users/martin/smart-technologies-ca2/data_recovery/IMG/right_2026_08_31_13_17_18_700.jpg,-0.1,1,0,30.18769
/Users/martin/smart-technologies-ca2/data_recovery/IMG/center_2026_08_31_13_17_18_768.jpg,/Users/martin/smart-technologies-ca2/data_recovery/IMG/left_2026_08_31_13_17_18_768.jpg,/Users/martin/smart-technologies-ca2/data_recovery/IMG/right_2026_08_31_13_17_18_768.jpg,-0.25,1,0,30.17474
/Users/martin/smart-technologies-ca2/data_recovery/IMG/center_2026_08_31_13_17_18_836.jpg,/Users/martin/smart-technologies-ca2/data_recovery/IMG/left_2026_08_31_13_17_18_836.jpg,/Users/martin/smart-technologies-ca2/data_recovery/IMG/right_2026_08_31_13_17_18_836.jpg,-0.4,1,0,30.1575
/Users/martin/smart-technologies-ca2/data_recovery/IMG/center_2026_08_31_13_17_18_903.jpg,/Users/martin/smart-technologies-ca2/data_recovery/IMG/left_2026_08_31_13_17_18_903.jpg,/Users/martin/smart-technologies-ca2/data_recovery/IMG/right_2026_08_31_13_17_18_903.jpg,0,1,0,30.18648
/Users/martin/smart-technologies-ca2/data_recovery/IMG/center_2026_08_31_13_17_18_971.jpg,/Users/martin/smart-technologies-ca2/data_recovery/IMG/left_2026_08_31_13_17_18_971.jpg,/Users/martin/smart-technologies-ca2/data_recovery/IMG/right_2026_08_31_13_17_18_971.jpg,0,1,0,30.18933
/Users/martin/smart-technologies-ca2/data_recovery/IMG/center_2026_08_31_13_17_19_041.jpg,/Users/martin/smart-technologies-ca2/data_recovery/IMG/left_2026_08_31_13_17_19_041.jpg,/Users/martin/smart-technologies-ca2/data_recovery/IMG/right_2026_08_31_13_17_19_041.jpg,0,1,0,30.19013
/Users/martin/smart-technologies-ca2/data_recovery/IMG/center_2026_08_31_13_17_19_108.jpg,/Users/martin/smart-technologies-ca2/data_recovery/IMG/left_2026_08_31_13_17_19_108.jpg,/Users/martin/smart-technologies-ca2/data_recovery/IMG/right_2026_08_31_13_17_19_108.jpg,0,1,0,30.19025
/Users/martin/smart-technologies-ca2/data_recovery/IMG/center_2026_08_31_13_17_19_178.jpg,/Users/martin/smart-technologies-ca2/data_recovery/IMG/left_2026_08_31_13_17_19_178.jpg,/Users/martin/smart-technologies-ca2/data_recovery/IMG/right_2026_08_31_13_17_19_178.jpg,0,1,0,30.19027
/Users/martin/smart-technologies-ca2/data_recovery/IMG/center_2026_08_31_13_17_19_248.jpg,/Users/martin/smart-technologies-ca2/data_recovery/IMG/left_2026_08_31_13_17_19_248.jpg,/Users/martin/smart-technologies-ca2/data_recovery/IMG/right_2026_08_31_13_17_19_248.jpg,0,1,0,30.19019
/Users/martin/smart-technologies-ca2/data_recovery/IMG/center_2026_08_31_13_17_19_318.jpg,/Users/martin/smart-technologies-ca2/data_recovery/IMG/left_2026_08_31_13_17_19_318.jpg,/Users/martin/smart-technologies-ca2/data_recovery/IMG/right_2026_08_31_13_17_19_318.jpg,0,1,0,30.1903
/Users/martin/smart-technologies-ca2/data_recovery/IMG/center_2026_08_31_13_17_19_385.jpg,/Users/martin/smart-technologies-ca2/data_recovery/IMG/left_2026_08_31_13_17_19_385.jpg,/Users/martin/smart-technologies-ca2/data_recovery/IMG/right_2026_08_31_13_17_19_385.jpg,0,1,0,30.19029
/Users/martin/smart-technologies-ca2/data_recovery/IMG/center_2026_08_31_13_17_19_453.jpg,/Users/martin/smart-technologies-ca2/data_recovery/IMG/left_2026_08_31_13_17_19_453.jpg,/Users/martin/smart-technologies-ca2/data_recovery/IMG/right_2026_08_31_13_17_19_453.jpg,0,1,0,30.19042
/Users/martin/smart-technologies-ca2/data_recovery/IMG/center_2026_08_31_13_17_19_522.jpg,/Users/martin/smart-technologies-ca2/data_recovery/IMG/left_2026_08_31_13_17_19_522.jpg,/Users/martin/smart-technologies-ca2/data_recovery/IMG/right_2026_08_31_13_17_19_522.jpg,0,1,0,30.19032
/Users/martin/smart-technologies-ca2/data_recovery/IMG/center_2026_08_31_13_17_19_591.jpg,/Users/martin/smart-technologies-ca2/data_recovery/IMG/left_2026_08_31_13_17_19_591.jpg,/Users/martin/smart-technologies-ca2/data_recovery/IMG/right_2026_08_31_13_17_19_591.jpg,0,1,0,30.1903
/Users/martin/smart-technologies-ca2/data_recovery/IMG/center_2026_08_31_13_17_19_658.jpg,/Users/martin/smart-technologies-ca2/data_recovery/IMG/left_2026_08_31_13_17_19_658.jpg,/Users/martin/smart-technologies-ca2/data_recovery/IMG/right_2026_08_31_13_17_19_658.jpg,0,1,0,30.19028
/Users/martin/smart-technologies-ca2/data_recovery/IMG/center_2026_08_31_13_17_19_728.jpg,/Users/martin/smart-technologies-ca2/data_recovery/IMG/left_2026_08_31_13_17_19_728.jpg,/Users/martin/smart-technologies-ca2/data_recovery/IMG/right_2026_08_31_13_17_19_728.jpg,0,1,0,30.19029
/Users/martin/smart-technologies-ca2/data_recovery/IMG/center_2026_08_31_13_17_19_798.jpg,/Users/martin/smart-technologies-ca2/data_recovery/IMG/left_2026_08_31_13_17_19_798.jpg,/Users/martin/smart-technologies-ca2/data_recovery/IMG/right_2026_08_31_13_17_19_798.jpg,0,1,0,30.19031
/Users/martin/smart-technologies-ca2/data_recovery/IMG/center_2026_08_31_13_17_19_867.jpg,/Users/martin/smart-technologies-ca2/data_recovery/IMG/left_2026_08_31_13_17_19_867.jpg,/Users/martin/smart-technologies-ca2/data_recovery/IMG/right_2026_08_31_13_17_19_867.jpg,0,1,0,30.19028
/Users/martin/smart-technologies-ca2/data_recovery/IMG/center_2026_08_31_13_17_19_937.jpg,/Users/martin/smart-technologies-ca2/data_recovery/IMG/left_2026_08_31_13_17_19_937.jpg,/Users/martin/smart-technologies-ca2/data_recovery/IMG/right_2026_08_31_13_17_19_937.jpg,0,1,0,30.19029
/Users/martin/smart-technologies-ca2/data_recovery/IMG/center_2026_08_31_13_17_20_007.jpg,/Users/martin/smart-technologies-ca2/data_recovery/IMG/left_2026_08_31_13_17_20_007.jpg,/Users/martin/smart-technologies-ca2/data_recovery/IMG/right_2026_08_31_13_17_20_007.jpg,0,1,0,30.1903
/Users/martin/smart-technologies-ca2/data_recovery/IMG/center_2026_08_31_13_17_20_077.jpg,/Users/martin/smart-technologies-ca2/data_recovery/IMG/left_2026_08_31_13_17_20_077.jpg,/Users/martin/smart-technologies-ca2/data_recovery/IMG/right_2026_08_31_13_17_20_077.jpg,0,1,0,30.19029
/Users/martin/smart-technologies-ca2/data_recovery/IMG/center_2026_08_31_13_17_20_144.jpg,/Users/martin/smart-technologies-ca2/data_recovery/IMG/left_2026_08_31_13_17_20_144.jpg,/Users/martin/smart-technologies-ca2/data_recovery/IMG/right_2026_08_31_13_17_20_144.jpg,0,1,0,30.19034
/Users/martin/smart-technologies-ca2/data_recovery/IMG/center_2026_08_31_13_17_20_211.jpg,/Users/martin/smart-technologies-ca2/data_recovery/IMG/left_2026_08_31_13_17_20_211.jpg,/Users/martin/smart-technologies-ca2/data_recovery/IMG/right_2026_08_31_13_17_20_211.jpg,0,1,0,30.19029
/Users/martin/smart-technologies-ca2/data_recovery/IMG/center_2026_08_31_13_17_20_278.jpg,/Users/martin/smart-technologies-ca2/data_recovery/IMG/left_2026_08_31_13_17_20_278.jpg,/Users/martin/smart-technologies-ca2/data_recovery/IMG/right_2026_08_31_13_17_20_278.jpg,0,1,0,30.19029
/Users/martin/smart-technologies-ca2/data_recovery/IMG/center_2026_08_31_13_17_20_348.jpg,/Users/martin/smart-technologies-ca2/data_recovery/IMG/left_2026_08_31_13_17_20_348.jpg,/Users/martin/smart-technologies-ca2/data_recovery/IMG/right_2026_08_31_13_17_20_348.jpg,-0.1,1,0,30.18758
/Users/martin/smart-technologies-ca2/data_recovery/IMG/center_2026_08_31_13_17_20_414.jpg,/Users/martin/smart-technologies-ca2/data_recovery/IMG/left_2026_08_31_13_17_20_414.jpg,/Users/martin/smart-technologies-ca2/data_recovery/IMG/right_2026_08_31_13_17_20_414.jpg,-0.25,1,0,30.17473
/Users/martin/smart-technologies-ca2/data_recovery/IMG/center_2026_08_31_13_17_20_483.jpg,/Users/martin/smart-technologies-ca2/data_recovery/IMG/left_2026_08_31_13_17_20_483.jpg,/Users/martin/smart-technologies-ca2/data_recovery/IMG/right_2026_08_31_13_17_20_483.jpg,0,1,0,30.18111
/Users/martin/smart-technologies-ca2/data_recovery/IMG/center_2026_08_31_13_17_20_550.jpg,/Users/martin/smart-technologies-ca2/data_recovery/IMG/left_2026_08_31_13_17_20_550.jpg,/Users/martin/smart-technologies-ca2/data_recovery/IMG/right_2026_08_31_13_17_20_550.jpg,0,1,0,30.18899
/Users/martin/smart-technologies-ca2/data_recovery/IMG/center_2026_08_31_13_17_20_617.jpg,/Users/martin/smart-technologies-ca2/data_recovery/IMG/left_2026_08_31_13_17_20_617.jpg,/Users/martin/smart-technologies-ca2/data_recovery/IMG/right_2026_08_31_13_17_20_617.jpg,0,1,0,30.18981
/Users/martin/smart-technologies-ca2/data_recovery/IMG/center_2026_08_31_13_17_20_685.jpg,/Users/martin/smart-technologies-ca2/data_recovery/IMG/left_2026_08_31_13_17_20_685.jpg,/Users/martin/smart-technologies-ca2/data_recovery/IMG/right_2026_08_31_13_17_20_685.jpg,0,1,0,30.19019
/Users/martin/smart-technologies-ca2/data_recovery/IMG/center_2026_08_31_13_17_20_755.jpg,/Users/martin/smart-technologies-ca2/data_recovery/IMG/left_2026_08_31_13_17_20_755.jpg,/Users/martin/smart-technologies-ca2/data_recovery/IMG/right_2026_08_31_13_17_20_755.jpg,0,1,0,30.19031
/Users/martin/smart-technologies-ca2/data_recovery/IMG/center_2026_08_31_13_17_20_824.jpg,/Users/martin/smart-technologies-ca2/data_recovery/IMG/left_2026_08_31_13_17_20_824.jpg,/Users/martin/smart-technologies-ca2/data_recovery/IMG/right_2026_08_31_13_17_20_824.jpg,0,1,0,30.19029
/Users/martin/smart-technologies-ca2/data_recovery/IMG/center_2026_08_31_13_17_20_892.jpg,/Users/martin/smart-technologies-ca2/data_recovery/IMG/left_2026_08_31_13_17_20_892.jpg,/Users/martin/smart-technologies-ca2/data_recovery/IMG/right_2026_08_31_13_17_20_892.jpg,0,1,0,30.19029
/Users/martin/smart-technologies-ca2/data_recovery/IMG/center_2026_08_31_13_17_20_961.jpg,/Users/martin/smart-technologies-ca2/data_recovery/IMG/left_2026_08_31_13_17_20_961.jpg,/Users/martin/smart-technologies-ca2/data_recovery/IMG/right_2026_08_31_13_17_20_961.jpg,-0.2,1,0,30.18011
/Users/martin/smart-technologies-ca2/data_recovery/IMG/center_2026_08_31_13_17_21_029.jpg,/Users/martin/smart-technologies-ca2/data_recovery/IMG/left_2026_08_31_13_17_21_029.jpg,/Users/martin/smart-technologies-ca2/data_recovery/IMG/right_2026_08_31_13_17_21_029.jpg,0,1,0,30.19096
/Users/martin/smart-technologies-ca2/data_recovery/IMG/center_2026_08_31_13_17_21_097.jpg,/Users/martin/smart-technologies-ca2/data_recovery/IMG/left_2026_08_31_13_17_21_097.jpg,/Users/martin/smart-technologies-ca2/data_recovery/IMG/right_2026_08_31_13_17_21_097.jpg,0,1,0,30.19002
/Users/martin/smart-technologies-ca2/data_recovery/IMG/center_2026_08_31_13_17_21_166.jpg,/Users/martin/smart-technologies-ca2/data_recovery/IMG/left_2026_08_31_13_17_21_166.jpg,/Users/martin/smart-technologies-ca2/data_recovery/IMG/right_2026_08_31_13_17_21_166.jpg,0,1,0,30.19025
/Users/martin/smart-technologies-ca2/data_recovery/IMG/center_2026_08_31_13_17_21_235.jpg,/Users/martin/smart-technologies-ca2/data_recovery/IMG/left_2026_08_31_13_17_21_235.jpg,/Users/martin/smart-technologies-ca2/data_recovery/IMG/right_2026_08_31_13_17_21_235.jpg,0,1,0,30.19017
/Users/martin/smart-technologies-ca2/data_recovery/IMG/center_2026_08_31_13_17_21_302.jpg,/Users/martin/smart-technologies-ca2/data_recovery/IMG/left_2026_08_31_13_17_21_302.jpg,/Users/martin/smart-technologies-ca2/data_recovery/IMG/right_2026_08_31_13_17_21_302.jpg,0,1,0,30.19031
/Users/martin/smart-technologies-ca2/data_recovery/IMG/center_2026_08_31_13_17_21_372.jpg,/Users/martin/smart-technologies-ca2/data_recovery/IMG/left_2026_08_31_13_17_21_372.jpg,/Users/martin/smart-technologies-ca2/data_recovery/IMG/right_2026_08_31_13_17_21_372.jpg,0,1,0,30.19032
/Users/martin/smart-technologies-ca2/data_recovery/IMG/center_2026_08_31_13_17_21_443.jpg,/Users/martin/smart-technologies-ca2/data_recovery/IMG/left_2026_08_31_13_17_21_443.jpg,/Users/martin/smart-technologies-ca2/data_recovery/IMG/right_2026_08_31_13_17_21_443.jpg,0,1,0,30.19029
/Users/martin/smart-technologies-ca2/data_recovery/IMG/center_2026_08_31_13_17_21_511.jpg,/Users/martin/smart-technologies-ca2/data_recovery/IMG/left_2026_08_31_13_17_21_511.jpg,/Users/martin/smart-technologies-ca2/data_recovery/IMG/right_2026_08_31_13_17_21_511.jpg,0,0.9717728,0,30.19029
/Users/martin/smart-technologies-ca2/data_recovery/IMG/center_2026_08_31_13_17_21_583.jpg,/Users/martin/smart-technologies-ca2/data_recovery/IMG/left_2026_08_31_13_17_21_583.jpg,/Users/martin/smart-technologies-ca2/data_recovery/IMG/right_2026_08_31_13_17_21_583.jpg,0,0.738343,0,30.13688
/Users/martin/smart-technologies-ca2/data_recovery/IMG/center_2026_08_31_13_17_21_670.jpg,/Users/martin/smart-technologies-ca2/data_recovery/IMG/left_2026_08_31_13_17_21_670.jpg,/Users/martin/smart-technologies-ca2/data_recovery/IMG/right_2026_08_31_13_17_21_670.jpg,0,0.4986579,0,28.57605
/Users/martin/smart-technologies-ca2/data_recovery/IMG/center_2026_08_31_13_18_04_623.jpg,/Users/martin/smart-technologies-ca2/data_recovery/IMG/left_2026_08_31_13_18_04_623.jpg,/Users/martin/smart-technologies-ca2/data_recovery/IMG/right_2026_08_31_13_18_04_623.jpg,0,0.2225761,0,1.74581
/Users/martin/smart-technologies-ca2/data_recovery/IMG/center_2026_08_31_13_18_04_693.jpg,/Users/martin/smart-technologies-ca2/data_recovery/IMG/left_2026_08_31_13_18_04_693.jpg,/Users/martin/smart-technologies-ca2/data_recovery/IMG/right_2026_08_31_13_18_04_693.jpg,0,0.3989671,0,1.969127
/Users/martin/smart-technologies-ca2/data_recovery/IMG/center_2026_08_31_13_18_04_760.jpg,/Users/martin/smart-technologies-ca2/data_recovery/IMG/left_2026_08_31_13_18_04_760.jpg,/Users/martin/smart-technologies-ca2/data_recovery/IMG/right_2026_08_31_13_18_04_760.jpg,0,0.6435031,0,2.514997
/Users/martin/smart-technologies-ca2/data_recovery/IMG/center_2026_08_31_13_18_04_826.jpg,/Users/martin/smart-technologies-ca2/data_recovery/IMG/left_2026_08_31_13_18_04_826.jpg,/Users/martin/smart-technologies-ca2/data_recovery/IMG/right_2026_08_31_13_18_04_826.jpg,0,0.822273,0,3.059743
/Users/martin/smart-technologies-ca2/data_recovery/IMG/center_2026_08_31_13_18_04_896.jpg,/Users/martin/smart-technologies-ca2/data_recovery/IMG/left_2026_08_31_13_18_04_896.jpg,/Users/martin/smart-technologies-ca2/data_recovery/IMG/right_2026_08_31_13_18_04_896.jpg,0,0.9989462,0,3.71705
/Users/martin/smart-technologies-ca2/data_recovery/IMG/center_2026_08_31_13_18_04_963.jpg,/Users/martin/smart-technologies-ca2/data_recovery/IMG/left_2026_08_31_13_18_04_963.jpg,/Users/martin/smart-technologies-ca2/data_recovery/IMG/right_2026_08_31_13_18_04_963.jpg,0,1,0,4.654151
/Users/martin/smart-technologies-ca2/data_recovery/IMG/center_2026_08_31_13_18_05_030.jpg,/Users/martin/smart-technologies-ca2/data_recovery/IMG/left_2026_08_31_13_18_05_030.jpg,/Users/martin/smart-technologies-ca2/data_recovery/IMG/right_2026_08_31_13_18_05_030.jpg,0,1,0,5.351092
/Users/martin/smart-technologies-ca2/data_recovery/IMG/center_2026_08_31_13_18_05_102.jpg,/Users/martin/smart-technologies-ca2/data_recovery/IMG/left_2026_08_31_13_18_05_102.jpg,/Users/martin/smart-technologies-ca2/data_recovery/IMG/right_2026_08_31_13_18_05_102.jpg,0,1,0,6.274118
/Users/martin/smart-technologies-ca2/data_recovery/IMG/center_2026_08_31_13_18_05_168.jpg,/Users/martin/smart-technologies-ca2/data_recovery/IMG/left_2026_08_31_13_18_05_168.jpg,/Users/martin/smart-technologies-ca2/data_recovery/IMG/right_2026_08_31_13_18_05_168.jpg,0,1,0,6.961682
/Users/martin/smart-technologies-ca2/data_recovery/IMG/center_2026_08_31_13_18_05_235.jpg,/Users/martin/smart-technologies-ca2/data_recovery/IMG/left_2026_08_31_13_18_05_235.jpg,/Users/martin/smart-technologies-ca2/data_recovery/IMG/right_2026_08_31_13_18_05_235.jpg,0,1,0,7.645236
/Users/martin/smart-technologies-ca2/data_recovery/IMG/center_2026_08_31_13_18_05_305.jpg,/Users/martin/smart-technologies-ca2/data_recovery/IMG/left_2026_08_31_13_18_05_305.jpg,/Users/martin/smart-technologies-ca2/data_recovery/IMG/right_2026_08_31_13_18_05_305.jpg,0,1,0,8.550433
/Users/martin/smart-technologies-ca2/data_recovery/IMG/center_2026_08_31_13_18_05_373.jpg,/Users/martin/smart-technologies-ca2/data_recovery/IMG/left_2026_08_31_13_18_05_373.jpg,/Users/martin/smart-technologies-ca2/data_recovery/IMG/right_2026_08_31_13_18_05_373.jpg,0,1,0,9.224694
/Users/martin/smart-technologies-ca2/data_recovery/IMG/center_2026_08_31_13_18_05_442.jpg,/Users/martin/smart-technologies-ca2/data_recovery/IMG/left_2026_08_31_13_18_05_442.jpg,/Users/martin/smart-technologies-ca2/data_recovery/IMG/right_2026_08_31_13_18_05_442.jpg,0,1,0,10.11754
/Users/martin/smart-technologies-ca2/data_recovery/IMG/center_2026_08_31_13_18_05_510.jpg,/Users/martin/smart-technologies-ca2/data_recovery/IMG/left_2026_08_31_13_18_05_510.jpg,/Users/martin/smart-technologies-ca2/data_recovery/IMG/right_2026_08_31_13_18_05_510.jpg,0,1,0,10.78254
/Users/martin/smart-technologies-ca2/data_recovery/IMG/center_2026_08_31_13_18_05_579.jpg,/Users/martin/smart-technologies-ca2/data_recovery/IMG/left_2026_08_31_13_18_05_579.jpg,/Users/martin/smart-technologies-ca2/data_recovery/IMG/right_2026_08_31_13_18_05_579.jpg,0,1,0,11.49654
/Users/martin/smart-technologies-ca2/data_recovery/IMG/center_2026_08_31_13_18_05_647.jpg,/Users/martin/smart-technologies-ca2/data_recovery/IMG/left_2026_08_31_13_18_05_647.jpg,/Users/martin/smart-technologies-ca2/data_recovery/IMG/right_2026_08_31_13_18_05_647.jpg,0,1,0,12.35915
/Users/martin/smart-technologies-ca2/data_recovery/IMG/center_2026_08_31_13_18_05_715.jpg,/Users/martin/smart-technologies-ca2/data_recovery/IMG/left_2026_08_31_13_18_05_715.jpg,/Users/martin/smart-technologies-ca2/data_recovery/IMG/right_2026_08_31_13_18_05_715.jpg,0,1,0,12.99909
/Users/martin/smart-technologies-ca2/data_recovery/IMG/center_2026_08_31_13_18_05_784.jpg,/Users/martin/smart-technologies-ca2/data_recovery/IMG/left_2026_08_31_13_18_05_784.jpg,/Users/martin/smart-technologies-ca2/data_recovery/IMG/right_2026_08_31_13_18_05_784.jpg,0,1,0,13.71282
/Users/martin/smart-technologies-ca2/data_recovery/IMG/center_2026_08_31_13_18_05_852.jpg,/Users/martin/smart-technologies-ca2/data_recovery/IMG/left_2026_08_31_13_18_05_852.jpg,/Users/martin/smart-technologies-ca2/data_recovery/IMG/right_2026_08_31_13_18_05_852.jpg,0,1,0,14.55275
/Users/martin/smart-technologies-ca2/data_recovery/IMG/center_2026_08_31_13_18_05_921.jpg,/Users/martin/smart-technologies-ca2/data_recovery/IMG/left_2026_08_31_13_18_05_921.jpg,/Users/martin/smart-technologies-ca2/data_recovery/IMG/right_2026_08_31_13_18_05_921.jpg,0,1,0,15.45326
/Users/martin/smart-technologies-ca2/data_recovery/IMG/center_2026_08_31_13_18_05_988.jpg,/Users/martin/smart-technologies-ca2/data_recovery/IMG/left_2026_08_31_13_18_05_988.jpg,/Users/martin/smart-technologies-ca2/data_recovery/IMG/right_2026_08_31_13_18_05_988.jpg,0,1,0,15.833
/Users/martin/smart-technologies-ca2/data_recovery/IMG/center_2026_08_31_13_18_06_055.jpg,/Users/martin/smart-technologies-ca2/data_recovery/IMG/left_2026_08_31_13_18_06_055.jpg,/Users/martin/smart-technologies-ca2/data_recovery/IMG/right_2026_08_31_13_18_06_055.jpg,0,1,0,16.70077
/Users/martin/smart-technologies-ca2/data_recovery/IMG/center_2026_08_31_13_18_06_123.jpg,/Users/martin/smart-technologies-ca2/data_recovery/IMG/left_2026_08_31_13_18_06_123.jpg,/Users/martin/smart-technologies-ca2/data_recovery/IMG/right_2026_08_31_13_18_06_123.jpg,0,1,0,17.52798
/Users/martin/smart-technologies-ca2/data_recovery/IMG/center_2026_08_31_13_18_06_190.jpg,/Users/martin/smart-technologies-ca2/data_recovery/IMG/left_2026_08_31_13_18_06_190.jpg,/Users/martin/smart-technologies-ca2/data_recovery/IMG/right_2026_08_31_13_18_06_190.jpg,0,1,0,17.95536
/Users/martin/smart-technologies-ca2/data_recovery/IMG/center_2026_08_31_13_18_06_260.jpg,/Users/martin/smart-technologies-ca2/data_recovery/IMG/left_2026_08_31_13_18_06_260.jpg,/Users/martin/smart-technologies-ca2/data_recovery/IMG/right_2026_08_31_13_18_06_260.jpg,0,1,0,18.79768
/Users/martin/smart-technologies-ca2/data_recovery/IMG/center_2026_08_31_13_18_06_327.jpg,/Users/martin/smart-technologies-ca2/data_recovery/IMG/left_2026_08_31_13_18_06_327.jpg,/Users/martin/smart-technologies-ca2/data_recovery/IMG/right_2026_08_31_13_18_06_327.jpg,0,1,0,19.55444
/Users/martin/smart-technologies-ca2/data_recovery/IMG/center_2026_08_31_13_18_06_397.jpg,/Users/martin/smart-technologies-ca2/data_recovery/IMG/left_2026_08_31_13_18_06_397.jpg,/Users/martin/smart-technologies-ca2/data_recovery/IMG/right_2026_08_31_13_18_06_397.jpg,0,1,0,20.04421
/Users/martin/smart-technologies-ca2/data_recovery/IMG/center_2026_08_31_13_18_06_468.jpg,/Users/martin/smart-technologies-ca2/data_recovery/IMG/left_2026_08_31_13_18_06_468.jpg,/Users/martin/smart-technologies-ca2/data_recovery/IMG/right_2026_08_31_13_18_06_468.jpg,0,1,0,20.8661
/Users/martin/smart-technologies-ca2/data_recovery/IMG/center_2026_08_31_13_18_06_536.jpg,/Users/martin/smart-technologies-ca2/data_recovery/IMG/left_2026_08_31_13_18_06_536.jpg,/Users/martin/smart-technologies-ca2/data_recovery/IMG/right_2026_08_31_13_18_06_536.jpg,0,1,0,21.53902
/Users/martin/smart-technologies-ca2/data_recovery/IMG/center_2026_08_31_13_18_06_606.jpg,/Users/martin/smart-technologies-ca2/data_recovery/IMG/left_2026_08_31_13_18_06_606.jpg,/Users/martin/smart-technologies-ca2/data_recovery/IMG/right_2026_08_31_13_18_06_606.jpg,0,1,0,22.3219
/Users/martin/smart-technologies-ca2/data_recovery/IMG/center_2026_08_31_13_18_06_673.jpg,/Users/martin/smart-technologies-ca2/data_recovery/IMG/left_2026_08_31_13_18_06_673.jpg,/Users/martin/smart-technologies-ca2/data_recovery/IMG/right_2026_08_31_13_18_06_673.jpg,0,1,0,22.88505
/Users/martin/smart-technologies-ca2/data_recovery/IMG/center_2026_08_31_13_18_06_742.jpg,/Users/martin/smart-technologies-ca2/data_recovery/IMG/left_2026_08_31_13_18_06_742.jpg,/Users/martin/smart-technologies-ca2/data_recovery/IMG/right_2026_08_31_13_18_06_742.jpg,0,1,0,23.67489
/Users/martin/smart-technologies-ca2/data_recovery/IMG/center_2026_08_31_13_18_06_812.jpg,/Users/martin/smart-technologies-ca2/data_recovery/IMG/left_2026_08_31_13_18_06_812.jpg,/Users/martin/smart-technologies-ca2/data_recovery/IMG/right_2026_08_31_13_18_06_812.jpg,0,1,0,24.26417
/Users/martin/smart-technologies-ca2/data_recovery/IMG/center_2026_08_31_13_18_06_881.jpg,/Users/martin/smart-technologies-ca2/data_recovery/IMG/left_2026_08_31_13_18_06_881.jpg,/Users/martin/smart-technologies-ca2/data_recovery/IMG/right_2026_08_31_13_18_06_881.jpg,0,1,0,25.03503
/Users/martin/smart-technologies-ca2/data_recovery/IMG/center_2026_08_31_13_18_06_951.jpg,/Users/martin/smart-technologies-ca2/data_recovery/IMG/left_2026_08_31_13_18_06_951.jpg,/Users/martin/smart-technologies-ca2/data_recovery/IMG/right_2026_08_31_13_18_06_951.jpg,0,1,0,25.6095
/Users/martin/smart-technologies-ca2/data_recovery/IMG/center_2026_08_31_13_18_07_021.jpg,/Users/martin/smart-technologies-ca2/data_recovery/IMG/left_2026_08_31_13_18_07_021.jpg,/Users/martin/smart-technologies-ca2/data_recovery/IMG/right_2026_08_31_13_18_07_021.jpg,0,1,0,26.371
/Users/martin/smart-technologies-ca2/data_recovery/IMG/center_2026_08_31_13_18_07_089.jpg,/Users/martin/smart-technologies-ca2/data_recovery/IMG/left_2026_08_31_13_18_07_089.jpg,/Users/martin/smart-technologies-ca2/data_recovery/IMG/right_2026_08_31_13_18_07_089.jpg,0,1,0,26.93799
/Users/martin/smart-technologies-ca2/data_recovery/IMG/center_2026_08_31_13_18_07_159.jpg,/Users/martin/smart-technologies-ca2/data_recovery/IMG/left_2026_08_31_13_18_07_159.jpg,/Users/martin/smart-technologies-ca2/data_recovery/IMG/right_2026_08_31_13_18_07_159.jpg,0,1,0,27.68867
/Users/martin/smart-technologies-ca2/data_recovery/IMG/center_2026_08_31_13_18_07_229.jpg,/Users/martin/smart-technologies-ca2/data_recovery/IMG/left_2026_08_31_13_18_07_229.jpg,/Users/martin/smart-technologies-ca2/data_recovery/IMG/right_2026_08_31_13_18_07_229.jpg,0,1,0,28.24765
/Users/martin/smart-technologies-ca2/data_recovery/IMG/center_2026_08_31_13_18_07_296.jpg,/Users/martin/smart-technologies-ca2/data_recovery/IMG/left_2026_08_31_13_18_07_296.jpg,/Users/martin/smart-technologies-ca2/data_recovery/IMG/right_2026_08_31_13_18_07_296.jpg,0,1,0,28.8033
/Users/martin/smart-technologies-ca2/data_recovery/IMG/center_2026_08_31_13_18_07_363.jpg,/Users/martin/smart-technologies-ca2/data_recovery/IMG/left_2026_08_31_13_18_07_363.jpg,/Users/martin/smart-technologies-ca2/data_recovery/IMG/right_2026_08_31_13_18_07_363.jpg,0,1,0,29.53891
/Users/martin/smart-technologies-ca2/data_recovery/IMG/center_2026_08_31_13_18_07_431.jpg,/Users/martin/smart-technologies-ca2/data_recovery/IMG/left_2026_08_31_13_18_07_431.jpg,/Users/martin/smart-technologies-ca2/data_recovery/IMG/right_2026_08_31_13_18_07_431.jpg,-0.05,1,0,30.08619
/Users/martin/smart-technologies-ca2/data_recovery/IMG/center_2026_08_31_13_18_07_499.jpg,/Users/martin/smart-technologies-ca2/data_recovery/IMG/left_2026_08_31_13_18_07_499.jpg,/Users/martin/smart-technologies-ca2/data_recovery/IMG/right_2026_08_31_13_18_07_499.jpg,-0.25,1,0,30.1748
/Users/martin/smart-technologies-ca2/data_recovery/IMG/center_2026_08_31_13_18_07_565.jpg,/Users/martin/smart-technologies-ca2/data_recovery/IMG/left_2026_08_31_13_18_07_565.jpg,/Users/martin/smart-technologies-ca2/data_recovery/IMG/right_2026_08_31_13_18_07_565.jpg,0,1,0,30.19074
/Users/martin/smart-technologies-ca2/data_recovery/IMG/center_2026_08_31_13_18_07_634.jpg,/Users/martin/smart-technologies-ca2/data_recovery/IMG/left_2026_08_31_13_18_07_634.jpg,/Users/martin/smart-technologies-ca2/data_recovery/IMG/right_2026_08_31_13_18_07_634.jpg,0,1,0,30.1897
/Users/martin/smart-technologies-ca2/data_recovery/IMG/center_2026_08_31_13_18_07_704.jpg,/Users/martin/smart-technologies-ca2/data_recovery/IMG/left_2026_08_31_13_18_07_704.jpg,/Users/martin/smart-technologies-ca2/data_recovery/IMG/right_2026_08_31_13_18_07_704.jpg,0,1,0,30.19041
/Users/martin/smart-technologies-ca2/data_recovery/IMG/center_2026_08_31_13_18_07_771.jpg,/Users/martin/smart-technologies-ca2/data_recovery/IMG/left_2026_08_31_13_18_07_771.jpg,/Users/martin/smart-technologies-ca2/data_recovery/IMG/right_2026_08_31_13_18_07_771.jpg,0,1,0,30.19026
/Users/martin/smart-technologies-ca2/data_recovery/IMG/center_2026_08_31_13_18_07_841.jpg,/Users/martin/smart-technologies-ca2/data_recovery/IMG/left_2026_08_31_13_18_07_841.jpg,/Users/martin/smart-technologies-ca2/data_recovery/IMG/right_2026_08_31_13_18_07_841.jpg,0,1,0,30.19031
/Users/martin/smart-technologies-ca2/data_recovery/IMG/center_2026_08_31_13_18_07_910.jpg,/Users/martin/smart-technologies-ca2/data_recovery/IMG/left_2026_08_31_13_18_07_910.jpg,/Users/martin/smart-technologies-ca2/data_recovery/IMG/right_2026_08_31_13_18_07_910.jpg,0,1,0,30.19028
/Users/martin/smart-technologies-ca2/data_recovery/IMG/center_2026_08_31_13_18_07_978.jpg,/Users/martin/smart-technologies-ca2/data_recovery/IMG/left_2026_08_31_13_18_07_978.jpg,/Users/martin/smart-technologies-ca2/data_recovery/IMG/right_2026_08_31_13_18_07_978.jpg,0,1,0,30.19029
/Users/martin/smart-technologies-ca2/data_recovery/IMG/center_2026_08_31_13_18_08_047.jpg,/Users/martin/smart-technologies-ca2/data_recovery/IMG/left_2026_08_31_13_18_08_047.jpg,/Users/martin/smart-technologies-ca2/data_recovery/IMG/right_2026_08_31_13_18_08_047.jpg,0,1,0,30.19032
/Users/martin/smart-technologies-ca2/data_recovery/IMG/center_2026_08_31_13_18_08_114.jpg,/Users/martin/smart-technologies-ca2/data_recovery/IMG/left_2026_08_31_13_18_08_114.jpg,/Users/martin/smart-technologies-ca2/data_recovery/IMG/right_2026_08_31_13_18_08_114.jpg,0,1,0,30.1903
/Users/martin/smart-technologies-ca2/data_recovery/IMG/center_2026_08_31_13_18_08_184.jpg,/Users/martin/smart-technologies-ca2/data_recovery/IMG/left_2026_08_31_13_18_08_184.jpg,/Users/martin/smart-technologies-ca2/data_recovery/IMG/right_2026_08_31_13_18_08_184.jpg,0,1,0,30.19029
/Users/martin/smart-technologies-ca2/data_recovery/IMG/center_2026_08_31_13_18_08_251.jpg,/Users/martin/smart-technologies-ca2/data_recovery/IMG/left_2026_08_31_13_18_08_251.jpg,/Users/martin/smart-technologies-ca2/data_recovery/IMG/right_2026_08_31_13_18_08_251.jpg,0,1,0,30.19032
/Users/martin/smart-technologies-ca2/data_recovery/IMG/center_2026_08_31_13_18_08_321.jpg,/Users/martin/smart-technologies-ca2/data_recovery/IMG/left_2026_08_31_13_18_08_321.jpg,/Users/martin/smart-technologies-ca2/data_recovery/IMG/right_2026_08_31_13_18_08_321.jpg,0,1,0,30.19029
/Users/martin/smart-technologies-ca2/data_recovery/IMG/center_2026_08_31_13_18_08_387.jpg,/Users/martin/smart-technologies-ca2/data_recovery/IMG/left_2026_08_31_13_18_08_387.jpg,/Users/martin/smart-technologies-ca2/data_recovery/IMG/right_2026_08_31_13_18_08_387.jpg,0,1,0,30.19032
/Users/martin/smart-technologies-ca2/data_recovery/IMG/center_2026_08_31_13_18_08_454.jpg,/Users/martin/smart-technologies-ca2/data_recovery/IMG/left_2026_08_31_13_18_08_454.jpg,/Users/martin/smart-technologies-ca2/data_recovery/IMG/right_2026_08_31_13_18_08_454.jpg,0,1,0,30.19028
/Users/martin/smart-technologies-ca2/data_recovery/IMG/center_2026_08_31_13_18_08_524.jpg,/Users/martin/smart-technologies-ca2/data_recovery/IMG/left_2026_08_31_13_18_08_524.jpg,/Users/martin/smart-technologies-ca2/data_recovery/IMG/right_2026_08_31_13_18_08_524.jpg,0,1,0,30.1903
/Users/martin/smart-technologies-ca2/data_recovery/IMG/center_2026_08_31_13_18_08_591.jpg,/Users/martin/smart-technologies-ca2/data_recovery/IMG/left_2026_08_31_13_18_08_591.jpg,/Users/martin/smart-technologies-ca2/data_recovery/IMG/right_2026_08_31_13_18_08_591.jpg,0,1,0,30.19028
/Users/martin/smart-technologies-ca2/data_recovery/IMG/center_2026_08_31_13_18_08_658.jpg,/Users/martin/smart-technologies-ca2/data_recovery/IMG/left_2026_08_31_13_18_08_658.jpg,/Users/martin/smart-technologies-ca2/data_recovery/IMG/right_2026_08_31_13_18_08_658.jpg,0,1,0,30.19034
/Users/martin/smart-technologies-ca2/data_recovery/IMG/center_2026_08_31_13_18_08_725.jpg,/Users/martin/smart-technologies-ca2/data_recovery/IMG/left_2026_08_31_13_18_08_725.jpg,/Users/martin/smart-technologies-ca2/data_recovery/IMG/right_2026_08_31_13_18_08_725.jpg,-0.15,1,0,30.18419
/Users/martin/smart-technologies-ca2/data_recovery/IMG/center_2026_08_31_13_18_08_795.jpg,/Users/martin/smart-technologies-ca2/data_recovery/IMG/left_2026_08_31_13_18_08_795.jpg,/Users/martin/smart-technologies-ca2/data_recovery/IMG/right_2026_08_31_13_18_08_795.jpg,0,1,0,30.18582
/Users/martin/smart-technologies-ca2/data_recovery/IMG/center_2026_08_31_13_18_08_865.jpg,/Users/martin/smart-technologies-ca2/data_recovery/IMG/left_2026_08_31_13_18_08_865.jpg,/Users/martin/smart-technologies-ca2/data_recovery/IMG/right_2026_08_31_13_18_08_865.jpg,0,1,0,30.18995
/Users/martin/smart-technologies-ca2/data_recovery/IMG/center_2026_08_31_13_18_08_932.jpg,/Users/martin/smart-technologies-ca2/data_recovery/IMG/left_2026_08_31_13_18_08_932.jpg,/Users/martin/smart-technologies-ca2/data_recovery/IMG/right_2026_08_31_13_18_08_932.jpg,0,1,0,30.19023
/Users/martin/smart-technologies-ca2/data_recovery/IMG/center_2026_08_31_13_18_09_001.jpg,/Users/martin/smart-technologies-ca2/data_recovery/IMG/left_2026_08_31_13_18_09_001.jpg,/Users/martin/smart-technologies-ca2/data_recovery/IMG/right_2026_08_31_13_18_09_001.jpg,0,1,0,30.19026
/Users/martin/smart-technologies-ca2/data_recovery/IMG/center_2026_08_31_13_18_09_069.jpg,/Users/martin/smart-technologies-ca2/data_recovery/IMG/left_2026_08_31_13_18_09_069.jpg,/Users/martin/smart-technologies-ca2/data_recovery/IMG/right_2026_08_31_13_18_09_069.jpg,0,1,0,30.19027
/Users/martin/smart-technologies-ca2/data_recovery/IMG/center_2026_08_31_13_18_09_139.jpg,/Users/martin/smart-technologies-ca2/data_recovery/IMG/left_2026_08_31_13_18_09_139.jpg,/Users/martin/smart-technologies-ca2/data_recovery/IMG/right_2026_08_31_13_18_09_139.jpg,0,1,0,30.1903
/Users/martin/smart-technologies-ca2/data_recovery/IMG/center_2026_08_31_13_18_09_208.jpg,/Users/martin/smart-technologies-ca2/data_recovery/IMG/left_2026_08_31_13_18_09_208.jpg,/Users/martin/smart-technologies-ca2/data_recovery/IMG/right_2026_08_31_13_18_09_208.jpg,0,1,0,30.19028
/Users/martin/smart-technologies-ca2/data_recovery/IMG/center_2026_08_31_13_18_09_276.jpg,/Users/martin/smart-technologies-ca2/data_recovery/IMG/left_2026_08_31_13_18_09_276.jpg,/Users/martin/smart-technologies-ca2/data_recovery/IMG/right_2026_08_31_13_18_09_276.jpg,-0.15,1,0,30.18435
/Users/martin/smart-technologies-ca2/data_recovery/IMG/center_2026_08_31_13_18_09_344.jpg,/Users/martin/smart-technologies-ca2/data_recovery/IMG/left_2026_08_31_13_18_09_344.jpg,/Users/martin/smart-technologies-ca2/data_recovery/IMG/right_2026_08_31_13_18_09_344.jpg,0,1,0,30.18459
/Users/martin/smart-technologies-ca2/data_recovery/IMG/center_2026_08_31_13_18_09_414.jpg,/Users/martin/smart-technologies-ca2/data_recovery/IMG/left_2026_08_31_13_18_09_414.jpg,/Users/martin/smart-technologies-ca2/data_recovery/IMG/right_2026_08_31_13_18_09_414.jpg,0,1,0,30.18987
/Users/martin/smart-technologies-ca2/data_recovery/IMG/center_2026_08_31_13_18_09_481.jpg,/Users/martin/smart-technologies-ca2/data_recovery/IMG/left_2026_08_31_13_18_09_481.jpg,/Users/martin/smart-technologies-ca2/data_recovery/IMG/right_2026_08_31_13_18_09_481.jpg,0,1,0,30.19017
/Users/martin/smart-technologies-ca2/data_recovery/IMG/center_2026_08_31_13_18_09_551.jpg,/Users/martin/smart-technologies-ca2/data_recovery/IMG/left_2026_08_31_13_18_09_551.jpg,/Users/martin/smart-technologies-ca2/data_recovery/IMG/right_2026_08_31_13_18_09_551.jpg,0,1,0,30.19026
/Users/martin/smart-technologies-ca2/data_recovery/IMG/center_2026_08_31_13_18_09_621.jpg,/Users/martin/smart-technologies-ca2/data_recovery/IMG/left_2026_08_31_13_18_09_621.jpg,/Users/martin/smart-technologies-ca2/data_recovery/IMG/right_2026_08_31_13_18_09_621.jpg,0,1,0,30.19035
/Users/martin/smart-technologies-ca2/data_recovery/IMG/center_2026_08_31_13_18_09_688.jpg,/Users/martin/smart-technologies-ca2/data_recovery/IMG/left_2026_08_31_13_18_09_688.jpg,/Users/martin/smart-technologies-ca2/data_recovery/IMG/right_2026_08_31_13_18_09_688.jpg,0,1,0,30.19028
/Users/martin/smart-technologies-ca2/data_recovery/IMG/center_2026_08_31_13_18_09_758.jpg,/Users/martin/smart-technologies-ca2/data_recovery/IMG/left_2026_08_31_13_18_09_758.jpg,/Users/martin/smart-technologies-ca2/data_recovery/IMG/right_2026_08_31_13_18_09_758.jpg,0,1,0,30.1903
/Users/martin/smart-technologies-ca2/data_recovery/IMG/center_2026_08_31_13_18_09_826.jpg,/Users/martin/smart-technologies-ca2/data_recovery/IMG/left_2026_08_31_13_18_09_826.jpg,/Users/martin/smart-technologies-ca2/data_recovery/IMG/right_2026_08_31_13_18_09_826.jpg,0,1,0,30.19029
/Users/martin/smart-technologies-ca2/data_recovery/IMG/center_2026_08_31_13_18_09_895.jpg,/Users/martin/smart-technologies-ca2/data_recovery/IMG/left_2026_08_31_13_18_09_895.jpg,/Users/martin/smart-technologies-ca2/data_recovery/IMG/right_2026_08_31_13_18_09_895.jpg,0,1,0,30.19033
/Users/martin/smart-technologies-ca2/data_recovery/IMG/center_2026_08_31_13_18_09_963.jpg,/Users/martin/smart-technologies-ca2/data_recovery/IMG/left_2026_08_31_13_18_09_963.jpg,/Users/martin/smart-technologies-ca2/data_recovery/IMG/right_2026_08_31_13_18_09_963.jpg,0,1,0,30.19014
/Users/martin/smart-technologies-ca2/data_recovery/IMG/center_2026_08_31_13_18_10_031.jpg,/Users/martin/smart-technologies-ca2/data_recovery/IMG/left_2026_08_31_13_18_10_031.jpg,/Users/martin/smart-technologies-ca2/data_recovery/IMG/right_2026_08_31_13_18_10_031.jpg,-0.1,1,0,30.18773
/Users/martin/smart-technologies-ca2/data_recovery/IMG/center_2026_08_31_13_18_10_101.jpg,/Users/martin/smart-technologies-ca2/data_recovery/IMG/left_2026_08_31_13_18_10_101.jpg,/Users/martin/smart-technologies-ca2/data_recovery/IMG/right_2026_08_31_13_18_10_101.jpg,-0.3,1,0,30.16924
/Users/martin/smart-technologies-ca2/data_recovery/IMG/center_2026_08_31_13_18_10_168.jpg,/Users/martin/smart-technologies-ca2/data_recovery/IMG/left_2026_08_31_13_18_10_168.jpg,/Users/martin/smart-technologies-ca2/data_recovery/IMG/right_2026_08_31_13_18_10_168.jpg,0,1,0,30.18106
/Users/martin/smart-technologies-ca2/data_recovery/IMG/center_2026_08_31_13_18_10_235.jpg,/Users/martin/smart-technologies-ca2/data_recovery/IMG/left_2026_08_31_13_18_10_235.jpg,/Users/martin/smart-technologies-ca2/data_recovery/IMG/right_2026_08_31_13_18_10_235.jpg,0,1,0,30.18897
/Users/martin/smart-technologies-ca2/data_recovery/IMG/center_2026_08_31_13_18_10_302.jpg,/Users/martin/smart-technologies-ca2/data_recovery/IMG/left_2026_08_31_13_18_10_302.jpg,/Users/martin/smart-technologies-ca2/data_recovery/IMG/right_2026_08_31_13_18_10_302.jpg,0,1,0,30.19001
/Users/martin/smart-technologies-ca2/data_recovery/IMG/center_2026_08_31_13_18_10_372.jpg,/Users/martin/smart-technologies-ca2/data_recovery/IMG/left_2026_08_31_13_18_10_372.jpg,/Users/martin/smart-technologies-ca2/data_recovery/IMG/right_2026_08_31_13_18_10_372.jpg,0,1,0,30.1902
/Users/martin/smart-technologies-ca2/data_recovery/IMG/center_2026_08_31_13_18_10_441.jpg,/Users/martin/smart-technologies-ca2/data_recovery/IMG/left_2026_08_31_13_18_10_441.jpg,/Users/martin/smart-technologies-ca2/data_recovery/IMG/right_2026_08_31_13_18_10_441.jpg,0,1,0,30.19032
/Users/martin/smart-technologies-ca2/data_recovery/IMG/center_2026_08_31_13_18_10_507.jpg,/Users/martin/smart-technologies-ca2/data_recovery/IMG/left_2026_08_31_13_18_10_507.jpg,/Users/martin/smart-technologies-ca2/data_recovery/IMG/right_2026_08_31_13_18_10_507.jpg,0,1,0,30.19025
/Users/martin/smart-technologies-ca2/data_recovery/IMG/center_2026_08_31_13_18_10_577.jpg,/Users/martin/smart-technologies-ca2/data_recovery/IMG/left_2026_08_31_13_18_10_577.jpg,/Users/martin/smart-technologies-ca2/data_recovery/IMG/right_2026_08_31_13_18_10_577.jpg,0,1,0,30.19028
/Users/martin/smart-technologies-ca2/data_recovery/IMG/center_2026_08_31_13_18_10_644.jpg,/Users/martin/smart-technologies-ca2/data_recovery/IMG/left_2026_08_31_13_18_10_644.jpg,/Users/martin/smart-technologies-ca2/data_recovery/IMG/right_2026_08_31_13_18_10_644.jpg,0,1,0,30.19029
/Users/martin/smart-technologies-ca2/data_recovery/IMG/center_2026_08_31_13_18_10_711.jpg,/Users/martin/smart-technologies-ca2/data_recovery/IMG/left_2026_08_31_13_18_10_711.jpg,/Users/martin/smart-technologies-ca2/data_recovery/IMG/right_2026_08_31_13_18_10_711.jpg,0,1,0,30.19032
/Users/martin/smart-technologies-ca2/data_recovery/IMG/center_2026_08_31_13_18_10_779.jpg,/Users/martin/smart-technologies-ca2/data_recovery/IMG/left_2026_08_31_13_18_10_779.jpg,/Users/martin/smart-technologies-ca2/data_recovery/IMG/right_2026_08_31_13_18_10_779.jpg,0,1,0,30.19028
/Users/martin/smart-technologies-ca2/data_recovery/IMG/center_2026_08_31_13_18_10_846.jpg,/Users/martin/smart-technologies-ca2/data_recovery/IMG/left_2026_08_31_13_18_10_846.jpg,/Users/martin/smart-technologies-ca2/data_recovery/IMG/right_2026_08_31_13_18_10_846.jpg,0,1,0,30.19029
/Users/martin/smart-technologies-ca2/data_recovery/IMG/center_2026_08_31_13_18_10_913.jpg,/Users/martin/smart-technologies-ca2/data_recovery/IMG/left_2026_08_31_13_18_10_913.jpg,/Users/martin/smart-technologies-ca2/data_recovery/IMG/right_2026_08_31_13_18_10_913.jpg,0,1,0,30.1903
/Users/martin/smart-technologies-ca2/data_recovery/IMG/center_2026_08_31_13_18_10_981.jpg,/Users/martin/smart-technologies-ca2/data_recovery/IMG/left_2026_08_31_13_18_10_981.jpg,/Users/martin/smart-technologies-ca2/data_recovery/IMG/right_2026_08_31_13_18_10_981.jpg,0,1,0,30.19029
/Users/martin/smart-technologies-ca2/data_recovery/IMG/center_2026_08_31_13_18_11_048.jpg,/Users/martin/smart-technologies-ca2/data_recovery/IMG/left_2026_08_31_13_18_11_048.jpg,/Users/martin/smart-technologies-ca2/data_recovery/IMG/right_2026_08_31_13_18_11_048.jpg,0,1,0,30.19028
/Users/martin/smart-technologies-ca2/data_recovery/IMG/center_2026_08_31_13_18_11_118.jpg,/Users/martin/smart-technologies-ca2/data_recovery/IMG/left_2026_08_31_13_18_11_118.jpg,/Users/martin/smart-technologies-ca2/data_recovery/IMG/right_2026_08_31_13_18_11_118.jpg,0,1,0,30.19006
/Users/martin/smart-technologies-ca2/data_recovery/IMG/center_2026_08_31_13_18_11_188.jpg,/Users/martin/smart-technologies-ca2/data_recovery/IMG/left_2026_08_31_13_18_11_188.jpg,/Users/martin/smart-technologies-ca2/data_recovery/IMG/right_2026_08_31_13_18_11_188.jpg,0,1,0,30.19034
/Users/martin/smart-technologies-ca2/data_recovery/IMG/center_2026_08_31_13_18_11_255.jpg,/Users/martin/smart-technologies-ca2/data_recovery/IMG/left_2026_08_31_13_18_11_255.jpg,/Users/martin/smart-technologies-ca2/data_recovery/IMG/right_2026_08_31_13_18_11_255.jpg,0,1,0,30.19028
/Users/martin/smart-technologies-ca2/data_recovery/IMG/center_2026_08_31_13_18_11_322.jpg,/Users/martin/smart-technologies-ca2/data_recovery/IMG/left_2026_08_31_13_18_11_322.jpg,/Users/martin/smart-technologies-ca2/data_recovery/IMG/right_2026_08_31_13_18_11_322.jpg,0,1,0,30.19027
/Users/martin/smart-technologies-ca2/data_recovery/IMG/center_2026_08_31_13_18_11_390.jpg,/Users/martin/smart-technologies-ca2/data_recovery/IMG/left_2026_08_31_13_18_11_390.jpg,/Users/martin/smart-technologies-ca2/data_recovery/IMG/right_2026_08_31_13_18_11_390.jpg,0,1,0,30.19028
/Users/martin/smart-technologies-ca2/data_recovery/IMG/center_2026_08_31_13_18_11_459.jpg,/Users/martin/smart-technologies-ca2/data_recovery/IMG/left_2026_08_31_13_18_11_459.jpg,/Users/martin/smart-technologies-ca2/data_recovery/IMG/right_2026_08_31_13_18_11_459.jpg,0,1,0,30.1903
/Users/martin/smart-technologies-ca2/data_recovery/IMG/center_2026_08_31_13_18_11_528.jpg,/Users/martin/smart-technologies-ca2/data_recovery/IMG/left_2026_08_31_13_18_11_528.jpg,/Users/martin/smart-technologies-ca2/data_recovery/IMG/right_2026_08_31_13_18_11_528.jpg,0,1,0,30.19028
/Users/martin/smart-technologies-ca2/data_recovery/IMG/center_2026_08_31_13_18_11_596.jpg,/Users/martin/smart-technologies-ca2/data_recovery/IMG/left_2026_08_31_13_18_11_596.jpg,/Users/martin/smart-technologies-ca2/data_recovery/IMG/right_2026_08_31_13_18_11_596.jpg,0,1,0,30.19029
/Users/martin/smart-technologies-ca2/data_recovery/IMG/center_2026_08_31_13_18_11_665.jpg,/Users/martin/smart-technologies-ca2/data_recovery/IMG/left_2026_08_31_13_18_11_665.jpg,/Users/martin/smart-technologies-ca2/data_recovery/IMG/right_2026_08_31_13_18_11_665.jpg,0,1,0,30.19029
/Users/martin/smart-technologies-ca2/data_recovery/IMG/center_2026_08_31_13_18_11_735.jpg,/Users/martin/smart-technologies-ca2/data_recovery/IMG/left_2026_08_31_13_18_11_735.jpg,/Users/martin/smart-technologies-ca2/data_recovery/IMG/right_2026_08_31_13_18_11_735.jpg,0,1,0,30.19033
/Users/martin/smart-technologies-ca2/data_recovery/IMG/center_2026_08_31_13_18_11_801.jpg,/Users/martin/smart-technologies-ca2/data_recovery/IMG/left_2026_08_31_13_18_11_801.jpg,/Users/martin/smart-technologies-ca2/data_recovery/IMG/right_2026_08_31_13_18_11_801.jpg,-0.05,1,0,30.18974
/Users/martin/smart-technologies-ca2/data_recovery/IMG/center_2026_08_31_13_18_11_871.jpg,/Users/martin/smart-technologies-ca2/data_recovery/IMG/left_2026_08_31_13_18_11_871.jpg,/Users/martin/smart-technologies-ca2/data_recovery/IMG/right_2026_08_31_13_18_11_871.jpg,-0.2,1,0,30.17989
/Users/martin/smart-technologies-ca2/data_recovery/IMG/center_2026_08_31_13_18_11_938.jpg,/Users/martin/smart-technologies-ca2/data_recovery/IMG/left_2026_08_31_13_18_11_938.jpg,/Users/martin/smart-technologies-ca2/data_recovery/IMG/right_2026_08_31_13_18_11_938.jpg,-0.4,1,0,30.1575
/Users/martin/smart-technologies-ca2/data_recovery/IMG/center_2026_08_31_13_18_12_005.jpg,/Users/martin/smart-technologies-ca2/data_recovery/IMG/left_2026_08_31_13_18_12_005.jpg,/Users/martin/smart-technologies-ca2/data_recovery/IMG/right_2026_08_31_13_18_12_005.jpg,-0.5500001,1,0,30.13929
/Users/martin/smart-technologies-ca2/data_recovery/IMG/center_2026_08_31_13_18_12_074.jpg,/Users/martin/smart-technologies-ca2/data_recovery/IMG/left_2026_08_31_13_18_12_074.jpg,/Users/martin/smart-technologies-ca2/data_recovery/IMG/right_2026_08_31_13_18_12_074.jpg,0,1,0,30.18413
/Users/martin/smart-technologies-ca2/data_recovery/IMG/center_2026_08_31_13_18_12_144.jpg,/Users/martin/smart-technologies-ca2/data_recovery/IMG/left_2026_08_31_13_18_12_144.jpg,/Users/martin/smart-technologies-ca2/data_recovery/IMG/right_2026_08_31_13_18_12_144.jpg,0,1,0,30.18919
/Users/martin/smart-technologies-ca2/data_recovery/IMG/center_2026_08_31_13_18_12_213.jpg,/Users/martin/smart-technologies-ca2/data_recovery/IMG/left_2026_08_31_13_18_12_213.jpg,/Users/martin/smart-technologies-ca2/data_recovery/IMG/right_2026_08_31_13_18_12_213.jpg,0,1,0,30.18997
/Users/martin/smart-technologies-ca2/data_recovery/IMG/center_2026_08_31_13_18_12_281.jpg,/Users/martin/smart-technologies-ca2/data_recovery/IMG/left_2026_08_31_13_18_12_281.jpg,/Users/martin/smart-technologies-ca2/data_recovery/IMG/right_2026_08_31_13_18_12_281.jpg,0,1,0,30.19017
/Users/martin/smart-technologies-ca2/data_recovery/IMG/center_2026_08_31_13_18_12_351.jpg,/Users/martin/smart-technologies-ca2/data_recovery/IMG/left_2026_08_31_13_18_12_351.jpg,/Users/martin/smart-technologies-ca2/data_recovery/IMG/right_2026_08_31_13_18_12_351.jpg,0,1,0,30.19029
/Users/martin/smart-technologies-ca2/data_recovery/IMG/center_2026_08_31_13_18_12_418.jpg,/Users/martin/smart-technologies-ca2/data_recovery/IMG/left_2026_08_31_13_18_12_418.jpg,/Users/martin/smart-technologies-ca2/data_recovery/IMG/right_2026_08_31_13_18_12_418.jpg,0,1,0,30.19032
/Users/martin/smart-technologies-ca2/data_recovery/IMG/center_2026_08_31_13_18_12_488.jpg,/Users/martin/smart-technologies-ca2/data_recovery/IMG/left_2026_08_31_13_18_12_488.jpg,/Users/martin/smart-technologies-ca2/data_recovery/IMG/right_2026_08_31_13_18_12_488.jpg,0,1,0,30.19027
/Users/martin/smart-technologies-ca2/data_recovery/IMG/center_2026_08_31_13_18_12_554.jpg,/Users/martin/smart-technologies-ca2/data_recovery/IMG/left_2026_08_31_13_18_12_554.jpg,/Users/martin/smart-technologies-ca2/data_recovery/IMG/right_2026_08_31_13_18_12_554.jpg,0,1,0,30.19027
/Users/martin/smart-technologies-ca2/data_recovery/IMG/center_2026_08_31_13_18_12_624.jpg,/Users/martin/smart-technologies-ca2/data_recovery/IMG/left_2026_08_31_13_18_12_624.jpg,/Users/martin/smart-technologies-ca2/data_recovery/IMG/right_2026_08_31_13_18_12_624.jpg,0,1,0,30.19031
/Users/martin/smart-technologies-ca2/data_recovery/IMG/center_2026_08_31_13_18_12_693.jpg,/Users/martin/smart-technologies-ca2/data_recovery/IMG/left_2026_08_31_13_18_12_693.jpg,/Users/martin/smart-technologies-ca2/data_recovery/IMG/right_2026_08_31_13_18_12_693.jpg,0,1,0,30.19032
/Users/martin/smart-technologies-ca2/data_recovery/IMG/center_2026_08_31_13_18_12_763.jpg,/Users/martin/smart-technologies-ca2/data_recovery/IMG/left_2026_08_31_13_18_12_763.jpg,/Users/martin/smart-technologies-ca2/data_recovery/IMG/right_2026_08_31_13_18_12_763.jpg,0,1,0,30.19029
/Users/martin/smart-technologies-ca2/data_recovery/IMG/center_2026_08_31_13_18_12_832.jpg,/Users/martin/smart-technologies-ca2/data_recovery/IMG/left_2026_08_31_13_18_12_832.jpg,/Users/martin/smart-technologies-ca2/data_recovery/IMG/right_2026_08_31_13_18_12_832.jpg,0,1,0,30.19032
/Users/martin/smart-technologies-ca2/data_recovery/IMG/center_2026_08_31_13_18_12_901.jpg,/Users/martin/smart-technologies-ca2/data_recovery/IMG/left_2026_08_31_13_18_12_901.jpg,/Users/martin/smart-technologies-ca2/data_recovery/IMG/right_2026_08_31_13_18_12_901.jpg,0,1,0,30.19032
/Users/martin/smart-technologies-ca2/data_recovery/IMG/center_2026_08_31_13_18_12_968.jpg,/Users/martin/smart-technologies-ca2/data_recovery/IMG/left_2026_08_31_13_18_12_968.jpg,/Users/martin/smart-technologies-ca2/data_recovery/IMG/right_2026_08_31_13_18_12_968.jpg,0,1,0,30.19028
/Users/martin/smart-technologies-ca2/data_recovery/IMG/center_2026_08_31_13_18_13_035.jpg,/Users/martin/smart-technologies-ca2/data_recovery/IMG/left_2026_08_31_13_18_13_035.jpg,/Users/martin/smart-technologies-ca2/data_recovery/IMG/right_2026_08_31_13_18_13_035.jpg,0,1,0,30.1903
/Users/martin/smart-technologies-ca2/data_recovery/IMG/center_2026_08_31_13_18_13_102.jpg,/Users/martin/smart-technologies-ca2/data_recovery/IMG/left_2026_08_31_13_18_13_102.jpg,/Users/martin/smart-technologies-ca2/data_recovery/IMG/right_2026_08_31_13_18_13_102.jpg,0,1,0,30.19032
/Users/martin/smart-technologies-ca2/data_recovery/IMG/center_2026_08_31_13_18_13_169.jpg,/Users/martin/smart-technologies-ca2/data_recovery/IMG/left_2026_08_31_13_18_13_169.jpg,/Users/martin/smart-technologies-ca2/data_recovery/IMG/right_2026_08_31_13_18_13_169.jpg,0,1,0,30.19026
/Users/martin/smart-technologies-ca2/data_recovery/IMG/center_2026_08_31_13_18_13_238.jpg,/Users/martin/smart-technologies-ca2/data_recovery/IMG/left_2026_08_31_13_18_13_238.jpg,/Users/martin/smart-technologies-ca2/data_recovery/IMG/right_2026_08_31_13_18_13_238.jpg,0,1,0,30.19038
/Users/martin/smart-technologies-ca2/data_recovery/IMG/center_2026_08_31_13_18_13_307.jpg,/Users/martin/smart-technologies-ca2/data_recovery/IMG/left_2026_08_31_13_18_13_307.jpg,/Users/martin/smart-technologies-ca2/data_recovery/IMG/right_2026_08_31_13_18_13_307.jpg,0,1,0,30.19069
/Users/martin/smart-technologies-ca2/data_recovery/IMG/center_2026_08_31_13_18_13_377.jpg,/Users/martin/smart-technologies-ca2/data_recovery/IMG/left_2026_08_31_13_18_13_377.jpg,/Users/martin/smart-technologies-ca2/data_recovery/IMG/right_2026_08_31_13_18_13_377.jpg,-0.15,1,0,30.18418
/Users/martin/smart-technologies-ca2/data_recovery/IMG/center_2026_08_31_13_18_13_446.jpg,/Users/martin/smart-technologies-ca2/data_recovery/IMG/left_2026_08_31_13_18_13_446.jpg,/Users/martin/smart-technologies-ca2/data_recovery/IMG/right_2026_08_31_13_18_13_446.jpg,-0.35,1,0,30.16352
/Users/martin/smart-technologies-ca2/data_recovery/IMG/center_2026_08_31_13_18_13_514.jpg,/Users/martin/smart-technologies-ca2/data_recovery/IMG/left_2026_08_31_13_18_13_514.jpg,/Users/martin/smart-technologies-ca2/data_recovery/IMG/right_2026_08_31_13_18_13_514.jpg,-0.5000001,1,0,30.14556
/Users/martin/smart-technologies-ca2/data_recovery/IMG/center_2026_08_31_13_18_13_584.jpg,/Users/martin/smart-technologies-ca2/data_recovery/IMG/left_2026_08_31_13_18_13_584.jpg,/Users/martin/smart-technologies-ca2/data_recovery/IMG/right_2026_08_31_13_18_13_584.jpg,0,1,0,30.18407
/Users/martin/smart-technologies-ca2/data_recovery/IMG/center_2026_08_31_13_18_13_651.jpg,/Users/martin/smart-technologies-ca2/data_recovery/IMG/left_2026_08_31_13_18_13_651.jpg,/Users/martin/smart-technologies-ca2/data_recovery/IMG/right_2026_08_31_13_18_13_651.jpg,0,1,0,30.18847
/Users/martin/smart-technologies-ca2/data_recovery/IMG/center_2026_08_31_13_18_13_718.jpg,/Users/martin/smart-technologies-ca2/data_recovery/IMG/left_2026_08_31_13_18_13_718.jpg,/Users/martin/smart-technologies-ca2/data_recovery/IMG/right_2026_08_31_13_18_13_718.jpg,0,1,0,30.18996
/Users/martin/smart-technologies-ca2/data_recovery/IMG/center_2026_08_31_13_18_13_787.jpg,/Users/martin/smart-technologies-ca2/data_recovery/IMG/left_2026_08_31_13_18_13_787.jpg,/Users/martin/smart-technologies-ca2/data_recovery/IMG/right_2026_08_31_13_18_13_787.jpg,0,1,0,30.19023
/Users/martin/smart-technologies-ca2/data_recovery/IMG/center_2026_08_31_13_18_13_854.jpg,/Users/martin/smart-technologies-ca2/data_recovery/IMG/left_2026_08_31_13_18_13_854.jpg,/Users/martin/smart-technologies-ca2/data_recovery/IMG/right_2026_08_31_13_18_13_854.jpg,0,1,0,30.19028
/Users/martin/smart-technologies-ca2/data_recovery/IMG/center_2026_08_31_13_18_13_922.jpg,/Users/martin/smart-technologies-ca2/data_recovery/IMG/left_2026_08_31_13_18_13_922.jpg,/Users/martin/smart-technologies-ca2/data_recovery/IMG/right_2026_08_31_13_18_13_922.jpg,0,1,0,30.19027
/Users/martin/smart-technologies-ca2/data_recovery/IMG/center_2026_08_31_13_18_13_991.jpg,/Users/martin/smart-technologies-ca2/data_recovery/IMG/left_2026_08_31_13_18_13_991.jpg,/Users/martin/smart-technologies-ca2/data_recovery/IMG/right_2026_08_31_13_18_13_991.jpg,0,1,0,30.19029
/Users/martin/smart-technologies-ca2/data_recovery/IMG/center_2026_08_31_13_18_14_058.jpg,/Users/martin/smart-technologies-ca2/data_recovery/IMG/left_2026_08_31_13_18_14_058.jpg,/Users/martin/smart-technologies-ca2/data_recovery/IMG/right_2026_08_31_13_18_14_058.jpg,0,1,0,30.19028
/Users/martin/smart-technologies-ca2/data_recovery/IMG/center_2026_08_31_13_18_14_127.jpg,/Users/martin/smart-technologies-ca2/data_recovery/IMG/left_2026_08_31_13_18_14_127.jpg,/Users/martin/smart-technologies-ca2/data_recovery/IMG/right_2026_08_31_13_18_14_127.jpg,0,1,0,30.19033
/Users/martin/smart-technologies-ca2/data_recovery/IMG/center_2026_08_31_13_18_14_196.jpg,/Users/martin/smart-technologies-ca2/data_recovery/IMG/left_2026_08_31_13_18_14_196.jpg,/Users/martin/smart-technologies-ca2/data_recovery/IMG/right_2026_08_31_13_18_14_196.jpg,0,1,0,30.19027
/Users/martin/smart-technologies-ca2/data_recovery/IMG/center_2026_08_31_13_18_14_263.jpg,/Users/martin/smart-technologies-ca2/data_recovery/IMG/left_2026_08_31_13_18_14_263.jpg,/Users/martin/smart-technologies-ca2/data_recovery/IMG/right_2026_08_31_13_18_14_263.jpg,0,1,0,30.19042
/Users/martin/smart-technologies-ca2/data_recovery/IMG/center_2026_08_31_13_18_14_332.jpg,/Users/martin/smart-technologies-ca2/data_recovery/IMG/left_2026_08_31_13_18_14_332.jpg,/Users/martin/smart-technologies-ca2/data_recovery/IMG/right_2026_08_31_13_18_14_332.jpg,0,1,0,30.19029
/Users/martin/smart-technologies-ca2/data_recovery/IMG/center_2026_08_31_13_18_14_399.jpg,/Users/martin/smart-technologies-ca2/data_recovery/IMG/left_2026_08_31_13_18_14_399.jpg,/Users/martin/smart-technologies-ca2/data_recovery/IMG/right_2026_08_31_13_18_14_399.jpg,0,1,0,30.19034
/Users/martin/smart-technologies-ca2/data_recovery/IMG/center_2026_08_31_13_18_14_468.jpg,/Users/martin/smart-technologies-ca2/data_recovery/IMG/left_2026_08_31_13_18_14_468.jpg,/Users/martin/smart-technologies-ca2/data_recovery/IMG/right_2026_08_31_13_18_14_468.jpg,0,1,0,30.19
/Users/martin/smart-technologies-ca2/data_recovery/IMG/center_2026_08_31_13_18_14_537.jpg,/Users/martin/smart-technologies-ca2/data_recovery/IMG/left_2026_08_31_13_18_14_537.jpg,/Users/martin/smart-technologies-ca2/data_recovery/IMG/right_2026_08_31_13_18_14_537.jpg,0,1,0,30.19027
/Users/martin/smart-technologies-ca2/data_recovery/IMG/center_2026_08_31_13_18_14_605.jpg,/Users/martin/smart-technologies-ca2/data_recovery/IMG/left_2026_08_31_13_18_14_605.jpg,/Users/martin/smart-technologies-ca2/data_recovery/IMG/right_2026_08_31_13_18_14_605.jpg,0,1,0,30.19031
/Users/martin/smart-technologies-ca2/data_recovery/IMG/center_2026_08_31_13_18_14_672.jpg,/Users/martin/smart-technologies-ca2/data_recovery/IMG/left_2026_08_31_13_18_14_672.jpg,/Users/martin/smart-technologies-ca2/data_recovery/IMG/right_2026_08_31_13_18_14_672.jpg,0,1,0,30.19032
/Users/martin/smart-technologies-ca2/data_recovery/IMG/center_2026_08_31_13_18_14_740.jpg,/Users/martin/smart-technologies-ca2/data_recovery/IMG/left_2026_08_31_13_18_14_740.jpg,/Users/martin/smart-technologies-ca2/data_recovery/IMG/right_2026_08_31_13_18_14_740.jpg,0,1,0,30.19029
/Users/martin/smart-technologies-ca2/data_recovery/IMG/center_2026_08_31_13_18_14_807.jpg,/Users/martin/smart-technologies-ca2/data_recovery/IMG/left_2026_08_31_13_18_14_807.jpg,/Users/martin/smart-technologies-ca2/data_recovery/IMG/right_2026_08_31_13_18_14_807.jpg,0,1,0,30.19031
/Users/martin/smart-technologies-ca2/data_recovery/IMG/center_2026_08_31_13_18_14_874.jpg,/Users/martin/smart-technologies-ca2/data_recovery/IMG/left_2026_08_31_13_18_14_874.jpg,/Users/martin/smart-technologies-ca2/data_recovery/IMG/right_2026_08_31_13_18_14_874.jpg,0,1,0,30.19029
/Users/martin/smart-technologies-ca2/data_recovery/IMG/center_2026_08_31_13_18_14_944.jpg,/Users/martin/smart-technologies-ca2/data_recovery/IMG/left_2026_08_31_13_18_14_944.jpg,/Users/martin/smart-technologies-ca2/data_recovery/IMG/right_2026_08_31_13_18_14_944.jpg,0,1,0,30.19029
/Users/martin/smart-technologies-ca2/data_recovery/IMG/center_2026_08_31_13_18_15_011.jpg,/Users/martin/smart-technologies-ca2/data_recovery/IMG/left_2026_08_31_13_18_15_011.jpg,/Users/martin/smart-technologies-ca2/data_recovery/IMG/right_2026_08_31_13_18_15_011.jpg,0,1,0,30.19027
/Users/martin/smart-technologies-ca2/data_recovery/IMG/center_2026_08_31_13_18_15_081.jpg,/Users/martin/smart-technologies-ca2/data_recovery/IMG/left_2026_08_31_13_18_15_081.jpg,/Users/martin/smart-technologies-ca2/data_recovery/IMG/right_2026_08_31_13_18_15_081.jpg,-0.15,1,0,30.18422
/Users/martin/smart-technologies-ca2/data_recovery/IMG/center_2026_08_31_13_18_15_149.jpg,/Users/martin/smart-technologies-ca2/data_recovery/IMG/left_2026_08_31_13_18_15_149.jpg,/Users/martin/smart-technologies-ca2/data_recovery/IMG/right_2026_08_31_13_18_15_149.jpg,-0.3,1,0,30.16933
/Users/martin/smart-technologies-ca2/data_recovery/IMG/center_2026_08_31_13_18_15_217.jpg,/Users/martin/smart-technologies-ca2/data_recovery/IMG/left_2026_08_31_13_18_15_217.jpg,/Users/martin/smart-technologies-ca2/data_recovery/IMG/right_2026_08_31_13_18_15_217.jpg,-0.45,1,0,30.15128
/Users/martin/smart-technologies-ca2/data_recovery/IMG/center_2026_08_31_13_18_15_285.jpg,/Users/martin/smart-technologies-ca2/data_recovery/IMG/left_2026_08_31_13_18_15_285.jpg,/Users/martin/smart-technologies-ca2/data_recovery/IMG/right_2026_08_31_13_18_15_285.jpg,0,1,0,30.18336
/Users/martin/smart-technologies-ca2/data_recovery/IMG/center_2026_08_31_13_18_15_354.jpg,/Users/martin/smart-technologies-ca2/data_recovery/IMG/left_2026_08_31_13_18_15_354.jpg,/Users/martin/smart-technologies-ca2/data_recovery/IMG/right_2026_08_31_13_18_15_354.jpg,0,1,0,30.18758
/Users/martin/smart-technologies-ca2/data_recovery/IMG/center_2026_08_31_13_18_15_421.jpg,/Users/martin/smart-technologies-ca2/data_recovery/IMG/left_2026_08_31_13_18_15_421.jpg,/Users/martin/smart-technologies-ca2/data_recovery/IMG/right_2026_08_31_13_18_15_421.jpg,0,1,0,30.18977
/Users/martin/smart-technologies-ca2/data_recovery/IMG/center_2026_08_31_13_18_15_489.jpg,/Users/martin/smart-technologies-ca2/data_recovery/IMG/left_2026_08_31_13_18_15_489.jpg,/Users/martin/smart-technologies-ca2/data_recovery/IMG/right_2026_08_31_13_18_15_489.jpg,0,1,0,30.19012
/Users/martin/smart-technologies-ca2/data_recovery/IMG/center_2026_08_31_13_18_15_556.jpg,/Users/martin/smart-technologies-ca2/data_recovery/IMG/left_2026_08_31_13_18_15_556.jpg,/Users/martin/smart-technologies-ca2/data_recovery/IMG/right_2026_08_31_13_18_15_556.jpg,0,1,0,30.19029
/Users/martin/smart-technologies-ca2/data_recovery/IMG/center_2026_08_31_13_18_15_625.jpg,/Users/martin/smart-technologies-ca2/data_recovery/IMG/left_2026_08_31_13_18_15_625.jpg,/Users/martin/smart-technologies-ca2/data_recovery/IMG/right_2026_08_31_13_18_15_625.jpg,0,1,0,30.19034
/Users/martin/smart-technologies-ca2/data_recovery/IMG/center_2026_08_31_13_18_15_695.jpg,/Users/martin/smart-technologies-ca2/data_recovery/IMG/left_2026_08_31_13_18_15_695.jpg,/Users/martin/smart-technologies-ca2/data_recovery/IMG/right_2026_08_31_13_18_15_695.jpg,0,1,0,30.19033
/Users/martin/smart-technologies-ca2/data_recovery/IMG/center_2026_08_31_13_18_15_762.jpg,/Users/martin/smart-technologies-ca2/data_recovery/IMG/left_2026_08_31_13_18_15_762.jpg,/Users/martin/smart-technologies-ca2/data_recovery/IMG/right_2026_08_31_13_18_15_762.jpg,0,1,0,30.19031
/Users/martin/smart-technologies-ca2/data_recovery/IMG/center_2026_08_31_13_18_15_831.jpg,/Users/martin/smart-technologies-ca2/data_recovery/IMG/left_2026_08_31_13_18_15_831.jpg,/Users/martin/smart-technologies-ca2/data_recovery/IMG/right_2026_08_31_13_18_15_831.jpg,0,1,0,30.19034
/Users/martin/smart-technologies-ca2/data_recovery/IMG/center_2026_08_31_13_18_15_898.jpg,/Users/martin/smart-technologies-ca2/data_recovery/IMG/left_2026_08_31_13_18_15_898.jpg,/Users/martin/smart-technologies-ca2/data_recovery/IMG/right_2026_08_31_13_18_15_898.jpg,-0.05,1,0,30.18969
/Users/martin/smart-technologies-ca2/data_recovery/IMG/center_2026_08_31_13_18_15_964.jpg,/Users/martin/smart-technologies-ca2/data_recovery/IMG/left_2026_08_31_13_18_15_964.jpg,/Users/martin/smart-technologies-ca2/data_recovery/IMG/right_2026_08_31_13_18_15_964.jpg,-0.2,1,0,30.17981
/Users/martin/smart-technologies-ca2/data_recovery/IMG/center_2026_08_31_13_18_16_032.jpg,/Users/martin/smart-technologies-ca2/data_recovery/IMG/left_2026_08_31_13_18_16_032.jpg,/Users/martin/smart-technologies-ca2/data_recovery/IMG/right_2026_08_31_13_18_16_032.jpg,-0.35,1,0,30.16394
/Users/martin/smart-technologies-ca2/data_recovery/IMG/center_2026_08_31_13_18_16_101.jpg,/Users/martin/smart-technologies-ca2/data_recovery/IMG/left_2026_08_31_13_18_16_101.jpg,/Users/martin/smart-technologies-ca2/data_recovery/IMG/right_2026_08_31_13_18_16_101.jpg,0,1,0,30.17717
/Users/martin/smart-technologies-ca2/data_recovery/IMG/center_2026_08_31_13_18_16_170.jpg,/Users/martin/smart-technologies-ca2/data_recovery/IMG/left_2026_08_31_13_18_16_170.jpg,/Users/martin/smart-technologies-ca2/data_recovery/IMG/right_2026_08_31_13_18_16_170.jpg,0,1,0,30.18752
/Users/martin/smart-technologies-ca2/data_recovery/IMG/center_2026_08_31_13_18_16_237.jpg,/Users/martin/smart-technologies-ca2/data_recovery/IMG/left_2026_08_31_13_18_16_237.jpg,/Users/martin/smart-technologies-ca2/data_recovery/IMG/right_2026_08_31_13_18_16_237.jpg,0,1,0,30.18923
/Users/martin/smart-technologies-ca2/data_recovery/IMG/center_2026_08_31_13_18_16_303.jpg,/Users/martin/smart-technologies-ca2/data_recovery/IMG/left_2026_08_31_13_18_16_303.jpg,/Users/martin/smart-technologies-ca2/data_recovery/IMG/right_2026_08_31_13_18_16_303.jpg,0,1,0,30.19014
/Users/martin/smart-technologies-ca2/data_recovery/IMG/center_2026_08_31_13_18_16_373.jpg,/Users/martin/smart-technologies-ca2/data_recovery/IMG/left_2026_08_31_13_18_16_373.jpg,/Users/martin/smart-technologies-ca2/data_recovery/IMG/right_2026_08_31_13_18_16_373.jpg,0,1,0,30.19026
/Users/martin/smart-technologies-ca2/data_recovery/IMG/center_2026_08_31_13_18_16_440.jpg,/Users/martin/smart-technologies-ca2/data_recovery/IMG/left_2026_08_31_13_18_16_440.jpg,/Users/martin/smart-technologies-ca2/data_recovery/IMG/right_2026_08_31_13_18_16_440.jpg,0,1,0,30.19031
/Users/martin/smart-technologies-ca2/data_recovery/IMG/center_2026_08_31_13_18_16_506.jpg,/Users/martin/smart-technologies-ca2/data_recovery/IMG/left_2026_08_31_13_18_16_506.jpg,/Users/martin/smart-technologies-ca2/data_recovery/IMG/right_2026_08_31_13_18_16_506.jpg,-0.1,1,0,30.18803
/Users/martin/smart-technologies-ca2/data_recovery/IMG/center_2026_08_31_13_18_16_576.jpg,/Users/martin/smart-technologies-ca2/data_recovery/IMG/left_2026_08_31_13_18_16_576.jpg,/Users/martin/smart-technologies-ca2/data_recovery/IMG/right_2026_08_31_13_18_16_576.jpg,-0.25,1,0,30.17531
/Users/martin/smart-technologies-ca2/data_recovery/IMG/center_2026_08_31_13_18_16_642.jpg,/Users/martin/smart-technologies-ca2/data_recovery/IMG/left_2026_08_31_13_18_16_642.jpg,/Users/martin/smart-technologies-ca2/data_recovery/IMG/right_2026_08_31_13_18_16_642.jpg,-0.45,1,0,30.15184
/Users/martin/smart-technologies-ca2/data_recovery/IMG/center_2026_08_31_13_18_16_709.jpg,/Users/martin/smart-technologies-ca2/data_recovery/IMG/left_2026_08_31_13_18_16_709.jpg,/Users/martin/smart-technologies-ca2/data_recovery/IMG/right_2026_08_31_13_18_16_709.jpg,0,1,0,30.18581
/Users/martin/smart-technologies-ca2/data_recovery/IMG/center_2026_08_31_13_18_16_778.jpg,/Users/martin/smart-technologies-ca2/data_recovery/IMG/left_2026_08_31_13_18_16_778.jpg,/Users/martin/smart-technologies-ca2/data_recovery/IMG/right_2026_08_31_13_18_16_778.jpg,0,1,0,30.18902
/Users/martin/smart-technologies-ca2/data_recovery/IMG/center_2026_08_31_13_18_16_845.jpg,/Users/martin/smart-technologies-ca2/data_recovery/IMG/left_2026_08_31_13_18_16_845.jpg,/Users/martin/smart-technologies-ca2/data_recovery/IMG/right_2026_08_31_13_18_16_845.jpg,0,1,0,30.18985
/Users/martin/smart-technologies-ca2/data_recovery/IMG/center_2026_08_31_13_18_16_911.jpg,/Users/martin/smart-technologies-ca2/data_recovery/IMG/left_2026_08_31_13_18_16_911.jpg,/Users/martin/smart-technologies-ca2/data_recovery/IMG/right_2026_08_31_13_18_16_911.jpg,0,1,0,30.19022
/Users/martin/smart-technologies-ca2/data_recovery/IMG/center_2026_08_31_13_18_16_980.jpg,/Users/martin/smart-technologies-ca2/data_recovery/IMG/left_2026_08_31_13_18_16_980.jpg,/Users/martin/smart-technologies-ca2/data_recovery/IMG/right_2026_08_31_13_18_16_980.jpg,0,1,0,30.19031
/Users/martin/smart-technologies-ca2/data_recovery/IMG/center_2026_08_31_13_18_17_048.jpg,/Users/martin/smart-technologies-ca2/data_recovery/IMG/left_2026_08_31_13_18_17_048.jpg,/Users/martin/smart-technologies-ca2/data_recovery/IMG/right_2026_08_31_13_18_17_048.jpg,0,1,0,30.19028
/Users/martin/smart-technologies-ca2/data_recovery/IMG/center_2026_08_31_13_18_17_114.jpg,/Users/martin/smart-technologies-ca2/data_recovery/IMG/left_2026_08_31_13_18_17_114.jpg,/Users/martin/smart-technologies-ca2/data_recovery/IMG/right_2026_08_31_13_18_17_114.jpg,0,1,0,30.19024
/Users/martin/smart-technologies-ca2/data_recovery/IMG/center_2026_08_31_13_18_17_184.jpg,/Users/martin/smart-technologies-ca2/data_recovery/IMG/left_2026_08_31_13_18_17_184.jpg,/Users/martin/smart-technologies-ca2/data_recovery/IMG/right_2026_08_31_13_18_17_184.jpg,-0.2,1,0,30.18016
/Users/martin/smart-technologies-ca2/data_recovery/IMG/center_2026_08_31_13_18_17_251.jpg,/Users/martin/smart-technologies-ca2/data_recovery/IMG/left_2026_08_31_13_18_17_251.jpg,/Users/martin/smart-technologies-ca2/data_recovery/IMG/right_2026_08_31_13_18_17_251.jpg,-0.35,1,0,30.1637
/Users/martin/smart-technologies-ca2/data_recovery/IMG/center_2026_08_31_13_18_17_318.jpg,/Users/martin/smart-technologies-ca2/data_recovery/IMG/left_2026_08_31_13_18_17_318.jpg,/Users/martin/smart-technologies-ca2/data_recovery/IMG/right_2026_08_31_13_18_17_318.jpg,-0.5500001,1,0,30.13939
/Users/martin/smart-technologies-ca2/data_recovery/IMG/center_2026_08_31_13_18_17_385.jpg,/Users/martin/smart-technologies-ca2/data_recovery/IMG/left_2026_08_31_13_18_17_385.jpg,/Users/martin/smart-technologies-ca2/data_recovery/IMG/right_2026_08_31_13_18_17_385.jpg,0,1,0,30.18086
/Users/martin/smart-technologies-ca2/data_recovery/IMG/center_2026_08_31_13_18_17_452.jpg,/Users/martin/smart-technologies-ca2/data_recovery/IMG/left_2026_08_31_13_18_17_452.jpg,/Users/martin/smart-technologies-ca2/data_recovery/IMG/right_2026_08_31_13_18_17_452.jpg,0,1,0,30.18705
/Users/martin/smart-technologies-ca2/data_recovery/IMG/center_2026_08_31_13_18_17_520.jpg,/Users/martin/smart-technologies-ca2/data_recovery/IMG/left_2026_08_31_13_18_17_520.jpg,/Users/martin/smart-technologies-ca2/data_recovery/IMG/right_2026_08_31_13_18_17_520.jpg,0,1,0,30.18978
/Users/martin/smart-technologies-ca2/data_recovery/IMG/center_2026_08_31_13_18_17_589.jpg,/Users/martin/smart-technologies-ca2/data_recovery/IMG/left_2026_08_31_13_18_17_589.jpg,/Users/martin/smart-technologies-ca2/data_recovery/IMG/right_2026_08_31_13_18_17_589.jpg,0,1,0,30.19009
/Users/martin/smart-technologies-ca2/data_recovery/IMG/center_2026_08_31_13_18_17_656.jpg,/Users/martin/smart-technologies-ca2/data_recovery/IMG/left_2026_08_31_13_18_17_656.jpg,/Users/martin/smart-technologies-ca2/data_recovery/IMG/right_2026_08_31_13_18_17_656.jpg,0,1,0,30.1903
/Users/martin/smart-technologies-ca2/data_recovery/IMG/center_2026_08_31_13_18_17_723.jpg,/Users/martin/smart-technologies-ca2/data_recovery/IMG/left_2026_08_31_13_18_17_723.jpg,/Users/martin/smart-technologies-ca2/data_recovery/IMG/right_2026_08_31_13_18_17_723.jpg,0,1,0,30.19028
/Users/martin/smart-technologies-ca2/data_recovery/IMG/center_2026_08_31_13_18_17_789.jpg,/Users/martin/smart-technologies-ca2/data_recovery/IMG/left_2026_08_31_13_18_17_789.jpg,/Users/martin/smart-technologies-ca2/data_recovery/IMG/right_2026_08_31_13_18_17_789.jpg,0,1,0,30.19035
/Users/martin/smart-technologies-ca2/data_recovery/IMG/center_2026_08_31_13_18_17_856.jpg,/Users/martin/smart-technologies-ca2/data_recovery/IMG/left_2026_08_31_13_18_17_856.jpg,/Users/martin/smart-technologies-ca2/data_recovery/IMG/right_2026_08_31_13_18_17_856.jpg,0,1,0,30.1903
/Users/martin/smart-technologies-ca2/data_recovery/IMG/center_2026_08_31_13_18_17_925.jpg,/Users/martin/smart-technologies-ca2/data_recovery/IMG/left_2026_08_31_13_18_17_925.jpg,/Users/martin/smart-technologies-ca2/data_recovery/IMG/right_2026_08_31_13_18_17_925.jpg,0,1,0,30.19029
/Users/martin/smart-technologies-ca2/data_recovery/IMG/center_2026_08_31_13_18_17_994.jpg,/Users/martin/smart-technologies-ca2/data_recovery/IMG/left_2026_08_31_13_18_17_994.jpg,/Users/martin/smart-technologies-ca2/data_recovery/IMG/right_2026_08_31_13_18_17_994.jpg,0,1,0,30.19027
/Users/martin/smart-technologies-ca2/data_recovery/IMG/center_2026_08_31_13_18_18_061.jpg,/Users/martin/smart-technologies-ca2/data_recovery/IMG/left_2026_08_31_13_18_18_061.jpg,/Users/martin/smart-technologies-ca2/data_recovery/IMG/right_2026_08_31_13_18_18_061.jpg,0,1,0,30.19028
/Users/martin/smart-technologies-ca2/data_recovery/IMG/center_2026_08_31_13_18_18_130.jpg,/Users/martin/smart-technologies-ca2/data_recovery/IMG/left_2026_08_31_13_18_18_130.jpg,/Users/martin/smart-technologies-ca2/data_recovery/IMG/right_2026_08_31_13_18_18_130.jpg,0,1,0,30.19029
/Users/martin/smart-technologies-ca2/data_recovery/IMG/center_2026_08_31_13_18_18_197.jpg,/Users/martin/smart-technologies-ca2/data_recovery/IMG/left_2026_08_31_13_18_18_197.jpg,/Users/martin/smart-technologies-ca2/data_recovery/IMG/right_2026_08_31_13_18_18_197.jpg,0,1,0,30.19032
/Users/martin/smart-technologies-ca2/data_recovery/IMG/center_2026_08_31_13_18_18_264.jpg,/Users/martin/smart-technologies-ca2/data_recovery/IMG/left_2026_08_31_13_18_18_264.jpg,/Users/martin/smart-technologies-ca2/data_recovery/IMG/right_2026_08_31_13_18_18_264.jpg,-0.2,1,0,30.17962
/Users/martin/smart-technologies-ca2/data_recovery/IMG/center_2026_08_31_13_18_18_334.jpg,/Users/martin/smart-technologies-ca2/data_recovery/IMG/left_2026_08_31_13_18_18_334.jpg,/Users/martin/smart-technologies-ca2/data_recovery/IMG/right_2026_08_31_13_18_18_334.jpg,-0.35,1,0,30.16344
/Users/martin/smart-technologies-ca2/data_recovery/IMG/center_2026_08_31_13_18_18_402.jpg,/Users/martin/smart-technologies-ca2/data_recovery/IMG/left_2026_08_31_13_18_18_402.jpg,/Users/martin/smart-technologies-ca2/data_recovery/IMG/right_2026_08_31_13_18_18_402.jpg,0,1,0,30.17712
/Users/martin/smart-technologies-ca2/data_recovery/IMG/center_2026_08_31_13_18_18_470.jpg,/Users/martin/smart-technologies-ca2/data_recovery/IMG/left_2026_08_31_13_18_18_470.jpg,/Users/martin/smart-technologies-ca2/data_recovery/IMG/right_2026_08_31_13_18_18_470.jpg,0,1,0,30.18779
/Users/martin/smart-technologies-ca2/data_recovery/IMG/center_2026_08_31_13_18_18_536.jpg,/Users/martin/smart-technologies-ca2/data_recovery/IMG/left_2026_08_31_13_18_18_536.jpg,/Users/martin/smart-technologies-ca2/data_recovery/IMG/right_2026_08_31_13_18_18_536.jpg,0,1,0,30.1894
/Users/martin/smart-technologies-ca2/data_recovery/IMG/center_2026_08_31_13_18_18_603.jpg,/Users/martin/smart-technologies-ca2/data_recovery/IMG/left_2026_08_31_13_18_18_603.jpg,/Users/martin/smart-technologies-ca2/data_recovery/IMG/right_2026_08_31_13_18_18_603.jpg,0,1,0,30.19016
/Users/martin/smart-technologies-ca2/data_recovery/IMG/center_2026_08_31_13_18_18_672.jpg,/Users/martin/smart-technologies-ca2/data_recovery/IMG/left_2026_08_31_13_18_18_672.jpg,/Users/martin/smart-technologies-ca2/data_recovery/IMG/right_2026_08_31_13_18_18_672.jpg,0,1,0,30.19029
/Users/martin/smart-technologies-ca2/data_recovery/IMG/center_2026_08_31_13_18_18_739.jpg,/Users/martin/smart-technologies-ca2/data_recovery/IMG/left_2026_08_31_13_18_18_739.jpg,/Users/martin/smart-technologies-ca2/data_recovery/IMG/right_2026_08_31_13_18_18_739.jpg,0,1,0,30.19028
/Users/martin/smart-technologies-ca2/data_recovery/IMG/center_2026_08_31_13_18_18_806.jpg,/Users/martin/smart-technologies-ca2/data_recovery/IMG/left_2026_08_31_13_18_18_806.jpg,/Users/martin/smart-technologies-ca2/data_recovery/IMG/right_2026_08_31_13_18_18_806.jpg,0,1,0,30.19031
/Users/martin/smart-technologies-ca2/data_recovery/IMG/center_2026_08_31_13_18_18_875.jpg,/Users/martin/smart-technologies-ca2/data_recovery/IMG/left_2026_08_31_13_18_18_875.jpg,/Users/martin/smart-technologies-ca2/data_recovery/IMG/right_2026_08_31_13_18_18_875.jpg,-0.15,1,0,30.18457
/Users/martin/smart-technologies-ca2/data_recovery/IMG/center_2026_08_31_13_18_18_942.jpg,/Users/martin/smart-technologies-ca2/data_recovery/IMG/left_2026_08_31_13_18_18_942.jpg,/Users/martin/smart-technologies-ca2/data_recovery/IMG/right_2026_08_31_13_18_18_942.jpg,-0.35,1,0,30.1636
/Users/martin/smart-technologies-ca2/data_recovery/IMG/center_2026_08_31_13_18_19_009.jpg,/Users/martin/smart-technologies-ca2/data_recovery/IMG/left_2026_08_31_13_18_19_009.jpg,/Users/martin/smart-technologies-ca2/data_recovery/IMG/right_2026_08_31_13_18_19_009.jpg,-0.5000001,1,0,30.14557
/Users/martin/smart-technologies-ca2/data_recovery/IMG/center_2026_08_31_13_18_19_075.jpg,/Users/martin/smart-technologies-ca2/data_recovery/IMG/left_2026_08_31_13_18_19_075.jpg,/Users/martin/smart-technologies-ca2/data_recovery/IMG/right_2026_08_31_13_18_19_075.jpg,0,1,0,30.1835
/Users/martin/smart-technologies-ca2/data_recovery/IMG/center_2026_08_31_13_18_19_145.jpg,/Users/martin/smart-technologies-ca2/data_recovery/IMG/left_2026_08_31_13_18_19_145.jpg,/Users/martin/smart-technologies-ca2/data_recovery/IMG/right_2026_08_31_13_18_19_145.jpg,0,1,0,30.18866
/Users/martin/smart-technologies-ca2/data_recovery/IMG/center_2026_08_31_13_18_19_213.jpg,/Users/martin/smart-technologies-ca2/data_recovery/IMG/left_2026_08_31_13_18_19_213.jpg,/Users/martin/smart-technologies-ca2/data_recovery/IMG/right_2026_08_31_13_18_19_213.jpg,0,1,0,30.18984
/Users/martin/smart-technologies-ca2/data_recovery/IMG/center_2026_08_31_13_18_19_280.jpg,/Users/martin/smart-technologies-ca2/data_recovery/IMG/left_2026_08_31_13_18_19_280.jpg,/Users/martin/smart-technologies-ca2/data_recovery/IMG/right_2026_08_31_13_18_19_280.jpg,0,1,0,30.19023
/Users/martin/smart-technologies-ca2/data_recovery/IMG/center_2026_08_31_13_18_19_349.jpg,/Users/martin/smart-technologies-ca2/data_recovery/IMG/left_2026_08_31_13_18_19_349.jpg,/Users/martin/smart-technologies-ca2/data_recovery/IMG/right_2026_08_31_13_18_19_349.jpg,0,1,0,30.19026
/Users/martin/smart-technologies-ca2/data_recovery/IMG/center_2026_08_31_13_18_19_417.jpg,/Users/martin/smart-technologies-ca2/data_recovery/IMG/left_2026_08_31_13_18_19_417.jpg,/Users/martin/smart-technologies-ca2/data_recovery/IMG/right_2026_08_31_13_18_19_417.jpg,0,1,0,30.19033
/Users/martin/smart-technologies-ca2/data_recovery/IMG/center_2026_08_31_13_18_19_485.jpg,/Users/martin/smart-technologies-ca2/data_recovery/IMG/left_2026_08_31_13_18_19_485.jpg,/Users/martin/smart-technologies-ca2/data_recovery/IMG/right_2026_08_31_13_18_19_485.jpg,-0.15,1,0,30.18467
/Users/martin/smart-technologies-ca2/data_recovery/IMG/center_2026_08_31_13_18_19_554.jpg,/Users/martin/smart-technologies-ca2/data_recovery/IMG/left_2026_08_31_13_18_19_554.jpg,/Users/martin/smart-technologies-ca2/data_recovery/IMG/right_2026_08_31_13_18_19_554.jpg,-0.3,1,0,30.16974
/Users/martin/smart-technologies-ca2/data_recovery/IMG/center_2026_08_31_13_18_19_622.jpg,/Users/martin/smart-technologies-ca2/data_recovery/IMG/left_2026_08_31_13_18_19_622.jpg,/Users/martin/smart-technologies-ca2/data_recovery/IMG/right_2026_08_31_13_18_19_622.jpg,-0.5000001,1,0,30.14564
/Users/martin/smart-technologies-ca2/data_recovery/IMG/center_2026_08_31_13_18_19_690.jpg,/Users/martin/smart-technologies-ca2/data_recovery/IMG/left_2026_08_31_13_18_19_690.jpg,/Users/martin/smart-technologies-ca2/data_recovery/IMG/right_2026_08_31_13_18_19_690.jpg,0,1,0,30.18352
/Users/martin/smart-technologies-ca2/data_recovery/IMG/center_2026_08_31_13_18_19_758.jpg,/Users/martin/smart-technologies-ca2/data_recovery/IMG/left_2026_08_31_13_18_19_758.jpg,/Users/martin/smart-technologies-ca2/data_recovery/IMG/right_2026_08_31_13_18_19_758.jpg,0,1,0,30.18894
/Users/martin/smart-technologies-ca2/data_recovery/IMG/center_2026_08_31_13_18_19_825.jpg,/Users/martin/smart-technologies-ca2/data_recovery/IMG/left_2026_08_31_13_18_19_825.jpg,/Users/martin/smart-technologies-ca2/data_recovery/IMG/right_2026_08_31_13_18_19_825.jpg,0,1,0,30.18983
/Users/martin/smart-technologies-ca2/data_recovery/IMG/center_2026_08_31_13_18_19_894.jpg,/Users/martin/smart-technologies-ca2/data_recovery/IMG/left_2026_08_31_13_18_19_894.jpg,/Users/martin/smart-technologies-ca2/data_recovery/IMG/right_2026_08_31_13_18_19_894.jpg,0,1,0,30.1902
/Users/martin/smart-technologies-ca2/data_recovery/IMG/center_2026_08_31_13_18_19_961.jpg,/Users/martin/smart-technologies-ca2/data_recovery/IMG/left_2026_08_31_13_18_19_961.jpg,/Users/martin/smart-technologies-ca2/data_recovery/IMG/right_2026_08_31_13_18_19_961.jpg,0,1,0,30.19027
/Users/martin/smart-technologies-ca2/data_recovery/IMG/center_2026_08_31_13_18_20_030.jpg,/Users/martin/smart-technologies-ca2/data_recovery/IMG/left_2026_08_31_13_18_20_030.jpg,/Users/martin/smart-technologies-ca2/data_recovery/IMG/right_2026_08_31_13_18_20_030.jpg,0,1,0,30.19031
/Users/martin/smart-technologies-ca2/data_recovery/IMG/center_2026_08_31_13_18_20_097.jpg,/Users/martin/smart-technologies-ca2/data_recovery/IMG/left_2026_08_31_13_18_20_097.jpg,/Users/martin/smart-technologies-ca2/data_recovery/IMG/right_2026_08_31_13_18_20_097.jpg,0,1,0,30.19029
/Users/martin/smart-technologies-ca2/data_recovery/IMG/center_2026_08_31_13_18_20_164.jpg,/Users/martin/smart-technologies-ca2/data_recovery/IMG/left_2026_08_31_13_18_20_164.jpg,/Users/martin/smart-technologies-ca2/data_recovery/IMG/right_2026_08_31_13_18_20_164.jpg,0,1,0,30.19028
/Users/martin/smart-technologies-ca2/data_recovery/IMG/center_2026_08_31_13_18_20_234.jpg,/Users/martin/smart-technologies-ca2/data_recovery/IMG/left_2026_08_31_13_18_20_234.jpg,/Users/martin/smart-technologies-ca2/data_recovery/IMG/right_2026_08_31_13_18_20_234.jpg,-0.1,1,0,30.18773
/Users/martin/smart-technologies-ca2/data_recovery/IMG/center_2026_08_31_13_18_20_303.jpg,/Users/martin/smart-technologies-ca2/data_recovery/IMG/left_2026_08_31_13_18_20_303.jpg,/Users/martin/smart-technologies-ca2/data_recovery/IMG/right_2026_08_31_13_18_20_303.jpg,-0.3,1,0,30.16929
/Users/martin/smart-technologies-ca2/data_recovery/IMG/center_2026_08_31_13_18_20_370.jpg,/Users/martin/smart-technologies-ca2/data_recovery/IMG/left_2026_08_31_13_18_20_370.jpg,/Users/martin/smart-technologies-ca2/data_recovery/IMG/right_2026_08_31_13_18_20_370.jpg,-0.45,1,0,30.15148
/Users/martin/smart-technologies-ca2/data_recovery/IMG/center_2026_08_31_13_18_20_439.jpg,/Users/martin/smart-technologies-ca2/data_recovery/IMG/left_2026_08_31_13_18_20_439.jpg,/Users/martin/smart-technologies-ca2/data_recovery/IMG/right_2026_08_31_13_18_20_439.jpg,-0.6500001,1,0,30.12662
/Users/martin/smart-technologies-ca2/data_recovery/IMG/center_2026_08_31_13_18_20_507.jpg,/Users/martin/smart-technologies-ca2/data_recovery/IMG/left_2026_08_31_13_18_20_507.jpg,/Users/martin/smart-technologies-ca2/data_recovery/IMG/right_2026_08_31_13_18_20_507.jpg,0,1,0,30.18115
/Users/martin/smart-technologies-ca2/data_recovery/IMG/center_2026_08_31_13_18_20_574.jpg,/Users/martin/smart-technologies-ca2/data_recovery/IMG/left_2026_08_31_13_18_20_574.jpg,/Users/martin/smart-technologies-ca2/data_recovery/IMG/right_2026_08_31_13_18_20_574.jpg,0,1,0,30.18754
/Users/martin/smart-technologies-ca2/data_recovery/IMG/center_2026_08_31_13_18_20_642.jpg,/Users/martin/smart-technologies-ca2/data_recovery/IMG/left_2026_08_31_13_18_20_642.jpg,/Users/martin/smart-technologies-ca2/data_recovery/IMG/right_2026_08_31_13_18_20_642.jpg,0,1,0,30.18982
/Users/martin/smart-technologies-ca2/data_recovery/IMG/center_2026_08_31_13_18_20_709.jpg,/Users/martin/smart-technologies-ca2/data_recovery/IMG/left_2026_08_31_13_18_20_709.jpg,/Users/martin/smart-technologies-ca2/data_recovery/IMG/right_2026_08_31_13_18_20_709.jpg,0,1,0,30.19019
/Users/martin/smart-technologies-ca2/data_recovery/IMG/center_2026_08_31_13_18_20_776.jpg,/Users/martin/smart-technologies-ca2/data_recovery/IMG/left_2026_08_31_13_18_20_776.jpg,/Users/martin/smart-technologies-ca2/data_recovery/IMG/right_2026_08_31_13_18_20_776.jpg,0,1,0,30.19026
/Users/martin/smart-technologies-ca2/data_recovery/IMG/center_2026_08_31_13_18_20_846.jpg,/Users/martin/smart-technologies-ca2/data_recovery/IMG/left_2026_08_31_13_18_20_846.jpg,/Users/martin/smart-technologies-ca2/data_recovery/IMG/right_2026_08_31_13_18_20_846.jpg,0,1,0,30.19033
/Users/martin/smart-technologies-ca2/data_recovery/IMG/center_2026_08_31_13_18_20_917.jpg,/Users/martin/smart-technologies-ca2/data_recovery/IMG/left_2026_08_31_13_18_20_917.jpg,/Users/martin/smart-technologies-ca2/data_recovery/IMG/right_2026_08_31_13_18_20_917.jpg,0,1,0,30.18997
/Users/martin/smart-technologies-ca2/data_recovery/IMG/center_2026_08_31_13_18_20_984.jpg,/Users/martin/smart-technologies-ca2/data_recovery/IMG/left_2026_08_31_13_18_20_984.jpg,/Users/martin/smart-technologies-ca2/data_recovery/IMG/right_2026_08_31_13_18_20_984.jpg,0,1,0,30.1903
/Users/martin/smart-technologies-ca2/data_recovery/IMG/center_2026_08_31_13_18_21_053.jpg,/Users/martin/smart-technologies-ca2/data_recovery/IMG/left_2026_08_31_13_18_21_053.jpg,/Users/martin/smart-technologies-ca2/data_recovery/IMG/right_2026_08_31_13_18_21_053.jpg,0,1,0,30.19028
/Users/martin/smart-technologies-ca2/data_recovery/IMG/center_2026_08_31_13_18_21_121.jpg,/Users/martin/smart-technologies-ca2/data_recovery/IMG/left_2026_08_31_13_18_21_121.jpg,/Users/martin/smart-technologies-ca2/data_recovery/IMG/right_2026_08_31_13_18_21_121.jpg,0,1,0,30.18971
/Users/martin/smart-technologies-ca2/data_recovery/IMG/center_2026_08_31_13_18_21_191.jpg,/Users/martin/smart-technologies-ca2/data_recovery/IMG/left_2026_08_31_13_18_21_191.jpg,/Users/martin/smart-technologies-ca2/data_recovery/IMG/right_2026_08_31_13_18_21_191.jpg,0,1,0,30.19031
/Users/martin/smart-technologies-ca2/data_recovery/IMG/center_2026_08_31_13_18_21_258.jpg,/Users/martin/smart-technologies-ca2/data_recovery/IMG/left_2026_08_31_13_18_21_258.jpg,/Users/martin/smart-technologies-ca2/data_recovery/IMG/right_2026_08_31_13_18_21_258.jpg,-0.05,1,0,30.18971
/Users/martin/smart-technologies-ca2/data_recovery/IMG/center_2026_08_31_13_18_21_328.jpg,/Users/martin/smart-technologies-ca2/data_recovery/IMG/left_2026_08_31_13_18_21_328.jpg,/Users/martin/smart-technologies-ca2/data_recovery/IMG/right_2026_08_31_13_18_21_328.jpg,-0.2,1,0,30.17974
/Users/martin/smart-technologies-ca2/data_recovery/IMG/center_2026_08_31_13_18_21_395.jpg,/Users/martin/smart-technologies-ca2/data_recovery/IMG/left_2026_08_31_13_18_21_395.jpg,/Users/martin/smart-technologies-ca2/data_recovery/IMG/right_2026_08_31_13_18_21_395.jpg,-0.35,1,0,30.16338
/Users/martin/smart-technologies-ca2/data_recovery/IMG/center_2026_08_31_13_18_21_462.jpg,/Users/martin/smart-technologies-ca2/data_recovery/IMG/left_2026_08_31_13_18_21_462.jpg,/Users/martin/smart-technologies-ca2/data_recovery/IMG/right_2026_08_31_13_18_21_462.jpg,-0.5500001,1,0,30.13924
/Users/martin/smart-technologies-ca2/data_recovery/IMG/center_2026_08_31_13_18_21_529.jpg,/Users/martin/smart-technologies-ca2/data_recovery/IMG/left_2026_08_31_13_18_21_529.jpg,/Users/martin/smart-technologies-ca2/data_recovery/IMG/right_2026_08_31_13_18_21_529.jpg,0,1,0,30.1704
/Users/martin/smart-technologies-ca2/data_recovery/IMG/center_2026_08_31_13_18_21_598.jpg,/Users/martin/smart-technologies-ca2/data_recovery/IMG/left_2026_08_31_13_18_21_598.jpg,/Users/martin/smart-technologies-ca2/data_recovery/IMG/right_2026_08_31_13_18_21_598.jpg,0,1,0,30.18568
/Users/martin/smart-technologies-ca2/data_recovery/IMG/center_2026_08_31_13_18_21_668.jpg,/Users/martin/smart-technologies-ca2/data_recovery/IMG/left_2026_08_31_13_18_21_668.jpg,/Users/martin/smart-technologies-ca2/data_recovery/IMG/right_2026_08_31_13_18_21_668.jpg,0,1,0,30.18918
/Users/martin/smart-technologies-ca2/data_recovery/IMG/center_2026_08_31_13_18_21_736.jpg,/Users/martin/smart-technologies-ca2/data_recovery/IMG/left_2026_08_31_13_18_21_736.jpg,/Users/martin/smart-technologies-ca2/data_recovery/IMG/right_2026_08_31_13_18_21_736.jpg,0,1,0,30.18999
/Users/martin/smart-technologies-ca2/data_recovery/IMG/center_2026_08_31_13_18_21_803.jpg,/Users/martin/smart-technologies-ca2/data_recovery/IMG/left_2026_08_31_13_18_21_803.jpg,/Users/martin/smart-technologies-ca2/data_recovery/IMG/right_2026_08_31_13_18_21_803.jpg,0,1,0,30.19031
/Users/martin/smart-technologies-ca2/data_recovery/IMG/center_2026_08_31_13_18_21_869.jpg,/Users/martin/smart-technologies-ca2/data_recovery/IMG/left_2026_08_31_13_18_21_869.jpg,/Users/martin/smart-technologies-ca2/data_recovery/IMG/right_2026_08_31_13_18_21_869.jpg,0,1,0,30.19029
/Users/martin/smart-technologies-ca2/data_recovery/IMG/center_2026_08_31_13_18_21_938.jpg,/Users/martin/smart-technologies-ca2/data_recovery/IMG/left_2026_08_31_13_18_21_938.jpg,/Users/martin/smart-technologies-ca2/data_recovery/IMG/right_2026_08_31_13_18_21_938.jpg,0,1,0,30.1903
/Users/martin/smart-technologies-ca2/data_recovery/IMG/center_2026_08_31_13_18_22_005.jpg,/Users/martin/smart-technologies-ca2/data_recovery/IMG/left_2026_08_31_13_18_22_005.jpg,/Users/martin/smart-technologies-ca2/data_recovery/IMG/right_2026_08_31_13_18_22_005.jpg,0,1,0,30.19032
/Users/martin/smart-technologies-ca2/data_recovery/IMG/center_2026_08_31_13_18_22_073.jpg,/Users/martin/smart-technologies-ca2/data_recovery/IMG/left_2026_08_31_13_18_22_073.jpg,/Users/martin/smart-technologies-ca2/data_recovery/IMG/right_2026_08_31_13_18_22_073.jpg,0,1,0,30.1903
/Users/martin/smart-technologies-ca2/data_recovery/IMG/center_2026_08_31_13_18_22_143.jpg,/Users/martin/smart-technologies-ca2/data_recovery/IMG/left_2026_08_31_13_18_22_143.jpg,/Users/martin/smart-technologies-ca2/data_recovery/IMG/right_2026_08_31_13_18_22_143.jpg,0,1,0,30.19028
/Users/martin/smart-technologies-ca2/data_recovery/IMG/center_2026_08_31_13_18_22_213.jpg,/Users/martin/smart-technologies-ca2/data_recovery/IMG/left_2026_08_31_13_18_22_213.jpg,/Users/martin/smart-technologies-ca2/data_recovery/IMG/right_2026_08_31_13_18_22_213.jpg,0,1,0,30.19028
/Users/martin/smart-technologies-ca2/data_recovery/IMG/center_2026_08_31_13_18_22_280.jpg,/Users/martin/smart-technologies-ca2/data_recovery/IMG/left_2026_08_31_13_18_22_280.jpg,/Users/martin/smart-technologies-ca2/data_recovery/IMG/right_2026_08_31_13_18_22_280.jpg,0,1,0,30.19028
/Users/martin/smart-technologies-ca2/data_recovery/IMG/center_2026_08_31_13_18_22_347.jpg,/Users/martin/smart-technologies-ca2/data_recovery/IMG/left_2026_08_31_13_18_22_347.jpg,/Users/martin/smart-technologies-ca2/data_recovery/IMG/right_2026_08_31_13_18_22_347.jpg,0,1,0,30.19047
/Users/martin/smart-technologies-ca2/data_recovery/IMG/center_2026_08_31_13_18_22_414.jpg,/Users/martin/smart-technologies-ca2/data_recovery/IMG/left_2026_08_31_13_18_22_414.jpg,/Users/martin/smart-technologies-ca2/data_recovery/IMG/right_2026_08_31_13_18_22_414.jpg,0,1,0,30.19028
/Users/martin/smart-technologies-ca2/data_recovery/IMG/center_2026_08_31_13_18_22_484.jpg,/Users/martin/smart-technologies-ca2/data_recovery/IMG/left_2026_08_31_13_18_22_484.jpg,/Users/martin/smart-technologies-ca2/data_recovery/IMG/right_2026_08_31_13_18_22_484.jpg,0,1,0,30.1903
/Users/martin/smart-technologies-ca2/data_recovery/IMG/center_2026_08_31_13_18_22_551.jpg,/Users/martin/smart-technologies-ca2/data_recovery/IMG/left_2026_08_31_13_18_22_551.jpg,/Users/martin/smart-technologies-ca2/data_recovery/IMG/right_2026_08_31_13_18_22_551.jpg,0,1,0,30.19
/Users/martin/smart-technologies-ca2/data_recovery/IMG/center_2026_08_31_13_18_22_619.jpg,/Users/martin/smart-technologies-ca2/data_recovery/IMG/left_2026_08_31_13_18_22_619.jpg,/Users/martin/smart-technologies-ca2/data_recovery/IMG/right_2026_08_31_13_18_22_619.jpg,0,1,0,30.19034
/Users/martin/smart-technologies-ca2/data_recovery/IMG/center_2026_08_31_13_18_22_688.jpg,/Users/martin/smart-technologies-ca2/data_recovery/IMG/left_2026_08_31_13_18_22_688.jpg,/Users/martin/smart-technologies-ca2/data_recovery/IMG/right_2026_08_31_13_18_22_688.jpg,0,1,0,30.19029
/Users/martin/smart-technologies-ca2/data_recovery/IMG/center_2026_08_31_13_18_22_758.jpg,/Users/martin/smart-technologies-ca2/data_recovery/IMG/left_2026_08_31_13_18_22_758.jpg,/Users/martin/smart-technologies-ca2/data_recovery/IMG/right_2026_08_31_13_18_22_758.jpg,0,1,0,30.19029
/Users/martin/smart-technologies-ca2/data_recovery/IMG/center_2026_08_31_13_18_22_827.jpg,/Users/martin/smart-technologies-ca2/data_recovery/IMG/left_2026_08_31_13_18_22_827.jpg,/Users/martin/smart-technologies-ca2/data_recovery/IMG/right_2026_08_31_13_18_22_827.jpg,0,1,0,30.19033
/Users/martin/smart-technologies-ca2/data_recovery/IMG/center_2026_08_31_13_18_22_894.jpg,/Users/martin/smart-technologies-ca2/data_recovery/IMG/left_2026_08_31_13_18_22_894.jpg,/Users/martin/smart-technologies-ca2/data_recovery/IMG/right_2026_08_31_13_18_22_894.jpg,0,1,0,30.19032
/Users/martin/smart-technologies-ca2/data_recovery/IMG/center_2026_08_31_13_18_22_963.jpg,/Users/martin/smart-technologies-ca2/data_recovery/IMG/left_2026_08_31_13_18_22_963.jpg,/Users/martin/smart-technologies-ca2/data_recovery/IMG/right_2026_08_31_13_18_22_963.jpg,0,1,0,30.1903
/Users/martin/smart-technologies-ca2/data_recovery/IMG/center_2026_08_31_13_18_23_030.jpg,/Users/martin/smart-technologies-ca2/data_recovery/IMG/left_2026_08_31_13_18_23_030.jpg,/Users/martin/smart-technologies-ca2/data_recovery/IMG/right_2026_08_31_13_18_23_030.jpg,0,1,0,30.1903
/Users/martin/smart-technologies-ca2/data_recovery/IMG/center_2026_08_31_13_18_23_101.jpg,/Users/martin/smart-technologies-ca2/data_recovery/IMG/left_2026_08_31_13_18_23_101.jpg,/Users/martin/smart-technologies-ca2/data_recovery/IMG/right_2026_08_31_13_18_23_101.jpg,-0.15,1,0,30.18426
/Users/martin/smart-technologies-ca2/data_recovery/IMG/center_2026_08_31_13_18_23_168.jpg,/Users/martin/smart-technologies-ca2/data_recovery/IMG/left_2026_08_31_13_18_23_168.jpg,/Users/martin/smart-technologies-ca2/data_recovery/IMG/right_2026_08_31_13_18_23_168.jpg,-0.3,1,0,30.16927
/Users/martin/smart-technologies-ca2/data_recovery/IMG/center_2026_08_31_13_18_23_236.jpg,/Users/martin/smart-technologies-ca2/data_recovery/IMG/left_2026_08_31_13_18_23_236.jpg,/Users/martin/smart-technologies-ca2/data_recovery/IMG/right_2026_08_31_13_18_23_236.jpg,-0.45,1,0,30.15147
/Users/martin/smart-technologies-ca2/data_recovery/IMG/center_2026_08_31_13_18_23_305.jpg,/Users/martin/smart-technologies-ca2/data_recovery/IMG/left_2026_08_31_13_18_23_305.jpg,/Users/martin/smart-technologies-ca2/data_recovery/IMG/right_2026_08_31_13_18_23_305.jpg,0,1,0,30.18341
/Users/martin/smart-technologies-ca2/data_recovery/IMG/center_2026_08_31_13_18_23_372.jpg,/Users/martin/smart-technologies-ca2/data_recovery/IMG/left_2026_08_31_13_18_23_372.jpg,/Users/martin/smart-technologies-ca2/data_recovery/IMG/right_2026_08_31_13_18_23_372.jpg,0,1,0,30.18762
/Users/martin/smart-technologies-ca2/data_recovery/IMG/center_2026_08_31_13_18_23_442.jpg,/Users/martin/smart-technologies-ca2/data_recovery/IMG/left_2026_08_31_13_18_23_442.jpg,/Users/martin/smart-technologies-ca2/data_recovery/IMG/right_2026_08_31_13_18_23_442.jpg,0,1,0,30.18976
/Users/martin/smart-technologies-ca2/data_recovery/IMG/center_2026_08_31_13_18_23_511.jpg,/Users/martin/smart-technologies-ca2/data_recovery/IMG/left_2026_08_31_13_18_23_511.jpg,/Users/martin/smart-technologies-ca2/data_recovery/IMG/right_2026_08_31_13_18_23_511.jpg,0,1,0,30.19019
/Users/martin/smart-technologies-ca2/data_recovery/IMG/center_2026_08_31_13_18_23_580.jpg,/Users/martin/smart-technologies-ca2/data_recovery/IMG/left_2026_08_31_13_18_23_580.jpg,/Users/martin/smart-technologies-ca2/data_recovery/IMG/right_2026_08_31_13_18_23_580.jpg,0,1,0,30.19028
/Users/martin/smart-technologies-ca2/data_recovery/IMG/center_2026_08_31_13_18_23_651.jpg,/Users/martin/smart-technologies-ca2/data_recovery/IMG/left_2026_08_31_13_18_23_651.jpg,/Users/martin/smart-technologies-ca2/data_recovery/IMG/right_2026_08_31_13_18_23_651.jpg,0,1,0,30.19027
/Users/martin/smart-technologies-ca2/data_recovery/IMG/center_2026_08_31_13_18_23_718.jpg,/Users/martin/smart-technologies-ca2/data_recovery/IMG/left_2026_08_31_13_18_23_718.jpg,/Users/martin/smart-technologies-ca2/data_recovery/IMG/right_2026_08_31_13_18_23_718.jpg,0,1,0,30.1903
/Users/martin/smart-technologies-ca2/data_recovery/IMG/center_2026_08_31_13_18_23_788.jpg,/Users/martin/smart-technologies-ca2/data_recovery/IMG/left_2026_08_31_13_18_23_788.jpg,/Users/martin/smart-technologies-ca2/data_recovery/IMG/right_2026_08_31_13_18_23_788.jpg,0,1,0,30.19032
/Users/martin/smart-technologies-ca2/data_recovery/IMG/center_2026_08_31_13_18_23_857.jpg,/Users/martin/smart-technologies-ca2/data_recovery/IMG/left_2026_08_31_13_18_23_857.jpg,/Users/martin/smart-technologies-ca2/data_recovery/IMG/right_2026_08_31_13_18_23_857.jpg,0,1,0,30.19003
/Users/martin/smart-technologies-ca2/data_recovery/IMG/center_2026_08_31_13_18_23_925.jpg,/Users/martin/smart-technologies-ca2/data_recovery/IMG/left_2026_08_31_13_18_23_925.jpg,/Users/martin/smart-technologies-ca2/data_recovery/IMG/right_2026_08_31_13_18_23_925.jpg,0,1,0,30.1903
/Users/martin/smart-technologies-ca2/data_recovery/IMG/center_2026_08_31_13_18_23_995.jpg,/Users/martin/smart-technologies-ca2/data_recovery/IMG/left_2026_08_31_13_18_23_995.jpg,/Users/martin/smart-technologies-ca2/data_recovery/IMG/right_2026_08_31_13_18_23_995.jpg,0,1,0,30.19031
/Users/martin/smart-technologies-ca2/data_recovery/IMG/center_2026_08_31_13_18_24_063.jpg,/Users/martin/smart-technologies-ca2/data_recovery/IMG/left_2026_08_31_13_18_24_063.jpg,/Users/martin/smart-technologies-ca2/data_recovery/IMG/right_2026_08_31_13_18_24_063.jpg,0,1,0,30.19016
/Users/martin/smart-technologies-ca2/data_recovery/IMG/center_2026_08_31_13_18_24_132.jpg,/Users/martin/smart-technologies-ca2/data_recovery/IMG/left_2026_08_31_13_18_24_132.jpg,/Users/martin/smart-technologies-ca2/data_recovery/IMG/right_2026_08_31_13_18_24_132.jpg,0,1,0,30.1903
/Users/martin/smart-technologies-ca2/data_recovery/IMG/center_2026_08_31_13_18_24_201.jpg,/Users/martin/smart-technologies-ca2/data_recovery/IMG/left_2026_08_31_13_18_24_201.jpg,/Users/martin/smart-technologies-ca2/data_recovery/IMG/right_2026_08_31_13_18_24_201.jpg,0,1,0,30.19029
/Users/martin/smart-technologies-ca2/data_recovery/IMG/center_2026_08_31_13_18_24_270.jpg,/Users/martin/smart-technologies-ca2/data_recovery/IMG/left_2026_08_31_13_18_24_270.jpg,/Users/martin/smart-technologies-ca2/data_recovery/IMG/right_2026_08_31_13_18_24_270.jpg,-0.15,1,0,30.1842
/Users/martin/smart-technologies-ca2/data_recovery/IMG/center_2026_08_31_13_18_24_338.jpg,/Users/martin/smart-technologies-ca2/data_recovery/IMG/left_2026_08_31_13_18_24_338.jpg,/Users/martin/smart-technologies-ca2/data_recovery/IMG/right_2026_08_31_13_18_24_338.jpg,-0.35,1,0,30.16342
/Users/martin/smart-technologies-ca2/data_recovery/IMG/center_2026_08_31_13_18_24_406.jpg,/Users/martin/smart-technologies-ca2/data_recovery/IMG/left_2026_08_31_13_18_24_406.jpg,/Users/martin/smart-technologies-ca2/data_recovery/IMG/right_2026_08_31_13_18_24_406.jpg,0,1,0,30.18819
/Users/martin/smart-technologies-ca2/data_recovery/IMG/center_2026_08_31_13_18_24_476.jpg,/Users/martin/smart-technologies-ca2/data_recovery/IMG/left_2026_08_31_13_18_24_476.jpg,/Users/martin/smart-technologies-ca2/data_recovery/IMG/right_2026_08_31_13_18_24_476.jpg,0,1,0,30.18986
/Users/martin/smart-technologies-ca2/data_recovery/IMG/center_2026_08_31_13_18_24_545.jpg,/Users/martin/smart-technologies-ca2/data_recovery/IMG/left_2026_08_31_13_18_24_545.jpg,/Users/martin/smart-technologies-ca2/data_recovery/IMG/right_2026_08_31_13_18_24_545.jpg,0,1,0,30.19021
/Users/martin/smart-technologies-ca2/data_recovery/IMG/center_2026_08_31_13_18_24_615.jpg,/Users/martin/smart-technologies-ca2/data_recovery/IMG/left_2026_08_31_13_18_24_615.jpg,/Users/martin/smart-technologies-ca2/data_recovery/IMG/right_2026_08_31_13_18_24_615.jpg,0,1,0,30.19027
/Users/martin/smart-technologies-ca2/data_recovery/IMG/center_2026_08_31_13_18_24_682.jpg,/Users/martin/smart-technologies-ca2/data_recovery/IMG/left_2026_08_31_13_18_24_682.jpg,/Users/martin/smart-technologies-ca2/data_recovery/IMG/right_2026_08_31_13_18_24_682.jpg,0,1,0,30.19024
/Users/martin/smart-technologies-ca2/data_recovery/IMG/center_2026_08_31_13_18_24_749.jpg,/Users/martin/smart-technologies-ca2/data_recovery/IMG/left_2026_08_31_13_18_24_749.jpg,/Users/martin/smart-technologies-ca2/data_recovery/IMG/right_2026_08_31_13_18_24_749.jpg,0,1,0,30.19029
/Users/martin/smart-technologies-ca2/data_recovery/IMG/center_2026_08_31_13_18_24_819.jpg,/Users/martin/smart-technologies-ca2/data_recovery/IMG/left_2026_08_31_13_18_24_819.jpg,/Users/martin/smart-technologies-ca2/data_recovery/IMG/right_2026_08_31_13_18_24_819.jpg,0,1,0,30.19025
/Users/martin/smart-technologies-ca2/data_recovery/IMG/center_2026_08_31_13_18_24_886.jpg,/Users/martin/smart-technologies-ca2/data_recovery/IMG/left_2026_08_31_13_18_24_886.jpg,/Users/martin/smart-technologies-ca2/data_recovery/IMG/right_2026_08_31_13_18_24_886.jpg,0,1,0,30.19033
/Users/martin/smart-technologies-ca2/data_recovery/IMG/center_2026_08_31_13_18_24_955.jpg,/Users/martin/smart-technologies-ca2/data_recovery/IMG/left_2026_08_31_13_18_24_955.jpg,/Users/martin/smart-technologies-ca2/data_recovery/IMG/right_2026_08_31_13_18_24_955.jpg,0,1,0,30.19031
/Users/martin/smart-technologies-ca2/data_recovery/IMG/center_2026_08_31_13_18_25_025.jpg,/Users/martin/smart-technologies-ca2/data_recovery/IMG/left_2026_08_31_13_18_25_025.jpg,/Users/martin/smart-technologies-ca2/data_recovery/IMG/right_2026_08_31_13_18_25_025.jpg,0,1,0,30.19028
/Users/martin/smart-technologies-ca2/data_recovery/IMG/center_2026_08_31_13_18_25_095.jpg,/Users/martin/smart-technologies-ca2/data_recovery/IMG/left_2026_08_31_13_18_25_095.jpg,/Users/martin/smart-technologies-ca2/data_recovery/IMG/right_2026_08_31_13_18_25_095.jpg,0,1,0,30.19034
/Users/martin/smart-technologies-ca2/data_recovery/IMG/center_2026_08_31_13_18_25_165.jpg,/Users/martin/smart-technologies-ca2/data_recovery/IMG/left_2026_08_31_13_18_25_165.jpg,/Users/martin/smart-technologies-ca2/data_recovery/IMG/right_2026_08_31_13_18_25_165.jpg,0,1,0,30.19031
/Users/martin/smart-technologies-ca2/data_recovery/IMG/center_2026_08_31_13_18_25_232.jpg,/Users/martin/smart-technologies-ca2/data_recovery/IMG/left_2026_08_31_13_18_25_232.jpg,/Users/martin/smart-technologies-ca2/data_recovery/IMG/right_2026_08_31_13_18_25_232.jpg,0,1,0,30.1903
/Users/martin/smart-technologies-ca2/data_recovery/IMG/center_2026_08_31_13_18_25_301.jpg,/Users/martin/smart-technologies-ca2/data_recovery/IMG/left_2026_08_31_13_18_25_301.jpg,/Users/martin/smart-technologies-ca2/data_recovery/IMG/right_2026_08_31_13_18_25_301.jpg,-0.15,1,0,30.18419
/Users/martin/smart-technologies-ca2/data_recovery/IMG/center_2026_08_31_13_18_25_367.jpg,/Users/martin/smart-technologies-ca2/data_recovery/IMG/left_2026_08_31_13_18_25_367.jpg,/Users/martin/smart-technologies-ca2/data_recovery/IMG/right_2026_08_31_13_18_25_367.jpg,-0.3,1,0,30.16922
/Users/martin/smart-technologies-ca2/data_recovery/IMG/center_2026_08_31_13_18_25_434.jpg,/Users/martin/smart-technologies-ca2/data_recovery/IMG/left_2026_08_31_13_18_25_434.jpg,/Users/martin/smart-technologies-ca2/data_recovery/IMG/right_2026_08_31_13_18_25_434.jpg,-0.45,1,0,30.15143
/Users/martin/smart-technologies-ca2/data_recovery/IMG/center_2026_08_31_13_18_25_504.jpg,/Users/martin/smart-technologies-ca2/data_recovery/IMG/left_2026_08_31_13_18_25_504.jpg,/Users/martin/smart-technologies-ca2/data_recovery/IMG/right_2026_08_31_13_18_25_504.jpg,0,1,0,30.18838
/Users/martin/smart-technologies-ca2/data_recovery/IMG/center_2026_08_31_13_18_25_571.jpg,/Users/martin/smart-technologies-ca2/data_recovery/IMG/left_2026_08_31_13_18_25_571.jpg,/Users/martin/smart-technologies-ca2/data_recovery/IMG/right_2026_08_31_13_18_25_571.jpg,0,1,0,30.18966
/Users/martin/smart-technologies-ca2/data_recovery/IMG/center_2026_08_31_13_18_25_641.jpg,/Users/martin/smart-technologies-ca2/data_recovery/IMG/left_2026_08_31_13_18_25_641.jpg,/Users/martin/smart-technologies-ca2/data_recovery/IMG/right_2026_08_31_13_18_25_641.jpg,0,1,0,30.19019
/Users/martin/smart-technologies-ca2/data_recovery/IMG/center_2026_08_31_13_18_25_711.jpg,/Users/martin/smart-technologies-ca2/data_recovery/IMG/left_2026_08_31_13_18_25_711.jpg,/Users/martin/smart-technologies-ca2/data_recovery/IMG/right_2026_08_31_13_18_25_711.jpg,0,1,0,30.19025
/Users/martin/smart-technologies-ca2/data_recovery/IMG/center_2026_08_31_13_18_25_781.jpg,/Users/martin/smart-technologies-ca2/data_recovery/IMG/left_2026_08_31_13_18_25_781.jpg,/Users/martin/smart-technologies-ca2/data_recovery/IMG/right_2026_08_31_13_18_25_781.jpg,0,1,0,30.1903
/Users/martin/smart-technologies-ca2/data_recovery/IMG/center_2026_08_31_13_18_25_849.jpg,/Users/martin/smart-technologies-ca2/data_recovery/IMG/left_2026_08_31_13_18_25_849.jpg,/Users/martin/smart-technologies-ca2/data_recovery/IMG/right_2026_08_31_13_18_25_849.jpg,0,1,0,30.19031
/Users/martin/smart-technologies-ca2/data_recovery/IMG/center_2026_08_31_13_18_25_917.jpg,/Users/martin/smart-technologies-ca2/data_recovery/IMG/left_2026_08_31_13_18_25_917.jpg,/Users/martin/smart-technologies-ca2/data_recovery/IMG/right_2026_08_31_13_18_25_917.jpg,0,1,0,30.19029
/Users/martin/smart-technologies-ca2/data_recovery/IMG/center_2026_08_31_13_18_25_985.jpg,/Users/martin/smart-technologies-ca2/data_recovery/IMG/left_2026_08_31_13_18_25_985.jpg,/Users/martin/smart-technologies-ca2/data_recovery/IMG/right_2026_08_31_13_18_25_985.jpg,0,1,0,30.19028
/Users/martin/smart-technologies-ca2/data_recovery/IMG/center_2026_08_31_13_18_26_055.jpg,/Users/martin/smart-technologies-ca2/data_recovery/IMG/left_2026_08_31_13_18_26_055.jpg,/Users/martin/smart-technologies-ca2/data_recovery/IMG/right_2026_08_31_13_18_26_055.jpg,0,1,0,30.19029
/Users/martin/smart-technologies-ca2/data_recovery/IMG/center_2026_08_31_13_18_26_123.jpg,/Users/martin/smart-technologies-ca2/data_recovery/IMG/left_2026_08_31_13_18_26_123.jpg,/Users/martin/smart-technologies-ca2/data_recovery/IMG/right_2026_08_31_13_18_26_123.jpg,0,1,0,30.1903
/Users/martin/smart-technologies-ca2/data_recovery/IMG/center_2026_08_31_13_18_26_191.jpg,/Users/martin/smart-technologies-ca2/data_recovery/IMG/left_2026_08_31_13_18_26_191.jpg,/Users/martin/smart-technologies-ca2/data_recovery/IMG/right_2026_08_31_13_18_26_191.jpg,0,1,0,30.1903
/Users/martin/smart-technologies-ca2/data_recovery/IMG/center_2026_08_31_13_18_26_262.jpg,/Users/martin/smart-technologies-ca2/data_recovery/IMG/left_2026_08_31_13_18_26_262.jpg,/Users/martin/smart-technologies-ca2/data_recovery/IMG/right_2026_08_31_13_18_26_262.jpg,0,1,0,30.19031
/Users/martin/smart-technologies-ca2/data_recovery/IMG/center_2026_08_31_13_18_26_328.jpg,/Users/martin/smart-technologies-ca2/data_recovery/IMG/left_2026_08_31_13_18_26_328.jpg,/Users/martin/smart-technologies-ca2/data_recovery/IMG/right_2026_08_31_13_18_26_328.jpg,0,1,0,30.19023
/Users/martin/smart-technologies-ca2/data_recovery/IMG/center_2026_08_31_13_18_26_399.jpg,/Users/martin/smart-technologies-ca2/data_recovery/IMG/left_2026_08_31_13_18_26_399.jpg,/Users/martin/smart-technologies-ca2/data_recovery/IMG/right_2026_08_31_13_18_26_399.jpg,0,1,0,30.19032
/Users/martin/smart-technologies-ca2/data_recovery/IMG/center_2026_08_31_13_18_26_468.jpg,/Users/martin/smart-technologies-ca2/data_recovery/IMG/left_2026_08_31_13_18_26_468.jpg,/Users/martin/smart-technologies-ca2/data_recovery/IMG/right_2026_08_31_13_18_26_468.jpg,0,1,0,30.19028
/Users/martin/smart-technologies-ca2/data_recovery/IMG/center_2026_08_31_13_18_26_537.jpg,/Users/martin/smart-technologies-ca2/data_recovery/IMG/left_2026_08_31_13_18_26_537.jpg,/Users/martin/smart-technologies-ca2/data_recovery/IMG/right_2026_08_31_13_18_26_537.jpg,0,1,0,30.19041
/Users/martin/smart-technologies-ca2/data_recovery/IMG/center_2026_08_31_13_18_26_604.jpg,/Users/martin/smart-technologies-ca2/data_recovery/IMG/left_2026_08_31_13_18_26_604.jpg,/Users/martin/smart-technologies-ca2/data_recovery/IMG/right_2026_08_31_13_18_26_604.jpg,0,1,0,30.19029
/Users/martin/smart-technologies-ca2/data_recovery/IMG/center_2026_08_31_13_18_26_671.jpg,/Users/martin/smart-technologies-ca2/data_recovery/IMG/left_2026_08_31_13_18_26_671.jpg,/Users/martin/smart-technologies-ca2/data_recovery/IMG/right_2026_08_31_13_18_26_671.jpg,0,1,0,30.19028
/Users/martin/smart-technologies-ca2/data_recovery/IMG/center_2026_08_31_13_18_26_739.jpg,/Users/martin/smart-technologies-ca2/data_recovery/IMG/left_2026_08_31_13_18_26_739.jpg,/Users/martin/smart-technologies-ca2/data_recovery/IMG/right_2026_08_31_13_18_26_739.jpg,0,1,0,30.19027
/Users/martin/smart-technologies-ca2/data_recovery/IMG/center_2026_08_31_13_18_26_808.jpg,/Users/martin/smart-technologies-ca2/data_recovery/IMG/left_2026_08_31_13_18_26_808.jpg,/Users/martin/smart-technologies-ca2/data_recovery/IMG/right_2026_08_31_13_18_26_808.jpg,0,1,0,30.19028
/Users/martin/smart-technologies-ca2/data_recovery/IMG/center_2026_08_31_13_18_26_876.jpg,/Users/martin/smart-technologies-ca2/data_recovery/IMG/left_2026_08_31_13_18_26_876.jpg,/Users/martin/smart-technologies-ca2/data_recovery/IMG/right_2026_08_31_13_18_26_876.jpg,0,1,0,30.19028
/Users/martin/smart-technologies-ca2/data_recovery/IMG/center_2026_08_31_13_18_26_944.jpg,/Users/martin/smart-technologies-ca2/data_recovery/IMG/left_2026_08_31_13_18_26_944.jpg,/Users/martin/smart-technologies-ca2/data_recovery/IMG/right_2026_08_31_13_18_26_944.jpg,0,1,0,30.19029
/Users/martin/smart-technologies-ca2/data_recovery/IMG/center_2026_08_31_13_18_27_013.jpg,/Users/martin/smart-technologies-ca2/data_recovery/IMG/left_2026_08_31_13_18_27_013.jpg,/Users/martin/smart-technologies-ca2/data_recovery/IMG/right_2026_08_31_13_18_27_013.jpg,-0.05,1,0,30.18973
/Users/martin/smart-technologies-ca2/data_recovery/IMG/center_2026_08_31_13_18_27_084.jpg,/Users/martin/smart-technologies-ca2/data_recovery/IMG/left_2026_08_31_13_18_27_084.jpg,/Users/martin/smart-technologies-ca2/data_recovery/IMG/right_2026_08_31_13_18_27_084.jpg,-0.25,1,0,30.17478
/Users/martin/smart-technologies-ca2/data_recovery/IMG/center_2026_08_31_13_18_27_151.jpg,/Users/martin/smart-technologies-ca2/data_recovery/IMG/left_2026_08_31_13_18_27_151.jpg,/Users/martin/smart-technologies-ca2/data_recovery/IMG/right_2026_08_31_13_18_27_151.jpg,-0.4,1,0,30.1575
/Users/martin/smart-technologies-ca2/data_recovery/IMG/center_2026_08_31_13_18_27_221.jpg,/Users/martin/smart-technologies-ca2/data_recovery/IMG/left_2026_08_31_13_18_27_221.jpg,/Users/martin/smart-technologies-ca2/data_recovery/IMG/right_2026_08_31_13_18_27_221.jpg,0,1,0,30.18653
/Users/martin/smart-technologies-ca2/data_recovery/IMG/center_2026_08_31_13_18_27_289.jpg,/Users/martin/smart-technologies-ca2/data_recovery/IMG/left_2026_08_31_13_18_27_289.jpg,/Users/martin/smart-technologies-ca2/data_recovery/IMG/right_2026_08_31_13_18_27_289.jpg,0,1,0,30.18929
/Users/martin/smart-technologies-ca2/data_recovery/IMG/center_2026_08_31_13_18_27_356.jpg,/Users/martin/smart-technologies-ca2/data_recovery/IMG/left_2026_08_31_13_18_27_356.jpg,/Users/martin/smart-technologies-ca2/data_recovery/IMG/right_2026_08_31_13_18_27_356.jpg,0,1,0,30.19
/Users/martin/smart-technologies-ca2/data_recovery/IMG/center_2026_08_31_13_18_27_426.jpg,/Users/martin/smart-technologies-ca2/data_recovery/IMG/left_2026_08_31_13_18_27_426.jpg,/Users/martin/smart-technologies-ca2/data_recovery/IMG/right_2026_08_31_13_18_27_426.jpg,0,1,0,30.1901
/Users/martin/smart-technologies-ca2/data_recovery/IMG/center_2026_08_31_13_18_27_496.jpg,/Users/martin/smart-technologies-ca2/data_recovery/IMG/left_2026_08_31_13_18_27_496.jpg,/Users/martin/smart-technologies-ca2/data_recovery/IMG/right_2026_08_31_13_18_27_496.jpg,0,1,0,30.19029
/Users/martin/smart-technologies-ca2/data_recovery/IMG/center_2026_08_31_13_18_27_566.jpg,/Users/martin/smart-technologies-ca2/data_recovery/IMG/left_2026_08_31_13_18_27_566.jpg,/Users/martin/smart-technologies-ca2/data_recovery/IMG/right_2026_08_31_13_18_27_566.jpg,0,1,0,30.19029
/Users/martin/smart-technologies-ca2/data_recovery/IMG/center_2026_08_31_13_18_27_637.jpg,/Users/martin/smart-technologies-ca2/data_recovery/IMG/left_2026_08_31_13_18_27_637.jpg,/Users/martin/smart-technologies-ca2/data_recovery/IMG/right_2026_08_31_13_18_27_637.jpg,0,1,0,30.1903
/Users/martin/smart-technologies-ca2/data_recovery/IMG/center_2026_08_31_13_18_27_706.jpg,/Users/martin/smart-technologies-ca2/data_recovery/IMG/left_2026_08_31_13_18_27_706.jpg,/Users/martin/smart-technologies-ca2/data_recovery/IMG/right_2026_08_31_13_18_27_706.jpg,0,1,0,30.19031
/Users/martin/smart-technologies-ca2/data_recovery/IMG/center_2026_08_31_13_18_27_775.jpg,/Users/martin/smart-technologies-ca2/data_recovery/IMG/left_2026_08_31_13_18_27_775.jpg,/Users/martin/smart-technologies-ca2/data_recovery/IMG/right_2026_08_31_13_18_27_775.jpg,0,1,0,30.1903
/Users/martin/smart-technologies-ca2/data_recovery/IMG/center_2026_08_31_13_18_27_842.jpg,/Users/martin/smart-technologies-ca2/data_recovery/IMG/left_2026_08_31_13_18_27_842.jpg,/Users/martin/smart-technologies-ca2/data_recovery/IMG/right_2026_08_31_13_18_27_842.jpg,0,1,0,30.1903
/Users/martin/smart-technologies-ca2/data_recovery/IMG/center_2026_08_31_13_18_27_910.jpg,/Users/martin/smart-technologies-ca2/data_recovery/IMG/left_2026_08_31_13_18_27_910.jpg,/Users/martin/smart-technologies-ca2/data_recovery/IMG/right_2026_08_31_13_18_27_910.jpg,0,1,0,30.19028
/Users/martin/smart-technologies-ca2/data_recovery/IMG/center_2026_08_31_13_18_27_977.jpg,/Users/martin/smart-technologies-ca2/data_recovery/IMG/left_2026_08_31_13_18_27_977.jpg,/Users/martin/smart-technologies-ca2/data_recovery/IMG/right_2026_08_31_13_18_27_977.jpg,0,1,0,30.19031
/Users/martin/smart-technologies-ca2/data_recovery/IMG/center_2026_08_31_13_18_28_046.jpg,/Users/martin/smart-technologies-ca2/data_recovery/IMG/left_2026_08_31_13_18_28_046.jpg,/Users/martin/smart-technologies-ca2/data_recovery/IMG/right_2026_08_31_13_18_28_046.jpg,0,1,0,30.19029
/Users/martin/smart-technologies-ca2/data_recovery/IMG/center_2026_08_31_13_18_28_115.jpg,/Users/martin/smart-technologies-ca2/data_recovery/IMG/left_2026_08_31_13_18_28_115.jpg,/Users/martin/smart-technologies-ca2/data_recovery/IMG/right_2026_08_31_13_18_28_115.jpg,0,1,0,30.19018
/Users/martin/smart-technologies-ca2/data_recovery/IMG/center_2026_08_31_13_18_28_186.jpg,/Users/martin/smart-technologies-ca2/data_recovery/IMG/left_2026_08_31_13_18_28_186.jpg,/Users/martin/smart-technologies-ca2/data_recovery/IMG/right_2026_08_31_13_18_28_186.jpg,0,1,0,30.19032
/Users/martin/smart-technologies-ca2/data_recovery/IMG/center_2026_08_31_13_18_28_253.jpg,/Users/martin/smart-technologies-ca2/data_recovery/IMG/left_2026_08_31_13_18_28_253.jpg,/Users/martin/smart-technologies-ca2/data_recovery/IMG/right_2026_08_31_13_18_28_253.jpg,0,1,0,30.1903
/Users/martin/smart-technologies-ca2/data_recovery/IMG/center_2026_08_31_13_18_28_324.jpg,/Users/martin/smart-technologies-ca2/data_recovery/IMG/left_2026_08_31_13_18_28_324.jpg,/Users/martin/smart-technologies-ca2/data_recovery/IMG/right_2026_08_31_13_18_28_324.jpg,0,1,0,30.19027
/Users/martin/smart-technologies-ca2/data_recovery/IMG/center_2026_08_31_13_18_28_393.jpg,/Users/martin/smart-technologies-ca2/data_recovery/IMG/left_2026_08_31_13_18_28_393.jpg,/Users/martin/smart-technologies-ca2/data_recovery/IMG/right_2026_08_31_13_18_28_393.jpg,0,1,0,30.1903
/Users/martin/smart-technologies-ca2/data_recovery/IMG/center_2026_08_31_13_18_28_462.jpg,/Users/martin/smart-technologies-ca2/data_recovery/IMG/left_2026_08_31_13_18_28_462.jpg,/Users/martin/smart-technologies-ca2/data_recovery/IMG/right_2026_08_31_13_18_28_462.jpg,0,1,0,30.19032
/Users/martin/smart-technologies-ca2/data_recovery/IMG/center_2026_08_31_13_18_28_529.jpg,/Users/martin/smart-technologies-ca2/data_recovery/IMG/left_2026_08_31_13_18_28_529.jpg,/Users/martin/smart-technologies-ca2/data_recovery/IMG/right_2026_08_31_13_18_28_529.jpg,0,1,0,30.19029
/Users/martin/smart-technologies-ca2/data_recovery/IMG/center_2026_08_31_13_18_28_599.jpg,/Users/martin/smart-technologies-ca2/data_recovery/IMG/left_2026_08_31_13_18_28_599.jpg,/Users/martin/smart-technologies-ca2/data_recovery/IMG/right_2026_08_31_13_18_28_599.jpg,0,1,0,30.1903
/Users/martin/smart-technologies-ca2/data_recovery/IMG/center_2026_08_31_13_18_28_668.jpg,/Users/martin/smart-technologies-ca2/data_recovery/IMG/left_2026_08_31_13_18_28_668.jpg,/Users/martin/smart-technologies-ca2/data_recovery/IMG/right_2026_08_31_13_18_28_668.jpg,0,1,0,30.19029
/Users/martin/smart-technologies-ca2/data_recovery/IMG/center_2026_08_31_13_18_28_736.jpg,/Users/martin/smart-technologies-ca2/data_recovery/IMG/left_2026_08_31_13_18_28_736.jpg,/Users/martin/smart-technologies-ca2/data_recovery/IMG/right_2026_08_31_13_18_28_736.jpg,0,0.8518062,0,30.16592
/Users/martin/smart-technologies-ca2/data_recovery/IMG/center_2026_08_31_13_18_28_806.jpg,/Users/martin/smart-technologies-ca2/data_recovery/IMG/left_2026_08_31_13_18_28_806.jpg,/Users/martin/smart-technologies-ca2/data_recovery/IMG/right_2026_08_31_13_18_28_806.jpg,0,0.6184422,0,30.03231
/Users/martin/smart-technologies-ca2/data_recovery/IMG/center_2026_08_31_13_18_28_893.jpg,/Users/martin/smart-technologies-ca2/data_recovery/IMG/left_2026_08_31_13_18_28_893.jpg,/Users/martin/smart-technologies-ca2/data_recovery/IMG/right_2026_08_31_13_18_28_893.jpg,0,0.3754151,0,28.3225
