data/IMG/center_2026_08_28_23_37_50_004.jpg,data/IMG/left_2026_08_28_23_37_50_004.jpg,data/IMG/right_2026_08_28_23_37_50_004.jpg,-0.15,1.0,0.0,26.34505
data/IMG/center_2026_08_28_23_37_50_342.jpg,data/IMG/left_2026_08_28_23_37_50_342.jpg,data/IMG/right_2026_08_28_23_37_50_342.jpg,0.0,1.0,0.0,29.49117
data/IMG/center_2026_08_28_23_37_50_476.jpg,data/IMG/left_2026_08_28_23_37_50_476.jpg,data/IMG/right_2026_08_28_23_37_50_476.jpg,-0.15,1.0,0.0,30.18469
data/IMG/center_2026_08_28_23_37_50_543.jpg,data/IMG/left_2026_08_28_23_37_50_543.jpg,data/IMG/right_2026_08_28_23_37_50_543.jpg,-0.3,1.0,0.0,30.16949
data/IMG/center_2026_08_28_23_37_50_612.jpg,data/IMG/left_2026_08_28_23_37_50_612.jpg,data/IMG/right_2026_08_28_23_37_50_612.jpg,-0.45,1.0,0.0,30.15162
data/IMG/center_2026_08_28_23_37_50_884.jpg,data/IMG/left_2026_08_28_23_37_50_884.jpg,data/IMG/right_2026_08_28_23_37_50_884.jpg,-0.05,1.0,0.0,30.19012
data/IMG/center_2026_08_28_23_37_50_952.jpg,data/IMG/left_2026_08_28_23_37_50_952.jpg,data/IMG/right_2026_08_28_23_37_50_952.jpg,-0.2,1.0,0.0,30.18203
data/IMG/center_2026_08_28_23_37_51_022.jpg,data/IMG/left_2026_08_28_23_37_51_022.jpg,data/IMG/right_2026_08_28_23_37_51_022.jpg,-0.4,1.0,0.0,30.15913
data/IMG/center_2026_08_28_23_37_51_362.jpg,data/IMG/left_2026_08_28_23_37_51_362.jpg,data/IMG/right_2026_08_28_23_37_51_362.jpg,-0.1,1.0,0.0,30.18825
data/IMG/center_2026_08_28_23_37_51_430.jpg,data/IMG/left_2026_08_28_23_37_51_430.jpg,data/IMG/right_2026_08_28_23_37_51_430.jpg,-0.25,1.0,0.0,30.17561
data/IMG/center_2026_08_28_23_37_51_836.jpg,data/IMG/left_2026_08_28_23_37_51_836.jpg,data/IMG/right_2026_08_28_23_37_51_836.jpg,-0.2,1.0,0.0,30.18082
data/IMG/center_2026_08_28_23_37_52_109.jpg,data/IMG/left_2026_08_28_23_37_52_109.jpg,data/IMG/right_2026_08_28_23_37_52_109.jpg,-0.05,1.0,0.0,30.18991
data/IMG/center_2026_08_28_23_37_52_178.jpg,data/IMG/left_2026_08_28_23_37_52_178.jpg,data/IMG/right_2026_08_28_23_37_52_178.jpg,-0.25,1.0,0.0,30.17561
data/IMG/center_2026_08_28_23_37_52_522.jpg,data/IMG/left_2026_08_28_23_37_52_522.jpg,data/IMG/right_2026_08_28_23_37_52_522.jpg,-0.2,1.0,0.0,30.18092
data/IMG/center_2026_08_28_23_37_52_592.jpg,data/IMG/left_2026_08_28_23_37_52_592.jpg,data/IMG/right_2026_08_28_23_37_52_592.jpg,-0.35,1.0,0.0,30.16429
data/IMG/center_2026_08_28_23_37_52_935.jpg,data/IMG/left_2026_08_28_23_37_52_935.jpg,data/IMG/right_2026_08_28_23_37_52_935.jpg,-0.2,1.0,0.0,30.18105
data/IMG/center_2026_08_28_23_37_53_004.jpg,data/IMG/left_2026_08_28_23_37_53_004.jpg,data/IMG/right_2026_08_28_23_37_53_004.jpg,-0.35,1.0,0.0,30.16452
data/IMG/center_2026_08_28_23_37_53_205.jpg,data/IMG/left_2026_08_28_23_37_53_205.jpg,data/IMG/right_2026_08_28_23_37_53_205.jpg,-0.05,1.0,0.0,30.19011
data/IMG/center_2026_08_28_23_37_53_274.jpg,data/IMG/left_2026_08_28_23_37_53_274.jpg,data/IMG/right_2026_08_28_23_37_53_274.jpg,-0.25,1.0,0.0,30.17672
data/IMG/center_2026_08_28_23_37_53_477.jpg,data/IMG/left_2026_08_28_23_37_53_477.jpg,data/IMG/right_2026_08_28_23_37_53_477.jpg,0.0,1.0,0.0,30.19013
data/IMG/center_2026_08_28_23_37_53_544.jpg,data/IMG/left_2026_08_28_23_37_53_544.jpg,data/IMG/right_2026_08_28_23_37_53_544.jpg,-0.1,1.0,0.0,30.18895
data/IMG/center_2026_08_28_23_37_53_611.jpg,data/IMG/left_2026_08_28_23_37_53_611.jpg,data/IMG/right_2026_08_28_23_37_53_611.jpg,-0.25,1.0,0.0,30.17686
data/IMG/center_2026_08_28_23_37_54_365.jpg,data/IMG/left_2026_08_28_23_37_54_365.jpg,data/IMG/right_2026_08_28_23_37_54_365.jpg,-0.15,1.0,0.0,30.18424
data/IMG/center_2026_08_28_23_37_54_433.jpg,data/IMG/left_2026_08_28_23_37_54_433.jpg,data/IMG/right_2026_08_28_23_37_54_433.jpg,-0.3,1.0,0.0,30.16924
data/IMG/center_2026_08_28_23_37_54_842.jpg,data/IMG/left_2026_08_28_23_37_54_842.jpg,data/IMG/right_2026_08_28_23_37_54_842.jpg,-0.15,1.0,0.0,30.18469
data/IMG/center_2026_08_28_23_37_55_115.jpg,data/IMG/left_2026_08_28_23_37_55_115.jpg,data/IMG/right_2026_08_28_23_37_55_115.jpg,-0.2,1.0,0.0,30.1812
data/IMG/center_2026_08_28_23_37_55_183.jpg,data/IMG/left_2026_08_28_23_37_55_183.jpg,data/IMG/right_2026_08_28_23_37_55_183.jpg,-0.35,1.0,0.0,30.16472
data/IMG/center_2026_08_28_23_37_55_388.jpg,data/IMG/left_2026_08_28_23_37_55_388.jpg,data/IMG/right_2026_08_28_23_37_55_388.jpg,-0.05,1.0,0.0,30.19009
data/IMG/center_2026_08_28_23_37_55_456.jpg,data/IMG/left_2026_08_28_23_37_55_456.jpg,data/IMG/right_2026_08_28_23_37_55_456.jpg,-0.25,1.0,0.0,30.17665
data/IMG/center_2026_08_28_23_37_55_525.jpg,data/IMG/left_2026_08_28_23_37_55_525.jpg,data/IMG/right_2026_08_28_23_37_55_525.jpg,-0.4,1.0,0.0,30.15921
data/IMG/center_2026_08_28_23_37_55_730.jpg,data/IMG/left_2026_08_28_23_37_55_730.jpg,data/IMG/right_2026_08_28_23_37_55_730.jpg,-0.1,1.0,0.0,30.18941
data/IMG/center_2026_08_28_23_37_55_799.jpg,data/IMG/left_2026_08_28_23_37_55_799.jpg,data/IMG/right_2026_08_28_23_37_55_799.jpg,-0.3,1.0,0.0,30.17203
data/IMG/center_2026_08_28_23_37_56_556.jpg,data/IMG/left_2026_08_28_23_37_56_556.jpg,data/IMG/right_2026_08_28_23_37_56_556.jpg,-0.15,1.0,0.0,30.18419
data/IMG/center_2026_08_28_23_37_56_624.jpg,data/IMG/left_2026_08_28_23_37_56_624.jpg,data/IMG/right_2026_08_28_23_37_56_624.jpg,-0.3,1.0,0.0,30.16919
data/IMG/center_2026_08_28_23_37_56_831.jpg,data/IMG/left_2026_08_28_23_37_56_831.jpg,data/IMG/right_2026_08_28_23_37_56_831.jpg,0.0,1.0,0.0,30.19016
data/IMG/center_2026_08_28_23_37_57_038.jpg,data/IMG/left_2026_08_28_23_37_57_038.jpg,data/IMG/right_2026_08_28_23_37_57_038.jpg,-0.2,1.0,0.0,30.18043
data/IMG/center_2026_08_28_23_37_57_378.jpg,data/IMG/left_2026_08_28_23_37_57_378.jpg,data/IMG/right_2026_08_28_23_37_57_378.jpg,-0.1,1.0,0.0,30.18823
data/IMG/center_2026_08_28_23_37_57_445.jpg,data/IMG/left_2026_08_28_23_37_57_445.jpg,data/IMG/right_2026_08_28_23_37_57_445.jpg,-0.25,1.0,0.0,30.17558
data/IMG/center_2026_08_28_23_37_57_721.jpg,data/IMG/left_2026_08_28_23_37_57_721.jpg,data/IMG/right_2026_08_28_23_37_57_721.jpg,-0.1,1.0,0.0,30.18817
data/IMG/center_2026_08_28_23_37_57_790.jpg,data/IMG/left_2026_08_28_23_37_57_790.jpg,data/IMG/right_2026_08_28_23_37_57_790.jpg,-0.25,1.0,0.0,30.17548
data/IMG/center_2026_08_28_23_37_57_924.jpg,data/IMG/left_2026_08_28_23_37_57_924.jpg,data/IMG/right_2026_08_28_23_37_57_924.jpg,0.0,1.0,0.0,30.19018
data/IMG/center_2026_08_28_23_37_58_060.jpg,data/IMG/left_2026_08_28_23_37_58_060.jpg,data/IMG/right_2026_08_28_23_37_58_060.jpg,-0.2,1.0,0.0,30.18084
data/IMG/center_2026_08_28_23_37_58_337.jpg,data/IMG/left_2026_08_28_23_37_58_337.jpg,data/IMG/right_2026_08_28_23_37_58_337.jpg,-0.05,1.0,0.0,30.18957
data/IMG/center_2026_08_28_23_37_58_404.jpg,data/IMG/left_2026_08_28_23_37_58_404.jpg,data/IMG/right_2026_08_28_23_37_58_404.jpg,-0.2,1.0,0.0,30.18058
data/IMG/center_2026_08_28_23_37_58_678.jpg,data/IMG/left_2026_08_28_23_37_58_678.jpg,data/IMG/right_2026_08_28_23_37_58_678.jpg,-0.15,1.0,0.0,30.18478
data/IMG/center_2026_08_28_23_37_58_748.jpg,data/IMG/left_2026_08_28_23_37_58_748.jpg,data/IMG/right_2026_08_28_23_37_58_748.jpg,-0.3,1.0,0.0,30.16984
data/IMG/center_2026_08_28_23_37_59_022.jpg,data/IMG/left_2026_08_28_23_37_59_022.jpg,data/IMG/right_2026_08_28_23_37_59_022.jpg,-0.1,1.0,0.0,30.18834
data/IMG/center_2026_08_28_23_37_59_089.jpg,data/IMG/left_2026_08_28_23_37_59_089.jpg,data/IMG/right_2026_08_28_23_37_59_089.jpg,-0.25,1.0,0.0,30.17572
data/IMG/center_2026_08_28_23_38_00_108.jpg,data/IMG/left_2026_08_28_23_38_00_108.jpg,data/IMG/right_2026_08_28_23_38_00_108.jpg,-0.05,1.0,0.0,30.18972
data/IMG/center_2026_08_28_23_38_00_382.jpg,data/IMG/left_2026_08_28_23_38_00_382.jpg,data/IMG/right_2026_08_28_23_38_00_382.jpg,-0.15,1.0,0.0,30.18445
data/IMG/center_2026_08_28_23_38_00_720.jpg,data/IMG/left_2026_08_28_23_38_00_720.jpg,data/IMG/right_2026_08_28_23_38_00_720.jpg,-0.05,1.0,0.0,30.1898
data/IMG/center_2026_08_28_23_38_00_789.jpg,data/IMG/left_2026_08_28_23_38_00_789.jpg,data/IMG/right_2026_08_28_23_38_00_789.jpg,-0.2,1.0,0.0,30.18016
data/IMG/center_2026_08_28_23_38_01_125.jpg,data/IMG/left_2026_08_28_23_38_01_125.jpg,data/IMG/right_2026_08_28_23_38_01_125.jpg,-0.15,1.0,0.0,30.18507
data/IMG/center_2026_08_28_23_38_01_600.jpg,data/IMG/left_2026_08_28_23_38_01_600.jpg,data/IMG/right_2026_08_28_23_38_01_600.jpg,-0.2,1.0,0.0,30.18007
data/IMG/center_2026_08_28_23_38_01_940.jpg,data/IMG/left_2026_08_28_23_38_01_940.jpg,data/IMG/right_2026_08_28_23_38_01_940.jpg,-0.05,1.0,0.0,30.18982
data/IMG/center_2026_08_28_23_38_02_009.jpg,data/IMG/left_2026_08_28_23_38_02_009.jpg,data/IMG/right_2026_08_28_23_38_02_009.jpg,-0.2,1.0,0.0,30.18027
data/IMG/center_2026_08_28_23_38_02_826.jpg,data/IMG/left_2026_08_28_23_38_02_826.jpg,data/IMG/right_2026_08_28_23_38_02_826.jpg,-0.15,1.0,0.0,30.18421
data/IMG/center_2026_08_28_23_38_03_302.jpg,data/IMG/left_2026_08_28_23_38_03_302.jpg,data/IMG/right_2026_08_28_23_38_03_302.jpg,-0.1,1.0,0.0,30.18772
data/IMG/center_2026_08_28_23_38_03_777.jpg,data/IMG/left_2026_08_28_23_38_03_777.jpg,data/IMG/right_2026_08_28_23_38_03_777.jpg,-0.1,1.0,0.0,30.18776
data/IMG/center_2026_08_28_23_38_04_186.jpg,data/IMG/left_2026_08_28_23_38_04_186.jpg,data/IMG/right_2026_08_28_23_38_04_186.jpg,-0.05,1.0,0.0,30.18973
data/IMG/center_2026_08_28_23_38_04_254.jpg,data/IMG/left_2026_08_28_23_38_04_254.jpg,data/IMG/right_2026_08_28_23_38_04_254.jpg,-0.25,1.0,0.0,30.17485
data/IMG/center_2026_08_28_23_38_04_723.jpg,data/IMG/left_2026_08_28_23_38_04_723.jpg,data/IMG/right_2026_08_28_23_38_04_723.jpg,0.0,1.0,0.0,30.19031
data/IMG/center_2026_08_28_23_38_05_061.jpg,data/IMG/left_2026_08_28_23_38_05_061.jpg,data/IMG/right_2026_08_28_23_38_05_061.jpg,-0.15,1.0,0.0,30.18419
data/IMG/center_2026_08_28_23_38_05_469.jpg,data/IMG/left_2026_08_28_23_38_05_469.jpg,data/IMG/right_2026_08_28_23_38_05_469.jpg,-0.05,1.0,0.0,30.18977
data/IMG/center_2026_08_28_23_38_05_536.jpg,data/IMG/left_2026_08_28_23_38_05_536.jpg,data/IMG/right_2026_08_28_23_38_05_536.jpg,-0.25,1.0,0.0,30.17495
data/IMG/center_2026_08_28_23_38_07_161.jpg,data/IMG/left_2026_08_28_23_38_07_161.jpg,data/IMG/right_2026_08_28_23_38_07_161.jpg,-0.05,1.0,0.0,30.18971
data/IMG/center_2026_08_28_23_38_07_231.jpg,data/IMG/left_2026_08_28_23_38_07_231.jpg,data/IMG/right_2026_08_28_23_38_07_231.jpg,-0.2,1.0,0.0,30.17982
data/IMG/center_2026_08_28_23_38_07_300.jpg,data/IMG/left_2026_08_28_23_38_07_300.jpg,data/IMG/right_2026_08_28_23_38_07_300.jpg,-0.4,1.0,0.0,30.15748
data/IMG/center_2026_08_28_23_38_07_840.jpg,data/IMG/left_2026_08_28_23_38_07_840.jpg,data/IMG/right_2026_08_28_23_38_07_840.jpg,0.0,1.0,0.0,30.1903
data/IMG/center_2026_08_28_23_38_08_042.jpg,data/IMG/left_2026_08_28_23_38_08_042.jpg,data/IMG/right_2026_08_28_23_38_08_042.jpg,0.05,1.0,0.0,30.18975
data/IMG/center_2026_08_28_23_38_10_421.jpg,data/IMG/left_2026_08_28_23_38_10_421.jpg,data/IMG/right_2026_08_28_23_38_10_421.jpg,0.0,1.0,0.0,30.1903
data/IMG/center_2026_08_28_23_38_11_032.jpg,data/IMG/left_2026_08_28_23_38_11_032.jpg,data/IMG/right_2026_08_28_23_38_11_032.jpg,-0.05,1.0,0.0,30.18972
data/IMG/center_2026_08_28_23_38_11_101.jpg,data/IMG/left_2026_08_28_23_38_11_101.jpg,data/IMG/right_2026_08_28_23_38_11_101.jpg,-0.25,1.0,0.0,30.17477
data/IMG/center_2026_08_28_23_38_12_327.jpg,data/IMG/left_2026_08_28_23_38_12_327.jpg,data/IMG/right_2026_08_28_23_38_12_327.jpg,-0.05,1.0,0.0,30.18972
data/IMG/center_2026_08_28_23_38_12_396.jpg,data/IMG/left_2026_08_28_23_38_12_396.jpg,data/IMG/right_2026_08_28_23_38_12_396.jpg,-0.25,1.0,0.0,30.17474
data/IMG/center_2026_08_28_23_38_12_944.jpg,data/IMG/left_2026_08_28_23_38_12_944.jpg,data/IMG/right_2026_08_28_23_38_12_944.jpg,0.0,1.0,0.0,30.19027
data/IMG/center_2026_08_28_23_38_13_487.jpg,data/IMG/left_2026_08_28_23_38_13_487.jpg,data/IMG/right_2026_08_28_23_38_13_487.jpg,0.0,1.0,0.0,30.19031
data/IMG/center_2026_08_28_23_38_14_032.jpg,data/IMG/left_2026_08_28_23_38_14_032.jpg,data/IMG/right_2026_08_28_23_38_14_032.jpg,-0.05,1.0,0.0,30.18973
data/IMG/center_2026_08_28_23_38_14_099.jpg,data/IMG/left_2026_08_28_23_38_14_099.jpg,data/IMG/right_2026_08_28_23_38_14_099.jpg,-0.25,1.0,0.0,30.17499
data/IMG/center_2026_08_28_23_38_14_166.jpg,data/IMG/left_2026_08_28_23_38_14_166.jpg,data/IMG/right_2026_08_28_23_38_14_166.jpg,-0.4,1.0,0.0,30.15747
data/IMG/center_2026_08_28_23_38_14_646.jpg,data/IMG/left_2026_08_28_23_38_14_646.jpg,data/IMG/right_2026_08_28_23_38_14_646.jpg,0.15,1.0,0.0,30.18357
data/IMG/center_2026_08_28_23_38_15_748.jpg,data/IMG/left_2026_08_28_23_38_15_748.jpg,data/IMG/right_2026_08_28_23_38_15_748.jpg,0.0,1.0,0.0,30.19027
data/IMG/center_2026_08_28_23_38_17_857.jpg,data/IMG/left_2026_08_28_23_38_17_857.jpg,data/IMG/right_2026_08_28_23_38_17_857.jpg,0.0,1.0,0.0,30.19033
data/IMG/center_2026_08_28_23_38_17_927.jpg,data/IMG/left_2026_08_28_23_38_17_927.jpg,data/IMG/right_2026_08_28_23_38_17_927.jpg,-0.05,1.0,0.0,30.18974
data/IMG/center_2026_08_28_23_38_17_994.jpg,data/IMG/left_2026_08_28_23_38_17_994.jpg,data/IMG/right_2026_08_28_23_38_17_994.jpg,-0.25,1.0,0.0,30.17476
data/IMG/center_2026_08_28_23_38_18_061.jpg,data/IMG/left_2026_08_28_23_38_18_061.jpg,data/IMG/right_2026_08_28_23_38_18_061.jpg,-0.4,1.0,0.0,30.15753
data/IMG/center_2026_08_28_23_38_18_131.jpg,data/IMG/left_2026_08_28_23_38_18_131.jpg,data/IMG/right_2026_08_28_23_38_18_131.jpg,-0.5500001,1.0,0.0,30.13919
data/IMG/center_2026_08_28_23_38_18_538.jpg,data/IMG/left_2026_08_28_23_38_18_538.jpg,data/IMG/right_2026_08_28_23_38_18_538.jpg,0.2,1.0,0.0,30.17828
data/IMG/center_2026_08_28_23_38_20_443.jpg,data/IMG/left_2026_08_28_23_38_20_443.jpg,data/IMG/right_2026_08_28_23_38_20_443.jpg,0.0,1.0,0.0,30.19025
data/IMG/center_2026_08_28_23_38_20_717.jpg,data/IMG/left_2026_08_28_23_38_20_717.jpg,data/IMG/right_2026_08_28_23_38_20_717.jpg,0.0,1.0,0.0,30.19059
data/IMG/center_2026_08_28_23_38_21_198.jpg,data/IMG/left_2026_08_28_23_38_21_198.jpg,data/IMG/right_2026_08_28_23_38_21_198.jpg,0.0,1.0,0.0,30.19033
data/IMG/center_2026_08_28_23_38_21_743.jpg,data/IMG/left_2026_08_28_23_38_21_743.jpg,data/IMG/right_2026_08_28_23_38_21_743.jpg,-0.1,1.0,0.0,30.18766
data/IMG/center_2026_08_28_23_38_21_815.jpg,data/IMG/left_2026_08_28_23_38_21_815.jpg,data/IMG/right_2026_08_28_23_38_21_815.jpg,-0.3,1.0,0.0,30.16906
data/IMG/center_2026_08_28_23_38_21_882.jpg,data/IMG/left_2026_08_28_23_38_21_882.jpg,data/IMG/right_2026_08_28_23_38_21_882.jpg,-0.45,1.0,0.0,30.1515
data/IMG/center_2026_08_28_23_38_21_951.jpg,data/IMG/left_2026_08_28_23_38_21_951.jpg,data/IMG/right_2026_08_28_23_38_21_951.jpg,0.0,1.0,0.0,30.18567
data/IMG/center_2026_08_28_23_38_22_294.jpg,data/IMG/left_2026_08_28_23_38_22_294.jpg,data/IMG/right_2026_08_28_23_38_22_294.jpg,0.0,1.0,0.0,30.1903
data/IMG/center_2026_08_28_23_38_22_565.jpg,data/IMG/left_2026_08_28_23_38_22_565.jpg,data/IMG/right_2026_08_28_23_38_22_565.jpg,0.0,1.0,0.0,30.19027
data/IMG/center_2026_08_28_23_38_23_316.jpg,data/IMG/left_2026_08_28_23_38_23_316.jpg,data/IMG/right_2026_08_28_23_38_23_316.jpg,-0.2,1.0,0.0,30.17984
data/IMG/center_2026_08_28_23_38_23_385.jpg,data/IMG/left_2026_08_28_23_38_23_385.jpg,data/IMG/right_2026_08_28_23_38_23_385.jpg,-0.35,1.0,0.0,30.16345
data/IMG/center_2026_08_28_23_38_23_729.jpg,data/IMG/left_2026_08_28_23_38_23_729.jpg,data/IMG/right_2026_08_28_23_38_23_729.jpg,-0.15,1.0,0.0,30.18568
data/IMG/center_2026_08_28_23_38_23_799.jpg,data/IMG/left_2026_08_28_23_38_23_799.jpg,data/IMG/right_2026_08_28_23_38_23_799.jpg,-0.35,1.0,0.0,30.16503
data/IMG/center_2026_08_28_23_38_24_415.jpg,data/IMG/left_2026_08_28_23_38_24_415.jpg,data/IMG/right_2026_08_28_23_38_24_415.jpg,-0.2,1.0,0.0,30.17989
data/IMG/center_2026_08_28_23_38_24_822.jpg,data/IMG/left_2026_08_28_23_38_24_822.jpg,data/IMG/right_2026_08_28_23_38_24_822.jpg,-0.05,1.0,0.0,30.18975
data/IMG/center_2026_08_28_23_38_24_890.jpg,data/IMG/left_2026_08_28_23_38_24_890.jpg,data/IMG/right_2026_08_28_23_38_24_890.jpg,-0.2,1.0,0.0,30.18009
data/IMG/center_2026_08_28_23_38_25_230.jpg,data/IMG/left_2026_08_28_23_38_25_230.jpg,data/IMG/right_2026_08_28_23_38_25_230.jpg,-0.1,1.0,0.0,30.18823
data/IMG/center_2026_08_28_23_38_25_298.jpg,data/IMG/left_2026_08_28_23_38_25_298.jpg,data/IMG/right_2026_08_28_23_38_25_298.jpg,-0.3,1.0,0.0,30.17004
data/IMG/center_2026_08_28_23_38_25_978.jpg,data/IMG/left_2026_08_28_23_38_25_978.jpg,data/IMG/right_2026_08_28_23_38_25_978.jpg,-0.15,1.0,0.0,30.18426
data/IMG/center_2026_08_28_23_38_26_183.jpg,data/IMG/left_2026_08_28_23_38_26_183.jpg,data/IMG/right_2026_08_28_23_38_26_183.jpg,-0.15,1.0,0.0,30.18607
data/IMG/center_2026_08_28_23_38_26_250.jpg,data/IMG/left_2026_08_28_23_38_26_250.jpg,data/IMG/right_2026_08_28_23_38_26_250.jpg,-0.3,1.0,0.0,30.17136
data/IMG/center_2026_08_28_23_38_26_934.jpg,data/IMG/left_2026_08_28_23_38_26_934.jpg,data/IMG/right_2026_08_28_23_38_26_934.jpg,-0.05,1.0,0.0,30.18972
data/IMG/center_2026_08_28_23_38_27_002.jpg,data/IMG/left_2026_08_28_23_38_27_002.jpg,data/IMG/right_2026_08_28_23_38_27_002.jpg,-0.2,1.0,0.0,30.17984
data/IMG/center_2026_08_28_23_38_27_275.jpg,data/IMG/left_2026_08_28_23_38_27_275.jpg,data/IMG/right_2026_08_28_23_38_27_275.jpg,-0.1,1.0,0.0,30.18826
data/IMG/center_2026_08_28_23_38_27_344.jpg,data/IMG/left_2026_08_28_23_38_27_344.jpg,data/IMG/right_2026_08_28_23_38_27_344.jpg,-0.25,1.0,0.0,30.17559
data/IMG/center_2026_08_28_23_38_27_619.jpg,data/IMG/left_2026_08_28_23_38_27_619.jpg,data/IMG/right_2026_08_28_23_38_27_619.jpg,-0.15,1.0,0.0,30.18544
data/IMG/center_2026_08_28_23_38_27_686.jpg,data/IMG/left_2026_08_28_23_38_27_686.jpg,data/IMG/right_2026_08_28_23_38_27_686.jpg,-0.3,1.0,0.0,30.17089
data/IMG/center_2026_08_28_23_38_27_756.jpg,data/IMG/left_2026_08_28_23_38_27_756.jpg,data/IMG/right_2026_08_28_23_38_27_756.jpg,-0.5000001,1.0,0.0,30.14629
data/IMG/center_2026_08_28_23_38_28_298.jpg,data/IMG/left_2026_08_28_23_38_28_298.jpg,data/IMG/right_2026_08_28_23_38_28_298.jpg,-0.05,0.5535553,0.0,30.08703
data/IMG/center_2026_08_28_23_38_28_367.jpg,data/IMG/left_2026_08_28_23_38_28_367.jpg,data/IMG/right_2026_08_28_23_38_28_367.jpg,-0.2,0.4003121,0.0,30.03209
data/IMG/center_2026_08_28_23_38_28_436.jpg,data/IMG/left_2026_08_28_23_38_28_436.jpg,data/IMG/right_2026_08_28_23_38_28_436.jpg,-0.4,0.6438309,0.0,30.05615
data/IMG/center_2026_08_28_23_38_28_639.jpg,data/IMG/left_2026_08_28_23_38_28_639.jpg,data/IMG/right_2026_08_28_23_38_28_639.jpg,-0.15,0.3246909,0.0,30.02658
data/IMG/center_2026_08_28_23_38_28_707.jpg,data/IMG/left_2026_08_28_23_38_28_707.jpg,data/IMG/right_2026_08_28_23_38_28_707.jpg,-0.3,0.2048259,0.0,29.95424
data/IMG/center_2026_08_28_23_38_28_775.jpg,data/IMG/left_2026_08_28_23_38_28_775.jpg,data/IMG/right_2026_08_28_23_38_28_775.jpg,-0.5000001,0.4450867,0.0,29.88828
data/IMG/center_2026_08_28_23_38_28_841.jpg,data/IMG/left_2026_08_28_23_38_28_841.jpg,data/IMG/right_2026_08_28_23_38_28_841.jpg,-0.6500001,0.6233166,0.0,29.92713
data/IMG/center_2026_08_28_23_38_29_244.jpg,data/IMG/left_2026_08_28_23_38_29_244.jpg,data/IMG/right_2026_08_28_23_38_29_244.jpg,0.05,0.9321276,0.0,30.16126
data/IMG/center_2026_08_28_23_38_29_314.jpg,data/IMG/left_2026_08_28_23_38_29_314.jpg,data/IMG/right_2026_08_28_23_38_29_314.jpg,0.25,1.0,0.0,30.17435
data/IMG/center_2026_08_28_23_38_29_519.jpg,data/IMG/left_2026_08_28_23_38_29_519.jpg,data/IMG/right_2026_08_28_23_38_29_519.jpg,-0.15,1.0,0.0,30.18271
data/IMG/center_2026_08_28_23_38_29_586.jpg,data/IMG/left_2026_08_28_23_38_29_586.jpg,data/IMG/right_2026_08_28_23_38_29_586.jpg,-0.3,1.0,0.0,30.1676
data/IMG/center_2026_08_28_23_38_29_926.jpg,data/IMG/left_2026_08_28_23_38_29_926.jpg,data/IMG/right_2026_08_28_23_38_29_926.jpg,-0.1,1.0,0.0,30.18849
data/IMG/center_2026_08_28_23_38_29_995.jpg,data/IMG/left_2026_08_28_23_38_29_995.jpg,data/IMG/right_2026_08_28_23_38_29_995.jpg,-0.3,1.0,0.0,30.17044
data/IMG/center_2026_08_28_23_38_30_064.jpg,data/IMG/left_2026_08_28_23_38_30_064.jpg,data/IMG/right_2026_08_28_23_38_30_064.jpg,-0.45,1.0,0.0,30.15237
data/IMG/center_2026_08_28_23_38_30_338.jpg,data/IMG/left_2026_08_28_23_38_30_338.jpg,data/IMG/right_2026_08_28_23_38_30_338.jpg,-0.05,1.0,0.0,30.19023
data/IMG/center_2026_08_28_23_38_30_406.jpg,data/IMG/left_2026_08_28_23_38_30_406.jpg,data/IMG/right_2026_08_28_23_38_30_406.jpg,-0.2,1.0,0.0,30.18321
data/IMG/center_2026_08_28_23_38_30_610.jpg,data/IMG/left_2026_08_28_23_38_30_610.jpg,data/IMG/right_2026_08_28_23_38_30_610.jpg,-0.05,1.0,0.0,30.18995
data/IMG/center_2026_08_28_23_38_30_677.jpg,data/IMG/left_2026_08_28_23_38_30_677.jpg,data/IMG/right_2026_08_28_23_38_30_677.jpg,-0.25,1.0,0.0,30.17579
data/IMG/center_2026_08_28_23_38_30_878.jpg,data/IMG/left_2026_08_28_23_38_30_878.jpg,data/IMG/right_2026_08_28_23_38_30_878.jpg,-0.05,1.0,0.0,30.19009
data/IMG/center_2026_08_28_23_38_30_945.jpg,data/IMG/left_2026_08_28_23_38_30_945.jpg,data/IMG/right_2026_08_28_23_38_30_945.jpg,-0.2,1.0,0.0,30.18098
data/IMG/center_2026_08_28_23_38_31_218.jpg,data/IMG/left_2026_08_28_23_38_31_218.jpg,data/IMG/right_2026_08_28_23_38_31_218.jpg,-0.05,1.0,0.0,30.19008
data/IMG/center_2026_08_28_23_38_31_287.jpg,data/IMG/left_2026_08_28_23_38_31_287.jpg,data/IMG/right_2026_08_28_23_38_31_287.jpg,-0.2,1.0,0.0,30.1815
data/IMG/center_2026_08_28_23_38_31_354.jpg,data/IMG/left_2026_08_28_23_38_31_354.jpg,data/IMG/right_2026_08_28_23_38_31_354.jpg,-0.4,1.0,0.0,30.15889
data/IMG/center_2026_08_28_23_38_31_628.jpg,data/IMG/left_2026_08_28_23_38_31_628.jpg,data/IMG/right_2026_08_28_23_38_31_628.jpg,-0.15,1.0,0.0,30.18651
data/IMG/center_2026_08_28_23_38_31_698.jpg,data/IMG/left_2026_08_28_23_38_31_698.jpg,data/IMG/right_2026_08_28_23_38_31_698.jpg,-0.35,1.0,0.0,30.16603
data/IMG/center_2026_08_28_23_38_31_971.jpg,data/IMG/left_2026_08_28_23_38_31_971.jpg,data/IMG/right_2026_08_28_23_38_31_971.jpg,-0.05,1.0,0.0,30.18998
data/IMG/center_2026_08_28_23_38_32_038.jpg,data/IMG/left_2026_08_28_23_38_32_038.jpg,data/IMG/right_2026_08_28_23_38_32_038.jpg,-0.25,1.0,0.0,30.17599
data/IMG/center_2026_08_28_23_38_32_381.jpg,data/IMG/left_2026_08_28_23_38_32_381.jpg,data/IMG/right_2026_08_28_23_38_32_381.jpg,-0.2,1.0,0.0,30.18125
data/IMG/center_2026_08_28_23_38_32_656.jpg,data/IMG/left_2026_08_28_23_38_32_656.jpg,data/IMG/right_2026_08_28_23_38_32_656.jpg,-0.05,1.0,0.0,30.18999
data/IMG/center_2026_08_28_23_38_32_726.jpg,data/IMG/left_2026_08_28_23_38_32_726.jpg,data/IMG/right_2026_08_28_23_38_32_726.jpg,-0.2,1.0,0.0,30.18098
data/IMG/center_2026_08_28_23_38_32_793.jpg,data/IMG/left_2026_08_28_23_38_32_793.jpg,data/IMG/right_2026_08_28_23_38_32_793.jpg,0.0,1.0,0.0,30.1894
data/IMG/center_2026_08_28_23_38_33_135.jpg,data/IMG/left_2026_08_28_23_38_33_135.jpg,data/IMG/right_2026_08_28_23_38_33_135.jpg,-0.15,1.0,0.0,30.18449
data/IMG/center_2026_08_28_23_38_33_612.jpg,data/IMG/left_2026_08_28_23_38_33_612.jpg,data/IMG/right_2026_08_28_23_38_33_612.jpg,-0.1,1.0,0.0,30.18784
data/IMG/center_2026_08_28_23_38_33_681.jpg,data/IMG/left_2026_08_28_23_38_33_681.jpg,data/IMG/right_2026_08_28_23_38_33_681.jpg,-0.3,1.0,0.0,30.16944
data/IMG/center_2026_08_28_23_38_33_818.jpg,data/IMG/left_2026_08_28_23_38_33_818.jpg,data/IMG/right_2026_08_28_23_38_33_818.jpg,0.0,1.0,0.0,30.18919
data/IMG/center_2026_08_28_23_38_34_577.jpg,data/IMG/left_2026_08_28_23_38_34_577.jpg,data/IMG/right_2026_08_28_23_38_34_577.jpg,-0.2,1.0,0.0,30.17983
data/IMG/center_2026_08_28_23_38_34_994.jpg,data/IMG/left_2026_08_28_23_38_34_994.jpg,data/IMG/right_2026_08_28_23_38_34_994.jpg,-0.05,1.0,0.0,30.1898
data/IMG/center_2026_08_28_23_38_35_406.jpg,data/IMG/left_2026_08_28_23_38_35_406.jpg,data/IMG/right_2026_08_28_23_38_35_406.jpg,-0.05,1.0,0.0,30.18972
data/IMG/center_2026_08_28_23_38_35_476.jpg,data/IMG/left_2026_08_28_23_38_35_476.jpg,data/IMG/right_2026_08_28_23_38_35_476.jpg,-0.25,1.0,0.0,30.17489
data/IMG/center_2026_08_28_23_38_35_889.jpg,data/IMG/left_2026_08_28_23_38_35_889.jpg,data/IMG/right_2026_08_28_23_38_35_889.jpg,-0.05,1.0,0.0,30.18981
data/IMG/center_2026_08_28_23_38_36_370.jpg,data/IMG/left_2026_08_28_23_38_36_370.jpg,data/IMG/right_2026_08_28_23_38_36_370.jpg,-0.05,1.0,0.0,30.18959
data/IMG/center_2026_08_28_23_38_36_851.jpg,data/IMG/left_2026_08_28_23_38_36_851.jpg,data/IMG/right_2026_08_28_23_38_36_851.jpg,-0.05,1.0,0.0,30.18977
data/IMG/center_2026_08_28_23_38_36_918.jpg,data/IMG/left_2026_08_28_23_38_36_918.jpg,data/IMG/right_2026_08_28_23_38_36_918.jpg,-0.25,1.0,0.0,30.17485
data/IMG/center_2026_08_28_23_38_37_399.jpg,data/IMG/left_2026_08_28_23_38_37_399.jpg,data/IMG/right_2026_08_28_23_38_37_399.jpg,-0.05,1.0,0.0,30.18973
data/IMG/center_2026_08_28_23_38_37_468.jpg,data/IMG/left_2026_08_28_23_38_37_468.jpg,data/IMG/right_2026_08_28_23_38_37_468.jpg,-0.2,1.0,0.0,30.17991
data/IMG/center_2026_08_28_23_38_38_972.jpg,data/IMG/left_2026_08_28_23_38_38_972.jpg,data/IMG/right_2026_08_28_23_38_38_972.jpg,-0.15,1.0,0.0,30.18423
data/IMG/center_2026_08_28_23_38_39_585.jpg,data/IMG/left_2026_08_28_23_38_39_585.jpg,data/IMG/right_2026_08_28_23_38_39_585.jpg,0.0,1.0,0.0,30.20446
data/IMG/center_2026_08_28_23_38_39_792.jpg,data/IMG/left_2026_08_28_23_38_39_792.jpg,data/IMG/right_2026_08_28_23_38_39_792.jpg,0.0,1.0,0.0,30.19238
data/IMG/center_2026_08_28_23_38_40_065.jpg,data/IMG/left_2026_08_28_23_38_40_065.jpg,data/IMG/right_2026_08_28_23_38_40_065.jpg,-0.15,1.0,0.0,30.18387
data/IMG/center_2026_08_28_23_38_40_756.jpg,data/IMG/left_2026_08_28_23_38_40_756.jpg,data/IMG/right_2026_08_28_23_38_40_756.jpg,0.0,1.0,0.0,30.18989
data/IMG/center_2026_08_28_23_38_41_169.jpg,data/IMG/left_2026_08_28_23_38_41_169.jpg,data/IMG/right_2026_08_28_23_38_41_169.jpg,-0.15,1.0,0.0,30.18393
data/IMG/center_2026_08_28_23_38_42_212.jpg,data/IMG/left_2026_08_28_23_38_42_212.jpg,data/IMG/right_2026_08_28_23_38_42_212.jpg,0.0,1.0,0.0,30.18998
data/IMG/center_2026_08_28_23_38_42_354.jpg,data/IMG/left_2026_08_28_23_38_42_354.jpg,data/IMG/right_2026_08_28_23_38_42_354.jpg,0.0,1.0,0.0,30.18997
data/IMG/center_2026_08_28_23_38_43_108.jpg,data/IMG/left_2026_08_28_23_38_43_108.jpg,data/IMG/right_2026_08_28_23_38_43_108.jpg,0.0,1.0,0.0,30.18996
data/IMG/center_2026_08_28_23_38_43_790.jpg,data/IMG/left_2026_08_28_23_38_43_790.jpg,data/IMG/right_2026_08_28_23_38_43_790.jpg,0.0,1.0,0.0,30.18995
data/IMG/center_2026_08_28_23_38_46_898.jpg,data/IMG/left_2026_08_28_23_38_46_898.jpg,data/IMG/right_2026_08_28_23_38_46_898.jpg,-0.1,1.0,0.0,30.18741
data/IMG/center_2026_08_28_23_38_46_969.jpg,data/IMG/left_2026_08_28_23_38_46_969.jpg,data/IMG/right_2026_08_28_23_38_46_969.jpg,-0.25,1.0,0.0,30.17462
data/IMG/center_2026_08_28_23_38_47_037.jpg,data/IMG/left_2026_08_28_23_38_47_037.jpg,data/IMG/right_2026_08_28_23_38_47_037.jpg,-0.45,1.0,0.0,30.15147
data/IMG/center_2026_08_28_23_38_47_383.jpg,data/IMG/left_2026_08_28_23_38_47_383.jpg,data/IMG/right_2026_08_28_23_38_47_383.jpg,0.0,1.0,0.0,30.1901
data/IMG/center_2026_08_28_23_38_48_364.jpg,data/IMG/left_2026_08_28_23_38_48_364.jpg,data/IMG/right_2026_08_28_23_38_48_364.jpg,0.0,1.0,0.0,30.19033
data/IMG/center_2026_08_28_23_38_49_607.jpg,data/IMG/left_2026_08_28_23_38_49_607.jpg,data/IMG/right_2026_08_28_23_38_49_607.jpg,-0.15,1.0,0.0,30.18422
data/IMG/center_2026_08_28_23_38_49_675.jpg,data/IMG/left_2026_08_28_23_38_49_675.jpg,data/IMG/right_2026_08_28_23_38_49_675.jpg,-0.35,1.0,0.0,30.16347
data/IMG/center_2026_08_28_23_38_49_746.jpg,data/IMG/left_2026_08_28_23_38_49_746.jpg,data/IMG/right_2026_08_28_23_38_49_746.jpg,-0.5000001,1.0,0.0,30.14537
data/IMG/center_2026_08_28_23_38_49_815.jpg,data/IMG/left_2026_08_28_23_38_49_815.jpg,data/IMG/right_2026_08_28_23_38_49_815.jpg,0.0,1.0,0.0,30.1841
data/IMG/center_2026_08_28_23_38_50_229.jpg,data/IMG/left_2026_08_28_23_38_50_229.jpg,data/IMG/right_2026_08_28_23_38_50_229.jpg,-0.1,1.0,0.0,30.18801
data/IMG/center_2026_08_28_23_38_50_299.jpg,data/IMG/left_2026_08_28_23_38_50_299.jpg,data/IMG/right_2026_08_28_23_38_50_299.jpg,-0.3,1.0,0.0,30.16963
data/IMG/center_2026_08_28_23_38_50_369.jpg,data/IMG/left_2026_08_28_23_38_50_369.jpg,data/IMG/right_2026_08_28_23_38_50_369.jpg,0.0,1.0,0.0,30.18153
data/IMG/center_2026_08_28_23_38_50_782.jpg,data/IMG/left_2026_08_28_23_38_50_782.jpg,data/IMG/right_2026_08_28_23_38_50_782.jpg,-0.05,1.0,0.0,30.18975
data/IMG/center_2026_08_28_23_38_50_849.jpg,data/IMG/left_2026_08_28_23_38_50_849.jpg,data/IMG/right_2026_08_28_23_38_50_849.jpg,-0.2,1.0,0.0,30.1801
data/IMG/center_2026_08_28_23_38_50_917.jpg,data/IMG/left_2026_08_28_23_38_50_917.jpg,data/IMG/right_2026_08_28_23_38_50_917.jpg,-0.4,1.0,0.0,30.1577
data/IMG/center_2026_08_28_23_38_51_331.jpg,data/IMG/left_2026_08_28_23_38_51_331.jpg,data/IMG/right_2026_08_28_23_38_51_331.jpg,-0.05,1.0,0.0,30.18982
data/IMG/center_2026_08_28_23_38_51_401.jpg,data/IMG/left_2026_08_28_23_38_51_401.jpg,data/IMG/right_2026_08_28_23_38_51_401.jpg,-0.25,1.0,0.0,30.17574
data/IMG/center_2026_08_28_23_38_51_468.jpg,data/IMG/left_2026_08_28_23_38_51_468.jpg,data/IMG/right_2026_08_28_23_38_51_468.jpg,-0.4,1.0,0.0,30.15789
data/IMG/center_2026_08_28_23_38_51_539.jpg,data/IMG/left_2026_08_28_23_38_51_539.jpg,data/IMG/right_2026_08_28_23_38_51_539.jpg,-0.6000001,1.0,0.0,30.13342
data/IMG/center_2026_08_28_23_38_51_818.jpg,data/IMG/left_2026_08_28_23_38_51_818.jpg,data/IMG/right_2026_08_28_23_38_51_818.jpg,-0.2,1.0,0.0,30.18315
data/IMG/center_2026_08_28_23_38_52_025.jpg,data/IMG/left_2026_08_28_23_38_52_025.jpg,data/IMG/right_2026_08_28_23_38_52_025.jpg,-0.1,1.0,0.0,30.18887
data/IMG/center_2026_08_28_23_38_52_098.jpg,data/IMG/left_2026_08_28_23_38_52_098.jpg,data/IMG/right_2026_08_28_23_38_52_098.jpg,-0.3,1.0,0.0,30.17175
data/IMG/center_2026_08_28_23_38_52_165.jpg,data/IMG/left_2026_08_28_23_38_52_165.jpg,data/IMG/right_2026_08_28_23_38_52_165.jpg,-0.45,1.0,0.0,30.15281
data/IMG/center_2026_08_28_23_38_52_236.jpg,data/IMG/left_2026_08_28_23_38_52_236.jpg,data/IMG/right_2026_08_28_23_38_52_236.jpg,-0.6500001,1.0,0.0,30.12791
data/IMG/center_2026_08_28_23_38_52_303.jpg,data/IMG/left_2026_08_28_23_38_52_303.jpg,data/IMG/right_2026_08_28_23_38_52_303.jpg,-0.8000001,1.0,0.0,30.11018
data/IMG/center_2026_08_28_23_38_52_370.jpg,data/IMG/left_2026_08_28_23_38_52_370.jpg,data/IMG/right_2026_08_28_23_38_52_370.jpg,-0.9500002,1.0,0.0,30.09749
data/IMG/center_2026_08_28_23_38_52_842.jpg,data/IMG/left_2026_08_28_23_38_52_842.jpg,data/IMG/right_2026_08_28_23_38_52_842.jpg,-0.1,1.0,0.0,30.18818
data/IMG/center_2026_08_28_23_38_52_915.jpg,data/IMG/left_2026_08_28_23_38_52_915.jpg,data/IMG/right_2026_08_28_23_38_52_915.jpg,-0.3,1.0,0.0,30.16652
data/IMG/center_2026_08_28_23_38_52_987.jpg,data/IMG/left_2026_08_28_23_38_52_987.jpg,data/IMG/right_2026_08_28_23_38_52_987.jpg,-0.45,1.0,0.0,30.15197
data/IMG/center_2026_08_28_23_38_53_198.jpg,data/IMG/left_2026_08_28_23_38_53_198.jpg,data/IMG/right_2026_08_28_23_38_53_198.jpg,-0.2,1.0,0.0,30.18256
data/IMG/center_2026_08_28_23_38_53_265.jpg,data/IMG/left_2026_08_28_23_38_53_265.jpg,data/IMG/right_2026_08_28_23_38_53_265.jpg,-0.35,1.0,0.0,30.16738
data/IMG/center_2026_08_28_23_38_53_336.jpg,data/IMG/left_2026_08_28_23_38_53_336.jpg,data/IMG/right_2026_08_28_23_38_53_336.jpg,-0.5500001,1.0,0.0,30.14164
data/IMG/center_2026_08_28_23_38_53_403.jpg,data/IMG/left_2026_08_28_23_38_53_403.jpg,data/IMG/right_2026_08_28_23_38_53_403.jpg,-0.7,1.0,0.0,30.12288
data/IMG/center_2026_08_28_23_38_53_611.jpg,data/IMG/left_2026_08_28_23_38_53_611.jpg,data/IMG/right_2026_08_28_23_38_53_611.jpg,-0.15,1.0,0.0,30.18958
data/IMG/center_2026_08_28_23_38_53_681.jpg,data/IMG/left_2026_08_28_23_38_53_681.jpg,data/IMG/right_2026_08_28_23_38_53_681.jpg,-0.35,1.0,0.0,30.17017
data/IMG/center_2026_08_28_23_38_53_886.jpg,data/IMG/left_2026_08_28_23_38_53_886.jpg,data/IMG/right_2026_08_28_23_38_53_886.jpg,-0.1,1.0,0.0,30.19012
data/IMG/center_2026_08_28_23_38_53_958.jpg,data/IMG/left_2026_08_28_23_38_53_958.jpg,data/IMG/right_2026_08_28_23_38_53_958.jpg,-0.3,1.0,0.0,30.17328
data/IMG/center_2026_08_28_23_38_54_025.jpg,data/IMG/left_2026_08_28_23_38_54_025.jpg,data/IMG/right_2026_08_28_23_38_54_025.jpg,-0.45,1.0,0.0,30.15451
data/IMG/center_2026_08_28_23_38_54_232.jpg,data/IMG/left_2026_08_28_23_38_54_232.jpg,data/IMG/right_2026_08_28_23_38_54_232.jpg,0.0,1.0,0.0,30.18966
data/IMG/center_2026_08_28_23_38_54_303.jpg,data/IMG/left_2026_08_28_23_38_54_303.jpg,data/IMG/right_2026_08_28_23_38_54_303.jpg,-0.2,1.0,0.0,30.18397
data/IMG/center_2026_08_28_23_38_54_442.jpg,data/IMG/left_2026_08_28_23_38_54_442.jpg,data/IMG/right_2026_08_28_23_38_54_442.jpg,-0.05,1.0,0.0,30.19018
data/IMG/center_2026_08_28_23_38_54_513.jpg,data/IMG/left_2026_08_28_23_38_54_513.jpg,data/IMG/right_2026_08_28_23_38_54_513.jpg,-0.2,1.0,0.0,30.18255
data/IMG/center_2026_08_28_23_38_54_582.jpg,data/IMG/left_2026_08_28_23_38_54_582.jpg,data/IMG/right_2026_08_28_23_38_54_582.jpg,-0.4,1.0,0.0,30.15978
data/IMG/center_2026_08_28_23_38_54_718.jpg,data/IMG/left_2026_08_28_23_38_54_718.jpg,data/IMG/right_2026_08_28_23_38_54_718.jpg,0.0,1.0,0.0,30.18991
data/IMG/center_2026_08_28_23_38_54_855.jpg,data/IMG/left_2026_08_28_23_38_54_855.jpg,data/IMG/right_2026_08_28_23_38_54_855.jpg,-0.15,1.0,0.0,30.18573
data/IMG/center_2026_08_28_23_38_54_922.jpg,data/IMG/left_2026_08_28_23_38_54_922.jpg,data/IMG/right_2026_08_28_23_38_54_922.jpg,-0.3,1.0,0.0,30.17075
data/IMG/center_2026_08_28_23_38_55_336.jpg,data/IMG/left_2026_08_28_23_38_55_336.jpg,data/IMG/right_2026_08_28_23_38_55_336.jpg,-0.1,1.0,0.0,30.18807
data/IMG/center_2026_08_28_23_38_55_407.jpg,data/IMG/left_2026_08_28_23_38_55_407.jpg,data/IMG/right_2026_08_28_23_38_55_407.jpg,-0.25,1.0,0.0,30.17531
data/IMG/center_2026_08_28_23_38_56_722.jpg,data/IMG/left_2026_08_28_23_38_56_722.jpg,data/IMG/right_2026_08_28_23_38_56_722.jpg,0.0,1.0,0.0,30.19031
data/IMG/center_2026_08_28_23_38_57_064.jpg,data/IMG/left_2026_08_28_23_38_57_064.jpg,data/IMG/right_2026_08_28_23_38_57_064.jpg,-0.15,1.0,0.0,30.18423
data/IMG/center_2026_08_28_23_38_57_131.jpg,data/IMG/left_2026_08_28_23_38_57_131.jpg,data/IMG/right_2026_08_28_23_38_57_131.jpg,-0.3,1.0,0.0,30.16926
data/IMG/center_2026_08_28_23_38_57_679.jpg,data/IMG/left_2026_08_28_23_38_57_679.jpg,data/IMG/right_2026_08_28_23_38_57_679.jpg,-0.05,1.0,0.0,30.18973
data/IMG/center_2026_08_28_23_38_57_748.jpg,data/IMG/left_2026_08_28_23_38_57_748.jpg,data/IMG/right_2026_08_28_23_38_57_748.jpg,-0.2,1.0,0.0,30.17991
data/IMG/center_2026_08_28_23_38_59_724.jpg,data/IMG/left_2026_08_28_23_38_59_724.jpg,data/IMG/right_2026_08_28_23_38_59_724.jpg,0.0,1.0,0.0,30.19025
data/IMG/center_2026_08_28_23_39_00_606.jpg,data/IMG/left_2026_08_28_23_39_00_606.jpg,data/IMG/right_2026_08_28_23_39_00_606.jpg,0.05,1.0,0.0,30.18967
data/IMG/center_2026_08_28_23_39_00_675.jpg,data/IMG/left_2026_08_28_23_39_00_675.jpg,data/IMG/right_2026_08_28_23_39_00_675.jpg,0.25,1.0,0.0,30.17472
data/IMG/center_2026_08_28_23_39_00_742.jpg,data/IMG/left_2026_08_28_23_39_00_742.jpg,data/IMG/right_2026_08_28_23_39_00_742.jpg,0.4,1.0,0.0,30.15748
data/IMG/center_2026_08_28_23_39_01_154.jpg,data/IMG/left_2026_08_28_23_39_01_154.jpg,data/IMG/right_2026_08_28_23_39_01_154.jpg,0.2,1.0,0.0,30.18044
data/IMG/center_2026_08_28_23_39_01_220.jpg,data/IMG/left_2026_08_28_23_39_01_220.jpg,data/IMG/right_2026_08_28_23_39_01_220.jpg,0.35,1.0,0.0,30.164
data/IMG/center_2026_08_28_23_39_01_287.jpg,data/IMG/left_2026_08_28_23_39_01_287.jpg,data/IMG/right_2026_08_28_23_39_01_287.jpg,0.5000001,1.0,0.0,30.14577
data/IMG/center_2026_08_28_23_39_01_627.jpg,data/IMG/left_2026_08_28_23_39_01_627.jpg,data/IMG/right_2026_08_28_23_39_01_627.jpg,0.05,1.0,0.0,30.19015
data/IMG/center_2026_08_28_23_39_01_694.jpg,data/IMG/left_2026_08_28_23_39_01_694.jpg,data/IMG/right_2026_08_28_23_39_01_694.jpg,0.25,1.0,0.0,30.17604
data/IMG/center_2026_08_28_23_39_01_761.jpg,data/IMG/left_2026_08_28_23_39_01_761.jpg,data/IMG/right_2026_08_28_23_39_01_761.jpg,0.4,1.0,0.0,30.15853
data/IMG/center_2026_08_28_23_39_01_830.jpg,data/IMG/left_2026_08_28_23_39_01_830.jpg,data/IMG/right_2026_08_28_23_39_01_830.jpg,0.5500001,1.0,0.0,30.13972
data/IMG/center_2026_08_28_23_39_01_897.jpg,data/IMG/left_2026_08_28_23_39_01_897.jpg,data/IMG/right_2026_08_28_23_39_01_897.jpg,0.7500002,1.0,0.0,30.11495
data/IMG/center_2026_08_28_23_39_01_966.jpg,data/IMG/left_2026_08_28_23_39_01_966.jpg,data/IMG/right_2026_08_28_23_39_01_966.jpg,0.9000002,1.0,0.0,30.10096
data/IMG/center_2026_08_28_23_39_02_441.jpg,data/IMG/left_2026_08_28_23_39_02_441.jpg,data/IMG/right_2026_08_28_23_39_02_441.jpg,0.15,1.0,0.0,30.18505
data/IMG/center_2026_08_28_23_39_02_508.jpg,data/IMG/left_2026_08_28_23_39_02_508.jpg,data/IMG/right_2026_08_28_23_39_02_508.jpg,0.3,1.0,0.0,30.17005
data/IMG/center_2026_08_28_23_39_02_578.jpg,data/IMG/left_2026_08_28_23_39_02_578.jpg,data/IMG/right_2026_08_28_23_39_02_578.jpg,0.5000001,1.0,0.0,30.14579
data/IMG/center_2026_08_28_23_39_02_645.jpg,data/IMG/left_2026_08_28_23_39_02_645.jpg,data/IMG/right_2026_08_28_23_39_02_645.jpg,0.6500001,1.0,0.0,30.12701
data/IMG/center_2026_08_28_23_39_02_847.jpg,data/IMG/left_2026_08_28_23_39_02_847.jpg,data/IMG/right_2026_08_28_23_39_02_847.jpg,0.15,1.0,0.0,30.19015
data/IMG/center_2026_08_28_23_39_02_917.jpg,data/IMG/left_2026_08_28_23_39_02_917.jpg,data/IMG/right_2026_08_28_23_39_02_917.jpg,0.35,1.0,0.0,30.17121
data/IMG/center_2026_08_28_23_39_03_118.jpg,data/IMG/left_2026_08_28_23_39_03_118.jpg,data/IMG/right_2026_08_28_23_39_03_118.jpg,0.05,1.0,0.0,30.19019
data/IMG/center_2026_08_28_23_39_03_185.jpg,data/IMG/left_2026_08_28_23_39_03_185.jpg,data/IMG/right_2026_08_28_23_39_03_185.jpg,0.2,1.0,0.0,30.18283
data/IMG/center_2026_08_28_23_39_03_254.jpg,data/IMG/left_2026_08_28_23_39_03_254.jpg,data/IMG/right_2026_08_28_23_39_03_254.jpg,0.4,1.0,0.0,30.15976
data/IMG/center_2026_08_28_23_39_03_321.jpg,data/IMG/left_2026_08_28_23_39_03_321.jpg,data/IMG/right_2026_08_28_23_39_03_321.jpg,0.5500001,1.0,0.0,30.14103
data/IMG/center_2026_08_28_23_39_03_390.jpg,data/IMG/left_2026_08_28_23_39_03_390.jpg,data/IMG/right_2026_08_28_23_39_03_390.jpg,0.7,1.0,0.0,30.12223
data/IMG/center_2026_08_28_23_39_03_459.jpg,data/IMG/left_2026_08_28_23_39_03_459.jpg,data/IMG/right_2026_08_28_23_39_03_459.jpg,0.9000002,1.0,0.0,30.10111
data/IMG/center_2026_08_28_23_39_03_526.jpg,data/IMG/left_2026_08_28_23_39_03_526.jpg,data/IMG/right_2026_08_28_23_39_03_526.jpg,1.0,1.0,0.0,30.09638
data/IMG/center_2026_08_28_23_39_03_864.jpg,data/IMG/left_2026_08_28_23_39_03_864.jpg,data/IMG/right_2026_08_28_23_39_03_864.jpg,-0.05,1.0,0.0,30.18781
data/IMG/center_2026_08_28_23_39_03_931.jpg,data/IMG/left_2026_08_28_23_39_03_931.jpg,data/IMG/right_2026_08_28_23_39_03_931.jpg,-0.2,1.0,0.0,30.17479
data/IMG/center_2026_08_28_23_39_04_483.jpg,data/IMG/left_2026_08_28_23_39_04_483.jpg,data/IMG/right_2026_08_28_23_39_04_483.jpg,0.05,1.0,0.0,30.18958
data/IMG/center_2026_08_28_23_39_04_553.jpg,data/IMG/left_2026_08_28_23_39_04_553.jpg,data/IMG/right_2026_08_28_23_39_04_553.jpg,0.2,1.0,0.0,30.1797
data/IMG/center_2026_08_28_23_39_04_895.jpg,data/IMG/left_2026_08_28_23_39_04_895.jpg,data/IMG/right_2026_08_28_23_39_04_895.jpg,0.1,1.0,0.0,30.18801
data/IMG/center_2026_08_28_23_39_04_965.jpg,data/IMG/left_2026_08_28_23_39_04_965.jpg,data/IMG/right_2026_08_28_23_39_04_965.jpg,0.25,1.0,0.0,30.1751
data/IMG/center_2026_08_28_23_39_05_445.jpg,data/IMG/left_2026_08_28_23_39_05_445.jpg,data/IMG/right_2026_08_28_23_39_05_445.jpg,0.0,1.0,0.0,30.19029
data/IMG/center_2026_08_28_23_39_05_929.jpg,data/IMG/left_2026_08_28_23_39_05_929.jpg,data/IMG/right_2026_08_28_23_39_05_929.jpg,0.05,1.0,0.0,30.18972
data/IMG/center_2026_08_28_23_39_06_340.jpg,data/IMG/left_2026_08_28_23_39_06_340.jpg,data/IMG/right_2026_08_28_23_39_06_340.jpg,0.05,1.0,0.0,30.18976
data/IMG/center_2026_08_28_23_39_06_410.jpg,data/IMG/left_2026_08_28_23_39_06_410.jpg,data/IMG/right_2026_08_28_23_39_06_410.jpg,0.2,1.0,0.0,30.17991
data/IMG/center_2026_08_28_23_39_06_481.jpg,data/IMG/left_2026_08_28_23_39_06_481.jpg,data/IMG/right_2026_08_28_23_39_06_481.jpg,0.0,1.0,0.0,30.19029
data/IMG/center_2026_08_28_23_39_06_820.jpg,data/IMG/left_2026_08_28_23_39_06_820.jpg,data/IMG/right_2026_08_28_23_39_06_820.jpg,0.15,1.0,0.0,30.18442
data/IMG/center_2026_08_28_23_39_07_985.jpg,data/IMG/left_2026_08_28_23_39_07_985.jpg,data/IMG/right_2026_08_28_23_39_07_985.jpg,0.0,1.0,0.0,30.19028
data/IMG/center_2026_08_28_23_39_09_415.jpg,data/IMG/left_2026_08_28_23_39_09_415.jpg,data/IMG/right_2026_08_28_23_39_09_415.jpg,-0.2,1.0,0.0,30.17997
data/IMG/center_2026_08_28_23_39_09_483.jpg,data/IMG/left_2026_08_28_23_39_09_483.jpg,data/IMG/right_2026_08_28_23_39_09_483.jpg,-0.35,1.0,0.0,30.16345
data/IMG/center_2026_08_28_23_39_09_549.jpg,data/IMG/left_2026_08_28_23_39_09_549.jpg,data/IMG/right_2026_08_28_23_39_09_549.jpg,0.0,1.0,0.0,30.17916
data/IMG/center_2026_08_28_23_39_09_822.jpg,data/IMG/left_2026_08_28_23_39_09_822.jpg,data/IMG/right_2026_08_28_23_39_09_822.jpg,-0.05,1.0,0.0,30.18998
data/IMG/center_2026_08_28_23_39_09_891.jpg,data/IMG/left_2026_08_28_23_39_09_891.jpg,data/IMG/right_2026_08_28_23_39_09_891.jpg,-0.2,1.0,0.0,30.18102
data/IMG/center_2026_08_28_23_39_09_957.jpg,data/IMG/left_2026_08_28_23_39_09_957.jpg,data/IMG/right_2026_08_28_23_39_09_957.jpg,-0.4,1.0,0.0,30.15851
data/IMG/center_2026_08_28_23_39_10_231.jpg,data/IMG/left_2026_08_28_23_39_10_231.jpg,data/IMG/right_2026_08_28_23_39_10_231.jpg,0.0,1.0,0.0,30.19002
data/IMG/center_2026_08_28_23_39_10_436.jpg,data/IMG/left_2026_08_28_23_39_10_436.jpg,data/IMG/right_2026_08_28_23_39_10_436.jpg,-0.05,0.5392269,0.0,30.06968
data/IMG/center_2026_08_28_23_39_10_504.jpg,data/IMG/left_2026_08_28_23_39_10_504.jpg,data/IMG/right_2026_08_28_23_39_10_504.jpg,-0.2,0.7305818,0.0,30.09704
data/IMG/center_2026_08_28_23_39_10_571.jpg,data/IMG/left_2026_08_28_23_39_10_571.jpg,data/IMG/right_2026_08_28_23_39_10_571.jpg,-0.35,0.904297,0.0,30.12636
data/IMG/center_2026_08_28_23_39_10_914.jpg,data/IMG/left_2026_08_28_23_39_10_914.jpg,data/IMG/right_2026_08_28_23_39_10_914.jpg,-0.1,0.365458,0.0,30.03894
data/IMG/center_2026_08_28_23_39_10_980.jpg,data/IMG/left_2026_08_28_23_39_10_980.jpg,data/IMG/right_2026_08_28_23_39_10_980.jpg,-0.25,0.4668816,0.0,30.03
data/IMG/center_2026_08_28_23_39_11_047.jpg,data/IMG/left_2026_08_28_23_39_11_047.jpg,data/IMG/right_2026_08_28_23_39_11_047.jpg,-0.4,0.6496477,0.0,30.05747
data/IMG/center_2026_08_28_23_39_11_114.jpg,data/IMG/left_2026_08_28_23_39_11_114.jpg,data/IMG/right_2026_08_28_23_39_11_114.jpg,-0.6000001,0.8841547,0.0,30.09245
data/IMG/center_2026_08_28_23_39_11_181.jpg,data/IMG/left_2026_08_28_23_39_11_181.jpg,data/IMG/right_2026_08_28_23_39_11_181.jpg,0.0,0.7201777,0.0,30.12353
data/IMG/center_2026_08_28_23_39_11_453.jpg,data/IMG/left_2026_08_28_23_39_11_453.jpg,data/IMG/right_2026_08_28_23_39_11_453.jpg,-0.1,0.0,0.0,29.82178
data/IMG/center_2026_08_28_23_39_11_521.jpg,data/IMG/left_2026_08_28_23_39_11_521.jpg,data/IMG/right_2026_08_28_23_39_11_521.jpg,-0.3,0.0,0.0,29.53831
data/IMG/center_2026_08_28_23_39_11_656.jpg,data/IMG/left_2026_08_28_23_39_11_656.jpg,data/IMG/right_2026_08_28_23_39_11_656.jpg,0.0,0.3131551,0.0,29.24161
data/IMG/center_2026_08_28_23_39_11_994.jpg,data/IMG/left_2026_08_28_23_39_11_994.jpg,data/IMG/right_2026_08_28_23_39_11_994.jpg,-0.05,0.4496645,0.0,29.98552
data/IMG/center_2026_08_28_23_39_12_063.jpg,data/IMG/left_2026_08_28_23_39_12_063.jpg,data/IMG/right_2026_08_28_23_39_12_063.jpg,-0.2,0.6278647,0.0,30.07547
data/IMG/center_2026_08_28_23_39_12_132.jpg,data/IMG/left_2026_08_28_23_39_12_132.jpg,data/IMG/right_2026_08_28_23_39_12_132.jpg,-0.35,0.8066436,0.0,30.10337
data/IMG/center_2026_08_28_23_39_12_199.jpg,data/IMG/left_2026_08_28_23_39_12_199.jpg,data/IMG/right_2026_08_28_23_39_12_199.jpg,-0.5500001,1.0,0.0,30.13938
data/IMG/center_2026_08_28_23_39_12_266.jpg,data/IMG/left_2026_08_28_23_39_12_266.jpg,data/IMG/right_2026_08_28_23_39_12_266.jpg,-0.7,1.0,0.0,30.12069
data/IMG/center_2026_08_28_23_39_12_603.jpg,data/IMG/left_2026_08_28_23_39_12_603.jpg,data/IMG/right_2026_08_28_23_39_12_603.jpg,-0.15,1.0,0.0,30.18661
data/IMG/center_2026_08_28_23_39_12_671.jpg,data/IMG/left_2026_08_28_23_39_12_671.jpg,data/IMG/right_2026_08_28_23_39_12_671.jpg,-0.3,1.0,0.0,30.17151
data/IMG/center_2026_08_28_23_39_12_738.jpg,data/IMG/left_2026_08_28_23_39_12_738.jpg,data/IMG/right_2026_08_28_23_39_12_738.jpg,-0.5000001,1.0,0.0,30.14708
data/IMG/center_2026_08_28_23_39_12_805.jpg,data/IMG/left_2026_08_28_23_39_12_805.jpg,data/IMG/right_2026_08_28_23_39_12_805.jpg,-0.6500001,1.0,0.0,30.12826
data/IMG/center_2026_08_28_23_39_13_009.jpg,data/IMG/left_2026_08_28_23_39_13_009.jpg,data/IMG/right_2026_08_28_23_39_13_009.jpg,-0.15,1.0,0.0,30.18902
data/IMG/center_2026_08_28_23_39_13_077.jpg,data/IMG/left_2026_08_28_23_39_13_077.jpg,data/IMG/right_2026_08_28_23_39_13_077.jpg,-0.35,1.0,0.0,30.16938
data/IMG/center_2026_08_28_23_39_13_147.jpg,data/IMG/left_2026_08_28_23_39_13_147.jpg,data/IMG/right_2026_08_28_23_39_13_147.jpg,-0.05,1.0,0.0,30.18951
data/IMG/center_2026_08_28_23_39_13_419.jpg,data/IMG/left_2026_08_28_23_39_13_419.jpg,data/IMG/right_2026_08_28_23_39_13_419.jpg,-0.15,1.0,0.0,30.1855
data/IMG/center_2026_08_28_23_39_13_488.jpg,data/IMG/left_2026_08_28_23_39_13_488.jpg,data/IMG/right_2026_08_28_23_39_13_488.jpg,-0.3,1.0,0.0,30.16955
data/IMG/center_2026_08_28_23_39_13_556.jpg,data/IMG/left_2026_08_28_23_39_13_556.jpg,data/IMG/right_2026_08_28_23_39_13_556.jpg,-0.5000001,1.0,0.0,30.14548
data/IMG/center_2026_08_28_23_39_13_623.jpg,data/IMG/left_2026_08_28_23_39_13_623.jpg,data/IMG/right_2026_08_28_23_39_13_623.jpg,-0.6500001,1.0,0.0,30.12709
data/IMG/center_2026_08_28_23_39_13_967.jpg,data/IMG/left_2026_08_28_23_39_13_967.jpg,data/IMG/right_2026_08_28_23_39_13_967.jpg,-0.05,1.0,0.0,30.18951
data/IMG/center_2026_08_28_23_39_14_034.jpg,data/IMG/left_2026_08_28_23_39_14_034.jpg,data/IMG/right_2026_08_28_23_39_14_034.jpg,-0.25,1.0,0.0,30.17648
data/IMG/center_2026_08_28_23_39_14_100.jpg,data/IMG/left_2026_08_28_23_39_14_100.jpg,data/IMG/right_2026_08_28_23_39_14_100.jpg,-0.4,1.0,0.0,30.15882
data/IMG/center_2026_08_28_23_39_14_303.jpg,data/IMG/left_2026_08_28_23_39_14_303.jpg,data/IMG/right_2026_08_28_23_39_14_303.jpg,-0.15,1.0,0.0,30.18783
data/IMG/center_2026_08_28_23_39_14_373.jpg,data/IMG/left_2026_08_28_23_39_14_373.jpg,data/IMG/right_2026_08_28_23_39_14_373.jpg,-0.3,1.0,0.0,30.17375
data/IMG/center_2026_08_28_23_39_14_441.jpg,data/IMG/left_2026_08_28_23_39_14_441.jpg,data/IMG/right_2026_08_28_23_39_14_441.jpg,-0.5000001,1.0,0.0,30.14845
data/IMG/center_2026_08_28_23_39_14_645.jpg,data/IMG/left_2026_08_28_23_39_14_645.jpg,data/IMG/right_2026_08_28_23_39_14_645.jpg,-0.05,1.0,0.0,30.19021
data/IMG/center_2026_08_28_23_39_14_714.jpg,data/IMG/left_2026_08_28_23_39_14_714.jpg,data/IMG/right_2026_08_28_23_39_14_714.jpg,-0.25,1.0,0.0,30.1805
data/IMG/center_2026_08_28_23_39_15_055.jpg,data/IMG/left_2026_08_28_23_39_15_055.jpg,data/IMG/right_2026_08_28_23_39_15_055.jpg,-0.2,1.0,0.0,30.18179
data/IMG/center_2026_08_28_23_39_15_122.jpg,data/IMG/left_2026_08_28_23_39_15_122.jpg,data/IMG/right_2026_08_28_23_39_15_122.jpg,-0.35,1.0,0.0,30.16466
data/IMG/center_2026_08_28_23_39_15_326.jpg,data/IMG/left_2026_08_28_23_39_15_326.jpg,data/IMG/right_2026_08_28_23_39_15_326.jpg,-0.05,1.0,0.0,30.1902
data/IMG/center_2026_08_28_23_39_15_394.jpg,data/IMG/left_2026_08_28_23_39_15_394.jpg,data/IMG/right_2026_08_28_23_39_15_394.jpg,-0.25,1.0,0.0,30.1767
data/IMG/center_2026_08_28_23_39_15_741.jpg,data/IMG/left_2026_08_28_23_39_15_741.jpg,data/IMG/right_2026_08_28_23_39_15_741.jpg,-0.15,1.0,0.0,30.18469
data/IMG/center_2026_08_28_23_39_15_808.jpg,data/IMG/left_2026_08_28_23_39_15_808.jpg,data/IMG/right_2026_08_28_23_39_15_808.jpg,-0.3,1.0,0.0,30.16976
data/IMG/center_2026_08_28_23_39_16_221.jpg,data/IMG/left_2026_08_28_23_39_16_221.jpg,data/IMG/right_2026_08_28_23_39_16_221.jpg,-0.2,1.0,0.0,30.18042
data/IMG/center_2026_08_28_23_39_16_289.jpg,data/IMG/left_2026_08_28_23_39_16_289.jpg,data/IMG/right_2026_08_28_23_39_16_289.jpg,-0.35,1.0,0.0,30.164
data/IMG/center_2026_08_28_23_39_16_359.jpg,data/IMG/left_2026_08_28_23_39_16_359.jpg,data/IMG/right_2026_08_28_23_39_16_359.jpg,0.0,1.0,0.0,30.18758
data/IMG/center_2026_08_28_23_39_16_632.jpg,data/IMG/left_2026_08_28_23_39_16_632.jpg,data/IMG/right_2026_08_28_23_39_16_632.jpg,-0.05,1.0,0.0,30.18998
data/IMG/center_2026_08_28_23_39_16_701.jpg,data/IMG/left_2026_08_28_23_39_16_701.jpg,data/IMG/right_2026_08_28_23_39_16_701.jpg,-0.25,1.0,0.0,30.17603
data/IMG/center_2026_08_28_23_39_16_770.jpg,data/IMG/left_2026_08_28_23_39_16_770.jpg,data/IMG/right_2026_08_28_23_39_16_770.jpg,-0.4,1.0,0.0,30.15848
data/IMG/center_2026_08_28_23_39_17_110.jpg,data/IMG/left_2026_08_28_23_39_17_110.jpg,data/IMG/right_2026_08_28_23_39_17_110.jpg,0.0,1.0,0.0,30.19029
data/IMG/center_2026_08_28_23_39_17_314.jpg,data/IMG/left_2026_08_28_23_39_17_314.jpg,data/IMG/right_2026_08_28_23_39_17_314.jpg,-0.1,1.0,0.0,30.18769
data/IMG/center_2026_08_28_23_39_17_381.jpg,data/IMG/left_2026_08_28_23_39_17_381.jpg,data/IMG/right_2026_08_28_23_39_17_381.jpg,-0.25,1.0,0.0,30.17481
data/IMG/center_2026_08_28_23_39_17_448.jpg,data/IMG/left_2026_08_28_23_39_17_448.jpg,data/IMG/right_2026_08_28_23_39_17_448.jpg,-0.4,1.0,0.0,30.15753
data/IMG/center_2026_08_28_23_39_17_927.jpg,data/IMG/left_2026_08_28_23_39_17_927.jpg,data/IMG/right_2026_08_28_23_39_17_927.jpg,-0.15,1.0,0.0,30.18452
data/IMG/center_2026_08_28_23_39_17_994.jpg,data/IMG/left_2026_08_28_23_39_17_994.jpg,data/IMG/right_2026_08_28_23_39_17_994.jpg,-0.35,1.0,0.0,30.16369
data/IMG/center_2026_08_28_23_39_18_338.jpg,data/IMG/left_2026_08_28_23_39_18_338.jpg,data/IMG/right_2026_08_28_23_39_18_338.jpg,-0.05,1.0,0.0,30.18989
data/IMG/center_2026_08_28_23_39_18_405.jpg,data/IMG/left_2026_08_28_23_39_18_405.jpg,data/IMG/right_2026_08_28_23_39_18_405.jpg,-0.2,1.0,0.0,30.18069
data/IMG/center_2026_08_28_23_39_18_472.jpg,data/IMG/left_2026_08_28_23_39_18_472.jpg,data/IMG/right_2026_08_28_23_39_18_472.jpg,-0.35,1.0,0.0,30.16428
data/IMG/center_2026_08_28_23_39_18_815.jpg,data/IMG/left_2026_08_28_23_39_18_815.jpg,data/IMG/right_2026_08_28_23_39_18_815.jpg,-0.05,1.0,0.0,30.18982
data/IMG/center_2026_08_28_23_39_18_885.jpg,data/IMG/left_2026_08_28_23_39_18_885.jpg,data/IMG/right_2026_08_28_23_39_18_885.jpg,-0.2,1.0,0.0,30.18035
data/IMG/center_2026_08_28_23_39_19_298.jpg,data/IMG/left_2026_08_28_23_39_19_298.jpg,data/IMG/right_2026_08_28_23_39_19_298.jpg,-0.05,1.0,0.0,30.18981
data/IMG/center_2026_08_28_23_39_19_367.jpg,data/IMG/left_2026_08_28_23_39_19_367.jpg,data/IMG/right_2026_08_28_23_39_19_367.jpg,-0.2,1.0,0.0,30.18012
data/IMG/center_2026_08_28_23_39_19_435.jpg,data/IMG/left_2026_08_28_23_39_19_435.jpg,data/IMG/right_2026_08_28_23_39_19_435.jpg,-0.4,1.0,0.0,30.15749
data/IMG/center_2026_08_28_23_39_19_779.jpg,data/IMG/left_2026_08_28_23_39_19_779.jpg,data/IMG/right_2026_08_28_23_39_19_779.jpg,-0.15,1.0,0.0,30.18548
data/IMG/center_2026_08_28_23_39_19_847.jpg,data/IMG/left_2026_08_28_23_39_19_847.jpg,data/IMG/right_2026_08_28_23_39_19_847.jpg,-0.3,1.0,0.0,30.17064
data/IMG/center_2026_08_28_23_39_20_458.jpg,data/IMG/left_2026_08_28_23_39_20_458.jpg,data/IMG/right_2026_08_28_23_39_20_458.jpg,-0.2,1.0,0.0,30.17996
data/IMG/center_2026_08_28_23_39_20_526.jpg,data/IMG/left_2026_08_28_23_39_20_526.jpg,data/IMG/right_2026_08_28_23_39_20_526.jpg,-0.35,1.0,0.0,30.16347
data/IMG/center_2026_08_28_23_39_21_220.jpg,data/IMG/left_2026_08_28_23_39_21_220.jpg,data/IMG/right_2026_08_28_23_39_21_220.jpg,-0.2,1.0,0.0,30.17982
data/IMG/center_2026_08_28_23_39_21_289.jpg,data/IMG/left_2026_08_28_23_39_21_289.jpg,data/IMG/right_2026_08_28_23_39_21_289.jpg,-0.35,1.0,0.0,30.16345
data/IMG/center_2026_08_28_23_39_21_695.jpg,data/IMG/left_2026_08_28_23_39_21_695.jpg,data/IMG/right_2026_08_28_23_39_21_695.jpg,-0.05,1.0,0.0,30.18987
data/IMG/center_2026_08_28_23_39_21_764.jpg,data/IMG/left_2026_08_28_23_39_21_764.jpg,data/IMG/right_2026_08_28_23_39_21_764.jpg,-0.2,1.0,0.0,30.18041
data/IMG/center_2026_08_28_23_39_21_831.jpg,data/IMG/left_2026_08_28_23_39_21_831.jpg,data/IMG/right_2026_08_28_23_39_21_831.jpg,-0.35,1.0,0.0,30.164
data/IMG/center_2026_08_28_23_39_22_309.jpg,data/IMG/left_2026_08_28_23_39_22_309.jpg,data/IMG/right_2026_08_28_23_39_22_309.jpg,-0.1,1.0,0.0,30.18782
data/IMG/center_2026_08_28_23_39_22_378.jpg,data/IMG/left_2026_08_28_23_39_22_378.jpg,data/IMG/right_2026_08_28_23_39_22_378.jpg,-0.3,1.0,0.0,30.16943
data/IMG/center_2026_08_28_23_39_22_515.jpg,data/IMG/left_2026_08_28_23_39_22_515.jpg,data/IMG/right_2026_08_28_23_39_22_515.jpg,0.0,1.0,0.0,30.18971
data/IMG/center_2026_08_28_23_39_22_997.jpg,data/IMG/left_2026_08_28_23_39_22_997.jpg,data/IMG/right_2026_08_28_23_39_22_997.jpg,-0.1,1.0,0.0,30.18767
data/IMG/center_2026_08_28_23_39_23_203.jpg,data/IMG/left_2026_08_28_23_39_23_203.jpg,data/IMG/right_2026_08_28_23_39_23_203.jpg,0.0,1.0,0.0,30.19027
data/IMG/center_2026_08_28_23_39_23_341.jpg,data/IMG/left_2026_08_28_23_39_23_341.jpg,data/IMG/right_2026_08_28_23_39_23_341.jpg,-0.05,1.0,0.0,30.1898
data/IMG/center_2026_08_28_23_39_23_408.jpg,data/IMG/left_2026_08_28_23_39_23_408.jpg,data/IMG/right_2026_08_28_23_39_23_408.jpg,-0.2,1.0,0.0,30.18021
data/IMG/center_2026_08_28_23_39_23_819.jpg,data/IMG/left_2026_08_28_23_39_23_819.jpg,data/IMG/right_2026_08_28_23_39_23_819.jpg,-0.1,1.0,0.0,30.18813
data/IMG/center_2026_08_28_23_39_24_362.jpg,data/IMG/left_2026_08_28_23_39_24_362.jpg,data/IMG/right_2026_08_28_23_39_24_362.jpg,-0.2,1.0,0.0,30.17991
data/IMG/center_2026_08_28_23_39_24_431.jpg,data/IMG/left_2026_08_28_23_39_24_431.jpg,data/IMG/right_2026_08_28_23_39_24_431.jpg,-0.35,1.0,0.0,30.16351
data/IMG/center_2026_08_28_23_39_24_972.jpg,data/IMG/left_2026_08_28_23_39_24_972.jpg,data/IMG/right_2026_08_28_23_39_24_972.jpg,0.0,1.0,0.0,30.19032
data/IMG/center_2026_08_28_23_39_25_310.jpg,data/IMG/left_2026_08_28_23_39_25_310.jpg,data/IMG/right_2026_08_28_23_39_25_310.jpg,-0.05,1.0,0.0,30.18958
data/IMG/center_2026_08_28_23_39_25_378.jpg,data/IMG/left_2026_08_28_23_39_25_378.jpg,data/IMG/right_2026_08_28_23_39_25_378.jpg,-0.25,1.0,0.0,30.17481
data/IMG/center_2026_08_28_23_39_25_447.jpg,data/IMG/left_2026_08_28_23_39_25_447.jpg,data/IMG/right_2026_08_28_23_39_25_447.jpg,-0.4,1.0,0.0,30.15775
data/IMG/center_2026_08_28_23_39_26_606.jpg,data/IMG/left_2026_08_28_23_39_26_606.jpg,data/IMG/right_2026_08_28_23_39_26_606.jpg,0.0,1.0,0.0,30.19029
data/IMG/center_2026_08_28_23_39_26_877.jpg,data/IMG/left_2026_08_28_23_39_26_877.jpg,data/IMG/right_2026_08_28_23_39_26_877.jpg,0.0,1.0,0.0,30.1903
data/IMG/center_2026_08_28_23_39_28_232.jpg,data/IMG/left_2026_08_28_23_39_28_232.jpg,data/IMG/right_2026_08_28_23_39_28_232.jpg,0.0,1.0,0.0,30.19029
data/IMG/center_2026_08_28_23_39_28_504.jpg,data/IMG/left_2026_08_28_23_39_28_504.jpg,data/IMG/right_2026_08_28_23_39_28_504.jpg,-0.05,1.0,0.0,30.18971
data/IMG/center_2026_08_28_23_39_28_572.jpg,data/IMG/left_2026_08_28_23_39_28_572.jpg,data/IMG/right_2026_08_28_23_39_28_572.jpg,-0.2,1.0,0.0,30.1798
data/IMG/center_2026_08_28_23_39_28_639.jpg,data/IMG/left_2026_08_28_23_39_28_639.jpg,data/IMG/right_2026_08_28_23_39_28_639.jpg,-0.4,1.0,0.0,30.15751
data/IMG/center_2026_08_28_23_39_28_707.jpg,data/IMG/left_2026_08_28_23_39_28_707.jpg,data/IMG/right_2026_08_28_23_39_28_707.jpg,-0.5500001,1.0,0.0,30.13924
data/IMG/center_2026_08_28_23_39_29_587.jpg,data/IMG/left_2026_08_28_23_39_29_587.jpg,data/IMG/right_2026_08_28_23_39_29_587.jpg,0.0,1.0,0.0,30.19029
data/IMG/center_2026_08_28_23_39_29_857.jpg,data/IMG/left_2026_08_28_23_39_29_857.jpg,data/IMG/right_2026_08_28_23_39_29_857.jpg,0.15,1.0,0.0,30.18427
data/IMG/center_2026_08_28_23_39_32_033.jpg,data/IMG/left_2026_08_28_23_39_32_033.jpg,data/IMG/right_2026_08_28_23_39_32_033.jpg,0.0,1.0,0.0,30.1903
data/IMG/center_2026_08_28_23_39_32_237.jpg,data/IMG/left_2026_08_28_23_39_32_237.jpg,data/IMG/right_2026_08_28_23_39_32_237.jpg,-0.2,1.0,0.0,30.17984
data/IMG/center_2026_08_28_23_39_32_305.jpg,data/IMG/left_2026_08_28_23_39_32_305.jpg,data/IMG/right_2026_08_28_23_39_32_305.jpg,-0.35,1.0,0.0,30.16346
data/IMG/center_2026_08_28_23_39_32_374.jpg,data/IMG/left_2026_08_28_23_39_32_374.jpg,data/IMG/right_2026_08_28_23_39_32_374.jpg,-0.5500001,1.0,0.0,30.13971
data/IMG/center_2026_08_28_23_39_32_509.jpg,data/IMG/left_2026_08_28_23_39_32_509.jpg,data/IMG/right_2026_08_28_23_39_32_509.jpg,0.0,1.0,0.0,30.18881
data/IMG/center_2026_08_28_23_39_33_458.jpg,data/IMG/left_2026_08_28_23_39_33_458.jpg,data/IMG/right_2026_08_28_23_39_33_458.jpg,0.0,1.0,0.0,30.19027
data/IMG/center_2026_08_28_23_39_33_597.jpg,data/IMG/left_2026_08_28_23_39_33_597.jpg,data/IMG/right_2026_08_28_23_39_33_597.jpg,0.1,1.0,0.0,30.1877
data/IMG/center_2026_08_28_23_39_34_825.jpg,data/IMG/left_2026_08_28_23_39_34_825.jpg,data/IMG/right_2026_08_28_23_39_34_825.jpg,0.0,1.0,0.0,30.19029
data/IMG/center_2026_08_28_23_39_35_301.jpg,data/IMG/left_2026_08_28_23_39_35_301.jpg,data/IMG/right_2026_08_28_23_39_35_301.jpg,0.0,1.0,0.0,30.19029
data/IMG/center_2026_08_28_23_39_35_708.jpg,data/IMG/left_2026_08_28_23_39_35_708.jpg,data/IMG/right_2026_08_28_23_39_35_708.jpg,0.0,1.0,0.0,30.19044
data/IMG/center_2026_08_28_23_39_36_320.jpg,data/IMG/left_2026_08_28_23_39_36_320.jpg,data/IMG/right_2026_08_28_23_39_36_320.jpg,-0.2,1.0,0.0,30.17994
data/IMG/center_2026_08_28_23_39_36_389.jpg,data/IMG/left_2026_08_28_23_39_36_389.jpg,data/IMG/right_2026_08_28_23_39_36_389.jpg,-0.35,1.0,0.0,30.1638
data/IMG/center_2026_08_28_23_39_37_754.jpg,data/IMG/left_2026_08_28_23_39_37_754.jpg,data/IMG/right_2026_08_28_23_39_37_754.jpg,0.0,1.0,0.0,30.1903
data/IMG/center_2026_08_28_23_39_38_097.jpg,data/IMG/left_2026_08_28_23_39_38_097.jpg,data/IMG/right_2026_08_28_23_39_38_097.jpg,0.0,1.0,0.0,30.19027
data/IMG/center_2026_08_28_23_39_38_442.jpg,data/IMG/left_2026_08_28_23_39_38_442.jpg,data/IMG/right_2026_08_28_23_39_38_442.jpg,0.0,1.0,0.0,30.19031
data/IMG/center_2026_08_28_23_39_39_264.jpg,data/IMG/left_2026_08_28_23_39_39_264.jpg,data/IMG/right_2026_08_28_23_39_39_264.jpg,-0.05,1.0,0.0,30.18973
data/IMG/center_2026_08_28_23_39_39_331.jpg,data/IMG/left_2026_08_28_23_39_39_331.jpg,data/IMG/right_2026_08_28_23_39_39_331.jpg,-0.2,1.0,0.0,30.17982
data/IMG/center_2026_08_28_23_39_39_401.jpg,data/IMG/left_2026_08_28_23_39_39_401.jpg,data/IMG/right_2026_08_28_23_39_39_401.jpg,-0.4,1.0,0.0,30.15749
data/IMG/center_2026_08_28_23_39_41_860.jpg,data/IMG/left_2026_08_28_23_39_41_860.jpg,data/IMG/right_2026_08_28_23_39_41_860.jpg,0.0,1.0,0.0,30.19029
data/IMG/center_2026_08_28_23_39_44_047.jpg,data/IMG/left_2026_08_28_23_39_44_047.jpg,data/IMG/right_2026_08_28_23_39_44_047.jpg,-0.1,1.0,0.0,30.18771
data/IMG/center_2026_08_28_23_39_44_116.jpg,data/IMG/left_2026_08_28_23_39_44_116.jpg,data/IMG/right_2026_08_28_23_39_44_116.jpg,-0.3,1.0,0.0,30.16904
data/IMG/center_2026_08_28_23_39_44_186.jpg,data/IMG/left_2026_08_28_23_39_44_186.jpg,data/IMG/right_2026_08_28_23_39_44_186.jpg,-0.45,1.0,0.0,30.1515
data/IMG/center_2026_08_28_23_39_44_253.jpg,data/IMG/left_2026_08_28_23_39_44_253.jpg,data/IMG/right_2026_08_28_23_39_44_253.jpg,-0.6500001,1.0,0.0,30.12765
data/IMG/center_2026_08_28_23_39_44_664.jpg,data/IMG/left_2026_08_28_23_39_44_664.jpg,data/IMG/right_2026_08_28_23_39_44_664.jpg,0.0,1.0,0.0,30.19029
data/IMG/center_2026_08_28_23_39_44_801.jpg,data/IMG/left_2026_08_28_23_39_44_801.jpg,data/IMG/right_2026_08_28_23_39_44_801.jpg,0.1,1.0,0.0,30.1875
data/IMG/center_2026_08_28_23_39_46_103.jpg,data/IMG/left_2026_08_28_23_39_46_103.jpg,data/IMG/right_2026_08_28_23_39_46_103.jpg,0.0,1.0,0.0,30.19027
data/IMG/center_2026_08_28_23_39_47_202.jpg,data/IMG/left_2026_08_28_23_39_47_202.jpg,data/IMG/right_2026_08_28_23_39_47_202.jpg,-0.1,1.0,0.0,30.18768
data/IMG/center_2026_08_28_23_39_47_269.jpg,data/IMG/left_2026_08_28_23_39_47_269.jpg,data/IMG/right_2026_08_28_23_39_47_269.jpg,-0.25,1.0,0.0,30.17474
data/IMG/center_2026_08_28_23_39_47_336.jpg,data/IMG/left_2026_08_28_23_39_47_336.jpg,data/IMG/right_2026_08_28_23_39_47_336.jpg,-0.45,1.0,0.0,30.15149
data/IMG/center_2026_08_28_23_39_47_680.jpg,data/IMG/left_2026_08_28_23_39_47_680.jpg,data/IMG/right_2026_08_28_23_39_47_680.jpg,-0.05,1.0,0.0,30.19001
data/IMG/center_2026_08_28_23_39_47_748.jpg,data/IMG/left_2026_08_28_23_39_47_748.jpg,data/IMG/right_2026_08_28_23_39_47_748.jpg,-0.2,1.0,0.0,30.18141
data/IMG/center_2026_08_28_23_39_47_816.jpg,data/IMG/left_2026_08_28_23_39_47_816.jpg,data/IMG/right_2026_08_28_23_39_47_816.jpg,-0.4,1.0,0.0,30.15877
data/IMG/center_2026_08_28_23_39_49_794.jpg,data/IMG/left_2026_08_28_23_39_49_794.jpg,data/IMG/right_2026_08_28_23_39_49_794.jpg,-0.2,1.0,0.0,30.17984
data/IMG/center_2026_08_28_23_39_49_861.jpg,data/IMG/left_2026_08_28_23_39_49_861.jpg,data/IMG/right_2026_08_28_23_39_49_861.jpg,-0.35,1.0,0.0,30.16347
data/IMG/center_2026_08_28_23_39_49_930.jpg,data/IMG/left_2026_08_28_23_39_49_930.jpg,data/IMG/right_2026_08_28_23_39_49_930.jpg,-0.5000001,1.0,0.0,30.1454
data/IMG/center_2026_08_28_23_39_49_997.jpg,data/IMG/left_2026_08_28_23_39_49_997.jpg,data/IMG/right_2026_08_28_23_39_49_997.jpg,-0.7,1.0,0.0,30.12107
data/IMG/center_2026_08_28_23_39_51_156.jpg,data/IMG/left_2026_08_28_23_39_51_156.jpg,data/IMG/right_2026_08_28_23_39_51_156.jpg,-0.15,1.0,0.0,30.18422
data/IMG/center_2026_08_28_23_39_51_224.jpg,data/IMG/left_2026_08_28_23_39_51_224.jpg,data/IMG/right_2026_08_28_23_39_51_224.jpg,-0.3,1.0,0.0,30.1692
data/IMG/center_2026_08_28_23_39_51_291.jpg,data/IMG/left_2026_08_28_23_39_51_291.jpg,data/IMG/right_2026_08_28_23_39_51_291.jpg,-0.45,1.0,0.0,30.15144
data/IMG/center_2026_08_28_23_39_51_358.jpg,data/IMG/left_2026_08_28_23_39_51_358.jpg,data/IMG/right_2026_08_28_23_39_51_358.jpg,-0.6500001,1.0,0.0,30.12707
data/IMG/center_2026_08_28_23_39_52_309.jpg,data/IMG/left_2026_08_28_23_39_52_309.jpg,data/IMG/right_2026_08_28_23_39_52_309.jpg,-0.1,1.0,0.0,30.18762
data/IMG/center_2026_08_28_23_39_52_380.jpg,data/IMG/left_2026_08_28_23_39_52_380.jpg,data/IMG/right_2026_08_28_23_39_52_380.jpg,-0.3,1.0,0.0,30.1692
data/IMG/center_2026_08_28_23_39_52_447.jpg,data/IMG/left_2026_08_28_23_39_52_447.jpg,data/IMG/right_2026_08_28_23_39_52_447.jpg,-0.45,1.0,0.0,30.15143
data/IMG/center_2026_08_28_23_39_53_056.jpg,data/IMG/left_2026_08_28_23_39_53_056.jpg,data/IMG/right_2026_08_28_23_39_53_056.jpg,-0.1,1.0,0.0,30.18781
data/IMG/center_2026_08_28_23_39_53_125.jpg,data/IMG/left_2026_08_28_23_39_53_125.jpg,data/IMG/right_2026_08_28_23_39_53_125.jpg,-0.25,1.0,0.0,30.17509
data/IMG/center_2026_08_28_23_39_53_192.jpg,data/IMG/left_2026_08_28_23_39_53_192.jpg,data/IMG/right_2026_08_28_23_39_53_192.jpg,-0.4,1.0,0.0,30.15757
data/IMG/center_2026_08_28_23_39_53_259.jpg,data/IMG/left_2026_08_28_23_39_53_259.jpg,data/IMG/right_2026_08_28_23_39_53_259.jpg,-0.6000001,1.0,0.0,30.13317
data/IMG/center_2026_08_28_23_39_53_944.jpg,data/IMG/left_2026_08_28_23_39_53_944.jpg,data/IMG/right_2026_08_28_23_39_53_944.jpg,-0.1,1.0,0.0,30.18767
data/IMG/center_2026_08_28_23_39_54_011.jpg,data/IMG/left_2026_08_28_23_39_54_011.jpg,data/IMG/right_2026_08_28_23_39_54_011.jpg,-0.25,1.0,0.0,30.17476
data/IMG/center_2026_08_28_23_39_54_079.jpg,data/IMG/left_2026_08_28_23_39_54_079.jpg,data/IMG/right_2026_08_28_23_39_54_079.jpg,-0.45,1.0,0.0,30.1514
data/IMG/center_2026_08_28_23_39_54_554.jpg,data/IMG/left_2026_08_28_23_39_54_554.jpg,data/IMG/right_2026_08_28_23_39_54_554.jpg,-0.15,1.0,0.0,30.18463
data/IMG/center_2026_08_28_23_39_54_622.jpg,data/IMG/left_2026_08_28_23_39_54_622.jpg,data/IMG/right_2026_08_28_23_39_54_622.jpg,-0.3,1.0,0.0,30.16967
data/IMG/center_2026_08_28_23_39_54_965.jpg,data/IMG/left_2026_08_28_23_39_54_965.jpg,data/IMG/right_2026_08_28_23_39_54_965.jpg,-0.1,1.0,0.0,30.18845
data/IMG/center_2026_08_28_23_39_55_032.jpg,data/IMG/left_2026_08_28_23_39_55_032.jpg,data/IMG/right_2026_08_28_23_39_55_032.jpg,-0.25,1.0,0.0,30.17598
data/IMG/center_2026_08_28_23_39_55_099.jpg,data/IMG/left_2026_08_28_23_39_55_099.jpg,data/IMG/right_2026_08_28_23_39_55_099.jpg,0.0,1.0,0.0,30.18172
data/IMG/center_2026_08_28_23_39_55_302.jpg,data/IMG/left_2026_08_28_23_39_55_302.jpg,data/IMG/right_2026_08_28_23_39_55_302.jpg,-0.1,1.0,0.0,30.18941
data/IMG/center_2026_08_28_23_39_55_371.jpg,data/IMG/left_2026_08_28_23_39_55_371.jpg,data/IMG/right_2026_08_28_23_39_55_371.jpg,-0.25,1.0,0.0,30.17714
data/IMG/center_2026_08_28_23_39_55_439.jpg,data/IMG/left_2026_08_28_23_39_55_439.jpg,data/IMG/right_2026_08_28_23_39_55_439.jpg,-0.45,1.0,0.0,30.15323
data/IMG/center_2026_08_28_23_39_55_985.jpg,data/IMG/left_2026_08_28_23_39_55_985.jpg,data/IMG/right_2026_08_28_23_39_55_985.jpg,-0.05,1.0,0.0,30.19008
data/IMG/center_2026_08_28_23_39_56_054.jpg,data/IMG/left_2026_08_28_23_39_56_054.jpg,data/IMG/right_2026_08_28_23_39_56_054.jpg,-0.25,1.0,0.0,30.17486
data/IMG/center_2026_08_28_23_39_56_121.jpg,data/IMG/left_2026_08_28_23_39_56_121.jpg,data/IMG/right_2026_08_28_23_39_56_121.jpg,-0.4,1.0,0.0,30.15755
data/IMG/center_2026_08_28_23_39_56_534.jpg,data/IMG/left_2026_08_28_23_39_56_534.jpg,data/IMG/right_2026_08_28_23_39_56_534.jpg,-0.15,1.0,0.0,30.18486
data/IMG/center_2026_08_28_23_39_56_602.jpg,data/IMG/left_2026_08_28_23_39_56_602.jpg,data/IMG/right_2026_08_28_23_39_56_602.jpg,-0.3,1.0,0.0,30.1699
data/IMG/center_2026_08_28_23_39_57_016.jpg,data/IMG/left_2026_08_28_23_39_57_016.jpg,data/IMG/right_2026_08_28_23_39_57_016.jpg,-0.15,1.0,0.0,30.18449
data/IMG/center_2026_08_28_23_39_57_086.jpg,data/IMG/left_2026_08_28_23_39_57_086.jpg,data/IMG/right_2026_08_28_23_39_57_086.jpg,-0.3,1.0,0.0,30.16956
data/IMG/center_2026_08_28_23_39_57_363.jpg,data/IMG/left_2026_08_28_23_39_57_363.jpg,data/IMG/right_2026_08_28_23_39_57_363.jpg,0.0,1.0,0.0,30.19024
data/IMG/center_2026_08_28_23_39_57_567.jpg,data/IMG/left_2026_08_28_23_39_57_567.jpg,data/IMG/right_2026_08_28_23_39_57_567.jpg,-0.1,1.0,0.0,30.18793
data/IMG/center_2026_08_28_23_39_57_637.jpg,data/IMG/left_2026_08_28_23_39_57_637.jpg,data/IMG/right_2026_08_28_23_39_57_637.jpg,-0.3,1.0,0.0,30.16958
data/IMG/center_2026_08_28_23_39_57_704.jpg,data/IMG/left_2026_08_28_23_39_57_704.jpg,data/IMG/right_2026_08_28_23_39_57_704.jpg,-0.45,1.0,0.0,30.15167
data/IMG/center_2026_08_28_23_39_58_458.jpg,data/IMG/left_2026_08_28_23_39_58_458.jpg,data/IMG/right_2026_08_28_23_39_58_458.jpg,0.0,1.0,0.0,30.19032
data/IMG/center_2026_08_28_23_39_58_663.jpg,data/IMG/left_2026_08_28_23_39_58_663.jpg,data/IMG/right_2026_08_28_23_39_58_663.jpg,0.0,1.0,0.0,30.1903
data/IMG/center_2026_08_28_23_39_58_800.jpg,data/IMG/left_2026_08_28_23_39_58_800.jpg,data/IMG/right_2026_08_28_23_39_58_800.jpg,0.0,1.0,0.0,30.19028
data/IMG/center_2026_08_28_23_39_59_146.jpg,data/IMG/left_2026_08_28_23_39_59_146.jpg,data/IMG/right_2026_08_28_23_39_59_146.jpg,-0.05,1.0,0.0,30.18974
data/IMG/center_2026_08_28_23_39_59_213.jpg,data/IMG/left_2026_08_28_23_39_59_213.jpg,data/IMG/right_2026_08_28_23_39_59_213.jpg,-0.2,1.0,0.0,30.17984
data/IMG/center_2026_08_28_23_39_59_283.jpg,data/IMG/left_2026_08_28_23_39_59_283.jpg,data/IMG/right_2026_08_28_23_39_59_283.jpg,-0.4,1.0,0.0,30.15752
data/IMG/center_2026_08_28_23_39_59_350.jpg,data/IMG/left_2026_08_28_23_39_59_350.jpg,data/IMG/right_2026_08_28_23_39_59_350.jpg,-0.5500001,1.0,0.0,30.13922
data/IMG/center_2026_08_28_23_40_00_101.jpg,data/IMG/left_2026_08_28_23_40_00_101.jpg,data/IMG/right_2026_08_28_23_40_00_101.jpg,0.0,1.0,0.0,30.19027
data/IMG/center_2026_08_28_23_40_00_933.jpg,data/IMG/left_2026_08_28_23_40_00_933.jpg,data/IMG/right_2026_08_28_23_40_00_933.jpg,0.0,1.0,0.0,30.19027
data/IMG/center_2026_08_28_23_40_01_413.jpg,data/IMG/left_2026_08_28_23_40_01_413.jpg,data/IMG/right_2026_08_28_23_40_01_413.jpg,0.0,1.0,0.0,30.19033
data/IMG/center_2026_08_28_23_40_01_617.jpg,data/IMG/left_2026_08_28_23_40_01_617.jpg,data/IMG/right_2026_08_28_23_40_01_617.jpg,-0.1,1.0,0.0,30.18766
data/IMG/center_2026_08_28_23_40_01_684.jpg,data/IMG/left_2026_08_28_23_40_01_684.jpg,data/IMG/right_2026_08_28_23_40_01_684.jpg,-0.25,1.0,0.0,30.17475
data/IMG/center_2026_08_28_23_40_01_753.jpg,data/IMG/left_2026_08_28_23_40_01_753.jpg,data/IMG/right_2026_08_28_23_40_01_753.jpg,-0.4,1.0,0.0,30.15753
data/IMG/center_2026_08_28_23_40_02_647.jpg,data/IMG/left_2026_08_28_23_40_02_647.jpg,data/IMG/right_2026_08_28_23_40_02_647.jpg,-0.1,1.0,0.0,30.18764
data/IMG/center_2026_08_28_23_40_03_331.jpg,data/IMG/left_2026_08_28_23_40_03_331.jpg,data/IMG/right_2026_08_28_23_40_03_331.jpg,0.0,1.0,0.0,30.19029
data/IMG/center_2026_08_28_23_40_03_679.jpg,data/IMG/left_2026_08_28_23_40_03_679.jpg,data/IMG/right_2026_08_28_23_40_03_679.jpg,-0.1,1.0,0.0,30.24047
data/IMG/center_2026_08_28_23_40_03_750.jpg,data/IMG/left_2026_08_28_23_40_03_750.jpg,data/IMG/right_2026_08_28_23_40_03_750.jpg,-0.25,1.0,0.0,30.21799
data/IMG/center_2026_08_28_23_40_03_820.jpg,data/IMG/left_2026_08_28_23_40_03_820.jpg,data/IMG/right_2026_08_28_23_40_03_820.jpg,0.0,1.0,0.0,30.18527
data/IMG/center_2026_08_28_23_40_07_330.jpg,data/IMG/left_2026_08_28_23_40_07_330.jpg,data/IMG/right_2026_08_28_23_40_07_330.jpg,0.0,1.0,0.0,30.18995
data/IMG/center_2026_08_28_23_40_07_397.jpg,data/IMG/left_2026_08_28_23_40_07_397.jpg,data/IMG/right_2026_08_28_23_40_07_397.jpg,0.0,1.0,0.0,30.18992
data/IMG/center_2026_08_28_23_40_07_740.jpg,data/IMG/left_2026_08_28_23_40_07_740.jpg,data/IMG/right_2026_08_28_23_40_07_740.jpg,0.0,1.0,0.0,30.18994
data/IMG/center_2026_08_28_23_40_10_924.jpg,data/IMG/left_2026_08_28_23_40_10_924.jpg,data/IMG/right_2026_08_28_23_40_10_924.jpg,0.0,1.0,0.0,30.18995
data/IMG/center_2026_08_28_23_40_10_994.jpg,data/IMG/left_2026_08_28_23_40_10_994.jpg,data/IMG/right_2026_08_28_23_40_10_994.jpg,-0.2,1.0,0.0,30.17963
data/IMG/center_2026_08_28_23_40_11_071.jpg,data/IMG/left_2026_08_28_23_40_11_071.jpg,data/IMG/right_2026_08_28_23_40_11_071.jpg,-0.35,1.0,0.0,30.16337
data/IMG/center_2026_08_28_23_40_11_279.jpg,data/IMG/left_2026_08_28_23_40_11_279.jpg,data/IMG/right_2026_08_28_23_40_11_279.jpg,0.0,1.0,0.0,30.18996
data/IMG/center_2026_08_28_23_40_11_757.jpg,data/IMG/left_2026_08_28_23_40_11_757.jpg,data/IMG/right_2026_08_28_23_40_11_757.jpg,0.0,1.0,0.0,30.06204
data/IMG/center_2026_08_28_23_40_11_830.jpg,data/IMG/left_2026_08_28_23_40_11_830.jpg,data/IMG/right_2026_08_28_23_40_11_830.jpg,0.0,1.0,0.0,30.63514
data/IMG/center_2026_08_28_23_40_12_246.jpg,data/IMG/left_2026_08_28_23_40_12_246.jpg,data/IMG/right_2026_08_28_23_40_12_246.jpg,0.0,1.0,0.0,30.1899
data/IMG/center_2026_08_28_23_40_12_944.jpg,data/IMG/left_2026_08_28_23_40_12_944.jpg,data/IMG/right_2026_08_28_23_40_12_944.jpg,-0.15,1.0,0.0,30.18424
data/IMG/center_2026_08_28_23_40_13_434.jpg,data/IMG/left_2026_08_28_23_40_13_434.jpg,data/IMG/right_2026_08_28_23_40_13_434.jpg,-0.1,1.0,0.0,30.18785
data/IMG/center_2026_08_28_23_40_13_501.jpg,data/IMG/left_2026_08_28_23_40_13_501.jpg,data/IMG/right_2026_08_28_23_40_13_501.jpg,-0.25,1.0,0.0,30.17499
data/IMG/center_2026_08_28_23_40_13_568.jpg,data/IMG/left_2026_08_28_23_40_13_568.jpg,data/IMG/right_2026_08_28_23_40_13_568.jpg,-0.4,1.0,0.0,30.15768
data/IMG/center_2026_08_28_23_40_13_847.jpg,data/IMG/left_2026_08_28_23_40_13_847.jpg,data/IMG/right_2026_08_28_23_40_13_847.jpg,0.0,1.0,0.0,30.19024
data/IMG/center_2026_08_28_23_40_14_118.jpg,data/IMG/left_2026_08_28_23_40_14_118.jpg,data/IMG/right_2026_08_28_23_40_14_118.jpg,0.0,1.0,0.0,30.19028
data/IMG/center_2026_08_28_23_40_14_188.jpg,data/IMG/left_2026_08_28_23_40_14_188.jpg,data/IMG/right_2026_08_28_23_40_14_188.jpg,-0.15,1.0,0.0,30.18427
data/IMG/center_2026_08_28_23_40_14_257.jpg,data/IMG/left_2026_08_28_23_40_14_257.jpg,data/IMG/right_2026_08_28_23_40_14_257.jpg,-0.35,1.0,0.0,30.16348
data/IMG/center_2026_08_28_23_40_14_884.jpg,data/IMG/left_2026_08_28_23_40_14_884.jpg,data/IMG/right_2026_08_28_23_40_14_884.jpg,-0.05,1.0,0.0,30.18971
data/IMG/center_2026_08_28_23_40_14_955.jpg,data/IMG/left_2026_08_28_23_40_14_955.jpg,data/IMG/right_2026_08_28_23_40_14_955.jpg,-0.25,1.0,0.0,30.17472
data/IMG/center_2026_08_28_23_40_15_022.jpg,data/IMG/left_2026_08_28_23_40_15_022.jpg,data/IMG/right_2026_08_28_23_40_15_022.jpg,-0.4,1.0,0.0,30.15749
data/IMG/center_2026_08_28_23_40_15_089.jpg,data/IMG/left_2026_08_28_23_40_15_089.jpg,data/IMG/right_2026_08_28_23_40_15_089.jpg,-0.5500001,1.0,0.0,30.13923
data/IMG/center_2026_08_28_23_40_15_503.jpg,data/IMG/left_2026_08_28_23_40_15_503.jpg,data/IMG/right_2026_08_28_23_40_15_503.jpg,-0.1,1.0,0.0,30.18826
data/IMG/center_2026_08_28_23_40_15_572.jpg,data/IMG/left_2026_08_28_23_40_15_572.jpg,data/IMG/right_2026_08_28_23_40_15_572.jpg,-0.25,1.0,0.0,30.17556
data/IMG/center_2026_08_28_23_40_15_642.jpg,data/IMG/left_2026_08_28_23_40_15_642.jpg,data/IMG/right_2026_08_28_23_40_15_642.jpg,-0.45,1.0,0.0,30.15204
data/IMG/center_2026_08_28_23_40_15_921.jpg,data/IMG/left_2026_08_28_23_40_15_921.jpg,data/IMG/right_2026_08_28_23_40_15_921.jpg,-0.15,1.0,0.0,30.18647
data/IMG/center_2026_08_28_23_40_15_991.jpg,data/IMG/left_2026_08_28_23_40_15_991.jpg,data/IMG/right_2026_08_28_23_40_15_991.jpg,-0.3,1.0,0.0,30.17249
data/IMG/center_2026_08_28_23_40_16_064.jpg,data/IMG/left_2026_08_28_23_40_16_064.jpg,data/IMG/right_2026_08_28_23_40_16_064.jpg,-0.5000001,1.0,0.0,30.14718
data/IMG/center_2026_08_28_23_40_16_135.jpg,data/IMG/left_2026_08_28_23_40_16_135.jpg,data/IMG/right_2026_08_28_23_40_16_135.jpg,-0.7,1.0,0.0,30.12217
data/IMG/center_2026_08_28_23_40_16_346.jpg,data/IMG/left_2026_08_28_23_40_16_346.jpg,data/IMG/right_2026_08_28_23_40_16_346.jpg,-0.05,1.0,0.0,30.18999
data/IMG/center_2026_08_28_23_40_16_419.jpg,data/IMG/left_2026_08_28_23_40_16_419.jpg,data/IMG/right_2026_08_28_23_40_16_419.jpg,-0.25,1.0,0.0,30.17977
data/IMG/center_2026_08_28_23_40_16_624.jpg,data/IMG/left_2026_08_28_23_40_16_624.jpg,data/IMG/right_2026_08_28_23_40_16_624.jpg,-0.1,1.0,0.0,30.18936
data/IMG/center_2026_08_28_23_40_16_696.jpg,data/IMG/left_2026_08_28_23_40_16_696.jpg,data/IMG/right_2026_08_28_23_40_16_696.jpg,-0.3,1.0,0.0,30.17154
data/IMG/center_2026_08_28_23_40_16_763.jpg,data/IMG/left_2026_08_28_23_40_16_763.jpg,data/IMG/right_2026_08_28_23_40_16_763.jpg,-0.45,1.0,0.0,30.15327
data/IMG/center_2026_08_28_23_40_16_832.jpg,data/IMG/left_2026_08_28_23_40_16_832.jpg,data/IMG/right_2026_08_28_23_40_16_832.jpg,-0.6000001,1.0,0.0,30.13393
data/IMG/center_2026_08_28_23_40_16_899.jpg,data/IMG/left_2026_08_28_23_40_16_899.jpg,data/IMG/right_2026_08_28_23_40_16_899.jpg,-0.8000001,1.0,0.0,30.11072
data/IMG/center_2026_08_28_23_40_16_969.jpg,data/IMG/left_2026_08_28_23_40_16_969.jpg,data/IMG/right_2026_08_28_23_40_16_969.jpg,-0.9500002,1.0,0.0,30.0973
data/IMG/center_2026_08_28_23_40_17_180.jpg,data/IMG/left_2026_08_28_23_40_17_180.jpg,data/IMG/right_2026_08_28_23_40_17_180.jpg,0.0,1.0,0.0,30.18907
data/IMG/center_2026_08_28_23_40_17_319.jpg,data/IMG/left_2026_08_28_23_40_17_319.jpg,data/IMG/right_2026_08_28_23_40_17_319.jpg,-0.05,1.0,0.0,30.19015
data/IMG/center_2026_08_28_23_40_17_390.jpg,data/IMG/left_2026_08_28_23_40_17_390.jpg,data/IMG/right_2026_08_28_23_40_17_390.jpg,-0.2,1.0,0.0,30.18134
data/IMG/center_2026_08_28_23_40_17_463.jpg,data/IMG/left_2026_08_28_23_40_17_463.jpg,data/IMG/right_2026_08_28_23_40_17_463.jpg,-0.4,1.0,0.0,30.1597
data/IMG/center_2026_08_28_23_40_17_674.jpg,data/IMG/left_2026_08_28_23_40_17_674.jpg,data/IMG/right_2026_08_28_23_40_17_674.jpg,-0.2,1.0,0.0,30.18394
data/IMG/center_2026_08_28_23_40_17_747.jpg,data/IMG/left_2026_08_28_23_40_17_747.jpg,data/IMG/right_2026_08_28_23_40_17_747.jpg,-0.35,1.0,0.0,30.16539
data/IMG/center_2026_08_28_23_40_17_818.jpg,data/IMG/left_2026_08_28_23_40_17_818.jpg,data/IMG/right_2026_08_28_23_40_17_818.jpg,-0.5500001,1.0,0.0,30.14197
data/IMG/center_2026_08_28_23_40_18_101.jpg,data/IMG/left_2026_08_28_23_40_18_101.jpg,data/IMG/right_2026_08_28_23_40_18_101.jpg,-0.2,1.0,0.0,30.18383
data/IMG/center_2026_08_28_23_40_18_168.jpg,data/IMG/left_2026_08_28_23_40_18_168.jpg,data/IMG/right_2026_08_28_23_40_18_168.jpg,-0.35,1.0,0.0,30.16636
data/IMG/center_2026_08_28_23_40_18_449.jpg,data/IMG/left_2026_08_28_23_40_18_449.jpg,data/IMG/right_2026_08_28_23_40_18_449.jpg,-0.15,1.0,0.0,30.18543
data/IMG/center_2026_08_28_23_40_18_519.jpg,data/IMG/left_2026_08_28_23_40_18_519.jpg,data/IMG/right_2026_08_28_23_40_18_519.jpg,-0.35,1.0,0.0,30.16454
data/IMG/center_2026_08_28_23_40_18_726.jpg,data/IMG/left_2026_08_28_23_40_18_726.jpg,data/IMG/right_2026_08_28_23_40_18_726.jpg,-0.05,1.0,0.0,30.19018
data/IMG/center_2026_08_28_23_40_18_795.jpg,data/IMG/left_2026_08_28_23_40_18_795.jpg,data/IMG/right_2026_08_28_23_40_18_795.jpg,-0.25,1.0,0.0,30.17754
data/IMG/center_2026_08_28_23_40_18_863.jpg,data/IMG/left_2026_08_28_23_40_18_863.jpg,data/IMG/right_2026_08_28_23_40_18_863.jpg,-0.4,1.0,0.0,30.15985
data/IMG/center_2026_08_28_23_40_19_002.jpg,data/IMG/left_2026_08_28_23_40_19_002.jpg,data/IMG/right_2026_08_28_23_40_19_002.jpg,0.0,1.0,0.0,30.18989
data/IMG/center_2026_08_28_23_40_19_070.jpg,data/IMG/left_2026_08_28_23_40_19_070.jpg,data/IMG/right_2026_08_28_23_40_19_070.jpg,0.0,1.0,0.0,30.1902
data/IMG/center_2026_08_28_23_40_19_140.jpg,data/IMG/left_2026_08_28_23_40_19_140.jpg,data/IMG/right_2026_08_28_23_40_19_140.jpg,-0.15,1.0,0.0,30.18573
data/IMG/center_2026_08_28_23_40_19_211.jpg,data/IMG/left_2026_08_28_23_40_19_211.jpg,data/IMG/right_2026_08_28_23_40_19_211.jpg,-0.3,1.0,0.0,30.17094
data/IMG/center_2026_08_28_23_40_19_280.jpg,data/IMG/left_2026_08_28_23_40_19_280.jpg,data/IMG/right_2026_08_28_23_40_19_280.jpg,-0.5000001,1.0,0.0,30.1465
data/IMG/center_2026_08_28_23_40_19_698.jpg,data/IMG/left_2026_08_28_23_40_19_698.jpg,data/IMG/right_2026_08_28_23_40_19_698.jpg,-0.05,1.0,0.0,30.18981
data/IMG/center_2026_08_28_23_40_19_767.jpg,data/IMG/left_2026_08_28_23_40_19_767.jpg,data/IMG/right_2026_08_28_23_40_19_767.jpg,-0.2,1.0,0.0,30.18023
data/IMG/center_2026_08_28_23_40_20_176.jpg,data/IMG/left_2026_08_28_23_40_20_176.jpg,data/IMG/right_2026_08_28_23_40_20_176.jpg,-0.1,1.0,0.0,30.1878
data/IMG/center_2026_08_28_23_40_20_244.jpg,data/IMG/left_2026_08_28_23_40_20_244.jpg,data/IMG/right_2026_08_28_23_40_20_244.jpg,-0.25,1.0,0.0,30.17487
data/IMG/center_2026_08_28_23_40_20_791.jpg,data/IMG/left_2026_08_28_23_40_20_791.jpg,data/IMG/right_2026_08_28_23_40_20_791.jpg,-0.05,1.0,0.0,30.18972
data/IMG/center_2026_08_28_23_40_20_863.jpg,data/IMG/left_2026_08_28_23_40_20_863.jpg,data/IMG/right_2026_08_28_23_40_20_863.jpg,-0.25,1.0,0.0,30.17488
data/IMG/center_2026_08_28_23_40_21_415.jpg,data/IMG/left_2026_08_28_23_40_21_415.jpg,data/IMG/right_2026_08_28_23_40_21_415.jpg,0.0,1.0,0.0,30.19032
data/IMG/center_2026_08_28_23_40_22_225.jpg,data/IMG/left_2026_08_28_23_40_22_225.jpg,data/IMG/right_2026_08_28_23_40_22_225.jpg,-0.05,1.0,0.0,30.18972
data/IMG/center_2026_08_28_23_40_22_296.jpg,data/IMG/left_2026_08_28_23_40_22_296.jpg,data/IMG/right_2026_08_28_23_40_22_296.jpg,-0.25,1.0,0.0,30.17475
data/IMG/center_2026_08_28_23_40_24_331.jpg,data/IMG/left_2026_08_28_23_40_24_331.jpg,data/IMG/right_2026_08_28_23_40_24_331.jpg,0.0,1.0,0.0,30.19028
data/IMG/center_2026_08_28_23_40_24_602.jpg,data/IMG/left_2026_08_28_23_40_24_602.jpg,data/IMG/right_2026_08_28_23_40_24_602.jpg,0.05,1.0,0.0,30.18969
data/IMG/center_2026_08_28_23_40_24_668.jpg,data/IMG/left_2026_08_28_23_40_24_668.jpg,data/IMG/right_2026_08_28_23_40_24_668.jpg,0.2,1.0,0.0,30.17984
data/IMG/center_2026_08_28_23_40_24_737.jpg,data/IMG/left_2026_08_28_23_40_24_737.jpg,data/IMG/right_2026_08_28_23_40_24_737.jpg,0.1,1.0,0.0,30.18918
data/IMG/center_2026_08_28_23_40_25_076.jpg,data/IMG/left_2026_08_28_23_40_25_076.jpg,data/IMG/right_2026_08_28_23_40_25_076.jpg,0.15,1.0,0.0,30.18442
data/IMG/center_2026_08_28_23_40_25_145.jpg,data/IMG/left_2026_08_28_23_40_25_145.jpg,data/IMG/right_2026_08_28_23_40_25_145.jpg,0.3,1.0,0.0,30.16953
data/IMG/center_2026_08_28_23_40_25_212.jpg,data/IMG/left_2026_08_28_23_40_25_212.jpg,data/IMG/right_2026_08_28_23_40_25_212.jpg,0.45,1.0,0.0,30.15177
data/IMG/center_2026_08_28_23_40_25_280.jpg,data/IMG/left_2026_08_28_23_40_25_280.jpg,data/IMG/right_2026_08_28_23_40_25_280.jpg,0.6500001,1.0,0.0,30.12728
data/IMG/center_2026_08_28_23_40_25_549.jpg,data/IMG/left_2026_08_28_23_40_25_549.jpg,data/IMG/right_2026_08_28_23_40_25_549.jpg,0.1,1.0,0.0,30.18969
data/IMG/center_2026_08_28_23_40_25_616.jpg,data/IMG/left_2026_08_28_23_40_25_616.jpg,data/IMG/right_2026_08_28_23_40_25_616.jpg,0.3,1.0,0.0,30.17313
data/IMG/center_2026_08_28_23_40_25_683.jpg,data/IMG/left_2026_08_28_23_40_25_683.jpg,data/IMG/right_2026_08_28_23_40_25_683.jpg,0.45,1.0,0.0,30.1538
data/IMG/center_2026_08_28_23_40_25_956.jpg,data/IMG/left_2026_08_28_23_40_25_956.jpg,data/IMG/right_2026_08_28_23_40_25_956.jpg,0.2,1.0,0.0,30.18294
data/IMG/center_2026_08_28_23_40_26_023.jpg,data/IMG/left_2026_08_28_23_40_26_023.jpg,data/IMG/right_2026_08_28_23_40_26_023.jpg,0.35,1.0,0.0,30.16638
data/IMG/center_2026_08_28_23_40_26_091.jpg,data/IMG/left_2026_08_28_23_40_26_091.jpg,data/IMG/right_2026_08_28_23_40_26_091.jpg,0.5000001,1.0,0.0,30.14824
data/IMG/center_2026_08_28_23_40_26_225.jpg,data/IMG/left_2026_08_28_23_40_26_225.jpg,data/IMG/right_2026_08_28_23_40_26_225.jpg,0.05,1.0,0.0,30.19016
data/IMG/center_2026_08_28_23_40_26_295.jpg,data/IMG/left_2026_08_28_23_40_26_295.jpg,data/IMG/right_2026_08_28_23_40_26_295.jpg,0.25,1.0,0.0,30.18015
data/IMG/center_2026_08_28_23_40_26_362.jpg,data/IMG/left_2026_08_28_23_40_26_362.jpg,data/IMG/right_2026_08_28_23_40_26_362.jpg,0.4,1.0,0.0,30.16203
data/IMG/center_2026_08_28_23_40_26_431.jpg,data/IMG/left_2026_08_28_23_40_26_431.jpg,data/IMG/right_2026_08_28_23_40_26_431.jpg,0.5500001,1.0,0.0,30.14254
data/IMG/center_2026_08_28_23_40_26_497.jpg,data/IMG/left_2026_08_28_23_40_26_497.jpg,data/IMG/right_2026_08_28_23_40_26_497.jpg,0.7500002,1.0,0.0,30.11769
data/IMG/center_2026_08_28_23_40_26_700.jpg,data/IMG/left_2026_08_28_23_40_26_700.jpg,data/IMG/right_2026_08_28_23_40_26_700.jpg,0.15,1.0,0.0,30.19057
data/IMG/center_2026_08_28_23_40_26_770.jpg,data/IMG/left_2026_08_28_23_40_26_770.jpg,data/IMG/right_2026_08_28_23_40_26_770.jpg,0.3,1.0,0.0,30.17795
data/IMG/center_2026_08_28_23_40_26_904.jpg,data/IMG/left_2026_08_28_23_40_26_904.jpg,data/IMG/right_2026_08_28_23_40_26_904.jpg,0.1,1.0,0.0,30.19047
data/IMG/center_2026_08_28_23_40_26_974.jpg,data/IMG/left_2026_08_28_23_40_26_974.jpg,data/IMG/right_2026_08_28_23_40_26_974.jpg,0.3,1.0,0.0,30.17297
data/IMG/center_2026_08_28_23_40_27_040.jpg,data/IMG/left_2026_08_28_23_40_27_040.jpg,data/IMG/right_2026_08_28_23_40_27_040.jpg,0.45,1.0,0.0,30.15429
data/IMG/center_2026_08_28_23_40_27_107.jpg,data/IMG/left_2026_08_28_23_40_27_107.jpg,data/IMG/right_2026_08_28_23_40_27_107.jpg,0.6000001,1.0,0.0,30.13479
data/IMG/center_2026_08_28_23_40_27_179.jpg,data/IMG/left_2026_08_28_23_40_27_179.jpg,data/IMG/right_2026_08_28_23_40_27_179.jpg,0.8000001,1.0,0.0,30.11094
data/IMG/center_2026_08_28_23_40_27_246.jpg,data/IMG/left_2026_08_28_23_40_27_246.jpg,data/IMG/right_2026_08_28_23_40_27_246.jpg,0.9500002,1.0,0.0,30.09767
data/IMG/center_2026_08_28_23_40_27_316.jpg,data/IMG/left_2026_08_28_23_40_27_316.jpg,data/IMG/right_2026_08_28_23_40_27_316.jpg,0.0,1.0,0.0,30.16879
data/IMG/center_2026_08_28_23_40_27_587.jpg,data/IMG/left_2026_08_28_23_40_27_587.jpg,data/IMG/right_2026_08_28_23_40_27_587.jpg,0.15,1.0,0.0,30.18779
data/IMG/center_2026_08_28_23_40_27_657.jpg,data/IMG/left_2026_08_28_23_40_27_657.jpg,data/IMG/right_2026_08_28_23_40_27_657.jpg,0.35,1.0,0.0,30.16728
data/IMG/center_2026_08_28_23_40_28_066.jpg,data/IMG/left_2026_08_28_23_40_28_066.jpg,data/IMG/right_2026_08_28_23_40_28_066.jpg,0.05,1.0,0.0,30.18988
data/IMG/center_2026_08_28_23_40_28_133.jpg,data/IMG/left_2026_08_28_23_40_28_133.jpg,data/IMG/right_2026_08_28_23_40_28_133.jpg,0.25,1.0,0.0,30.17534
data/IMG/center_2026_08_28_23_40_28_200.jpg,data/IMG/left_2026_08_28_23_40_28_200.jpg,data/IMG/right_2026_08_28_23_40_28_200.jpg,0.4,1.0,0.0,30.15821
data/IMG/center_2026_08_28_23_40_28_267.jpg,data/IMG/left_2026_08_28_23_40_28_267.jpg,data/IMG/right_2026_08_28_23_40_28_267.jpg,0.5500001,1.0,0.0,30.13952
data/IMG/center_2026_08_28_23_40_28_546.jpg,data/IMG/left_2026_08_28_23_40_28_546.jpg,data/IMG/right_2026_08_28_23_40_28_546.jpg,0.15,1.0,0.0,30.18642
data/IMG/center_2026_08_28_23_40_28_617.jpg,data/IMG/left_2026_08_28_23_40_28_617.jpg,data/IMG/right_2026_08_28_23_40_28_617.jpg,0.35,1.0,0.0,30.1658
data/IMG/center_2026_08_28_23_40_28_964.jpg,data/IMG/left_2026_08_28_23_40_28_964.jpg,data/IMG/right_2026_08_28_23_40_28_964.jpg,0.05,1.0,0.0,30.18986
data/IMG/center_2026_08_28_23_40_29_035.jpg,data/IMG/left_2026_08_28_23_40_29_035.jpg,data/IMG/right_2026_08_28_23_40_29_035.jpg,0.25,1.0,0.0,30.17531
data/IMG/center_2026_08_28_23_40_29_105.jpg,data/IMG/left_2026_08_28_23_40_29_105.jpg,data/IMG/right_2026_08_28_23_40_29_105.jpg,0.4,1.0,0.0,30.15793
data/IMG/center_2026_08_28_23_40_29_452.jpg,data/IMG/left_2026_08_28_23_40_29_452.jpg,data/IMG/right_2026_08_28_23_40_29_452.jpg,0.0,1.0,0.0,30.19017
data/IMG/center_2026_08_28_23_40_30_276.jpg,data/IMG/left_2026_08_28_23_40_30_276.jpg,data/IMG/right_2026_08_28_23_40_30_276.jpg,0.15,1.0,0.0,30.18422
data/IMG/center_2026_08_28_23_40_30_346.jpg,data/IMG/left_2026_08_28_23_40_30_346.jpg,data/IMG/right_2026_08_28_23_40_30_346.jpg,0.3,1.0,0.0,30.16925
data/IMG/center_2026_08_28_23_40_30_688.jpg,data/IMG/left_2026_08_28_23_40_30_688.jpg,data/IMG/right_2026_08_28_23_40_30_688.jpg,0.0,1.0,0.0,30.19028
data/IMG/center_2026_08_28_23_40_33_635.jpg,data/IMG/left_2026_08_28_23_40_33_635.jpg,data/IMG/right_2026_08_28_23_40_33_635.jpg,0.0,1.0,0.0,30.19057
data/IMG/center_2026_08_28_23_40_33_975.jpg,data/IMG/left_2026_08_28_23_40_33_975.jpg,data/IMG/right_2026_08_28_23_40_33_975.jpg,-0.2,1.0,0.0,30.17982
data/IMG/center_2026_08_28_23_40_34_045.jpg,data/IMG/left_2026_08_28_23_40_34_045.jpg,data/IMG/right_2026_08_28_23_40_34_045.jpg,-0.35,1.0,0.0,30.1635
data/IMG/center_2026_08_28_23_40_34_112.jpg,data/IMG/left_2026_08_28_23_40_34_112.jpg,data/IMG/right_2026_08_28_23_40_34_112.jpg,-0.5000001,1.0,0.0,30.14537
data/IMG/center_2026_08_28_23_40_34_181.jpg,data/IMG/left_2026_08_28_23_40_34_181.jpg,data/IMG/right_2026_08_28_23_40_34_181.jpg,-0.7,1.0,0.0,30.12102
data/IMG/center_2026_08_28_23_40_34_930.jpg,data/IMG/left_2026_08_28_23_40_34_930.jpg,data/IMG/right_2026_08_28_23_40_34_930.jpg,-0.1,1.0,0.0,30.18762
data/IMG/center_2026_08_28_23_40_34_998.jpg,data/IMG/left_2026_08_28_23_40_34_998.jpg,data/IMG/right_2026_08_28_23_40_34_998.jpg,-0.3,1.0,0.0,30.16913
data/IMG/center_2026_08_28_23_40_35_066.jpg,data/IMG/left_2026_08_28_23_40_35_066.jpg,data/IMG/right_2026_08_28_23_40_35_066.jpg,-0.45,1.0,0.0,30.1518
data/IMG/center_2026_08_28_23_40_35_135.jpg,data/IMG/left_2026_08_28_23_40_35_135.jpg,data/IMG/right_2026_08_28_23_40_35_135.jpg,-0.6500001,1.0,0.0,30.12698
data/IMG/center_2026_08_28_23_40_35_748.jpg,data/IMG/left_2026_08_28_23_40_35_748.jpg,data/IMG/right_2026_08_28_23_40_35_748.jpg,-0.05,1.0,0.0,30.18967
data/IMG/center_2026_08_28_23_40_35_816.jpg,data/IMG/left_2026_08_28_23_40_35_816.jpg,data/IMG/right_2026_08_28_23_40_35_816.jpg,-0.25,1.0,0.0,30.17477
data/IMG/center_2026_08_28_23_40_35_885.jpg,data/IMG/left_2026_08_28_23_40_35_885.jpg,data/IMG/right_2026_08_28_23_40_35_885.jpg,-0.4,1.0,0.0,30.15718
data/IMG/center_2026_08_28_23_40_35_952.jpg,data/IMG/left_2026_08_28_23_40_35_952.jpg,data/IMG/right_2026_08_28_23_40_35_952.jpg,-0.5500001,1.0,0.0,30.13899
data/IMG/center_2026_08_28_23_40_36_221.jpg,data/IMG/left_2026_08_28_23_40_36_221.jpg,data/IMG/right_2026_08_28_23_40_36_221.jpg,-0.1,1.0,0.0,30.18908
data/IMG/center_2026_08_28_23_40_36_289.jpg,data/IMG/left_2026_08_28_23_40_36_289.jpg,data/IMG/right_2026_08_28_23_40_36_289.jpg,-0.25,1.0,0.0,30.17699
data/IMG/center_2026_08_28_23_40_36_356.jpg,data/IMG/left_2026_08_28_23_40_36_356.jpg,data/IMG/right_2026_08_28_23_40_36_356.jpg,-0.45,1.0,0.0,30.15311
data/IMG/center_2026_08_28_23_40_36_423.jpg,data/IMG/left_2026_08_28_23_40_36_423.jpg,data/IMG/right_2026_08_28_23_40_36_423.jpg,-0.6000001,1.0,0.0,30.13425
data/IMG/center_2026_08_28_23_40_36_761.jpg,data/IMG/left_2026_08_28_23_40_36_761.jpg,data/IMG/right_2026_08_28_23_40_36_761.jpg,-0.05,1.0,0.0,30.19003
data/IMG/center_2026_08_28_23_40_36_828.jpg,data/IMG/left_2026_08_28_23_40_36_828.jpg,data/IMG/right_2026_08_28_23_40_36_828.jpg,-0.2,1.0,0.0,30.1814
data/IMG/center_2026_08_28_23_40_36_895.jpg,data/IMG/left_2026_08_28_23_40_36_895.jpg,data/IMG/right_2026_08_28_23_40_36_895.jpg,-0.4,1.0,0.0,30.15976
data/IMG/center_2026_08_28_23_40_36_962.jpg,data/IMG/left_2026_08_28_23_40_36_962.jpg,data/IMG/right_2026_08_28_23_40_36_962.jpg,-0.5500001,1.0,0.0,30.13994
data/IMG/center_2026_08_28_23_40_37_028.jpg,data/IMG/left_2026_08_28_23_40_37_028.jpg,data/IMG/right_2026_08_28_23_40_37_028.jpg,-0.7,1.0,0.0,30.12158
data/IMG/center_2026_08_28_23_40_37_300.jpg,data/IMG/left_2026_08_28_23_40_37_300.jpg,data/IMG/right_2026_08_28_23_40_37_300.jpg,-0.1,1.0,0.0,30.18955
data/IMG/center_2026_08_28_23_40_37_369.jpg,data/IMG/left_2026_08_28_23_40_37_369.jpg,data/IMG/right_2026_08_28_23_40_37_369.jpg,-0.25,1.0,0.0,30.17775
data/IMG/center_2026_08_28_23_40_37_438.jpg,data/IMG/left_2026_08_28_23_40_37_438.jpg,data/IMG/right_2026_08_28_23_40_37_438.jpg,-0.45,1.0,0.0,30.15379
data/IMG/center_2026_08_28_23_40_37_709.jpg,data/IMG/left_2026_08_28_23_40_37_709.jpg,data/IMG/right_2026_08_28_23_40_37_709.jpg,-0.1,1.0,0.0,30.18958
data/IMG/center_2026_08_28_23_40_37_779.jpg,data/IMG/left_2026_08_28_23_40_37_779.jpg,data/IMG/right_2026_08_28_23_40_37_779.jpg,-0.3,1.0,0.0,30.17219
data/IMG/center_2026_08_28_23_40_37_848.jpg,data/IMG/left_2026_08_28_23_40_37_848.jpg,data/IMG/right_2026_08_28_23_40_37_848.jpg,-0.45,1.0,0.0,30.15364
data/IMG/center_2026_08_28_23_40_37_918.jpg,data/IMG/left_2026_08_28_23_40_37_918.jpg,data/IMG/right_2026_08_28_23_40_37_918.jpg,-0.6500001,1.0,0.0,30.12841
data/IMG/center_2026_08_28_23_40_38_188.jpg,data/IMG/left_2026_08_28_23_40_38_188.jpg,data/IMG/right_2026_08_28_23_40_38_188.jpg,-0.1,1.0,0.0,30.18942
data/IMG/center_2026_08_28_23_40_38_257.jpg,data/IMG/left_2026_08_28_23_40_38_257.jpg,data/IMG/right_2026_08_28_23_40_38_257.jpg,-0.3,1.0,0.0,30.17239
data/IMG/center_2026_08_28_23_40_38_324.jpg,data/IMG/left_2026_08_28_23_40_38_324.jpg,data/IMG/right_2026_08_28_23_40_38_324.jpg,-0.45,1.0,0.0,30.15378
data/IMG/center_2026_08_28_23_40_38_736.jpg,data/IMG/left_2026_08_28_23_40_38_736.jpg,data/IMG/right_2026_08_28_23_40_38_736.jpg,-0.2,1.0,0.0,30.18074
data/IMG/center_2026_08_28_23_40_38_805.jpg,data/IMG/left_2026_08_28_23_40_38_805.jpg,data/IMG/right_2026_08_28_23_40_38_805.jpg,-0.35,1.0,0.0,30.16358
data/IMG/center_2026_08_28_23_40_39_215.jpg,data/IMG/left_2026_08_28_23_40_39_215.jpg,data/IMG/right_2026_08_28_23_40_39_215.jpg,-0.15,1.0,0.0,30.18498
data/IMG/center_2026_08_28_23_40_39_282.jpg,data/IMG/left_2026_08_28_23_40_39_282.jpg,data/IMG/right_2026_08_28_23_40_39_282.jpg,-0.3,1.0,0.0,30.16975
data/IMG/center_2026_08_28_23_40_39_349.jpg,data/IMG/left_2026_08_28_23_40_39_349.jpg,data/IMG/right_2026_08_28_23_40_39_349.jpg,-0.45,1.0,0.0,30.15201
data/IMG/center_2026_08_28_23_40_39_695.jpg,data/IMG/left_2026_08_28_23_40_39_695.jpg,data/IMG/right_2026_08_28_23_40_39_695.jpg,-0.15,1.0,0.0,30.18545
data/IMG/center_2026_08_28_23_40_39_762.jpg,data/IMG/left_2026_08_28_23_40_39_762.jpg,data/IMG/right_2026_08_28_23_40_39_762.jpg,-0.3,1.0,0.0,30.17052
data/IMG/center_2026_08_28_23_40_39_830.jpg,data/IMG/left_2026_08_28_23_40_39_830.jpg,data/IMG/right_2026_08_28_23_40_39_830.jpg,-0.45,1.0,0.0,30.15241
data/IMG/center_2026_08_28_23_40_40_439.jpg,data/IMG/left_2026_08_28_23_40_40_439.jpg,data/IMG/right_2026_08_28_23_40_40_439.jpg,-0.2,1.0,0.0,30.17991
data/IMG/center_2026_08_28_23_40_40_506.jpg,data/IMG/left_2026_08_28_23_40_40_506.jpg,data/IMG/right_2026_08_28_23_40_40_506.jpg,-0.35,1.0,0.0,30.16355
data/IMG/center_2026_08_28_23_40_40_919.jpg,data/IMG/left_2026_08_28_23_40_40_919.jpg,data/IMG/right_2026_08_28_23_40_40_919.jpg,-0.05,1.0,0.0,30.1897
data/IMG/center_2026_08_28_23_40_40_988.jpg,data/IMG/left_2026_08_28_23_40_40_988.jpg,data/IMG/right_2026_08_28_23_40_40_988.jpg,-0.2,1.0,0.0,30.18025
data/IMG/center_2026_08_28_23_40_41_058.jpg,data/IMG/left_2026_08_28_23_40_41_058.jpg,data/IMG/right_2026_08_28_23_40_41_058.jpg,-0.4,1.0,0.0,30.15783
data/IMG/center_2026_08_28_23_40_41_602.jpg,data/IMG/left_2026_08_28_23_40_41_602.jpg,data/IMG/right_2026_08_28_23_40_41_602.jpg,-0.05,1.0,0.0,30.18971
data/IMG/center_2026_08_28_23_40_41_672.jpg,data/IMG/left_2026_08_28_23_40_41_672.jpg,data/IMG/right_2026_08_28_23_40_41_672.jpg,-0.2,1.0,0.0,30.18002
data/IMG/center_2026_08_28_23_40_41_742.jpg,data/IMG/left_2026_08_28_23_40_41_742.jpg,data/IMG/right_2026_08_28_23_40_41_742.jpg,-0.4,1.0,0.0,30.15779
data/IMG/center_2026_08_28_23_40_42_152.jpg,data/IMG/left_2026_08_28_23_40_42_152.jpg,data/IMG/right_2026_08_28_23_40_42_152.jpg,0.0,1.0,0.0,30.19031
data/IMG/center_2026_08_28_23_40_42_841.jpg,data/IMG/left_2026_08_28_23_40_42_841.jpg,data/IMG/right_2026_08_28_23_40_42_841.jpg,-0.15,1.0,0.0,30.18425
data/IMG/center_2026_08_28_23_40_42_909.jpg,data/IMG/left_2026_08_28_23_40_42_909.jpg,data/IMG/right_2026_08_28_23_40_42_909.jpg,-0.3,1.0,0.0,30.16894
data/IMG/center_2026_08_28_23_40_42_979.jpg,data/IMG/left_2026_08_28_23_40_42_979.jpg,data/IMG/right_2026_08_28_23_40_42_979.jpg,-0.5000001,1.0,0.0,30.14532
data/IMG/center_2026_08_28_23_40_43_047.jpg,data/IMG/left_2026_08_28_23_40_43_047.jpg,data/IMG/right_2026_08_28_23_40_43_047.jpg,-0.6500001,1.0,0.0,30.12706
data/IMG/center_2026_08_28_23_40_43_116.jpg,data/IMG/left_2026_08_28_23_40_43_116.jpg,data/IMG/right_2026_08_28_23_40_43_116.jpg,0.0,1.0,0.0,30.18375
data/IMG/center_2026_08_28_23_40_44_277.jpg,data/IMG/left_2026_08_28_23_40_44_277.jpg,data/IMG/right_2026_08_28_23_40_44_277.jpg,-0.15,1.0,0.0,30.18421
data/IMG/center_2026_08_28_23_40_44_344.jpg,data/IMG/left_2026_08_28_23_40_44_344.jpg,data/IMG/right_2026_08_28_23_40_44_344.jpg,-0.3,1.0,0.0,30.16925
data/IMG/center_2026_08_28_23_40_44_412.jpg,data/IMG/left_2026_08_28_23_40_44_412.jpg,data/IMG/right_2026_08_28_23_40_44_412.jpg,-0.45,1.0,0.0,30.15146
data/IMG/center_2026_08_28_23_40_45_371.jpg,data/IMG/left_2026_08_28_23_40_45_371.jpg,data/IMG/right_2026_08_28_23_40_45_371.jpg,-0.1,1.0,0.0,30.18764
data/IMG/center_2026_08_28_23_40_45_438.jpg,data/IMG/left_2026_08_28_23_40_45_438.jpg,data/IMG/right_2026_08_28_23_40_45_438.jpg,-0.3,1.0,0.0,30.1692
data/IMG/center_2026_08_28_23_40_45_505.jpg,data/IMG/left_2026_08_28_23_40_45_505.jpg,data/IMG/right_2026_08_28_23_40_45_505.jpg,-0.45,1.0,0.0,30.15144
data/IMG/center_2026_08_28_23_40_46_048.jpg,data/IMG/left_2026_08_28_23_40_46_048.jpg,data/IMG/right_2026_08_28_23_40_46_048.jpg,-0.1,1.0,0.0,30.18791
data/IMG/center_2026_08_28_23_40_46_732.jpg,data/IMG/left_2026_08_28_23_40_46_732.jpg,data/IMG/right_2026_08_28_23_40_46_732.jpg,-0.1,1.0,0.0,30.18777
data/IMG/center_2026_08_28_23_40_46_799.jpg,data/IMG/left_2026_08_28_23_40_46_799.jpg,data/IMG/right_2026_08_28_23_40_46_799.jpg,-0.3,1.0,0.0,30.16924
data/IMG/center_2026_08_28_23_40_46_866.jpg,data/IMG/left_2026_08_28_23_40_46_866.jpg,data/IMG/right_2026_08_28_23_40_46_866.jpg,-0.45,1.0,0.0,30.15142
data/IMG/center_2026_08_28_23_40_48_025.jpg,data/IMG/left_2026_08_28_23_40_48_025.jpg,data/IMG/right_2026_08_28_23_40_48_025.jpg,0.0,1.0,0.0,30.19031
data/IMG/center_2026_08_28_23_40_48_432.jpg,data/IMG/left_2026_08_28_23_40_48_432.jpg,data/IMG/right_2026_08_28_23_40_48_432.jpg,-0.05,1.0,0.0,30.18972
data/IMG/center_2026_08_28_23_40_48_499.jpg,data/IMG/left_2026_08_28_23_40_48_499.jpg,data/IMG/right_2026_08_28_23_40_48_499.jpg,-0.25,1.0,0.0,30.17475
data/IMG/center_2026_08_28_23_40_48_568.jpg,data/IMG/left_2026_08_28_23_40_48_568.jpg,data/IMG/right_2026_08_28_23_40_48_568.jpg,-0.4,1.0,0.0,30.15752
data/IMG/center_2026_08_28_23_40_49_992.jpg,data/IMG/left_2026_08_28_23_40_49_992.jpg,data/IMG/right_2026_08_28_23_40_49_992.jpg,0.0,1.0,0.0,30.19031
data/IMG/center_2026_08_28_23_40_50_062.jpg,data/IMG/left_2026_08_28_23_40_50_062.jpg,data/IMG/right_2026_08_28_23_40_50_062.jpg,0.0,1.0,0.0,30.19031
data/IMG/center_2026_08_28_23_40_50_807.jpg,data/IMG/left_2026_08_28_23_40_50_807.jpg,data/IMG/right_2026_08_28_23_40_50_807.jpg,-0.15,1.0,0.0,30.18424
data/IMG/center_2026_08_28_23_40_50_875.jpg,data/IMG/left_2026_08_28_23_40_50_875.jpg,data/IMG/right_2026_08_28_23_40_50_875.jpg,-0.35,1.0,0.0,30.16347
data/IMG/center_2026_08_28_23_40_50_941.jpg,data/IMG/left_2026_08_28_23_40_50_941.jpg,data/IMG/right_2026_08_28_23_40_50_941.jpg,-0.5000001,1.0,0.0,30.14537
data/IMG/center_2026_08_28_23_40_51_416.jpg,data/IMG/left_2026_08_28_23_40_51_416.jpg,data/IMG/right_2026_08_28_23_40_51_416.jpg,0.05,1.0,0.0,30.18965
data/IMG/center_2026_08_28_23_40_51_485.jpg,data/IMG/left_2026_08_28_23_40_51_485.jpg,data/IMG/right_2026_08_28_23_40_51_485.jpg,0.0,1.0,0.0,30.18798
data/IMG/center_2026_08_28_23_40_52_097.jpg,data/IMG/left_2026_08_28_23_40_52_097.jpg,data/IMG/right_2026_08_28_23_40_52_097.jpg,0.0,1.0,0.0,30.19029
data/IMG/center_2026_08_28_23_40_53_181.jpg,data/IMG/left_2026_08_28_23_40_53_181.jpg,data/IMG/right_2026_08_28_23_40_53_181.jpg,0.0,1.0,0.0,30.19029
data/IMG/center_2026_08_28_23_40_53_248.jpg,data/IMG/left_2026_08_28_23_40_53_248.jpg,data/IMG/right_2026_08_28_23_40_53_248.jpg,-0.05,1.0,0.0,30.18972
data/IMG/center_2026_08_28_23_40_53_317.jpg,data/IMG/left_2026_08_28_23_40_53_317.jpg,data/IMG/right_2026_08_28_23_40_53_317.jpg,-0.25,1.0,0.0,30.17476
data/IMG/center_2026_08_28_23_40_53_384.jpg,data/IMG/left_2026_08_28_23_40_53_384.jpg,data/IMG/right_2026_08_28_23_40_53_384.jpg,-0.4,1.0,0.0,30.15751
data/IMG/center_2026_08_28_23_40_53_929.jpg,data/IMG/left_2026_08_28_23_40_53_929.jpg,data/IMG/right_2026_08_28_23_40_53_929.jpg,0.0,1.0,0.0,30.19031
data/IMG/center_2026_08_28_23_40_54_815.jpg,data/IMG/left_2026_08_28_23_40_54_815.jpg,data/IMG/right_2026_08_28_23_40_54_815.jpg,0.0,1.0,0.0,30.19028
data/IMG/center_2026_08_28_23_40_56_041.jpg,data/IMG/left_2026_08_28_23_40_56_041.jpg,data/IMG/right_2026_08_28_23_40_56_041.jpg,-0.2,1.0,0.0,30.17983
data/IMG/center_2026_08_28_23_40_56_112.jpg,data/IMG/left_2026_08_28_23_40_56_112.jpg,data/IMG/right_2026_08_28_23_40_56_112.jpg,-0.35,1.0,0.0,30.16346
data/IMG/center_2026_08_28_23_40_56_181.jpg,data/IMG/left_2026_08_28_23_40_56_181.jpg,data/IMG/right_2026_08_28_23_40_56_181.jpg,-0.5500001,1.0,0.0,30.13925
data/IMG/center_2026_08_28_23_40_59_583.jpg,data/IMG/left_2026_08_28_23_40_59_583.jpg,data/IMG/right_2026_08_28_23_40_59_583.jpg,0.0,1.0,0.0,30.19034
data/IMG/center_2026_08_28_23_41_01_630.jpg,data/IMG/left_2026_08_28_23_41_01_630.jpg,data/IMG/right_2026_08_28_23_41_01_630.jpg,-0.05,1.0,0.0,30.1897
data/IMG/center_2026_08_28_23_41_01_700.jpg,data/IMG/left_2026_08_28_23_41_01_700.jpg,data/IMG/right_2026_08_28_23_41_01_700.jpg,-0.25,1.0,0.0,30.17477
data/IMG/center_2026_08_28_23_41_01_770.jpg,data/IMG/left_2026_08_28_23_41_01_770.jpg,data/IMG/right_2026_08_28_23_41_01_770.jpg,-0.4,1.0,0.0,30.15751
data/IMG/center_2026_08_28_23_41_02_182.jpg,data/IMG/left_2026_08_28_23_41_02_182.jpg,data/IMG/right_2026_08_28_23_41_02_182.jpg,-0.1,1.0,0.0,30.18798
data/IMG/center_2026_08_28_23_41_02_251.jpg,data/IMG/left_2026_08_28_23_41_02_251.jpg,data/IMG/right_2026_08_28_23_41_02_251.jpg,-0.25,1.0,0.0,30.17517
data/IMG/center_2026_08_28_23_41_03_007.jpg,data/IMG/left_2026_08_28_23_41_03_007.jpg,data/IMG/right_2026_08_28_23_41_03_007.jpg,0.0,1.0,0.0,30.19032
data/IMG/center_2026_08_28_23_41_03_964.jpg,data/IMG/left_2026_08_28_23_41_03_964.jpg,data/IMG/right_2026_08_28_23_41_03_964.jpg,-0.1,1.0,0.0,30.18768
data/IMG/center_2026_08_28_23_41_04_032.jpg,data/IMG/left_2026_08_28_23_41_04_032.jpg,data/IMG/right_2026_08_28_23_41_04_032.jpg,-0.25,1.0,0.0,30.17476
data/IMG/center_2026_08_28_23_41_04_101.jpg,data/IMG/left_2026_08_28_23_41_04_101.jpg,data/IMG/right_2026_08_28_23_41_04_101.jpg,-0.45,1.0,0.0,30.15146
data/IMG/center_2026_08_28_23_41_04_512.jpg,data/IMG/left_2026_08_28_23_41_04_512.jpg,data/IMG/right_2026_08_28_23_41_04_512.jpg,0.1,1.0,0.0,30.18688
data/IMG/center_2026_08_28_23_41_05_128.jpg,data/IMG/left_2026_08_28_23_41_05_128.jpg,data/IMG/right_2026_08_28_23_41_05_128.jpg,0.05,1.0,0.0,30.18974
data/IMG/center_2026_08_28_23_41_06_639.jpg,data/IMG/left_2026_08_28_23_41_06_639.jpg,data/IMG/right_2026_08_28_23_41_06_639.jpg,0.0,1.0,0.0,30.19029
data/IMG/center_2026_08_28_23_41_07_048.jpg,data/IMG/left_2026_08_28_23_41_07_048.jpg,data/IMG/right_2026_08_28_23_41_07_048.jpg,0.0,1.0,0.0,30.1903
data/IMG/center_2026_08_28_23_41_08_219.jpg,data/IMG/left_2026_08_28_23_41_08_219.jpg,data/IMG/right_2026_08_28_23_41_08_219.jpg,-0.15,1.0,0.0,30.18428
data/IMG/center_2026_08_28_23_41_08_289.jpg,data/IMG/left_2026_08_28_23_41_08_289.jpg,data/IMG/right_2026_08_28_23_41_08_289.jpg,-0.3,1.0,0.0,30.16928
data/IMG/center_2026_08_28_23_41_08_359.jpg,data/IMG/left_2026_08_28_23_41_08_359.jpg,data/IMG/right_2026_08_28_23_41_08_359.jpg,-0.5000001,1.0,0.0,30.14537
data/IMG/center_2026_08_28_23_41_09_389.jpg,data/IMG/left_2026_08_28_23_41_09_389.jpg,data/IMG/right_2026_08_28_23_41_09_389.jpg,0.0,1.0,0.0,30.19028
data/IMG/center_2026_08_28_23_41_09_937.jpg,data/IMG/left_2026_08_28_23_41_09_937.jpg,data/IMG/right_2026_08_28_23_41_09_937.jpg,-0.15,1.0,0.0,30.18421
data/IMG/center_2026_08_28_23_41_10_006.jpg,data/IMG/left_2026_08_28_23_41_10_006.jpg,data/IMG/right_2026_08_28_23_41_10_006.jpg,-0.3,1.0,0.0,30.16924
data/IMG/center_2026_08_28_23_41_10_554.jpg,data/IMG/left_2026_08_28_23_41_10_554.jpg,data/IMG/right_2026_08_28_23_41_10_554.jpg,-0.2,1.0,0.0,30.18014
data/IMG/center_2026_08_28_23_41_10_624.jpg,data/IMG/left_2026_08_28_23_41_10_624.jpg,data/IMG/right_2026_08_28_23_41_10_624.jpg,-0.35,1.0,0.0,30.16372
data/IMG/center_2026_08_28_23_41_11_313.jpg,data/IMG/left_2026_08_28_23_41_11_313.jpg,data/IMG/right_2026_08_28_23_41_11_313.jpg,0.0,1.0,0.0,30.19026
data/IMG/center_2026_08_28_23_41_11_722.jpg,data/IMG/left_2026_08_28_23_41_11_722.jpg,data/IMG/right_2026_08_28_23_41_11_722.jpg,0.0,1.0,0.0,30.1903
data/IMG/center_2026_08_28_23_41_13_021.jpg,data/IMG/left_2026_08_28_23_41_13_021.jpg,data/IMG/right_2026_08_28_23_41_13_021.jpg,-0.15,1.0,0.0,30.18422
data/IMG/center_2026_08_28_23_41_13_088.jpg,data/IMG/left_2026_08_28_23_41_13_088.jpg,data/IMG/right_2026_08_28_23_41_13_088.jpg,-0.3,1.0,0.0,30.16922
data/IMG/center_2026_08_28_23_41_13_155.jpg,data/IMG/left_2026_08_28_23_41_13_155.jpg,data/IMG/right_2026_08_28_23_41_13_155.jpg,-0.5000001,1.0,0.0,30.14533
data/IMG/center_2026_08_28_23_41_13_498.jpg,data/IMG/left_2026_08_28_23_41_13_498.jpg,data/IMG/right_2026_08_28_23_41_13_498.jpg,-0.15,1.0,0.0,30.18544
data/IMG/center_2026_08_28_23_41_13_565.jpg,data/IMG/left_2026_08_28_23_41_13_565.jpg,data/IMG/right_2026_08_28_23_41_13_565.jpg,-0.3,1.0,0.0,30.17107
data/IMG/center_2026_08_28_23_41_13_632.jpg,data/IMG/left_2026_08_28_23_41_13_632.jpg,data/IMG/right_2026_08_28_23_41_13_632.jpg,-0.45,1.0,0.0,30.15242
data/IMG/center_2026_08_28_23_41_13_698.jpg,data/IMG/left_2026_08_28_23_41_13_698.jpg,data/IMG/right_2026_08_28_23_41_13_698.jpg,-0.6500001,1.0,0.0,30.12764
data/IMG/center_2026_08_28_23_41_13_835.jpg,data/IMG/left_2026_08_28_23_41_13_835.jpg,data/IMG/right_2026_08_28_23_41_13_835.jpg,0.0,1.0,0.0,30.1886
data/IMG/center_2026_08_28_23_41_15_008.jpg,data/IMG/left_2026_08_28_23_41_15_008.jpg,data/IMG/right_2026_08_28_23_41_15_008.jpg,-0.1,1.0,0.0,30.18764
data/IMG/center_2026_08_28_23_41_15_076.jpg,data/IMG/left_2026_08_28_23_41_15_076.jpg,data/IMG/right_2026_08_28_23_41_15_076.jpg,-0.3,1.0,0.0,30.16912
data/IMG/center_2026_08_28_23_41_15_145.jpg,data/IMG/left_2026_08_28_23_41_15_145.jpg,data/IMG/right_2026_08_28_23_41_15_145.jpg,-0.45,1.0,0.0,30.15132
data/IMG/center_2026_08_28_23_41_15_282.jpg,data/IMG/left_2026_08_28_23_41_15_282.jpg,data/IMG/right_2026_08_28_23_41_15_282.jpg,0.0,1.0,0.0,30.18762
data/IMG/center_2026_08_28_23_41_15_895.jpg,data/IMG/left_2026_08_28_23_41_15_895.jpg,data/IMG/right_2026_08_28_23_41_15_895.jpg,-0.1,1.0,0.0,30.18823
data/IMG/center_2026_08_28_23_41_15_962.jpg,data/IMG/left_2026_08_28_23_41_15_962.jpg,data/IMG/right_2026_08_28_23_41_15_962.jpg,-0.25,1.0,0.0,30.17471
data/IMG/center_2026_08_28_23_41_16_029.jpg,data/IMG/left_2026_08_28_23_41_16_029.jpg,data/IMG/right_2026_08_28_23_41_16_029.jpg,-0.4,1.0,0.0,30.1574
data/IMG/center_2026_08_28_23_41_16_440.jpg,data/IMG/left_2026_08_28_23_41_16_440.jpg,data/IMG/right_2026_08_28_23_41_16_440.jpg,-0.05,1.0,0.0,30.18989
data/IMG/center_2026_08_28_23_41_16_509.jpg,data/IMG/left_2026_08_28_23_41_16_509.jpg,data/IMG/right_2026_08_28_23_41_16_509.jpg,-0.2,1.0,0.0,30.18052
data/IMG/center_2026_08_28_23_41_16_578.jpg,data/IMG/left_2026_08_28_23_41_16_578.jpg,data/IMG/right_2026_08_28_23_41_16_578.jpg,-0.4,1.0,0.0,30.15804
data/IMG/center_2026_08_28_23_41_17_054.jpg,data/IMG/left_2026_08_28_23_41_17_054.jpg,data/IMG/right_2026_08_28_23_41_17_054.jpg,-0.2,1.0,0.0,30.18027
data/IMG/center_2026_08_28_23_41_17_123.jpg,data/IMG/left_2026_08_28_23_41_17_123.jpg,data/IMG/right_2026_08_28_23_41_17_123.jpg,-0.35,1.0,0.0,30.16386
data/IMG/center_2026_08_28_23_41_17_531.jpg,data/IMG/left_2026_08_28_23_41_17_531.jpg,data/IMG/right_2026_08_28_23_41_17_531.jpg,-0.1,1.0,0.0,30.18825
data/IMG/center_2026_08_28_23_41_17_598.jpg,data/IMG/left_2026_08_28_23_41_17_598.jpg,data/IMG/right_2026_08_28_23_41_17_598.jpg,-0.3,1.0,0.0,30.17001
data/IMG/center_2026_08_28_23_41_17_668.jpg,data/IMG/left_2026_08_28_23_41_17_668.jpg,data/IMG/right_2026_08_28_23_41_17_668.jpg,-0.45,1.0,0.0,30.15206
data/IMG/center_2026_08_28_23_41_17_938.jpg,data/IMG/left_2026_08_28_23_41_17_938.jpg,data/IMG/right_2026_08_28_23_41_17_938.jpg,-0.1,1.0,0.0,30.18878
data/IMG/center_2026_08_28_23_41_18_008.jpg,data/IMG/left_2026_08_28_23_41_18_008.jpg,data/IMG/right_2026_08_28_23_41_18_008.jpg,-0.25,1.0,0.0,30.1764
data/IMG/center_2026_08_28_23_41_18_078.jpg,data/IMG/left_2026_08_28_23_41_18_078.jpg,data/IMG/right_2026_08_28_23_41_18_078.jpg,-0.45,1.0,0.0,30.15269
data/IMG/center_2026_08_28_23_41_18_421.jpg,data/IMG/left_2026_08_28_23_41_18_421.jpg,data/IMG/right_2026_08_28_23_41_18_421.jpg,-0.15,1.0,0.0,30.18566
data/IMG/center_2026_08_28_23_41_18_831.jpg,data/IMG/left_2026_08_28_23_41_18_831.jpg,data/IMG/right_2026_08_28_23_41_18_831.jpg,-0.1,1.0,0.0,30.18781
data/IMG/center_2026_08_28_23_41_18_900.jpg,data/IMG/left_2026_08_28_23_41_18_900.jpg,data/IMG/right_2026_08_28_23_41_18_900.jpg,-0.3,1.0,0.0,30.16944
data/IMG/center_2026_08_28_23_41_18_967.jpg,data/IMG/left_2026_08_28_23_41_18_967.jpg,data/IMG/right_2026_08_28_23_41_18_967.jpg,-0.45,1.0,0.0,30.15158
data/IMG/center_2026_08_28_23_41_19_035.jpg,data/IMG/left_2026_08_28_23_41_19_035.jpg,data/IMG/right_2026_08_28_23_41_19_035.jpg,-0.6500001,1.0,0.0,30.12713
data/IMG/center_2026_08_28_23_41_19_936.jpg,data/IMG/left_2026_08_28_23_41_19_936.jpg,data/IMG/right_2026_08_28_23_41_19_936.jpg,-0.15,1.0,0.0,30.18418
data/IMG/center_2026_08_28_23_41_20_003.jpg,data/IMG/left_2026_08_28_23_41_20_003.jpg,data/IMG/right_2026_08_28_23_41_20_003.jpg,-0.3,1.0,0.0,30.16902
data/IMG/center_2026_08_28_23_41_20_275.jpg,data/IMG/left_2026_08_28_23_41_20_275.jpg,data/IMG/right_2026_08_28_23_41_20_275.jpg,-0.1,1.0,0.0,30.18899
data/IMG/center_2026_08_28_23_41_20_345.jpg,data/IMG/left_2026_08_28_23_41_20_345.jpg,data/IMG/right_2026_08_28_23_41_20_345.jpg,-0.25,1.0,0.0,30.17679
data/IMG/center_2026_08_28_23_41_20_412.jpg,data/IMG/left_2026_08_28_23_41_20_412.jpg,data/IMG/right_2026_08_28_23_41_20_412.jpg,-0.4,1.0,0.0,30.15928
data/IMG/center_2026_08_28_23_41_20_826.jpg,data/IMG/left_2026_08_28_23_41_20_826.jpg,data/IMG/right_2026_08_28_23_41_20_826.jpg,-0.05,1.0,0.0,30.18987
data/IMG/center_2026_08_28_23_41_20_893.jpg,data/IMG/left_2026_08_28_23_41_20_893.jpg,data/IMG/right_2026_08_28_23_41_20_893.jpg,-0.25,1.0,0.0,30.17554
data/IMG/center_2026_08_28_23_41_22_064.jpg,data/IMG/left_2026_08_28_23_41_22_064.jpg,data/IMG/right_2026_08_28_23_41_22_064.jpg,-0.05,1.0,0.0,30.18971
data/IMG/center_2026_08_28_23_41_22_133.jpg,data/IMG/left_2026_08_28_23_41_22_133.jpg,data/IMG/right_2026_08_28_23_41_22_133.jpg,-0.25,1.0,0.0,30.17477
data/IMG/center_2026_08_28_23_41_22_201.jpg,data/IMG/left_2026_08_28_23_41_22_201.jpg,data/IMG/right_2026_08_28_23_41_22_201.jpg,-0.4,1.0,0.0,30.15749
data/IMG/center_2026_08_28_23_41_22_271.jpg,data/IMG/left_2026_08_28_23_41_22_271.jpg,data/IMG/right_2026_08_28_23_41_22_271.jpg,-0.5500001,1.0,0.0,30.13924
data/IMG/center_2026_08_28_23_41_23_028.jpg,data/IMG/left_2026_08_28_23_41_23_028.jpg,data/IMG/right_2026_08_28_23_41_23_028.jpg,0.0,1.0,0.0,30.19031
data/IMG/center_2026_08_28_23_41_24_133.jpg,data/IMG/left_2026_08_28_23_41_24_133.jpg,data/IMG/right_2026_08_28_23_41_24_133.jpg,0.0,1.0,0.0,30.1903
data/IMG/center_2026_08_28_23_41_24_202.jpg,data/IMG/left_2026_08_28_23_41_24_202.jpg,data/IMG/right_2026_08_28_23_41_24_202.jpg,0.0,1.0,0.0,30.1903
data/IMG/center_2026_08_28_23_41_24_678.jpg,data/IMG/left_2026_08_28_23_41_24_678.jpg,data/IMG/right_2026_08_28_23_41_24_678.jpg,-0.2,1.0,0.0,30.17984
data/IMG/center_2026_08_28_23_41_24_749.jpg,data/IMG/left_2026_08_28_23_41_24_749.jpg,data/IMG/right_2026_08_28_23_41_24_749.jpg,-0.35,1.0,0.0,30.16347
data/IMG/center_2026_08_28_23_41_24_886.jpg,data/IMG/left_2026_08_28_23_41_24_886.jpg,data/IMG/right_2026_08_28_23_41_24_886.jpg,0.0,1.0,0.0,30.18741
data/IMG/center_2026_08_28_23_41_27_095.jpg,data/IMG/left_2026_08_28_23_41_27_095.jpg,data/IMG/right_2026_08_28_23_41_27_095.jpg,-0.15,1.0,0.0,30.1842
data/IMG/center_2026_08_28_23_41_27_165.jpg,data/IMG/left_2026_08_28_23_41_27_165.jpg,data/IMG/right_2026_08_28_23_41_27_165.jpg,-0.3,1.0,0.0,30.16923
data/IMG/center_2026_08_28_23_41_27_922.jpg,data/IMG/left_2026_08_28_23_41_27_922.jpg,data/IMG/right_2026_08_28_23_41_27_922.jpg,-0.1,1.0,0.0,30.23583
data/IMG/center_2026_08_28_23_41_29_298.jpg,data/IMG/left_2026_08_28_23_41_29_298.jpg,data/IMG/right_2026_08_28_23_41_29_298.jpg,-0.05,1.0,0.0,30.18931
data/IMG/center_2026_08_28_23_41_29_365.jpg,data/IMG/left_2026_08_28_23_41_29_365.jpg,data/IMG/right_2026_08_28_23_41_29_365.jpg,-0.2,1.0,0.0,30.17956
data/IMG/center_2026_08_28_23_41_33_253.jpg,data/IMG/left_2026_08_28_23_41_33_253.jpg,data/IMG/right_2026_08_28_23_41_33_253.jpg,0.0,1.0,0.0,30.18995
data/IMG/center_2026_08_28_23_41_34_084.jpg,data/IMG/left_2026_08_28_23_41_34_084.jpg,data/IMG/right_2026_08_28_23_41_34_084.jpg,0.0,1.0,0.0,30.18994
data/IMG/center_2026_08_28_23_41_34_435.jpg,data/IMG/left_2026_08_28_23_41_34_435.jpg,data/IMG/right_2026_08_28_23_41_34_435.jpg,0.0,1.0,0.0,30.18996
data/IMG/center_2026_08_28_23_41_34_502.jpg,data/IMG/left_2026_08_28_23_41_34_502.jpg,data/IMG/right_2026_08_28_23_41_34_502.jpg,-0.15,1.0,0.0,30.18399
data/IMG/center_2026_08_28_23_41_34_570.jpg,data/IMG/left_2026_08_28_23_41_34_570.jpg,data/IMG/right_2026_08_28_23_41_34_570.jpg,-0.3,1.0,0.0,30.16913
data/IMG/center_2026_08_28_23_41_35_752.jpg,data/IMG/left_2026_08_28_23_41_35_752.jpg,data/IMG/right_2026_08_28_23_41_35_752.jpg,0.0,1.0,0.0,30.19003
data/IMG/center_2026_08_28_23_41_36_036.jpg,data/IMG/left_2026_08_28_23_41_36_036.jpg,data/IMG/right_2026_08_28_23_41_36_036.jpg,0.0,1.0,0.0,30.63123
data/IMG/center_2026_08_28_23_41_36_312.jpg,data/IMG/left_2026_08_28_23_41_36_312.jpg,data/IMG/right_2026_08_28_23_41_36_312.jpg,0.0,1.0,0.0,30.31818
data/IMG/center_2026_08_28_23_41_37_220.jpg,data/IMG/left_2026_08_28_23_41_37_220.jpg,data/IMG/right_2026_08_28_23_41_37_220.jpg,-0.05,1.0,0.0,30.18973
data/IMG/center_2026_08_28_23_41_37_287.jpg,data/IMG/left_2026_08_28_23_41_37_287.jpg,data/IMG/right_2026_08_28_23_41_37_287.jpg,-0.2,1.0,0.0,30.17976
data/IMG/center_2026_08_28_23_41_37_354.jpg,data/IMG/left_2026_08_28_23_41_37_354.jpg,data/IMG/right_2026_08_28_23_41_37_354.jpg,-0.4,1.0,0.0,30.15748
data/IMG/center_2026_08_28_23_41_38_320.jpg,data/IMG/left_2026_08_28_23_41_38_320.jpg,data/IMG/right_2026_08_28_23_41_38_320.jpg,0.0,1.0,0.0,30.19028
data/IMG/center_2026_08_28_23_41_38_599.jpg,data/IMG/left_2026_08_28_23_41_38_599.jpg,data/IMG/right_2026_08_28_23_41_38_599.jpg,-0.05,1.0,0.0,30.18969
data/IMG/center_2026_08_28_23_41_38_668.jpg,data/IMG/left_2026_08_28_23_41_38_668.jpg,data/IMG/right_2026_08_28_23_41_38_668.jpg,-0.2,1.0,0.0,30.17993
data/IMG/center_2026_08_28_23_41_38_736.jpg,data/IMG/left_2026_08_28_23_41_38_736.jpg,data/IMG/right_2026_08_28_23_41_38_736.jpg,-0.4,1.0,0.0,30.15749
data/IMG/center_2026_08_28_23_41_39_142.jpg,data/IMG/left_2026_08_28_23_41_39_142.jpg,data/IMG/right_2026_08_28_23_41_39_142.jpg,-0.15,1.0,0.0,30.18453
data/IMG/center_2026_08_28_23_41_39_213.jpg,data/IMG/left_2026_08_28_23_41_39_213.jpg,data/IMG/right_2026_08_28_23_41_39_213.jpg,-0.3,1.0,0.0,30.16981
data/IMG/center_2026_08_28_23_41_39_283.jpg,data/IMG/left_2026_08_28_23_41_39_283.jpg,data/IMG/right_2026_08_28_23_41_39_283.jpg,-0.5000001,1.0,0.0,30.14575
data/IMG/center_2026_08_28_23_41_39_351.jpg,data/IMG/left_2026_08_28_23_41_39_351.jpg,data/IMG/right_2026_08_28_23_41_39_351.jpg,-0.6500001,1.0,0.0,30.12733
data/IMG/center_2026_08_28_23_41_39_556.jpg,data/IMG/left_2026_08_28_23_41_39_556.jpg,data/IMG/right_2026_08_28_23_41_39_556.jpg,0.0,1.0,0.0,30.18918
data/IMG/center_2026_08_28_23_41_39_971.jpg,data/IMG/left_2026_08_28_23_41_39_971.jpg,data/IMG/right_2026_08_28_23_41_39_971.jpg,-0.05,1.0,0.0,30.18972
data/IMG/center_2026_08_28_23_41_40_040.jpg,data/IMG/left_2026_08_28_23_41_40_040.jpg,data/IMG/right_2026_08_28_23_41_40_040.jpg,-0.25,1.0,0.0,30.17512
data/IMG/center_2026_08_28_23_41_40_110.jpg,data/IMG/left_2026_08_28_23_41_40_110.jpg,data/IMG/right_2026_08_28_23_41_40_110.jpg,-0.4,1.0,0.0,30.1575
data/IMG/center_2026_08_28_23_41_40_181.jpg,data/IMG/left_2026_08_28_23_41_40_181.jpg,data/IMG/right_2026_08_28_23_41_40_181.jpg,-0.6000001,1.0,0.0,30.13319
data/IMG/center_2026_08_28_23_41_40_252.jpg,data/IMG/left_2026_08_28_23_41_40_252.jpg,data/IMG/right_2026_08_28_23_41_40_252.jpg,-0.7500002,1.0,0.0,30.1146
data/IMG/center_2026_08_28_23_41_40_664.jpg,data/IMG/left_2026_08_28_23_41_40_664.jpg,data/IMG/right_2026_08_28_23_41_40_664.jpg,-0.1,1.0,0.0,30.18781
data/IMG/center_2026_08_28_23_41_40_733.jpg,data/IMG/left_2026_08_28_23_41_40_733.jpg,data/IMG/right_2026_08_28_23_41_40_733.jpg,-0.25,1.0,0.0,30.17355
data/IMG/center_2026_08_28_23_41_40_801.jpg,data/IMG/left_2026_08_28_23_41_40_801.jpg,data/IMG/right_2026_08_28_23_41_40_801.jpg,-0.45,1.0,0.0,30.1521
data/IMG/center_2026_08_28_23_41_40_870.jpg,data/IMG/left_2026_08_28_23_41_40_870.jpg,data/IMG/right_2026_08_28_23_41_40_870.jpg,-0.6000001,1.0,0.0,30.13376
data/IMG/center_2026_08_28_23_41_41_085.jpg,data/IMG/left_2026_08_28_23_41_41_085.jpg,data/IMG/right_2026_08_28_23_41_41_085.jpg,-0.2,1.0,0.0,30.18565
data/IMG/center_2026_08_28_23_41_41_155.jpg,data/IMG/left_2026_08_28_23_41_41_155.jpg,data/IMG/right_2026_08_28_23_41_41_155.jpg,-0.4,1.0,0.0,30.16267
data/IMG/center_2026_08_28_23_41_41_224.jpg,data/IMG/left_2026_08_28_23_41_41_224.jpg,data/IMG/right_2026_08_28_23_41_41_224.jpg,-0.5500001,1.0,0.0,30.14165
data/IMG/center_2026_08_28_23_41_41_296.jpg,data/IMG/left_2026_08_28_23_41_41_296.jpg,data/IMG/right_2026_08_28_23_41_41_296.jpg,-0.7500002,1.0,0.0,30.11595
data/IMG/center_2026_08_28_23_41_41_648.jpg,data/IMG/left_2026_08_28_23_41_41_648.jpg,data/IMG/right_2026_08_28_23_41_41_648.jpg,-0.05,1.0,0.0,30.18728
data/IMG/center_2026_08_28_23_41_41_719.jpg,data/IMG/left_2026_08_28_23_41_41_719.jpg,data/IMG/right_2026_08_28_23_41_41_719.jpg,-0.25,1.0,0.0,30.17608
data/IMG/center_2026_08_28_23_41_41_786.jpg,data/IMG/left_2026_08_28_23_41_41_786.jpg,data/IMG/right_2026_08_28_23_41_41_786.jpg,-0.4,1.0,0.0,30.15895
data/IMG/center_2026_08_28_23_41_41_855.jpg,data/IMG/left_2026_08_28_23_41_41_855.jpg,data/IMG/right_2026_08_28_23_41_41_855.jpg,-0.6000001,1.0,0.0,30.13358
data/IMG/center_2026_08_28_23_41_41_924.jpg,data/IMG/left_2026_08_28_23_41_41_924.jpg,data/IMG/right_2026_08_28_23_41_41_924.jpg,-0.7500002,1.0,0.0,30.115
data/IMG/center_2026_08_28_23_41_42_270.jpg,data/IMG/left_2026_08_28_23_41_42_270.jpg,data/IMG/right_2026_08_28_23_41_42_270.jpg,-0.1,1.0,0.0,30.1891
data/IMG/center_2026_08_28_23_41_42_338.jpg,data/IMG/left_2026_08_28_23_41_42_338.jpg,data/IMG/right_2026_08_28_23_41_42_338.jpg,-0.3,1.0,0.0,30.17106
data/IMG/center_2026_08_28_23_41_42_404.jpg,data/IMG/left_2026_08_28_23_41_42_404.jpg,data/IMG/right_2026_08_28_23_41_42_404.jpg,-0.45,1.0,0.0,30.15305
data/IMG/center_2026_08_28_23_41_42_762.jpg,data/IMG/left_2026_08_28_23_41_42_762.jpg,data/IMG/right_2026_08_28_23_41_42_762.jpg,-0.1,1.0,0.0,30.1883
data/IMG/center_2026_08_28_23_41_42_829.jpg,data/IMG/left_2026_08_28_23_41_42_829.jpg,data/IMG/right_2026_08_28_23_41_42_829.jpg,-0.25,1.0,0.0,30.17549
data/IMG/center_2026_08_28_23_41_42_899.jpg,data/IMG/left_2026_08_28_23_41_42_899.jpg,data/IMG/right_2026_08_28_23_41_42_899.jpg,-0.45,1.0,0.0,30.15196
data/IMG/center_2026_08_28_23_41_43_238.jpg,data/IMG/left_2026_08_28_23_41_43_238.jpg,data/IMG/right_2026_08_28_23_41_43_238.jpg,-0.05,1.0,0.0,30.19004
data/IMG/center_2026_08_28_23_41_43_307.jpg,data/IMG/left_2026_08_28_23_41_43_307.jpg,data/IMG/right_2026_08_28_23_41_43_307.jpg,-0.2,1.0,0.0,30.18134
data/IMG/center_2026_08_28_23_41_43_374.jpg,data/IMG/left_2026_08_28_23_41_43_374.jpg,data/IMG/right_2026_08_28_23_41_43_374.jpg,-0.4,1.0,0.0,30.15876
data/IMG/center_2026_08_28_23_41_43_929.jpg,data/IMG/left_2026_08_28_23_41_43_929.jpg,data/IMG/right_2026_08_28_23_41_43_929.jpg,-0.05,1.0,0.0,30.18972
data/IMG/center_2026_08_28_23_41_43_996.jpg,data/IMG/left_2026_08_28_23_41_43_996.jpg,data/IMG/right_2026_08_28_23_41_43_996.jpg,-0.25,1.0,0.0,30.17482
data/IMG/center_2026_08_28_23_41_44_063.jpg,data/IMG/left_2026_08_28_23_41_44_063.jpg,data/IMG/right_2026_08_28_23_41_44_063.jpg,-0.4,1.0,0.0,30.15753
data/IMG/center_2026_08_28_23_41_44_548.jpg,data/IMG/left_2026_08_28_23_41_44_548.jpg,data/IMG/right_2026_08_28_23_41_44_548.jpg,-0.1,1.0,0.0,30.18785
data/IMG/center_2026_08_28_23_41_44_619.jpg,data/IMG/left_2026_08_28_23_41_44_619.jpg,data/IMG/right_2026_08_28_23_41_44_619.jpg,-0.3,1.0,0.0,30.16951
data/IMG/center_2026_08_28_23_41_45_180.jpg,data/IMG/left_2026_08_28_23_41_45_180.jpg,data/IMG/right_2026_08_28_23_41_45_180.jpg,-0.05,1.0,0.0,30.18975
data/IMG/center_2026_08_28_23_41_45_250.jpg,data/IMG/left_2026_08_28_23_41_45_250.jpg,data/IMG/right_2026_08_28_23_41_45_250.jpg,-0.2,1.0,0.0,30.17988
data/IMG/center_2026_08_28_23_41_48_828.jpg,data/IMG/left_2026_08_28_23_41_48_828.jpg,data/IMG/right_2026_08_28_23_41_48_828.jpg,0.0,1.0,0.0,30.19028
data/IMG/center_2026_08_28_23_41_49_030.jpg,data/IMG/left_2026_08_28_23_41_49_030.jpg,data/IMG/right_2026_08_28_23_41_49_030.jpg,0.1,1.0,0.0,30.1876
data/IMG/center_2026_08_28_23_41_49_099.jpg,data/IMG/left_2026_08_28_23_41_49_099.jpg,data/IMG/right_2026_08_28_23_41_49_099.jpg,0.3,1.0,0.0,30.16924
data/IMG/center_2026_08_28_23_41_49_166.jpg,data/IMG/left_2026_08_28_23_41_49_166.jpg,data/IMG/right_2026_08_28_23_41_49_166.jpg,0.45,1.0,0.0,30.1515
data/IMG/center_2026_08_28_23_41_49_235.jpg,data/IMG/left_2026_08_28_23_41_49_235.jpg,data/IMG/right_2026_08_28_23_41_49_235.jpg,0.6500001,1.0,0.0,30.12708
data/IMG/center_2026_08_28_23_41_49_781.jpg,data/IMG/left_2026_08_28_23_41_49_781.jpg,data/IMG/right_2026_08_28_23_41_49_781.jpg,0.05,1.0,0.0,30.18972
data/IMG/center_2026_08_28_23_41_49_848.jpg,data/IMG/left_2026_08_28_23_41_49_848.jpg,data/IMG/right_2026_08_28_23_41_49_848.jpg,0.2,1.0,0.0,30.17998
data/IMG/center_2026_08_28_23_41_49_915.jpg,data/IMG/left_2026_08_28_23_41_49_915.jpg,data/IMG/right_2026_08_28_23_41_49_915.jpg,0.4,1.0,0.0,30.15756
data/IMG/center_2026_08_28_23_41_49_984.jpg,data/IMG/left_2026_08_28_23_41_49_984.jpg,data/IMG/right_2026_08_28_23_41_49_984.jpg,0.5500001,1.0,0.0,30.13926
data/IMG/center_2026_08_28_23_41_50_053.jpg,data/IMG/left_2026_08_28_23_41_50_053.jpg,data/IMG/right_2026_08_28_23_41_50_053.jpg,0.7,1.0,0.0,30.12174
data/IMG/center_2026_08_28_23_41_50_461.jpg,data/IMG/left_2026_08_28_23_41_50_461.jpg,data/IMG/right_2026_08_28_23_41_50_461.jpg,0.15,1.0,0.0,30.1849
data/IMG/center_2026_08_28_23_41_50_528.jpg,data/IMG/left_2026_08_28_23_41_50_528.jpg,data/IMG/right_2026_08_28_23_41_50_528.jpg,0.3,1.0,0.0,30.17013
data/IMG/center_2026_08_28_23_41_50_595.jpg,data/IMG/left_2026_08_28_23_41_50_595.jpg,data/IMG/right_2026_08_28_23_41_50_595.jpg,0.5000001,1.0,0.0,30.14593
data/IMG/center_2026_08_28_23_41_50_662.jpg,data/IMG/left_2026_08_28_23_41_50_662.jpg,data/IMG/right_2026_08_28_23_41_50_662.jpg,0.6500001,1.0,0.0,30.12736
data/IMG/center_2026_08_28_23_41_50_731.jpg,data/IMG/left_2026_08_28_23_41_50_731.jpg,data/IMG/right_2026_08_28_23_41_50_731.jpg,0.8000001,1.0,0.0,30.10992
data/IMG/center_2026_08_28_23_41_50_801.jpg,data/IMG/left_2026_08_28_23_41_50_801.jpg,data/IMG/right_2026_08_28_23_41_50_801.jpg,1.0,1.0,0.0,30.09052
data/IMG/center_2026_08_28_23_41_50_938.jpg,data/IMG/left_2026_08_28_23_41_50_938.jpg,data/IMG/right_2026_08_28_23_41_50_938.jpg,0.0,1.0,0.0,30.18597
data/IMG/center_2026_08_28_23_41_51_006.jpg,data/IMG/left_2026_08_28_23_41_51_006.jpg,data/IMG/right_2026_08_28_23_41_51_006.jpg,0.0,1.0,0.0,30.18978
data/IMG/center_2026_08_28_23_41_51_141.jpg,data/IMG/left_2026_08_28_23_41_51_141.jpg,data/IMG/right_2026_08_28_23_41_51_141.jpg,0.1,1.0,0.0,30.19152
data/IMG/center_2026_08_28_23_41_51_210.jpg,data/IMG/left_2026_08_28_23_41_51_210.jpg,data/IMG/right_2026_08_28_23_41_51_210.jpg,0.25,1.0,0.0,30.17743
data/IMG/center_2026_08_28_23_41_51_278.jpg,data/IMG/left_2026_08_28_23_41_51_278.jpg,data/IMG/right_2026_08_28_23_41_51_278.jpg,0.45,1.0,0.0,30.14975
data/IMG/center_2026_08_28_23_41_51_558.jpg,data/IMG/left_2026_08_28_23_41_51_558.jpg,data/IMG/right_2026_08_28_23_41_51_558.jpg,0.05,1.0,0.0,30.18989
data/IMG/center_2026_08_28_23_41_51_629.jpg,data/IMG/left_2026_08_28_23_41_51_629.jpg,data/IMG/right_2026_08_28_23_41_51_629.jpg,0.2,1.0,0.0,30.1811
data/IMG/center_2026_08_28_23_41_51_696.jpg,data/IMG/left_2026_08_28_23_41_51_696.jpg,data/IMG/right_2026_08_28_23_41_51_696.jpg,0.4,1.0,0.0,30.15857
data/IMG/center_2026_08_28_23_41_51_767.jpg,data/IMG/left_2026_08_28_23_41_51_767.jpg,data/IMG/right_2026_08_28_23_41_51_767.jpg,0.5500001,1.0,0.0,30.1399
data/IMG/center_2026_08_28_23_41_51_835.jpg,data/IMG/left_2026_08_28_23_41_51_835.jpg,data/IMG/right_2026_08_28_23_41_51_835.jpg,0.7500002,1.0,0.0,30.11497
data/IMG/center_2026_08_28_23_41_51_969.jpg,data/IMG/left_2026_08_28_23_41_51_969.jpg,data/IMG/right_2026_08_28_23_41_51_969.jpg,0.0,1.0,0.0,30.18255
data/IMG/center_2026_08_28_23_41_52_175.jpg,data/IMG/left_2026_08_28_23_41_52_175.jpg,data/IMG/right_2026_08_28_23_41_52_175.jpg,0.15,1.0,0.0,30.18682
data/IMG/center_2026_08_28_23_41_52_246.jpg,data/IMG/left_2026_08_28_23_41_52_246.jpg,data/IMG/right_2026_08_28_23_41_52_246.jpg,0.3,1.0,0.0,30.17214
data/IMG/center_2026_08_28_23_41_52_317.jpg,data/IMG/left_2026_08_28_23_41_52_317.jpg,data/IMG/right_2026_08_28_23_41_52_317.jpg,0.5000001,1.0,0.0,30.14724
data/IMG/center_2026_08_28_23_41_52_387.jpg,data/IMG/left_2026_08_28_23_41_52_387.jpg,data/IMG/right_2026_08_28_23_41_52_387.jpg,0.6500001,1.0,0.0,30.12838
data/IMG/center_2026_08_28_23_41_52_663.jpg,data/IMG/left_2026_08_28_23_41_52_663.jpg,data/IMG/right_2026_08_28_23_41_52_663.jpg,0.15,1.0,0.0,30.18858
data/IMG/center_2026_08_28_23_41_52_734.jpg,data/IMG/left_2026_08_28_23_41_52_734.jpg,data/IMG/right_2026_08_28_23_41_52_734.jpg,0.35,1.0,0.0,30.16852
data/IMG/center_2026_08_28_23_41_52_806.jpg,data/IMG/left_2026_08_28_23_41_52_806.jpg,data/IMG/right_2026_08_28_23_41_52_806.jpg,0.5000001,1.0,0.0,30.14909
data/IMG/center_2026_08_28_23_41_53_017.jpg,data/IMG/left_2026_08_28_23_41_53_017.jpg,data/IMG/right_2026_08_28_23_41_53_017.jpg,0.0,1.0,0.0,30.19011
data/IMG/center_2026_08_28_23_41_53_579.jpg,data/IMG/left_2026_08_28_23_41_53_579.jpg,data/IMG/right_2026_08_28_23_41_53_579.jpg,0.1,1.0,0.0,30.18762
data/IMG/center_2026_08_28_23_41_54_615.jpg,data/IMG/left_2026_08_28_23_41_54_615.jpg,data/IMG/right_2026_08_28_23_41_54_615.jpg,0.0,1.0,0.0,30.19032
data/IMG/center_2026_08_28_23_41_55_792.jpg,data/IMG/left_2026_08_28_23_41_55_792.jpg,data/IMG/right_2026_08_28_23_41_55_792.jpg,0.0,1.0,0.0,30.1903
data/IMG/center_2026_08_28_23_41_55_929.jpg,data/IMG/left_2026_08_28_23_41_55_929.jpg,data/IMG/right_2026_08_28_23_41_55_929.jpg,0.0,1.0,0.0,30.19032
data/IMG/center_2026_08_28_23_41_58_195.jpg,data/IMG/left_2026_08_28_23_41_58_195.jpg,data/IMG/right_2026_08_28_23_41_58_195.jpg,-0.2,1.0,0.0,30.17985
data/IMG/center_2026_08_28_23_41_58_264.jpg,data/IMG/left_2026_08_28_23_41_58_264.jpg,data/IMG/right_2026_08_28_23_41_58_264.jpg,-0.35,1.0,0.0,30.16346
data/IMG/center_2026_08_28_23_41_58_331.jpg,data/IMG/left_2026_08_28_23_41_58_331.jpg,data/IMG/right_2026_08_28_23_41_58_331.jpg,-0.5000001,1.0,0.0,30.14537
data/IMG/center_2026_08_28_23_41_58_606.jpg,data/IMG/left_2026_08_28_23_41_58_606.jpg,data/IMG/right_2026_08_28_23_41_58_606.jpg,-0.05,1.0,0.0,30.19003
data/IMG/center_2026_08_28_23_41_58_678.jpg,data/IMG/left_2026_08_28_23_41_58_678.jpg,data/IMG/right_2026_08_28_23_41_58_678.jpg,-0.25,1.0,0.0,30.17664
data/IMG/center_2026_08_28_23_41_58_748.jpg,data/IMG/left_2026_08_28_23_41_58_748.jpg,data/IMG/right_2026_08_28_23_41_58_748.jpg,-0.4,1.0,0.0,30.15885
data/IMG/center_2026_08_28_23_41_58_817.jpg,data/IMG/left_2026_08_28_23_41_58_817.jpg,data/IMG/right_2026_08_28_23_41_58_817.jpg,-0.6000001,1.0,0.0,30.134
data/IMG/center_2026_08_28_23_41_59_021.jpg,data/IMG/left_2026_08_28_23_41_59_021.jpg,data/IMG/right_2026_08_28_23_41_59_021.jpg,0.0,1.0,0.0,30.18969
data/IMG/center_2026_08_28_23_41_59_362.jpg,data/IMG/left_2026_08_28_23_41_59_362.jpg,data/IMG/right_2026_08_28_23_41_59_362.jpg,-0.1,1.0,0.0,30.18777
data/IMG/center_2026_08_28_23_41_59_431.jpg,data/IMG/left_2026_08_28_23_41_59_431.jpg,data/IMG/right_2026_08_28_23_41_59_431.jpg,-0.25,1.0,0.0,30.17486
data/IMG/center_2026_08_28_23_41_59_498.jpg,data/IMG/left_2026_08_28_23_41_59_498.jpg,data/IMG/right_2026_08_28_23_41_59_498.jpg,-0.45,1.0,0.0,30.15148
data/IMG/center_2026_08_28_23_41_59_567.jpg,data/IMG/left_2026_08_28_23_41_59_567.jpg,data/IMG/right_2026_08_28_23_41_59_567.jpg,-0.6000001,1.0,0.0,30.1331
data/IMG/center_2026_08_28_23_41_59_981.jpg,data/IMG/left_2026_08_28_23_41_59_981.jpg,data/IMG/right_2026_08_28_23_41_59_981.jpg,0.0,1.0,0.0,30.19029
data/IMG/center_2026_08_28_23_42_00_457.jpg,data/IMG/left_2026_08_28_23_42_00_457.jpg,data/IMG/right_2026_08_28_23_42_00_457.jpg,-0.2,1.0,0.0,30.17977
data/IMG/center_2026_08_28_23_42_00_528.jpg,data/IMG/left_2026_08_28_23_42_00_528.jpg,data/IMG/right_2026_08_28_23_42_00_528.jpg,-0.35,1.0,0.0,30.16337
data/IMG/center_2026_08_28_23_42_00_598.jpg,data/IMG/left_2026_08_28_23_42_00_598.jpg,data/IMG/right_2026_08_28_23_42_00_598.jpg,-0.5500001,1.0,0.0,30.13954
data/IMG/center_2026_08_28_23_42_00_667.jpg,data/IMG/left_2026_08_28_23_42_00_667.jpg,data/IMG/right_2026_08_28_23_42_00_667.jpg,-0.7,1.0,0.0,30.1208
data/IMG/center_2026_08_28_23_42_01_076.jpg,data/IMG/left_2026_08_28_23_42_01_076.jpg,data/IMG/right_2026_08_28_23_42_01_076.jpg,-0.05,1.0,0.0,30.19139
data/IMG/center_2026_08_28_23_42_01_144.jpg,data/IMG/left_2026_08_28_23_42_01_144.jpg,data/IMG/right_2026_08_28_23_42_01_144.jpg,-0.2,1.0,0.0,30.1796
data/IMG/center_2026_08_28_23_42_01_211.jpg,data/IMG/left_2026_08_28_23_42_01_211.jpg,data/IMG/right_2026_08_28_23_42_01_211.jpg,-0.35,1.0,0.0,30.16356
data/IMG/center_2026_08_28_23_42_01_278.jpg,data/IMG/left_2026_08_28_23_42_01_278.jpg,data/IMG/right_2026_08_28_23_42_01_278.jpg,-0.5500001,1.0,0.0,30.13606
data/IMG/center_2026_08_28_23_42_01_484.jpg,data/IMG/left_2026_08_28_23_42_01_484.jpg,data/IMG/right_2026_08_28_23_42_01_484.jpg,-0.05,1.0,0.0,30.19025
data/IMG/center_2026_08_28_23_42_01_554.jpg,data/IMG/left_2026_08_28_23_42_01_554.jpg,data/IMG/right_2026_08_28_23_42_01_554.jpg,-0.25,1.0,0.0,30.17815
data/IMG/center_2026_08_28_23_42_01_620.jpg,data/IMG/left_2026_08_28_23_42_01_620.jpg,data/IMG/right_2026_08_28_23_42_01_620.jpg,-0.4,1.0,0.0,30.1601
data/IMG/center_2026_08_28_23_42_01_688.jpg,data/IMG/left_2026_08_28_23_42_01_688.jpg,data/IMG/right_2026_08_28_23_42_01_688.jpg,-0.5500001,1.0,0.0,30.14135
data/IMG/center_2026_08_28_23_42_01_959.jpg,data/IMG/left_2026_08_28_23_42_01_959.jpg,data/IMG/right_2026_08_28_23_42_01_959.jpg,-0.15,1.0,0.0,30.18656
data/IMG/center_2026_08_28_23_42_02_029.jpg,data/IMG/left_2026_08_28_23_42_02_029.jpg,data/IMG/right_2026_08_28_23_42_02_029.jpg,-0.3,1.0,0.0,30.17192
data/IMG/center_2026_08_28_23_42_02_096.jpg,data/IMG/left_2026_08_28_23_42_02_096.jpg,data/IMG/right_2026_08_28_23_42_02_096.jpg,-0.5000001,1.0,0.0,30.14713
data/IMG/center_2026_08_28_23_42_02_165.jpg,data/IMG/left_2026_08_28_23_42_02_165.jpg,data/IMG/right_2026_08_28_23_42_02_165.jpg,-0.6500001,1.0,0.0,30.12833
data/IMG/center_2026_08_28_23_42_02_652.jpg,data/IMG/left_2026_08_28_23_42_02_652.jpg,data/IMG/right_2026_08_28_23_42_02_652.jpg,-0.15,1.0,0.0,30.18496
data/IMG/center_2026_08_28_23_42_02_720.jpg,data/IMG/left_2026_08_28_23_42_02_720.jpg,data/IMG/right_2026_08_28_23_42_02_720.jpg,-0.35,1.0,0.0,30.16418
data/IMG/center_2026_08_28_23_42_02_790.jpg,data/IMG/left_2026_08_28_23_42_02_790.jpg,data/IMG/right_2026_08_28_23_42_02_790.jpg,-0.5000001,1.0,0.0,30.14569
data/IMG/center_2026_08_28_23_42_02_995.jpg,data/IMG/left_2026_08_28_23_42_02_995.jpg,data/IMG/right_2026_08_28_23_42_02_995.jpg,0.0,1.0,0.0,30.18976
data/IMG/center_2026_08_28_23_42_03_130.jpg,data/IMG/left_2026_08_28_23_42_03_130.jpg,data/IMG/right_2026_08_28_23_42_03_130.jpg,-0.05,1.0,0.0,30.18954
data/IMG/center_2026_08_28_23_42_03_199.jpg,data/IMG/left_2026_08_28_23_42_03_199.jpg,data/IMG/right_2026_08_28_23_42_03_199.jpg,-0.25,1.0,0.0,30.17568
data/IMG/center_2026_08_28_23_42_03_268.jpg,data/IMG/left_2026_08_28_23_42_03_268.jpg,data/IMG/right_2026_08_28_23_42_03_268.jpg,-0.4,1.0,0.0,30.15815
data/IMG/center_2026_08_28_23_42_03_681.jpg,data/IMG/left_2026_08_28_23_42_03_681.jpg,data/IMG/right_2026_08_28_23_42_03_681.jpg,-0.2,1.0,0.0,30.18275
data/IMG/center_2026_08_28_23_42_03_750.jpg,data/IMG/left_2026_08_28_23_42_03_750.jpg,data/IMG/right_2026_08_28_23_42_03_750.jpg,-0.35,1.0,0.0,30.16416
data/IMG/center_2026_08_28_23_42_03_822.jpg,data/IMG/left_2026_08_28_23_42_03_822.jpg,data/IMG/right_2026_08_28_23_42_03_822.jpg,-0.5500001,1.0,0.0,30.14031
data/IMG/center_2026_08_28_23_42_04_164.jpg,data/IMG/left_2026_08_28_23_42_04_164.jpg,data/IMG/right_2026_08_28_23_42_04_164.jpg,0.0,1.0,0.0,30.19048
data/IMG/center_2026_08_28_23_42_04_235.jpg,data/IMG/left_2026_08_28_23_42_04_235.jpg,data/IMG/right_2026_08_28_23_42_04_235.jpg,-0.1,1.0,0.0,30.18966
data/IMG/center_2026_08_28_23_42_04_304.jpg,data/IMG/left_2026_08_28_23_42_04_304.jpg,data/IMG/right_2026_08_28_23_42_04_304.jpg,-0.25,1.0,0.0,30.17561
data/IMG/center_2026_08_28_23_42_04_370.jpg,data/IMG/left_2026_08_28_23_42_04_370.jpg,data/IMG/right_2026_08_28_23_42_04_370.jpg,-0.4,1.0,0.0,30.1586
data/IMG/center_2026_08_28_23_42_04_991.jpg,data/IMG/left_2026_08_28_23_42_04_991.jpg,data/IMG/right_2026_08_28_23_42_04_991.jpg,-0.1,1.0,0.0,30.18771
data/IMG/center_2026_08_28_23_42_05_059.jpg,data/IMG/left_2026_08_28_23_42_05_059.jpg,data/IMG/right_2026_08_28_23_42_05_059.jpg,-0.3,1.0,0.0,30.16933
data/IMG/center_2026_08_28_23_42_05_612.jpg,data/IMG/left_2026_08_28_23_42_05_612.jpg,data/IMG/right_2026_08_28_23_42_05_612.jpg,-0.1,1.0,0.0,30.1878
data/IMG/center_2026_08_28_23_42_05_682.jpg,data/IMG/left_2026_08_28_23_42_05_682.jpg,data/IMG/right_2026_08_28_23_42_05_682.jpg,-0.3,1.0,0.0,30.16941
data/IMG/center_2026_08_28_23_42_05_749.jpg,data/IMG/left_2026_08_28_23_42_05_749.jpg,data/IMG/right_2026_08_28_23_42_05_749.jpg,-0.45,1.0,0.0,30.15153
data/IMG/center_2026_08_28_23_42_06_502.jpg,data/IMG/left_2026_08_28_23_42_06_502.jpg,data/IMG/right_2026_08_28_23_42_06_502.jpg,-0.05,1.0,0.0,30.18969
data/IMG/center_2026_08_28_23_42_06_570.jpg,data/IMG/left_2026_08_28_23_42_06_570.jpg,data/IMG/right_2026_08_28_23_42_06_570.jpg,-0.2,1.0,0.0,30.17977
data/IMG/center_2026_08_28_23_42_06_637.jpg,data/IMG/left_2026_08_28_23_42_06_637.jpg,data/IMG/right_2026_08_28_23_42_06_637.jpg,-0.4,1.0,0.0,30.15741
data/IMG/center_2026_08_28_23_42_06_979.jpg,data/IMG/left_2026_08_28_23_42_06_979.jpg,data/IMG/right_2026_08_28_23_42_06_979.jpg,-0.15,1.0,0.0,30.1855
data/IMG/center_2026_08_28_23_42_07_046.jpg,data/IMG/left_2026_08_28_23_42_07_046.jpg,data/IMG/right_2026_08_28_23_42_07_046.jpg,-0.3,1.0,0.0,30.17066
data/IMG/center_2026_08_28_23_42_07_728.jpg,data/IMG/left_2026_08_28_23_42_07_728.jpg,data/IMG/right_2026_08_28_23_42_07_728.jpg,-0.05,1.0,0.0,30.18969
data/IMG/center_2026_08_28_23_42_07_796.jpg,data/IMG/left_2026_08_28_23_42_07_796.jpg,data/IMG/right_2026_08_28_23_42_07_796.jpg,-0.25,1.0,0.0,30.17475
data/IMG/center_2026_08_28_23_42_07_866.jpg,data/IMG/left_2026_08_28_23_42_07_866.jpg,data/IMG/right_2026_08_28_23_42_07_866.jpg,-0.4,1.0,0.0,30.15766
data/IMG/center_2026_08_28_23_42_08_279.jpg,data/IMG/left_2026_08_28_23_42_08_279.jpg,data/IMG/right_2026_08_28_23_42_08_279.jpg,0.0,1.0,0.0,30.19031
data/IMG/center_2026_08_28_23_42_08_969.jpg,data/IMG/left_2026_08_28_23_42_08_969.jpg,data/IMG/right_2026_08_28_23_42_08_969.jpg,0.0,1.0,0.0,30.19028
data/IMG/center_2026_08_28_23_42_09_111.jpg,data/IMG/left_2026_08_28_23_42_09_111.jpg,data/IMG/right_2026_08_28_23_42_09_111.jpg,-0.15,1.0,0.0,30.18429
data/IMG/center_2026_08_28_23_42_09_180.jpg,data/IMG/left_2026_08_28_23_42_09_180.jpg,data/IMG/right_2026_08_28_23_42_09_180.jpg,-0.35,1.0,0.0,30.16345
data/IMG/center_2026_08_28_23_42_09_524.jpg,data/IMG/left_2026_08_28_23_42_09_524.jpg,data/IMG/right_2026_08_28_23_42_09_524.jpg,-0.1,1.0,0.0,30.18866
data/IMG/center_2026_08_28_23_42_09_595.jpg,data/IMG/left_2026_08_28_23_42_09_595.jpg,data/IMG/right_2026_08_28_23_42_09_595.jpg,-0.3,1.0,0.0,30.17064
data/IMG/center_2026_08_28_23_42_09_732.jpg,data/IMG/left_2026_08_28_23_42_09_732.jpg,data/IMG/right_2026_08_28_23_42_09_732.jpg,0.0,1.0,0.0,30.18901
data/IMG/center_2026_08_28_23_42_10_345.jpg,data/IMG/left_2026_08_28_23_42_10_345.jpg,data/IMG/right_2026_08_28_23_42_10_345.jpg,-0.15,1.0,0.0,30.18421
data/IMG/center_2026_08_28_23_42_10_413.jpg,data/IMG/left_2026_08_28_23_42_10_413.jpg,data/IMG/right_2026_08_28_23_42_10_413.jpg,-0.3,1.0,0.0,30.16923
data/IMG/center_2026_08_28_23_42_10_482.jpg,data/IMG/left_2026_08_28_23_42_10_482.jpg,data/IMG/right_2026_08_28_23_42_10_482.jpg,-0.5000001,1.0,0.0,30.14534
data/IMG/center_2026_08_28_23_42_11_239.jpg,data/IMG/left_2026_08_28_23_42_11_239.jpg,data/IMG/right_2026_08_28_23_42_11_239.jpg,0.0,1.0,0.0,30.19027
data/IMG/center_2026_08_28_23_42_11_511.jpg,data/IMG/left_2026_08_28_23_42_11_511.jpg,data/IMG/right_2026_08_28_23_42_11_511.jpg,0.0,1.0,0.0,30.19025
data/IMG/center_2026_08_29_20_13_14_431.jpg,data/IMG/left_2026_08_29_20_13_14_431.jpg,data/IMG/right_2026_08_29_20_13_14_431.jpg,0.05,1.0,0.0,12.06659
data/IMG/center_2026_08_29_20_13_14_502.jpg,data/IMG/left_2026_08_29_20_13_14_502.jpg,data/IMG/right_2026_08_29_20_13_14_502.jpg,0.2,1.0,0.0,12.55915
data/IMG/center_2026_08_29_20_13_14_775.jpg,data/IMG/left_2026_08_29_20_13_14_775.jpg,data/IMG/right_2026_08_29_20_13_14_775.jpg,0.1,1.0,0.0,15.40761
data/IMG/center_2026_08_29_20_13_15_250.jpg,data/IMG/left_2026_08_29_20_13_15_250.jpg,data/IMG/right_2026_08_29_20_13_15_250.jpg,0.1,1.0,0.0,20.46337
data/IMG/center_2026_08_29_20_13_15_317.jpg,data/IMG/left_2026_08_29_20_13_15_317.jpg,data/IMG/right_2026_08_29_20_13_15_317.jpg,0.25,1.0,0.0,21.12658
data/IMG/center_2026_08_29_20_13_15_387.jpg,data/IMG/left_2026_08_29_20_13_15_387.jpg,data/IMG/right_2026_08_29_20_13_15_387.jpg,0.45,1.0,0.0,21.82211
data/IMG/center_2026_08_29_20_13_15_662.jpg,data/IMG/left_2026_08_29_20_13_15_662.jpg,data/IMG/right_2026_08_29_20_13_15_662.jpg,0.0,1.0,0.0,24.32054
data/IMG/center_2026_08_29_20_13_15_730.jpg,data/IMG/left_2026_08_29_20_13_15_730.jpg,data/IMG/right_2026_08_29_20_13_15_730.jpg,0.2,1.0,0.0,25.07893
data/IMG/center_2026_08_29_20_13_15_800.jpg,data/IMG/left_2026_08_29_20_13_15_800.jpg,data/IMG/right_2026_08_29_20_13_15_800.jpg,0.35,1.0,0.0,25.60224
data/IMG/center_2026_08_29_20_13_16_139.jpg,data/IMG/left_2026_08_29_20_13_16_139.jpg,data/IMG/right_2026_08_29_20_13_16_139.jpg,0.1,1.0,0.0,28.74979
data/IMG/center_2026_08_29_20_13_16_208.jpg,data/IMG/left_2026_08_29_20_13_16_208.jpg,data/IMG/right_2026_08_29_20_13_16_208.jpg,0.0,1.0,0.0,29.47963
data/IMG/center_2026_08_29_20_13_17_169.jpg,data/IMG/left_2026_08_29_20_13_17_169.jpg,data/IMG/right_2026_08_29_20_13_17_169.jpg,0.05,1.0,0.0,30.18984
data/IMG/center_2026_08_29_20_13_17_239.jpg,data/IMG/left_2026_08_29_20_13_17_239.jpg,data/IMG/right_2026_08_29_20_13_17_239.jpg,0.2,1.0,0.0,30.18032
data/IMG/center_2026_08_29_20_13_17_992.jpg,data/IMG/left_2026_08_29_20_13_17_992.jpg,data/IMG/right_2026_08_29_20_13_17_992.jpg,0.0,1.0,0.0,30.19034
data/IMG/center_2026_08_29_20_13_18_540.jpg,data/IMG/left_2026_08_29_20_13_18_540.jpg,data/IMG/right_2026_08_29_20_13_18_540.jpg,-0.05,1.0,0.0,30.18975
data/IMG/center_2026_08_29_20_13_18_608.jpg,data/IMG/left_2026_08_29_20_13_18_608.jpg,data/IMG/right_2026_08_29_20_13_18_608.jpg,-0.25,1.0,0.0,30.17474
data/IMG/center_2026_08_29_20_13_18_948.jpg,data/IMG/left_2026_08_29_20_13_18_948.jpg,data/IMG/right_2026_08_29_20_13_18_948.jpg,0.2,1.0,0.0,30.17885
data/IMG/center_2026_08_29_20_13_20_444.jpg,data/IMG/left_2026_08_29_20_13_20_444.jpg,data/IMG/right_2026_08_29_20_13_20_444.jpg,-0.15,1.0,0.0,30.18426
data/IMG/center_2026_08_29_20_13_20_510.jpg,data/IMG/left_2026_08_29_20_13_20_510.jpg,data/IMG/right_2026_08_29_20_13_20_510.jpg,-0.3,1.0,0.0,30.16923
data/IMG/center_2026_08_29_20_13_20_850.jpg,data/IMG/left_2026_08_29_20_13_20_850.jpg,data/IMG/right_2026_08_29_20_13_20_850.jpg,-0.1,1.0,0.0,30.18807
data/IMG/center_2026_08_29_20_13_20_916.jpg,data/IMG/left_2026_08_29_20_13_20_916.jpg,data/IMG/right_2026_08_29_20_13_20_916.jpg,-0.25,1.0,0.0,30.17538
data/IMG/center_2026_08_29_20_13_20_985.jpg,data/IMG/left_2026_08_29_20_13_20_985.jpg,data/IMG/right_2026_08_29_20_13_20_985.jpg,-0.45,1.0,0.0,30.15191
data/IMG/center_2026_08_29_20_13_21_387.jpg,data/IMG/left_2026_08_29_20_13_21_387.jpg,data/IMG/right_2026_08_29_20_13_21_387.jpg,-0.05,1.0,0.0,30.18986
data/IMG/center_2026_08_29_20_13_21_455.jpg,data/IMG/left_2026_08_29_20_13_21_455.jpg,data/IMG/right_2026_08_29_20_13_21_455.jpg,-0.2,1.0,0.0,30.18048
data/IMG/center_2026_08_29_20_13_21_522.jpg,data/IMG/left_2026_08_29_20_13_21_522.jpg,data/IMG/right_2026_08_29_20_13_21_522.jpg,-0.35,1.0,0.0,30.164
data/IMG/center_2026_08_29_20_13_21_590.jpg,data/IMG/left_2026_08_29_20_13_21_590.jpg,data/IMG/right_2026_08_29_20_13_21_590.jpg,-0.5500001,1.0,0.0,30.13931
data/IMG/center_2026_08_29_20_13_21_864.jpg,data/IMG/left_2026_08_29_20_13_21_864.jpg,data/IMG/right_2026_08_29_20_13_21_864.jpg,-0.2,1.0,0.0,30.18279
data/IMG/center_2026_08_29_20_13_21_930.jpg,data/IMG/left_2026_08_29_20_13_21_930.jpg,data/IMG/right_2026_08_29_20_13_21_930.jpg,-0.35,1.0,0.0,30.16623
data/IMG/center_2026_08_29_20_13_22_000.jpg,data/IMG/left_2026_08_29_20_13_22_000.jpg,data/IMG/right_2026_08_29_20_13_22_000.jpg,-0.5000001,1.0,0.0,30.1472
data/IMG/center_2026_08_29_20_13_22_067.jpg,data/IMG/left_2026_08_29_20_13_22_067.jpg,data/IMG/right_2026_08_29_20_13_22_067.jpg,-0.7,1.0,0.0,30.12229
data/IMG/center_2026_08_29_20_13_22_408.jpg,data/IMG/left_2026_08_29_20_13_22_408.jpg,data/IMG/right_2026_08_29_20_13_22_408.jpg,-0.2,1.0,0.0,30.18199
data/IMG/center_2026_08_29_20_13_22_475.jpg,data/IMG/left_2026_08_29_20_13_22_475.jpg,data/IMG/right_2026_08_29_20_13_22_475.jpg,-0.35,1.0,0.0,30.16516
data/IMG/center_2026_08_29_20_13_22_543.jpg,data/IMG/left_2026_08_29_20_13_22_543.jpg,data/IMG/right_2026_08_29_20_13_22_543.jpg,-0.5500001,1.0,0.0,30.14059
data/IMG/center_2026_08_29_20_13_22_612.jpg,data/IMG/left_2026_08_29_20_13_22_612.jpg,data/IMG/right_2026_08_29_20_13_22_612.jpg,-0.7,1.0,0.0,30.122
data/IMG/center_2026_08_29_20_13_22_679.jpg,data/IMG/left_2026_08_29_20_13_22_679.jpg,data/IMG/right_2026_08_29_20_13_22_679.jpg,-0.8500001,1.0,0.0,30.10602
data/IMG/center_2026_08_29_20_13_23_020.jpg,data/IMG/left_2026_08_29_20_13_23_020.jpg,data/IMG/right_2026_08_29_20_13_23_020.jpg,-0.15,1.0,0.0,30.18722
data/IMG/center_2026_08_29_20_13_23_089.jpg,data/IMG/left_2026_08_29_20_13_23_089.jpg,data/IMG/right_2026_08_29_20_13_23_089.jpg,-0.35,1.0,0.0,30.1667
data/IMG/center_2026_08_29_20_13_23_159.jpg,data/IMG/left_2026_08_29_20_13_23_159.jpg,data/IMG/right_2026_08_29_20_13_23_159.jpg,-0.5000001,1.0,0.0,30.14768
data/IMG/center_2026_08_29_20_13_23_227.jpg,data/IMG/left_2026_08_29_20_13_23_227.jpg,data/IMG/right_2026_08_29_20_13_23_227.jpg,-0.7,1.0,0.0,30.12294
data/IMG/center_2026_08_29_20_13_23_500.jpg,data/IMG/left_2026_08_29_20_13_23_500.jpg,data/IMG/right_2026_08_29_20_13_23_500.jpg,-0.15,1.0,0.0,30.18768
data/IMG/center_2026_08_29_20_13_23_570.jpg,data/IMG/left_2026_08_29_20_13_23_570.jpg,data/IMG/right_2026_08_29_20_13_23_570.jpg,-0.35,1.0,0.0,30.16731
data/IMG/center_2026_08_29_20_13_23_639.jpg,data/IMG/left_2026_08_29_20_13_23_639.jpg,data/IMG/right_2026_08_29_20_13_23_639.jpg,-0.5000001,1.0,0.0,30.14812
data/IMG/center_2026_08_29_20_13_23_844.jpg,data/IMG/left_2026_08_29_20_13_23_844.jpg,data/IMG/right_2026_08_29_20_13_23_844.jpg,-0.15,1.0,0.0,30.18696
data/IMG/center_2026_08_29_20_13_23_911.jpg,data/IMG/left_2026_08_29_20_13_23_911.jpg,data/IMG/right_2026_08_29_20_13_23_911.jpg,-0.3,1.0,0.0,30.17299
data/IMG/center_2026_08_29_20_13_23_978.jpg,data/IMG/left_2026_08_29_20_13_23_978.jpg,data/IMG/right_2026_08_29_20_13_23_978.jpg,-0.45,1.0,0.0,30.15434
data/IMG/center_2026_08_29_20_13_24_050.jpg,data/IMG/left_2026_08_29_20_13_24_050.jpg,data/IMG/right_2026_08_29_20_13_24_050.jpg,-0.6500001,1.0,0.0,30.12884
data/IMG/center_2026_08_29_20_13_24_456.jpg,data/IMG/left_2026_08_29_20_13_24_456.jpg,data/IMG/right_2026_08_29_20_13_24_456.jpg,-0.1,1.0,0.0,30.1885
data/IMG/center_2026_08_29_20_13_24_527.jpg,data/IMG/left_2026_08_29_20_13_24_527.jpg,data/IMG/right_2026_08_29_20_13_24_527.jpg,-0.3,1.0,0.0,30.17034
data/IMG/center_2026_08_29_20_13_24_597.jpg,data/IMG/left_2026_08_29_20_13_24_597.jpg,data/IMG/right_2026_08_29_20_13_24_597.jpg,-0.45,1.0,0.0,30.15198
data/IMG/center_2026_08_29_20_13_25_009.jpg,data/IMG/left_2026_08_29_20_13_25_009.jpg,data/IMG/right_2026_08_29_20_13_25_009.jpg,-0.1,1.0,0.0,30.18811
data/IMG/center_2026_08_29_20_13_25_149.jpg,data/IMG/left_2026_08_29_20_13_25_149.jpg,data/IMG/right_2026_08_29_20_13_25_149.jpg,0.0,1.0,0.0,30.19009
data/IMG/center_2026_08_29_20_13_26_031.jpg,data/IMG/left_2026_08_29_20_13_26_031.jpg,data/IMG/right_2026_08_29_20_13_26_031.jpg,-0.2,1.0,0.0,30.17982
data/IMG/center_2026_08_29_20_13_27_484.jpg,data/IMG/left_2026_08_29_20_13_27_484.jpg,data/IMG/right_2026_08_29_20_13_27_484.jpg,0.0,1.0,0.0,30.19028
data/IMG/center_2026_08_29_20_13_27_836.jpg,data/IMG/left_2026_08_29_20_13_27_836.jpg,data/IMG/right_2026_08_29_20_13_27_836.jpg,0.05,1.0,0.0,30.18974
data/IMG/center_2026_08_29_20_13_28_460.jpg,data/IMG/left_2026_08_29_20_13_28_460.jpg,data/IMG/right_2026_08_29_20_13_28_460.jpg,0.05,1.0,0.0,30.18972
data/IMG/center_2026_08_29_20_13_28_530.jpg,data/IMG/left_2026_08_29_20_13_28_530.jpg,data/IMG/right_2026_08_29_20_13_28_530.jpg,0.25,1.0,0.0,30.17478
data/IMG/center_2026_08_29_20_13_28_942.jpg,data/IMG/left_2026_08_29_20_13_28_942.jpg,data/IMG/right_2026_08_29_20_13_28_942.jpg,0.0,1.0,0.0,30.19028
data/IMG/center_2026_08_29_20_13_29_558.jpg,data/IMG/left_2026_08_29_20_13_29_558.jpg,data/IMG/right_2026_08_29_20_13_29_558.jpg,0.0,1.0,0.0,30.1903
data/IMG/center_2026_08_29_20_13_29_766.jpg,data/IMG/left_2026_08_29_20_13_29_766.jpg,data/IMG/right_2026_08_29_20_13_29_766.jpg,0.2,1.0,0.0,30.17981
data/IMG/center_2026_08_29_20_13_30_106.jpg,data/IMG/left_2026_08_29_20_13_30_106.jpg,data/IMG/right_2026_08_29_20_13_30_106.jpg,0.1,1.0,0.0,30.18825
data/IMG/center_2026_08_29_20_13_30_174.jpg,data/IMG/left_2026_08_29_20_13_30_174.jpg,data/IMG/right_2026_08_29_20_13_30_174.jpg,0.25,1.0,0.0,30.17571
data/IMG/center_2026_08_29_20_13_30_312.jpg,data/IMG/left_2026_08_29_20_13_30_312.jpg,data/IMG/right_2026_08_29_20_13_30_312.jpg,0.0,1.0,0.0,30.18955
data/IMG/center_2026_08_29_20_13_30_513.jpg,data/IMG/left_2026_08_29_20_13_30_513.jpg,data/IMG/right_2026_08_29_20_13_30_513.jpg,0.15,1.0,0.0,30.18528
data/IMG/center_2026_08_29_20_13_30_579.jpg,data/IMG/left_2026_08_29_20_13_30_579.jpg,data/IMG/right_2026_08_29_20_13_30_579.jpg,0.3,1.0,0.0,30.1703
data/IMG/center_2026_08_29_20_13_31_267.jpg,data/IMG/left_2026_08_29_20_13_31_267.jpg,data/IMG/right_2026_08_29_20_13_31_267.jpg,0.15,1.0,0.0,30.18423
data/IMG/center_2026_08_29_20_13_31_336.jpg,data/IMG/left_2026_08_29_20_13_31_336.jpg,data/IMG/right_2026_08_29_20_13_31_336.jpg,0.3,1.0,0.0,30.16926
data/IMG/center_2026_08_29_20_13_31_406.jpg,data/IMG/left_2026_08_29_20_13_31_406.jpg,data/IMG/right_2026_08_29_20_13_31_406.jpg,0.5000001,1.0,0.0,30.14534
data/IMG/center_2026_08_29_20_13_31_678.jpg,data/IMG/left_2026_08_29_20_13_31_678.jpg,data/IMG/right_2026_08_29_20_13_31_678.jpg,0.15,1.0,0.0,30.18649
data/IMG/center_2026_08_29_20_13_31_747.jpg,data/IMG/left_2026_08_29_20_13_31_747.jpg,data/IMG/right_2026_08_29_20_13_31_747.jpg,0.35,1.0,0.0,30.16591
data/IMG/center_2026_08_29_20_13_31_816.jpg,data/IMG/left_2026_08_29_20_13_31_816.jpg,data/IMG/right_2026_08_29_20_13_31_816.jpg,0.5000001,1.0,0.0,30.14718
data/IMG/center_2026_08_29_20_13_31_886.jpg,data/IMG/left_2026_08_29_20_13_31_886.jpg,data/IMG/right_2026_08_29_20_13_31_886.jpg,0.7,1.0,0.0,30.12197
data/IMG/center_2026_08_29_20_13_31_953.jpg,data/IMG/left_2026_08_29_20_13_31_953.jpg,data/IMG/right_2026_08_29_20_13_31_953.jpg,0.8500001,1.0,0.0,30.10593
data/IMG/center_2026_08_29_20_13_32_023.jpg,data/IMG/left_2026_08_29_20_13_32_023.jpg,data/IMG/right_2026_08_29_20_13_32_023.jpg,0.0,1.0,0.0,30.17533
data/IMG/center_2026_08_29_20_13_32_361.jpg,data/IMG/left_2026_08_29_20_13_32_361.jpg,data/IMG/right_2026_08_29_20_13_32_361.jpg,0.1,1.0,0.0,30.18855
data/IMG/center_2026_08_29_20_13_32_429.jpg,data/IMG/left_2026_08_29_20_13_32_429.jpg,data/IMG/right_2026_08_29_20_13_32_429.jpg,0.3,1.0,0.0,30.17044
data/IMG/center_2026_08_29_20_13_32_500.jpg,data/IMG/left_2026_08_29_20_13_32_500.jpg,data/IMG/right_2026_08_29_20_13_32_500.jpg,0.45,1.0,0.0,30.15265
data/IMG/center_2026_08_29_20_13_32_570.jpg,data/IMG/left_2026_08_29_20_13_32_570.jpg,data/IMG/right_2026_08_29_20_13_32_570.jpg,0.6500001,1.0,0.0,30.12749
data/IMG/center_2026_08_29_20_13_32_706.jpg,data/IMG/left_2026_08_29_20_13_32_706.jpg,data/IMG/right_2026_08_29_20_13_32_706.jpg,0.05,1.0,0.0,30.18946
data/IMG/center_2026_08_29_20_13_32_773.jpg,data/IMG/left_2026_08_29_20_13_32_773.jpg,data/IMG/right_2026_08_29_20_13_32_773.jpg,0.2,1.0,0.0,30.18655
data/IMG/center_2026_08_29_20_13_32_842.jpg,data/IMG/left_2026_08_29_20_13_32_842.jpg,data/IMG/right_2026_08_29_20_13_32_842.jpg,0.35,1.0,0.0,30.17048
data/IMG/center_2026_08_29_20_13_32_909.jpg,data/IMG/left_2026_08_29_20_13_32_909.jpg,data/IMG/right_2026_08_29_20_13_32_909.jpg,0.5500001,1.0,0.0,30.14398
data/IMG/center_2026_08_29_20_13_32_976.jpg,data/IMG/left_2026_08_29_20_13_32_976.jpg,data/IMG/right_2026_08_29_20_13_32_976.jpg,0.7,1.0,0.0,30.12437
data/IMG/center_2026_08_29_20_13_33_112.jpg,data/IMG/left_2026_08_29_20_13_33_112.jpg,data/IMG/right_2026_08_29_20_13_33_112.jpg,0.05,1.0,0.0,30.18961
data/IMG/center_2026_08_29_20_13_33_181.jpg,data/IMG/left_2026_08_29_20_13_33_181.jpg,data/IMG/right_2026_08_29_20_13_33_181.jpg,0.2,1.0,0.0,30.18758
data/IMG/center_2026_08_29_20_13_33_250.jpg,data/IMG/left_2026_08_29_20_13_33_250.jpg,data/IMG/right_2026_08_29_20_13_33_250.jpg,0.4,1.0,0.0,30.16493
data/IMG/center_2026_08_29_20_13_33_455.jpg,data/IMG/left_2026_08_29_20_13_33_455.jpg,data/IMG/right_2026_08_29_20_13_33_455.jpg,0.0,1.0,0.0,30.19023
data/IMG/center_2026_08_29_20_13_33_523.jpg,data/IMG/left_2026_08_29_20_13_33_523.jpg,data/IMG/right_2026_08_29_20_13_33_523.jpg,0.05,1.0,0.0,30.18998
data/IMG/center_2026_08_29_20_13_33_592.jpg,data/IMG/left_2026_08_29_20_13_33_592.jpg,data/IMG/right_2026_08_29_20_13_33_592.jpg,0.2,1.0,0.0,30.18106
data/IMG/center_2026_08_29_20_13_33_661.jpg,data/IMG/left_2026_08_29_20_13_33_661.jpg,data/IMG/right_2026_08_29_20_13_33_661.jpg,0.35,1.0,0.0,30.16459
data/IMG/center_2026_08_29_20_13_33_728.jpg,data/IMG/left_2026_08_29_20_13_33_728.jpg,data/IMG/right_2026_08_29_20_13_33_728.jpg,0.5500001,1.0,0.0,30.13986
data/IMG/center_2026_08_29_20_13_33_797.jpg,data/IMG/left_2026_08_29_20_13_33_797.jpg,data/IMG/right_2026_08_29_20_13_33_797.jpg,0.7,1.0,0.0,30.12133
data/IMG/center_2026_08_29_20_13_33_933.jpg,data/IMG/left_2026_08_29_20_13_33_933.jpg,data/IMG/right_2026_08_29_20_13_33_933.jpg,0.05,1.0,0.0,30.18974
data/IMG/center_2026_08_29_20_13_34_001.jpg,data/IMG/left_2026_08_29_20_13_34_001.jpg,data/IMG/right_2026_08_29_20_13_34_001.jpg,0.2,1.0,0.0,30.18706
data/IMG/center_2026_08_29_20_13_34_069.jpg,data/IMG/left_2026_08_29_20_13_34_069.jpg,data/IMG/right_2026_08_29_20_13_34_069.jpg,0.4,1.0,0.0,30.16475
data/IMG/center_2026_08_29_20_13_34_135.jpg,data/IMG/left_2026_08_29_20_13_34_135.jpg,data/IMG/right_2026_08_29_20_13_34_135.jpg,0.5500001,1.0,0.0,30.14461
data/IMG/center_2026_08_29_20_13_34_745.jpg,data/IMG/left_2026_08_29_20_13_34_745.jpg,data/IMG/right_2026_08_29_20_13_34_745.jpg,0.2,1.0,0.0,30.18025
data/IMG/center_2026_08_29_20_13_34_880.jpg,data/IMG/left_2026_08_29_20_13_34_880.jpg,data/IMG/right_2026_08_29_20_13_34_880.jpg,0.0,1.0,0.0,30.19028
data/IMG/center_2026_08_29_20_13_35_016.jpg,data/IMG/left_2026_08_29_20_13_35_016.jpg,data/IMG/right_2026_08_29_20_13_35_016.jpg,0.05,1.0,0.0,30.18996
data/IMG/center_2026_08_29_20_13_35_085.jpg,data/IMG/left_2026_08_29_20_13_35_085.jpg,data/IMG/right_2026_08_29_20_13_35_085.jpg,0.25,1.0,0.0,30.17519
data/IMG/center_2026_08_29_20_13_35_152.jpg,data/IMG/left_2026_08_29_20_13_35_152.jpg,data/IMG/right_2026_08_29_20_13_35_152.jpg,0.4,1.0,0.0,30.15784
data/IMG/center_2026_08_29_20_13_35_558.jpg,data/IMG/left_2026_08_29_20_13_35_558.jpg,data/IMG/right_2026_08_29_20_13_35_558.jpg,0.05,1.0,0.0,30.18987
data/IMG/center_2026_08_29_20_13_35_626.jpg,data/IMG/left_2026_08_29_20_13_35_626.jpg,data/IMG/right_2026_08_29_20_13_35_626.jpg,0.25,1.0,0.0,30.17554
data/IMG/center_2026_08_29_20_13_36_508.jpg,data/IMG/left_2026_08_29_20_13_36_508.jpg,data/IMG/right_2026_08_29_20_13_36_508.jpg,0.1,1.0,0.0,30.18767
data/IMG/center_2026_08_29_20_13_36_575.jpg,data/IMG/left_2026_08_29_20_13_36_575.jpg,data/IMG/right_2026_08_29_20_13_36_575.jpg,0.25,1.0,0.0,30.17472
data/IMG/center_2026_08_29_20_13_36_644.jpg,data/IMG/left_2026_08_29_20_13_36_644.jpg,data/IMG/right_2026_08_29_20_13_36_644.jpg,0.0,1.0,0.0,30.18114
data/IMG/center_2026_08_29_20_13_37_319.jpg,data/IMG/left_2026_08_29_20_13_37_319.jpg,data/IMG/right_2026_08_29_20_13_37_319.jpg,0.1,1.0,0.0,30.18766
data/IMG/center_2026_08_29_20_13_37_588.jpg,data/IMG/left_2026_08_29_20_13_37_588.jpg,data/IMG/right_2026_08_29_20_13_37_588.jpg,0.05,1.0,0.0,30.18979
data/IMG/center_2026_08_29_20_13_37_656.jpg,data/IMG/left_2026_08_29_20_13_37_656.jpg,data/IMG/right_2026_08_29_20_13_37_656.jpg,0.2,1.0,0.0,30.18015
data/IMG/center_2026_08_29_20_13_39_075.jpg,data/IMG/left_2026_08_29_20_13_39_075.jpg,data/IMG/right_2026_08_29_20_13_39_075.jpg,0.0,1.0,0.0,30.19066
data/IMG/center_2026_08_29_20_13_39_412.jpg,data/IMG/left_2026_08_29_20_13_39_412.jpg,data/IMG/right_2026_08_29_20_13_39_412.jpg,0.0,1.0,0.0,30.19064
data/IMG/center_2026_08_29_20_13_39_618.jpg,data/IMG/left_2026_08_29_20_13_39_618.jpg,data/IMG/right_2026_08_29_20_13_39_618.jpg,0.0,1.0,0.0,30.19065
data/IMG/center_2026_08_29_20_13_40_430.jpg,data/IMG/left_2026_08_29_20_13_40_430.jpg,data/IMG/right_2026_08_29_20_13_40_430.jpg,0.0,1.0,0.0,30.19065
data/IMG/center_2026_08_29_20_13_41_037.jpg,data/IMG/left_2026_08_29_20_13_41_037.jpg,data/IMG/right_2026_08_29_20_13_41_037.jpg,0.0,1.0,0.0,30.19065
data/IMG/center_2026_08_29_20_13_41_373.jpg,data/IMG/left_2026_08_29_20_13_41_373.jpg,data/IMG/right_2026_08_29_20_13_41_373.jpg,0.0,1.0,0.0,30.19064
data/IMG/center_2026_08_29_20_13_44_629.jpg,data/IMG/left_2026_08_29_20_13_44_629.jpg,data/IMG/right_2026_08_29_20_13_44_629.jpg,0.0,1.0,0.0,30.19064
data/IMG/center_2026_08_29_20_13_45_719.jpg,data/IMG/left_2026_08_29_20_13_45_719.jpg,data/IMG/right_2026_08_29_20_13_45_719.jpg,0.15,1.0,0.0,30.18468
data/IMG/center_2026_08_29_20_13_45_787.jpg,data/IMG/left_2026_08_29_20_13_45_787.jpg,data/IMG/right_2026_08_29_20_13_45_787.jpg,0.35,1.0,0.0,30.16405
data/IMG/center_2026_08_29_20_13_45_857.jpg,data/IMG/left_2026_08_29_20_13_45_857.jpg,data/IMG/right_2026_08_29_20_13_45_857.jpg,0.0,1.0,0.0,30.18854
data/IMG/center_2026_08_29_20_13_46_058.jpg,data/IMG/left_2026_08_29_20_13_46_058.jpg,data/IMG/right_2026_08_29_20_13_46_058.jpg,0.0,1.0,0.0,29.96817
data/IMG/center_2026_08_29_20_13_46_127.jpg,data/IMG/left_2026_08_29_20_13_46_127.jpg,data/IMG/right_2026_08_29_20_13_46_127.jpg,0.15,1.0,0.0,30.19407
data/IMG/center_2026_08_29_20_13_46_197.jpg,data/IMG/left_2026_08_29_20_13_46_197.jpg,data/IMG/right_2026_08_29_20_13_46_197.jpg,0.3,1.0,0.0,30.17424
data/IMG/center_2026_08_29_20_13_46_941.jpg,data/IMG/left_2026_08_29_20_13_46_941.jpg,data/IMG/right_2026_08_29_20_13_46_941.jpg,0.1,1.0,0.0,30.18761
data/IMG/center_2026_08_29_20_13_48_096.jpg,data/IMG/left_2026_08_29_20_13_48_096.jpg,data/IMG/right_2026_08_29_20_13_48_096.jpg,0.1,1.0,0.0,30.18767
data/IMG/center_2026_08_29_20_13_48_983.jpg,data/IMG/left_2026_08_29_20_13_48_983.jpg,data/IMG/right_2026_08_29_20_13_48_983.jpg,0.15,1.0,0.0,30.18427
data/IMG/center_2026_08_29_20_13_49_052.jpg,data/IMG/left_2026_08_29_20_13_49_052.jpg,data/IMG/right_2026_08_29_20_13_49_052.jpg,0.3,1.0,0.0,30.16925
data/IMG/center_2026_08_29_20_13_49_119.jpg,data/IMG/left_2026_08_29_20_13_49_119.jpg,data/IMG/right_2026_08_29_20_13_49_119.jpg,0.45,1.0,0.0,30.15148
data/IMG/center_2026_08_29_20_13_49_798.jpg,data/IMG/left_2026_08_29_20_13_49_798.jpg,data/IMG/right_2026_08_29_20_13_49_798.jpg,-0.15,1.0,0.0,30.18422
data/IMG/center_2026_08_29_20_13_49_933.jpg,data/IMG/left_2026_08_29_20_13_49_933.jpg,data/IMG/right_2026_08_29_20_13_49_933.jpg,0.0,1.0,0.0,30.18995
data/IMG/center_2026_08_29_20_13_50_680.jpg,data/IMG/left_2026_08_29_20_13_50_680.jpg,data/IMG/right_2026_08_29_20_13_50_680.jpg,0.0,1.0,0.0,30.19028
data/IMG/center_2026_08_29_20_13_51_424.jpg,data/IMG/left_2026_08_29_20_13_51_424.jpg,data/IMG/right_2026_08_29_20_13_51_424.jpg,0.0,1.0,0.0,30.1903
data/IMG/center_2026_08_29_20_13_51_493.jpg,data/IMG/left_2026_08_29_20_13_51_493.jpg,data/IMG/right_2026_08_29_20_13_51_493.jpg,0.15,1.0,0.0,30.18424
data/IMG/center_2026_08_29_20_13_51_560.jpg,data/IMG/left_2026_08_29_20_13_51_560.jpg,data/IMG/right_2026_08_29_20_13_51_560.jpg,0.3,1.0,0.0,30.16928
data/IMG/center_2026_08_29_20_13_51_627.jpg,data/IMG/left_2026_08_29_20_13_51_627.jpg,data/IMG/right_2026_08_29_20_13_51_627.jpg,0.5000001,1.0,0.0,30.14535
data/IMG/center_2026_08_29_20_13_52_036.jpg,data/IMG/left_2026_08_29_20_13_52_036.jpg,data/IMG/right_2026_08_29_20_13_52_036.jpg,0.05,1.0,0.0,30.18975
data/IMG/center_2026_08_29_20_13_52_106.jpg,data/IMG/left_2026_08_29_20_13_52_106.jpg,data/IMG/right_2026_08_29_20_13_52_106.jpg,0.25,1.0,0.0,30.17533
data/IMG/center_2026_08_29_20_13_52_173.jpg,data/IMG/left_2026_08_29_20_13_52_173.jpg,data/IMG/right_2026_08_29_20_13_52_173.jpg,0.4,1.0,0.0,30.15793
data/IMG/center_2026_08_29_20_13_53_125.jpg,data/IMG/left_2026_08_29_20_13_53_125.jpg,data/IMG/right_2026_08_29_20_13_53_125.jpg,0.05,1.0,0.0,30.1897
data/IMG/center_2026_08_29_20_13_53_192.jpg,data/IMG/left_2026_08_29_20_13_53_192.jpg,data/IMG/right_2026_08_29_20_13_53_192.jpg,0.2,1.0,0.0,30.17979
data/IMG/center_2026_08_29_20_13_53_262.jpg,data/IMG/left_2026_08_29_20_13_53_262.jpg,data/IMG/right_2026_08_29_20_13_53_262.jpg,0.35,1.0,0.0,30.16374
data/IMG/center_2026_08_29_20_13_53_606.jpg,data/IMG/left_2026_08_29_20_13_53_606.jpg,data/IMG/right_2026_08_29_20_13_53_606.jpg,0.1,1.0,0.0,30.18825
data/IMG/center_2026_08_29_20_13_53_673.jpg,data/IMG/left_2026_08_29_20_13_53_673.jpg,data/IMG/right_2026_08_29_20_13_53_673.jpg,0.25,1.0,0.0,30.17563
data/IMG/center_2026_08_29_20_13_53_740.jpg,data/IMG/left_2026_08_29_20_13_53_740.jpg,data/IMG/right_2026_08_29_20_13_53_740.jpg,0.4,1.0,0.0,30.1582
data/IMG/center_2026_08_29_20_13_53_806.jpg,data/IMG/left_2026_08_29_20_13_53_806.jpg,data/IMG/right_2026_08_29_20_13_53_806.jpg,0.0,1.0,0.0,30.18904
data/IMG/center_2026_08_29_20_13_53_876.jpg,data/IMG/left_2026_08_29_20_13_53_876.jpg,data/IMG/right_2026_08_29_20_13_53_876.jpg,0.0,1.0,0.0,30.18982
data/IMG/center_2026_08_29_20_13_54_084.jpg,data/IMG/left_2026_08_29_20_13_54_084.jpg,data/IMG/right_2026_08_29_20_13_54_084.jpg,0.0,1.0,0.0,30.19027
data/IMG/center_2026_08_29_20_13_54_153.jpg,data/IMG/left_2026_08_29_20_13_54_153.jpg,data/IMG/right_2026_08_29_20_13_54_153.jpg,0.05,1.0,0.0,30.18934
data/IMG/center_2026_08_29_20_13_54_220.jpg,data/IMG/left_2026_08_29_20_13_54_220.jpg,data/IMG/right_2026_08_29_20_13_54_220.jpg,0.2,1.0,0.0,30.18013
data/IMG/center_2026_08_29_20_13_54_290.jpg,data/IMG/left_2026_08_29_20_13_54_290.jpg,data/IMG/right_2026_08_29_20_13_54_290.jpg,0.4,1.0,0.0,30.15771
data/IMG/center_2026_08_29_20_13_54_358.jpg,data/IMG/left_2026_08_29_20_13_54_358.jpg,data/IMG/right_2026_08_29_20_13_54_358.jpg,0.5500001,1.0,0.0,30.13936
data/IMG/center_2026_08_29_20_13_54_428.jpg,data/IMG/left_2026_08_29_20_13_54_428.jpg,data/IMG/right_2026_08_29_20_13_54_428.jpg,0.7500002,1.0,0.0,30.11469
data/IMG/center_2026_08_29_20_13_55_654.jpg,data/IMG/left_2026_08_29_20_13_55_654.jpg,data/IMG/right_2026_08_29_20_13_55_654.jpg,0.0,1.0,0.0,30.19032
data/IMG/center_2026_08_29_20_13_55_926.jpg,data/IMG/left_2026_08_29_20_13_55_926.jpg,data/IMG/right_2026_08_29_20_13_55_926.jpg,0.1,1.0,0.0,30.18718
data/IMG/center_2026_08_29_20_13_55_994.jpg,data/IMG/left_2026_08_29_20_13_55_994.jpg,data/IMG/right_2026_08_29_20_13_55_994.jpg,0.25,1.0,0.0,30.17483
data/IMG/center_2026_08_29_20_13_56_063.jpg,data/IMG/left_2026_08_29_20_13_56_063.jpg,data/IMG/right_2026_08_29_20_13_56_063.jpg,0.45,1.0,0.0,30.15148
data/IMG/center_2026_08_29_20_13_56_131.jpg,data/IMG/left_2026_08_29_20_13_56_131.jpg,data/IMG/right_2026_08_29_20_13_56_131.jpg,0.6000001,1.0,0.0,30.1331
data/IMG/center_2026_08_29_20_13_56_408.jpg,data/IMG/left_2026_08_29_20_13_56_408.jpg,data/IMG/right_2026_08_29_20_13_56_408.jpg,0.05,1.0,0.0,30.19011
data/IMG/center_2026_08_29_20_13_56_476.jpg,data/IMG/left_2026_08_29_20_13_56_476.jpg,data/IMG/right_2026_08_29_20_13_56_476.jpg,0.2,1.0,0.0,30.18192
data/IMG/center_2026_08_29_20_13_56_543.jpg,data/IMG/left_2026_08_29_20_13_56_543.jpg,data/IMG/right_2026_08_29_20_13_56_543.jpg,0.4,1.0,0.0,30.15925
data/IMG/center_2026_08_29_20_13_57_020.jpg,data/IMG/left_2026_08_29_20_13_57_020.jpg,data/IMG/right_2026_08_29_20_13_57_020.jpg,0.15,1.0,0.0,30.18478
data/IMG/center_2026_08_29_20_13_57_087.jpg,data/IMG/left_2026_08_29_20_13_57_087.jpg,data/IMG/right_2026_08_29_20_13_57_087.jpg,0.35,1.0,0.0,30.16394
data/IMG/center_2026_08_29_20_13_57_362.jpg,data/IMG/left_2026_08_29_20_13_57_362.jpg,data/IMG/right_2026_08_29_20_13_57_362.jpg,0.1,1.0,0.0,30.18859
data/IMG/center_2026_08_29_20_13_57_429.jpg,data/IMG/left_2026_08_29_20_13_57_429.jpg,data/IMG/right_2026_08_29_20_13_57_429.jpg,0.3,1.0,0.0,30.17056
data/IMG/center_2026_08_29_20_13_57_496.jpg,data/IMG/left_2026_08_29_20_13_57_496.jpg,data/IMG/right_2026_08_29_20_13_57_496.jpg,0.45,1.0,0.0,30.15249
data/IMG/center_2026_08_29_20_13_57_840.jpg,data/IMG/left_2026_08_29_20_13_57_840.jpg,data/IMG/right_2026_08_29_20_13_57_840.jpg,0.05,1.0,0.0,30.18989
data/IMG/center_2026_08_29_20_13_57_909.jpg,data/IMG/left_2026_08_29_20_13_57_909.jpg,data/IMG/right_2026_08_29_20_13_57_909.jpg,0.25,1.0,0.0,30.17554
data/IMG/center_2026_08_29_20_13_57_978.jpg,data/IMG/left_2026_08_29_20_13_57_978.jpg,data/IMG/right_2026_08_29_20_13_57_978.jpg,0.4,1.0,0.0,30.1582
data/IMG/center_2026_08_29_20_13_58_389.jpg,data/IMG/left_2026_08_29_20_13_58_389.jpg,data/IMG/right_2026_08_29_20_13_58_389.jpg,0.1,1.0,0.0,30.18838
data/IMG/center_2026_08_29_20_13_58_457.jpg,data/IMG/left_2026_08_29_20_13_58_457.jpg,data/IMG/right_2026_08_29_20_13_58_457.jpg,0.25,1.0,0.0,30.1758
data/IMG/center_2026_08_29_20_13_58_872.jpg,data/IMG/left_2026_08_29_20_13_58_872.jpg,data/IMG/right_2026_08_29_20_13_58_872.jpg,0.2,1.0,0.0,30.18061
data/IMG/center_2026_08_29_20_13_58_942.jpg,data/IMG/left_2026_08_29_20_13_58_942.jpg,data/IMG/right_2026_08_29_20_13_58_942.jpg,0.35,1.0,0.0,30.16404
data/IMG/center_2026_08_29_20_13_59_291.jpg,data/IMG/left_2026_08_29_20_13_59_291.jpg,data/IMG/right_2026_08_29_20_13_59_291.jpg,0.15,1.0,0.0,30.18473
data/IMG/center_2026_08_29_20_13_59_358.jpg,data/IMG/left_2026_08_29_20_13_59_358.jpg,data/IMG/right_2026_08_29_20_13_59_358.jpg,0.3,1.0,0.0,30.16993
data/IMG/center_2026_08_29_20_13_59_633.jpg,data/IMG/left_2026_08_29_20_13_59_633.jpg,data/IMG/right_2026_08_29_20_13_59_633.jpg,0.0,1.0,0.0,30.1903
data/IMG/center_2026_08_29_20_13_59_771.jpg,data/IMG/left_2026_08_29_20_13_59_771.jpg,data/IMG/right_2026_08_29_20_13_59_771.jpg,0.05,1.0,0.0,30.18988
data/IMG/center_2026_08_29_20_13_59_841.jpg,data/IMG/left_2026_08_29_20_13_59_841.jpg,data/IMG/right_2026_08_29_20_13_59_841.jpg,0.2,1.0,0.0,30.18022
data/IMG/center_2026_08_29_20_13_59_908.jpg,data/IMG/left_2026_08_29_20_13_59_908.jpg,data/IMG/right_2026_08_29_20_13_59_908.jpg,0.4,1.0,0.0,30.15774
data/IMG/center_2026_08_29_20_14_00_317.jpg,data/IMG/left_2026_08_29_20_14_00_317.jpg,data/IMG/right_2026_08_29_20_14_00_317.jpg,0.0,1.0,0.0,30.19032
data/IMG/center_2026_08_29_20_14_00_387.jpg,data/IMG/left_2026_08_29_20_14_00_387.jpg,data/IMG/right_2026_08_29_20_14_00_387.jpg,0.15,1.0,0.0,30.18454
data/IMG/center_2026_08_29_20_14_00_870.jpg,data/IMG/left_2026_08_29_20_14_00_870.jpg,data/IMG/right_2026_08_29_20_14_00_870.jpg,0.05,1.0,0.0,30.18935
data/IMG/center_2026_08_29_20_14_00_937.jpg,data/IMG/left_2026_08_29_20_14_00_937.jpg,data/IMG/right_2026_08_29_20_14_00_937.jpg,0.2,1.0,0.0,30.17995
data/IMG/center_2026_08_29_20_14_01_350.jpg,data/IMG/left_2026_08_29_20_14_01_350.jpg,data/IMG/right_2026_08_29_20_14_01_350.jpg,0.15,1.0,0.0,30.18448
data/IMG/center_2026_08_29_20_14_01_417.jpg,data/IMG/left_2026_08_29_20_14_01_417.jpg,data/IMG/right_2026_08_29_20_14_01_417.jpg,0.3,1.0,0.0,30.16952
data/IMG/center_2026_08_29_20_14_01_758.jpg,data/IMG/left_2026_08_29_20_14_01_758.jpg,data/IMG/right_2026_08_29_20_14_01_758.jpg,0.0,1.0,0.0,30.19031
data/IMG/center_2026_08_29_20_14_02_440.jpg,data/IMG/left_2026_08_29_20_14_02_440.jpg,data/IMG/right_2026_08_29_20_14_02_440.jpg,0.15,1.0,0.0,30.18422
data/IMG/center_2026_08_29_20_14_02_508.jpg,data/IMG/left_2026_08_29_20_14_02_508.jpg,data/IMG/right_2026_08_29_20_14_02_508.jpg,0.35,1.0,0.0,30.16344
data/IMG/center_2026_08_29_20_14_02_576.jpg,data/IMG/left_2026_08_29_20_14_02_576.jpg,data/IMG/right_2026_08_29_20_14_02_576.jpg,0.5000001,1.0,0.0,30.14536
data/IMG/center_2026_08_29_20_14_04_836.jpg,data/IMG/left_2026_08_29_20_14_04_836.jpg,data/IMG/right_2026_08_29_20_14_04_836.jpg,0.15,1.0,0.0,30.18407
data/IMG/center_2026_08_29_20_14_04_903.jpg,data/IMG/left_2026_08_29_20_14_04_903.jpg,data/IMG/right_2026_08_29_20_14_04_903.jpg,0.35,1.0,0.0,30.16363
data/IMG/center_2026_08_29_20_14_04_972.jpg,data/IMG/left_2026_08_29_20_14_04_972.jpg,data/IMG/right_2026_08_29_20_14_04_972.jpg,0.5000001,1.0,0.0,30.14576
data/IMG/center_2026_08_29_20_14_05_039.jpg,data/IMG/left_2026_08_29_20_14_05_039.jpg,data/IMG/right_2026_08_29_20_14_05_039.jpg,0.6500001,1.0,0.0,30.12736
data/IMG/center_2026_08_29_20_14_05_450.jpg,data/IMG/left_2026_08_29_20_14_05_450.jpg,data/IMG/right_2026_08_29_20_14_05_450.jpg,0.0,1.0,0.0,30.19027
data/IMG/center_2026_08_29_20_14_06_749.jpg,data/IMG/left_2026_08_29_20_14_06_749.jpg,data/IMG/right_2026_08_29_20_14_06_749.jpg,0.0,1.0,0.0,30.19032
data/IMG/center_2026_08_29_20_14_07_155.jpg,data/IMG/left_2026_08_29_20_14_07_155.jpg,data/IMG/right_2026_08_29_20_14_07_155.jpg,0.0,1.0,0.0,30.1903
data/IMG/center_2026_08_29_20_14_07_224.jpg,data/IMG/left_2026_08_29_20_14_07_224.jpg,data/IMG/right_2026_08_29_20_14_07_224.jpg,0.0,1.0,0.0,30.19032
data/IMG/center_2026_08_29_20_14_08_450.jpg,data/IMG/left_2026_08_29_20_14_08_450.jpg,data/IMG/right_2026_08_29_20_14_08_450.jpg,0.15,1.0,0.0,30.18424
data/IMG/center_2026_08_29_20_14_08_518.jpg,data/IMG/left_2026_08_29_20_14_08_518.jpg,data/IMG/right_2026_08_29_20_14_08_518.jpg,0.3,1.0,0.0,30.16923
data/IMG/center_2026_08_29_20_14_09_129.jpg,data/IMG/left_2026_08_29_20_14_09_129.jpg,data/IMG/right_2026_08_29_20_14_09_129.jpg,0.0,1.0,0.0,30.19032
data/IMG/center_2026_08_29_20_14_09_400.jpg,data/IMG/left_2026_08_29_20_14_09_400.jpg,data/IMG/right_2026_08_29_20_14_09_400.jpg,0.15,1.0,0.0,30.18418
data/IMG/center_2026_08_29_20_14_09_467.jpg,data/IMG/left_2026_08_29_20_14_09_467.jpg,data/IMG/right_2026_08_29_20_14_09_467.jpg,0.35,1.0,0.0,30.1634
data/IMG/center_2026_08_29_20_14_09_670.jpg,data/IMG/left_2026_08_29_20_14_09_670.jpg,data/IMG/right_2026_08_29_20_14_09_670.jpg,0.0,1.0,0.0,30.19006
data/IMG/center_2026_08_29_20_14_09_875.jpg,data/IMG/left_2026_08_29_20_14_09_875.jpg,data/IMG/right_2026_08_29_20_14_09_875.jpg,0.0,1.0,0.0,30.1903
data/IMG/center_2026_08_29_20_14_11_037.jpg,data/IMG/left_2026_08_29_20_14_11_037.jpg,data/IMG/right_2026_08_29_20_14_11_037.jpg,0.0,1.0,0.0,30.19032
data/IMG/center_2026_08_29_20_14_11_449.jpg,data/IMG/left_2026_08_29_20_14_11_449.jpg,data/IMG/right_2026_08_29_20_14_11_449.jpg,0.0,1.0,0.0,30.19031
data/IMG/center_2026_08_29_20_14_12_810.jpg,data/IMG/left_2026_08_29_20_14_12_810.jpg,data/IMG/right_2026_08_29_20_14_12_810.jpg,0.05,1.0,0.0,30.18973
data/IMG/center_2026_08_29_20_14_12_879.jpg,data/IMG/left_2026_08_29_20_14_12_879.jpg,data/IMG/right_2026_08_29_20_14_12_879.jpg,0.2,1.0,0.0,30.17983
data/IMG/center_2026_08_29_20_14_12_946.jpg,data/IMG/left_2026_08_29_20_14_12_946.jpg,data/IMG/right_2026_08_29_20_14_12_946.jpg,0.4,1.0,0.0,30.15753
data/IMG/center_2026_08_29_20_14_13_830.jpg,data/IMG/left_2026_08_29_20_14_13_830.jpg,data/IMG/right_2026_08_29_20_14_13_830.jpg,-0.15,1.0,0.0,30.18427
data/IMG/center_2026_08_29_20_14_14_648.jpg,data/IMG/left_2026_08_29_20_14_14_648.jpg,data/IMG/right_2026_08_29_20_14_14_648.jpg,0.0,1.0,0.0,30.1903
data/IMG/center_2026_08_29_20_14_15_466.jpg,data/IMG/left_2026_08_29_20_14_15_466.jpg,data/IMG/right_2026_08_29_20_14_15_466.jpg,0.05,1.0,0.0,30.18972
data/IMG/center_2026_08_29_20_14_15_536.jpg,data/IMG/left_2026_08_29_20_14_15_536.jpg,data/IMG/right_2026_08_29_20_14_15_536.jpg,0.2,1.0,0.0,30.17984
data/IMG/center_2026_08_29_20_14_17_989.jpg,data/IMG/left_2026_08_29_20_14_17_989.jpg,data/IMG/right_2026_08_29_20_14_17_989.jpg,0.1,1.0,0.0,30.18757
data/IMG/center_2026_08_29_20_14_18_059.jpg,data/IMG/left_2026_08_29_20_14_18_059.jpg,data/IMG/right_2026_08_29_20_14_18_059.jpg,0.25,1.0,0.0,30.17492
data/IMG/center_2026_08_29_20_14_18_126.jpg,data/IMG/left_2026_08_29_20_14_18_126.jpg,data/IMG/right_2026_08_29_20_14_18_126.jpg,0.45,1.0,0.0,30.15195
data/IMG/center_2026_08_29_20_14_18_737.jpg,data/IMG/left_2026_08_29_20_14_18_737.jpg,data/IMG/right_2026_08_29_20_14_18_737.jpg,0.0,1.0,0.0,30.19074
data/IMG/center_2026_08_29_20_14_18_806.jpg,data/IMG/left_2026_08_29_20_14_18_806.jpg,data/IMG/right_2026_08_29_20_14_18_806.jpg,0.0,1.0,0.0,30.19031
data/IMG/center_2026_08_29_20_14_20_583.jpg,data/IMG/left_2026_08_29_20_14_20_583.jpg,data/IMG/right_2026_08_29_20_14_20_583.jpg,0.0,1.0,0.0,30.1903
data/IMG/center_2026_08_29_20_14_21_130.jpg,data/IMG/left_2026_08_29_20_14_21_130.jpg,data/IMG/right_2026_08_29_20_14_21_130.jpg,0.15,1.0,0.0,30.18424
data/IMG/center_2026_08_29_20_14_21_198.jpg,data/IMG/left_2026_08_29_20_14_21_198.jpg,data/IMG/right_2026_08_29_20_14_21_198.jpg,0.3,1.0,0.0,30.16947
data/IMG/center_2026_08_29_20_14_21_268.jpg,data/IMG/left_2026_08_29_20_14_21_268.jpg,data/IMG/right_2026_08_29_20_14_21_268.jpg,0.5000001,1.0,0.0,30.14567
data/IMG/center_2026_08_29_20_14_21_336.jpg,data/IMG/left_2026_08_29_20_14_21_336.jpg,data/IMG/right_2026_08_29_20_14_21_336.jpg,0.6500001,1.0,0.0,30.12742
data/IMG/center_2026_08_29_20_14_22_025.jpg,data/IMG/left_2026_08_29_20_14_22_025.jpg,data/IMG/right_2026_08_29_20_14_22_025.jpg,-0.2,1.0,0.0,30.17987
data/IMG/center_2026_08_29_20_14_25_667.jpg,data/IMG/left_2026_08_29_20_14_25_667.jpg,data/IMG/right_2026_08_29_20_14_25_667.jpg,0.2,1.0,0.0,30.17985
data/IMG/center_2026_08_29_20_14_25_734.jpg,data/IMG/left_2026_08_29_20_14_25_734.jpg,data/IMG/right_2026_08_29_20_14_25_734.jpg,0.35,1.0,0.0,30.1637
data/IMG/center_2026_08_29_20_14_25_803.jpg,data/IMG/left_2026_08_29_20_14_25_803.jpg,data/IMG/right_2026_08_29_20_14_25_803.jpg,0.5500001,1.0,0.0,30.13928
data/IMG/center_2026_08_29_20_14_26_828.jpg,data/IMG/left_2026_08_29_20_14_26_828.jpg,data/IMG/right_2026_08_29_20_14_26_828.jpg,0.15,1.0,0.0,30.18427
data/IMG/center_2026_08_29_20_14_26_896.jpg,data/IMG/left_2026_08_29_20_14_26_896.jpg,data/IMG/right_2026_08_29_20_14_26_896.jpg,0.3,1.0,0.0,30.16953
data/IMG/center_2026_08_29_20_14_26_963.jpg,data/IMG/left_2026_08_29_20_14_26_963.jpg,data/IMG/right_2026_08_29_20_14_26_963.jpg,0.45,1.0,0.0,30.15201
data/IMG/center_2026_08_29_20_14_27_920.jpg,data/IMG/left_2026_08_29_20_14_27_920.jpg,data/IMG/right_2026_08_29_20_14_27_920.jpg,0.1,1.0,0.0,30.18771
data/IMG/center_2026_08_29_20_14_27_987.jpg,data/IMG/left_2026_08_29_20_14_27_987.jpg,data/IMG/right_2026_08_29_20_14_27_987.jpg,0.3,1.0,0.0,30.16943
data/IMG/center_2026_08_29_20_14_28_054.jpg,data/IMG/left_2026_08_29_20_14_28_054.jpg,data/IMG/right_2026_08_29_20_14_28_054.jpg,0.45,1.0,0.0,30.15197
data/IMG/center_2026_08_29_20_14_28_124.jpg,data/IMG/left_2026_08_29_20_14_28_124.jpg,data/IMG/right_2026_08_29_20_14_28_124.jpg,0.0,1.0,0.0,30.17256
data/IMG/center_2026_08_29_20_14_29_428.jpg,data/IMG/left_2026_08_29_20_14_29_428.jpg,data/IMG/right_2026_08_29_20_14_29_428.jpg,0.0,1.0,0.0,30.19032
data/IMG/center_2026_08_29_20_14_29_909.jpg,data/IMG/left_2026_08_29_20_14_29_909.jpg,data/IMG/right_2026_08_29_20_14_29_909.jpg,0.15,1.0,0.0,30.18421
data/IMG/center_2026_08_29_20_14_29_978.jpg,data/IMG/left_2026_08_29_20_14_29_978.jpg,data/IMG/right_2026_08_29_20_14_29_978.jpg,0.3,1.0,0.0,30.16922
data/IMG/center_2026_08_29_20_14_30_048.jpg,data/IMG/left_2026_08_29_20_14_30_048.jpg,data/IMG/right_2026_08_29_20_14_30_048.jpg,0.5000001,1.0,0.0,30.14537
data/IMG/center_2026_08_29_20_14_30_116.jpg,data/IMG/left_2026_08_29_20_14_30_116.jpg,data/IMG/right_2026_08_29_20_14_30_116.jpg,0.6500001,1.0,0.0,30.12706
data/IMG/center_2026_08_29_20_14_31_150.jpg,data/IMG/left_2026_08_29_20_14_31_150.jpg,data/IMG/right_2026_08_29_20_14_31_150.jpg,0.15,1.0,0.0,30.18417
data/IMG/center_2026_08_29_20_14_31_218.jpg,data/IMG/left_2026_08_29_20_14_31_218.jpg,data/IMG/right_2026_08_29_20_14_31_218.jpg,0.3,1.0,0.0,30.16918
data/IMG/center_2026_08_29_20_14_31_285.jpg,data/IMG/left_2026_08_29_20_14_31_285.jpg,data/IMG/right_2026_08_29_20_14_31_285.jpg,0.5000001,1.0,0.0,30.14533
data/IMG/center_2026_08_29_20_14_32_178.jpg,data/IMG/left_2026_08_29_20_14_32_178.jpg,data/IMG/right_2026_08_29_20_14_32_178.jpg,0.0,1.0,0.0,30.19029
data/IMG/center_2026_08_29_20_14_32_384.jpg,data/IMG/left_2026_08_29_20_14_32_384.jpg,data/IMG/right_2026_08_29_20_14_32_384.jpg,0.1,1.0,0.0,30.18763
data/IMG/center_2026_08_29_20_14_32_451.jpg,data/IMG/left_2026_08_29_20_14_32_451.jpg,data/IMG/right_2026_08_29_20_14_32_451.jpg,0.25,1.0,0.0,30.17444
data/IMG/center_2026_08_29_20_14_32_518.jpg,data/IMG/left_2026_08_29_20_14_32_518.jpg,data/IMG/right_2026_08_29_20_14_32_518.jpg,0.4,1.0,0.0,30.15746
data/IMG/center_2026_08_29_20_14_32_588.jpg,data/IMG/left_2026_08_29_20_14_32_588.jpg,data/IMG/right_2026_08_29_20_14_32_588.jpg,0.6000001,1.0,0.0,30.13311
data/IMG/center_2026_08_29_20_14_33_825.jpg,data/IMG/left_2026_08_29_20_14_33_825.jpg,data/IMG/right_2026_08_29_20_14_33_825.jpg,0.1,1.0,0.0,30.18766
data/IMG/center_2026_08_29_20_14_33_891.jpg,data/IMG/left_2026_08_29_20_14_33_891.jpg,data/IMG/right_2026_08_29_20_14_33_891.jpg,0.25,1.0,0.0,30.17473
data/IMG/center_2026_08_29_20_14_33_962.jpg,data/IMG/left_2026_08_29_20_14_33_962.jpg,data/IMG/right_2026_08_29_20_14_33_962.jpg,0.4,1.0,0.0,30.15818
data/IMG/center_2026_08_29_20_14_34_030.jpg,data/IMG/left_2026_08_29_20_14_34_030.jpg,data/IMG/right_2026_08_29_20_14_34_030.jpg,0.6000001,1.0,0.0,30.13313
data/IMG/center_2026_08_29_20_14_34_716.jpg,data/IMG/left_2026_08_29_20_14_34_716.jpg,data/IMG/right_2026_08_29_20_14_34_716.jpg,0.05,1.0,0.0,30.19049
data/IMG/center_2026_08_29_20_14_34_783.jpg,data/IMG/left_2026_08_29_20_14_34_783.jpg,data/IMG/right_2026_08_29_20_14_34_783.jpg,0.25,1.0,0.0,30.17469
data/IMG/center_2026_08_29_20_14_34_850.jpg,data/IMG/left_2026_08_29_20_14_34_850.jpg,data/IMG/right_2026_08_29_20_14_34_850.jpg,0.4,1.0,0.0,30.15744
data/IMG/center_2026_08_29_20_14_34_917.jpg,data/IMG/left_2026_08_29_20_14_34_917.jpg,data/IMG/right_2026_08_29_20_14_34_917.jpg,0.5500001,1.0,0.0,30.13909
data/IMG/center_2026_08_29_20_14_35_821.jpg,data/IMG/left_2026_08_29_20_14_35_821.jpg,data/IMG/right_2026_08_29_20_14_35_821.jpg,0.15,1.0,0.0,30.18419
data/IMG/center_2026_08_29_20_14_35_889.jpg,data/IMG/left_2026_08_29_20_14_35_889.jpg,data/IMG/right_2026_08_29_20_14_35_889.jpg,0.35,1.0,0.0,30.16337
data/IMG/center_2026_08_29_20_14_35_959.jpg,data/IMG/left_2026_08_29_20_14_35_959.jpg,data/IMG/right_2026_08_29_20_14_35_959.jpg,0.5000001,1.0,0.0,30.14531
data/IMG/center_2026_08_29_20_14_36_026.jpg,data/IMG/left_2026_08_29_20_14_36_026.jpg,data/IMG/right_2026_08_29_20_14_36_026.jpg,0.7,1.0,0.0,30.12156
data/IMG/center_2026_08_29_20_14_36_094.jpg,data/IMG/left_2026_08_29_20_14_36_094.jpg,data/IMG/right_2026_08_29_20_14_36_094.jpg,0.8500001,1.0,0.0,30.10483
data/IMG/center_2026_08_29_20_14_36_234.jpg,data/IMG/left_2026_08_29_20_14_36_234.jpg,data/IMG/right_2026_08_29_20_14_36_234.jpg,0.1,1.0,0.0,30.18751
data/IMG/center_2026_08_29_20_14_36_922.jpg,data/IMG/left_2026_08_29_20_14_36_922.jpg,data/IMG/right_2026_08_29_20_14_36_922.jpg,0.1,1.0,0.0,30.1876
data/IMG/center_2026_08_29_20_14_36_994.jpg,data/IMG/left_2026_08_29_20_14_36_994.jpg,data/IMG/right_2026_08_29_20_14_36_994.jpg,0.3,1.0,0.0,30.16913
data/IMG/center_2026_08_29_20_14_37_060.jpg,data/IMG/left_2026_08_29_20_14_37_060.jpg,data/IMG/right_2026_08_29_20_14_37_060.jpg,0.45,1.0,0.0,30.15132
data/IMG/center_2026_08_29_20_14_37_133.jpg,data/IMG/left_2026_08_29_20_14_37_133.jpg,data/IMG/right_2026_08_29_20_14_37_133.jpg,0.6500001,1.0,0.0,30.12633
data/IMG/center_2026_08_29_20_14_37_200.jpg,data/IMG/left_2026_08_29_20_14_37_200.jpg,data/IMG/right_2026_08_29_20_14_37_200.jpg,0.8000001,1.0,0.0,30.10995
data/IMG/center_2026_08_29_20_14_37_267.jpg,data/IMG/left_2026_08_29_20_14_37_267.jpg,data/IMG/right_2026_08_29_20_14_37_267.jpg,1.0,1.0,0.0,30.09308
data/IMG/center_2026_08_29_20_14_38_106.jpg,data/IMG/left_2026_08_29_20_14_38_106.jpg,data/IMG/right_2026_08_29_20_14_38_106.jpg,0.2,1.0,0.0,30.17989
data/IMG/center_2026_08_29_20_14_38_176.jpg,data/IMG/left_2026_08_29_20_14_38_176.jpg,data/IMG/right_2026_08_29_20_14_38_176.jpg,0.35,1.0,0.0,30.16331
data/IMG/center_2026_08_29_20_14_38_244.jpg,data/IMG/left_2026_08_29_20_14_38_244.jpg,data/IMG/right_2026_08_29_20_14_38_244.jpg,0.5500001,1.0,0.0,30.1391
data/IMG/center_2026_08_29_20_14_38_311.jpg,data/IMG/left_2026_08_29_20_14_38_311.jpg,data/IMG/right_2026_08_29_20_14_38_311.jpg,0.7,1.0,0.0,30.121
data/IMG/center_2026_08_29_20_14_38_379.jpg,data/IMG/left_2026_08_29_20_14_38_379.jpg,data/IMG/right_2026_08_29_20_14_38_379.jpg,0.8500001,1.0,0.0,30.10495
data/IMG/center_2026_08_29_20_14_38_868.jpg,data/IMG/left_2026_08_29_20_14_38_868.jpg,data/IMG/right_2026_08_29_20_14_38_868.jpg,0.05,1.0,0.0,30.18975
data/IMG/center_2026_08_29_20_14_38_939.jpg,data/IMG/left_2026_08_29_20_14_38_939.jpg,data/IMG/right_2026_08_29_20_14_38_939.jpg,0.2,1.0,0.0,30.18014
data/IMG/center_2026_08_29_20_14_39_008.jpg,data/IMG/left_2026_08_29_20_14_39_008.jpg,data/IMG/right_2026_08_29_20_14_39_008.jpg,0.4,1.0,0.0,30.15766
data/IMG/center_2026_08_29_20_14_39_078.jpg,data/IMG/left_2026_08_29_20_14_39_078.jpg,data/IMG/right_2026_08_29_20_14_39_078.jpg,0.5500001,1.0,0.0,30.13927
data/IMG/center_2026_08_29_20_14_39_700.jpg,data/IMG/left_2026_08_29_20_14_39_700.jpg,data/IMG/right_2026_08_29_20_14_39_700.jpg,0.1,1.0,0.0,30.18771
data/IMG/center_2026_08_29_20_14_39_771.jpg,data/IMG/left_2026_08_29_20_14_39_771.jpg,data/IMG/right_2026_08_29_20_14_39_771.jpg,0.3,1.0,0.0,30.16938
data/IMG/center_2026_08_29_20_14_39_841.jpg,data/IMG/left_2026_08_29_20_14_39_841.jpg,data/IMG/right_2026_08_29_20_14_39_841.jpg,0.45,1.0,0.0,30.15142
data/IMG/center_2026_08_29_20_14_40_941.jpg,data/IMG/left_2026_08_29_20_14_40_941.jpg,data/IMG/right_2026_08_29_20_14_40_941.jpg,0.15,1.0,0.0,30.18419
data/IMG/center_2026_08_29_20_14_42_373.jpg,data/IMG/left_2026_08_29_20_14_42_373.jpg,data/IMG/right_2026_08_29_20_14_42_373.jpg,0.0,1.0,0.0,30.19029
data/IMG/center_2026_08_29_20_14_45_027.jpg,data/IMG/left_2026_08_29_20_14_45_027.jpg,data/IMG/right_2026_08_29_20_14_45_027.jpg,-0.1,1.0,0.0,30.18781
data/IMG/center_2026_08_29_20_14_45_096.jpg,data/IMG/left_2026_08_29_20_14_45_096.jpg,data/IMG/right_2026_08_29_20_14_45_096.jpg,-0.25,1.0,0.0,30.17475
data/IMG/center_2026_08_29_20_14_45_162.jpg,data/IMG/left_2026_08_29_20_14_45_162.jpg,data/IMG/right_2026_08_29_20_14_45_162.jpg,-0.4,1.0,0.0,30.15752
data/IMG/center_2026_08_29_20_14_45_231.jpg,data/IMG/left_2026_08_29_20_14_45_231.jpg,data/IMG/right_2026_08_29_20_14_45_231.jpg,-0.6000001,1.0,0.0,30.13317
data/IMG/center_2026_08_29_20_14_45_298.jpg,data/IMG/left_2026_08_29_20_14_45_298.jpg,data/IMG/right_2026_08_29_20_14_45_298.jpg,-0.7500002,1.0,0.0,30.11465
data/IMG/center_2026_08_29_20_14_46_042.jpg,data/IMG/left_2026_08_29_20_14_46_042.jpg,data/IMG/right_2026_08_29_20_14_46_042.jpg,-0.05,1.0,0.0,30.18968
data/IMG/center_2026_08_29_20_14_46_109.jpg,data/IMG/left_2026_08_29_20_14_46_109.jpg,data/IMG/right_2026_08_29_20_14_46_109.jpg,-0.25,1.0,0.0,30.17459
data/IMG/center_2026_08_29_20_14_46_178.jpg,data/IMG/left_2026_08_29_20_14_46_178.jpg,data/IMG/right_2026_08_29_20_14_46_178.jpg,-0.4,1.0,0.0,30.15741
data/IMG/center_2026_08_29_20_14_46_245.jpg,data/IMG/left_2026_08_29_20_14_46_245.jpg,data/IMG/right_2026_08_29_20_14_46_245.jpg,-0.6000001,1.0,0.0,30.13308
data/IMG/center_2026_08_29_20_14_46_313.jpg,data/IMG/left_2026_08_29_20_14_46_313.jpg,data/IMG/right_2026_08_29_20_14_46_313.jpg,-0.7500002,1.0,0.0,30.11525
data/IMG/center_2026_08_29_20_14_46_788.jpg,data/IMG/left_2026_08_29_20_14_46_788.jpg,data/IMG/right_2026_08_29_20_14_46_788.jpg,-0.15,1.0,0.0,30.18568
data/IMG/center_2026_08_29_20_14_46_857.jpg,data/IMG/left_2026_08_29_20_14_46_857.jpg,data/IMG/right_2026_08_29_20_14_46_857.jpg,-0.3,1.0,0.0,30.16983
data/IMG/center_2026_08_29_20_14_46_924.jpg,data/IMG/left_2026_08_29_20_14_46_924.jpg,data/IMG/right_2026_08_29_20_14_46_924.jpg,-0.5000001,1.0,0.0,30.14256
data/IMG/center_2026_08_29_20_14_46_990.jpg,data/IMG/left_2026_08_29_20_14_46_990.jpg,data/IMG/right_2026_08_29_20_14_46_990.jpg,-0.6500001,1.0,0.0,30.12746
data/IMG/center_2026_08_29_20_14_47_057.jpg,data/IMG/left_2026_08_29_20_14_47_057.jpg,data/IMG/right_2026_08_29_20_14_47_057.jpg,-0.8000001,1.0,0.0,30.10867
data/IMG/center_2026_08_29_20_14_47_396.jpg,data/IMG/left_2026_08_29_20_14_47_396.jpg,data/IMG/right_2026_08_29_20_14_47_396.jpg,-0.05,1.0,0.0,30.19116
data/IMG/center_2026_08_29_20_14_47_467.jpg,data/IMG/left_2026_08_29_20_14_47_467.jpg,data/IMG/right_2026_08_29_20_14_47_467.jpg,-0.25,1.0,0.0,30.17684
data/IMG/center_2026_08_29_20_14_47_534.jpg,data/IMG/left_2026_08_29_20_14_47_534.jpg,data/IMG/right_2026_08_29_20_14_47_534.jpg,-0.4,1.0,0.0,30.15989
data/IMG/center_2026_08_29_20_14_47_603.jpg,data/IMG/left_2026_08_29_20_14_47_603.jpg,data/IMG/right_2026_08_29_20_14_47_603.jpg,-0.6000001,1.0,0.0,30.13378
data/IMG/center_2026_08_29_20_14_47_670.jpg,data/IMG/left_2026_08_29_20_14_47_670.jpg,data/IMG/right_2026_08_29_20_14_47_670.jpg,-0.7500002,1.0,0.0,30.11495
data/IMG/center_2026_08_29_20_14_48_012.jpg,data/IMG/left_2026_08_29_20_14_48_012.jpg,data/IMG/right_2026_08_29_20_14_48_012.jpg,0.0,1.0,0.0,30.19027
data/IMG/center_2026_08_29_20_14_48_083.jpg,data/IMG/left_2026_08_29_20_14_48_083.jpg,data/IMG/right_2026_08_29_20_14_48_083.jpg,0.0,1.0,0.0,30.1903
data/IMG/center_2026_08_29_20_14_48_150.jpg,data/IMG/left_2026_08_29_20_14_48_150.jpg,data/IMG/right_2026_08_29_20_14_48_150.jpg,-0.15,1.0,0.0,30.18524
data/IMG/center_2026_08_29_20_14_48_221.jpg,data/IMG/left_2026_08_29_20_14_48_221.jpg,data/IMG/right_2026_08_29_20_14_48_221.jpg,-0.3,1.0,0.0,30.17018
data/IMG/center_2026_08_29_20_14_48_291.jpg,data/IMG/left_2026_08_29_20_14_48_291.jpg,data/IMG/right_2026_08_29_20_14_48_291.jpg,-0.5000001,1.0,0.0,30.14591
data/IMG/center_2026_08_29_20_14_48_565.jpg,data/IMG/left_2026_08_29_20_14_48_565.jpg,data/IMG/right_2026_08_29_20_14_48_565.jpg,-0.1,1.0,0.0,30.18943
data/IMG/center_2026_08_29_20_14_48_634.jpg,data/IMG/left_2026_08_29_20_14_48_634.jpg,data/IMG/right_2026_08_29_20_14_48_634.jpg,-0.25,1.0,0.0,30.17732
data/IMG/center_2026_08_29_20_14_48_701.jpg,data/IMG/left_2026_08_29_20_14_48_701.jpg,data/IMG/right_2026_08_29_20_14_48_701.jpg,-0.4,1.0,0.0,30.15959
data/IMG/center_2026_08_29_20_14_48_768.jpg,data/IMG/left_2026_08_29_20_14_48_768.jpg,data/IMG/right_2026_08_29_20_14_48_768.jpg,-0.6000001,1.0,0.0,30.13444
data/IMG/center_2026_08_29_20_14_49_044.jpg,data/IMG/left_2026_08_29_20_14_49_044.jpg,data/IMG/right_2026_08_29_20_14_49_044.jpg,0.0,1.0,0.0,30.1904
data/IMG/center_2026_08_29_20_14_49_252.jpg,data/IMG/left_2026_08_29_20_14_49_252.jpg,data/IMG/right_2026_08_29_20_14_49_252.jpg,-0.2,1.0,0.0,30.18053
data/IMG/center_2026_08_29_20_14_49_389.jpg,data/IMG/left_2026_08_29_20_14_49_389.jpg,data/IMG/right_2026_08_29_20_14_49_389.jpg,0.0,1.0,0.0,30.19047
data/IMG/center_2026_08_29_20_14_49_881.jpg,data/IMG/left_2026_08_29_20_14_49_881.jpg,data/IMG/right_2026_08_29_20_14_49_881.jpg,-0.15,1.0,0.0,30.18421
data/IMG/center_2026_08_29_20_14_50_160.jpg,data/IMG/left_2026_08_29_20_14_50_160.jpg,data/IMG/right_2026_08_29_20_14_50_160.jpg,0.0,1.0,0.0,30.1903
data/IMG/center_2026_08_29_20_14_51_825.jpg,data/IMG/left_2026_08_29_20_14_51_825.jpg,data/IMG/right_2026_08_29_20_14_51_825.jpg,0.0,1.0,0.0,30.19023
data/IMG/center_2026_08_29_20_14_52_033.jpg,data/IMG/left_2026_08_29_20_14_52_033.jpg,data/IMG/right_2026_08_29_20_14_52_033.jpg,0.0,1.0,0.0,30.19027
data/IMG/center_2026_08_29_20_14_52_450.jpg,data/IMG/left_2026_08_29_20_14_52_450.jpg,data/IMG/right_2026_08_29_20_14_52_450.jpg,0.0,1.0,0.0,30.19013
data/IMG/center_2026_08_29_20_14_52_517.jpg,data/IMG/left_2026_08_29_20_14_52_517.jpg,data/IMG/right_2026_08_29_20_14_52_517.jpg,0.0,1.0,0.0,30.19041
data/IMG/center_2026_08_29_20_14_52_586.jpg,data/IMG/left_2026_08_29_20_14_52_586.jpg,data/IMG/right_2026_08_29_20_14_52_586.jpg,0.0,1.0,0.0,30.19034
data/IMG/center_2026_08_29_20_14_53_761.jpg,data/IMG/left_2026_08_29_20_14_53_761.jpg,data/IMG/right_2026_08_29_20_14_53_761.jpg,0.0,1.0,0.0,30.19018
data/IMG/center_2026_08_29_20_14_54_104.jpg,data/IMG/left_2026_08_29_20_14_54_104.jpg,data/IMG/right_2026_08_29_20_14_54_104.jpg,0.2,1.0,0.0,30.17984
data/IMG/center_2026_08_29_20_14_54_174.jpg,data/IMG/left_2026_08_29_20_14_54_174.jpg,data/IMG/right_2026_08_29_20_14_54_174.jpg,0.35,1.0,0.0,30.16349
data/IMG/center_2026_08_29_20_14_54_241.jpg,data/IMG/left_2026_08_29_20_14_54_241.jpg,data/IMG/right_2026_08_29_20_14_54_241.jpg,0.5000001,1.0,0.0,30.14565
data/IMG/center_2026_08_29_20_14_54_378.jpg,data/IMG/left_2026_08_29_20_14_54_378.jpg,data/IMG/right_2026_08_29_20_14_54_378.jpg,0.0,1.0,0.0,30.18693
data/IMG/center_2026_08_29_20_14_54_784.jpg,data/IMG/left_2026_08_29_20_14_54_784.jpg,data/IMG/right_2026_08_29_20_14_54_784.jpg,0.1,1.0,0.0,30.18782
data/IMG/center_2026_08_29_20_14_54_853.jpg,data/IMG/left_2026_08_29_20_14_54_853.jpg,data/IMG/right_2026_08_29_20_14_54_853.jpg,0.25,1.0,0.0,30.1748
data/IMG/center_2026_08_29_20_14_54_923.jpg,data/IMG/left_2026_08_29_20_14_54_923.jpg,data/IMG/right_2026_08_29_20_14_54_923.jpg,0.4,1.0,0.0,30.15762
data/IMG/center_2026_08_29_20_14_54_989.jpg,data/IMG/left_2026_08_29_20_14_54_989.jpg,data/IMG/right_2026_08_29_20_14_54_989.jpg,0.6000001,1.0,0.0,30.13317
data/IMG/center_2026_08_29_20_14_55_466.jpg,data/IMG/left_2026_08_29_20_14_55_466.jpg,data/IMG/right_2026_08_29_20_14_55_466.jpg,0.15,1.0,0.0,30.18451
data/IMG/center_2026_08_29_20_14_55_534.jpg,data/IMG/left_2026_08_29_20_14_55_534.jpg,data/IMG/right_2026_08_29_20_14_55_534.jpg,0.3,1.0,0.0,30.16961
data/IMG/center_2026_08_29_20_14_55_602.jpg,data/IMG/left_2026_08_29_20_14_55_602.jpg,data/IMG/right_2026_08_29_20_14_55_602.jpg,0.45,1.0,0.0,30.15173
data/IMG/center_2026_08_29_20_14_56_007.jpg,data/IMG/left_2026_08_29_20_14_56_007.jpg,data/IMG/right_2026_08_29_20_14_56_007.jpg,0.1,1.0,0.0,30.1882
data/IMG/center_2026_08_29_20_14_56_074.jpg,data/IMG/left_2026_08_29_20_14_56_074.jpg,data/IMG/right_2026_08_29_20_14_56_074.jpg,0.25,1.0,0.0,30.17538
data/IMG/center_2026_08_29_20_14_56_142.jpg,data/IMG/left_2026_08_29_20_14_56_142.jpg,data/IMG/right_2026_08_29_20_14_56_142.jpg,0.4,1.0,0.0,30.158
data/IMG/center_2026_08_29_20_14_56_212.jpg,data/IMG/left_2026_08_29_20_14_56_212.jpg,data/IMG/right_2026_08_29_20_14_56_212.jpg,0.6000001,1.0,0.0,30.13336
data/IMG/center_2026_08_29_20_14_56_279.jpg,data/IMG/left_2026_08_29_20_14_56_279.jpg,data/IMG/right_2026_08_29_20_14_56_279.jpg,0.7500002,1.0,0.0,30.1148
data/IMG/center_2026_08_29_20_14_56_690.jpg,data/IMG/left_2026_08_29_20_14_56_690.jpg,data/IMG/right_2026_08_29_20_14_56_690.jpg,0.2,1.0,0.0,30.18116
data/IMG/center_2026_08_29_20_14_56_758.jpg,data/IMG/left_2026_08_29_20_14_56_758.jpg,data/IMG/right_2026_08_29_20_14_56_758.jpg,0.35,1.0,0.0,30.16429
data/IMG/center_2026_08_29_20_14_56_826.jpg,data/IMG/left_2026_08_29_20_14_56_826.jpg,data/IMG/right_2026_08_29_20_14_56_826.jpg,0.5500001,1.0,0.0,30.13987
data/IMG/center_2026_08_29_20_14_56_896.jpg,data/IMG/left_2026_08_29_20_14_56_896.jpg,data/IMG/right_2026_08_29_20_14_56_896.jpg,0.7,1.0,0.0,30.12148
data/IMG/center_2026_08_29_20_14_56_963.jpg,data/IMG/left_2026_08_29_20_14_56_963.jpg,data/IMG/right_2026_08_29_20_14_56_963.jpg,0.9000002,1.0,0.0,30.10113
data/IMG/center_2026_08_29_20_14_57_033.jpg,data/IMG/left_2026_08_29_20_14_57_033.jpg,data/IMG/right_2026_08_29_20_14_57_033.jpg,1.0,1.0,0.0,30.09623
data/IMG/center_2026_08_29_20_14_57_650.jpg,data/IMG/left_2026_08_29_20_14_57_650.jpg,data/IMG/right_2026_08_29_20_14_57_650.jpg,0.0,1.0,0.0,30.19066
data/IMG/center_2026_08_29_20_14_57_851.jpg,data/IMG/left_2026_08_29_20_14_57_851.jpg,data/IMG/right_2026_08_29_20_14_57_851.jpg,0.1,1.0,0.0,30.1876
data/IMG/center_2026_08_29_20_14_57_920.jpg,data/IMG/left_2026_08_29_20_14_57_920.jpg,data/IMG/right_2026_08_29_20_14_57_920.jpg,0.25,1.0,0.0,30.17486
data/IMG/center_2026_08_29_20_14_57_989.jpg,data/IMG/left_2026_08_29_20_14_57_989.jpg,data/IMG/right_2026_08_29_20_14_57_989.jpg,0.45,1.0,0.0,30.15114
data/IMG/center_2026_08_29_20_14_58_329.jpg,data/IMG/left_2026_08_29_20_14_58_329.jpg,data/IMG/right_2026_08_29_20_14_58_329.jpg,0.1,1.0,0.0,30.18912
data/IMG/center_2026_08_29_20_14_58_396.jpg,data/IMG/left_2026_08_29_20_14_58_396.jpg,data/IMG/right_2026_08_29_20_14_58_396.jpg,0.25,1.0,0.0,30.17746
data/IMG/center_2026_08_29_20_14_58_464.jpg,data/IMG/left_2026_08_29_20_14_58_464.jpg,data/IMG/right_2026_08_29_20_14_58_464.jpg,0.45,1.0,0.0,30.1524
data/IMG/center_2026_08_29_20_14_58_531.jpg,data/IMG/left_2026_08_29_20_14_58_531.jpg,data/IMG/right_2026_08_29_20_14_58_531.jpg,0.6000001,1.0,0.0,30.13384
data/IMG/center_2026_08_29_20_14_58_941.jpg,data/IMG/left_2026_08_29_20_14_58_941.jpg,data/IMG/right_2026_08_29_20_14_58_941.jpg,0.05,1.0,0.0,30.18996
data/IMG/center_2026_08_29_20_14_59_008.jpg,data/IMG/left_2026_08_29_20_14_59_008.jpg,data/IMG/right_2026_08_29_20_14_59_008.jpg,0.25,1.0,0.0,30.17561
data/IMG/center_2026_08_29_20_14_59_076.jpg,data/IMG/left_2026_08_29_20_14_59_076.jpg,data/IMG/right_2026_08_29_20_14_59_076.jpg,0.4,1.0,0.0,30.15843
data/IMG/center_2026_08_29_20_14_59_620.jpg,data/IMG/left_2026_08_29_20_14_59_620.jpg,data/IMG/right_2026_08_29_20_14_59_620.jpg,0.05,1.0,0.0,30.18971
data/IMG/center_2026_08_29_20_14_59_689.jpg,data/IMG/left_2026_08_29_20_14_59_689.jpg,data/IMG/right_2026_08_29_20_14_59_689.jpg,0.25,1.0,0.0,30.17479
data/IMG/center_2026_08_29_20_14_59_758.jpg,data/IMG/left_2026_08_29_20_14_59_758.jpg,data/IMG/right_2026_08_29_20_14_59_758.jpg,0.4,1.0,0.0,30.1575
data/IMG/center_2026_08_29_20_15_00_163.jpg,data/IMG/left_2026_08_29_20_15_00_163.jpg,data/IMG/right_2026_08_29_20_15_00_163.jpg,0.05,1.0,0.0,30.18992
data/IMG/center_2026_08_29_20_15_00_230.jpg,data/IMG/left_2026_08_29_20_15_00_230.jpg,data/IMG/right_2026_08_29_20_15_00_230.jpg,0.2,1.0,0.0,30.18072
data/IMG/center_2026_08_29_20_15_00_300.jpg,data/IMG/left_2026_08_29_20_15_00_300.jpg,data/IMG/right_2026_08_29_20_15_00_300.jpg,0.35,1.0,0.0,30.16423
data/IMG/center_2026_08_29_20_15_00_368.jpg,data/IMG/left_2026_08_29_20_15_00_368.jpg,data/IMG/right_2026_08_29_20_15_00_368.jpg,0.5500001,1.0,0.0,30.13969
data/IMG/center_2026_08_29_20_15_02_603.jpg,data/IMG/left_2026_08_29_20_15_02_603.jpg,data/IMG/right_2026_08_29_20_15_02_603.jpg,0.0,1.0,0.0,30.19284
data/IMG/center_2026_08_29_20_15_04_761.jpg,data/IMG/left_2026_08_29_20_15_04_761.jpg,data/IMG/right_2026_08_29_20_15_04_761.jpg,0.0,1.0,0.0,30.19061
data/IMG/center_2026_08_29_20_15_06_520.jpg,data/IMG/left_2026_08_29_20_15_06_520.jpg,data/IMG/right_2026_08_29_20_15_06_520.jpg,0.0,1.0,0.0,30.19063
data/IMG/center_2026_08_29_20_15_09_934.jpg,data/IMG/left_2026_08_29_20_15_09_934.jpg,data/IMG/right_2026_08_29_20_15_09_934.jpg,0.1,1.0,0.0,30.18807
data/IMG/center_2026_08_29_20_15_10_003.jpg,data/IMG/left_2026_08_29_20_15_10_003.jpg,data/IMG/right_2026_08_29_20_15_10_003.jpg,0.3,1.0,0.0,30.16978
data/IMG/center_2026_08_29_20_15_10_071.jpg,data/IMG/left_2026_08_29_20_15_10_071.jpg,data/IMG/right_2026_08_29_20_15_10_071.jpg,0.45,1.0,0.0,30.15213
data/IMG/center_2026_08_29_20_15_11_297.jpg,data/IMG/left_2026_08_29_20_15_11_297.jpg,data/IMG/right_2026_08_29_20_15_11_297.jpg,0.05,1.0,0.0,30.18974
data/IMG/center_2026_08_29_20_15_11_364.jpg,data/IMG/left_2026_08_29_20_15_11_364.jpg,data/IMG/right_2026_08_29_20_15_11_364.jpg,0.25,1.0,0.0,30.17475
data/IMG/center_2026_08_29_20_15_12_184.jpg,data/IMG/left_2026_08_29_20_15_12_184.jpg,data/IMG/right_2026_08_29_20_15_12_184.jpg,0.0,1.0,0.0,30.1903
data/IMG/center_2026_08_29_20_15_13_540.jpg,data/IMG/left_2026_08_29_20_15_13_540.jpg,data/IMG/right_2026_08_29_20_15_13_540.jpg,0.05,1.0,0.0,30.18968
data/IMG/center_2026_08_29_20_15_13_607.jpg,data/IMG/left_2026_08_29_20_15_13_607.jpg,data/IMG/right_2026_08_29_20_15_13_607.jpg,0.25,1.0,0.0,30.175
data/IMG/center_2026_08_29_20_15_13_674.jpg,data/IMG/left_2026_08_29_20_15_13_674.jpg,data/IMG/right_2026_08_29_20_15_13_674.jpg,0.4,1.0,0.0,30.1575
data/IMG/center_2026_08_29_20_15_13_743.jpg,data/IMG/left_2026_08_29_20_15_13_743.jpg,data/IMG/right_2026_08_29_20_15_13_743.jpg,0.6000001,1.0,0.0,30.13315
data/IMG/center_2026_08_29_20_15_14_626.jpg,data/IMG/left_2026_08_29_20_15_14_626.jpg,data/IMG/right_2026_08_29_20_15_14_626.jpg,0.0,1.0,0.0,30.19025
data/IMG/center_2026_08_29_20_15_16_121.jpg,data/IMG/left_2026_08_29_20_15_16_121.jpg,data/IMG/right_2026_08_29_20_15_16_121.jpg,0.0,1.0,0.0,30.1903
data/IMG/center_2026_08_29_20_15_16_461.jpg,data/IMG/left_2026_08_29_20_15_16_461.jpg,data/IMG/right_2026_08_29_20_15_16_461.jpg,0.15,1.0,0.0,30.18427
data/IMG/center_2026_08_29_20_15_16_530.jpg,data/IMG/left_2026_08_29_20_15_16_530.jpg,data/IMG/right_2026_08_29_20_15_16_530.jpg,0.35,1.0,0.0,30.16346
data/IMG/center_2026_08_29_20_15_16_599.jpg,data/IMG/left_2026_08_29_20_15_16_599.jpg,data/IMG/right_2026_08_29_20_15_16_599.jpg,0.5000001,1.0,0.0,30.14541
data/IMG/center_2026_08_29_20_15_16_666.jpg,data/IMG/left_2026_08_29_20_15_16_666.jpg,data/IMG/right_2026_08_29_20_15_16_666.jpg,0.7,1.0,0.0,30.12106
data/IMG/center_2026_08_29_20_15_17_486.jpg,data/IMG/left_2026_08_29_20_15_17_486.jpg,data/IMG/right_2026_08_29_20_15_17_486.jpg,0.0,1.0,0.0,30.19052
data/IMG/center_2026_08_29_20_15_18_170.jpg,data/IMG/left_2026_08_29_20_15_18_170.jpg,data/IMG/right_2026_08_29_20_15_18_170.jpg,0.0,1.0,0.0,30.19076
data/IMG/center_2026_08_29_20_15_18_510.jpg,data/IMG/left_2026_08_29_20_15_18_510.jpg,data/IMG/right_2026_08_29_20_15_18_510.jpg,0.05,1.0,0.0,30.18944
data/IMG/center_2026_08_29_20_15_18_577.jpg,data/IMG/left_2026_08_29_20_15_18_577.jpg,data/IMG/right_2026_08_29_20_15_18_577.jpg,0.2,1.0,0.0,30.17963
data/IMG/center_2026_08_29_20_15_18_646.jpg,data/IMG/left_2026_08_29_20_15_18_646.jpg,data/IMG/right_2026_08_29_20_15_18_646.jpg,0.4,1.0,0.0,30.15745
data/IMG/center_2026_08_29_20_15_18_713.jpg,data/IMG/left_2026_08_29_20_15_18_713.jpg,data/IMG/right_2026_08_29_20_15_18_713.jpg,0.5500001,1.0,0.0,30.13921
data/IMG/center_2026_08_29_20_15_19_053.jpg,data/IMG/left_2026_08_29_20_15_19_053.jpg,data/IMG/right_2026_08_29_20_15_19_053.jpg,0.0,1.0,0.0,30.19059
data/IMG/center_2026_08_29_20_15_19_595.jpg,data/IMG/left_2026_08_29_20_15_19_595.jpg,data/IMG/right_2026_08_29_20_15_19_595.jpg,0.05,1.0,0.0,30.18964
data/IMG/center_2026_08_29_20_15_19_665.jpg,data/IMG/left_2026_08_29_20_15_19_665.jpg,data/IMG/right_2026_08_29_20_15_19_665.jpg,0.25,1.0,0.0,30.17448
data/IMG/center_2026_08_29_20_15_19_734.jpg,data/IMG/left_2026_08_29_20_15_19_734.jpg,data/IMG/right_2026_08_29_20_15_19_734.jpg,0.4,1.0,0.0,30.15729
data/IMG/center_2026_08_29_20_15_19_803.jpg,data/IMG/left_2026_08_29_20_15_19_803.jpg,data/IMG/right_2026_08_29_20_15_19_803.jpg,0.6000001,1.0,0.0,30.13303
data/IMG/center_2026_08_29_20_15_19_871.jpg,data/IMG/left_2026_08_29_20_15_19_871.jpg,data/IMG/right_2026_08_29_20_15_19_871.jpg,0.7500002,1.0,0.0,30.11451
data/IMG/center_2026_08_29_20_15_19_940.jpg,data/IMG/left_2026_08_29_20_15_19_940.jpg,data/IMG/right_2026_08_29_20_15_19_940.jpg,0.9000002,1.0,0.0,30.10093
data/IMG/center_2026_08_29_20_15_21_174.jpg,data/IMG/left_2026_08_29_20_15_21_174.jpg,data/IMG/right_2026_08_29_20_15_21_174.jpg,0.1,1.0,0.0,30.18766
data/IMG/center_2026_08_29_20_15_21_244.jpg,data/IMG/left_2026_08_29_20_15_21_244.jpg,data/IMG/right_2026_08_29_20_15_21_244.jpg,0.3,1.0,0.0,30.16923
data/IMG/center_2026_08_29_20_15_21_311.jpg,data/IMG/left_2026_08_29_20_15_21_311.jpg,data/IMG/right_2026_08_29_20_15_21_311.jpg,0.45,1.0,0.0,30.15147
data/IMG/center_2026_08_29_20_15_21_381.jpg,data/IMG/left_2026_08_29_20_15_21_381.jpg,data/IMG/right_2026_08_29_20_15_21_381.jpg,0.6000001,1.0,0.0,30.1331
data/IMG/center_2026_08_29_20_15_21_448.jpg,data/IMG/left_2026_08_29_20_15_21_448.jpg,data/IMG/right_2026_08_29_20_15_21_448.jpg,0.8000001,1.0,0.0,30.11013
data/IMG/center_2026_08_29_20_15_22_069.jpg,data/IMG/left_2026_08_29_20_15_22_069.jpg,data/IMG/right_2026_08_29_20_15_22_069.jpg,0.0,1.0,0.0,30.19027
data/IMG/center_2026_08_29_20_15_22_687.jpg,data/IMG/left_2026_08_29_20_15_22_687.jpg,data/IMG/right_2026_08_29_20_15_22_687.jpg,0.2,1.0,0.0,30.17986
data/IMG/center_2026_08_29_20_15_22_758.jpg,data/IMG/left_2026_08_29_20_15_22_758.jpg,data/IMG/right_2026_08_29_20_15_22_758.jpg,0.35,1.0,0.0,30.16342
data/IMG/center_2026_08_29_20_15_22_828.jpg,data/IMG/left_2026_08_29_20_15_22_828.jpg,data/IMG/right_2026_08_29_20_15_22_828.jpg,0.5500001,1.0,0.0,30.13925
data/IMG/center_2026_08_29_20_15_22_895.jpg,data/IMG/left_2026_08_29_20_15_22_895.jpg,data/IMG/right_2026_08_29_20_15_22_895.jpg,0.7,1.0,0.0,30.12094
data/IMG/center_2026_08_29_20_15_24_124.jpg,data/IMG/left_2026_08_29_20_15_24_124.jpg,data/IMG/right_2026_08_29_20_15_24_124.jpg,0.2,1.0,0.0,30.17957
data/IMG/center_2026_08_29_20_15_24_192.jpg,data/IMG/left_2026_08_29_20_15_24_192.jpg,data/IMG/right_2026_08_29_20_15_24_192.jpg,0.35,1.0,0.0,30.16343
data/IMG/center_2026_08_29_20_15_24_262.jpg,data/IMG/left_2026_08_29_20_15_24_262.jpg,data/IMG/right_2026_08_29_20_15_24_262.jpg,0.5000001,1.0,0.0,30.14532
data/IMG/center_2026_08_29_20_15_24_334.jpg,data/IMG/left_2026_08_29_20_15_24_334.jpg,data/IMG/right_2026_08_29_20_15_24_334.jpg,0.7,1.0,0.0,30.12102
data/IMG/center_2026_08_29_20_15_26_531.jpg,data/IMG/left_2026_08_29_20_15_26_531.jpg,data/IMG/right_2026_08_29_20_15_26_531.jpg,0.1,1.0,0.0,30.18771
data/IMG/center_2026_08_29_20_15_26_600.jpg,data/IMG/left_2026_08_29_20_15_26_600.jpg,data/IMG/right_2026_08_29_20_15_26_600.jpg,0.25,1.0,0.0,30.17476
data/IMG/center_2026_08_29_20_15_26_668.jpg,data/IMG/left_2026_08_29_20_15_26_668.jpg,data/IMG/right_2026_08_29_20_15_26_668.jpg,0.45,1.0,0.0,30.15148
data/IMG/center_2026_08_29_20_15_27_010.jpg,data/IMG/left_2026_08_29_20_15_27_010.jpg,data/IMG/right_2026_08_29_20_15_27_010.jpg,0.0,1.0,0.0,30.19028
data/IMG/center_2026_08_29_20_15_27_350.jpg,data/IMG/left_2026_08_29_20_15_27_350.jpg,data/IMG/right_2026_08_29_20_15_27_350.jpg,0.15,1.0,0.0,30.18426
data/IMG/center_2026_08_29_20_15_27_420.jpg,data/IMG/left_2026_08_29_20_15_27_420.jpg,data/IMG/right_2026_08_29_20_15_27_420.jpg,0.3,1.0,0.0,30.16919
data/IMG/center_2026_08_29_20_15_27_487.jpg,data/IMG/left_2026_08_29_20_15_27_487.jpg,data/IMG/right_2026_08_29_20_15_27_487.jpg,0.5000001,1.0,0.0,30.14536
data/IMG/center_2026_08_29_20_15_27_624.jpg,data/IMG/left_2026_08_29_20_15_27_624.jpg,data/IMG/right_2026_08_29_20_15_27_624.jpg,0.0,1.0,0.0,30.187
data/IMG/center_2026_08_29_20_15_27_833.jpg,data/IMG/left_2026_08_29_20_15_27_833.jpg,data/IMG/right_2026_08_29_20_15_27_833.jpg,0.0,1.0,0.0,30.19027
data/IMG/center_2026_08_29_20_15_29_070.jpg,data/IMG/left_2026_08_29_20_15_29_070.jpg,data/IMG/right_2026_08_29_20_15_29_070.jpg,-0.05,1.0,0.0,30.18962
data/IMG/center_2026_08_29_20_15_29_139.jpg,data/IMG/left_2026_08_29_20_15_29_139.jpg,data/IMG/right_2026_08_29_20_15_29_139.jpg,-0.2,1.0,0.0,30.17971
data/IMG/center_2026_08_29_20_15_30_167.jpg,data/IMG/left_2026_08_29_20_15_30_167.jpg,data/IMG/right_2026_08_29_20_15_30_167.jpg,0.0,1.0,0.0,30.1905
data/IMG/center_2026_08_29_20_15_30_372.jpg,data/IMG/left_2026_08_29_20_15_30_372.jpg,data/IMG/right_2026_08_29_20_15_30_372.jpg,0.0,1.0,0.0,30.19037
data/IMG/center_2026_08_29_20_15_30_577.jpg,data/IMG/left_2026_08_29_20_15_30_577.jpg,data/IMG/right_2026_08_29_20_15_30_577.jpg,0.0,1.0,0.0,30.19017
data/IMG/center_2026_08_29_20_15_30_783.jpg,data/IMG/left_2026_08_29_20_15_30_783.jpg,data/IMG/right_2026_08_29_20_15_30_783.jpg,0.0,1.0,0.0,30.19029
data/IMG/center_2026_08_29_20_15_31_461.jpg,data/IMG/left_2026_08_29_20_15_31_461.jpg,data/IMG/right_2026_08_29_20_15_31_461.jpg,0.15,1.0,0.0,30.18423
data/IMG/center_2026_08_29_20_15_31_531.jpg,data/IMG/left_2026_08_29_20_15_31_531.jpg,data/IMG/right_2026_08_29_20_15_31_531.jpg,0.35,1.0,0.0,30.16348
data/IMG/center_2026_08_29_20_15_31_597.jpg,data/IMG/left_2026_08_29_20_15_31_597.jpg,data/IMG/right_2026_08_29_20_15_31_597.jpg,0.5000001,1.0,0.0,30.14536
data/IMG/center_2026_08_29_20_15_31_735.jpg,data/IMG/left_2026_08_29_20_15_31_735.jpg,data/IMG/right_2026_08_29_20_15_31_735.jpg,0.0,1.0,0.0,30.18375
data/IMG/center_2026_08_29_20_15_33_104.jpg,data/IMG/left_2026_08_29_20_15_33_104.jpg,data/IMG/right_2026_08_29_20_15_33_104.jpg,0.0,1.0,0.0,30.19029
data/IMG/center_2026_08_29_20_15_34_469.jpg,data/IMG/left_2026_08_29_20_15_34_469.jpg,data/IMG/right_2026_08_29_20_15_34_469.jpg,0.0,1.0,0.0,30.19029
data/IMG/center_2026_08_29_20_15_35_769.jpg,data/IMG/left_2026_08_29_20_15_35_769.jpg,data/IMG/right_2026_08_29_20_15_35_769.jpg,0.0,1.0,0.0,30.19028
data/IMG/center_2026_08_29_20_15_36_310.jpg,data/IMG/left_2026_08_29_20_15_36_310.jpg,data/IMG/right_2026_08_29_20_15_36_310.jpg,0.05,1.0,0.0,30.18972
data/IMG/center_2026_08_29_20_15_36_379.jpg,data/IMG/left_2026_08_29_20_15_36_379.jpg,data/IMG/right_2026_08_29_20_15_36_379.jpg,0.2,1.0,0.0,30.17983
data/IMG/center_2026_08_29_20_15_36_446.jpg,data/IMG/left_2026_08_29_20_15_36_446.jpg,data/IMG/right_2026_08_29_20_15_36_446.jpg,0.4,1.0,0.0,30.15749
data/IMG/center_2026_08_29_20_15_36_513.jpg,data/IMG/left_2026_08_29_20_15_36_513.jpg,data/IMG/right_2026_08_29_20_15_36_513.jpg,0.0,1.0,0.0,30.18759
data/IMG/center_2026_08_29_20_15_37_402.jpg,data/IMG/left_2026_08_29_20_15_37_402.jpg,data/IMG/right_2026_08_29_20_15_37_402.jpg,0.0,1.0,0.0,30.19029
data/IMG/center_2026_08_29_20_15_38_697.jpg,data/IMG/left_2026_08_29_20_15_38_697.jpg,data/IMG/right_2026_08_29_20_15_38_697.jpg,0.1,1.0,0.0,30.18718
data/IMG/center_2026_08_29_20_15_38_765.jpg,data/IMG/left_2026_08_29_20_15_38_765.jpg,data/IMG/right_2026_08_29_20_15_38_765.jpg,0.3,1.0,0.0,30.16943
data/IMG/center_2026_08_29_20_15_38_833.jpg,data/IMG/left_2026_08_29_20_15_38_833.jpg,data/IMG/right_2026_08_29_20_15_38_833.jpg,0.45,1.0,0.0,30.15196
data/IMG/center_2026_08_29_20_15_39_583.jpg,data/IMG/left_2026_08_29_20_15_39_583.jpg,data/IMG/right_2026_08_29_20_15_39_583.jpg,0.0,1.0,0.0,30.19039
data/IMG/center_2026_08_29_20_15_41_019.jpg,data/IMG/left_2026_08_29_20_15_41_019.jpg,data/IMG/right_2026_08_29_20_15_41_019.jpg,0.0,1.0,0.0,30.19029
data/IMG/center_2026_08_29_20_15_41_494.jpg,data/IMG/left_2026_08_29_20_15_41_494.jpg,data/IMG/right_2026_08_29_20_15_41_494.jpg,0.0,1.0,0.0,30.19015
data/IMG/center_2026_08_29_20_15_41_628.jpg,data/IMG/left_2026_08_29_20_15_41_628.jpg,data/IMG/right_2026_08_29_20_15_41_628.jpg,0.2,1.0,0.0,30.17983
data/IMG/center_2026_08_29_20_15_41_696.jpg,data/IMG/left_2026_08_29_20_15_41_696.jpg,data/IMG/right_2026_08_29_20_15_41_696.jpg,0.35,1.0,0.0,30.1642
data/IMG/center_2026_08_29_20_15_44_020.jpg,data/IMG/left_2026_08_29_20_15_44_020.jpg,data/IMG/right_2026_08_29_20_15_44_020.jpg,0.15,1.0,0.0,30.18423
data/IMG/center_2026_08_29_20_15_44_090.jpg,data/IMG/left_2026_08_29_20_15_44_090.jpg,data/IMG/right_2026_08_29_20_15_44_090.jpg,0.35,1.0,0.0,30.16321
data/IMG/center_2026_08_29_20_15_45_934.jpg,data/IMG/left_2026_08_29_20_15_45_934.jpg,data/IMG/right_2026_08_29_20_15_45_934.jpg,0.0,1.0,0.0,30.19021
data/IMG/center_2026_08_29_20_15_46_068.jpg,data/IMG/left_2026_08_29_20_15_46_068.jpg,data/IMG/right_2026_08_29_20_15_46_068.jpg,0.05,1.0,0.0,30.18953
data/IMG/center_2026_08_29_20_15_46_137.jpg,data/IMG/left_2026_08_29_20_15_46_137.jpg,data/IMG/right_2026_08_29_20_15_46_137.jpg,0.2,1.0,0.0,30.17991
data/IMG/center_2026_08_29_20_15_46_205.jpg,data/IMG/left_2026_08_29_20_15_46_205.jpg,data/IMG/right_2026_08_29_20_15_46_205.jpg,0.4,1.0,0.0,30.15786
data/IMG/center_2026_08_29_20_15_47_371.jpg,data/IMG/left_2026_08_29_20_15_47_371.jpg,data/IMG/right_2026_08_29_20_15_47_371.jpg,0.0,1.0,0.0,30.19029
data/IMG/center_2026_08_29_20_15_48_535.jpg,data/IMG/left_2026_08_29_20_15_48_535.jpg,data/IMG/right_2026_08_29_20_15_48_535.jpg,0.15,1.0,0.0,30.18424
data/IMG/center_2026_08_29_20_15_48_602.jpg,data/IMG/left_2026_08_29_20_15_48_602.jpg,data/IMG/right_2026_08_29_20_15_48_602.jpg,0.3,1.0,0.0,30.16925
data/IMG/center_2026_08_29_20_15_48_670.jpg,data/IMG/left_2026_08_29_20_15_48_670.jpg,data/IMG/right_2026_08_29_20_15_48_670.jpg,0.5000001,1.0,0.0,30.14537
data/IMG/center_2026_08_29_20_15_48_738.jpg,data/IMG/left_2026_08_29_20_15_48_738.jpg,data/IMG/right_2026_08_29_20_15_48_738.jpg,0.6500001,1.0,0.0,30.12708
data/IMG/center_2026_08_29_20_15_49_221.jpg,data/IMG/left_2026_08_29_20_15_49_221.jpg,data/IMG/right_2026_08_29_20_15_49_221.jpg,0.0,1.0,0.0,30.19032
data/IMG/center_2026_08_29_20_15_49_906.jpg,data/IMG/left_2026_08_29_20_15_49_906.jpg,data/IMG/right_2026_08_29_20_15_49_906.jpg,0.0,1.0,0.0,30.19049
data/IMG/center_2026_08_29_20_15_49_973.jpg,data/IMG/left_2026_08_29_20_15_49_973.jpg,data/IMG/right_2026_08_29_20_15_49_973.jpg,0.0,1.0,0.0,30.19002
data/IMG/center_2026_08_29_20_15_50_724.jpg,data/IMG/left_2026_08_29_20_15_50_724.jpg,data/IMG/right_2026_08_29_20_15_50_724.jpg,0.0,1.0,0.0,30.19037
data/IMG/center_2026_08_29_20_15_51_880.jpg,data/IMG/left_2026_08_29_20_15_51_880.jpg,data/IMG/right_2026_08_29_20_15_51_880.jpg,0.05,1.0,0.0,30.18971
data/IMG/center_2026_08_29_20_15_51_950.jpg,data/IMG/left_2026_08_29_20_15_51_950.jpg,data/IMG/right_2026_08_29_20_15_51_950.jpg,0.25,1.0,0.0,30.17473
data/IMG/center_2026_08_29_20_15_52_017.jpg,data/IMG/left_2026_08_29_20_15_52_017.jpg,data/IMG/right_2026_08_29_20_15_52_017.jpg,0.4,1.0,0.0,30.15748
data/IMG/center_2026_08_29_20_15_52_087.jpg,data/IMG/left_2026_08_29_20_15_52_087.jpg,data/IMG/right_2026_08_29_20_15_52_087.jpg,0.6000001,1.0,0.0,30.13313
data/IMG/center_2026_08_29_20_15_52_154.jpg,data/IMG/left_2026_08_29_20_15_52_154.jpg,data/IMG/right_2026_08_29_20_15_52_154.jpg,0.7500002,1.0,0.0,30.11463
data/IMG/center_2026_08_29_20_15_52_495.jpg,data/IMG/left_2026_08_29_20_15_52_495.jpg,data/IMG/right_2026_08_29_20_15_52_495.jpg,0.0,1.0,0.0,30.19032
data/IMG/center_2026_08_29_20_15_53_726.jpg,data/IMG/left_2026_08_29_20_15_53_726.jpg,data/IMG/right_2026_08_29_20_15_53_726.jpg,0.05,1.0,0.0,30.18957
data/IMG/center_2026_08_29_20_15_53_796.jpg,data/IMG/left_2026_08_29_20_15_53_796.jpg,data/IMG/right_2026_08_29_20_15_53_796.jpg,0.2,1.0,0.0,30.17983
data/IMG/center_2026_08_29_20_15_53_863.jpg,data/IMG/left_2026_08_29_20_15_53_863.jpg,data/IMG/right_2026_08_29_20_15_53_863.jpg,0.4,1.0,0.0,30.15754
data/IMG/center_2026_08_29_20_15_53_931.jpg,data/IMG/left_2026_08_29_20_15_53_931.jpg,data/IMG/right_2026_08_29_20_15_53_931.jpg,0.5500001,1.0,0.0,30.13926
data/IMG/center_2026_08_29_20_15_53_998.jpg,data/IMG/left_2026_08_29_20_15_53_998.jpg,data/IMG/right_2026_08_29_20_15_53_998.jpg,0.7,1.0,0.0,30.12105
data/IMG/center_2026_08_29_20_15_54_550.jpg,data/IMG/left_2026_08_29_20_15_54_550.jpg,data/IMG/right_2026_08_29_20_15_54_550.jpg,0.0,1.0,0.0,30.19029
data/IMG/center_2026_08_29_20_15_55_517.jpg,data/IMG/left_2026_08_29_20_15_55_517.jpg,data/IMG/right_2026_08_29_20_15_55_517.jpg,0.15,1.0,0.0,30.1842
data/IMG/center_2026_08_29_20_15_55_587.jpg,data/IMG/left_2026_08_29_20_15_55_587.jpg,data/IMG/right_2026_08_29_20_15_55_587.jpg,0.35,1.0,0.0,30.16348
data/IMG/center_2026_08_29_20_15_55_656.jpg,data/IMG/left_2026_08_29_20_15_55_656.jpg,data/IMG/right_2026_08_29_20_15_55_656.jpg,0.5000001,1.0,0.0,30.14599
data/IMG/center_2026_08_29_20_15_56_409.jpg,data/IMG/left_2026_08_29_20_15_56_409.jpg,data/IMG/right_2026_08_29_20_15_56_409.jpg,0.2,1.0,0.0,30.17986
data/IMG/center_2026_08_29_20_15_56_476.jpg,data/IMG/left_2026_08_29_20_15_56_476.jpg,data/IMG/right_2026_08_29_20_15_56_476.jpg,0.35,1.0,0.0,30.16342
data/IMG/center_2026_08_29_20_15_56_544.jpg,data/IMG/left_2026_08_29_20_15_56_544.jpg,data/IMG/right_2026_08_29_20_15_56_544.jpg,0.5500001,1.0,0.0,30.13888
data/IMG/center_2026_08_29_20_15_56_678.jpg,data/IMG/left_2026_08_29_20_15_56_678.jpg,data/IMG/right_2026_08_29_20_15_56_678.jpg,0.0,1.0,0.0,30.18384
data/IMG/center_2026_08_29_20_15_57_780.jpg,data/IMG/left_2026_08_29_20_15_57_780.jpg,data/IMG/right_2026_08_29_20_15_57_780.jpg,0.15,1.0,0.0,30.18422
data/IMG/center_2026_08_29_20_15_57_850.jpg,data/IMG/left_2026_08_29_20_15_57_850.jpg,data/IMG/right_2026_08_29_20_15_57_850.jpg,0.35,1.0,0.0,30.16343
data/IMG/center_2026_08_29_20_15_57_920.jpg,data/IMG/left_2026_08_29_20_15_57_920.jpg,data/IMG/right_2026_08_29_20_15_57_920.jpg,0.5000001,1.0,0.0,30.14539
data/IMG/center_2026_08_29_20_15_58_877.jpg,data/IMG/left_2026_08_29_20_15_58_877.jpg,data/IMG/right_2026_08_29_20_15_58_877.jpg,0.05,1.0,0.0,30.18962
data/IMG/center_2026_08_29_20_15_58_946.jpg,data/IMG/left_2026_08_29_20_15_58_946.jpg,data/IMG/right_2026_08_29_20_15_58_946.jpg,0.25,1.0,0.0,30.1747
data/IMG/center_2026_08_29_20_15_59_014.jpg,data/IMG/left_2026_08_29_20_15_59_014.jpg,data/IMG/right_2026_08_29_20_15_59_014.jpg,0.4,1.0,0.0,30.15759
data/IMG/center_2026_08_29_20_15_59_084.jpg,data/IMG/left_2026_08_29_20_15_59_084.jpg,data/IMG/right_2026_08_29_20_15_59_084.jpg,0.6000001,1.0,0.0,30.13304
data/IMG/center_2026_08_29_20_15_59_150.jpg,data/IMG/left_2026_08_29_20_15_59_150.jpg,data/IMG/right_2026_08_29_20_15_59_150.jpg,0.7500002,1.0,0.0,30.11458
data/IMG/center_2026_08_29_20_15_59_969.jpg,data/IMG/left_2026_08_29_20_15_59_969.jpg,data/IMG/right_2026_08_29_20_15_59_969.jpg,0.15,1.0,0.0,30.18411
data/IMG/center_2026_08_29_20_16_00_038.jpg,data/IMG/left_2026_08_29_20_16_00_038.jpg,data/IMG/right_2026_08_29_20_16_00_038.jpg,0.3,1.0,0.0,30.16916
data/IMG/center_2026_08_29_20_16_00_105.jpg,data/IMG/left_2026_08_29_20_16_00_105.jpg,data/IMG/right_2026_08_29_20_16_00_105.jpg,0.5000001,1.0,0.0,30.14486
data/IMG/center_2026_08_29_20_16_00_172.jpg,data/IMG/left_2026_08_29_20_16_00_172.jpg,data/IMG/right_2026_08_29_20_16_00_172.jpg,0.6500001,1.0,0.0,30.12681
data/IMG/center_2026_08_29_20_16_00_244.jpg,data/IMG/left_2026_08_29_20_16_00_244.jpg,data/IMG/right_2026_08_29_20_16_00_244.jpg,0.8500001,1.0,0.0,30.10501
data/IMG/center_2026_08_29_20_16_00_655.jpg,data/IMG/left_2026_08_29_20_16_00_655.jpg,data/IMG/right_2026_08_29_20_16_00_655.jpg,0.0,1.0,0.0,30.19029
data/IMG/center_2026_08_29_20_16_00_794.jpg,data/IMG/left_2026_08_29_20_16_00_794.jpg,data/IMG/right_2026_08_29_20_16_00_794.jpg,0.15,1.0,0.0,30.18449
data/IMG/center_2026_08_29_20_16_00_867.jpg,data/IMG/left_2026_08_29_20_16_00_867.jpg,data/IMG/right_2026_08_29_20_16_00_867.jpg,0.35,1.0,0.0,30.16344
data/IMG/center_2026_08_29_20_16_00_934.jpg,data/IMG/left_2026_08_29_20_16_00_934.jpg,data/IMG/right_2026_08_29_20_16_00_934.jpg,0.5000001,1.0,0.0,30.14549
data/IMG/center_2026_08_29_20_16_01_002.jpg,data/IMG/left_2026_08_29_20_16_01_002.jpg,data/IMG/right_2026_08_29_20_16_01_002.jpg,0.6500001,1.0,0.0,30.12714
data/IMG/center_2026_08_29_20_16_01_072.jpg,data/IMG/left_2026_08_29_20_16_01_072.jpg,data/IMG/right_2026_08_29_20_16_01_072.jpg,0.8500001,1.0,0.0,30.10526
data/IMG/center_2026_08_29_20_16_01_622.jpg,data/IMG/left_2026_08_29_20_16_01_622.jpg,data/IMG/right_2026_08_29_20_16_01_622.jpg,0.0,1.0,0.0,30.19032
data/IMG/center_2026_08_29_20_16_01_832.jpg,data/IMG/left_2026_08_29_20_16_01_832.jpg,data/IMG/right_2026_08_29_20_16_01_832.jpg,0.2,1.0,0.0,30.17975
data/IMG/center_2026_08_29_20_16_01_904.jpg,data/IMG/left_2026_08_29_20_16_01_904.jpg,data/IMG/right_2026_08_29_20_16_01_904.jpg,0.4,1.0,0.0,30.15742
data/IMG/center_2026_08_29_20_16_01_974.jpg,data/IMG/left_2026_08_29_20_16_01_974.jpg,data/IMG/right_2026_08_29_20_16_01_974.jpg,0.5500001,1.0,0.0,30.13912
data/IMG/center_2026_08_29_20_16_02_045.jpg,data/IMG/left_2026_08_29_20_16_02_045.jpg,data/IMG/right_2026_08_29_20_16_02_045.jpg,0.7500002,1.0,0.0,30.11456
data/IMG/center_2026_08_29_20_16_02_394.jpg,data/IMG/left_2026_08_29_20_16_02_394.jpg,data/IMG/right_2026_08_29_20_16_02_394.jpg,0.05,1.0,0.0,30.18951
data/IMG/center_2026_08_29_20_16_02_464.jpg,data/IMG/left_2026_08_29_20_16_02_464.jpg,data/IMG/right_2026_08_29_20_16_02_464.jpg,0.25,1.0,0.0,30.17638
data/IMG/center_2026_08_29_20_16_02_534.jpg,data/IMG/left_2026_08_29_20_16_02_534.jpg,data/IMG/right_2026_08_29_20_16_02_534.jpg,0.4,1.0,0.0,30.15877
data/IMG/center_2026_08_29_20_16_02_601.jpg,data/IMG/left_2026_08_29_20_16_02_601.jpg,data/IMG/right_2026_08_29_20_16_02_601.jpg,0.5500001,1.0,0.0,30.14006
data/IMG/center_2026_08_29_20_16_02_668.jpg,data/IMG/left_2026_08_29_20_16_02_668.jpg,data/IMG/right_2026_08_29_20_16_02_668.jpg,0.7500002,1.0,0.0,30.11508
data/IMG/center_2026_08_29_20_16_03_222.jpg,data/IMG/left_2026_08_29_20_16_03_222.jpg,data/IMG/right_2026_08_29_20_16_03_222.jpg,0.15,1.0,0.0,30.18447
data/IMG/center_2026_08_29_20_16_03_289.jpg,data/IMG/left_2026_08_29_20_16_03_289.jpg,data/IMG/right_2026_08_29_20_16_03_289.jpg,0.35,1.0,0.0,30.1638
data/IMG/center_2026_08_29_20_16_03_495.jpg,data/IMG/left_2026_08_29_20_16_03_495.jpg,data/IMG/right_2026_08_29_20_16_03_495.jpg,0.0,1.0,0.0,30.18964
data/IMG/center_2026_08_29_20_16_03_767.jpg,data/IMG/left_2026_08_29_20_16_03_767.jpg,data/IMG/right_2026_08_29_20_16_03_767.jpg,0.05,1.0,0.0,30.18974
data/IMG/center_2026_08_29_20_16_03_834.jpg,data/IMG/left_2026_08_29_20_16_03_834.jpg,data/IMG/right_2026_08_29_20_16_03_834.jpg,0.2,1.0,0.0,30.18028
data/IMG/center_2026_08_29_20_16_03_905.jpg,data/IMG/left_2026_08_29_20_16_03_905.jpg,data/IMG/right_2026_08_29_20_16_03_905.jpg,0.4,1.0,0.0,30.15774
data/IMG/center_2026_08_29_20_16_04_251.jpg,data/IMG/left_2026_08_29_20_16_04_251.jpg,data/IMG/right_2026_08_29_20_16_04_251.jpg,0.05,1.0,0.0,30.18992
data/IMG/center_2026_08_29_20_16_04_321.jpg,data/IMG/left_2026_08_29_20_16_04_321.jpg,data/IMG/right_2026_08_29_20_16_04_321.jpg,0.2,1.0,0.0,30.18054
data/IMG/center_2026_08_29_20_16_04_389.jpg,data/IMG/left_2026_08_29_20_16_04_389.jpg,data/IMG/right_2026_08_29_20_16_04_389.jpg,0.4,1.0,0.0,30.15805
data/IMG/center_2026_08_29_20_16_05_207.jpg,data/IMG/left_2026_08_29_20_16_05_207.jpg,data/IMG/right_2026_08_29_20_16_05_207.jpg,0.0,1.0,0.0,30.19033
data/IMG/center_2026_08_29_20_16_07_180.jpg,data/IMG/left_2026_08_29_20_16_07_180.jpg,data/IMG/right_2026_08_29_20_16_07_180.jpg,-0.15,1.0,0.0,30.18444
data/IMG/center_2026_08_29_20_16_07_250.jpg,data/IMG/left_2026_08_29_20_16_07_250.jpg,data/IMG/right_2026_08_29_20_16_07_250.jpg,-0.35,1.0,0.0,30.16412
data/IMG/center_2026_08_29_20_16_09_021.jpg,data/IMG/left_2026_08_29_20_16_09_021.jpg,data/IMG/right_2026_08_29_20_16_09_021.jpg,-0.15,1.0,0.0,30.18424
data/IMG/center_2026_08_29_20_16_09_088.jpg,data/IMG/left_2026_08_29_20_16_09_088.jpg,data/IMG/right_2026_08_29_20_16_09_088.jpg,-0.35,1.0,0.0,30.16367
data/IMG/center_2026_08_29_20_16_09_157.jpg,data/IMG/left_2026_08_29_20_16_09_157.jpg,data/IMG/right_2026_08_29_20_16_09_157.jpg,-0.5000001,1.0,0.0,30.14539
data/IMG/center_2026_08_29_20_16_09_904.jpg,data/IMG/left_2026_08_29_20_16_09_904.jpg,data/IMG/right_2026_08_29_20_16_09_904.jpg,-0.15,1.0,0.0,30.18386
data/IMG/center_2026_08_29_20_16_09_970.jpg,data/IMG/left_2026_08_29_20_16_09_970.jpg,data/IMG/right_2026_08_29_20_16_09_970.jpg,-0.3,1.0,0.0,30.16893
data/IMG/center_2026_08_29_20_16_10_039.jpg,data/IMG/left_2026_08_29_20_16_10_039.jpg,data/IMG/right_2026_08_29_20_16_10_039.jpg,-0.45,1.0,0.0,30.15141
data/IMG/center_2026_08_29_20_16_10_105.jpg,data/IMG/left_2026_08_29_20_16_10_105.jpg,data/IMG/right_2026_08_29_20_16_10_105.jpg,-0.6500001,1.0,0.0,30.12702
data/IMG/center_2026_08_29_20_16_10_442.jpg,data/IMG/left_2026_08_29_20_16_10_442.jpg,data/IMG/right_2026_08_29_20_16_10_442.jpg,-0.05,1.0,0.0,30.18974
data/IMG/center_2026_08_29_20_16_10_511.jpg,data/IMG/left_2026_08_29_20_16_10_511.jpg,data/IMG/right_2026_08_29_20_16_10_511.jpg,-0.25,1.0,0.0,30.17634
data/IMG/center_2026_08_29_20_16_10_577.jpg,data/IMG/left_2026_08_29_20_16_10_577.jpg,data/IMG/right_2026_08_29_20_16_10_577.jpg,-0.4,1.0,0.0,30.15875
data/IMG/center_2026_08_29_20_16_10_644.jpg,data/IMG/left_2026_08_29_20_16_10_644.jpg,data/IMG/right_2026_08_29_20_16_10_644.jpg,-0.6000001,1.0,0.0,30.13386
data/IMG/center_2026_08_29_20_16_10_711.jpg,data/IMG/left_2026_08_29_20_16_10_711.jpg,data/IMG/right_2026_08_29_20_16_10_711.jpg,-0.7500002,1.0,0.0,30.11512
data/IMG/center_2026_08_29_20_16_10_778.jpg,data/IMG/left_2026_08_29_20_16_10_778.jpg,data/IMG/right_2026_08_29_20_16_10_778.jpg,-0.9000002,1.0,0.0,30.10109
data/IMG/center_2026_08_29_20_16_11_255.jpg,data/IMG/left_2026_08_29_20_16_11_255.jpg,data/IMG/right_2026_08_29_20_16_11_255.jpg,-0.15,1.0,0.0,30.18538
data/IMG/center_2026_08_29_20_16_11_323.jpg,data/IMG/left_2026_08_29_20_16_11_323.jpg,data/IMG/right_2026_08_29_20_16_11_323.jpg,-0.3,1.0,0.0,30.16949
data/IMG/center_2026_08_29_20_16_11_392.jpg,data/IMG/left_2026_08_29_20_16_11_392.jpg,data/IMG/right_2026_08_29_20_16_11_392.jpg,-0.5000001,1.0,0.0,30.14503
data/IMG/center_2026_08_29_20_16_11_461.jpg,data/IMG/left_2026_08_29_20_16_11_461.jpg,data/IMG/right_2026_08_29_20_16_11_461.jpg,-0.6500001,1.0,0.0,30.129
data/IMG/center_2026_08_29_20_16_11_530.jpg,data/IMG/left_2026_08_29_20_16_11_530.jpg,data/IMG/right_2026_08_29_20_16_11_530.jpg,-0.8500001,1.0,0.0,30.10552
data/IMG/center_2026_08_29_20_16_12_009.jpg,data/IMG/left_2026_08_29_20_16_12_009.jpg,data/IMG/right_2026_08_29_20_16_12_009.jpg,-0.15,1.0,0.0,30.18507
data/IMG/center_2026_08_29_20_16_12_078.jpg,data/IMG/left_2026_08_29_20_16_12_078.jpg,data/IMG/right_2026_08_29_20_16_12_078.jpg,-0.3,1.0,0.0,30.17001
data/IMG/center_2026_08_29_20_16_12_148.jpg,data/IMG/left_2026_08_29_20_16_12_148.jpg,data/IMG/right_2026_08_29_20_16_12_148.jpg,-0.5000001,1.0,0.0,30.14579
data/IMG/center_2026_08_29_20_16_12_217.jpg,data/IMG/left_2026_08_29_20_16_12_217.jpg,data/IMG/right_2026_08_29_20_16_12_217.jpg,-0.6500001,1.0,0.0,30.12749
data/IMG/center_2026_08_29_20_16_12_560.jpg,data/IMG/left_2026_08_29_20_16_12_560.jpg,data/IMG/right_2026_08_29_20_16_12_560.jpg,0.0,1.0,0.0,30.1902
data/IMG/center_2026_08_29_20_16_12_630.jpg,data/IMG/left_2026_08_29_20_16_12_630.jpg,data/IMG/right_2026_08_29_20_16_12_630.jpg,-0.05,1.0,0.0,30.19001
data/IMG/center_2026_08_29_20_16_12_700.jpg,data/IMG/left_2026_08_29_20_16_12_700.jpg,data/IMG/right_2026_08_29_20_16_12_700.jpg,-0.2,1.0,0.0,30.1811
data/IMG/center_2026_08_29_20_16_12_769.jpg,data/IMG/left_2026_08_29_20_16_12_769.jpg,data/IMG/right_2026_08_29_20_16_12_769.jpg,-0.4,1.0,0.0,30.15858
data/IMG/center_2026_08_29_20_16_13_250.jpg,data/IMG/left_2026_08_29_20_16_13_250.jpg,data/IMG/right_2026_08_29_20_16_13_250.jpg,-0.15,1.0,0.0,30.18455
data/IMG/center_2026_08_29_20_16_13_737.jpg,data/IMG/left_2026_08_29_20_16_13_737.jpg,data/IMG/right_2026_08_29_20_16_13_737.jpg,-0.15,1.0,0.0,30.18445
data/IMG/center_2026_08_29_20_16_13_808.jpg,data/IMG/left_2026_08_29_20_16_13_808.jpg,data/IMG/right_2026_08_29_20_16_13_808.jpg,-0.35,1.0,0.0,30.16364
data/IMG/center_2026_08_29_20_16_13_877.jpg,data/IMG/left_2026_08_29_20_16_13_877.jpg,data/IMG/right_2026_08_29_20_16_13_877.jpg,0.0,1.0,0.0,30.18824
data/IMG/center_2026_08_29_20_16_16_952.jpg,data/IMG/left_2026_08_29_20_16_16_952.jpg,data/IMG/right_2026_08_29_20_16_16_952.jpg,0.0,1.0,0.0,30.19029
data/IMG/center_2026_08_29_20_16_17_708.jpg,data/IMG/left_2026_08_29_20_16_17_708.jpg,data/IMG/right_2026_08_29_20_16_17_708.jpg,0.05,1.0,0.0,30.18974
data/IMG/center_2026_08_29_20_16_17_778.jpg,data/IMG/left_2026_08_29_20_16_17_778.jpg,data/IMG/right_2026_08_29_20_16_17_778.jpg,0.2,1.0,0.0,30.17985
data/IMG/center_2026_08_29_20_16_17_845.jpg,data/IMG/left_2026_08_29_20_16_17_845.jpg,data/IMG/right_2026_08_29_20_16_17_845.jpg,0.4,1.0,0.0,30.1577
data/IMG/center_2026_08_29_20_16_17_912.jpg,data/IMG/left_2026_08_29_20_16_17_912.jpg,data/IMG/right_2026_08_29_20_16_17_912.jpg,0.5500001,1.0,0.0,30.13926
data/IMG/center_2026_08_29_20_16_17_982.jpg,data/IMG/left_2026_08_29_20_16_17_982.jpg,data/IMG/right_2026_08_29_20_16_17_982.jpg,0.0,1.0,0.0,30.18406
data/IMG/center_2026_08_29_20_16_18_806.jpg,data/IMG/left_2026_08_29_20_16_18_806.jpg,data/IMG/right_2026_08_29_20_16_18_806.jpg,0.15,1.0,0.0,30.18417
data/IMG/center_2026_08_29_20_16_18_873.jpg,data/IMG/left_2026_08_29_20_16_18_873.jpg,data/IMG/right_2026_08_29_20_16_18_873.jpg,0.3,1.0,0.0,30.16921
data/IMG/center_2026_08_29_20_16_18_942.jpg,data/IMG/left_2026_08_29_20_16_18_942.jpg,data/IMG/right_2026_08_29_20_16_18_942.jpg,0.45,1.0,0.0,30.15128
data/IMG/center_2026_08_29_20_16_19_010.jpg,data/IMG/left_2026_08_29_20_16_19_010.jpg,data/IMG/right_2026_08_29_20_16_19_010.jpg,0.6500001,1.0,0.0,30.12702
data/IMG/center_2026_08_29_20_16_19_898.jpg,data/IMG/left_2026_08_29_20_16_19_898.jpg,data/IMG/right_2026_08_29_20_16_19_898.jpg,0.15,1.0,0.0,30.18459
data/IMG/center_2026_08_29_20_16_19_968.jpg,data/IMG/left_2026_08_29_20_16_19_968.jpg,data/IMG/right_2026_08_29_20_16_19_968.jpg,0.35,1.0,0.0,30.1634
data/IMG/center_2026_08_29_20_16_20_038.jpg,data/IMG/left_2026_08_29_20_16_20_038.jpg,data/IMG/right_2026_08_29_20_16_20_038.jpg,0.5000001,1.0,0.0,30.14532
data/IMG/center_2026_08_29_20_16_20_107.jpg,data/IMG/left_2026_08_29_20_16_20_107.jpg,data/IMG/right_2026_08_29_20_16_20_107.jpg,0.7,1.0,0.0,30.12105
data/IMG/center_2026_08_29_20_16_20_309.jpg,data/IMG/left_2026_08_29_20_16_20_309.jpg,data/IMG/right_2026_08_29_20_16_20_309.jpg,0.0,1.0,0.0,30.18821
data/IMG/center_2026_08_29_20_16_20_583.jpg,data/IMG/left_2026_08_29_20_16_20_583.jpg,data/IMG/right_2026_08_29_20_16_20_583.jpg,0.1,1.0,0.0,30.18822
data/IMG/center_2026_08_29_20_16_20_653.jpg,data/IMG/left_2026_08_29_20_16_20_653.jpg,data/IMG/right_2026_08_29_20_16_20_653.jpg,0.25,1.0,0.0,30.17551
data/IMG/center_2026_08_29_20_16_20_722.jpg,data/IMG/left_2026_08_29_20_16_20_722.jpg,data/IMG/right_2026_08_29_20_16_20_722.jpg,0.4,1.0,0.0,30.15805
data/IMG/center_2026_08_29_20_16_20_789.jpg,data/IMG/left_2026_08_29_20_16_20_789.jpg,data/IMG/right_2026_08_29_20_16_20_789.jpg,0.6000001,1.0,0.0,30.13351
data/IMG/center_2026_08_29_20_16_20_856.jpg,data/IMG/left_2026_08_29_20_16_20_856.jpg,data/IMG/right_2026_08_29_20_16_20_856.jpg,0.7500002,1.0,0.0,30.11526
data/IMG/center_2026_08_29_20_16_21_269.jpg,data/IMG/left_2026_08_29_20_16_21_269.jpg,data/IMG/right_2026_08_29_20_16_21_269.jpg,0.05,1.0,0.0,30.1899
data/IMG/center_2026_08_29_20_16_21_339.jpg,data/IMG/left_2026_08_29_20_16_21_339.jpg,data/IMG/right_2026_08_29_20_16_21_339.jpg,0.2,1.0,0.0,30.18086
data/IMG/center_2026_08_29_20_16_21_406.jpg,data/IMG/left_2026_08_29_20_16_21_406.jpg,data/IMG/right_2026_08_29_20_16_21_406.jpg,0.4,1.0,0.0,30.15823
data/IMG/center_2026_08_29_20_16_21_476.jpg,data/IMG/left_2026_08_29_20_16_21_476.jpg,data/IMG/right_2026_08_29_20_16_21_476.jpg,0.5500001,1.0,0.0,30.13939
data/IMG/center_2026_08_29_20_16_21_542.jpg,data/IMG/left_2026_08_29_20_16_21_542.jpg,data/IMG/right_2026_08_29_20_16_21_542.jpg,0.7,1.0,0.0,30.12127
data/IMG/center_2026_08_29_20_16_22_019.jpg,data/IMG/left_2026_08_29_20_16_22_019.jpg,data/IMG/right_2026_08_29_20_16_22_019.jpg,0.05,1.0,0.0,30.18995
data/IMG/center_2026_08_29_20_16_22_089.jpg,data/IMG/left_2026_08_29_20_16_22_089.jpg,data/IMG/right_2026_08_29_20_16_22_089.jpg,0.25,1.0,0.0,30.17545
data/IMG/center_2026_08_29_20_16_22_156.jpg,data/IMG/left_2026_08_29_20_16_22_156.jpg,data/IMG/right_2026_08_29_20_16_22_156.jpg,0.4,1.0,0.0,30.1581
data/IMG/center_2026_08_29_20_16_22_225.jpg,data/IMG/left_2026_08_29_20_16_22_225.jpg,data/IMG/right_2026_08_29_20_16_22_225.jpg,0.6000001,1.0,0.0,30.1334
data/IMG/center_2026_08_29_20_16_22_293.jpg,data/IMG/left_2026_08_29_20_16_22_293.jpg,data/IMG/right_2026_08_29_20_16_22_293.jpg,0.7500002,1.0,0.0,30.11472
data/IMG/center_2026_08_29_20_16_22_911.jpg,data/IMG/left_2026_08_29_20_16_22_911.jpg,data/IMG/right_2026_08_29_20_16_22_911.jpg,0.1,1.0,0.0,30.18761
data/IMG/center_2026_08_29_20_16_22_979.jpg,data/IMG/left_2026_08_29_20_16_22_979.jpg,data/IMG/right_2026_08_29_20_16_22_979.jpg,0.25,1.0,0.0,30.17478
data/IMG/center_2026_08_29_20_16_23_050.jpg,data/IMG/left_2026_08_29_20_16_23_050.jpg,data/IMG/right_2026_08_29_20_16_23_050.jpg,0.45,1.0,0.0,30.15139
data/IMG/center_2026_08_29_20_16_23_119.jpg,data/IMG/left_2026_08_29_20_16_23_119.jpg,data/IMG/right_2026_08_29_20_16_23_119.jpg,0.6000001,1.0,0.0,30.13291
data/IMG/center_2026_08_29_20_16_23_592.jpg,data/IMG/left_2026_08_29_20_16_23_592.jpg,data/IMG/right_2026_08_29_20_16_23_592.jpg,0.05,1.0,0.0,30.18952
data/IMG/center_2026_08_29_20_16_23_660.jpg,data/IMG/left_2026_08_29_20_16_23_660.jpg,data/IMG/right_2026_08_29_20_16_23_660.jpg,0.2,1.0,0.0,30.1802
data/IMG/center_2026_08_29_20_16_23_727.jpg,data/IMG/left_2026_08_29_20_16_23_727.jpg,data/IMG/right_2026_08_29_20_16_23_727.jpg,0.4,1.0,0.0,30.15775
data/IMG/center_2026_08_29_20_16_23_794.jpg,data/IMG/left_2026_08_29_20_16_23_794.jpg,data/IMG/right_2026_08_29_20_16_23_794.jpg,0.5500001,1.0,0.0,30.13938
data/IMG/center_2026_08_29_20_16_25_014.jpg,data/IMG/left_2026_08_29_20_16_25_014.jpg,data/IMG/right_2026_08_29_20_16_25_014.jpg,0.05,1.0,0.0,30.18971
data/IMG/center_2026_08_29_20_16_25_353.jpg,data/IMG/left_2026_08_29_20_16_25_353.jpg,data/IMG/right_2026_08_29_20_16_25_353.jpg,0.0,1.0,0.0,30.19032
data/IMG/center_2026_08_29_20_16_26_499.jpg,data/IMG/left_2026_08_29_20_16_26_499.jpg,data/IMG/right_2026_08_29_20_16_26_499.jpg,0.05,1.0,0.0,30.19978
data/IMG/center_2026_08_29_20_16_26_568.jpg,data/IMG/left_2026_08_29_20_16_26_568.jpg,data/IMG/right_2026_08_29_20_16_26_568.jpg,0.25,1.0,0.0,30.06693
data/IMG/center_2026_08_29_20_16_26_636.jpg,data/IMG/left_2026_08_29_20_16_26_636.jpg,data/IMG/right_2026_08_29_20_16_26_636.jpg,0.4,1.0,0.0,30.19337
data/IMG/center_2026_08_29_20_16_27_652.jpg,data/IMG/left_2026_08_29_20_16_27_652.jpg,data/IMG/right_2026_08_29_20_16_27_652.jpg,0.0,1.0,0.0,30.19064
data/IMG/center_2026_08_29_20_16_28_664.jpg,data/IMG/left_2026_08_29_20_16_28_664.jpg,data/IMG/right_2026_08_29_20_16_28_664.jpg,0.0,1.0,0.0,30.19063
data/IMG/center_2026_08_29_20_16_29_277.jpg,data/IMG/left_2026_08_29_20_16_29_277.jpg,data/IMG/right_2026_08_29_20_16_29_277.jpg,0.0,1.0,0.0,30.19065
data/IMG/center_2026_08_29_20_16_33_691.jpg,data/IMG/left_2026_08_29_20_16_33_691.jpg,data/IMG/right_2026_08_29_20_16_33_691.jpg,0.0,1.0,0.0,30.19066
data/IMG/center_2026_08_29_20_16_34_372.jpg,data/IMG/left_2026_08_29_20_16_34_372.jpg,data/IMG/right_2026_08_29_20_16_34_372.jpg,0.15,1.0,0.0,30.21016
data/IMG/center_2026_08_29_20_16_34_441.jpg,data/IMG/left_2026_08_29_20_16_34_441.jpg,data/IMG/right_2026_08_29_20_16_34_441.jpg,0.3,1.0,0.0,30.06861
data/IMG/center_2026_08_29_20_16_35_051.jpg,data/IMG/left_2026_08_29_20_16_35_051.jpg,data/IMG/right_2026_08_29_20_16_35_051.jpg,0.0,1.0,0.0,30.19021
data/IMG/center_2026_08_29_20_16_35_119.jpg,data/IMG/left_2026_08_29_20_16_35_119.jpg,data/IMG/right_2026_08_29_20_16_35_119.jpg,0.0,1.0,0.0,30.1903
data/IMG/center_2026_08_29_20_16_35_596.jpg,data/IMG/left_2026_08_29_20_16_35_596.jpg,data/IMG/right_2026_08_29_20_16_35_596.jpg,0.05,1.0,0.0,30.1897
data/IMG/center_2026_08_29_20_16_35_663.jpg,data/IMG/left_2026_08_29_20_16_35_663.jpg,data/IMG/right_2026_08_29_20_16_35_663.jpg,0.25,1.0,0.0,30.17473
data/IMG/center_2026_08_29_20_16_35_733.jpg,data/IMG/left_2026_08_29_20_16_35_733.jpg,data/IMG/right_2026_08_29_20_16_35_733.jpg,0.4,1.0,0.0,30.15748
data/IMG/center_2026_08_29_20_16_35_801.jpg,data/IMG/left_2026_08_29_20_16_35_801.jpg,data/IMG/right_2026_08_29_20_16_35_801.jpg,0.5500001,1.0,0.0,30.13924
data/IMG/center_2026_08_29_20_16_36_142.jpg,data/IMG/left_2026_08_29_20_16_36_142.jpg,data/IMG/right_2026_08_29_20_16_36_142.jpg,0.0,1.0,0.0,30.19029
data/IMG/center_2026_08_29_20_16_36_277.jpg,data/IMG/left_2026_08_29_20_16_36_277.jpg,data/IMG/right_2026_08_29_20_16_36_277.jpg,0.0,1.0,0.0,30.1903
data/IMG/center_2026_08_29_20_16_36_550.jpg,data/IMG/left_2026_08_29_20_16_36_550.jpg,data/IMG/right_2026_08_29_20_16_36_550.jpg,-0.2,1.0,0.0,30.17986
data/IMG/center_2026_08_29_20_16_36_617.jpg,data/IMG/left_2026_08_29_20_16_36_617.jpg,data/IMG/right_2026_08_29_20_16_36_617.jpg,-0.35,1.0,0.0,30.16355
data/IMG/center_2026_08_29_20_16_37_300.jpg,data/IMG/left_2026_08_29_20_16_37_300.jpg,data/IMG/right_2026_08_29_20_16_37_300.jpg,0.0,1.0,0.0,30.19032
data/IMG/center_2026_08_29_20_16_38_318.jpg,data/IMG/left_2026_08_29_20_16_38_318.jpg,data/IMG/right_2026_08_29_20_16_38_318.jpg,0.0,1.0,0.0,30.1903
data/IMG/center_2026_08_29_20_16_38_654.jpg,data/IMG/left_2026_08_29_20_16_38_654.jpg,data/IMG/right_2026_08_29_20_16_38_654.jpg,0.1,1.0,0.0,30.18768
data/IMG/center_2026_08_29_20_16_38_723.jpg,data/IMG/left_2026_08_29_20_16_38_723.jpg,data/IMG/right_2026_08_29_20_16_38_723.jpg,0.3,1.0,0.0,30.16927
data/IMG/center_2026_08_29_20_16_38_790.jpg,data/IMG/left_2026_08_29_20_16_38_790.jpg,data/IMG/right_2026_08_29_20_16_38_790.jpg,0.45,1.0,0.0,30.15163
data/IMG/center_2026_08_29_20_16_38_856.jpg,data/IMG/left_2026_08_29_20_16_38_856.jpg,data/IMG/right_2026_08_29_20_16_38_856.jpg,0.6000001,1.0,0.0,30.1331
data/IMG/center_2026_08_29_20_16_39_193.jpg,data/IMG/left_2026_08_29_20_16_39_193.jpg,data/IMG/right_2026_08_29_20_16_39_193.jpg,0.0,1.0,0.0,30.19029
data/IMG/center_2026_08_29_20_16_39_394.jpg,data/IMG/left_2026_08_29_20_16_39_394.jpg,data/IMG/right_2026_08_29_20_16_39_394.jpg,0.05,1.0,0.0,30.18965
data/IMG/center_2026_08_29_20_16_39_462.jpg,data/IMG/left_2026_08_29_20_16_39_462.jpg,data/IMG/right_2026_08_29_20_16_39_462.jpg,0.2,1.0,0.0,30.17992
data/IMG/center_2026_08_29_20_16_39_533.jpg,data/IMG/left_2026_08_29_20_16_39_533.jpg,data/IMG/right_2026_08_29_20_16_39_533.jpg,0.4,1.0,0.0,30.15755
data/IMG/center_2026_08_29_20_16_39_805.jpg,data/IMG/left_2026_08_29_20_16_39_805.jpg,data/IMG/right_2026_08_29_20_16_39_805.jpg,0.0,1.0,0.0,30.1902
data/IMG/center_2026_08_29_20_16_41_367.jpg,data/IMG/left_2026_08_29_20_16_41_367.jpg,data/IMG/right_2026_08_29_20_16_41_367.jpg,0.15,1.0,0.0,30.18424
data/IMG/center_2026_08_29_20_16_41_434.jpg,data/IMG/left_2026_08_29_20_16_41_434.jpg,data/IMG/right_2026_08_29_20_16_41_434.jpg,0.3,1.0,0.0,30.16928
data/IMG/center_2026_08_29_20_16_41_502.jpg,data/IMG/left_2026_08_29_20_16_41_502.jpg,data/IMG/right_2026_08_29_20_16_41_502.jpg,0.45,1.0,0.0,30.15149
data/IMG/center_2026_08_29_20_16_42_256.jpg,data/IMG/left_2026_08_29_20_16_42_256.jpg,data/IMG/right_2026_08_29_20_16_42_256.jpg,0.1,1.0,0.0,30.18766
data/IMG/center_2026_08_29_20_16_42_323.jpg,data/IMG/left_2026_08_29_20_16_42_323.jpg,data/IMG/right_2026_08_29_20_16_42_323.jpg,0.3,1.0,0.0,30.16895
data/IMG/center_2026_08_29_20_16_42_390.jpg,data/IMG/left_2026_08_29_20_16_42_390.jpg,data/IMG/right_2026_08_29_20_16_42_390.jpg,0.45,1.0,0.0,30.1514
data/IMG/center_2026_08_29_20_16_42_460.jpg,data/IMG/left_2026_08_29_20_16_42_460.jpg,data/IMG/right_2026_08_29_20_16_42_460.jpg,0.6000001,1.0,0.0,30.13307
data/IMG/center_2026_08_29_20_16_42_937.jpg,data/IMG/left_2026_08_29_20_16_42_937.jpg,data/IMG/right_2026_08_29_20_16_42_937.jpg,0.0,1.0,0.0,30.19031
data/IMG/center_2026_08_29_20_16_43_350.jpg,data/IMG/left_2026_08_29_20_16_43_350.jpg,data/IMG/right_2026_08_29_20_16_43_350.jpg,0.1,1.0,0.0,30.18764
data/IMG/center_2026_08_29_20_16_43_417.jpg,data/IMG/left_2026_08_29_20_16_43_417.jpg,data/IMG/right_2026_08_29_20_16_43_417.jpg,0.25,1.0,0.0,30.17466
data/IMG/center_2026_08_29_20_16_43_484.jpg,data/IMG/left_2026_08_29_20_16_43_484.jpg,data/IMG/right_2026_08_29_20_16_43_484.jpg,0.45,1.0,0.0,30.15143
data/IMG/center_2026_08_29_20_16_43_552.jpg,data/IMG/left_2026_08_29_20_16_43_552.jpg,data/IMG/right_2026_08_29_20_16_43_552.jpg,0.6000001,1.0,0.0,30.13312
data/IMG/center_2026_08_29_20_16_43_824.jpg,data/IMG/left_2026_08_29_20_16_43_824.jpg,data/IMG/right_2026_08_29_20_16_43_824.jpg,0.0,1.0,0.0,30.19006
data/IMG/center_2026_08_29_20_16_44_570.jpg,data/IMG/left_2026_08_29_20_16_44_570.jpg,data/IMG/right_2026_08_29_20_16_44_570.jpg,0.2,1.0,0.0,30.17976
data/IMG/center_2026_08_29_20_16_44_640.jpg,data/IMG/left_2026_08_29_20_16_44_640.jpg,data/IMG/right_2026_08_29_20_16_44_640.jpg,0.35,1.0,0.0,30.16339
data/IMG/center_2026_08_29_20_16_44_707.jpg,data/IMG/left_2026_08_29_20_16_44_707.jpg,data/IMG/right_2026_08_29_20_16_44_707.jpg,0.5500001,1.0,0.0,30.13918
data/IMG/center_2026_08_29_20_16_44_775.jpg,data/IMG/left_2026_08_29_20_16_44_775.jpg,data/IMG/right_2026_08_29_20_16_44_775.jpg,0.7,1.0,0.0,30.12094
data/IMG/center_2026_08_29_20_16_44_845.jpg,data/IMG/left_2026_08_29_20_16_44_845.jpg,data/IMG/right_2026_08_29_20_16_44_845.jpg,0.9000002,1.0,0.0,30.10095
data/IMG/center_2026_08_29_20_16_46_348.jpg,data/IMG/left_2026_08_29_20_16_46_348.jpg,data/IMG/right_2026_08_29_20_16_46_348.jpg,0.05,1.0,0.0,30.18972
data/IMG/center_2026_08_29_20_16_46_417.jpg,data/IMG/left_2026_08_29_20_16_46_417.jpg,data/IMG/right_2026_08_29_20_16_46_417.jpg,0.2,1.0,0.0,30.17963
data/IMG/center_2026_08_29_20_16_46_487.jpg,data/IMG/left_2026_08_29_20_16_46_487.jpg,data/IMG/right_2026_08_29_20_16_46_487.jpg,0.4,1.0,0.0,30.15751
data/IMG/center_2026_08_29_20_16_46_554.jpg,data/IMG/left_2026_08_29_20_16_46_554.jpg,data/IMG/right_2026_08_29_20_16_46_554.jpg,0.5500001,1.0,0.0,30.13929
data/IMG/center_2026_08_29_20_16_47_172.jpg,data/IMG/left_2026_08_29_20_16_47_172.jpg,data/IMG/right_2026_08_29_20_16_47_172.jpg,0.1,1.0,0.0,30.18775
data/IMG/center_2026_08_29_20_16_47_241.jpg,data/IMG/left_2026_08_29_20_16_47_241.jpg,data/IMG/right_2026_08_29_20_16_47_241.jpg,0.25,1.0,0.0,30.17475
data/IMG/center_2026_08_29_20_16_47_308.jpg,data/IMG/left_2026_08_29_20_16_47_308.jpg,data/IMG/right_2026_08_29_20_16_47_308.jpg,0.45,1.0,0.0,30.15143
data/IMG/center_2026_08_29_20_16_47_925.jpg,data/IMG/left_2026_08_29_20_16_47_925.jpg,data/IMG/right_2026_08_29_20_16_47_925.jpg,0.1,1.0,0.0,30.18767
data/IMG/center_2026_08_29_20_16_47_993.jpg,data/IMG/left_2026_08_29_20_16_47_993.jpg,data/IMG/right_2026_08_29_20_16_47_993.jpg,0.25,1.0,0.0,30.17476
data/IMG/center_2026_08_29_20_16_48_062.jpg,data/IMG/left_2026_08_29_20_16_48_062.jpg,data/IMG/right_2026_08_29_20_16_48_062.jpg,0.4,1.0,0.0,30.15757
data/IMG/center_2026_08_29_20_16_48_134.jpg,data/IMG/left_2026_08_29_20_16_48_134.jpg,data/IMG/right_2026_08_29_20_16_48_134.jpg,0.6000001,1.0,0.0,30.1331
data/IMG/center_2026_08_29_20_16_48_475.jpg,data/IMG/left_2026_08_29_20_16_48_475.jpg,data/IMG/right_2026_08_29_20_16_48_475.jpg,0.0,1.0,0.0,30.19023
data/IMG/center_2026_08_29_20_16_49_375.jpg,data/IMG/left_2026_08_29_20_16_49_375.jpg,data/IMG/right_2026_08_29_20_16_49_375.jpg,0.0,1.0,0.0,30.19034
data/IMG/center_2026_08_29_20_16_49_584.jpg,data/IMG/left_2026_08_29_20_16_49_584.jpg,data/IMG/right_2026_08_29_20_16_49_584.jpg,0.2,1.0,0.0,30.17984
data/IMG/center_2026_08_29_20_16_49_651.jpg,data/IMG/left_2026_08_29_20_16_49_651.jpg,data/IMG/right_2026_08_29_20_16_49_651.jpg,0.35,1.0,0.0,30.16345
data/IMG/center_2026_08_29_20_16_49_720.jpg,data/IMG/left_2026_08_29_20_16_49_720.jpg,data/IMG/right_2026_08_29_20_16_49_720.jpg,0.0,1.0,0.0,30.17916
data/IMG/center_2026_08_29_20_16_50_267.jpg,data/IMG/left_2026_08_29_20_16_50_267.jpg,data/IMG/right_2026_08_29_20_16_50_267.jpg,0.15,1.0,0.0,30.18435
data/IMG/center_2026_08_29_20_16_50_335.jpg,data/IMG/left_2026_08_29_20_16_50_335.jpg,data/IMG/right_2026_08_29_20_16_50_335.jpg,0.3,1.0,0.0,30.16932
data/IMG/center_2026_08_29_20_16_52_257.jpg,data/IMG/left_2026_08_29_20_16_52_257.jpg,data/IMG/right_2026_08_29_20_16_52_257.jpg,0.15,1.0,0.0,30.18427
data/IMG/center_2026_08_29_20_16_52_326.jpg,data/IMG/left_2026_08_29_20_16_52_326.jpg,data/IMG/right_2026_08_29_20_16_52_326.jpg,0.35,1.0,0.0,30.16328
data/IMG/center_2026_08_29_20_16_52_393.jpg,data/IMG/left_2026_08_29_20_16_52_393.jpg,data/IMG/right_2026_08_29_20_16_52_393.jpg,0.5000001,1.0,0.0,30.14541
data/IMG/center_2026_08_29_20_16_52_530.jpg,data/IMG/left_2026_08_29_20_16_52_530.jpg,data/IMG/right_2026_08_29_20_16_52_530.jpg,0.0,1.0,0.0,30.1894
data/IMG/center_2026_08_29_20_16_53_634.jpg,data/IMG/left_2026_08_29_20_16_53_634.jpg,data/IMG/right_2026_08_29_20_16_53_634.jpg,0.0,1.0,0.0,30.1903
data/IMG/center_2026_08_29_20_16_53_703.jpg,data/IMG/left_2026_08_29_20_16_53_703.jpg,data/IMG/right_2026_08_29_20_16_53_703.jpg,0.2,1.0,0.0,30.17984
data/IMG/center_2026_08_29_20_16_53_772.jpg,data/IMG/left_2026_08_29_20_16_53_772.jpg,data/IMG/right_2026_08_29_20_16_53_772.jpg,0.35,1.0,0.0,30.16346
data/IMG/center_2026_08_29_20_16_53_842.jpg,data/IMG/left_2026_08_29_20_16_53_842.jpg,data/IMG/right_2026_08_29_20_16_53_842.jpg,0.5000001,1.0,0.0,30.14537
data/IMG/center_2026_08_29_20_16_54_936.jpg,data/IMG/left_2026_08_29_20_16_54_936.jpg,data/IMG/right_2026_08_29_20_16_54_936.jpg,0.0,1.0,0.0,30.19035
data/IMG/center_2026_08_29_20_16_55_483.jpg,data/IMG/left_2026_08_29_20_16_55_483.jpg,data/IMG/right_2026_08_29_20_16_55_483.jpg,0.0,1.0,0.0,30.19032
data/IMG/center_2026_08_29_20_16_57_041.jpg,data/IMG/left_2026_08_29_20_16_57_041.jpg,data/IMG/right_2026_08_29_20_16_57_041.jpg,0.0,1.0,0.0,30.1903
data/IMG/center_2026_08_29_20_16_57_519.jpg,data/IMG/left_2026_08_29_20_16_57_519.jpg,data/IMG/right_2026_08_29_20_16_57_519.jpg,0.05,1.0,0.0,30.18972
data/IMG/center_2026_08_29_20_16_57_586.jpg,data/IMG/left_2026_08_29_20_16_57_586.jpg,data/IMG/right_2026_08_29_20_16_57_586.jpg,0.25,1.0,0.0,30.17477
data/IMG/center_2026_08_29_20_16_57_655.jpg,data/IMG/left_2026_08_29_20_16_57_655.jpg,data/IMG/right_2026_08_29_20_16_57_655.jpg,0.4,1.0,0.0,30.15754
data/IMG/center_2026_08_29_20_16_57_725.jpg,data/IMG/left_2026_08_29_20_16_57_725.jpg,data/IMG/right_2026_08_29_20_16_57_725.jpg,0.6000001,1.0,0.0,30.13315
data/IMG/center_2026_08_29_20_16_59_627.jpg,data/IMG/left_2026_08_29_20_16_59_627.jpg,data/IMG/right_2026_08_29_20_16_59_627.jpg,-0.15,1.0,0.0,30.18433
data/IMG/center_2026_08_29_20_16_59_694.jpg,data/IMG/left_2026_08_29_20_16_59_694.jpg,data/IMG/right_2026_08_29_20_16_59_694.jpg,-0.3,1.0,0.0,30.16958
data/IMG/center_2026_08_29_20_17_01_942.jpg,data/IMG/left_2026_08_29_20_17_01_942.jpg,data/IMG/right_2026_08_29_20_17_01_942.jpg,0.0,1.0,0.0,30.19031
data/IMG/center_2026_08_29_20_17_02_076.jpg,data/IMG/left_2026_08_29_20_17_02_076.jpg,data/IMG/right_2026_08_29_20_17_02_076.jpg,0.15,1.0,0.0,30.18424
data/IMG/center_2026_08_29_20_17_02_145.jpg,data/IMG/left_2026_08_29_20_17_02_145.jpg,data/IMG/right_2026_08_29_20_17_02_145.jpg,0.35,1.0,0.0,30.16347
data/IMG/center_2026_08_29_20_17_02_350.jpg,data/IMG/left_2026_08_29_20_17_02_350.jpg,data/IMG/right_2026_08_29_20_17_02_350.jpg,0.0,1.0,0.0,30.1901
data/IMG/center_2026_08_29_20_17_02_623.jpg,data/IMG/left_2026_08_29_20_17_02_623.jpg,data/IMG/right_2026_08_29_20_17_02_623.jpg,0.1,1.0,0.0,30.18787
data/IMG/center_2026_08_29_20_17_02_892.jpg,data/IMG/left_2026_08_29_20_17_02_892.jpg,data/IMG/right_2026_08_29_20_17_02_892.jpg,0.0,1.0,0.0,30.19029
data/IMG/center_2026_08_29_20_17_03_028.jpg,data/IMG/left_2026_08_29_20_17_03_028.jpg,data/IMG/right_2026_08_29_20_17_03_028.jpg,0.15,1.0,0.0,30.18461
data/IMG/center_2026_08_29_20_17_04_667.jpg,data/IMG/left_2026_08_29_20_17_04_667.jpg,data/IMG/right_2026_08_29_20_17_04_667.jpg,0.1,1.0,0.0,30.18767
data/IMG/center_2026_08_29_20_17_04_734.jpg,data/IMG/left_2026_08_29_20_17_04_734.jpg,data/IMG/right_2026_08_29_20_17_04_734.jpg,0.25,1.0,0.0,30.17477
data/IMG/center_2026_08_29_20_17_04_804.jpg,data/IMG/left_2026_08_29_20_17_04_804.jpg,data/IMG/right_2026_08_29_20_17_04_804.jpg,0.45,1.0,0.0,30.15145
data/IMG/center_2026_08_29_20_17_07_260.jpg,data/IMG/left_2026_08_29_20_17_07_260.jpg,data/IMG/right_2026_08_29_20_17_07_260.jpg,0.0,1.0,0.0,30.19029
data/IMG/center_2026_08_29_20_17_07_881.jpg,data/IMG/left_2026_08_29_20_17_07_881.jpg,data/IMG/right_2026_08_29_20_17_07_881.jpg,0.0,1.0,0.0,30.1903
data/IMG/center_2026_08_29_20_17_08_225.jpg,data/IMG/left_2026_08_29_20_17_08_225.jpg,data/IMG/right_2026_08_29_20_17_08_225.jpg,0.1,1.0,0.0,30.18767
data/IMG/center_2026_08_29_20_17_08_292.jpg,data/IMG/left_2026_08_29_20_17_08_292.jpg,data/IMG/right_2026_08_29_20_17_08_292.jpg,0.25,1.0,0.0,30.17478
data/IMG/center_2026_08_29_20_17_08_362.jpg,data/IMG/left_2026_08_29_20_17_08_362.jpg,data/IMG/right_2026_08_29_20_17_08_362.jpg,0.4,1.0,0.0,30.15753
data/IMG/center_2026_08_29_20_17_08_840.jpg,data/IMG/left_2026_08_29_20_17_08_840.jpg,data/IMG/right_2026_08_29_20_17_08_840.jpg,0.0,1.0,0.0,30.19032
data/IMG/center_2026_08_29_20_17_08_909.jpg,data/IMG/left_2026_08_29_20_17_08_909.jpg,data/IMG/right_2026_08_29_20_17_08_909.jpg,0.15,1.0,0.0,30.18435
data/IMG/center_2026_08_29_20_17_08_978.jpg,data/IMG/left_2026_08_29_20_17_08_978.jpg,data/IMG/right_2026_08_29_20_17_08_978.jpg,0.3,1.0,0.0,30.16935
data/IMG/center_2026_08_29_20_17_11_907.jpg,data/IMG/left_2026_08_29_20_17_11_907.jpg,data/IMG/right_2026_08_29_20_17_11_907.jpg,0.0,1.0,0.0,30.19028
data/IMG/center_2026_08_29_20_17_12_800.jpg,data/IMG/left_2026_08_29_20_17_12_800.jpg,data/IMG/right_2026_08_29_20_17_12_800.jpg,0.0,1.0,0.0,30.1903
data/IMG/center_2026_08_29_20_17_12_870.jpg,data/IMG/left_2026_08_29_20_17_12_870.jpg,data/IMG/right_2026_08_29_20_17_12_870.jpg,0.2,1.0,0.0,30.17984
data/IMG/center_2026_08_29_20_17_12_939.jpg,data/IMG/left_2026_08_29_20_17_12_939.jpg,data/IMG/right_2026_08_29_20_17_12_939.jpg,0.35,1.0,0.0,30.16351
data/IMG/center_2026_08_29_20_17_13_007.jpg,data/IMG/left_2026_08_29_20_17_13_007.jpg,data/IMG/right_2026_08_29_20_17_13_007.jpg,0.5500001,1.0,0.0,30.13926
data/IMG/center_2026_08_29_20_17_14_037.jpg,data/IMG/left_2026_08_29_20_17_14_037.jpg,data/IMG/right_2026_08_29_20_17_14_037.jpg,0.0,1.0,0.0,30.1903
data/IMG/center_2026_08_29_20_17_14_108.jpg,data/IMG/left_2026_08_29_20_17_14_108.jpg,data/IMG/right_2026_08_29_20_17_14_108.jpg,0.1,1.0,0.0,30.18764
data/IMG/center_2026_08_29_20_17_14_174.jpg,data/IMG/left_2026_08_29_20_17_14_174.jpg,data/IMG/right_2026_08_29_20_17_14_174.jpg,0.25,1.0,0.0,30.17473
data/IMG/center_2026_08_29_20_17_14_245.jpg,data/IMG/left_2026_08_29_20_17_14_245.jpg,data/IMG/right_2026_08_29_20_17_14_245.jpg,0.45,1.0,0.0,30.15144
data/IMG/center_2026_08_29_20_17_16_781.jpg,data/IMG/left_2026_08_29_20_17_16_781.jpg,data/IMG/right_2026_08_29_20_17_16_781.jpg,0.15,1.0,0.0,30.18388
data/IMG/center_2026_08_29_20_17_16_850.jpg,data/IMG/left_2026_08_29_20_17_16_850.jpg,data/IMG/right_2026_08_29_20_17_16_850.jpg,0.35,1.0,0.0,30.16348
data/IMG/center_2026_08_29_20_17_16_917.jpg,data/IMG/left_2026_08_29_20_17_16_917.jpg,data/IMG/right_2026_08_29_20_17_16_917.jpg,0.5000001,1.0,0.0,30.14538
data/IMG/center_2026_08_29_20_17_16_987.jpg,data/IMG/left_2026_08_29_20_17_16_987.jpg,data/IMG/right_2026_08_29_20_17_16_987.jpg,0.7,1.0,0.0,30.12104
data/IMG/center_2026_08_29_20_17_18_354.jpg,data/IMG/left_2026_08_29_20_17_18_354.jpg,data/IMG/right_2026_08_29_20_17_18_354.jpg,0.0,1.0,0.0,30.19029
data/IMG/center_2026_08_29_20_17_18_630.jpg,data/IMG/left_2026_08_29_20_17_18_630.jpg,data/IMG/right_2026_08_29_20_17_18_630.jpg,0.15,1.0,0.0,30.18397
data/IMG/center_2026_08_29_20_17_18_697.jpg,data/IMG/left_2026_08_29_20_17_18_697.jpg,data/IMG/right_2026_08_29_20_17_18_697.jpg,0.3,1.0,0.0,30.16929
data/IMG/center_2026_08_29_20_17_18_767.jpg,data/IMG/left_2026_08_29_20_17_18_767.jpg,data/IMG/right_2026_08_29_20_17_18_767.jpg,0.5000001,1.0,0.0,30.1454
data/IMG/center_2026_08_29_20_17_18_836.jpg,data/IMG/left_2026_08_29_20_17_18_836.jpg,data/IMG/right_2026_08_29_20_17_18_836.jpg,0.6500001,1.0,0.0,30.12718
data/IMG/center_2026_08_29_20_17_19_454.jpg,data/IMG/left_2026_08_29_20_17_19_454.jpg,data/IMG/right_2026_08_29_20_17_19_454.jpg,0.0,1.0,0.0,30.19027
data/IMG/center_2026_08_29_20_17_20_206.jpg,data/IMG/left_2026_08_29_20_17_20_206.jpg,data/IMG/right_2026_08_29_20_17_20_206.jpg,0.15,1.0,0.0,30.18422
data/IMG/center_2026_08_29_20_17_20_276.jpg,data/IMG/left_2026_08_29_20_17_20_276.jpg,data/IMG/right_2026_08_29_20_17_20_276.jpg,0.3,1.0,0.0,30.16925
data/IMG/center_2026_08_29_20_17_20_346.jpg,data/IMG/left_2026_08_29_20_17_20_346.jpg,data/IMG/right_2026_08_29_20_17_20_346.jpg,0.5000001,1.0,0.0,30.1454
data/IMG/center_2026_08_29_20_17_20_481.jpg,data/IMG/left_2026_08_29_20_17_20_481.jpg,data/IMG/right_2026_08_29_20_17_20_481.jpg,0.0,1.0,0.0,30.18516
data/IMG/center_2026_08_29_20_17_21_098.jpg,data/IMG/left_2026_08_29_20_17_21_098.jpg,data/IMG/right_2026_08_29_20_17_21_098.jpg,0.15,1.0,0.0,30.18419
data/IMG/center_2026_08_29_20_17_21_167.jpg,data/IMG/left_2026_08_29_20_17_21_167.jpg,data/IMG/right_2026_08_29_20_17_21_167.jpg,0.35,1.0,0.0,30.16343
data/IMG/center_2026_08_29_20_17_21_237.jpg,data/IMG/left_2026_08_29_20_17_21_237.jpg,data/IMG/right_2026_08_29_20_17_21_237.jpg,0.5000001,1.0,0.0,30.14533
data/IMG/center_2026_08_29_20_17_22_335.jpg,data/IMG/left_2026_08_29_20_17_22_335.jpg,data/IMG/right_2026_08_29_20_17_22_335.jpg,0.05,1.0,0.0,30.18971
data/IMG/center_2026_08_29_20_17_22_402.jpg,data/IMG/left_2026_08_29_20_17_22_402.jpg,data/IMG/right_2026_08_29_20_17_22_402.jpg,0.2,1.0,0.0,30.18065
data/IMG/center_2026_08_29_20_17_22_469.jpg,data/IMG/left_2026_08_29_20_17_22_469.jpg,data/IMG/right_2026_08_29_20_17_22_469.jpg,0.4,1.0,0.0,30.1575
data/IMG/center_2026_08_29_20_17_22_536.jpg,data/IMG/left_2026_08_29_20_17_22_536.jpg,data/IMG/right_2026_08_29_20_17_22_536.jpg,0.5500001,1.0,0.0,30.13921
data/IMG/center_2026_08_29_20_17_22_605.jpg,data/IMG/left_2026_08_29_20_17_22_605.jpg,data/IMG/right_2026_08_29_20_17_22_605.jpg,0.7500002,1.0,0.0,30.11465
data/IMG/center_2026_08_29_20_17_23_718.jpg,data/IMG/left_2026_08_29_20_17_23_718.jpg,data/IMG/right_2026_08_29_20_17_23_718.jpg,0.1,1.0,0.0,30.18762
data/IMG/center_2026_08_29_20_17_23_788.jpg,data/IMG/left_2026_08_29_20_17_23_788.jpg,data/IMG/right_2026_08_29_20_17_23_788.jpg,0.3,1.0,0.0,30.16921
data/IMG/center_2026_08_29_20_17_23_855.jpg,data/IMG/left_2026_08_29_20_17_23_855.jpg,data/IMG/right_2026_08_29_20_17_23_855.jpg,0.45,1.0,0.0,30.15209
data/IMG/center_2026_08_29_20_17_23_926.jpg,data/IMG/left_2026_08_29_20_17_23_926.jpg,data/IMG/right_2026_08_29_20_17_23_926.jpg,0.6500001,1.0,0.0,30.12703
data/IMG/center_2026_08_29_20_17_23_993.jpg,data/IMG/left_2026_08_29_20_17_23_993.jpg,data/IMG/right_2026_08_29_20_17_23_993.jpg,0.8000001,1.0,0.0,30.11009
data/IMG/center_2026_08_29_20_17_24_625.jpg,data/IMG/left_2026_08_29_20_17_24_625.jpg,data/IMG/right_2026_08_29_20_17_24_625.jpg,0.05,1.0,0.0,30.18969
data/IMG/center_2026_08_29_20_17_24_694.jpg,data/IMG/left_2026_08_29_20_17_24_694.jpg,data/IMG/right_2026_08_29_20_17_24_694.jpg,0.2,1.0,0.0,30.17978
data/IMG/center_2026_08_29_20_17_24_762.jpg,data/IMG/left_2026_08_29_20_17_24_762.jpg,data/IMG/right_2026_08_29_20_17_24_762.jpg,0.35,1.0,0.0,30.16338
data/IMG/center_2026_08_29_20_17_24_832.jpg,data/IMG/left_2026_08_29_20_17_24_832.jpg,data/IMG/right_2026_08_29_20_17_24_832.jpg,0.5500001,1.0,0.0,30.1388
data/IMG/center_2026_08_29_20_17_24_900.jpg,data/IMG/left_2026_08_29_20_17_24_900.jpg,data/IMG/right_2026_08_29_20_17_24_900.jpg,0.7,1.0,0.0,30.12083
data/IMG/center_2026_08_29_20_17_24_970.jpg,data/IMG/left_2026_08_29_20_17_24_970.jpg,data/IMG/right_2026_08_29_20_17_24_970.jpg,0.9000002,1.0,0.0,30.10091
data/IMG/center_2026_08_29_20_17_25_389.jpg,data/IMG/left_2026_08_29_20_17_25_389.jpg,data/IMG/right_2026_08_29_20_17_25_389.jpg,0.1,1.0,0.0,30.18845
data/IMG/center_2026_08_29_20_17_25_460.jpg,data/IMG/left_2026_08_29_20_17_25_460.jpg,data/IMG/right_2026_08_29_20_17_25_460.jpg,0.25,1.0,0.0,30.17583
data/IMG/center_2026_08_29_20_17_25_528.jpg,data/IMG/left_2026_08_29_20_17_25_528.jpg,data/IMG/right_2026_08_29_20_17_25_528.jpg,0.45,1.0,0.0,30.152
data/IMG/center_2026_08_29_20_17_25_594.jpg,data/IMG/left_2026_08_29_20_17_25_594.jpg,data/IMG/right_2026_08_29_20_17_25_594.jpg,0.6000001,1.0,0.0,30.13358
data/IMG/center_2026_08_29_20_17_25_663.jpg,data/IMG/left_2026_08_29_20_17_25_663.jpg,data/IMG/right_2026_08_29_20_17_25_663.jpg,0.8000001,1.0,0.0,30.11035
data/IMG/center_2026_08_29_20_17_25_734.jpg,data/IMG/left_2026_08_29_20_17_25_734.jpg,data/IMG/right_2026_08_29_20_17_25_734.jpg,0.9500002,1.0,0.0,30.09737
data/IMG/center_2026_08_29_20_17_26_361.jpg,data/IMG/left_2026_08_29_20_17_26_361.jpg,data/IMG/right_2026_08_29_20_17_26_361.jpg,0.0,1.0,0.0,30.19061
data/IMG/center_2026_08_29_20_17_26_639.jpg,data/IMG/left_2026_08_29_20_17_26_639.jpg,data/IMG/right_2026_08_29_20_17_26_639.jpg,0.1,1.0,0.0,30.18763
data/IMG/center_2026_08_29_20_17_26_711.jpg,data/IMG/left_2026_08_29_20_17_26_711.jpg,data/IMG/right_2026_08_29_20_17_26_711.jpg,0.3,1.0,0.0,30.16916
data/IMG/center_2026_08_29_20_17_26_782.jpg,data/IMG/left_2026_08_29_20_17_26_782.jpg,data/IMG/right_2026_08_29_20_17_26_782.jpg,0.45,1.0,0.0,30.15137
data/IMG/center_2026_08_29_20_17_26_849.jpg,data/IMG/left_2026_08_29_20_17_26_849.jpg,data/IMG/right_2026_08_29_20_17_26_849.jpg,0.6500001,1.0,0.0,30.12686
data/IMG/center_2026_08_29_20_17_27_469.jpg,data/IMG/left_2026_08_29_20_17_27_469.jpg,data/IMG/right_2026_08_29_20_17_27_469.jpg,0.2,1.0,0.0,30.18003
data/IMG/center_2026_08_29_20_17_27_535.jpg,data/IMG/left_2026_08_29_20_17_27_535.jpg,data/IMG/right_2026_08_29_20_17_27_535.jpg,0.35,1.0,0.0,30.16357
data/IMG/center_2026_08_29_20_17_27_602.jpg,data/IMG/left_2026_08_29_20_17_27_602.jpg,data/IMG/right_2026_08_29_20_17_27_602.jpg,0.5000001,1.0,0.0,30.14585
data/IMG/center_2026_08_29_20_17_28_567.jpg,data/IMG/left_2026_08_29_20_17_28_567.jpg,data/IMG/right_2026_08_29_20_17_28_567.jpg,0.2,1.0,0.0,30.17992
data/IMG/center_2026_08_29_20_17_28_634.jpg,data/IMG/left_2026_08_29_20_17_28_634.jpg,data/IMG/right_2026_08_29_20_17_28_634.jpg,0.35,1.0,0.0,30.16342
data/IMG/center_2026_08_29_20_17_29_117.jpg,data/IMG/left_2026_08_29_20_17_29_117.jpg,data/IMG/right_2026_08_29_20_17_29_117.jpg,0.0,1.0,0.0,30.19032
data/IMG/center_2026_08_29_20_17_29_461.jpg,data/IMG/left_2026_08_29_20_17_29_461.jpg,data/IMG/right_2026_08_29_20_17_29_461.jpg,0.15,1.0,0.0,30.18423
data/IMG/center_2026_08_29_20_17_30_010.jpg,data/IMG/left_2026_08_29_20_17_30_010.jpg,data/IMG/right_2026_08_29_20_17_30_010.jpg,0.0,1.0,0.0,30.19028
data/IMG/center_2026_08_29_20_17_31_037.jpg,data/IMG/left_2026_08_29_20_17_31_037.jpg,data/IMG/right_2026_08_29_20_17_31_037.jpg,0.0,1.0,0.0,30.19029
data/IMG/center_2026_08_29_20_17_32_330.jpg,data/IMG/left_2026_08_29_20_17_32_330.jpg,data/IMG/right_2026_08_29_20_17_32_330.jpg,-0.1,1.0,0.0,30.18765
data/IMG/center_2026_08_29_20_17_32_400.jpg,data/IMG/left_2026_08_29_20_17_32_400.jpg,data/IMG/right_2026_08_29_20_17_32_400.jpg,-0.25,1.0,0.0,30.17464
data/IMG/center_2026_08_29_20_17_33_011.jpg,data/IMG/left_2026_08_29_20_17_33_011.jpg,data/IMG/right_2026_08_29_20_17_33_011.jpg,-0.1,1.0,0.0,30.18826
data/IMG/center_2026_08_29_20_17_33_077.jpg,data/IMG/left_2026_08_29_20_17_33_077.jpg,data/IMG/right_2026_08_29_20_17_33_077.jpg,-0.25,1.0,0.0,30.1749
data/IMG/center_2026_08_29_20_17_33_144.jpg,data/IMG/left_2026_08_29_20_17_33_144.jpg,data/IMG/right_2026_08_29_20_17_33_144.jpg,-0.45,1.0,0.0,30.15167
data/IMG/center_2026_08_29_20_17_33_213.jpg,data/IMG/left_2026_08_29_20_17_33_213.jpg,data/IMG/right_2026_08_29_20_17_33_213.jpg,-0.6000001,1.0,0.0,30.13352
data/IMG/center_2026_08_29_20_17_33_756.jpg,data/IMG/left_2026_08_29_20_17_33_756.jpg,data/IMG/right_2026_08_29_20_17_33_756.jpg,0.0,1.0,0.0,30.19011
data/IMG/center_2026_08_29_20_17_34_091.jpg,data/IMG/left_2026_08_29_20_17_34_091.jpg,data/IMG/right_2026_08_29_20_17_34_091.jpg,-0.05,1.0,0.0,30.18952
data/IMG/center_2026_08_29_20_17_34_159.jpg,data/IMG/left_2026_08_29_20_17_34_159.jpg,data/IMG/right_2026_08_29_20_17_34_159.jpg,-0.2,1.0,0.0,30.17975
data/IMG/center_2026_08_29_20_17_34_226.jpg,data/IMG/left_2026_08_29_20_17_34_226.jpg,data/IMG/right_2026_08_29_20_17_34_226.jpg,-0.4,1.0,0.0,30.15747
data/IMG/center_2026_08_29_20_17_34_293.jpg,data/IMG/left_2026_08_29_20_17_34_293.jpg,data/IMG/right_2026_08_29_20_17_34_293.jpg,-0.5500001,1.0,0.0,30.13927
data/IMG/center_2026_08_29_20_17_34_360.jpg,data/IMG/left_2026_08_29_20_17_34_360.jpg,data/IMG/right_2026_08_29_20_17_34_360.jpg,-0.7,1.0,0.0,30.12094
data/IMG/center_2026_08_29_20_17_34_836.jpg,data/IMG/left_2026_08_29_20_17_34_836.jpg,data/IMG/right_2026_08_29_20_17_34_836.jpg,-0.1,1.0,0.0,30.18822
data/IMG/center_2026_08_29_20_17_34_905.jpg,data/IMG/left_2026_08_29_20_17_34_905.jpg,data/IMG/right_2026_08_29_20_17_34_905.jpg,-0.3,1.0,0.0,30.1693
data/IMG/center_2026_08_29_20_17_34_971.jpg,data/IMG/left_2026_08_29_20_17_34_971.jpg,data/IMG/right_2026_08_29_20_17_34_971.jpg,-0.45,1.0,0.0,30.15172
data/IMG/center_2026_08_29_20_17_35_038.jpg,data/IMG/left_2026_08_29_20_17_35_038.jpg,data/IMG/right_2026_08_29_20_17_35_038.jpg,-0.6000001,1.0,0.0,30.13339
data/IMG/center_2026_08_29_20_17_35_105.jpg,data/IMG/left_2026_08_29_20_17_35_105.jpg,data/IMG/right_2026_08_29_20_17_35_105.jpg,-0.8000001,1.0,0.0,30.11029
data/IMG/center_2026_08_29_20_17_35_375.jpg,data/IMG/left_2026_08_29_20_17_35_375.jpg,data/IMG/right_2026_08_29_20_17_35_375.jpg,0.0,1.0,0.0,30.19107
data/IMG/center_2026_08_29_20_17_35_512.jpg,data/IMG/left_2026_08_29_20_17_35_512.jpg,data/IMG/right_2026_08_29_20_17_35_512.jpg,-0.1,1.0,0.0,30.18791
data/IMG/center_2026_08_29_20_17_35_581.jpg,data/IMG/left_2026_08_29_20_17_35_581.jpg,data/IMG/right_2026_08_29_20_17_35_581.jpg,-0.25,1.0,0.0,30.17715
data/IMG/center_2026_08_29_20_17_35_648.jpg,data/IMG/left_2026_08_29_20_17_35_648.jpg,data/IMG/right_2026_08_29_20_17_35_648.jpg,-0.45,1.0,0.0,30.15212
data/IMG/center_2026_08_29_20_17_35_717.jpg,data/IMG/left_2026_08_29_20_17_35_717.jpg,data/IMG/right_2026_08_29_20_17_35_717.jpg,-0.6000001,1.0,0.0,30.13414
data/IMG/center_2026_08_29_20_17_35_784.jpg,data/IMG/left_2026_08_29_20_17_35_784.jpg,data/IMG/right_2026_08_29_20_17_35_784.jpg,-0.8000001,1.0,0.0,30.11011
data/IMG/center_2026_08_29_20_17_35_853.jpg,data/IMG/left_2026_08_29_20_17_35_853.jpg,data/IMG/right_2026_08_29_20_17_35_853.jpg,-0.9500002,1.0,0.0,30.09723
data/IMG/center_2026_08_29_20_17_36_192.jpg,data/IMG/left_2026_08_29_20_17_36_192.jpg,data/IMG/right_2026_08_29_20_17_36_192.jpg,-0.1,1.0,0.0,30.18991
data/IMG/center_2026_08_29_20_17_36_262.jpg,data/IMG/left_2026_08_29_20_17_36_262.jpg,data/IMG/right_2026_08_29_20_17_36_262.jpg,-0.25,1.0,0.0,30.17828
data/IMG/center_2026_08_29_20_17_36_329.jpg,data/IMG/left_2026_08_29_20_17_36_329.jpg,data/IMG/right_2026_08_29_20_17_36_329.jpg,-0.45,1.0,0.0,30.15463
data/IMG/center_2026_08_29_20_17_36_397.jpg,data/IMG/left_2026_08_29_20_17_36_397.jpg,data/IMG/right_2026_08_29_20_17_36_397.jpg,-0.6000001,1.0,0.0,30.1349
data/IMG/center_2026_08_29_20_17_36_602.jpg,data/IMG/left_2026_08_29_20_17_36_602.jpg,data/IMG/right_2026_08_29_20_17_36_602.jpg,-0.05,1.0,0.0,30.18975
data/IMG/center_2026_08_29_20_17_36_672.jpg,data/IMG/left_2026_08_29_20_17_36_672.jpg,data/IMG/right_2026_08_29_20_17_36_672.jpg,-0.25,1.0,0.0,30.17879
data/IMG/center_2026_08_29_20_17_36_742.jpg,data/IMG/left_2026_08_29_20_17_36_742.jpg,data/IMG/right_2026_08_29_20_17_36_742.jpg,-0.4,1.0,0.0,30.16086
data/IMG/center_2026_08_29_20_17_37_222.jpg,data/IMG/left_2026_08_29_20_17_37_222.jpg,data/IMG/right_2026_08_29_20_17_37_222.jpg,-0.1,1.0,0.0,30.18808
data/IMG/center_2026_08_29_20_17_37_291.jpg,data/IMG/left_2026_08_29_20_17_37_291.jpg,data/IMG/right_2026_08_29_20_17_37_291.jpg,-0.3,1.0,0.0,30.17004
data/IMG/center_2026_08_29_20_17_37_574.jpg,data/IMG/left_2026_08_29_20_17_37_574.jpg,data/IMG/right_2026_08_29_20_17_37_574.jpg,0.0,1.0,0.0,30.19029
data/IMG/center_2026_08_29_20_17_40_773.jpg,data/IMG/left_2026_08_29_20_17_40_773.jpg,data/IMG/right_2026_08_29_20_17_40_773.jpg,0.0,1.0,0.0,30.19028
data/IMG/center_2026_08_29_20_17_41_119.jpg,data/IMG/left_2026_08_29_20_17_41_119.jpg,data/IMG/right_2026_08_29_20_17_41_119.jpg,0.0,1.0,0.0,30.19029
data/IMG/center_2026_08_29_20_17_42_361.jpg,data/IMG/left_2026_08_29_20_17_42_361.jpg,data/IMG/right_2026_08_29_20_17_42_361.jpg,0.05,1.0,0.0,30.18962
data/IMG/center_2026_08_29_20_17_42_428.jpg,data/IMG/left_2026_08_29_20_17_42_428.jpg,data/IMG/right_2026_08_29_20_17_42_428.jpg,0.25,1.0,0.0,30.17491
data/IMG/center_2026_08_29_20_17_42_495.jpg,data/IMG/left_2026_08_29_20_17_42_495.jpg,data/IMG/right_2026_08_29_20_17_42_495.jpg,0.4,1.0,0.0,30.15745
data/IMG/center_2026_08_29_20_17_42_563.jpg,data/IMG/left_2026_08_29_20_17_42_563.jpg,data/IMG/right_2026_08_29_20_17_42_563.jpg,0.6000001,1.0,0.0,30.13313
data/IMG/center_2026_08_29_20_17_42_631.jpg,data/IMG/left_2026_08_29_20_17_42_631.jpg,data/IMG/right_2026_08_29_20_17_42_631.jpg,0.7500002,1.0,0.0,30.11451
data/IMG/center_2026_08_29_20_17_43_520.jpg,data/IMG/left_2026_08_29_20_17_43_520.jpg,data/IMG/right_2026_08_29_20_17_43_520.jpg,0.0,1.0,0.0,30.19058
data/IMG/center_2026_08_29_20_17_43_659.jpg,data/IMG/left_2026_08_29_20_17_43_659.jpg,data/IMG/right_2026_08_29_20_17_43_659.jpg,0.0,1.0,0.0,30.19098
data/IMG/center_2026_08_29_20_17_43_859.jpg,data/IMG/left_2026_08_29_20_17_43_859.jpg,data/IMG/right_2026_08_29_20_17_43_859.jpg,0.1,1.0,0.0,30.18728
data/IMG/center_2026_08_29_20_17_43_928.jpg,data/IMG/left_2026_08_29_20_17_43_928.jpg,data/IMG/right_2026_08_29_20_17_43_928.jpg,0.3,1.0,0.0,30.16918
data/IMG/center_2026_08_29_20_17_43_995.jpg,data/IMG/left_2026_08_29_20_17_43_995.jpg,data/IMG/right_2026_08_29_20_17_43_995.jpg,0.45,1.0,0.0,30.15152
data/IMG/center_2026_08_29_20_17_44_065.jpg,data/IMG/left_2026_08_29_20_17_44_065.jpg,data/IMG/right_2026_08_29_20_17_44_065.jpg,0.6500001,1.0,0.0,30.1267
data/IMG/center_2026_08_29_20_17_44_134.jpg,data/IMG/left_2026_08_29_20_17_44_134.jpg,data/IMG/right_2026_08_29_20_17_44_134.jpg,0.8000001,1.0,0.0,30.11001
data/IMG/center_2026_08_29_20_17_44_546.jpg,data/IMG/left_2026_08_29_20_17_44_546.jpg,data/IMG/right_2026_08_29_20_17_44_546.jpg,0.05,1.0,0.0,30.1903
data/IMG/center_2026_08_29_20_17_44_613.jpg,data/IMG/left_2026_08_29_20_17_44_613.jpg,data/IMG/right_2026_08_29_20_17_44_613.jpg,0.2,1.0,0.0,30.18094
data/IMG/center_2026_08_29_20_17_44_680.jpg,data/IMG/left_2026_08_29_20_17_44_680.jpg,data/IMG/right_2026_08_29_20_17_44_680.jpg,0.35,1.0,0.0,30.16392
data/IMG/center_2026_08_29_20_17_44_750.jpg,data/IMG/left_2026_08_29_20_17_44_750.jpg,data/IMG/right_2026_08_29_20_17_44_750.jpg,0.5500001,1.0,0.0,30.13955
data/IMG/center_2026_08_29_20_17_44_817.jpg,data/IMG/left_2026_08_29_20_17_44_817.jpg,data/IMG/right_2026_08_29_20_17_44_817.jpg,0.7,1.0,0.0,30.12125
data/IMG/center_2026_08_29_20_17_45_156.jpg,data/IMG/left_2026_08_29_20_17_45_156.jpg,data/IMG/right_2026_08_29_20_17_45_156.jpg,0.1,1.0,0.0,30.18905
data/IMG/center_2026_08_29_20_17_45_227.jpg,data/IMG/left_2026_08_29_20_17_45_227.jpg,data/IMG/right_2026_08_29_20_17_45_227.jpg,0.3,1.0,0.0,30.17121
data/IMG/center_2026_08_29_20_17_45_296.jpg,data/IMG/left_2026_08_29_20_17_45_296.jpg,data/IMG/right_2026_08_29_20_17_45_296.jpg,0.45,1.0,0.0,30.15314
data/IMG/center_2026_08_29_20_17_45_367.jpg,data/IMG/left_2026_08_29_20_17_45_367.jpg,data/IMG/right_2026_08_29_20_17_45_367.jpg,0.6500001,1.0,0.0,30.12804
data/IMG/center_2026_08_29_20_17_45_433.jpg,data/IMG/left_2026_08_29_20_17_45_433.jpg,data/IMG/right_2026_08_29_20_17_45_433.jpg,0.8000001,1.0,0.0,30.11069
data/IMG/center_2026_08_29_20_17_45_703.jpg,data/IMG/left_2026_08_29_20_17_45_703.jpg,data/IMG/right_2026_08_29_20_17_45_703.jpg,0.05,1.0,0.0,30.19025
data/IMG/center_2026_08_29_20_17_45_770.jpg,data/IMG/left_2026_08_29_20_17_45_770.jpg,data/IMG/right_2026_08_29_20_17_45_770.jpg,0.2,1.0,0.0,30.18243
data/IMG/center_2026_08_29_20_17_45_839.jpg,data/IMG/left_2026_08_29_20_17_45_839.jpg,data/IMG/right_2026_08_29_20_17_45_839.jpg,0.35,1.0,0.0,30.16614
data/IMG/center_2026_08_29_20_17_45_908.jpg,data/IMG/left_2026_08_29_20_17_45_908.jpg,data/IMG/right_2026_08_29_20_17_45_908.jpg,0.5500001,1.0,0.0,30.14096
data/IMG/center_2026_08_29_20_17_45_976.jpg,data/IMG/left_2026_08_29_20_17_45_976.jpg,data/IMG/right_2026_08_29_20_17_45_976.jpg,0.7,1.0,0.0,30.12214
data/IMG/center_2026_08_29_20_17_46_320.jpg,data/IMG/left_2026_08_29_20_17_46_320.jpg,data/IMG/right_2026_08_29_20_17_46_320.jpg,0.05,1.0,0.0,30.1903
data/IMG/center_2026_08_29_20_17_46_387.jpg,data/IMG/left_2026_08_29_20_17_46_387.jpg,data/IMG/right_2026_08_29_20_17_46_387.jpg,0.25,1.0,0.0,30.17802
data/IMG/center_2026_08_29_20_17_46_456.jpg,data/IMG/left_2026_08_29_20_17_46_456.jpg,data/IMG/right_2026_08_29_20_17_46_456.jpg,0.4,1.0,0.0,30.16029
data/IMG/center_2026_08_29_20_17_46_524.jpg,data/IMG/left_2026_08_29_20_17_46_524.jpg,data/IMG/right_2026_08_29_20_17_46_524.jpg,0.6000001,1.0,0.0,30.13479
data/IMG/center_2026_08_29_20_17_46_590.jpg,data/IMG/left_2026_08_29_20_17_46_590.jpg,data/IMG/right_2026_08_29_20_17_46_590.jpg,0.7500002,1.0,0.0,30.11539
data/IMG/center_2026_08_29_20_17_46_659.jpg,data/IMG/left_2026_08_29_20_17_46_659.jpg,data/IMG/right_2026_08_29_20_17_46_659.jpg,0.0,1.0,0.0,30.17545
data/IMG/center_2026_08_29_20_17_47_542.jpg,data/IMG/left_2026_08_29_20_17_47_542.jpg,data/IMG/right_2026_08_29_20_17_47_542.jpg,0.15,1.0,0.0,30.18417
data/IMG/center_2026_08_29_20_17_47_609.jpg,data/IMG/left_2026_08_29_20_17_47_609.jpg,data/IMG/right_2026_08_29_20_17_47_609.jpg,0.35,1.0,0.0,30.1634
data/IMG/center_2026_08_29_20_17_48_220.jpg,data/IMG/left_2026_08_29_20_17_48_220.jpg,data/IMG/right_2026_08_29_20_17_48_220.jpg,0.1,1.0,0.0,30.18779
data/IMG/center_2026_08_29_20_17_48_287.jpg,data/IMG/left_2026_08_29_20_17_48_287.jpg,data/IMG/right_2026_08_29_20_17_48_287.jpg,0.3,1.0,0.0,30.16933
data/IMG/center_2026_08_29_20_17_49_301.jpg,data/IMG/left_2026_08_29_20_17_49_301.jpg,data/IMG/right_2026_08_29_20_17_49_301.jpg,0.15,1.0,0.0,30.18423
data/IMG/center_2026_08_29_20_17_49_368.jpg,data/IMG/left_2026_08_29_20_17_49_368.jpg,data/IMG/right_2026_08_29_20_17_49_368.jpg,0.35,1.0,0.0,30.16343
data/IMG/center_2026_08_29_20_17_49_435.jpg,data/IMG/left_2026_08_29_20_17_49_435.jpg,data/IMG/right_2026_08_29_20_17_49_435.jpg,0.5000001,1.0,0.0,30.14537
data/IMG/center_2026_08_29_20_17_52_009.jpg,data/IMG/left_2026_08_29_20_17_52_009.jpg,data/IMG/right_2026_08_29_20_17_52_009.jpg,0.0,1.0,0.0,30.19063
data/IMG/center_2026_08_29_20_17_53_227.jpg,data/IMG/left_2026_08_29_20_17_53_227.jpg,data/IMG/right_2026_08_29_20_17_53_227.jpg,0.0,1.0,0.0,30.19062
data/IMG/center_2026_08_29_20_17_54_444.jpg,data/IMG/left_2026_08_29_20_17_54_444.jpg,data/IMG/right_2026_08_29_20_17_54_444.jpg,0.0,1.0,0.0,30.19065
data/IMG/center_2026_08_29_20_17_54_987.jpg,data/IMG/left_2026_08_29_20_17_54_987.jpg,data/IMG/right_2026_08_29_20_17_54_987.jpg,0.0,1.0,0.0,30.19064
data/IMG/center_2026_08_29_20_17_56_613.jpg,data/IMG/left_2026_08_29_20_17_56_613.jpg,data/IMG/right_2026_08_29_20_17_56_613.jpg,0.0,1.0,0.0,30.1906
data/IMG/center_2026_08_29_20_17_58_044.jpg,data/IMG/left_2026_08_29_20_17_58_044.jpg,data/IMG/right_2026_08_29_20_17_58_044.jpg,0.1,1.0,0.0,30.18807
data/IMG/center_2026_08_29_20_17_58_110.jpg,data/IMG/left_2026_08_29_20_17_58_110.jpg,data/IMG/right_2026_08_29_20_17_58_110.jpg,0.25,1.0,0.0,30.17528
data/IMG/center_2026_08_29_20_17_58_179.jpg,data/IMG/left_2026_08_29_20_17_58_179.jpg,data/IMG/right_2026_08_29_20_17_58_179.jpg,0.4,1.0,0.0,30.15813
data/IMG/center_2026_08_29_20_17_58_450.jpg,data/IMG/left_2026_08_29_20_17_58_450.jpg,data/IMG/right_2026_08_29_20_17_58_450.jpg,0.0,1.0,0.0,30.21608
data/IMG/center_2026_08_29_20_17_58_990.jpg,data/IMG/left_2026_08_29_20_17_58_990.jpg,data/IMG/right_2026_08_29_20_17_58_990.jpg,0.15,1.0,0.0,30.184
data/IMG/center_2026_08_29_20_18_00_427.jpg,data/IMG/left_2026_08_29_20_18_00_427.jpg,data/IMG/right_2026_08_29_20_18_00_427.jpg,0.0,1.0,0.0,30.19028
data/IMG/center_2026_08_29_20_18_00_695.jpg,data/IMG/left_2026_08_29_20_18_00_695.jpg,data/IMG/right_2026_08_29_20_18_00_695.jpg,0.0,1.0,0.0,30.19031
data/IMG/center_2026_08_29_20_18_00_765.jpg,data/IMG/left_2026_08_29_20_18_00_765.jpg,data/IMG/right_2026_08_29_20_18_00_765.jpg,0.1,1.0,0.0,30.18767
data/IMG/center_2026_08_29_20_18_00_834.jpg,data/IMG/left_2026_08_29_20_18_00_834.jpg,data/IMG/right_2026_08_29_20_18_00_834.jpg,0.25,1.0,0.0,30.17478
data/IMG/center_2026_08_29_20_18_00_903.jpg,data/IMG/left_2026_08_29_20_18_00_903.jpg,data/IMG/right_2026_08_29_20_18_00_903.jpg,0.45,1.0,0.0,30.15148
data/IMG/center_2026_08_29_20_18_01_107.jpg,data/IMG/left_2026_08_29_20_18_01_107.jpg,data/IMG/right_2026_08_29_20_18_01_107.jpg,0.0,1.0,0.0,30.19011
data/IMG/center_2026_08_29_20_18_01_517.jpg,data/IMG/left_2026_08_29_20_18_01_517.jpg,data/IMG/right_2026_08_29_20_18_01_517.jpg,0.0,1.0,0.0,30.19029
data/IMG/center_2026_08_29_20_18_02_060.jpg,data/IMG/left_2026_08_29_20_18_02_060.jpg,data/IMG/right_2026_08_29_20_18_02_060.jpg,0.0,1.0,0.0,30.19027
data/IMG/center_2026_08_29_20_18_03_283.jpg,data/IMG/left_2026_08_29_20_18_03_283.jpg,data/IMG/right_2026_08_29_20_18_03_283.jpg,0.2,1.0,0.0,30.17984
data/IMG/center_2026_08_29_20_18_03_352.jpg,data/IMG/left_2026_08_29_20_18_03_352.jpg,data/IMG/right_2026_08_29_20_18_03_352.jpg,0.35,1.0,0.0,30.16345
data/IMG/center_2026_08_29_20_18_03_827.jpg,data/IMG/left_2026_08_29_20_18_03_827.jpg,data/IMG/right_2026_08_29_20_18_03_827.jpg,0.1,1.0,0.0,30.18788
data/IMG/center_2026_08_29_20_18_03_894.jpg,data/IMG/left_2026_08_29_20_18_03_894.jpg,data/IMG/right_2026_08_29_20_18_03_894.jpg,0.25,1.0,0.0,30.17503
data/IMG/center_2026_08_29_20_18_03_963.jpg,data/IMG/left_2026_08_29_20_18_03_963.jpg,data/IMG/right_2026_08_29_20_18_03_963.jpg,0.45,1.0,0.0,30.15161
data/IMG/center_2026_08_29_20_18_04_306.jpg,data/IMG/left_2026_08_29_20_18_04_306.jpg,data/IMG/right_2026_08_29_20_18_04_306.jpg,0.0,1.0,0.0,30.19031
data/IMG/center_2026_08_29_20_18_04_375.jpg,data/IMG/left_2026_08_29_20_18_04_375.jpg,data/IMG/right_2026_08_29_20_18_04_375.jpg,0.0,1.0,0.0,30.19027
data/IMG/center_2026_08_29_20_18_04_512.jpg,data/IMG/left_2026_08_29_20_18_04_512.jpg,data/IMG/right_2026_08_29_20_18_04_512.jpg,0.2,1.0,0.0,30.18013
data/IMG/center_2026_08_29_20_18_05_267.jpg,data/IMG/left_2026_08_29_20_18_05_267.jpg,data/IMG/right_2026_08_29_20_18_05_267.jpg,0.2,1.0,0.0,30.17978
data/IMG/center_2026_08_29_20_18_05_334.jpg,data/IMG/left_2026_08_29_20_18_05_334.jpg,data/IMG/right_2026_08_29_20_18_05_334.jpg,0.35,1.0,0.0,30.16343
data/IMG/center_2026_08_29_20_18_05_883.jpg,data/IMG/left_2026_08_29_20_18_05_883.jpg,data/IMG/right_2026_08_29_20_18_05_883.jpg,0.1,1.0,0.0,30.18747
data/IMG/center_2026_08_29_20_18_05_953.jpg,data/IMG/left_2026_08_29_20_18_05_953.jpg,data/IMG/right_2026_08_29_20_18_05_953.jpg,0.25,1.0,0.0,30.17488
data/IMG/center_2026_08_29_20_18_06_020.jpg,data/IMG/left_2026_08_29_20_18_06_020.jpg,data/IMG/right_2026_08_29_20_18_06_020.jpg,0.4,1.0,0.0,30.15765
data/IMG/center_2026_08_29_20_18_06_981.jpg,data/IMG/left_2026_08_29_20_18_06_981.jpg,data/IMG/right_2026_08_29_20_18_06_981.jpg,0.1,1.0,0.0,30.18759
data/IMG/center_2026_08_29_20_18_07_048.jpg,data/IMG/left_2026_08_29_20_18_07_048.jpg,data/IMG/right_2026_08_29_20_18_07_048.jpg,0.3,1.0,0.0,30.16954
data/IMG/center_2026_08_29_20_18_07_117.jpg,data/IMG/left_2026_08_29_20_18_07_117.jpg,data/IMG/right_2026_08_29_20_18_07_117.jpg,0.45,1.0,0.0,30.15142
data/IMG/center_2026_08_29_20_18_07_527.jpg,data/IMG/left_2026_08_29_20_18_07_527.jpg,data/IMG/right_2026_08_29_20_18_07_527.jpg,0.1,1.0,0.0,30.18828
data/IMG/center_2026_08_29_20_18_07_594.jpg,data/IMG/left_2026_08_29_20_18_07_594.jpg,data/IMG/right_2026_08_29_20_18_07_594.jpg,0.25,1.0,0.0,30.17572
data/IMG/center_2026_08_29_20_18_08_140.jpg,data/IMG/left_2026_08_29_20_18_08_140.jpg,data/IMG/right_2026_08_29_20_18_08_140.jpg,0.1,1.0,0.0,30.1878
data/IMG/center_2026_08_29_20_18_08_208.jpg,data/IMG/left_2026_08_29_20_18_08_208.jpg,data/IMG/right_2026_08_29_20_18_08_208.jpg,0.3,1.0,0.0,30.16944
data/IMG/center_2026_08_29_20_18_08_275.jpg,data/IMG/left_2026_08_29_20_18_08_275.jpg,data/IMG/right_2026_08_29_20_18_08_275.jpg,0.45,1.0,0.0,30.15158
data/IMG/center_2026_08_29_20_18_08_885.jpg,data/IMG/left_2026_08_29_20_18_08_885.jpg,data/IMG/right_2026_08_29_20_18_08_885.jpg,0.05,1.0,0.0,30.18971
data/IMG/center_2026_08_29_20_18_08_954.jpg,data/IMG/left_2026_08_29_20_18_08_954.jpg,data/IMG/right_2026_08_29_20_18_08_954.jpg,0.2,1.0,0.0,30.17985
data/IMG/center_2026_08_29_20_18_09_022.jpg,data/IMG/left_2026_08_29_20_18_09_022.jpg,data/IMG/right_2026_08_29_20_18_09_022.jpg,0.35,1.0,0.0,30.16346
data/IMG/center_2026_08_29_20_18_09_092.jpg,data/IMG/left_2026_08_29_20_18_09_092.jpg,data/IMG/right_2026_08_29_20_18_09_092.jpg,0.5500001,1.0,0.0,30.13922
data/IMG/center_2026_08_29_20_18_09_159.jpg,data/IMG/left_2026_08_29_20_18_09_159.jpg,data/IMG/right_2026_08_29_20_18_09_159.jpg,0.7,1.0,0.0,30.12093
data/IMG/center_2026_08_29_20_18_09_711.jpg,data/IMG/left_2026_08_29_20_18_09_711.jpg,data/IMG/right_2026_08_29_20_18_09_711.jpg,0.1,1.0,0.0,30.18784
data/IMG/center_2026_08_29_20_18_09_782.jpg,data/IMG/left_2026_08_29_20_18_09_782.jpg,data/IMG/right_2026_08_29_20_18_09_782.jpg,0.25,1.0,0.0,30.17488
data/IMG/center_2026_08_29_20_18_09_850.jpg,data/IMG/left_2026_08_29_20_18_09_850.jpg,data/IMG/right_2026_08_29_20_18_09_850.jpg,0.45,1.0,0.0,30.15154
data/IMG/center_2026_08_29_20_18_09_920.jpg,data/IMG/left_2026_08_29_20_18_09_920.jpg,data/IMG/right_2026_08_29_20_18_09_920.jpg,0.6000001,1.0,0.0,30.13313
data/IMG/center_2026_08_29_20_18_10_474.jpg,data/IMG/left_2026_08_29_20_18_10_474.jpg,data/IMG/right_2026_08_29_20_18_10_474.jpg,0.0,1.0,0.0,30.19035
data/IMG/center_2026_08_29_20_18_10_541.jpg,data/IMG/left_2026_08_29_20_18_10_541.jpg,data/IMG/right_2026_08_29_20_18_10_541.jpg,0.0,1.0,0.0,30.19051
data/IMG/center_2026_08_29_20_18_11_434.jpg,data/IMG/left_2026_08_29_20_18_11_434.jpg,data/IMG/right_2026_08_29_20_18_11_434.jpg,0.1,1.0,0.0,30.18766
data/IMG/center_2026_08_29_20_18_11_502.jpg,data/IMG/left_2026_08_29_20_18_11_502.jpg,data/IMG/right_2026_08_29_20_18_11_502.jpg,0.25,1.0,0.0,30.17476
data/IMG/center_2026_08_29_20_18_11_572.jpg,data/IMG/left_2026_08_29_20_18_11_572.jpg,data/IMG/right_2026_08_29_20_18_11_572.jpg,0.45,1.0,0.0,30.1515
data/IMG/center_2026_08_29_20_18_11_639.jpg,data/IMG/left_2026_08_29_20_18_11_639.jpg,data/IMG/right_2026_08_29_20_18_11_639.jpg,0.6000001,1.0,0.0,30.13317
data/IMG/center_2026_08_29_20_18_12_528.jpg,data/IMG/left_2026_08_29_20_18_12_528.jpg,data/IMG/right_2026_08_29_20_18_12_528.jpg,0.0,1.0,0.0,30.19029
data/IMG/center_2026_08_29_20_18_12_738.jpg,data/IMG/left_2026_08_29_20_18_12_738.jpg,data/IMG/right_2026_08_29_20_18_12_738.jpg,0.15,1.0,0.0,30.18421
data/IMG/center_2026_08_29_20_18_12_808.jpg,data/IMG/left_2026_08_29_20_18_12_808.jpg,data/IMG/right_2026_08_29_20_18_12_808.jpg,0.35,1.0,0.0,30.16342
data/IMG/center_2026_08_29_20_18_12_875.jpg,data/IMG/left_2026_08_29_20_18_12_875.jpg,data/IMG/right_2026_08_29_20_18_12_875.jpg,0.5000001,1.0,0.0,30.14538
data/IMG/center_2026_08_29_20_18_14_044.jpg,data/IMG/left_2026_08_29_20_18_14_044.jpg,data/IMG/right_2026_08_29_20_18_14_044.jpg,0.05,1.0,0.0,30.18975
data/IMG/center_2026_08_29_20_18_14_113.jpg,data/IMG/left_2026_08_29_20_18_14_113.jpg,data/IMG/right_2026_08_29_20_18_14_113.jpg,0.2,1.0,0.0,30.17984
data/IMG/center_2026_08_29_20_18_14_184.jpg,data/IMG/left_2026_08_29_20_18_14_184.jpg,data/IMG/right_2026_08_29_20_18_14_184.jpg,0.4,1.0,0.0,30.15749
data/IMG/center_2026_08_29_20_18_14_253.jpg,data/IMG/left_2026_08_29_20_18_14_253.jpg,data/IMG/right_2026_08_29_20_18_14_253.jpg,0.5500001,1.0,0.0,30.13929
data/IMG/center_2026_08_29_20_18_15_213.jpg,data/IMG/left_2026_08_29_20_18_15_213.jpg,data/IMG/right_2026_08_29_20_18_15_213.jpg,0.0,1.0,0.0,30.19031
data/IMG/center_2026_08_29_20_18_15_414.jpg,data/IMG/left_2026_08_29_20_18_15_414.jpg,data/IMG/right_2026_08_29_20_18_15_414.jpg,0.15,1.0,0.0,30.18421
data/IMG/center_2026_08_29_20_18_15_484.jpg,data/IMG/left_2026_08_29_20_18_15_484.jpg,data/IMG/right_2026_08_29_20_18_15_484.jpg,0.35,1.0,0.0,30.16344
data/IMG/center_2026_08_29_20_18_15_553.jpg,data/IMG/left_2026_08_29_20_18_15_553.jpg,data/IMG/right_2026_08_29_20_18_15_553.jpg,0.5000001,1.0,0.0,30.14536
data/IMG/center_2026_08_29_20_18_16_791.jpg,data/IMG/left_2026_08_29_20_18_16_791.jpg,data/IMG/right_2026_08_29_20_18_16_791.jpg,0.0,1.0,0.0,30.19031
data/IMG/center_2026_08_29_20_18_18_225.jpg,data/IMG/left_2026_08_29_20_18_18_225.jpg,data/IMG/right_2026_08_29_20_18_18_225.jpg,0.0,1.0,0.0,30.19029
data/IMG/center_2026_08_29_20_18_18_766.jpg,data/IMG/left_2026_08_29_20_18_18_766.jpg,data/IMG/right_2026_08_29_20_18_18_766.jpg,0.15,1.0,0.0,30.18424
data/IMG/center_2026_08_29_20_18_18_833.jpg,data/IMG/left_2026_08_29_20_18_18_833.jpg,data/IMG/right_2026_08_29_20_18_18_833.jpg,0.3,1.0,0.0,30.16928
data/IMG/center_2026_08_29_20_18_18_902.jpg,data/IMG/left_2026_08_29_20_18_18_902.jpg,data/IMG/right_2026_08_29_20_18_18_902.jpg,0.45,1.0,0.0,30.15151
data/IMG/center_2026_08_29_20_18_19_513.jpg,data/IMG/left_2026_08_29_20_18_19_513.jpg,data/IMG/right_2026_08_29_20_18_19_513.jpg,0.1,1.0,0.0,30.1877
data/IMG/center_2026_08_29_20_18_19_583.jpg,data/IMG/left_2026_08_29_20_18_19_583.jpg,data/IMG/right_2026_08_29_20_18_19_583.jpg,0.3,1.0,0.0,30.16924
data/IMG/center_2026_08_29_20_18_19_653.jpg,data/IMG/left_2026_08_29_20_18_19_653.jpg,data/IMG/right_2026_08_29_20_18_19_653.jpg,0.45,1.0,0.0,30.15146
data/IMG/center_2026_08_29_20_18_19_858.jpg,data/IMG/left_2026_08_29_20_18_19_858.jpg,data/IMG/right_2026_08_29_20_18_19_858.jpg,0.0,1.0,0.0,30.19017
data/IMG/center_2026_08_29_20_18_20_675.jpg,data/IMG/left_2026_08_29_20_18_20_675.jpg,data/IMG/right_2026_08_29_20_18_20_675.jpg,0.0,1.0,0.0,30.19028
data/IMG/center_2026_08_29_20_18_22_720.jpg,data/IMG/left_2026_08_29_20_18_22_720.jpg,data/IMG/right_2026_08_29_20_18_22_720.jpg,0.0,1.0,0.0,30.19018
data/IMG/center_2026_08_29_20_18_23_607.jpg,data/IMG/left_2026_08_29_20_18_23_607.jpg,data/IMG/right_2026_08_29_20_18_23_607.jpg,0.15,1.0,0.0,30.18422
data/IMG/center_2026_08_29_20_18_23_675.jpg,data/IMG/left_2026_08_29_20_18_23_675.jpg,data/IMG/right_2026_08_29_20_18_23_675.jpg,0.3,1.0,0.0,30.16925
data/IMG/center_2026_08_29_20_18_23_742.jpg,data/IMG/left_2026_08_29_20_18_23_742.jpg,data/IMG/right_2026_08_29_20_18_23_742.jpg,0.45,1.0,0.0,30.15146
data/IMG/center_2026_08_29_20_18_25_302.jpg,data/IMG/left_2026_08_29_20_18_25_302.jpg,data/IMG/right_2026_08_29_20_18_25_302.jpg,0.1,1.0,0.0,30.18773
data/IMG/center_2026_08_29_20_18_25_369.jpg,data/IMG/left_2026_08_29_20_18_25_369.jpg,data/IMG/right_2026_08_29_20_18_25_369.jpg,0.3,1.0,0.0,30.16926
data/IMG/center_2026_08_29_20_18_25_438.jpg,data/IMG/left_2026_08_29_20_18_25_438.jpg,data/IMG/right_2026_08_29_20_18_25_438.jpg,0.45,1.0,0.0,30.15146
data/IMG/center_2026_08_29_20_18_26_665.jpg,data/IMG/left_2026_08_29_20_18_26_665.jpg,data/IMG/right_2026_08_29_20_18_26_665.jpg,0.0,1.0,0.0,30.19021
data/IMG/center_2026_08_29_20_18_28_698.jpg,data/IMG/left_2026_08_29_20_18_28_698.jpg,data/IMG/right_2026_08_29_20_18_28_698.jpg,0.0,1.0,0.0,30.1903
data/IMG/center_2026_08_29_20_18_29_309.jpg,data/IMG/left_2026_08_29_20_18_29_309.jpg,data/IMG/right_2026_08_29_20_18_29_309.jpg,0.0,1.0,0.0,30.1903
data/IMG/center_2026_08_29_20_18_31_013.jpg,data/IMG/left_2026_08_29_20_18_31_013.jpg,data/IMG/right_2026_08_29_20_18_31_013.jpg,0.15,1.0,0.0,30.18441
data/IMG/center_2026_08_29_20_18_31_084.jpg,data/IMG/left_2026_08_29_20_18_31_084.jpg,data/IMG/right_2026_08_29_20_18_31_084.jpg,0.35,1.0,0.0,30.16329
data/IMG/center_2026_08_29_20_18_31_153.jpg,data/IMG/left_2026_08_29_20_18_31_153.jpg,data/IMG/right_2026_08_29_20_18_31_153.jpg,0.5000001,1.0,0.0,30.14562
data/IMG/center_2026_08_29_20_18_32_308.jpg,data/IMG/left_2026_08_29_20_18_32_308.jpg,data/IMG/right_2026_08_29_20_18_32_308.jpg,0.05,1.0,0.0,30.18965
data/IMG/center_2026_08_29_20_18_32_375.jpg,data/IMG/left_2026_08_29_20_18_32_375.jpg,data/IMG/right_2026_08_29_20_18_32_375.jpg,0.2,1.0,0.0,30.1801
data/IMG/center_2026_08_29_20_18_32_444.jpg,data/IMG/left_2026_08_29_20_18_32_444.jpg,data/IMG/right_2026_08_29_20_18_32_444.jpg,0.4,1.0,0.0,30.15853
data/IMG/center_2026_08_29_20_18_33_954.jpg,data/IMG/left_2026_08_29_20_18_33_954.jpg,data/IMG/right_2026_08_29_20_18_33_954.jpg,0.1,1.0,0.0,30.18767
data/IMG/center_2026_08_29_20_18_34_024.jpg,data/IMG/left_2026_08_29_20_18_34_024.jpg,data/IMG/right_2026_08_29_20_18_34_024.jpg,0.3,1.0,0.0,30.16924
data/IMG/center_2026_08_29_20_18_34_091.jpg,data/IMG/left_2026_08_29_20_18_34_091.jpg,data/IMG/right_2026_08_29_20_18_34_091.jpg,0.45,1.0,0.0,30.15147
data/IMG/center_2026_08_29_20_18_34_772.jpg,data/IMG/left_2026_08_29_20_18_34_772.jpg,data/IMG/right_2026_08_29_20_18_34_772.jpg,0.0,1.0,0.0,30.19028
data/IMG/center_2026_08_29_20_18_35_793.jpg,data/IMG/left_2026_08_29_20_18_35_793.jpg,data/IMG/right_2026_08_29_20_18_35_793.jpg,0.0,1.0,0.0,30.19031
data/IMG/center_2026_08_29_20_18_36_413.jpg,data/IMG/left_2026_08_29_20_18_36_413.jpg,data/IMG/right_2026_08_29_20_18_36_413.jpg,0.0,1.0,0.0,30.1903
data/IMG/center_2026_08_29_20_18_36_830.jpg,data/IMG/left_2026_08_29_20_18_36_830.jpg,data/IMG/right_2026_08_29_20_18_36_830.jpg,0.15,1.0,0.0,30.18424
data/IMG/center_2026_08_29_20_18_36_900.jpg,data/IMG/left_2026_08_29_20_18_36_900.jpg,data/IMG/right_2026_08_29_20_18_36_900.jpg,0.3,1.0,0.0,30.16928
data/IMG/center_2026_08_29_20_18_37_175.jpg,data/IMG/left_2026_08_29_20_18_37_175.jpg,data/IMG/right_2026_08_29_20_18_37_175.jpg,0.0,1.0,0.0,30.19023
data/IMG/center_2026_08_29_20_18_38_208.jpg,data/IMG/left_2026_08_29_20_18_38_208.jpg,data/IMG/right_2026_08_29_20_18_38_208.jpg,0.0,1.0,0.0,30.19028
data/IMG/center_2026_08_29_20_18_38_274.jpg,data/IMG/left_2026_08_29_20_18_38_274.jpg,data/IMG/right_2026_08_29_20_18_38_274.jpg,0.0,1.0,0.0,30.19029
data/IMG/center_2026_08_29_20_18_38_618.jpg,data/IMG/left_2026_08_29_20_18_38_618.jpg,data/IMG/right_2026_08_29_20_18_38_618.jpg,0.15,1.0,0.0,30.18421
data/IMG/center_2026_08_29_20_18_38_688.jpg,data/IMG/left_2026_08_29_20_18_38_688.jpg,data/IMG/right_2026_08_29_20_18_38_688.jpg,0.35,1.0,0.0,30.16331
data/IMG/center_2026_08_29_20_18_38_755.jpg,data/IMG/left_2026_08_29_20_18_38_755.jpg,data/IMG/right_2026_08_29_20_18_38_755.jpg,0.5000001,1.0,0.0,30.14531
data/IMG/center_2026_08_29_20_18_39_926.jpg,data/IMG/left_2026_08_29_20_18_39_926.jpg,data/IMG/right_2026_08_29_20_18_39_926.jpg,0.0,1.0,0.0,30.1903
data/IMG/center_2026_08_29_20_18_40_267.jpg,data/IMG/left_2026_08_29_20_18_40_267.jpg,data/IMG/right_2026_08_29_20_18_40_267.jpg,0.2,1.0,0.0,30.17983
data/IMG/center_2026_08_29_20_18_40_337.jpg,data/IMG/left_2026_08_29_20_18_40_337.jpg,data/IMG/right_2026_08_29_20_18_40_337.jpg,0.35,1.0,0.0,30.16341
data/IMG/center_2026_08_29_20_18_40_405.jpg,data/IMG/left_2026_08_29_20_18_40_405.jpg,data/IMG/right_2026_08_29_20_18_40_405.jpg,0.5500001,1.0,0.0,30.13922
data/IMG/center_2026_08_29_20_18_40_684.jpg,data/IMG/left_2026_08_29_20_18_40_684.jpg,data/IMG/right_2026_08_29_20_18_40_684.jpg,0.0,1.0,0.0,30.19058
data/IMG/center_2026_08_29_20_18_40_821.jpg,data/IMG/left_2026_08_29_20_18_40_821.jpg,data/IMG/right_2026_08_29_20_18_40_821.jpg,0.0,1.0,0.0,30.1903
data/IMG/center_2026_08_29_20_18_41_787.jpg,data/IMG/left_2026_08_29_20_18_41_787.jpg,data/IMG/right_2026_08_29_20_18_41_787.jpg,0.2,1.0,0.0,30.17982
data/IMG/center_2026_08_29_20_18_41_856.jpg,data/IMG/left_2026_08_29_20_18_41_856.jpg,data/IMG/right_2026_08_29_20_18_41_856.jpg,0.35,1.0,0.0,30.16345
data/IMG/center_2026_08_29_20_18_41_923.jpg,data/IMG/left_2026_08_29_20_18_41_923.jpg,data/IMG/right_2026_08_29_20_18_41_923.jpg,0.5500001,1.0,0.0,30.13986
data/IMG/center_2026_08_29_20_18_42_608.jpg,data/IMG/left_2026_08_29_20_18_42_608.jpg,data/IMG/right_2026_08_29_20_18_42_608.jpg,0.0,1.0,0.0,30.19031
data/IMG/center_2026_08_29_20_18_42_948.jpg,data/IMG/left_2026_08_29_20_18_42_948.jpg,data/IMG/right_2026_08_29_20_18_42_948.jpg,0.15,1.0,0.0,30.18414
data/IMG/center_2026_08_29_20_18_43_016.jpg,data/IMG/left_2026_08_29_20_18_43_016.jpg,data/IMG/right_2026_08_29_20_18_43_016.jpg,0.3,1.0,0.0,30.16918
data/IMG/center_2026_08_29_20_18_43_085.jpg,data/IMG/left_2026_08_29_20_18_43_085.jpg,data/IMG/right_2026_08_29_20_18_43_085.jpg,0.5000001,1.0,0.0,30.1453
data/IMG/center_2026_08_29_20_18_43_152.jpg,data/IMG/left_2026_08_29_20_18_43_152.jpg,data/IMG/right_2026_08_29_20_18_43_152.jpg,0.6500001,1.0,0.0,30.12704
data/IMG/center_2026_08_29_20_18_44_589.jpg,data/IMG/left_2026_08_29_20_18_44_589.jpg,data/IMG/right_2026_08_29_20_18_44_589.jpg,0.2,1.0,0.0,30.18047
data/IMG/center_2026_08_29_20_18_44_656.jpg,data/IMG/left_2026_08_29_20_18_44_656.jpg,data/IMG/right_2026_08_29_20_18_44_656.jpg,0.35,1.0,0.0,30.16342
data/IMG/center_2026_08_29_20_18_44_723.jpg,data/IMG/left_2026_08_29_20_18_44_723.jpg,data/IMG/right_2026_08_29_20_18_44_723.jpg,0.5500001,1.0,0.0,30.13923
data/IMG/center_2026_08_29_20_18_44_790.jpg,data/IMG/left_2026_08_29_20_18_44_790.jpg,data/IMG/right_2026_08_29_20_18_44_790.jpg,0.7,1.0,0.0,30.12062
data/IMG/center_2026_08_29_20_18_44_925.jpg,data/IMG/left_2026_08_29_20_18_44_925.jpg,data/IMG/right_2026_08_29_20_18_44_925.jpg,0.0,1.0,0.0,30.18227
data/IMG/center_2026_08_29_20_18_44_996.jpg,data/IMG/left_2026_08_29_20_18_44_996.jpg,data/IMG/right_2026_08_29_20_18_44_996.jpg,0.0,1.0,0.0,30.18815
data/IMG/center_2026_08_29_20_18_46_301.jpg,data/IMG/left_2026_08_29_20_18_46_301.jpg,data/IMG/right_2026_08_29_20_18_46_301.jpg,0.05,1.0,0.0,30.19008
data/IMG/center_2026_08_29_20_18_46_371.jpg,data/IMG/left_2026_08_29_20_18_46_371.jpg,data/IMG/right_2026_08_29_20_18_46_371.jpg,0.25,1.0,0.0,30.17474
data/IMG/center_2026_08_29_20_18_46_442.jpg,data/IMG/left_2026_08_29_20_18_46_442.jpg,data/IMG/right_2026_08_29_20_18_46_442.jpg,0.4,1.0,0.0,30.15751
data/IMG/center_2026_08_29_20_18_46_512.jpg,data/IMG/left_2026_08_29_20_18_46_512.jpg,data/IMG/right_2026_08_29_20_18_46_512.jpg,0.6000001,1.0,0.0,30.13319
data/IMG/center_2026_08_29_20_18_47_271.jpg,data/IMG/left_2026_08_29_20_18_47_271.jpg,data/IMG/right_2026_08_29_20_18_47_271.jpg,0.15,1.0,0.0,30.18411
data/IMG/center_2026_08_29_20_18_47_338.jpg,data/IMG/left_2026_08_29_20_18_47_338.jpg,data/IMG/right_2026_08_29_20_18_47_338.jpg,0.3,1.0,0.0,30.16917
data/IMG/center_2026_08_29_20_18_47_405.jpg,data/IMG/left_2026_08_29_20_18_47_405.jpg,data/IMG/right_2026_08_29_20_18_47_405.jpg,0.5000001,1.0,0.0,30.14531
data/IMG/center_2026_08_29_20_18_47_472.jpg,data/IMG/left_2026_08_29_20_18_47_472.jpg,data/IMG/right_2026_08_29_20_18_47_472.jpg,0.6500001,1.0,0.0,30.12707
data/IMG/center_2026_08_29_20_18_48_088.jpg,data/IMG/left_2026_08_29_20_18_48_088.jpg,data/IMG/right_2026_08_29_20_18_48_088.jpg,0.1,1.0,0.0,30.18771
data/IMG/center_2026_08_29_20_18_48_159.jpg,data/IMG/left_2026_08_29_20_18_48_159.jpg,data/IMG/right_2026_08_29_20_18_48_159.jpg,0.25,1.0,0.0,30.17477
data/IMG/center_2026_08_29_20_18_48_226.jpg,data/IMG/left_2026_08_29_20_18_48_226.jpg,data/IMG/right_2026_08_29_20_18_48_226.jpg,0.45,1.0,0.0,30.15144
data/IMG/center_2026_08_29_20_18_48_294.jpg,data/IMG/left_2026_08_29_20_18_48_294.jpg,data/IMG/right_2026_08_29_20_18_48_294.jpg,0.6000001,1.0,0.0,30.13312
data/IMG/center_2026_08_29_20_18_48_782.jpg,data/IMG/left_2026_08_29_20_18_48_782.jpg,data/IMG/right_2026_08_29_20_18_48_782.jpg,0.0,1.0,0.0,30.19029
data/IMG/center_2026_08_29_20_18_48_849.jpg,data/IMG/left_2026_08_29_20_18_48_849.jpg,data/IMG/right_2026_08_29_20_18_48_849.jpg,0.15,1.0,0.0,30.18447
data/IMG/center_2026_08_29_20_18_48_919.jpg,data/IMG/left_2026_08_29_20_18_48_919.jpg,data/IMG/right_2026_08_29_20_18_48_919.jpg,0.3,1.0,0.0,30.17058
data/IMG/center_2026_08_29_20_18_48_989.jpg,data/IMG/left_2026_08_29_20_18_48_989.jpg,data/IMG/right_2026_08_29_20_18_48_989.jpg,0.5000001,1.0,0.0,30.14536
data/IMG/center_2026_08_29_20_18_49_056.jpg,data/IMG/left_2026_08_29_20_18_49_056.jpg,data/IMG/right_2026_08_29_20_18_49_056.jpg,0.6500001,1.0,0.0,30.12702
data/IMG/center_2026_08_29_20_18_49_123.jpg,data/IMG/left_2026_08_29_20_18_49_123.jpg,data/IMG/right_2026_08_29_20_18_49_123.jpg,0.8000001,1.0,0.0,30.10952
data/IMG/center_2026_08_29_20_18_49_261.jpg,data/IMG/left_2026_08_29_20_18_49_261.jpg,data/IMG/right_2026_08_29_20_18_49_261.jpg,0.0,1.0,0.0,30.17527
data/IMG/center_2026_08_29_20_18_49_608.jpg,data/IMG/left_2026_08_29_20_18_49_608.jpg,data/IMG/right_2026_08_29_20_18_49_608.jpg,0.2,1.0,0.0,30.18144
data/IMG/center_2026_08_29_20_18_49_678.jpg,data/IMG/left_2026_08_29_20_18_49_678.jpg,data/IMG/right_2026_08_29_20_18_49_678.jpg,0.35,1.0,0.0,30.16479
data/IMG/center_2026_08_29_20_18_49_745.jpg,data/IMG/left_2026_08_29_20_18_49_745.jpg,data/IMG/right_2026_08_29_20_18_49_745.jpg,0.5500001,1.0,0.0,30.13999
data/IMG/center_2026_08_29_20_18_50_228.jpg,data/IMG/left_2026_08_29_20_18_50_228.jpg,data/IMG/right_2026_08_29_20_18_50_228.jpg,0.1,1.0,0.0,30.18809
data/IMG/center_2026_08_29_20_18_50_298.jpg,data/IMG/left_2026_08_29_20_18_50_298.jpg,data/IMG/right_2026_08_29_20_18_50_298.jpg,0.25,1.0,0.0,30.17534
data/IMG/center_2026_08_29_20_18_50_366.jpg,data/IMG/left_2026_08_29_20_18_50_366.jpg,data/IMG/right_2026_08_29_20_18_50_366.jpg,0.45,1.0,0.0,30.15176
data/IMG/center_2026_08_29_20_18_50_434.jpg,data/IMG/left_2026_08_29_20_18_50_434.jpg,data/IMG/right_2026_08_29_20_18_50_434.jpg,0.6000001,1.0,0.0,30.13331
data/IMG/center_2026_08_29_20_18_50_503.jpg,data/IMG/left_2026_08_29_20_18_50_503.jpg,data/IMG/right_2026_08_29_20_18_50_503.jpg,0.8000001,1.0,0.0,30.11018
data/IMG/center_2026_08_29_20_18_50_572.jpg,data/IMG/left_2026_08_29_20_18_50_572.jpg,data/IMG/right_2026_08_29_20_18_50_572.jpg,0.0,1.0,0.0,30.17342
data/IMG/center_2026_08_29_20_18_50_846.jpg,data/IMG/left_2026_08_29_20_18_50_846.jpg,data/IMG/right_2026_08_29_20_18_50_846.jpg,0.0,1.0,0.0,30.19026
data/IMG/center_2026_08_29_20_18_51_472.jpg,data/IMG/left_2026_08_29_20_18_51_472.jpg,data/IMG/right_2026_08_29_20_18_51_472.jpg,0.15,1.0,0.0,30.18416
data/IMG/center_2026_08_29_20_18_51_544.jpg,data/IMG/left_2026_08_29_20_18_51_544.jpg,data/IMG/right_2026_08_29_20_18_51_544.jpg,0.35,1.0,0.0,30.16338
data/IMG/center_2026_08_29_20_18_51_615.jpg,data/IMG/left_2026_08_29_20_18_51_615.jpg,data/IMG/right_2026_08_29_20_18_51_615.jpg,0.5000001,1.0,0.0,30.14526
data/IMG/center_2026_08_29_20_18_51_682.jpg,data/IMG/left_2026_08_29_20_18_51_682.jpg,data/IMG/right_2026_08_29_20_18_51_682.jpg,0.6500001,1.0,0.0,30.12698
data/IMG/center_2026_08_29_20_18_52_168.jpg,data/IMG/left_2026_08_29_20_18_52_168.jpg,data/IMG/right_2026_08_29_20_18_52_168.jpg,0.05,1.0,0.0,30.18976
data/IMG/center_2026_08_29_20_18_52_234.jpg,data/IMG/left_2026_08_29_20_18_52_234.jpg,data/IMG/right_2026_08_29_20_18_52_234.jpg,0.2,1.0,0.0,30.18011
data/IMG/center_2026_08_29_20_18_52_301.jpg,data/IMG/left_2026_08_29_20_18_52_301.jpg,data/IMG/right_2026_08_29_20_18_52_301.jpg,0.35,1.0,0.0,30.16392
data/IMG/center_2026_08_29_20_18_52_988.jpg,data/IMG/left_2026_08_29_20_18_52_988.jpg,data/IMG/right_2026_08_29_20_18_52_988.jpg,0.0,1.0,0.0,30.19032
data/IMG/center_2026_08_29_20_18_53_810.jpg,data/IMG/left_2026_08_29_20_18_53_810.jpg,data/IMG/right_2026_08_29_20_18_53_810.jpg,0.0,1.0,0.0,30.19028
data/IMG/center_2026_08_29_20_18_54_832.jpg,data/IMG/left_2026_08_29_20_18_54_832.jpg,data/IMG/right_2026_08_29_20_18_54_832.jpg,0.0,1.0,0.0,30.19032
data/IMG/center_2026_08_29_20_18_56_871.jpg,data/IMG/left_2026_08_29_20_18_56_871.jpg,data/IMG/right_2026_08_29_20_18_56_871.jpg,-0.1,1.0,0.0,30.18766
data/IMG/center_2026_08_29_20_18_56_940.jpg,data/IMG/left_2026_08_29_20_18_56_940.jpg,data/IMG/right_2026_08_29_20_18_56_940.jpg,-0.25,1.0,0.0,30.17478
data/IMG/center_2026_08_29_20_18_57_007.jpg,data/IMG/left_2026_08_29_20_18_57_007.jpg,data/IMG/right_2026_08_29_20_18_57_007.jpg,-0.45,1.0,0.0,30.15147
data/IMG/center_2026_08_29_20_18_57_746.jpg,data/IMG/left_2026_08_29_20_18_57_746.jpg,data/IMG/right_2026_08_29_20_18_57_746.jpg,-0.05,1.0,0.0,30.18968
data/IMG/center_2026_08_29_20_18_57_814.jpg,data/IMG/left_2026_08_29_20_18_57_814.jpg,data/IMG/right_2026_08_29_20_18_57_814.jpg,-0.2,1.0,0.0,30.17978
data/IMG/center_2026_08_29_20_18_57_881.jpg,data/IMG/left_2026_08_29_20_18_57_881.jpg,data/IMG/right_2026_08_29_20_18_57_881.jpg,-0.35,1.0,0.0,30.16308
data/IMG/center_2026_08_29_20_18_57_950.jpg,data/IMG/left_2026_08_29_20_18_57_950.jpg,data/IMG/right_2026_08_29_20_18_57_950.jpg,-0.5500001,1.0,0.0,30.13919
data/IMG/center_2026_08_29_20_18_58_355.jpg,data/IMG/left_2026_08_29_20_18_58_355.jpg,data/IMG/right_2026_08_29_20_18_58_355.jpg,-0.15,1.0,0.0,30.18503
data/IMG/center_2026_08_29_20_18_58_425.jpg,data/IMG/left_2026_08_29_20_18_58_425.jpg,data/IMG/right_2026_08_29_20_18_58_425.jpg,-0.35,1.0,0.0,30.16418
data/IMG/center_2026_08_29_20_18_58_491.jpg,data/IMG/left_2026_08_29_20_18_58_491.jpg,data/IMG/right_2026_08_29_20_18_58_491.jpg,-0.5000001,1.0,0.0,30.14589
data/IMG/center_2026_08_29_20_18_58_558.jpg,data/IMG/left_2026_08_29_20_18_58_558.jpg,data/IMG/right_2026_08_29_20_18_58_558.jpg,-0.6500001,1.0,0.0,30.12745
data/IMG/center_2026_08_29_20_18_58_626.jpg,data/IMG/left_2026_08_29_20_18_58_626.jpg,data/IMG/right_2026_08_29_20_18_58_626.jpg,-0.8500001,1.0,0.0,30.10573
data/IMG/center_2026_08_29_20_18_59_035.jpg,data/IMG/left_2026_08_29_20_18_59_035.jpg,data/IMG/right_2026_08_29_20_18_59_035.jpg,0.0,1.0,0.0,30.18763
data/IMG/center_2026_08_29_20_18_59_103.jpg,data/IMG/left_2026_08_29_20_18_59_103.jpg,data/IMG/right_2026_08_29_20_18_59_103.jpg,-0.1,1.0,0.0,30.18909
data/IMG/center_2026_08_29_20_18_59_169.jpg,data/IMG/left_2026_08_29_20_18_59_169.jpg,data/IMG/right_2026_08_29_20_18_59_169.jpg,-0.25,1.0,0.0,30.17449
data/IMG/center_2026_08_29_20_18_59_237.jpg,data/IMG/left_2026_08_29_20_18_59_237.jpg,data/IMG/right_2026_08_29_20_18_59_237.jpg,-0.4,1.0,0.0,30.15723
data/IMG/center_2026_08_29_20_18_59_305.jpg,data/IMG/left_2026_08_29_20_18_59_305.jpg,data/IMG/right_2026_08_29_20_18_59_305.jpg,-0.6000001,1.0,0.0,30.13332
data/IMG/center_2026_08_29_20_18_59_374.jpg,data/IMG/left_2026_08_29_20_18_59_374.jpg,data/IMG/right_2026_08_29_20_18_59_374.jpg,-0.7500002,1.0,0.0,30.11397
data/IMG/center_2026_08_29_20_18_59_713.jpg,data/IMG/left_2026_08_29_20_18_59_713.jpg,data/IMG/right_2026_08_29_20_18_59_713.jpg,-0.1,1.0,0.0,30.19014
data/IMG/center_2026_08_29_20_18_59_783.jpg,data/IMG/left_2026_08_29_20_18_59_783.jpg,data/IMG/right_2026_08_29_20_18_59_783.jpg,-0.3,1.0,0.0,30.17149
data/IMG/center_2026_08_29_20_18_59_850.jpg,data/IMG/left_2026_08_29_20_18_59_850.jpg,data/IMG/right_2026_08_29_20_18_59_850.jpg,-0.45,1.0,0.0,30.15441
data/IMG/center_2026_08_29_20_18_59_918.jpg,data/IMG/left_2026_08_29_20_18_59_918.jpg,data/IMG/right_2026_08_29_20_18_59_918.jpg,-0.6000001,1.0,0.0,30.13368
data/IMG/center_2026_08_29_20_18_59_987.jpg,data/IMG/left_2026_08_29_20_18_59_987.jpg,data/IMG/right_2026_08_29_20_18_59_987.jpg,-0.8000001,1.0,0.0,30.1103
data/IMG/center_2026_08_29_20_19_00_054.jpg,data/IMG/left_2026_08_29_20_19_00_054.jpg,data/IMG/right_2026_08_29_20_19_00_054.jpg,-0.9500002,1.0,0.0,30.10095
data/IMG/center_2026_08_29_20_19_00_464.jpg,data/IMG/left_2026_08_29_20_19_00_464.jpg,data/IMG/right_2026_08_29_20_19_00_464.jpg,-0.05,1.0,0.0,30.19008
data/IMG/center_2026_08_29_20_19_00_534.jpg,data/IMG/left_2026_08_29_20_19_00_534.jpg,data/IMG/right_2026_08_29_20_19_00_534.jpg,-0.2,1.0,0.0,30.18125
data/IMG/center_2026_08_29_20_19_00_602.jpg,data/IMG/left_2026_08_29_20_19_00_602.jpg,data/IMG/right_2026_08_29_20_19_00_602.jpg,-0.35,1.0,0.0,30.16439
data/IMG/center_2026_08_29_20_19_01_086.jpg,data/IMG/left_2026_08_29_20_19_01_086.jpg,data/IMG/right_2026_08_29_20_19_01_086.jpg,-0.15,1.0,0.0,30.18451
data/IMG/center_2026_08_29_20_19_01_154.jpg,data/IMG/left_2026_08_29_20_19_01_154.jpg,data/IMG/right_2026_08_29_20_19_01_154.jpg,-0.3,1.0,0.0,30.16953
data/IMG/center_2026_08_29_20_19_01_223.jpg,data/IMG/left_2026_08_29_20_19_01_223.jpg,data/IMG/right_2026_08_29_20_19_01_223.jpg,-0.5000001,1.0,0.0,30.14551
data/IMG/center_2026_08_29_20_19_01_705.jpg,data/IMG/left_2026_08_29_20_19_01_705.jpg,data/IMG/right_2026_08_29_20_19_01_705.jpg,-0.1,1.0,0.0,30.18777
data/IMG/center_2026_08_29_20_19_01_776.jpg,data/IMG/left_2026_08_29_20_19_01_776.jpg,data/IMG/right_2026_08_29_20_19_01_776.jpg,-0.25,1.0,0.0,30.17504
data/IMG/center_2026_08_29_20_19_01_843.jpg,data/IMG/left_2026_08_29_20_19_01_843.jpg,data/IMG/right_2026_08_29_20_19_01_843.jpg,-0.45,1.0,0.0,30.15164
data/IMG/center_2026_08_29_20_19_02_189.jpg,data/IMG/left_2026_08_29_20_19_02_189.jpg,data/IMG/right_2026_08_29_20_19_02_189.jpg,0.0,1.0,0.0,30.1903
data/IMG/center_2026_08_29_20_19_04_562.jpg,data/IMG/left_2026_08_29_20_19_04_562.jpg,data/IMG/right_2026_08_29_20_19_04_562.jpg,0.0,1.0,0.0,30.19025
data/IMG/center_2026_08_29_20_19_04_910.jpg,data/IMG/left_2026_08_29_20_19_04_910.jpg,data/IMG/right_2026_08_29_20_19_04_910.jpg,0.1,1.0,0.0,30.18768
data/IMG/center_2026_08_29_20_19_04_977.jpg,data/IMG/left_2026_08_29_20_19_04_977.jpg,data/IMG/right_2026_08_29_20_19_04_977.jpg,0.25,1.0,0.0,30.17475
data/IMG/center_2026_08_29_20_19_06_017.jpg,data/IMG/left_2026_08_29_20_19_06_017.jpg,data/IMG/right_2026_08_29_20_19_06_017.jpg,0.0,1.0,0.0,30.19029
data/IMG/center_2026_08_29_20_19_06_087.jpg,data/IMG/left_2026_08_29_20_19_06_087.jpg,data/IMG/right_2026_08_29_20_19_06_087.jpg,0.15,1.0,0.0,30.18425
data/IMG/center_2026_08_29_20_19_06_156.jpg,data/IMG/left_2026_08_29_20_19_06_156.jpg,data/IMG/right_2026_08_29_20_19_06_156.jpg,0.3,1.0,0.0,30.16921
data/IMG/center_2026_08_29_20_19_06_225.jpg,data/IMG/left_2026_08_29_20_19_06_225.jpg,data/IMG/right_2026_08_29_20_19_06_225.jpg,0.5000001,1.0,0.0,30.14536
data/IMG/center_2026_08_29_20_19_06_295.jpg,data/IMG/left_2026_08_29_20_19_06_295.jpg,data/IMG/right_2026_08_29_20_19_06_295.jpg,0.0,1.0,0.0,30.1835
data/IMG/center_2026_08_29_20_19_07_456.jpg,data/IMG/left_2026_08_29_20_19_07_456.jpg,data/IMG/right_2026_08_29_20_19_07_456.jpg,0.05,1.0,0.0,30.18973
data/IMG/center_2026_08_29_20_19_07_523.jpg,data/IMG/left_2026_08_29_20_19_07_523.jpg,data/IMG/right_2026_08_29_20_19_07_523.jpg,0.25,1.0,0.0,30.17476
data/IMG/center_2026_08_29_20_19_07_590.jpg,data/IMG/left_2026_08_29_20_19_07_590.jpg,data/IMG/right_2026_08_29_20_19_07_590.jpg,0.4,1.0,0.0,30.15775
data/IMG/center_2026_08_29_20_19_07_659.jpg,data/IMG/left_2026_08_29_20_19_07_659.jpg,data/IMG/right_2026_08_29_20_19_07_659.jpg,0.5500001,1.0,0.0,30.13926
data/IMG/center_2026_08_29_20_19_07_726.jpg,data/IMG/left_2026_08_29_20_19_07_726.jpg,data/IMG/right_2026_08_29_20_19_07_726.jpg,0.7500002,1.0,0.0,30.11455
data/IMG/center_2026_08_29_20_19_08_136.jpg,data/IMG/left_2026_08_29_20_19_08_136.jpg,data/IMG/right_2026_08_29_20_19_08_136.jpg,0.0,1.0,0.0,30.19023
data/IMG/center_2026_08_29_20_19_08_273.jpg,data/IMG/left_2026_08_29_20_19_08_273.jpg,data/IMG/right_2026_08_29_20_19_08_273.jpg,0.1,1.0,0.0,30.18784
data/IMG/center_2026_08_29_20_19_08_340.jpg,data/IMG/left_2026_08_29_20_19_08_340.jpg,data/IMG/right_2026_08_29_20_19_08_340.jpg,0.25,1.0,0.0,30.17495
data/IMG/center_2026_08_29_20_19_08_407.jpg,data/IMG/left_2026_08_29_20_19_08_407.jpg,data/IMG/right_2026_08_29_20_19_08_407.jpg,0.45,1.0,0.0,30.15155
data/IMG/center_2026_08_29_20_19_08_750.jpg,data/IMG/left_2026_08_29_20_19_08_750.jpg,data/IMG/right_2026_08_29_20_19_08_750.jpg,0.1,1.0,0.0,30.18807
data/IMG/center_2026_08_29_20_19_08_819.jpg,data/IMG/left_2026_08_29_20_19_08_819.jpg,data/IMG/right_2026_08_29_20_19_08_819.jpg,0.25,1.0,0.0,30.17579
data/IMG/center_2026_08_29_20_19_08_888.jpg,data/IMG/left_2026_08_29_20_19_08_888.jpg,data/IMG/right_2026_08_29_20_19_08_888.jpg,0.45,1.0,0.0,30.15215
data/IMG/center_2026_08_29_20_19_08_957.jpg,data/IMG/left_2026_08_29_20_19_08_957.jpg,data/IMG/right_2026_08_29_20_19_08_957.jpg,0.6000001,1.0,0.0,30.13347
data/IMG/center_2026_08_29_20_19_09_024.jpg,data/IMG/left_2026_08_29_20_19_09_024.jpg,data/IMG/right_2026_08_29_20_19_09_024.jpg,0.8000001,1.0,0.0,30.11033
data/IMG/center_2026_08_29_20_19_09_367.jpg,data/IMG/left_2026_08_29_20_19_09_367.jpg,data/IMG/right_2026_08_29_20_19_09_367.jpg,0.1,1.0,0.0,30.18894
data/IMG/center_2026_08_29_20_19_09_436.jpg,data/IMG/left_2026_08_29_20_19_09_436.jpg,data/IMG/right_2026_08_29_20_19_09_436.jpg,0.25,1.0,0.0,30.17688
data/IMG/center_2026_08_29_20_19_09_506.jpg,data/IMG/left_2026_08_29_20_19_09_506.jpg,data/IMG/right_2026_08_29_20_19_09_506.jpg,0.45,1.0,0.0,30.15289
data/IMG/center_2026_08_29_20_19_09_576.jpg,data/IMG/left_2026_08_29_20_19_09_576.jpg,data/IMG/right_2026_08_29_20_19_09_576.jpg,0.6000001,1.0,0.0,30.134
data/IMG/center_2026_08_29_20_19_09_645.jpg,data/IMG/left_2026_08_29_20_19_09_645.jpg,data/IMG/right_2026_08_29_20_19_09_645.jpg,0.8000001,1.0,0.0,30.11054
data/IMG/center_2026_08_29_20_19_09_917.jpg,data/IMG/left_2026_08_29_20_19_09_917.jpg,data/IMG/right_2026_08_29_20_19_09_917.jpg,0.15,1.0,0.0,30.18791
data/IMG/center_2026_08_29_20_19_09_986.jpg,data/IMG/left_2026_08_29_20_19_09_986.jpg,data/IMG/right_2026_08_29_20_19_09_986.jpg,0.35,1.0,0.0,30.16812
data/IMG/center_2026_08_29_20_19_10_054.jpg,data/IMG/left_2026_08_29_20_19_10_054.jpg,data/IMG/right_2026_08_29_20_19_10_054.jpg,0.5000001,1.0,0.0,30.14861
data/IMG/center_2026_08_29_20_19_10_121.jpg,data/IMG/left_2026_08_29_20_19_10_121.jpg,data/IMG/right_2026_08_29_20_19_10_121.jpg,0.6500001,1.0,0.0,30.12939
data/IMG/center_2026_08_29_20_19_10_394.jpg,data/IMG/left_2026_08_29_20_19_10_394.jpg,data/IMG/right_2026_08_29_20_19_10_394.jpg,0.1,1.0,0.0,30.1899
data/IMG/center_2026_08_29_20_19_10_463.jpg,data/IMG/left_2026_08_29_20_19_10_463.jpg,data/IMG/right_2026_08_29_20_19_10_463.jpg,0.3,1.0,0.0,30.17217
data/IMG/center_2026_08_29_20_19_10_533.jpg,data/IMG/left_2026_08_29_20_19_10_533.jpg,data/IMG/right_2026_08_29_20_19_10_533.jpg,0.45,1.0,0.0,30.15403
data/IMG/center_2026_08_29_20_19_10_600.jpg,data/IMG/left_2026_08_29_20_19_10_600.jpg,data/IMG/right_2026_08_29_20_19_10_600.jpg,0.6000001,1.0,0.0,30.13476
data/IMG/center_2026_08_29_20_19_10_668.jpg,data/IMG/left_2026_08_29_20_19_10_668.jpg,data/IMG/right_2026_08_29_20_19_10_668.jpg,0.8000001,1.0,0.0,30.11142
data/IMG/center_2026_08_29_20_19_10_737.jpg,data/IMG/left_2026_08_29_20_19_10_737.jpg,data/IMG/right_2026_08_29_20_19_10_737.jpg,0.9500002,1.0,0.0,30.09604
data/IMG/center_2026_08_29_20_19_11_421.jpg,data/IMG/left_2026_08_29_20_19_11_421.jpg,data/IMG/right_2026_08_29_20_19_11_421.jpg,0.0,1.0,0.0,30.18986
data/IMG/center_2026_08_29_20_19_12_709.jpg,data/IMG/left_2026_08_29_20_19_12_709.jpg,data/IMG/right_2026_08_29_20_19_12_709.jpg,0.15,1.0,0.0,30.18423
data/IMG/center_2026_08_29_20_19_12_778.jpg,data/IMG/left_2026_08_29_20_19_12_778.jpg,data/IMG/right_2026_08_29_20_19_12_778.jpg,0.3,1.0,0.0,30.16929
data/IMG/center_2026_08_29_20_19_12_846.jpg,data/IMG/left_2026_08_29_20_19_12_846.jpg,data/IMG/right_2026_08_29_20_19_12_846.jpg,0.5000001,1.0,0.0,30.14538
data/IMG/center_2026_08_29_20_19_14_205.jpg,data/IMG/left_2026_08_29_20_19_14_205.jpg,data/IMG/right_2026_08_29_20_19_14_205.jpg,0.2,1.0,0.0,30.17987
data/IMG/center_2026_08_29_20_19_14_338.jpg,data/IMG/left_2026_08_29_20_19_14_338.jpg,data/IMG/right_2026_08_29_20_19_14_338.jpg,0.0,1.0,0.0,30.19024
data/IMG/center_2026_08_29_20_19_15_283.jpg,data/IMG/left_2026_08_29_20_19_15_283.jpg,data/IMG/right_2026_08_29_20_19_15_283.jpg,0.0,1.0,0.0,30.19046
data/IMG/center_2026_08_29_20_19_15_351.jpg,data/IMG/left_2026_08_29_20_19_15_351.jpg,data/IMG/right_2026_08_29_20_19_15_351.jpg,0.05,1.0,0.0,30.18994
data/IMG/center_2026_08_29_20_19_17_514.jpg,data/IMG/left_2026_08_29_20_19_17_514.jpg,data/IMG/right_2026_08_29_20_19_17_514.jpg,0.0,1.0,0.0,30.19059
data/IMG/center_2026_08_29_20_19_17_717.jpg,data/IMG/left_2026_08_29_20_19_17_717.jpg,data/IMG/right_2026_08_29_20_19_17_717.jpg,0.15,1.0,0.0,30.18465
data/IMG/center_2026_08_29_20_19_18_121.jpg,data/IMG/left_2026_08_29_20_19_18_121.jpg,data/IMG/right_2026_08_29_20_19_18_121.jpg,0.0,1.0,0.0,30.19064
data/IMG/center_2026_08_29_20_19_18_667.jpg,data/IMG/left_2026_08_29_20_19_18_667.jpg,data/IMG/right_2026_08_29_20_19_18_667.jpg,0.0,1.0,0.0,30.19066
data/IMG/center_2026_08_29_20_19_19_884.jpg,data/IMG/left_2026_08_29_20_19_19_884.jpg,data/IMG/right_2026_08_29_20_19_19_884.jpg,0.0,1.0,0.0,30.19066
data/IMG/center_2026_08_29_20_19_21_108.jpg,data/IMG/left_2026_08_29_20_19_21_108.jpg,data/IMG/right_2026_08_29_20_19_21_108.jpg,0.0,1.0,0.0,30.19066
data/IMG/center_2026_08_29_20_19_23_151.jpg,data/IMG/left_2026_08_29_20_19_23_151.jpg,data/IMG/right_2026_08_29_20_19_23_151.jpg,0.05,1.0,0.0,30.18968
data/IMG/center_2026_08_29_20_19_23_220.jpg,data/IMG/left_2026_08_29_20_19_23_220.jpg,data/IMG/right_2026_08_29_20_19_23_220.jpg,0.2,1.0,0.0,30.17968
data/IMG/center_2026_08_29_20_19_23_289.jpg,data/IMG/left_2026_08_29_20_19_23_289.jpg,data/IMG/right_2026_08_29_20_19_23_289.jpg,0.4,1.0,0.0,30.15742
data/IMG/center_2026_08_29_20_19_24_981.jpg,data/IMG/left_2026_08_29_20_19_24_981.jpg,data/IMG/right_2026_08_29_20_19_24_981.jpg,0.05,1.0,0.0,30.18973
data/IMG/center_2026_08_29_20_19_25_050.jpg,data/IMG/left_2026_08_29_20_19_25_050.jpg,data/IMG/right_2026_08_29_20_19_25_050.jpg,0.25,1.0,0.0,30.17475
data/IMG/center_2026_08_29_20_19_25_117.jpg,data/IMG/left_2026_08_29_20_19_25_117.jpg,data/IMG/right_2026_08_29_20_19_25_117.jpg,0.4,1.0,0.0,30.15751
data/IMG/center_2026_08_29_20_19_26_685.jpg,data/IMG/left_2026_08_29_20_19_26_685.jpg,data/IMG/right_2026_08_29_20_19_26_685.jpg,0.2,1.0,0.0,30.17983
data/IMG/center_2026_08_29_20_19_26_752.jpg,data/IMG/left_2026_08_29_20_19_26_752.jpg,data/IMG/right_2026_08_29_20_19_26_752.jpg,0.35,1.0,0.0,30.16344
data/IMG/center_2026_08_29_20_19_26_819.jpg,data/IMG/left_2026_08_29_20_19_26_819.jpg,data/IMG/right_2026_08_29_20_19_26_819.jpg,0.5000001,1.0,0.0,30.1454
data/IMG/center_2026_08_29_20_19_28_184.jpg,data/IMG/left_2026_08_29_20_19_28_184.jpg,data/IMG/right_2026_08_29_20_19_28_184.jpg,0.05,1.0,0.0,30.18971
data/IMG/center_2026_08_29_20_19_28_252.jpg,data/IMG/left_2026_08_29_20_19_28_252.jpg,data/IMG/right_2026_08_29_20_19_28_252.jpg,0.2,1.0,0.0,30.17986
data/IMG/center_2026_08_29_20_19_28_319.jpg,data/IMG/left_2026_08_29_20_19_28_319.jpg,data/IMG/right_2026_08_29_20_19_28_319.jpg,0.35,1.0,0.0,30.16346
data/IMG/center_2026_08_29_20_19_29_750.jpg,data/IMG/left_2026_08_29_20_19_29_750.jpg,data/IMG/right_2026_08_29_20_19_29_750.jpg,0.2,1.0,0.0,30.17984
data/IMG/center_2026_08_29_20_19_29_819.jpg,data/IMG/left_2026_08_29_20_19_29_819.jpg,data/IMG/right_2026_08_29_20_19_29_819.jpg,0.35,1.0,0.0,30.16346
data/IMG/center_2026_08_29_20_19_30_429.jpg,data/IMG/left_2026_08_29_20_19_30_429.jpg,data/IMG/right_2026_08_29_20_19_30_429.jpg,0.0,1.0,0.0,30.19031
data/IMG/center_2026_08_29_20_19_30_770.jpg,data/IMG/left_2026_08_29_20_19_30_770.jpg,data/IMG/right_2026_08_29_20_19_30_770.jpg,0.1,1.0,0.0,30.18719
data/IMG/center_2026_08_29_20_19_30_840.jpg,data/IMG/left_2026_08_29_20_19_30_840.jpg,data/IMG/right_2026_08_29_20_19_30_840.jpg,0.25,1.0,0.0,30.17462
data/IMG/center_2026_08_29_20_19_30_907.jpg,data/IMG/left_2026_08_29_20_19_30_907.jpg,data/IMG/right_2026_08_29_20_19_30_907.jpg,0.45,1.0,0.0,30.15139
data/IMG/center_2026_08_29_20_19_30_975.jpg,data/IMG/left_2026_08_29_20_19_30_975.jpg,data/IMG/right_2026_08_29_20_19_30_975.jpg,0.6000001,1.0,0.0,30.13306
data/IMG/center_2026_08_29_20_19_31_724.jpg,data/IMG/left_2026_08_29_20_19_31_724.jpg,data/IMG/right_2026_08_29_20_19_31_724.jpg,0.1,1.0,0.0,30.18761
data/IMG/center_2026_08_29_20_19_31_794.jpg,data/IMG/left_2026_08_29_20_19_31_794.jpg,data/IMG/right_2026_08_29_20_19_31_794.jpg,0.25,1.0,0.0,30.17467
data/IMG/center_2026_08_29_20_19_31_861.jpg,data/IMG/left_2026_08_29_20_19_31_861.jpg,data/IMG/right_2026_08_29_20_19_31_861.jpg,0.4,1.0,0.0,30.15742
data/IMG/center_2026_08_29_20_19_32_407.jpg,data/IMG/left_2026_08_29_20_19_32_407.jpg,data/IMG/right_2026_08_29_20_19_32_407.jpg,0.2,1.0,0.0,30.18021
data/IMG/center_2026_08_29_20_19_32_477.jpg,data/IMG/left_2026_08_29_20_19_32_477.jpg,data/IMG/right_2026_08_29_20_19_32_477.jpg,0.35,1.0,0.0,30.16375
data/IMG/center_2026_08_29_20_19_32_544.jpg,data/IMG/left_2026_08_29_20_19_32_544.jpg,data/IMG/right_2026_08_29_20_19_32_544.jpg,0.5500001,1.0,0.0,30.13939
data/IMG/center_2026_08_29_20_19_32_612.jpg,data/IMG/left_2026_08_29_20_19_32_612.jpg,data/IMG/right_2026_08_29_20_19_32_612.jpg,0.7,1.0,0.0,30.12152
data/IMG/center_2026_08_29_20_19_32_746.jpg,data/IMG/left_2026_08_29_20_19_32_746.jpg,data/IMG/right_2026_08_29_20_19_32_746.jpg,0.0,1.0,0.0,30.18632
data/IMG/center_2026_08_29_20_19_33_085.jpg,data/IMG/left_2026_08_29_20_19_33_085.jpg,data/IMG/right_2026_08_29_20_19_33_085.jpg,0.0,1.0,0.0,30.1903
data/IMG/center_2026_08_29_20_19_33_429.jpg,data/IMG/left_2026_08_29_20_19_33_429.jpg,data/IMG/right_2026_08_29_20_19_33_429.jpg,0.15,1.0,0.0,30.18419
data/IMG/center_2026_08_29_20_19_33_501.jpg,data/IMG/left_2026_08_29_20_19_33_501.jpg,data/IMG/right_2026_08_29_20_19_33_501.jpg,0.3,1.0,0.0,30.16914
data/IMG/center_2026_08_29_20_19_34_054.jpg,data/IMG/left_2026_08_29_20_19_34_054.jpg,data/IMG/right_2026_08_29_20_19_34_054.jpg,0.05,1.0,0.0,30.18973
data/IMG/center_2026_08_29_20_19_34_122.jpg,data/IMG/left_2026_08_29_20_19_34_122.jpg,data/IMG/right_2026_08_29_20_19_34_122.jpg,0.2,1.0,0.0,30.17995
data/IMG/center_2026_08_29_20_19_34_189.jpg,data/IMG/left_2026_08_29_20_19_34_189.jpg,data/IMG/right_2026_08_29_20_19_34_189.jpg,0.4,1.0,0.0,30.15757
data/IMG/center_2026_08_29_20_19_34_258.jpg,data/IMG/left_2026_08_29_20_19_34_258.jpg,data/IMG/right_2026_08_29_20_19_34_258.jpg,0.5500001,1.0,0.0,30.13928
data/IMG/center_2026_08_29_20_19_34_392.jpg,data/IMG/left_2026_08_29_20_19_34_392.jpg,data/IMG/right_2026_08_29_20_19_34_392.jpg,0.0,1.0,0.0,30.18622
data/IMG/center_2026_08_29_20_19_34_595.jpg,data/IMG/left_2026_08_29_20_19_34_595.jpg,data/IMG/right_2026_08_29_20_19_34_595.jpg,0.0,1.0,0.0,30.19027
data/IMG/center_2026_08_29_20_19_35_148.jpg,data/IMG/left_2026_08_29_20_19_35_148.jpg,data/IMG/right_2026_08_29_20_19_35_148.jpg,0.15,1.0,0.0,30.18417
data/IMG/center_2026_08_29_20_19_35_217.jpg,data/IMG/left_2026_08_29_20_19_35_217.jpg,data/IMG/right_2026_08_29_20_19_35_217.jpg,0.3,1.0,0.0,30.16918
data/IMG/center_2026_08_29_20_19_35_284.jpg,data/IMG/left_2026_08_29_20_19_35_284.jpg,data/IMG/right_2026_08_29_20_19_35_284.jpg,0.5000001,1.0,0.0,30.14526
data/IMG/center_2026_08_29_20_19_36_178.jpg,data/IMG/left_2026_08_29_20_19_36_178.jpg,data/IMG/right_2026_08_29_20_19_36_178.jpg,0.05,1.0,0.0,30.18967
data/IMG/center_2026_08_29_20_19_36_246.jpg,data/IMG/left_2026_08_29_20_19_36_246.jpg,data/IMG/right_2026_08_29_20_19_36_246.jpg,0.25,1.0,0.0,30.17463
data/IMG/center_2026_08_29_20_19_36_313.jpg,data/IMG/left_2026_08_29_20_19_36_313.jpg,data/IMG/right_2026_08_29_20_19_36_313.jpg,0.4,1.0,0.0,30.15743
data/IMG/center_2026_08_29_20_19_37_142.jpg,data/IMG/left_2026_08_29_20_19_37_142.jpg,data/IMG/right_2026_08_29_20_19_37_142.jpg,0.0,1.0,0.0,30.19028
data/IMG/center_2026_08_29_20_19_37_759.jpg,data/IMG/left_2026_08_29_20_19_37_759.jpg,data/IMG/right_2026_08_29_20_19_37_759.jpg,0.15,1.0,0.0,30.18419
data/IMG/center_2026_08_29_20_19_37_827.jpg,data/IMG/left_2026_08_29_20_19_37_827.jpg,data/IMG/right_2026_08_29_20_19_37_827.jpg,0.35,1.0,0.0,30.16349
data/IMG/center_2026_08_29_20_19_38_587.jpg,data/IMG/left_2026_08_29_20_19_38_587.jpg,data/IMG/right_2026_08_29_20_19_38_587.jpg,0.1,1.0,0.0,30.18764
data/IMG/center_2026_08_29_20_19_38_654.jpg,data/IMG/left_2026_08_29_20_19_38_654.jpg,data/IMG/right_2026_08_29_20_19_38_654.jpg,0.25,1.0,0.0,30.17473
data/IMG/center_2026_08_29_20_19_38_724.jpg,data/IMG/left_2026_08_29_20_19_38_724.jpg,data/IMG/right_2026_08_29_20_19_38_724.jpg,0.45,1.0,0.0,30.15146
data/IMG/center_2026_08_29_20_19_38_998.jpg,data/IMG/left_2026_08_29_20_19_38_998.jpg,data/IMG/right_2026_08_29_20_19_38_998.jpg,0.0,1.0,0.0,30.19016
data/IMG/center_2026_08_29_20_19_39_207.jpg,data/IMG/left_2026_08_29_20_19_39_207.jpg,data/IMG/right_2026_08_29_20_19_39_207.jpg,0.15,1.0,0.0,30.18467
data/IMG/center_2026_08_29_20_19_39_275.jpg,data/IMG/left_2026_08_29_20_19_39_275.jpg,data/IMG/right_2026_08_29_20_19_39_275.jpg,0.3,1.0,0.0,30.16966
data/IMG/center_2026_08_29_20_19_39_345.jpg,data/IMG/left_2026_08_29_20_19_39_345.jpg,data/IMG/right_2026_08_29_20_19_39_345.jpg,0.5000001,1.0,0.0,30.14581
data/IMG/center_2026_08_29_20_19_42_562.jpg,data/IMG/left_2026_08_29_20_19_42_562.jpg,data/IMG/right_2026_08_29_20_19_42_562.jpg,0.15,1.0,0.0,30.18426
data/IMG/center_2026_08_29_20_19_42_629.jpg,data/IMG/left_2026_08_29_20_19_42_629.jpg,data/IMG/right_2026_08_29_20_19_42_629.jpg,0.35,1.0,0.0,30.16349
data/IMG/center_2026_08_29_20_19_42_696.jpg,data/IMG/left_2026_08_29_20_19_42_696.jpg,data/IMG/right_2026_08_29_20_19_42_696.jpg,0.5000001,1.0,0.0,30.14537
data/IMG/center_2026_08_29_20_19_43_176.jpg,data/IMG/left_2026_08_29_20_19_43_176.jpg,data/IMG/right_2026_08_29_20_19_43_176.jpg,0.0,1.0,0.0,30.19032
data/IMG/center_2026_08_29_20_19_43_655.jpg,data/IMG/left_2026_08_29_20_19_43_655.jpg,data/IMG/right_2026_08_29_20_19_43_655.jpg,-0.05,1.0,0.0,30.18978
data/IMG/center_2026_08_29_20_19_45_627.jpg,data/IMG/left_2026_08_29_20_19_45_627.jpg,data/IMG/right_2026_08_29_20_19_45_627.jpg,0.0,1.0,0.0,30.19016
data/IMG/center_2026_08_29_20_19_45_903.jpg,data/IMG/left_2026_08_29_20_19_45_903.jpg,data/IMG/right_2026_08_29_20_19_45_903.jpg,0.0,1.0,0.0,30.19029
data/IMG/center_2026_08_29_20_19_46_715.jpg,data/IMG/left_2026_08_29_20_19_46_715.jpg,data/IMG/right_2026_08_29_20_19_46_715.jpg,0.15,1.0,0.0,30.18423
data/IMG/center_2026_08_29_20_19_46_781.jpg,data/IMG/left_2026_08_29_20_19_46_781.jpg,data/IMG/right_2026_08_29_20_19_46_781.jpg,0.3,1.0,0.0,30.16925
data/IMG/center_2026_08_29_20_19_46_851.jpg,data/IMG/left_2026_08_29_20_19_46_851.jpg,data/IMG/right_2026_08_29_20_19_46_851.jpg,0.5000001,1.0,0.0,30.14539
data/IMG/center_2026_08_29_20_19_47_326.jpg,data/IMG/left_2026_08_29_20_19_47_326.jpg,data/IMG/right_2026_08_29_20_19_47_326.jpg,0.0,1.0,0.0,30.19029
data/IMG/center_2026_08_29_20_19_48_010.jpg,data/IMG/left_2026_08_29_20_19_48_010.jpg,data/IMG/right_2026_08_29_20_19_48_010.jpg,0.0,1.0,0.0,30.19031
data/IMG/center_2026_08_29_20_19_49_860.jpg,data/IMG/left_2026_08_29_20_19_49_860.jpg,data/IMG/right_2026_08_29_20_19_49_860.jpg,0.1,1.0,0.0,30.18768
data/IMG/center_2026_08_29_20_19_49_927.jpg,data/IMG/left_2026_08_29_20_19_49_927.jpg,data/IMG/right_2026_08_29_20_19_49_927.jpg,0.3,1.0,0.0,30.16928
data/IMG/center_2026_08_29_20_19_51_428.jpg,data/IMG/left_2026_08_29_20_19_51_428.jpg,data/IMG/right_2026_08_29_20_19_51_428.jpg,0.15,1.0,0.0,30.18421
data/IMG/center_2026_08_29_20_19_51_497.jpg,data/IMG/left_2026_08_29_20_19_51_497.jpg,data/IMG/right_2026_08_29_20_19_51_497.jpg,0.3,1.0,0.0,30.16926
data/IMG/center_2026_08_29_20_19_52_246.jpg,data/IMG/left_2026_08_29_20_19_52_246.jpg,data/IMG/right_2026_08_29_20_19_52_246.jpg,0.0,1.0,0.0,30.1903
data/IMG/center_2026_08_29_20_19_53_417.jpg,data/IMG/left_2026_08_29_20_19_53_417.jpg,data/IMG/right_2026_08_29_20_19_53_417.jpg,0.0,1.0,0.0,30.1903
data/IMG/center_2026_08_29_20_19_54_929.jpg,data/IMG/left_2026_08_29_20_19_54_929.jpg,data/IMG/right_2026_08_29_20_19_54_929.jpg,0.0,1.0,0.0,30.19029
data/IMG/center_2026_08_29_20_19_56_017.jpg,data/IMG/left_2026_08_29_20_19_56_017.jpg,data/IMG/right_2026_08_29_20_19_56_017.jpg,0.1,1.0,0.0,30.18768
data/IMG/center_2026_08_29_20_19_56_085.jpg,data/IMG/left_2026_08_29_20_19_56_085.jpg,data/IMG/right_2026_08_29_20_19_56_085.jpg,0.3,1.0,0.0,30.16926
data/IMG/center_2026_08_29_20_19_56_154.jpg,data/IMG/left_2026_08_29_20_19_56_154.jpg,data/IMG/right_2026_08_29_20_19_56_154.jpg,0.45,1.0,0.0,30.15148
data/IMG/center_2026_08_29_20_19_58_881.jpg,data/IMG/left_2026_08_29_20_19_58_881.jpg,data/IMG/right_2026_08_29_20_19_58_881.jpg,0.15,1.0,0.0,30.18424
data/IMG/center_2026_08_29_20_19_58_951.jpg,data/IMG/left_2026_08_29_20_19_58_951.jpg,data/IMG/right_2026_08_29_20_19_58_951.jpg,0.35,1.0,0.0,30.16347
data/IMG/center_2026_08_29_20_19_59_020.jpg,data/IMG/left_2026_08_29_20_19_59_020.jpg,data/IMG/right_2026_08_29_20_19_59_020.jpg,0.5000001,1.0,0.0,30.14538
data/IMG/center_2026_08_29_20_20_00_951.jpg,data/IMG/left_2026_08_29_20_20_00_951.jpg,data/IMG/right_2026_08_29_20_20_00_951.jpg,0.0,1.0,0.0,30.1903
data/IMG/center_2026_08_29_20_20_01_988.jpg,data/IMG/left_2026_08_29_20_20_01_988.jpg,data/IMG/right_2026_08_29_20_20_01_988.jpg,0.1,1.0,0.0,30.18767
data/IMG/center_2026_08_29_20_20_02_055.jpg,data/IMG/left_2026_08_29_20_20_02_055.jpg,data/IMG/right_2026_08_29_20_20_02_055.jpg,0.25,1.0,0.0,30.17478
data/IMG/center_2026_08_29_20_20_02_124.jpg,data/IMG/left_2026_08_29_20_20_02_124.jpg,data/IMG/right_2026_08_29_20_20_02_124.jpg,0.45,1.0,0.0,30.15149
data/IMG/center_2026_08_29_20_20_02_262.jpg,data/IMG/left_2026_08_29_20_20_02_262.jpg,data/IMG/right_2026_08_29_20_20_02_262.jpg,0.0,1.0,0.0,30.1864
data/IMG/center_2026_08_29_20_20_02_884.jpg,data/IMG/left_2026_08_29_20_20_02_884.jpg,data/IMG/right_2026_08_29_20_20_02_884.jpg,0.0,1.0,0.0,30.19029
data/IMG/center_2026_08_29_20_20_03_572.jpg,data/IMG/left_2026_08_29_20_20_03_572.jpg,data/IMG/right_2026_08_29_20_20_03_572.jpg,0.15,1.0,0.0,30.18424
data/IMG/center_2026_08_29_20_20_03_642.jpg,data/IMG/left_2026_08_29_20_20_03_642.jpg,data/IMG/right_2026_08_29_20_20_03_642.jpg,0.3,1.0,0.0,30.16924
data/IMG/center_2026_08_29_20_20_03_709.jpg,data/IMG/left_2026_08_29_20_20_03_709.jpg,data/IMG/right_2026_08_29_20_20_03_709.jpg,0.5000001,1.0,0.0,30.14536
data/IMG/center_2026_08_29_20_20_05_151.jpg,data/IMG/left_2026_08_29_20_20_05_151.jpg,data/IMG/right_2026_08_29_20_20_05_151.jpg,0.05,1.0,0.0,30.19022
data/IMG/center_2026_08_29_20_20_05_220.jpg,data/IMG/left_2026_08_29_20_20_05_220.jpg,data/IMG/right_2026_08_29_20_20_05_220.jpg,0.2,1.0,0.0,30.17982
data/IMG/center_2026_08_29_20_20_05_288.jpg,data/IMG/left_2026_08_29_20_20_05_288.jpg,data/IMG/right_2026_08_29_20_20_05_288.jpg,0.4,1.0,0.0,30.15751
data/IMG/center_2026_08_29_20_20_05_357.jpg,data/IMG/left_2026_08_29_20_20_05_357.jpg,data/IMG/right_2026_08_29_20_20_05_357.jpg,0.5500001,1.0,0.0,30.13923
data/IMG/center_2026_08_29_20_20_05_702.jpg,data/IMG/left_2026_08_29_20_20_05_702.jpg,data/IMG/right_2026_08_29_20_20_05_702.jpg,0.0,1.0,0.0,30.19029
data/IMG/center_2026_08_29_20_20_06_391.jpg,data/IMG/left_2026_08_29_20_20_06_391.jpg,data/IMG/right_2026_08_29_20_20_06_391.jpg,0.0,1.0,0.0,30.19031
data/IMG/center_2026_08_29_20_20_06_531.jpg,data/IMG/left_2026_08_29_20_20_06_531.jpg,data/IMG/right_2026_08_29_20_20_06_531.jpg,0.2,1.0,0.0,30.17981
data/IMG/center_2026_08_29_20_20_06_602.jpg,data/IMG/left_2026_08_29_20_20_06_602.jpg,data/IMG/right_2026_08_29_20_20_06_602.jpg,0.35,1.0,0.0,30.16342
data/IMG/center_2026_08_29_20_20_06_670.jpg,data/IMG/left_2026_08_29_20_20_06_670.jpg,data/IMG/right_2026_08_29_20_20_06_670.jpg,0.5500001,1.0,0.0,30.13924
data/IMG/center_2026_08_29_20_20_08_183.jpg,data/IMG/left_2026_08_29_20_20_08_183.jpg,data/IMG/right_2026_08_29_20_20_08_183.jpg,0.2,1.0,0.0,30.17984
data/IMG/center_2026_08_29_20_20_08_250.jpg,data/IMG/left_2026_08_29_20_20_08_250.jpg,data/IMG/right_2026_08_29_20_20_08_250.jpg,0.35,1.0,0.0,30.16346
data/IMG/center_2026_08_29_20_20_08_317.jpg,data/IMG/left_2026_08_29_20_20_08_317.jpg,data/IMG/right_2026_08_29_20_20_08_317.jpg,0.5000001,1.0,0.0,30.14541
data/IMG/center_2026_08_29_20_20_08_733.jpg,data/IMG/left_2026_08_29_20_20_08_733.jpg,data/IMG/right_2026_08_29_20_20_08_733.jpg,0.0,1.0,0.0,30.19028
data/IMG/center_2026_08_29_20_20_09_422.jpg,data/IMG/left_2026_08_29_20_20_09_422.jpg,data/IMG/right_2026_08_29_20_20_09_422.jpg,0.15,1.0,0.0,30.18419
data/IMG/center_2026_08_29_20_20_09_490.jpg,data/IMG/left_2026_08_29_20_20_09_490.jpg,data/IMG/right_2026_08_29_20_20_09_490.jpg,0.35,1.0,0.0,30.1634
data/IMG/center_2026_08_29_20_20_09_558.jpg,data/IMG/left_2026_08_29_20_20_09_558.jpg,data/IMG/right_2026_08_29_20_20_09_558.jpg,0.5000001,1.0,0.0,30.14534
data/IMG/center_2026_08_29_20_20_09_629.jpg,data/IMG/left_2026_08_29_20_20_09_629.jpg,data/IMG/right_2026_08_29_20_20_09_629.jpg,0.7,1.0,0.0,30.12104
data/IMG/center_2026_08_29_20_20_10_727.jpg,data/IMG/left_2026_08_29_20_20_10_727.jpg,data/IMG/right_2026_08_29_20_20_10_727.jpg,0.05,1.0,0.0,30.19078
data/IMG/center_2026_08_29_20_20_10_794.jpg,data/IMG/left_2026_08_29_20_20_10_794.jpg,data/IMG/right_2026_08_29_20_20_10_794.jpg,0.2,1.0,0.0,30.18005
data/IMG/center_2026_08_29_20_20_10_861.jpg,data/IMG/left_2026_08_29_20_20_10_861.jpg,data/IMG/right_2026_08_29_20_20_10_861.jpg,0.35,1.0,0.0,30.16328
data/IMG/center_2026_08_29_20_20_10_928.jpg,data/IMG/left_2026_08_29_20_20_10_928.jpg,data/IMG/right_2026_08_29_20_20_10_928.jpg,0.5500001,1.0,0.0,30.1392
data/IMG/center_2026_08_29_20_20_11_890.jpg,data/IMG/left_2026_08_29_20_20_11_890.jpg,data/IMG/right_2026_08_29_20_20_11_890.jpg,0.2,1.0,0.0,30.17972
data/IMG/center_2026_08_29_20_20_11_957.jpg,data/IMG/left_2026_08_29_20_20_11_957.jpg,data/IMG/right_2026_08_29_20_20_11_957.jpg,0.35,1.0,0.0,30.16411
data/IMG/center_2026_08_29_20_20_12_024.jpg,data/IMG/left_2026_08_29_20_20_12_024.jpg,data/IMG/right_2026_08_29_20_20_12_024.jpg,0.5500001,1.0,0.0,30.13913
data/IMG/center_2026_08_29_20_20_12_091.jpg,data/IMG/left_2026_08_29_20_20_12_091.jpg,data/IMG/right_2026_08_29_20_20_12_091.jpg,0.7,1.0,0.0,30.12095
data/IMG/center_2026_08_29_20_20_12_578.jpg,data/IMG/left_2026_08_29_20_20_12_578.jpg,data/IMG/right_2026_08_29_20_20_12_578.jpg,0.05,1.0,0.0,30.18982
data/IMG/center_2026_08_29_20_20_12_648.jpg,data/IMG/left_2026_08_29_20_20_12_648.jpg,data/IMG/right_2026_08_29_20_20_12_648.jpg,0.25,1.0,0.0,30.17511
data/IMG/center_2026_08_29_20_20_12_718.jpg,data/IMG/left_2026_08_29_20_20_12_718.jpg,data/IMG/right_2026_08_29_20_20_12_718.jpg,0.4,1.0,0.0,30.15791
data/IMG/center_2026_08_29_20_20_12_787.jpg,data/IMG/left_2026_08_29_20_20_12_787.jpg,data/IMG/right_2026_08_29_20_20_12_787.jpg,0.6000001,1.0,0.0,30.13361
data/IMG/center_2026_08_29_20_20_12_854.jpg,data/IMG/left_2026_08_29_20_20_12_854.jpg,data/IMG/right_2026_08_29_20_20_12_854.jpg,0.7500002,1.0,0.0,30.1146
data/IMG/center_2026_08_29_20_20_13_478.jpg,data/IMG/left_2026_08_29_20_20_13_478.jpg,data/IMG/right_2026_08_29_20_20_13_478.jpg,0.15,1.0,0.0,30.18426
data/IMG/center_2026_08_29_20_20_13_551.jpg,data/IMG/left_2026_08_29_20_20_13_551.jpg,data/IMG/right_2026_08_29_20_20_13_551.jpg,0.35,1.0,0.0,30.16299
data/IMG/center_2026_08_29_20_20_13_622.jpg,data/IMG/left_2026_08_29_20_20_13_622.jpg,data/IMG/right_2026_08_29_20_20_13_622.jpg,0.5000001,1.0,0.0,30.14742
data/IMG/center_2026_08_29_20_20_13_694.jpg,data/IMG/left_2026_08_29_20_20_13_694.jpg,data/IMG/right_2026_08_29_20_20_13_694.jpg,0.7,1.0,0.0,30.12027
data/IMG/center_2026_08_29_20_20_14_248.jpg,data/IMG/left_2026_08_29_20_20_14_248.jpg,data/IMG/right_2026_08_29_20_20_14_248.jpg,0.2,1.0,0.0,30.17932
data/IMG/center_2026_08_29_20_20_14_315.jpg,data/IMG/left_2026_08_29_20_20_14_315.jpg,data/IMG/right_2026_08_29_20_20_14_315.jpg,0.35,1.0,0.0,30.16393
data/IMG/center_2026_08_29_20_20_14_384.jpg,data/IMG/left_2026_08_29_20_20_14_384.jpg,data/IMG/right_2026_08_29_20_20_14_384.jpg,0.5500001,1.0,0.0,30.13965
data/IMG/center_2026_08_29_20_20_14_451.jpg,data/IMG/left_2026_08_29_20_20_14_451.jpg,data/IMG/right_2026_08_29_20_20_14_451.jpg,0.7,1.0,0.0,30.12115
data/IMG/center_2026_08_29_20_20_15_011.jpg,data/IMG/left_2026_08_29_20_20_15_011.jpg,data/IMG/right_2026_08_29_20_20_15_011.jpg,0.1,1.0,0.0,30.1878
data/IMG/center_2026_08_29_20_20_15_085.jpg,data/IMG/left_2026_08_29_20_20_15_085.jpg,data/IMG/right_2026_08_29_20_20_15_085.jpg,0.3,1.0,0.0,30.16937
data/IMG/center_2026_08_29_20_20_15_156.jpg,data/IMG/left_2026_08_29_20_20_15_156.jpg,data/IMG/right_2026_08_29_20_20_15_156.jpg,0.45,1.0,0.0,30.15145
data/IMG/center_2026_08_29_20_20_15_223.jpg,data/IMG/left_2026_08_29_20_20_15_223.jpg,data/IMG/right_2026_08_29_20_20_15_223.jpg,0.6500001,1.0,0.0,30.12701
data/IMG/center_2026_08_29_20_20_15_644.jpg,data/IMG/left_2026_08_29_20_20_15_644.jpg,data/IMG/right_2026_08_29_20_20_15_644.jpg,0.2,1.0,0.0,30.18068
data/IMG/center_2026_08_29_20_20_15_711.jpg,data/IMG/left_2026_08_29_20_20_15_711.jpg,data/IMG/right_2026_08_29_20_20_15_711.jpg,0.35,1.0,0.0,30.16441
data/IMG/center_2026_08_29_20_20_15_781.jpg,data/IMG/left_2026_08_29_20_20_15_781.jpg,data/IMG/right_2026_08_29_20_20_15_781.jpg,0.5000001,1.0,0.0,30.14599
data/IMG/center_2026_08_29_20_20_16_471.jpg,data/IMG/left_2026_08_29_20_20_16_471.jpg,data/IMG/right_2026_08_29_20_20_16_471.jpg,0.15,1.0,0.0,30.18423
data/IMG/center_2026_08_29_20_20_16_542.jpg,data/IMG/left_2026_08_29_20_20_16_542.jpg,data/IMG/right_2026_08_29_20_20_16_542.jpg,0.3,1.0,0.0,30.1692
data/IMG/center_2026_08_29_20_20_16_612.jpg,data/IMG/left_2026_08_29_20_20_16_612.jpg,data/IMG/right_2026_08_29_20_20_16_612.jpg,0.5000001,1.0,0.0,30.1453
data/IMG/center_2026_08_29_20_20_17_514.jpg,data/IMG/left_2026_08_29_20_20_17_514.jpg,data/IMG/right_2026_08_29_20_20_17_514.jpg,0.0,1.0,0.0,30.19027
data/IMG/center_2026_08_29_20_20_17_654.jpg,data/IMG/left_2026_08_29_20_20_17_654.jpg,data/IMG/right_2026_08_29_20_20_17_654.jpg,0.0,1.0,0.0,30.19035
data/IMG/center_2026_08_29_20_20_18_881.jpg,data/IMG/left_2026_08_29_20_20_18_881.jpg,data/IMG/right_2026_08_29_20_20_18_881.jpg,0.0,1.0,0.0,30.19029
data/IMG/center_2026_08_29_20_20_19_359.jpg,data/IMG/left_2026_08_29_20_20_19_359.jpg,data/IMG/right_2026_08_29_20_20_19_359.jpg,0.0,1.0,0.0,30.19031
data/IMG/center_2026_08_29_20_20_19_633.jpg,data/IMG/left_2026_08_29_20_20_19_633.jpg,data/IMG/right_2026_08_29_20_20_19_633.jpg,0.0,1.0,0.0,30.19029
data/IMG/center_2026_08_29_20_20_20_788.jpg,data/IMG/left_2026_08_29_20_20_20_788.jpg,data/IMG/right_2026_08_29_20_20_20_788.jpg,0.0,1.0,0.0,30.1903
data/IMG/center_2026_08_29_20_20_21_475.jpg,data/IMG/left_2026_08_29_20_20_21_475.jpg,data/IMG/right_2026_08_29_20_20_21_475.jpg,-0.1,1.0,0.0,30.18769
data/IMG/center_2026_08_29_20_20_21_542.jpg,data/IMG/left_2026_08_29_20_20_21_542.jpg,data/IMG/right_2026_08_29_20_20_21_542.jpg,-0.25,1.0,0.0,30.17476
data/IMG/center_2026_08_29_20_20_21_611.jpg,data/IMG/left_2026_08_29_20_20_21_611.jpg,data/IMG/right_2026_08_29_20_20_21_611.jpg,-0.45,1.0,0.0,30.15148
data/IMG/center_2026_08_29_20_20_21_677.jpg,data/IMG/left_2026_08_29_20_20_21_677.jpg,data/IMG/right_2026_08_29_20_20_21_677.jpg,-0.6000001,1.0,0.0,30.13316
data/IMG/center_2026_08_29_20_20_22_425.jpg,data/IMG/left_2026_08_29_20_20_22_425.jpg,data/IMG/right_2026_08_29_20_20_22_425.jpg,-0.1,1.0,0.0,30.18762
data/IMG/center_2026_08_29_20_20_22_493.jpg,data/IMG/left_2026_08_29_20_20_22_493.jpg,data/IMG/right_2026_08_29_20_20_22_493.jpg,-0.25,1.0,0.0,30.17463
data/IMG/center_2026_08_29_20_20_22_562.jpg,data/IMG/left_2026_08_29_20_20_22_562.jpg,data/IMG/right_2026_08_29_20_20_22_562.jpg,-0.4,1.0,0.0,30.15744
data/IMG/center_2026_08_29_20_20_22_629.jpg,data/IMG/left_2026_08_29_20_20_22_629.jpg,data/IMG/right_2026_08_29_20_20_22_629.jpg,-0.6000001,1.0,0.0,30.13308
data/IMG/center_2026_08_29_20_20_22_697.jpg,data/IMG/left_2026_08_29_20_20_22_697.jpg,data/IMG/right_2026_08_29_20_20_22_697.jpg,-0.7500002,1.0,0.0,30.11469
data/IMG/center_2026_08_29_20_20_23_105.jpg,data/IMG/left_2026_08_29_20_20_23_105.jpg,data/IMG/right_2026_08_29_20_20_23_105.jpg,-0.15,1.0,0.0,30.18492
data/IMG/center_2026_08_29_20_20_23_173.jpg,data/IMG/left_2026_08_29_20_20_23_173.jpg,data/IMG/right_2026_08_29_20_20_23_173.jpg,-0.3,1.0,0.0,30.17033
data/IMG/center_2026_08_29_20_20_23_240.jpg,data/IMG/left_2026_08_29_20_20_23_240.jpg,data/IMG/right_2026_08_29_20_20_23_240.jpg,-0.45,1.0,0.0,30.15201
data/IMG/center_2026_08_29_20_20_23_307.jpg,data/IMG/left_2026_08_29_20_20_23_307.jpg,data/IMG/right_2026_08_29_20_20_23_307.jpg,-0.6500001,1.0,0.0,30.12632
data/IMG/center_2026_08_29_20_20_23_376.jpg,data/IMG/left_2026_08_29_20_20_23_376.jpg,data/IMG/right_2026_08_29_20_20_23_376.jpg,-0.8000001,1.0,0.0,30.11002
data/IMG/center_2026_08_29_20_20_23_784.jpg,data/IMG/left_2026_08_29_20_20_23_784.jpg,data/IMG/right_2026_08_29_20_20_23_784.jpg,-0.1,1.0,0.0,30.19076
data/IMG/center_2026_08_29_20_20_23_853.jpg,data/IMG/left_2026_08_29_20_20_23_853.jpg,data/IMG/right_2026_08_29_20_20_23_853.jpg,-0.25,1.0,0.0,30.17597
data/IMG/center_2026_08_29_20_20_23_920.jpg,data/IMG/left_2026_08_29_20_20_23_920.jpg,data/IMG/right_2026_08_29_20_20_23_920.jpg,-0.4,1.0,0.0,30.15764
data/IMG/center_2026_08_29_20_20_23_987.jpg,data/IMG/left_2026_08_29_20_20_23_987.jpg,data/IMG/right_2026_08_29_20_20_23_987.jpg,-0.6000001,1.0,0.0,30.13327
data/IMG/center_2026_08_29_20_20_24_056.jpg,data/IMG/left_2026_08_29_20_20_24_056.jpg,data/IMG/right_2026_08_29_20_20_24_056.jpg,-0.7500002,1.0,0.0,30.11439
data/IMG/center_2026_08_29_20_20_24_471.jpg,data/IMG/left_2026_08_29_20_20_24_471.jpg,data/IMG/right_2026_08_29_20_20_24_471.jpg,-0.05,1.0,0.0,30.19003
data/IMG/center_2026_08_29_20_20_24_537.jpg,data/IMG/left_2026_08_29_20_20_24_537.jpg,data/IMG/right_2026_08_29_20_20_24_537.jpg,-0.2,1.0,0.0,30.18176
data/IMG/center_2026_08_29_20_20_24_605.jpg,data/IMG/left_2026_08_29_20_20_24_605.jpg,data/IMG/right_2026_08_29_20_20_24_605.jpg,-0.4,1.0,0.0,30.15878
data/IMG/center_2026_08_29_20_20_24_675.jpg,data/IMG/left_2026_08_29_20_20_24_675.jpg,data/IMG/right_2026_08_29_20_20_24_675.jpg,-0.5500001,1.0,0.0,30.14009
data/IMG/center_2026_08_29_20_20_24_742.jpg,data/IMG/left_2026_08_29_20_20_24_742.jpg,data/IMG/right_2026_08_29_20_20_24_742.jpg,-0.7,1.0,0.0,30.1216
data/IMG/center_2026_08_29_20_20_24_950.jpg,data/IMG/left_2026_08_29_20_20_24_950.jpg,data/IMG/right_2026_08_29_20_20_24_950.jpg,-0.1,1.0,0.0,30.19052
data/IMG/center_2026_08_29_20_20_25_019.jpg,data/IMG/left_2026_08_29_20_20_25_019.jpg,data/IMG/right_2026_08_29_20_20_25_019.jpg,-0.25,1.0,0.0,30.17903
data/IMG/center_2026_08_29_20_20_25_089.jpg,data/IMG/left_2026_08_29_20_20_25_089.jpg,data/IMG/right_2026_08_29_20_20_25_089.jpg,-0.45,1.0,0.0,30.15527
data/IMG/center_2026_08_29_20_20_25_156.jpg,data/IMG/left_2026_08_29_20_20_25_156.jpg,data/IMG/right_2026_08_29_20_20_25_156.jpg,-0.6000001,1.0,0.0,30.13582
data/IMG/center_2026_08_29_20_20_27_431.jpg,data/IMG/left_2026_08_29_20_20_27_431.jpg,data/IMG/right_2026_08_29_20_20_27_431.jpg,0.0,1.0,0.0,30.19028
data/IMG/center_2026_08_29_20_20_29_995.jpg,data/IMG/left_2026_08_29_20_20_29_995.jpg,data/IMG/right_2026_08_29_20_20_29_995.jpg,0.0,1.0,0.0,30.19027
data/IMG/center_2026_08_29_20_20_30_271.jpg,data/IMG/left_2026_08_29_20_20_30_271.jpg,data/IMG/right_2026_08_29_20_20_30_271.jpg,0.0,1.0,0.0,30.19031
data/IMG/center_2026_08_29_20_20_30_338.jpg,data/IMG/left_2026_08_29_20_20_30_338.jpg,data/IMG/right_2026_08_29_20_20_30_338.jpg,0.05,1.0,0.0,30.18971
data/IMG/center_2026_08_29_20_20_30_408.jpg,data/IMG/left_2026_08_29_20_20_30_408.jpg,data/IMG/right_2026_08_29_20_20_30_408.jpg,0.25,1.0,0.0,30.17497
data/IMG/center_2026_08_29_20_20_30_478.jpg,data/IMG/left_2026_08_29_20_20_30_478.jpg,data/IMG/right_2026_08_29_20_20_30_478.jpg,0.4,1.0,0.0,30.15754
data/IMG/center_2026_08_29_20_20_30_547.jpg,data/IMG/left_2026_08_29_20_20_30_547.jpg,data/IMG/right_2026_08_29_20_20_30_547.jpg,0.6000001,1.0,0.0,30.13316
data/IMG/center_2026_08_29_20_20_31_503.jpg,data/IMG/left_2026_08_29_20_20_31_503.jpg,data/IMG/right_2026_08_29_20_20_31_503.jpg,0.1,1.0,0.0,30.18751
data/IMG/center_2026_08_29_20_20_31_570.jpg,data/IMG/left_2026_08_29_20_20_31_570.jpg,data/IMG/right_2026_08_29_20_20_31_570.jpg,0.25,1.0,0.0,30.17469
data/IMG/center_2026_08_29_20_20_31_637.jpg,data/IMG/left_2026_08_29_20_20_31_637.jpg,data/IMG/right_2026_08_29_20_20_31_637.jpg,0.4,1.0,0.0,30.15746
data/IMG/center_2026_08_29_20_20_31_707.jpg,data/IMG/left_2026_08_29_20_20_31_707.jpg,data/IMG/right_2026_08_29_20_20_31_707.jpg,0.6000001,1.0,0.0,30.13316
data/IMG/center_2026_08_29_20_20_32_392.jpg,data/IMG/left_2026_08_29_20_20_32_392.jpg,data/IMG/right_2026_08_29_20_20_32_392.jpg,0.15,1.0,0.0,30.18423
data/IMG/center_2026_08_29_20_20_32_459.jpg,data/IMG/left_2026_08_29_20_20_32_459.jpg,data/IMG/right_2026_08_29_20_20_32_459.jpg,0.3,1.0,0.0,30.16922
data/IMG/center_2026_08_29_20_20_32_528.jpg,data/IMG/left_2026_08_29_20_20_32_528.jpg,data/IMG/right_2026_08_29_20_20_32_528.jpg,0.5000001,1.0,0.0,30.14523
data/IMG/center_2026_08_29_20_20_32_595.jpg,data/IMG/left_2026_08_29_20_20_32_595.jpg,data/IMG/right_2026_08_29_20_20_32_595.jpg,0.6500001,1.0,0.0,30.12685
data/IMG/center_2026_08_29_20_20_33_004.jpg,data/IMG/left_2026_08_29_20_20_33_004.jpg,data/IMG/right_2026_08_29_20_20_33_004.jpg,0.05,1.0,0.0,30.18995
data/IMG/center_2026_08_29_20_20_33_071.jpg,data/IMG/left_2026_08_29_20_20_33_071.jpg,data/IMG/right_2026_08_29_20_20_33_071.jpg,0.2,1.0,0.0,30.18085
data/IMG/center_2026_08_29_20_20_33_138.jpg,data/IMG/left_2026_08_29_20_20_33_138.jpg,data/IMG/right_2026_08_29_20_20_33_138.jpg,0.35,1.0,0.0,30.16438
data/IMG/center_2026_08_29_20_20_33_207.jpg,data/IMG/left_2026_08_29_20_20_33_207.jpg,data/IMG/right_2026_08_29_20_20_33_207.jpg,0.5500001,1.0,0.0,30.1394
data/IMG/center_2026_08_29_20_20_33_276.jpg,data/IMG/left_2026_08_29_20_20_33_276.jpg,data/IMG/right_2026_08_29_20_20_33_276.jpg,0.7,1.0,0.0,30.12134
data/IMG/center_2026_08_29_20_20_33_345.jpg,data/IMG/left_2026_08_29_20_20_33_345.jpg,data/IMG/right_2026_08_29_20_20_33_345.jpg,0.9000002,1.0,0.0,30.101
data/IMG/center_2026_08_29_20_20_33_551.jpg,data/IMG/left_2026_08_29_20_20_33_551.jpg,data/IMG/right_2026_08_29_20_20_33_551.jpg,0.1,1.0,0.0,30.19192
data/IMG/center_2026_08_29_20_20_33_619.jpg,data/IMG/left_2026_08_29_20_20_33_619.jpg,data/IMG/right_2026_08_29_20_20_33_619.jpg,0.25,1.0,0.0,30.18326
data/IMG/center_2026_08_29_20_20_33_687.jpg,data/IMG/left_2026_08_29_20_20_33_687.jpg,data/IMG/right_2026_08_29_20_20_33_687.jpg,0.45,1.0,0.0,30.15886
data/IMG/center_2026_08_29_20_20_33_756.jpg,data/IMG/left_2026_08_29_20_20_33_756.jpg,data/IMG/right_2026_08_29_20_20_33_756.jpg,0.6000001,1.0,0.0,30.138
data/IMG/center_2026_08_29_20_20_34_161.jpg,data/IMG/left_2026_08_29_20_20_34_161.jpg,data/IMG/right_2026_08_29_20_20_34_161.jpg,0.1,1.0,0.0,30.18846
data/IMG/center_2026_08_29_20_20_34_230.jpg,data/IMG/left_2026_08_29_20_20_34_230.jpg,data/IMG/right_2026_08_29_20_20_34_230.jpg,0.3,1.0,0.0,30.1702
data/IMG/center_2026_08_29_20_20_34_298.jpg,data/IMG/left_2026_08_29_20_20_34_298.jpg,data/IMG/right_2026_08_29_20_20_34_298.jpg,0.45,1.0,0.0,30.15211
data/IMG/center_2026_08_29_20_20_34_365.jpg,data/IMG/left_2026_08_29_20_20_34_365.jpg,data/IMG/right_2026_08_29_20_20_34_365.jpg,0.6500001,1.0,0.0,30.12748
data/IMG/center_2026_08_29_20_20_34_434.jpg,data/IMG/left_2026_08_29_20_20_34_434.jpg,data/IMG/right_2026_08_29_20_20_34_434.jpg,0.8000001,1.0,0.0,30.11034
data/IMG/center_2026_08_29_20_20_34_844.jpg,data/IMG/left_2026_08_29_20_20_34_844.jpg,data/IMG/right_2026_08_29_20_20_34_844.jpg,0.2,1.0,0.0,30.18091
data/IMG/center_2026_08_29_20_20_34_913.jpg,data/IMG/left_2026_08_29_20_20_34_913.jpg,data/IMG/right_2026_08_29_20_20_34_913.jpg,0.35,1.0,0.0,30.16468
data/IMG/center_2026_08_29_20_20_34_981.jpg,data/IMG/left_2026_08_29_20_20_34_981.jpg,data/IMG/right_2026_08_29_20_20_34_981.jpg,0.5000001,1.0,0.0,30.14619
data/IMG/center_2026_08_29_20_20_35_728.jpg,data/IMG/left_2026_08_29_20_20_35_728.jpg,data/IMG/right_2026_08_29_20_20_35_728.jpg,0.1,1.0,0.0,30.18769
data/IMG/center_2026_08_29_20_20_35_795.jpg,data/IMG/left_2026_08_29_20_20_35_795.jpg,data/IMG/right_2026_08_29_20_20_35_795.jpg,0.25,1.0,0.0,30.17473
data/IMG/center_2026_08_29_20_20_35_864.jpg,data/IMG/left_2026_08_29_20_20_35_864.jpg,data/IMG/right_2026_08_29_20_20_35_864.jpg,0.45,1.0,0.0,30.15138
data/IMG/center_2026_08_29_20_20_35_930.jpg,data/IMG/left_2026_08_29_20_20_35_930.jpg,data/IMG/right_2026_08_29_20_20_35_930.jpg,0.6000001,1.0,0.0,30.13276
data_track2/IMG/center_2026_08_30_02_28_02_390.jpg,data_track2/IMG/left_2026_08_30_02_28_02_390.jpg,data_track2/IMG/right_2026_08_30_02_28_02_390.jpg,-0.1,1.0,0.0,30.18776
data_track2/IMG/center_2026_08_30_02_27_31_894.jpg,data_track2/IMG/left_2026_08_30_02_27_31_894.jpg,data_track2/IMG/right_2026_08_30_02_27_31_894.jpg,-1.0,0.0,0.4892911,19.72189
data_track2/IMG/center_2026_08_30_02_27_56_087.jpg,data_track2/IMG/left_2026_08_30_02_27_56_087.jpg,data_track2/IMG/right_2026_08_30_02_27_56_087.jpg,0.5500001,1.0,0.0,25.69378
data_track2/IMG/center_2026_08_30_02_27_30_115.jpg,data_track2/IMG/left_2026_08_30_02_27_30_115.jpg,data_track2/IMG/right_2026_08_30_02_27_30_115.jpg,0.05,0.6829028,0.0,29.70539
data_track2/IMG/center_2026_08_30_02_27_46_143.jpg,data_track2/IMG/left_2026_08_30_02_27_46_143.jpg,data_track2/IMG/right_2026_08_30_02_27_46_143.jpg,0.4,0.1962911,0.0,21.43703
data_track2/IMG/center_2026_08_30_02_28_24_603.jpg,data_track2/IMG/left_2026_08_30_02_28_24_603.jpg,data_track2/IMG/right_2026_08_30_02_28_24_603.jpg,-1.0,1.0,0.0,20.76514
data_track2/IMG/center_2026_08_30_02_27_49_174.jpg,data_track2/IMG/left_2026_08_30_02_27_49_174.jpg,data_track2/IMG/right_2026_08_30_02_27_49_174.jpg,-0.4,0.0,0.0,15.29455
data_track2/IMG/center_2026_08_30_02_28_57_717.jpg,data_track2/IMG/left_2026_08_30_02_28_57_717.jpg,data_track2/IMG/right_2026_08_30_02_28_57_717.jpg,0.4,1.0,0.0,29.3258
data_track2/IMG/center_2026_08_30_02_26_57_499.jpg,data_track2/IMG/left_2026_08_30_02_26_57_499.jpg,data_track2/IMG/right_2026_08_30_02_26_57_499.jpg,0.1,0.7278332,0.0,19.95465
data_track2/IMG/center_2026_08_30_02_27_12_111.jpg,data_track2/IMG/left_2026_08_30_02_27_12_111.jpg,data_track2/IMG/right_2026_08_30_02_27_12_111.jpg,0.25,1.0,0.0,23.09189
data_track2/IMG/center_2026_08_30_02_27_11_065.jpg,data_track2/IMG/left_2026_08_30_02_27_11_065.jpg,data_track2/IMG/right_2026_08_30_02_27_11_065.jpg,-0.35,0.0,0.0,22.79979
data_track2/IMG/center_2026_08_30_02_27_23_168.jpg,data_track2/IMG/left_2026_08_30_02_27_23_168.jpg,data_track2/IMG/right_2026_08_30_02_27_23_168.jpg,0.45,0.0,1.0,24.77178
data_track2/IMG/center_2026_08_30_02_27_56_223.jpg,data_track2/IMG/left_2026_08_30_02_27_56_223.jpg,data_track2/IMG/right_2026_08_30_02_27_56_223.jpg,0.8500001,1.0,0.0,26.46955
data_track2/IMG/center_2026_08_30_02_28_20_620.jpg,data_track2/IMG/left_2026_08_30_02_28_20_620.jpg,data_track2/IMG/right_2026_08_30_02_28_20_620.jpg,-0.5000001,1.0,0.0,30.19231
data_track2/IMG/center_2026_08_30_02_27_50_840.jpg,data_track2/IMG/left_2026_08_30_02_27_50_840.jpg,data_track2/IMG/right_2026_08_30_02_27_50_840.jpg,-0.3,0.9830103,0.0,15.13387
data_track2/IMG/center_2026_08_30_02_27_14_049.jpg,data_track2/IMG/left_2026_08_30_02_27_14_049.jpg,data_track2/IMG/right_2026_08_30_02_27_14_049.jpg,-0.8500001,0.0,0.0,25.21487
data_track2/IMG/center_2026_08_30_02_27_57_930.jpg,data_track2/IMG/left_2026_08_30_02_27_57_930.jpg,data_track2/IMG/right_2026_08_30_02_27_57_930.jpg,0.5000001,0.0,0.0,26.11376
data_track2/IMG/center_2026_08_30_02_27_28_217.jpg,data_track2/IMG/left_2026_08_30_02_27_28_217.jpg,data_track2/IMG/right_2026_08_30_02_27_28_217.jpg,0.2,0.0,0.0,26.0997
data_track2/IMG/center_2026_08_30_02_27_31_076.jpg,data_track2/IMG/left_2026_08_30_02_27_31_076.jpg,data_track2/IMG/right_2026_08_30_02_27_31_076.jpg,-0.05,0.6623522,0.0,24.90821
data_track2/IMG/center_2026_08_30_02_28_29_870.jpg,data_track2/IMG/left_2026_08_30_02_28_29_870.jpg,data_track2/IMG/right_2026_08_30_02_28_29_870.jpg,0.1,0.8856907,0.0,28.3605
data_track2/IMG/center_2026_08_30_02_27_13_634.jpg,data_track2/IMG/left_2026_08_30_02_27_13_634.jpg,data_track2/IMG/right_2026_08_30_02_27_13_634.jpg,-0.5000001,0.0,0.0,26.88101
data_track2/IMG/center_2026_08_30_02_28_43_234.jpg,data_track2/IMG/left_2026_08_30_02_28_43_234.jpg,data_track2/IMG/right_2026_08_30_02_28_43_234.jpg,0.5000001,0.0,0.0,27.56272
data_track2/IMG/center_2026_08_30_02_28_23_224.jpg,data_track2/IMG/left_2026_08_30_02_28_23_224.jpg,data_track2/IMG/right_2026_08_30_02_28_23_224.jpg,-0.35,0.5882517,0.0,18.01552
data_track2/IMG/center_2026_08_30_02_27_25_267.jpg,data_track2/IMG/left_2026_08_30_02_27_25_267.jpg,data_track2/IMG/right_2026_08_30_02_27_25_267.jpg,0.5000001,0.09228623,0.0,26.77937
data_track2/IMG/center_2026_08_30_02_27_53_300.jpg,data_track2/IMG/left_2026_08_30_02_27_53_300.jpg,data_track2/IMG/right_2026_08_30_02_27_53_300.jpg,-0.8500001,0.0,0.0,29.3676
data_track2/IMG/center_2026_08_30_02_27_48_689.jpg,data_track2/IMG/left_2026_08_30_02_27_48_689.jpg,data_track2/IMG/right_2026_08_30_02_27_48_689.jpg,-1.0,0.0,0.5677359,19.32107
data_track2/IMG/center_2026_08_30_02_27_14_815.jpg,data_track2/IMG/left_2026_08_30_02_27_14_815.jpg,data_track2/IMG/right_2026_08_30_02_27_14_815.jpg,-0.05,0.3113129,0.0,22.49188
data_track2/IMG/center_2026_08_30_02_27_03_889.jpg,data_track2/IMG/left_2026_08_30_02_27_03_889.jpg,data_track2/IMG/right_2026_08_30_02_27_03_889.jpg,0.05,1.0,0.0,30.11178
data_track2/IMG/center_2026_08_30_02_28_43_097.jpg,data_track2/IMG/left_2026_08_30_02_28_43_097.jpg,data_track2/IMG/right_2026_08_30_02_28_43_097.jpg,0.15,0.1625608,0.0,27.3135
data_track2/IMG/center_2026_08_30_02_28_52_464.jpg,data_track2/IMG/left_2026_08_30_02_28_52_464.jpg,data_track2/IMG/right_2026_08_30_02_28_52_464.jpg,-0.7,0.8247782,0.0,26.21699
data_track2/IMG/center_2026_08_30_02_28_30_150.jpg,data_track2/IMG/left_2026_08_30_02_28_30_150.jpg,data_track2/IMG/right_2026_08_30_02_28_30_150.jpg,0.8000001,0.4024092,0.0,29.73815
data_track2/IMG/center_2026_08_30_02_28_18_072.jpg,data_track2/IMG/left_2026_08_30_02_28_18_072.jpg,data_track2/IMG/right_2026_08_30_02_28_18_072.jpg,0.5500001,0.0,0.9381851,21.67621
data_track2/IMG/center_2026_08_30_02_27_03_412.jpg,data_track2/IMG/left_2026_08_30_02_27_03_412.jpg,data_track2/IMG/right_2026_08_30_02_27_03_412.jpg,0.35,1.0,0.0,30.23879
data_track2/IMG/center_2026_08_30_02_28_41_711.jpg,data_track2/IMG/left_2026_08_30_02_28_41_711.jpg,data_track2/IMG/right_2026_08_30_02_28_41_711.jpg,-0.45,0.0,0.0,23.64598
data_track2/IMG/center_2026_08_30_02_28_25_365.jpg,data_track2/IMG/left_2026_08_30_02_28_25_365.jpg,data_track2/IMG/right_2026_08_30_02_28_25_365.jpg,-1.0,0.2211791,0.0,25.91435
data_track2/IMG/center_2026_08_30_02_27_26_154.jpg,data_track2/IMG/left_2026_08_30_02_27_26_154.jpg,data_track2/IMG/right_2026_08_30_02_27_26_154.jpg,0.45,0.0,0.0,25.39379
data_track2/IMG/center_2026_08_30_02_27_25_540.jpg,data_track2/IMG/left_2026_08_30_02_27_25_540.jpg,data_track2/IMG/right_2026_08_30_02_27_25_540.jpg,1.0,0.0,0.0,25.76694
data_track2/IMG/center_2026_08_30_02_28_12_550.jpg,data_track2/IMG/left_2026_08_30_02_28_12_550.jpg,data_track2/IMG/right_2026_08_30_02_28_12_550.jpg,-0.35,0.6885899,0.0,19.24062
data_track2/IMG/center_2026_08_30_02_27_15_090.jpg,data_track2/IMG/left_2026_08_30_02_27_15_090.jpg,data_track2/IMG/right_2026_08_30_02_27_15_090.jpg,-0.7500002,0.9450487,0.0,23.946
data_track2/IMG/center_2026_08_30_02_28_35_660.jpg,data_track2/IMG/left_2026_08_30_02_28_35_660.jpg,data_track2/IMG/right_2026_08_30_02_28_35_660.jpg,0.0,1.0,0.0,30.1446
data_track2/IMG/center_2026_08_30_02_27_08_527.jpg,data_track2/IMG/left_2026_08_30_02_27_08_527.jpg,data_track2/IMG/right_2026_08_30_02_27_08_527.jpg,1.0,0.9379033,0.0,30.09875
data_track2/IMG/center_2026_08_30_02_27_50_493.jpg,data_track2/IMG/left_2026_08_30_02_27_50_493.jpg,data_track2/IMG/right_2026_08_30_02_27_50_493.jpg,-1.0,0.0,0.0,14.39579
data_track2/IMG/center_2026_08_30_02_27_56_154.jpg,data_track2/IMG/left_2026_08_30_02_27_56_154.jpg,data_track2/IMG/right_2026_08_30_02_27_56_154.jpg,0.7,1.0,0.0,26.10743
data_track2/IMG/center_2026_08_30_02_27_46_559.jpg,data_track2/IMG/left_2026_08_30_02_27_46_559.jpg,data_track2/IMG/right_2026_08_30_02_27_46_559.jpg,-0.4,0.1324967,0.0,24.2955
data_track2/IMG/center_2026_08_30_02_27_23_370.jpg,data_track2/IMG/left_2026_08_30_02_27_23_370.jpg,data_track2/IMG/right_2026_08_30_02_27_23_370.jpg,0.9500002,0.0,0.778579,22.13
data_track2/IMG/center_2026_08_30_02_27_46_073.jpg,data_track2/IMG/left_2026_08_30_02_27_46_073.jpg,data_track2/IMG/right_2026_08_30_02_27_46_073.jpg,0.25,0.3804641,0.0,20.88252
data_track2/IMG/center_2026_08_30_02_27_38_192.jpg,data_track2/IMG/left_2026_08_30_02_27_38_192.jpg,data_track2/IMG/right_2026_08_30_02_27_38_192.jpg,0.25,0.471522,0.0,19.79357
data_track2/IMG/center_2026_08_30_02_26_54_505.jpg,data_track2/IMG/left_2026_08_30_02_26_54_505.jpg,data_track2/IMG/right_2026_08_30_02_26_54_505.jpg,0.4,0.8267171,0.0,30.10925
data_track2/IMG/center_2026_08_30_02_27_38_602.jpg,data_track2/IMG/left_2026_08_30_02_27_38_602.jpg,data_track2/IMG/right_2026_08_30_02_27_38_602.jpg,0.0,1.0,0.0,22.21008
data_track2/IMG/center_2026_08_30_02_26_57_634.jpg,data_track2/IMG/left_2026_08_30_02_26_57_634.jpg,data_track2/IMG/right_2026_08_30_02_26_57_634.jpg,0.45,0.3105061,0.0,20.64272
data_track2/IMG/center_2026_08_30_02_27_57_179.jpg,data_track2/IMG/left_2026_08_30_02_27_57_179.jpg,data_track2/IMG/right_2026_08_30_02_27_57_179.jpg,0.9000002,0.2793849,0.0,28.90929
data_track2/IMG/center_2026_08_30_02_27_07_221.jpg,data_track2/IMG/left_2026_08_30_02_27_07_221.jpg,data_track2/IMG/right_2026_08_30_02_27_07_221.jpg,0.5000001,1.0,0.0,30.13461
data_track2/IMG/center_2026_08_30_02_28_45_036.jpg,data_track2/IMG/left_2026_08_30_02_28_45_036.jpg,data_track2/IMG/right_2026_08_30_02_28_45_036.jpg,-0.7,1.0,0.0,30.12109
data_track2/IMG/center_2026_08_30_02_28_40_818.jpg,data_track2/IMG/left_2026_08_30_02_28_40_818.jpg,data_track2/IMG/right_2026_08_30_02_28_40_818.jpg,1.0,0.0,0.0,23.4683
data_track2/IMG/center_2026_08_30_02_27_30_662.jpg,data_track2/IMG/left_2026_08_30_02_27_30_662.jpg,data_track2/IMG/right_2026_08_30_02_27_30_662.jpg,0.0,0.2999521,0.0,25.7857
data_track2/IMG/center_2026_08_30_02_27_38_259.jpg,data_track2/IMG/left_2026_08_30_02_27_38_259.jpg,data_track2/IMG/right_2026_08_30_02_27_38_259.jpg,0.4,0.6512729,0.0,20.0028
data_track2/IMG/center_2026_08_30_02_27_14_329.jpg,data_track2/IMG/left_2026_08_30_02_27_14_329.jpg,data_track2/IMG/right_2026_08_30_02_27_14_329.jpg,-0.15,0.0,0.0,23.87642
data_track2/IMG/center_2026_08_30_02_27_52_758.jpg,data_track2/IMG/left_2026_08_30_02_27_52_758.jpg,data_track2/IMG/right_2026_08_30_02_27_52_758.jpg,0.5000001,0.0,0.0,29.35163
data_track2/IMG/center_2026_08_30_02_27_18_462.jpg,data_track2/IMG/left_2026_08_30_02_27_18_462.jpg,data_track2/IMG/right_2026_08_30_02_27_18_462.jpg,0.4,0.07111502,0.0,24.88142
data_track2/IMG/center_2026_08_30_02_28_15_056.jpg,data_track2/IMG/left_2026_08_30_02_28_15_056.jpg,data_track2/IMG/right_2026_08_30_02_28_15_056.jpg,-1.0,0.4758788,0.0,29.95992
data_track2/IMG/center_2026_08_30_02_28_17_443.jpg,data_track2/IMG/left_2026_08_30_02_28_17_443.jpg,data_track2/IMG/right_2026_08_30_02_28_17_443.jpg,-1.0,0.4134581,0.0,28.25143
data_track2/IMG/center_2026_08_30_02_28_52_740.jpg,data_track2/IMG/left_2026_08_30_02_28_52_740.jpg,data_track2/IMG/right_2026_08_30_02_28_52_740.jpg,-0.15,0.5106118,0.0,26.82731
data_track2/IMG/center_2026_08_30_02_28_37_853.jpg,data_track2/IMG/left_2026_08_30_02_28_37_853.jpg,data_track2/IMG/right_2026_08_30_02_28_37_853.jpg,-0.3,1.0,0.0,26.38561
data_track2/IMG/center_2026_08_30_02_28_15_123.jpg,data_track2/IMG/left_2026_08_30_02_28_15_123.jpg,data_track2/IMG/right_2026_08_30_02_28_15_123.jpg,-1.0,0.2988698,0.0,29.83005
data_track2/IMG/center_2026_08_30_02_27_32_369.jpg,data_track2/IMG/left_2026_08_30_02_27_32_369.jpg,data_track2/IMG/right_2026_08_30_02_27_32_369.jpg,-0.6500001,0.399534,0.0,15.1891
data_track2/IMG/center_2026_08_30_02_27_13_497.jpg,data_track2/IMG/left_2026_08_30_02_27_13_497.jpg,data_track2/IMG/right_2026_08_30_02_27_13_497.jpg,-0.15,0.0,0.0,27.38209
data_track2/IMG/center_2026_08_30_02_27_21_942.jpg,data_track2/IMG/left_2026_08_30_02_27_21_942.jpg,data_track2/IMG/right_2026_08_30_02_27_21_942.jpg,-0.7500002,0.0,0.0,29.39686
data_track2/IMG/center_2026_08_30_02_28_08_589.jpg,data_track2/IMG/left_2026_08_30_02_28_08_589.jpg,data_track2/IMG/right_2026_08_30_02_28_08_589.jpg,-0.45,1.0,0.0,29.56401
data_track2/IMG/center_2026_08_30_02_28_05_708.jpg,data_track2/IMG/left_2026_08_30_02_28_05_708.jpg,data_track2/IMG/right_2026_08_30_02_28_05_708.jpg,-0.6000001,0.0,1.0,24.92296
data_track2/IMG/center_2026_08_30_02_27_09_826.jpg,data_track2/IMG/left_2026_08_30_02_27_09_826.jpg,data_track2/IMG/right_2026_08_30_02_27_09_826.jpg,-1.0,0.0,0.0,27.90819
data_track2/IMG/center_2026_08_30_02_27_34_534.jpg,data_track2/IMG/left_2026_08_30_02_27_34_534.jpg,data_track2/IMG/right_2026_08_30_02_27_34_534.jpg,0.35,0.7197127,0.0,19.96262
data_track2/IMG/center_2026_08_30_02_27_51_046.jpg,data_track2/IMG/left_2026_08_30_02_27_51_046.jpg,data_track2/IMG/right_2026_08_30_02_27_51_046.jpg,-0.8500001,1.0,0.0,17.41315
data_track2/IMG/center_2026_08_30_02_27_07_432.jpg,data_track2/IMG/left_2026_08_30_02_27_07_432.jpg,data_track2/IMG/right_2026_08_30_02_27_07_432.jpg,0.1,1.0,0.0,30.45282
data_track2/IMG/center_2026_08_30_02_28_23_774.jpg,data_track2/IMG/left_2026_08_30_02_28_23_774.jpg,data_track2/IMG/right_2026_08_30_02_28_23_774.jpg,-1.0,0.2738911,0.0,18.41486
data_track2/IMG/center_2026_08_30_02_27_59_878.jpg,data_track2/IMG/left_2026_08_30_02_27_59_878.jpg,data_track2/IMG/right_2026_08_30_02_27_59_878.jpg,0.25,1.0,0.0,17.86208
data_track2/IMG/center_2026_08_30_02_27_41_525.jpg,data_track2/IMG/left_2026_08_30_02_27_41_525.jpg,data_track2/IMG/right_2026_08_30_02_27_41_525.jpg,0.1,0.06717324,0.0,25.15688
data_track2/IMG/center_2026_08_30_02_28_22_879.jpg,data_track2/IMG/left_2026_08_30_02_28_22_879.jpg,data_track2/IMG/right_2026_08_30_02_28_22_879.jpg,-0.5000001,0.0,1.0,20.81023
data_track2/IMG/center_2026_08_30_02_28_43_164.jpg,data_track2/IMG/left_2026_08_30_02_28_43_164.jpg,data_track2/IMG/right_2026_08_30_02_28_43_164.jpg,0.3,0.0,0.0,27.41642
data_track2/IMG/center_2026_08_30_02_28_36_819.jpg,data_track2/IMG/left_2026_08_30_02_28_36_819.jpg,data_track2/IMG/right_2026_08_30_02_28_36_819.jpg,-1.0,0.0,0.9343899,23.64066
data_track2/IMG/center_2026_08_30_02_27_44_746.jpg,data_track2/IMG/left_2026_08_30_02_27_44_746.jpg,data_track2/IMG/right_2026_08_30_02_27_44_746.jpg,0.5500001,0.0,0.8101511,17.93166
data_track2/IMG/center_2026_08_30_02_26_59_254.jpg,data_track2/IMG/left_2026_08_30_02_26_59_254.jpg,data_track2/IMG/right_2026_08_30_02_26_59_254.jpg,0.2,1.0,0.0,29.85242
data_track2/IMG/center_2026_08_30_02_26_58_239.jpg,data_track2/IMG/left_2026_08_30_02_26_58_239.jpg,data_track2/IMG/right_2026_08_30_02_26_58_239.jpg,0.9500002,0.6091357,0.0,21.43743
data_track2/IMG/center_2026_08_30_02_28_54_132.jpg,data_track2/IMG/left_2026_08_30_02_28_54_132.jpg,data_track2/IMG/right_2026_08_30_02_28_54_132.jpg,-1.0,0.7643021,0.0,30.06564
data_track2/IMG/center_2026_08_30_02_27_10_373.jpg,data_track2/IMG/left_2026_08_30_02_27_10_373.jpg,data_track2/IMG/right_2026_08_30_02_27_10_373.jpg,-0.6000001,0.0,0.0,25.77322
data_track2/IMG/center_2026_08_30_02_27_10_781.jpg,data_track2/IMG/left_2026_08_30_02_27_10_781.jpg,data_track2/IMG/right_2026_08_30_02_27_10_781.jpg,-1.0,0.0,0.0,23.67935
data_track2/IMG/center_2026_08_30_02_27_05_826.jpg,data_track2/IMG/left_2026_08_30_02_27_05_826.jpg,data_track2/IMG/right_2026_08_30_02_27_05_826.jpg,0.3,1.0,0.0,29.89857
data_track2/IMG/center_2026_08_30_02_27_38_396.jpg,data_track2/IMG/left_2026_08_30_02_27_38_396.jpg,data_track2/IMG/right_2026_08_30_02_27_38_396.jpg,0.7500002,1.0,0.0,20.78036
data_track2/IMG/center_2026_08_30_02_28_00_716.jpg,data_track2/IMG/left_2026_08_30_02_28_00_716.jpg,data_track2/IMG/right_2026_08_30_02_28_00_716.jpg,-0.05,1.0,0.0,21.63101
data_track2/IMG/center_2026_08_30_02_27_10_992.jpg,data_track2/IMG/left_2026_08_30_02_27_10_992.jpg,data_track2/IMG/right_2026_08_30_02_27_10_992.jpg,-0.15,0.0,0.0,22.95711
data_track2/IMG/center_2026_08_30_02_28_46_896.jpg,data_track2/IMG/left_2026_08_30_02_28_46_896.jpg,data_track2/IMG/right_2026_08_30_02_28_46_896.jpg,0.5500001,0.1947148,0.0,22.38025
data_track2/IMG/center_2026_08_30_02_27_22_352.jpg,data_track2/IMG/left_2026_08_30_02_27_22_352.jpg,data_track2/IMG/right_2026_08_30_02_27_22_352.jpg,-0.2,0.0,0.0,29.16944
data_track2/IMG/center_2026_08_30_02_27_29_981.jpg,data_track2/IMG/left_2026_08_30_02_27_29_981.jpg,data_track2/IMG/right_2026_08_30_02_27_29_981.jpg,0.45,1.0,0.0,28.79806
data_track2/IMG/center_2026_08_30_02_28_35_864.jpg,data_track2/IMG/left_2026_08_30_02_28_35_864.jpg,data_track2/IMG/right_2026_08_30_02_28_35_864.jpg,-0.15,1.0,0.0,30.02772
data_track2/IMG/center_2026_08_30_02_27_06_241.jpg,data_track2/IMG/left_2026_08_30_02_27_06_241.jpg,data_track2/IMG/right_2026_08_30_02_27_06_241.jpg,0.45,1.0,0.0,29.97536
data_track2/IMG/center_2026_08_30_02_28_12_686.jpg,data_track2/IMG/left_2026_08_30_02_28_12_686.jpg,data_track2/IMG/right_2026_08_30_02_28_12_686.jpg,-0.7,1.0,0.0,20.36737
data_track2/IMG/center_2026_08_30_02_28_09_475.jpg,data_track2/IMG/left_2026_08_30_02_28_09_475.jpg,data_track2/IMG/right_2026_08_30_02_28_09_475.jpg,-0.2,1.0,0.0,30.18091
data_track2/IMG/center_2026_08_30_02_27_50_975.jpg,data_track2/IMG/left_2026_08_30_02_27_50_975.jpg,data_track2/IMG/right_2026_08_30_02_27_50_975.jpg,-0.6500001,1.0,0.0,16.75654
data_track2/IMG/center_2026_08_30_02_27_04_509.jpg,data_track2/IMG/left_2026_08_30_02_27_04_509.jpg,data_track2/IMG/right_2026_08_30_02_27_04_509.jpg,0.8000001,1.0,0.0,30.03941
data_track2/IMG/center_2026_08_30_02_28_05_569.jpg,data_track2/IMG/left_2026_08_30_02_28_05_569.jpg,data_track2/IMG/right_2026_08_30_02_28_05_569.jpg,-0.25,0.0,0.8552341,27.11293
data_track2/IMG/center_2026_08_30_02_26_54_369.jpg,data_track2/IMG/left_2026_08_30_02_26_54_369.jpg,data_track2/IMG/right_2026_08_30_02_26_54_369.jpg,0.05,0.625942,0.0,30.07745
data_track2/IMG/center_2026_08_30_02_27_10_439.jpg,data_track2/IMG/left_2026_08_30_02_27_10_439.jpg,data_track2/IMG/right_2026_08_30_02_27_10_439.jpg,-0.7500002,0.0,0.0,25.46576
data_track2/IMG/center_2026_08_30_02_28_59_703.jpg,data_track2/IMG/left_2026_08_30_02_28_59_703.jpg,data_track2/IMG/right_2026_08_30_02_28_59_703.jpg,0.05,0.982939,0.0,30.19183
data_track2/IMG/center_2026_08_30_02_28_07_290.jpg,data_track2/IMG/left_2026_08_30_02_28_07_290.jpg,data_track2/IMG/right_2026_08_30_02_28_07_290.jpg,0.4,1.0,0.0,24.9602
data_track2/IMG/center_2026_08_30_02_28_18_492.jpg,data_track2/IMG/left_2026_08_30_02_28_18_492.jpg,data_track2/IMG/right_2026_08_30_02_28_18_492.jpg,1.0,0.3309242,0.0,16.6453
data_track2/IMG/center_2026_08_30_02_27_52_417.jpg,data_track2/IMG/left_2026_08_30_02_27_52_417.jpg,data_track2/IMG/right_2026_08_30_02_27_52_417.jpg,0.4,0.5965149,0.0,26.89458
data_track2/IMG/center_2026_08_30_02_28_53_993.jpg,data_track2/IMG/left_2026_08_30_02_28_53_993.jpg,data_track2/IMG/right_2026_08_30_02_28_53_993.jpg,-0.8500001,1.0,0.0,30.108
data_track2/IMG/center_2026_08_30_02_27_53_983.jpg,data_track2/IMG/left_2026_08_30_02_27_53_983.jpg,data_track2/IMG/right_2026_08_30_02_27_53_983.jpg,0.25,0.8055571,0.0,29.21546
data_track2/IMG/center_2026_08_30_02_28_44_892.jpg,data_track2/IMG/left_2026_08_30_02_28_44_892.jpg,data_track2/IMG/right_2026_08_30_02_28_44_892.jpg,-0.35,1.0,0.0,30.16364
data_track2/IMG/center_2026_08_30_02_27_29_915.jpg,data_track2/IMG/left_2026_08_30_02_27_29_915.jpg,data_track2/IMG/right_2026_08_30_02_27_29_915.jpg,0.3,1.0,0.0,28.33507
data_track2/IMG/center_2026_08_30_02_27_27_596.jpg,data_track2/IMG/left_2026_08_30_02_27_27_596.jpg,data_track2/IMG/right_2026_08_30_02_27_27_596.jpg,0.45,0.0,0.0,25.20773
data_track2/IMG/center_2026_08_30_02_26_57_903.jpg,data_track2/IMG/left_2026_08_30_02_26_57_903.jpg,data_track2/IMG/right_2026_08_30_02_26_57_903.jpg,0.1,0.6182792,0.0,20.57322
data_track2/IMG/center_2026_08_30_02_28_25_229.jpg,data_track2/IMG/left_2026_08_30_02_28_25_229.jpg,data_track2/IMG/right_2026_08_30_02_28_25_229.jpg,-0.7500002,0.630706,0.0,26.08264
data_track2/IMG/center_2026_08_30_02_28_13_768.jpg,data_track2/IMG/left_2026_08_30_02_28_13_768.jpg,data_track2/IMG/right_2026_08_30_02_28_13_768.jpg,0.35,1.0,0.0,30.15826
data_track2/IMG/center_2026_08_30_02_27_18_533.jpg,data_track2/IMG/left_2026_08_30_02_27_18_533.jpg,data_track2/IMG/right_2026_08_30_02_27_18_533.jpg,0.6000001,0.3116881,0.0,24.71626
data_track2/IMG/center_2026_08_30_02_28_16_004.jpg,data_track2/IMG/left_2026_08_30_02_28_16_004.jpg,data_track2/IMG/right_2026_08_30_02_28_16_004.jpg,-0.9000002,0.6904988,0.0,28.83894
data_track2/IMG/center_2026_08_30_02_27_20_109.jpg,data_track2/IMG/left_2026_08_30_02_27_20_109.jpg,data_track2/IMG/right_2026_08_30_02_27_20_109.jpg,-0.5500001,0.5021977,0.0,30.02526
data_track2/IMG/center_2026_08_30_02_27_18_393.jpg,data_track2/IMG/left_2026_08_30_02_27_18_393.jpg,data_track2/IMG/right_2026_08_30_02_27_18_393.jpg,0.25,0.0,0.0,25.07725
data_track2/IMG/center_2026_08_30_02_27_04_919.jpg,data_track2/IMG/left_2026_08_30_02_27_04_919.jpg,data_track2/IMG/right_2026_08_30_02_27_04_919.jpg,0.05,1.0,0.0,30.16198
data_track2/IMG/center_2026_08_30_02_28_26_469.jpg,data_track2/IMG/left_2026_08_30_02_28_26_469.jpg,data_track2/IMG/right_2026_08_30_02_28_26_469.jpg,0.8500001,0.0,0.3253591,26.20508
data_track2/IMG/center_2026_08_30_02_28_28_323.jpg,data_track2/IMG/left_2026_08_30_02_28_28_323.jpg,data_track2/IMG/right_2026_08_30_02_28_28_323.jpg,1.0,0.1778669,0.0,19.50394
data_track2/IMG/center_2026_08_30_02_28_47_928.jpg,data_track2/IMG/left_2026_08_30_02_28_47_928.jpg,data_track2/IMG/right_2026_08_30_02_28_47_928.jpg,-0.05,1.0,0.0,22.14069
data_track2/IMG/center_2026_08_30_02_27_49_663.jpg,data_track2/IMG/left_2026_08_30_02_27_49_663.jpg,data_track2/IMG/right_2026_08_30_02_27_49_663.jpg,-0.2,0.0,0.0,13.99394
data_track2/IMG/center_2026_08_30_02_27_26_087.jpg,data_track2/IMG/left_2026_08_30_02_27_26_087.jpg,data_track2/IMG/right_2026_08_30_02_27_26_087.jpg,0.3,0.0,0.0,25.49298
data_track2/IMG/center_2026_08_30_02_26_58_511.jpg,data_track2/IMG/left_2026_08_30_02_26_58_511.jpg,data_track2/IMG/right_2026_08_30_02_26_58_511.jpg,0.1,1.0,0.0,23.44238
data_track2/IMG/center_2026_08_30_02_28_21_234.jpg,data_track2/IMG/left_2026_08_30_02_28_21_234.jpg,data_track2/IMG/right_2026_08_30_02_28_21_234.jpg,-0.35,1.0,0.0,30.06379
data_track2/IMG/center_2026_08_30_02_28_55_520.jpg,data_track2/IMG/left_2026_08_30_02_28_55_520.jpg,data_track2/IMG/right_2026_08_30_02_28_55_520.jpg,0.3,0.0,0.1477625,25.02041
data_track2/IMG/center_2026_08_30_02_28_26_537.jpg,data_track2/IMG/left_2026_08_30_02_28_26_537.jpg,data_track2/IMG/right_2026_08_30_02_28_26_537.jpg,1.0,0.0,0.4984921,24.97269
data_track2/IMG/center_2026_08_30_02_28_38_548.jpg,data_track2/IMG/left_2026_08_30_02_28_38_548.jpg,data_track2/IMG/right_2026_08_30_02_28_38_548.jpg,-0.35,1.0,0.0,30.21329
data_track2/IMG/center_2026_08_30_02_28_37_023.jpg,data_track2/IMG/left_2026_08_30_02_28_37_023.jpg,data_track2/IMG/right_2026_08_30_02_28_37_023.jpg,-1.0,0.0,0.3368049,20.74947
data_track2/IMG/center_2026_08_30_02_28_28_534.jpg,data_track2/IMG/left_2026_08_30_02_28_28_534.jpg,data_track2/IMG/right_2026_08_30_02_28_28_534.jpg,1.0,0.6748556,0.0,20.0774
data_track2/IMG/center_2026_08_30_02_28_28_394.jpg,data_track2/IMG/left_2026_08_30_02_28_28_394.jpg,data_track2/IMG/right_2026_08_30_02_28_28_394.jpg,1.0,0.4274007,0.0,19.58068
data_track2/IMG/center_2026_08_30_02_27_06_382.jpg,data_track2/IMG/left_2026_08_30_02_27_06_382.jpg,data_track2/IMG/right_2026_08_30_02_27_06_382.jpg,0.8000001,1.0,0.0,30.04216
data_track2/IMG/center_2026_08_30_02_27_30_318.jpg,data_track2/IMG/left_2026_08_30_02_27_30_318.jpg,data_track2/IMG/right_2026_08_30_02_27_30_318.jpg,0.0,0.0826509,0.0,29.17926
data_track2/IMG/center_2026_08_30_02_28_57_649.jpg,data_track2/IMG/left_2026_08_30_02_28_57_649.jpg,data_track2/IMG/right_2026_08_30_02_28_57_649.jpg,0.25,1.0,0.0,29.35022
data_track2/IMG/center_2026_08_30_02_28_41_431.jpg,data_track2/IMG/left_2026_08_30_02_28_41_431.jpg,data_track2/IMG/right_2026_08_30_02_28_41_431.jpg,-1.0,0.0,0.0,23.08716
data_track2/IMG/center_2026_08_30_02_26_55_393.jpg,data_track2/IMG/left_2026_08_30_02_26_55_393.jpg,data_track2/IMG/right_2026_08_30_02_26_55_393.jpg,-0.15,0.9477872,0.0,21.19918
data_track2/IMG/center_2026_08_30_02_26_54_101.jpg,data_track2/IMG/left_2026_08_30_02_26_54_101.jpg,data_track2/IMG/right_2026_08_30_02_26_54_101.jpg,0.1,0.7063603,0.0,30.10214
data_track2/IMG/center_2026_08_30_02_27_49_315.jpg,data_track2/IMG/left_2026_08_30_02_27_49_315.jpg,data_track2/IMG/right_2026_08_30_02_27_49_315.jpg,-0.7500002,0.0,0.0,14.51382
data_track2/IMG/center_2026_08_30_02_27_38_741.jpg,data_track2/IMG/left_2026_08_30_02_27_38_741.jpg,data_track2/IMG/right_2026_08_30_02_27_38_741.jpg,0.1,1.0,0.0,23.47665
data_track2/IMG/center_2026_08_30_02_28_30_564.jpg,data_track2/IMG/left_2026_08_30_02_28_30_564.jpg,data_track2/IMG/right_2026_08_30_02_28_30_564.jpg,0.2,0.0,0.0,25.95001
data_track2/IMG/center_2026_08_30_02_26_55_050.jpg,data_track2/IMG/left_2026_08_30_02_26_55_050.jpg,data_track2/IMG/right_2026_08_30_02_26_55_050.jpg,-0.5000001,0.0,0.0,23.334
data_track2/IMG/center_2026_08_30_02_27_14_120.jpg,data_track2/IMG/left_2026_08_30_02_27_14_120.jpg,data_track2/IMG/right_2026_08_30_02_27_14_120.jpg,-1.0,0.0,0.0,24.8268
data_track2/IMG/center_2026_08_30_02_28_21_853.jpg,data_track2/IMG/left_2026_08_30_02_28_21_853.jpg,data_track2/IMG/right_2026_08_30_02_28_21_853.jpg,-0.7,1.0,0.0,30.03864
data_track2/IMG/center_2026_08_30_02_27_04_373.jpg,data_track2/IMG/left_2026_08_30_02_27_04_373.jpg,data_track2/IMG/right_2026_08_30_02_27_04_373.jpg,0.45,1.0,0.0,30.07615
data_track2/IMG/center_2026_08_30_02_26_54_777.jpg,data_track2/IMG/left_2026_08_30_02_26_54_777.jpg,data_track2/IMG/right_2026_08_30_02_26_54_777.jpg,1.0,0.04730833,0.0,27.67126
data_track2/IMG/center_2026_08_30_02_27_36_164.jpg,data_track2/IMG/left_2026_08_30_02_27_36_164.jpg,data_track2/IMG/right_2026_08_30_02_27_36_164.jpg,0.05,1.0,0.0,24.64323
data_track2/IMG/center_2026_08_30_02_27_51_322.jpg,data_track2/IMG/left_2026_08_30_02_27_51_322.jpg,data_track2/IMG/right_2026_08_30_02_27_51_322.jpg,-1.0,0.4504901,0.0,18.80715
data_track2/IMG/center_2026_08_30_02_27_52_894.jpg,data_track2/IMG/left_2026_08_30_02_27_52_894.jpg,data_track2/IMG/right_2026_08_30_02_27_52_894.jpg,0.8500001,0.0,0.0,29.22933
data_track2/IMG/center_2026_08_30_02_27_23_100.jpg,data_track2/IMG/left_2026_08_30_02_27_23_100.jpg,data_track2/IMG/right_2026_08_30_02_27_23_100.jpg,0.25,0.0,0.7606441,25.71638
data_track2/IMG/center_2026_08_30_02_27_56_020.jpg,data_track2/IMG/left_2026_08_30_02_27_56_020.jpg,data_track2/IMG/right_2026_08_30_02_27_56_020.jpg,0.35,1.0,0.0,25.06326
data_track2/IMG/center_2026_08_30_02_27_26_496.jpg,data_track2/IMG/left_2026_08_30_02_27_26_496.jpg,data_track2/IMG/right_2026_08_30_02_27_26_496.jpg,0.25,0.0,0.0,26.2554
data_track2/IMG/center_2026_08_30_02_27_21_736.jpg,data_track2/IMG/left_2026_08_30_02_27_21_736.jpg,data_track2/IMG/right_2026_08_30_02_27_21_736.jpg,-0.25,0.0,0.0,29.51323
data_track2/IMG/center_2026_08_30_02_28_04_119.jpg,data_track2/IMG/left_2026_08_30_02_28_04_119.jpg,data_track2/IMG/right_2026_08_30_02_28_04_119.jpg,-0.05,1.0,0.0,30.18982
data_track2/IMG/center_2026_08_30_02_28_16_140.jpg,data_track2/IMG/left_2026_08_30_02_28_16_140.jpg,data_track2/IMG/right_2026_08_30_02_28_16_140.jpg,-1.0,0.4127203,0.0,28.1778
data_track2/IMG/center_2026_08_30_02_28_52_329.jpg,data_track2/IMG/left_2026_08_30_02_28_52_329.jpg,data_track2/IMG/right_2026_08_30_02_28_52_329.jpg,-0.4,0.532146,0.0,25.76116
data_track2/IMG/center_2026_08_30_02_27_05_061.jpg,data_track2/IMG/left_2026_08_30_02_27_05_061.jpg,data_track2/IMG/right_2026_08_30_02_27_05_061.jpg,0.4,1.0,0.0,30.12714
data_track2/IMG/center_2026_08_30_02_26_55_256.jpg,data_track2/IMG/left_2026_08_30_02_26_55_256.jpg,data_track2/IMG/right_2026_08_30_02_26_55_256.jpg,-1.0,0.5292302,0.0,21.28749
data_track2/IMG/center_2026_08_30_02_28_54_409.jpg,data_track2/IMG/left_2026_08_30_02_28_54_409.jpg,data_track2/IMG/right_2026_08_30_02_28_54_409.jpg,0.05,0.9812142,0.0,30.16769
data_track2/IMG/center_2026_08_30_02_26_56_820.jpg,data_track2/IMG/left_2026_08_30_02_26_56_820.jpg,data_track2/IMG/right_2026_08_30_02_26_56_820.jpg,0.2,0.0,0.0,20.52792
data_track2/IMG/center_2026_08_30_02_28_48_344.jpg,data_track2/IMG/left_2026_08_30_02_28_48_344.jpg,data_track2/IMG/right_2026_08_30_02_28_48_344.jpg,-0.15,1.0,0.0,22.60837
data_track2/IMG/center_2026_08_30_02_27_15_711.jpg,data_track2/IMG/left_2026_08_30_02_27_15_711.jpg,data_track2/IMG/right_2026_08_30_02_27_15_711.jpg,0.5000001,1.0,0.0,27.87401
data_track2/IMG/center_2026_08_30_02_28_18_702.jpg,data_track2/IMG/left_2026_08_30_02_28_18_702.jpg,data_track2/IMG/right_2026_08_30_02_28_18_702.jpg,1.0,0.9225361,0.0,18.38447
data_track2/IMG/center_2026_08_30_02_28_15_258.jpg,data_track2/IMG/left_2026_08_30_02_28_15_258.jpg,data_track2/IMG/right_2026_08_30_02_28_15_258.jpg,-1.0,0.0,0.0,29.22738
data_track2/IMG/center_2026_08_30_02_28_54_754.jpg,data_track2/IMG/left_2026_08_30_02_28_54_754.jpg,data_track2/IMG/right_2026_08_30_02_28_54_754.jpg,0.15,1.0,0.0,30.18849
data_track2/IMG/center_2026_08_30_02_28_23_637.jpg,data_track2/IMG/left_2026_08_30_02_28_23_637.jpg,data_track2/IMG/right_2026_08_30_02_28_23_637.jpg,-1.0,0.0,0.0,18.43686
data_track2/IMG/center_2026_08_30_02_27_23_303.jpg,data_track2/IMG/left_2026_08_30_02_27_23_303.jpg,data_track2/IMG/right_2026_08_30_02_27_23_303.jpg,0.7500002,0.0,1.0,23.24225
data_track2/IMG/center_2026_08_30_02_28_16_685.jpg,data_track2/IMG/left_2026_08_30_02_28_16_685.jpg,data_track2/IMG/right_2026_08_30_02_28_16_685.jpg,-0.25,1.0,0.0,29.59252
data_track2/IMG/center_2026_08_30_02_28_30_976.jpg,data_track2/IMG/left_2026_08_30_02_28_30_976.jpg,data_track2/IMG/right_2026_08_30_02_28_30_976.jpg,0.25,0.04953289,0.0,26.11217
data_track2/IMG/center_2026_08_30_02_27_15_227.jpg,data_track2/IMG/left_2026_08_30_02_27_15_227.jpg,data_track2/IMG/right_2026_08_30_02_27_15_227.jpg,-1.0,0.7431703,0.0,24.40974
data_track2/IMG/center_2026_08_30_02_28_32_540.jpg,data_track2/IMG/left_2026_08_30_02_28_32_540.jpg,data_track2/IMG/right_2026_08_30_02_28_32_540.jpg,-0.15,0.1387618,0.0,29.81949
data_track2/IMG/center_2026_08_30_02_27_11_689.jpg,data_track2/IMG/left_2026_08_30_02_27_11_689.jpg,data_track2/IMG/right_2026_08_30_02_27_11_689.jpg,0.25,0.3987268,0.0,20.61962
data_track2/IMG/center_2026_08_30_02_28_27_085.jpg,data_track2/IMG/left_2026_08_30_02_28_27_085.jpg,data_track2/IMG/right_2026_08_30_02_28_27_085.jpg,0.25,0.4811336,0.0,20.72767
data_track2/IMG/center_2026_08_30_02_28_10_227.jpg,data_track2/IMG/left_2026_08_30_02_28_10_227.jpg,data_track2/IMG/right_2026_08_30_02_28_10_227.jpg,-0.15,1.0,0.0,30.1842
data_track2/IMG/center_2026_08_30_02_28_25_708.jpg,data_track2/IMG/left_2026_08_30_02_28_25_708.jpg,data_track2/IMG/right_2026_08_30_02_28_25_708.jpg,-0.15,0.3300419,0.0,24.7865
data_track2/IMG/center_2026_08_30_02_27_02_664.jpg,data_track2/IMG/left_2026_08_30_02_27_02_664.jpg,data_track2/IMG/right_2026_08_30_02_27_02_664.jpg,0.5000001,1.0,0.0,30.14515
data_track2/IMG/center_2026_08_30_02_28_31_319.jpg,data_track2/IMG/left_2026_08_30_02_28_31_319.jpg,data_track2/IMG/right_2026_08_30_02_28_31_319.jpg,1.0,0.5786698,0.0,27.81748
data_track2/IMG/center_2026_08_30_02_27_30_457.jpg,data_track2/IMG/left_2026_08_30_02_27_30_457.jpg,data_track2/IMG/right_2026_08_30_02_27_30_457.jpg,0.2,0.0,0.0,27.99281
data_track2/IMG/center_2026_08_30_02_28_36_888.jpg,data_track2/IMG/left_2026_08_30_02_28_36_888.jpg,data_track2/IMG/right_2026_08_30_02_28_36_888.jpg,-1.0,0.0,0.6994717,22.52478
data_track2/IMG/center_2026_08_30_02_28_18_560.jpg,data_track2/IMG/left_2026_08_30_02_28_18_560.jpg,data_track2/IMG/right_2026_08_30_02_28_18_560.jpg,1.0,0.5108911,0.0,17.23365
data_track2/IMG/center_2026_08_30_02_27_50_010.jpg,data_track2/IMG/left_2026_08_30_02_27_50_010.jpg,data_track2/IMG/right_2026_08_30_02_27_50_010.jpg,-1.0,0.05732989,0.0,13.14893
data_track2/IMG/center_2026_08_30_02_27_20_178.jpg,data_track2/IMG/left_2026_08_30_02_27_20_178.jpg,data_track2/IMG/right_2026_08_30_02_27_20_178.jpg,-0.7,0.3306547,0.0,29.94683
data_track2/IMG/center_2026_08_30_02_27_31_626.jpg,data_track2/IMG/left_2026_08_30_02_27_31_626.jpg,data_track2/IMG/right_2026_08_30_02_27_31_626.jpg,-0.4,0.0,0.0,23.42136
data_track2/IMG/center_2026_08_30_02_28_56_202.jpg,data_track2/IMG/left_2026_08_30_02_28_56_202.jpg,data_track2/IMG/right_2026_08_30_02_28_56_202.jpg,0.15,1.0,0.0,22.76807
data_track2/IMG/center_2026_08_30_02_27_21_872.jpg,data_track2/IMG/left_2026_08_30_02_27_21_872.jpg,data_track2/IMG/right_2026_08_30_02_27_21_872.jpg,-0.6000001,0.0,0.0,29.44518
data_track2/IMG/center_2026_08_30_02_28_36_616.jpg,data_track2/IMG/left_2026_08_30_02_28_36_616.jpg,data_track2/IMG/right_2026_08_30_02_28_36_616.jpg,-0.8500001,0.0,0.628212,27.12101
data_track2/IMG/center_2026_08_30_02_28_40_192.jpg,data_track2/IMG/left_2026_08_30_02_28_40_192.jpg,data_track2/IMG/right_2026_08_30_02_28_40_192.jpg,0.25,0.6650248,0.0,23.08449
data_track2/IMG/center_2026_08_30_02_28_23_153.jpg,data_track2/IMG/left_2026_08_30_02_28_23_153.jpg,data_track2/IMG/right_2026_08_30_02_28_23_153.jpg,-0.2,0.4103218,0.0,18.10356
data_track2/IMG/center_2026_08_30_02_28_34_710.jpg,data_track2/IMG/left_2026_08_30_02_28_34_710.jpg,data_track2/IMG/right_2026_08_30_02_28_34_710.jpg,-0.35,1.0,0.0,30.25448
data_track2/IMG/center_2026_08_30_02_28_19_736.jpg,data_track2/IMG/left_2026_08_30_02_28_19_736.jpg,data_track2/IMG/right_2026_08_30_02_28_19_736.jpg,0.0,1.0,0.0,30.19937
data_track2/IMG/center_2026_08_30_02_28_41_642.jpg,data_track2/IMG/left_2026_08_30_02_28_41_642.jpg,data_track2/IMG/right_2026_08_30_02_28_41_642.jpg,-0.25,0.0,0.0,23.51056
data_track2/IMG/center_2026_08_30_02_27_08_252.jpg,data_track2/IMG/left_2026_08_30_02_27_08_252.jpg,data_track2/IMG/right_2026_08_30_02_27_08_252.jpg,0.4,0.7546691,0.0,30.10954
data_track2/IMG/center_2026_08_30_02_26_54_642.jpg,data_track2/IMG/left_2026_08_30_02_26_54_642.jpg,data_track2/IMG/right_2026_08_30_02_26_54_642.jpg,0.7,0.4643443,0.0,29.70038
data_track2/IMG/center_2026_08_30_02_27_52_282.jpg,data_track2/IMG/left_2026_08_30_02_27_52_282.jpg,data_track2/IMG/right_2026_08_30_02_27_52_282.jpg,0.05,1.0,0.0,26.53318
data_track2/IMG/center_2026_08_30_02_27_31_760.jpg,data_track2/IMG/left_2026_08_30_02_27_31_760.jpg,data_track2/IMG/right_2026_08_30_02_27_31_760.jpg,-0.7,0.0,0.07413912,21.90151
data_track2/IMG/center_2026_08_30_02_27_17_359.jpg,data_track2/IMG/left_2026_08_30_02_27_17_359.jpg,data_track2/IMG/right_2026_08_30_02_27_17_359.jpg,0.15,0.0,0.0,28.90162
data_track2/IMG/center_2026_08_30_02_27_17_086.jpg,data_track2/IMG/left_2026_08_30_02_27_17_086.jpg,data_track2/IMG/right_2026_08_30_02_27_17_086.jpg,0.6000001,0.3184031,0.0,29.97072
data_track2/IMG/center_2026_08_30_02_28_21_648.jpg,data_track2/IMG/left_2026_08_30_02_28_21_648.jpg,data_track2/IMG/right_2026_08_30_02_28_21_648.jpg,-0.2,1.0,0.0,30.09945
data_track2/IMG/center_2026_08_30_02_27_16_262.jpg,data_track2/IMG/left_2026_08_30_02_27_16_262.jpg,data_track2/IMG/right_2026_08_30_02_27_16_262.jpg,0.35,0.3571392,0.0,30.01131
data_track2/IMG/center_2026_08_30_02_27_45_371.jpg,data_track2/IMG/left_2026_08_30_02_27_45_371.jpg,data_track2/IMG/right_2026_08_30_02_27_45_371.jpg,0.1,0.3231239,0.0,13.22669
data_track2/IMG/center_2026_08_30_02_28_47_654.jpg,data_track2/IMG/left_2026_08_30_02_28_47_654.jpg,data_track2/IMG/right_2026_08_30_02_28_47_654.jpg,0.25,0.9882884,0.0,21.05267
data_track2/IMG/center_2026_08_30_02_28_46_968.jpg,data_track2/IMG/left_2026_08_30_02_28_46_968.jpg,data_track2/IMG/right_2026_08_30_02_28_46_968.jpg,0.7500002,0.0,0.0,21.62607
data_track2/IMG/center_2026_08_30_02_28_36_480.jpg,data_track2/IMG/left_2026_08_30_02_28_36_480.jpg,data_track2/IMG/right_2026_08_30_02_28_36_480.jpg,-0.5000001,0.0,0.2073151,28.83631
data_track2/IMG/center_2026_08_30_02_28_23_085.jpg,data_track2/IMG/left_2026_08_30_02_28_23_085.jpg,data_track2/IMG/right_2026_08_30_02_28_23_085.jpg,-0.05,0.2189187,0.0,17.76295
data_track2/IMG/center_2026_08_30_02_28_45_452.jpg,data_track2/IMG/left_2026_08_30_02_28_45_452.jpg,data_track2/IMG/right_2026_08_30_02_28_45_452.jpg,0.3,0.0,0.0,29.62814
data_track2/IMG/center_2026_08_30_02_28_37_368.jpg,data_track2/IMG/left_2026_08_30_02_28_37_368.jpg,data_track2/IMG/right_2026_08_30_02_28_37_368.jpg,-1.0,0.8199631,0.0,20.19893
data_track2/IMG/center_2026_08_30_02_28_19_189.jpg,data_track2/IMG/left_2026_08_30_02_28_19_189.jpg,data_track2/IMG/right_2026_08_30_02_28_19_189.jpg,0.45,1.0,0.0,24.92416
data_track2/IMG/center_2026_08_30_02_27_49_384.jpg,data_track2/IMG/left_2026_08_30_02_27_49_384.jpg,data_track2/IMG/right_2026_08_30_02_27_49_384.jpg,-0.9000002,0.0,0.0,14.7473
data_track2/IMG/center_2026_08_30_02_27_06_451.jpg,data_track2/IMG/left_2026_08_30_02_27_06_451.jpg,data_track2/IMG/right_2026_08_30_02_27_06_451.jpg,1.0,1.0,0.0,29.91453
data_track2/IMG/center_2026_08_30_02_28_31_253.jpg,data_track2/IMG/left_2026_08_30_02_28_31_253.jpg,data_track2/IMG/right_2026_08_30_02_28_31_253.jpg,0.9500002,0.7511759,0.0,27.49007
data_track2/IMG/center_2026_08_30_02_27_25_607.jpg,data_track2/IMG/left_2026_08_30_02_27_25_607.jpg,data_track2/IMG/right_2026_08_30_02_27_25_607.jpg,1.0,0.0,0.0,25.5787
data_track2/IMG/center_2026_08_30_02_28_22_261.jpg,data_track2/IMG/left_2026_08_30_02_28_22_261.jpg,data_track2/IMG/right_2026_08_30_02_28_22_261.jpg,-0.4,0.7686791,0.0,30.0076
data_track2/IMG/center_2026_08_30_02_27_52_827.jpg,data_track2/IMG/left_2026_08_30_02_27_52_827.jpg,data_track2/IMG/right_2026_08_30_02_27_52_827.jpg,0.7,0.0,0.0,29.48719
data_track2/IMG/center_2026_08_30_02_28_42_131.jpg,data_track2/IMG/left_2026_08_30_02_28_42_131.jpg,data_track2/IMG/right_2026_08_30_02_28_42_131.jpg,-0.8500001,0.4578874,0.0,25.09683
data_track2/IMG/center_2026_08_30_02_28_50_814.jpg,data_track2/IMG/left_2026_08_30_02_28_50_814.jpg,data_track2/IMG/right_2026_08_30_02_28_50_814.jpg,-0.6000001,1.0,0.0,30.0372
data_track2/IMG/center_2026_08_30_02_26_54_914.jpg,data_track2/IMG/left_2026_08_30_02_26_54_914.jpg,data_track2/IMG/right_2026_08_30_02_26_54_914.jpg,-0.15,0.0,0.0,25.13493
data_track2/IMG/center_2026_08_30_02_28_58_748.jpg,data_track2/IMG/left_2026_08_30_02_28_58_748.jpg,data_track2/IMG/right_2026_08_30_02_28_58_748.jpg,0.2,1.0,0.0,30.17684
data_track2/IMG/center_2026_08_30_02_27_48_277.jpg,data_track2/IMG/left_2026_08_30_02_27_48_277.jpg,data_track2/IMG/right_2026_08_30_02_27_48_277.jpg,-0.6500001,0.0,0.316761,27.43106
data_track2/IMG/center_2026_08_30_02_27_12_806.jpg,data_track2/IMG/left_2026_08_30_02_27_12_806.jpg,data_track2/IMG/right_2026_08_30_02_27_12_806.jpg,-0.2,0.5848781,0.0,29.25877
data_track2/IMG/center_2026_08_30_02_28_18_213.jpg,data_track2/IMG/left_2026_08_30_02_28_18_213.jpg,data_track2/IMG/right_2026_08_30_02_28_18_213.jpg,0.9000002,0.0,0.5121942,19.70494
data_track2/IMG/center_2026_08_30_02_27_26_635.jpg,data_track2/IMG/left_2026_08_30_02_27_26_635.jpg,data_track2/IMG/right_2026_08_30_02_27_26_635.jpg,-0.05,0.0,0.0,26.56517
data_track2/IMG/center_2026_08_30_02_27_15_159.jpg,data_track2/IMG/left_2026_08_30_02_27_15_159.jpg,data_track2/IMG/right_2026_08_30_02_27_15_159.jpg,-0.9000002,0.7635758,0.0,24.2348
data_track2/IMG/center_2026_08_30_02_27_51_255.jpg,data_track2/IMG/left_2026_08_30_02_27_51_255.jpg,data_track2/IMG/right_2026_08_30_02_27_51_255.jpg,-1.0,0.6252732,0.0,18.80486
data_track2/IMG/center_2026_08_30_02_27_45_583.jpg,data_track2/IMG/left_2026_08_30_02_27_45_583.jpg,data_track2/IMG/right_2026_08_30_02_27_45_583.jpg,0.35,0.932127,0.0,14.8572
data_track2/IMG/center_2026_08_30_02_28_58_470.jpg,data_track2/IMG/left_2026_08_30_02_28_58_470.jpg,data_track2/IMG/right_2026_08_30_02_28_58_470.jpg,-0.15,1.0,0.0,30.18282
data_track2/IMG/center_2026_08_30_02_27_47_383.jpg,data_track2/IMG/left_2026_08_30_02_27_47_383.jpg,data_track2/IMG/right_2026_08_30_02_27_47_383.jpg,-0.25,0.5580374,0.0,28.26973
data_track2/IMG/center_2026_08_30_02_28_36_548.jpg,data_track2/IMG/left_2026_08_30_02_28_36_548.jpg,data_track2/IMG/right_2026_08_30_02_28_36_548.jpg,-0.7,0.0,0.4438591,27.94592
data_track2/IMG/center_2026_08_30_02_28_41_161.jpg,data_track2/IMG/left_2026_08_30_02_28_41_161.jpg,data_track2/IMG/right_2026_08_30_02_28_41_161.jpg,-0.7,0.0,0.0,23.46887
data_track2/IMG/center_2026_08_30_02_28_01_413.jpg,data_track2/IMG/left_2026_08_30_02_28_01_413.jpg,data_track2/IMG/right_2026_08_30_02_28_01_413.jpg,-0.45,1.0,0.0,22.24442
data_track2/IMG/center_2026_08_30_02_27_03_139.jpg,data_track2/IMG/left_2026_08_30_02_27_03_139.jpg,data_track2/IMG/right_2026_08_30_02_27_03_139.jpg,0.3,1.0,0.0,30.11394
data_track2/IMG/center_2026_08_30_02_28_56_269.jpg,data_track2/IMG/left_2026_08_30_02_28_56_269.jpg,data_track2/IMG/right_2026_08_30_02_28_56_269.jpg,0.35,1.0,0.0,23.049
data_track2/IMG/center_2026_08_30_02_27_54_390.jpg,data_track2/IMG/left_2026_08_30_02_27_54_390.jpg,data_track2/IMG/right_2026_08_30_02_27_54_390.jpg,0.15,0.0,0.0,29.07181
data_track2/IMG/center_2026_08_30_02_28_20_550.jpg,data_track2/IMG/left_2026_08_30_02_28_20_550.jpg,data_track2/IMG/right_2026_08_30_02_28_20_550.jpg,-0.35,1.0,0.0,30.21254
data_track2/IMG/center_2026_08_30_02_27_32_436.jpg,data_track2/IMG/left_2026_08_30_02_27_32_436.jpg,data_track2/IMG/right_2026_08_30_02_27_32_436.jpg,-0.8000001,0.578619,0.0,15.04284
data_track2/IMG/center_2026_08_30_02_27_36_367.jpg,data_track2/IMG/left_2026_08_30_02_27_36_367.jpg,data_track2/IMG/right_2026_08_30_02_27_36_367.jpg,0.6000001,0.9429158,0.0,25.43782
data_track2/IMG/center_2026_08_30_02_28_51_439.jpg,data_track2/IMG/left_2026_08_30_02_28_51_439.jpg,data_track2/IMG/right_2026_08_30_02_28_51_439.jpg,-0.25,0.115606,0.0,29.65425
data_track2/IMG/center_2026_08_30_02_27_13_289.jpg,data_track2/IMG/left_2026_08_30_02_27_13_289.jpg,data_track2/IMG/right_2026_08_30_02_27_13_289.jpg,-0.45,0.0,0.0,28.10361
data_track2/IMG/center_2026_08_30_02_28_16_411.jpg,data_track2/IMG/left_2026_08_30_02_28_16_411.jpg,data_track2/IMG/right_2026_08_30_02_28_16_411.jpg,0.0,1.0,0.0,28.37261
data_track2/IMG/center_2026_08_30_02_27_27_322.jpg,data_track2/IMG/left_2026_08_30_02_27_27_322.jpg,data_track2/IMG/right_2026_08_30_02_27_27_322.jpg,0.3,0.0,0.0,25.45404
data_track2/IMG/center_2026_08_30_02_27_08_596.jpg,data_track2/IMG/left_2026_08_30_02_27_08_596.jpg,data_track2/IMG/right_2026_08_30_02_27_08_596.jpg,1.0,0.7630032,0.0,30.0652
data_track2/IMG/center_2026_08_30_02_27_02_594.jpg,data_track2/IMG/left_2026_08_30_02_27_02_594.jpg,data_track2/IMG/right_2026_08_30_02_27_02_594.jpg,0.35,1.0,0.0,30.16325
data_track2/IMG/center_2026_08_30_02_27_47_729.jpg,data_track2/IMG/left_2026_08_30_02_27_47_729.jpg,data_track2/IMG/right_2026_08_30_02_27_47_729.jpg,-0.45,1.0,0.0,30.15035
data_track2/IMG/center_2026_08_30_02_27_06_732.jpg,data_track2/IMG/left_2026_08_30_02_27_06_732.jpg,data_track2/IMG/right_2026_08_30_02_27_06_732.jpg,0.3,1.0,0.0,30.01714
data_track2/IMG/center_2026_08_30_02_27_34_602.jpg,data_track2/IMG/left_2026_08_30_02_27_34_602.jpg,data_track2/IMG/right_2026_08_30_02_27_34_602.jpg,0.5000001,0.5370908,0.0,19.84536
data_track2/IMG/center_2026_08_30_02_28_30_290.jpg,data_track2/IMG/left_2026_08_30_02_28_30_290.jpg,data_track2/IMG/right_2026_08_30_02_28_30_290.jpg,1.0,0.0,0.2598721,28.16759
data_track2/IMG/center_2026_08_30_02_27_57_660.jpg,data_track2/IMG/left_2026_08_30_02_27_57_660.jpg,data_track2/IMG/right_2026_08_30_02_27_57_660.jpg,0.9000002,0.0,0.0,27.03155
data_track2/IMG/center_2026_08_30_02_27_18_600.jpg,data_track2/IMG/left_2026_08_30_02_27_18_600.jpg,data_track2/IMG/right_2026_08_30_02_27_18_600.jpg,0.7500002,0.4847789,0.0,24.69004
data_track2/IMG/center_2026_08_30_02_28_36_410.jpg,data_track2/IMG/left_2026_08_30_02_28_36_410.jpg,data_track2/IMG/right_2026_08_30_02_28_36_410.jpg,-0.35,0.0,0.02221513,29.28059
data_track2/IMG/center_2026_08_30_02_28_05_990.jpg,data_track2/IMG/left_2026_08_30_02_28_05_990.jpg,data_track2/IMG/right_2026_08_30_02_28_05_990.jpg,-1.0,0.0,1.0,21.76104
data_track2/IMG/center_2026_08_30_02_28_26_607.jpg,data_track2/IMG/left_2026_08_30_02_28_26_607.jpg,data_track2/IMG/right_2026_08_30_02_28_26_607.jpg,1.0,0.0,0.3067414,23.34801
data_track2/IMG/center_2026_08_30_02_28_37_297.jpg,data_track2/IMG/left_2026_08_30_02_28_37_297.jpg,data_track2/IMG/right_2026_08_30_02_28_37_297.jpg,-1.0,0.5839051,0.0,19.50527
data_track2/IMG/center_2026_08_30_02_27_07_154.jpg,data_track2/IMG/left_2026_08_30_02_27_07_154.jpg,data_track2/IMG/right_2026_08_30_02_27_07_154.jpg,0.35,1.0,0.0,30.11443
data_track2/IMG/center_2026_08_30_02_28_14_786.jpg,data_track2/IMG/left_2026_08_30_02_28_14_786.jpg,data_track2/IMG/right_2026_08_30_02_28_14_786.jpg,-0.4,0.9161611,0.0,30.12571
data_track2/IMG/center_2026_08_30_02_27_16_192.jpg,data_track2/IMG/left_2026_08_30_02_27_16_192.jpg,data_track2/IMG/right_2026_08_30_02_27_16_192.jpg,0.2,0.5349761,0.0,30.07792
data_track2/IMG/center_2026_08_30_02_27_21_122.jpg,data_track2/IMG/left_2026_08_30_02_27_21_122.jpg,data_track2/IMG/right_2026_08_30_02_27_21_122.jpg,-0.4,0.0,0.0,29.08039
data_track2/IMG/center_2026_08_30_02_27_36_435.jpg,data_track2/IMG/left_2026_08_30_02_27_36_435.jpg,data_track2/IMG/right_2026_08_30_02_27_36_435.jpg,0.7500002,0.7668939,0.0,25.49848
data_track2/IMG/center_2026_08_30_02_28_44_821.jpg,data_track2/IMG/left_2026_08_30_02_28_44_821.jpg,data_track2/IMG/right_2026_08_30_02_28_44_821.jpg,-0.15,0.9190542,0.0,30.15241
data_track2/IMG/center_2026_08_30_02_27_18_049.jpg,data_track2/IMG/left_2026_08_30_02_27_18_049.jpg,data_track2/IMG/right_2026_08_30_02_27_18_049.jpg,0.2,0.0,0.0,26.10613
data_track2/IMG/center_2026_08_30_02_27_47_591.jpg,data_track2/IMG/left_2026_08_30_02_27_47_591.jpg,data_track2/IMG/right_2026_08_30_02_27_47_591.jpg,-0.1,1.0,0.0,29.73191
data_track2/IMG/center_2026_08_30_02_27_47_247.jpg,data_track2/IMG/left_2026_08_30_02_27_47_247.jpg,data_track2/IMG/right_2026_08_30_02_27_47_247.jpg,0.0,0.4437821,0.0,28.46014
data_track2/IMG/center_2026_08_30_02_27_47_863.jpg,data_track2/IMG/left_2026_08_30_02_27_47_863.jpg,data_track2/IMG/right_2026_08_30_02_27_47_863.jpg,-0.7500002,0.6705968,0.0,30.0444
data_track2/IMG/center_2026_08_30_02_27_10_031.jpg,data_track2/IMG/left_2026_08_30_02_27_10_031.jpg,data_track2/IMG/right_2026_08_30_02_27_10_031.jpg,0.0,0.0,0.0,26.92158
data_track2/IMG/center_2026_08_30_02_28_56_618.jpg,data_track2/IMG/left_2026_08_30_02_28_56_618.jpg,data_track2/IMG/right_2026_08_30_02_28_56_618.jpg,0.25,1.0,0.0,24.68021
data_track2/IMG/center_2026_08_30_02_27_10_574.jpg,data_track2/IMG/left_2026_08_30_02_27_10_574.jpg,data_track2/IMG/right_2026_08_30_02_27_10_574.jpg,-1.0,0.0,0.0,24.58808
data_track2/IMG/center_2026_08_30_02_28_51_851.jpg,data_track2/IMG/left_2026_08_30_02_28_51_851.jpg,data_track2/IMG/right_2026_08_30_02_28_51_851.jpg,-0.7,0.0,0.0,27.25524
data_track2/IMG/center_2026_08_30_02_28_55_452.jpg,data_track2/IMG/left_2026_08_30_02_28_55_452.jpg,data_track2/IMG/right_2026_08_30_02_28_55_452.jpg,0.15,0.0,0.3241625,26.25331
data_track2/IMG/center_2026_08_30_02_27_56_974.jpg,data_track2/IMG/left_2026_08_30_02_27_56_974.jpg,data_track2/IMG/right_2026_08_30_02_27_56_974.jpg,0.4,0.8800087,0.0,28.6511
data_track2/IMG/center_2026_08_30_02_27_45_726.jpg,data_track2/IMG/left_2026_08_30_02_27_45_726.jpg,data_track2/IMG/right_2026_08_30_02_27_45_726.jpg,0.1,1.0,0.0,16.8361
data_track2/IMG/center_2026_08_30_02_27_19_006.jpg,data_track2/IMG/left_2026_08_30_02_27_19_006.jpg,data_track2/IMG/right_2026_08_30_02_27_19_006.jpg,0.05,0.9957601,0.0,26.65151
data_track2/IMG/center_2026_08_30_02_27_55_143.jpg,data_track2/IMG/left_2026_08_30_02_27_55_143.jpg,data_track2/IMG/right_2026_08_30_02_27_55_143.jpg,0.35,0.0,0.0,26.3935
data_track2/IMG/center_2026_08_30_02_27_54_458.jpg,data_track2/IMG/left_2026_08_30_02_27_54_458.jpg,data_track2/IMG/right_2026_08_30_02_27_54_458.jpg,0.3,0.0,0.0,28.86053
data_track2/IMG/center_2026_08_30_02_27_01_981.jpg,data_track2/IMG/left_2026_08_30_02_27_01_981.jpg,data_track2/IMG/right_2026_08_30_02_27_01_981.jpg,-0.3,1.0,0.0,30.16914
data_track2/IMG/center_2026_08_30_02_27_26_910.jpg,data_track2/IMG/left_2026_08_30_02_27_26_910.jpg,data_track2/IMG/right_2026_08_30_02_27_26_910.jpg,-0.7500002,0.0,0.0,26.55621
data_track2/IMG/center_2026_08_30_02_27_58_620.jpg,data_track2/IMG/left_2026_08_30_02_27_58_620.jpg,data_track2/IMG/right_2026_08_30_02_27_58_620.jpg,0.7500002,0.0,0.0,23.21787
data_track2/IMG/center_2026_08_30_02_27_12_940.jpg,data_track2/IMG/left_2026_08_30_02_27_12_940.jpg,data_track2/IMG/right_2026_08_30_02_27_12_940.jpg,-0.5000001,0.2167059,0.0,29.34419
data_track2/IMG/center_2026_08_30_02_28_30_013.jpg,data_track2/IMG/left_2026_08_30_02_28_30_013.jpg,data_track2/IMG/right_2026_08_30_02_28_30_013.jpg,0.45,0.8151851,0.0,29.40768
data_track2/IMG/center_2026_08_30_02_27_33_049.jpg,data_track2/IMG/left_2026_08_30_02_27_33_049.jpg,data_track2/IMG/right_2026_08_30_02_27_33_049.jpg,-0.25,1.0,0.0,15.80521
data_track2/IMG/center_2026_08_30_02_27_56_835.jpg,data_track2/IMG/left_2026_08_30_02_27_56_835.jpg,data_track2/IMG/right_2026_08_30_02_27_56_835.jpg,0.05,0.7292343,0.0,27.63393
data_track2/IMG/center_2026_08_30_02_27_54_733.jpg,data_track2/IMG/left_2026_08_30_02_27_54_733.jpg,data_track2/IMG/right_2026_08_30_02_27_54_733.jpg,0.4,0.0,0.0,27.94071
data_track2/IMG/center_2026_08_30_02_27_27_255.jpg,data_track2/IMG/left_2026_08_30_02_27_27_255.jpg,data_track2/IMG/right_2026_08_30_02_27_27_255.jpg,0.15,0.0,0.0,25.6904
data_track2/IMG/center_2026_08_30_02_27_08_184.jpg,data_track2/IMG/left_2026_08_30_02_27_08_184.jpg,data_track2/IMG/right_2026_08_30_02_27_08_184.jpg,0.2,1.0,0.0,30.18089
data_track2/IMG/center_2026_08_30_02_27_31_828.jpg,data_track2/IMG/left_2026_08_30_02_27_31_828.jpg,data_track2/IMG/right_2026_08_30_02_27_31_828.jpg,-0.9000002,0.0,0.3132212,20.34357
data_track2/IMG/center_2026_08_30_02_28_48_069.jpg,data_track2/IMG/left_2026_08_30_02_28_48_069.jpg,data_track2/IMG/right_2026_08_30_02_28_48_069.jpg,-0.4,1.0,0.0,22.38867
data_track2/IMG/center_2026_08_30_02_28_14_719.jpg,data_track2/IMG/left_2026_08_30_02_28_14_719.jpg,data_track2/IMG/right_2026_08_30_02_28_14_719.jpg,-0.2,0.6731819,0.0,30.07475
data_track2/IMG/center_2026_08_30_02_27_46_214.jpg,data_track2/IMG/left_2026_08_30_02_27_46_214.jpg,data_track2/IMG/right_2026_08_30_02_27_46_214.jpg,0.6000001,0.258406,0.0,21.74231
data_track2/IMG/center_2026_08_30_02_28_14_853.jpg,data_track2/IMG/left_2026_08_30_02_28_14_853.jpg,data_track2/IMG/right_2026_08_30_02_28_14_853.jpg,-0.5500001,1.0,0.0,30.1408
data_track2/IMG/center_2026_08_30_02_28_40_609.jpg,data_track2/IMG/left_2026_08_30_02_28_40_609.jpg,data_track2/IMG/right_2026_08_30_02_28_40_609.jpg,1.0,0.0,0.0,23.55186
data_track2/IMG/center_2026_08_30_02_28_00_996.jpg,data_track2/IMG/left_2026_08_30_02_28_00_996.jpg,data_track2/IMG/right_2026_08_30_02_28_00_996.jpg,-0.7500002,1.0,0.0,22.05008
data_track2/IMG/center_2026_08_30_02_27_45_792.jpg,data_track2/IMG/left_2026_08_30_02_27_45_792.jpg,data_track2/IMG/right_2026_08_30_02_27_45_792.jpg,0.25,1.0,0.0,17.30679
data_track2/IMG/center_2026_08_30_02_28_57_440.jpg,data_track2/IMG/left_2026_08_30_02_28_57_440.jpg,data_track2/IMG/right_2026_08_30_02_28_57_440.jpg,0.5000001,1.0,0.0,27.72651
data_track2/IMG/center_2026_08_30_02_27_03_618.jpg,data_track2/IMG/left_2026_08_30_02_27_03_618.jpg,data_track2/IMG/right_2026_08_30_02_27_03_618.jpg,0.05,1.0,0.0,29.74452
data_track2/IMG/center_2026_08_30_02_28_00_925.jpg,data_track2/IMG/left_2026_08_30_02_28_00_925.jpg,data_track2/IMG/right_2026_08_30_02_28_00_925.jpg,-0.6000001,1.0,0.0,22.25213
data_track2/IMG/center_2026_08_30_02_28_40_541.jpg,data_track2/IMG/left_2026_08_30_02_28_40_541.jpg,data_track2/IMG/right_2026_08_30_02_28_40_541.jpg,1.0,0.0,0.0,23.59982
data_track2/IMG/center_2026_08_30_02_28_37_505.jpg,data_track2/IMG/left_2026_08_30_02_28_37_505.jpg,data_track2/IMG/right_2026_08_30_02_28_37_505.jpg,0.0,1.0,0.0,21.88002
data_track2/IMG/center_2026_08_30_02_28_23_915.jpg,data_track2/IMG/left_2026_08_30_02_28_23_915.jpg,data_track2/IMG/right_2026_08_30_02_28_23_915.jpg,-1.0,0.4707359,0.0,18.60733
data_track2/IMG/center_2026_08_30_02_27_37_517.jpg,data_track2/IMG/left_2026_08_30_02_27_37_517.jpg,data_track2/IMG/right_2026_08_30_02_27_37_517.jpg,0.35,0.572637,0.0,21.65089
data_track2/IMG/center_2026_08_30_02_28_04_469.jpg,data_track2/IMG/left_2026_08_30_02_28_04_469.jpg,data_track2/IMG/right_2026_08_30_02_28_04_469.jpg,0.0,1.0,0.0,30.19031
data_track2/IMG/center_2026_08_30_02_28_26_331.jpg,data_track2/IMG/left_2026_08_30_02_28_26_331.jpg,data_track2/IMG/right_2026_08_30_02_28_26_331.jpg,0.5000001,0.4435271,0.0,28.50549
data_track2/IMG/center_2026_08_30_02_28_30_907.jpg,data_track2/IMG/left_2026_08_30_02_28_30_907.jpg,data_track2/IMG/right_2026_08_30_02_28_30_907.jpg,0.1,0.0,0.0,25.99522
data_track2/IMG/center_2026_08_30_02_27_11_270.jpg,data_track2/IMG/left_2026_08_30_02_27_11_270.jpg,data_track2/IMG/right_2026_08_30_02_27_11_270.jpg,-0.8500001,0.0,0.0,22.04745
data_track2/IMG/center_2026_08_30_02_27_37_450.jpg,data_track2/IMG/left_2026_08_30_02_27_37_450.jpg,data_track2/IMG/right_2026_08_30_02_27_37_450.jpg,0.2,0.3982919,0.0,21.66334
data_track2/IMG/center_2026_08_30_02_28_13_906.jpg,data_track2/IMG/left_2026_08_30_02_28_13_906.jpg,data_track2/IMG/right_2026_08_30_02_28_13_906.jpg,-0.05,1.0,0.0,30.18765
data_track2/IMG/center_2026_08_30_02_27_49_941.jpg,data_track2/IMG/left_2026_08_30_02_27_49_941.jpg,data_track2/IMG/right_2026_08_30_02_27_49_941.jpg,-0.9000002,0.0,0.0,13.37009
data_track2/IMG/center_2026_08_30_02_28_03_700.jpg,data_track2/IMG/left_2026_08_30_02_28_03_700.jpg,data_track2/IMG/right_2026_08_30_02_28_03_700.jpg,-0.2,1.0,0.0,30.17988
data_track2/IMG/center_2026_08_30_02_26_56_887.jpg,data_track2/IMG/left_2026_08_30_02_26_56_887.jpg,data_track2/IMG/right_2026_08_30_02_26_56_887.jpg,0.4,0.0,0.0,20.1944
data_track2/IMG/center_2026_08_30_02_28_20_890.jpg,data_track2/IMG/left_2026_08_30_02_28_20_890.jpg,data_track2/IMG/right_2026_08_30_02_28_20_890.jpg,-0.1,1.0,0.0,30.19868
data_track2/IMG/center_2026_08_30_02_27_14_259.jpg,data_track2/IMG/left_2026_08_30_02_27_14_259.jpg,data_track2/IMG/right_2026_08_30_02_27_14_259.jpg,0.0,0.0,0.0,24.12539
data_track2/IMG/center_2026_08_30_02_26_56_955.jpg,data_track2/IMG/left_2026_08_30_02_26_56_955.jpg,data_track2/IMG/right_2026_08_30_02_26_56_955.jpg,0.5500001,0.0,0.0,20.18898
data_track2/IMG/center_2026_08_30_02_27_48_969.jpg,data_track2/IMG/left_2026_08_30_02_27_48_969.jpg,data_track2/IMG/right_2026_08_30_02_27_48_969.jpg,-0.4,0.0,0.0,15.65347
data_track2/IMG/center_2026_08_30_02_27_32_505.jpg,data_track2/IMG/left_2026_08_30_02_27_32_505.jpg,data_track2/IMG/right_2026_08_30_02_27_32_505.jpg,-0.9500002,0.6143371,0.0,14.70012
data_track2/IMG/center_2026_08_30_02_27_24_114.jpg,data_track2/IMG/left_2026_08_30_02_27_24_114.jpg,data_track2/IMG/right_2026_08_30_02_27_24_114.jpg,0.35,0.3438063,0.0,22.22205
data_track2/IMG/center_2026_08_30_02_28_36_956.jpg,data_track2/IMG/left_2026_08_30_02_28_36_956.jpg,data_track2/IMG/right_2026_08_30_02_28_36_956.jpg,-1.0,0.0,0.515008,21.6352
data_track2/IMG/center_2026_08_30_02_28_01_483.jpg,data_track2/IMG/left_2026_08_30_02_28_01_483.jpg,data_track2/IMG/right_2026_08_30_02_28_01_483.jpg,-0.6000001,1.0,0.0,22.47438
data_track2/IMG/center_2026_08_30_02_28_46_411.jpg,data_track2/IMG/left_2026_08_30_02_28_46_411.jpg,data_track2/IMG/right_2026_08_30_02_28_46_411.jpg,-0.1,0.0,0.0,26.6704
data_track2/IMG/center_2026_08_30_02_28_46_141.jpg,data_track2/IMG/left_2026_08_30_02_28_46_141.jpg,data_track2/IMG/right_2026_08_30_02_28_46_141.jpg,1.0,0.0,0.0,27.94439
data_track2/IMG/center_2026_08_30_02_28_35_047.jpg,data_track2/IMG/left_2026_08_30_02_28_35_047.jpg,data_track2/IMG/right_2026_08_30_02_28_35_047.jpg,-0.2,1.0,0.0,30.09666
data_track2/IMG/center_2026_08_30_02_28_14_107.jpg,data_track2/IMG/left_2026_08_30_02_28_14_107.jpg,data_track2/IMG/right_2026_08_30_02_28_14_107.jpg,-0.5500001,0.9282219,0.0,30.10623
data_track2/IMG/center_2026_08_30_02_26_58_781.jpg,data_track2/IMG/left_2026_08_30_02_26_58_781.jpg,data_track2/IMG/right_2026_08_30_02_26_58_781.jpg,0.7500002,1.0,0.0,25.60349
data_track2/IMG/center_2026_08_30_02_27_27_873.jpg,data_track2/IMG/left_2026_08_30_02_27_27_873.jpg,data_track2/IMG/right_2026_08_30_02_27_27_873.jpg,0.15,0.0,0.0,25.37068
data_track2/IMG/center_2026_08_30_02_27_26_705.jpg,data_track2/IMG/left_2026_08_30_02_27_26_705.jpg,data_track2/IMG/right_2026_08_30_02_27_26_705.jpg,-0.2,0.0,0.0,26.67342
data_track2/IMG/center_2026_08_30_02_28_47_998.jpg,data_track2/IMG/left_2026_08_30_02_28_47_998.jpg,data_track2/IMG/right_2026_08_30_02_28_47_998.jpg,-0.2,1.0,0.0,22.31823
data_track2/IMG/center_2026_08_30_02_26_54_980.jpg,data_track2/IMG/left_2026_08_30_02_26_54_980.jpg,data_track2/IMG/right_2026_08_30_02_26_54_980.jpg,-0.3,0.0,0.0,24.43179
data_track2/IMG/center_2026_08_30_02_27_36_504.jpg,data_track2/IMG/left_2026_08_30_02_27_36_504.jpg,data_track2/IMG/right_2026_08_30_02_27_36_504.jpg,0.9000002,0.586879,0.0,25.3613
data_track2/IMG/center_2026_08_30_02_28_09_062.jpg,data_track2/IMG/left_2026_08_30_02_28_09_062.jpg,data_track2/IMG/right_2026_08_30_02_28_09_062.jpg,-0.6500001,1.0,0.0,30.12993
data_track2/IMG/center_2026_08_30_02_28_05_918.jpg,data_track2/IMG/left_2026_08_30_02_28_05_918.jpg,data_track2/IMG/right_2026_08_30_02_28_05_918.jpg,-1.0,0.0,1.0,22.99922
data_track2/IMG/center_2026_08_30_02_27_23_033.jpg,data_track2/IMG/left_2026_08_30_02_27_23_033.jpg,data_track2/IMG/right_2026_08_30_02_27_23_033.jpg,0.1,0.0,0.581553,26.37311
data_track2/IMG/center_2026_08_30_02_28_27_563.jpg,data_track2/IMG/left_2026_08_30_02_28_27_563.jpg,data_track2/IMG/right_2026_08_30_02_28_27_563.jpg,1.0,0.0,0.0,19.57042
data_track2/IMG/center_2026_08_30_02_27_32_302.jpg,data_track2/IMG/left_2026_08_30_02_27_32_302.jpg,data_track2/IMG/right_2026_08_30_02_27_32_302.jpg,-0.45,0.159777,0.0,15.31312
data_track2/IMG/center_2026_08_30_02_28_59_297.jpg,data_track2/IMG/left_2026_08_30_02_28_59_297.jpg,data_track2/IMG/right_2026_08_30_02_28_59_297.jpg,0.1,1.0,0.0,30.18787
data_track2/IMG/center_2026_08_30_02_28_10_710.jpg,data_track2/IMG/left_2026_08_30_02_28_10_710.jpg,data_track2/IMG/right_2026_08_30_02_28_10_710.jpg,-0.2,1.0,0.0,30.18012
data_track2/IMG/center_2026_08_30_02_28_27_289.jpg,data_track2/IMG/left_2026_08_30_02_28_27_289.jpg,data_track2/IMG/right_2026_08_30_02_28_27_289.jpg,0.7500002,0.0,0.0,20.41797
data_track2/IMG/center_2026_08_30_02_27_58_553.jpg,data_track2/IMG/left_2026_08_30_02_27_58_553.jpg,data_track2/IMG/right_2026_08_30_02_27_58_553.jpg,0.6000001,0.0,0.0,23.3671
data_track2/IMG/center_2026_08_30_02_27_55_210.jpg,data_track2/IMG/left_2026_08_30_02_27_55_210.jpg,data_track2/IMG/right_2026_08_30_02_27_55_210.jpg,0.5500001,0.0,0.0,26.05947
data_track2/IMG/center_2026_08_30_02_27_17_844.jpg,data_track2/IMG/left_2026_08_30_02_27_17_844.jpg,data_track2/IMG/right_2026_08_30_02_27_17_844.jpg,0.8000001,0.0,0.0,27.03396
data_track2/IMG/center_2026_08_30_02_27_33_250.jpg,data_track2/IMG/left_2026_08_30_02_27_33_250.jpg,data_track2/IMG/right_2026_08_30_02_27_33_250.jpg,-0.7500002,1.0,0.0,16.61468
data_track2/IMG/center_2026_08_30_02_27_11_203.jpg,data_track2/IMG/left_2026_08_30_02_27_11_203.jpg,data_track2/IMG/right_2026_08_30_02_27_11_203.jpg,-0.6500001,0.0,0.0,22.41906
data_track2/IMG/center_2026_08_30_02_27_05_474.jpg,data_track2/IMG/left_2026_08_30_02_27_05_474.jpg,data_track2/IMG/right_2026_08_30_02_27_05_474.jpg,0.45,1.0,0.0,30.12662
data_track2/IMG/center_2026_08_30_02_28_40_679.jpg,data_track2/IMG/left_2026_08_30_02_28_40_679.jpg,data_track2/IMG/right_2026_08_30_02_28_40_679.jpg,1.0,0.0,0.0,23.58888
data_track2/IMG/center_2026_08_30_02_27_41_041.jpg,data_track2/IMG/left_2026_08_30_02_27_41_041.jpg,data_track2/IMG/right_2026_08_30_02_27_41_041.jpg,0.15,0.0,0.0,26.46405
data_track2/IMG/center_2026_08_30_02_28_17_307.jpg,data_track2/IMG/left_2026_08_30_02_28_17_307.jpg,data_track2/IMG/right_2026_08_30_02_28_17_307.jpg,-0.8000001,0.04870307,0.0,29.09083
data_track2/IMG/center_2026_08_30_02_27_00_144.jpg,data_track2/IMG/left_2026_08_30_02_27_00_144.jpg,data_track2/IMG/right_2026_08_30_02_27_00_144.jpg,0.25,1.0,0.0,30.17947
data_track2/IMG/center_2026_08_30_02_27_28_489.jpg,data_track2/IMG/left_2026_08_30_02_27_28_489.jpg,data_track2/IMG/right_2026_08_30_02_27_28_489.jpg,-0.5000001,0.0,0.0,26.54189
data_track2/IMG/center_2026_08_30_02_27_50_908.jpg,data_track2/IMG/left_2026_08_30_02_27_50_908.jpg,data_track2/IMG/right_2026_08_30_02_27_50_908.jpg,-0.5000001,1.0,0.0,16.03593
data_track2/IMG/center_2026_08_30_02_27_58_135.jpg,data_track2/IMG/left_2026_08_30_02_27_58_135.jpg,data_track2/IMG/right_2026_08_30_02_27_58_135.jpg,1.0,0.0,0.0,25.00168
data_track2/IMG/center_2026_08_30_02_27_54_594.jpg,data_track2/IMG/left_2026_08_30_02_27_54_594.jpg,data_track2/IMG/right_2026_08_30_02_27_54_594.jpg,0.05,0.0,0.0,28.42437
data_track2/IMG/center_2026_08_30_02_28_13_972.jpg,data_track2/IMG/left_2026_08_30_02_28_13_972.jpg,data_track2/IMG/right_2026_08_30_02_28_13_972.jpg,-0.2,0.861676,0.0,30.1506
data_track2/IMG/center_2026_08_30_02_28_17_376.jpg,data_track2/IMG/left_2026_08_30_02_28_17_376.jpg,data_track2/IMG/right_2026_08_30_02_28_17_376.jpg,-0.9500002,0.2280703,0.0,28.69738
data_track2/IMG/center_2026_08_30_02_28_24_467.jpg,data_track2/IMG/left_2026_08_30_02_28_24_467.jpg,data_track2/IMG/right_2026_08_30_02_28_24_467.jpg,-1.0,0.6455652,0.0,19.8339
data_track2/IMG/center_2026_08_30_02_27_48_829.jpg,data_track2/IMG/left_2026_08_30_02_27_48_829.jpg,data_track2/IMG/right_2026_08_30_02_27_48_829.jpg,-0.05,0.0,0.1486357,16.90215
data_track2/IMG/center_2026_08_30_02_27_09_621.jpg,data_track2/IMG/left_2026_08_30_02_27_09_621.jpg,data_track2/IMG/right_2026_08_30_02_27_09_621.jpg,-0.7,0.0,0.0,29.42804
data_track2/IMG/center_2026_08_30_02_28_50_884.jpg,data_track2/IMG/left_2026_08_30_02_28_50_884.jpg,data_track2/IMG/right_2026_08_30_02_28_50_884.jpg,-0.7500002,1.0,0.0,29.96368
data_track2/IMG/center_2026_08_30_02_28_05_777.jpg,data_track2/IMG/left_2026_08_30_02_28_05_777.jpg,data_track2/IMG/right_2026_08_30_02_28_05_777.jpg,-0.7500002,0.0,1.0,23.84469
data_track2/IMG/center_2026_08_30_02_27_39_360.jpg,data_track2/IMG/left_2026_08_30_02_27_39_360.jpg,data_track2/IMG/right_2026_08_30_02_27_39_360.jpg,0.7500002,1.0,0.0,28.74364
data_track2/IMG/center_2026_08_30_02_28_36_685.jpg,data_track2/IMG/left_2026_08_30_02_28_36_685.jpg,data_track2/IMG/right_2026_08_30_02_28_36_685.jpg,-1.0,0.0,0.8615792,25.84719
data_track2/IMG/center_2026_08_30_02_28_33_489.jpg,data_track2/IMG/left_2026_08_30_02_28_33_489.jpg,data_track2/IMG/right_2026_08_30_02_28_33_489.jpg,0.5000001,0.630264,0.0,30.20036
data_track2/IMG/center_2026_08_30_02_28_54_826.jpg,data_track2/IMG/left_2026_08_30_02_28_54_826.jpg,data_track2/IMG/right_2026_08_30_02_28_54_826.jpg,0.35,1.0,0.0,30.16924
data_track2/IMG/center_2026_08_30_02_27_39_780.jpg,data_track2/IMG/left_2026_08_30_02_27_39_780.jpg,data_track2/IMG/right_2026_08_30_02_27_39_780.jpg,0.8000001,0.2726529,0.0,29.87127
data_track2/IMG/center_2026_08_30_02_28_49_098.jpg,data_track2/IMG/left_2026_08_30_02_28_49_098.jpg,data_track2/IMG/right_2026_08_30_02_28_49_098.jpg,-0.2,1.0,0.0,27.34124
data_track2/IMG/center_2026_08_30_02_28_31_044.jpg,data_track2/IMG/left_2026_08_30_02_28_31_044.jpg,data_track2/IMG/right_2026_08_30_02_28_31_044.jpg,0.4,0.2262357,0.0,26.25977
data_track2/IMG/center_2026_08_30_02_28_52_397.jpg,data_track2/IMG/left_2026_08_30_02_28_52_397.jpg,data_track2/IMG/right_2026_08_30_02_28_52_397.jpg,-0.5500001,0.7095029,0.0,25.95234
data_track2/IMG/center_2026_08_30_02_28_22_331.jpg,data_track2/IMG/left_2026_08_30_02_28_22_331.jpg,data_track2/IMG/right_2026_08_30_02_28_22_331.jpg,-0.6000001,0.5328729,0.0,29.91123
data_track2/IMG/center_2026_08_30_02_27_23_843.jpg,data_track2/IMG/left_2026_08_30_02_27_23_843.jpg,data_track2/IMG/right_2026_08_30_02_27_23_843.jpg,0.1,0.6416159,0.0,20.04762
data_track2/IMG/center_2026_08_30_02_28_15_937.jpg,data_track2/IMG/left_2026_08_30_02_28_15_937.jpg,data_track2/IMG/right_2026_08_30_02_28_15_937.jpg,-0.7500002,0.8710691,0.0,29.09026
data_track2/IMG/center_2026_08_30_02_27_09_008.jpg,data_track2/IMG/left_2026_08_30_02_27_09_008.jpg,data_track2/IMG/right_2026_08_30_02_27_09_008.jpg,-0.35,1.0,0.0,30.14473
data_track2/IMG/center_2026_08_30_02_28_49_989.jpg,data_track2/IMG/left_2026_08_30_02_28_49_989.jpg,data_track2/IMG/right_2026_08_30_02_28_49_989.jpg,-0.9500002,1.0,0.0,29.93777
data_track2/IMG/center_2026_08_30_02_27_06_173.jpg,data_track2/IMG/left_2026_08_30_02_27_06_173.jpg,data_track2/IMG/right_2026_08_30_02_27_06_173.jpg,0.3,1.0,0.0,30.08812
data_track2/IMG/center_2026_08_30_02_28_51_368.jpg,data_track2/IMG/left_2026_08_30_02_28_51_368.jpg,data_track2/IMG/right_2026_08_30_02_28_51_368.jpg,-0.1,0.289951,0.0,29.88569
data_track2/IMG/center_2026_08_30_02_27_04_235.jpg,data_track2/IMG/left_2026_08_30_02_27_04_235.jpg,data_track2/IMG/right_2026_08_30_02_27_04_235.jpg,0.1,1.0,0.0,30.08415
data_track2/IMG/center_2026_08_30_02_28_31_183.jpg,data_track2/IMG/left_2026_08_30_02_28_31_183.jpg,data_track2/IMG/right_2026_08_30_02_28_31_183.jpg,0.7500002,0.6479909,0.0,26.96192
data_track2/IMG/center_2026_08_30_02_27_14_954.jpg,data_track2/IMG/left_2026_08_30_02_27_14_954.jpg,data_track2/IMG/right_2026_08_30_02_27_14_954.jpg,-0.4,0.7199188,0.0,23.07187
data_track2/IMG/center_2026_08_30_02_27_57_794.jpg,data_track2/IMG/left_2026_08_30_02_27_57_794.jpg,data_track2/IMG/right_2026_08_30_02_27_57_794.jpg,0.15,0.0,0.0,26.56359
data_track2/IMG/center_2026_08_30_02_27_53_233.jpg,data_track2/IMG/left_2026_08_30_02_27_53_233.jpg,data_track2/IMG/right_2026_08_30_02_27_53_233.jpg,-0.7,0.0,0.0,29.41548
data_track2/IMG/center_2026_08_30_02_28_32_880.jpg,data_track2/IMG/left_2026_08_30_02_28_32_880.jpg,data_track2/IMG/right_2026_08_30_02_28_32_880.jpg,0.15,0.0,0.09084928,29.18902
data_track2/IMG/center_2026_08_30_02_28_42_270.jpg,data_track2/IMG/left_2026_08_30_02_28_42_270.jpg,data_track2/IMG/right_2026_08_30_02_28_42_270.jpg,-1.0,0.0249753,0.0,24.33528
data_track2/IMG/center_2026_08_30_02_27_50_355.jpg,data_track2/IMG/left_2026_08_30_02_27_50_355.jpg,data_track2/IMG/right_2026_08_30_02_27_50_355.jpg,-1.0,0.40263,0.0,13.91787
data_track2/IMG/center_2026_08_30_02_27_40_402.jpg,data_track2/IMG/left_2026_08_30_02_27_40_402.jpg,data_track2/IMG/right_2026_08_30_02_27_40_402.jpg,0.15,0.0,0.0,28.48496
data_track2/IMG/center_2026_08_30_02_26_58_105.jpg,data_track2/IMG/left_2026_08_30_02_26_58_105.jpg,data_track2/IMG/right_2026_08_30_02_26_58_105.jpg,0.6500001,0.2452269,0.0,21.44553
data_track2/IMG/center_2026_08_30_02_27_54_800.jpg,data_track2/IMG/left_2026_08_30_02_27_54_800.jpg,data_track2/IMG/right_2026_08_30_02_27_54_800.jpg,0.5500001,0.0,0.0,27.65649
data_track2/IMG/center_2026_08_30_02_27_25_809.jpg,data_track2/IMG/left_2026_08_30_02_27_25_809.jpg,data_track2/IMG/right_2026_08_30_02_27_25_809.jpg,1.0,0.0,0.0,24.91398
data_track2/IMG/center_2026_08_30_02_27_25_200.jpg,data_track2/IMG/left_2026_08_30_02_27_25_200.jpg,data_track2/IMG/right_2026_08_30_02_27_25_200.jpg,0.3,0.3385953,0.0,26.69319
data_track2/IMG/center_2026_08_30_02_27_34_807.jpg,data_track2/IMG/left_2026_08_30_02_27_34_807.jpg,data_track2/IMG/right_2026_08_30_02_27_34_807.jpg,1.0,0.0,0.0,19.19612
data_track2/IMG/center_2026_08_30_02_28_23_433.jpg,data_track2/IMG/left_2026_08_30_02_28_23_433.jpg,data_track2/IMG/right_2026_08_30_02_28_23_433.jpg,-0.9000002,0.3656223,0.0,19.03039
data_track2/IMG/center_2026_08_30_02_26_55_802.jpg,data_track2/IMG/left_2026_08_30_02_26_55_802.jpg,data_track2/IMG/right_2026_08_30_02_26_55_802.jpg,-0.3,1.0,0.0,22.93581
data_track2/IMG/center_2026_08_30_02_27_58_415.jpg,data_track2/IMG/left_2026_08_30_02_27_58_415.jpg,data_track2/IMG/right_2026_08_30_02_27_58_415.jpg,0.25,0.0,0.0,23.91241
data_track2/IMG/center_2026_08_30_02_28_33_624.jpg,data_track2/IMG/left_2026_08_30_02_28_33_624.jpg,data_track2/IMG/right_2026_08_30_02_28_33_624.jpg,0.05,0.9484742,0.0,30.28418
data_track2/IMG/center_2026_08_30_02_27_57_593.jpg,data_track2/IMG/left_2026_08_30_02_27_57_593.jpg,data_track2/IMG/right_2026_08_30_02_27_57_593.jpg,0.7500002,0.0,0.0,27.41743
data_track2/IMG/center_2026_08_30_02_27_20_987.jpg,data_track2/IMG/left_2026_08_30_02_27_20_987.jpg,data_track2/IMG/right_2026_08_30_02_27_20_987.jpg,-0.1,0.0,0.0,29.0149
data_track2/IMG/center_2026_08_30_02_27_23_639.jpg,data_track2/IMG/left_2026_08_30_02_27_23_639.jpg,data_track2/IMG/right_2026_08_30_02_27_23_639.jpg,0.4,0.04224014,0.0,19.23314
data_track2/IMG/center_2026_08_30_02_28_26_264.jpg,data_track2/IMG/left_2026_08_30_02_28_26_264.jpg,data_track2/IMG/right_2026_08_30_02_28_26_264.jpg,0.3,0.686227,0.0,28.35013
data_track2/IMG/center_2026_08_30_02_27_09_688.jpg,data_track2/IMG/left_2026_08_30_02_27_09_688.jpg,data_track2/IMG/right_2026_08_30_02_27_09_688.jpg,-0.9000002,0.0,0.0,28.8835
data_track2/IMG/center_2026_08_30_02_27_46_281.jpg,data_track2/IMG/left_2026_08_30_02_27_46_281.jpg,data_track2/IMG/right_2026_08_30_02_27_46_281.jpg,0.7500002,0.4462122,0.0,21.92349
data_track2/IMG/center_2026_08_30_02_27_33_656.jpg,data_track2/IMG/left_2026_08_30_02_27_33_656.jpg,data_track2/IMG/right_2026_08_30_02_27_33_656.jpg,-0.3,1.0,0.0,18.32626
data_track2/IMG/center_2026_08_30_02_28_40_885.jpg,data_track2/IMG/left_2026_08_30_02_28_40_885.jpg,data_track2/IMG/right_2026_08_30_02_28_40_885.jpg,-0.05,0.0,0.0,23.66273
data_track2/IMG/center_2026_08_30_02_27_39_290.jpg,data_track2/IMG/left_2026_08_30_02_27_39_290.jpg,data_track2/IMG/right_2026_08_30_02_27_39_290.jpg,0.6000001,1.0,0.0,28.37018
data_track2/IMG/center_2026_08_30_02_28_12_955.jpg,data_track2/IMG/left_2026_08_30_02_28_12_955.jpg,data_track2/IMG/right_2026_08_30_02_28_12_955.jpg,-0.1,1.0,0.0,22.6213
data_track2/IMG/center_2026_08_30_02_28_32_336.jpg,data_track2/IMG/left_2026_08_30_02_28_32_336.jpg,data_track2/IMG/right_2026_08_30_02_28_32_336.jpg,-0.25,0.1493701,0.0,29.51304
data_track2/IMG/center_2026_08_30_02_28_19_462.jpg,data_track2/IMG/left_2026_08_30_02_28_19_462.jpg,data_track2/IMG/right_2026_08_30_02_28_19_462.jpg,1.0,1.0,0.0,27.8818
data_track2/IMG/center_2026_08_30_02_26_55_940.jpg,data_track2/IMG/left_2026_08_30_02_26_55_940.jpg,data_track2/IMG/right_2026_08_30_02_26_55_940.jpg,-0.6500001,0.9183371,0.0,23.05791
data_track2/IMG/center_2026_08_30_02_28_58_537.jpg,data_track2/IMG/left_2026_08_30_02_28_58_537.jpg,data_track2/IMG/right_2026_08_30_02_28_58_537.jpg,-0.3,1.0,0.0,30.1677
data_track2/IMG/center_2026_08_30_02_28_53_372.jpg,data_track2/IMG/left_2026_08_30_02_28_53_372.jpg,data_track2/IMG/right_2026_08_30_02_28_53_372.jpg,-0.5500001,1.0,0.0,30.13953
data_track2/IMG/center_2026_08_30_02_27_21_395.jpg,data_track2/IMG/left_2026_08_30_02_27_21_395.jpg,data_track2/IMG/right_2026_08_30_02_27_21_395.jpg,-0.2,0.0,0.0,29.06982
data_track2/IMG/center_2026_08_30_02_28_27_703.jpg,data_track2/IMG/left_2026_08_30_02_28_27_703.jpg,data_track2/IMG/right_2026_08_30_02_28_27_703.jpg,1.0,0.0,0.0,18.78662
data_track2/IMG/center_2026_08_30_02_27_05_129.jpg,data_track2/IMG/left_2026_08_30_02_27_05_129.jpg,data_track2/IMG/right_2026_08_30_02_27_05_129.jpg,0.6000001,1.0,0.0,30.0901
data_track2/IMG/center_2026_08_30_02_28_34_168.jpg,data_track2/IMG/left_2026_08_30_02_28_34_168.jpg,data_track2/IMG/right_2026_08_30_02_28_34_168.jpg,0.0,1.0,0.0,30.10656
data_track2/IMG/center_2026_08_30_02_28_21_717.jpg,data_track2/IMG/left_2026_08_30_02_28_21_717.jpg,data_track2/IMG/right_2026_08_30_02_28_21_717.jpg,-0.35,1.0,0.0,30.25515
data_track2/IMG/center_2026_08_30_02_27_01_912.jpg,data_track2/IMG/left_2026_08_30_02_27_01_912.jpg,data_track2/IMG/right_2026_08_30_02_27_01_912.jpg,-0.15,1.0,0.0,30.1841
data_track2/IMG/center_2026_08_30_02_27_38_328.jpg,data_track2/IMG/left_2026_08_30_02_27_38_328.jpg,data_track2/IMG/right_2026_08_30_02_27_38_328.jpg,0.6000001,0.900861,0.0,20.40969
data_track2/IMG/center_2026_08_30_02_27_30_388.jpg,data_track2/IMG/left_2026_08_30_02_27_30_388.jpg,data_track2/IMG/right_2026_08_30_02_27_30_388.jpg,0.05,0.0,0.0,28.38055
data_track2/IMG/center_2026_08_30_02_28_44_613.jpg,data_track2/IMG/left_2026_08_30_02_28_44_613.jpg,data_track2/IMG/right_2026_08_30_02_28_44_613.jpg,0.0,0.3789402,0.0,30.04436
data_track2/IMG/center_2026_08_30_02_26_51_301.jpg,data_track2/IMG/left_2026_08_30_02_26_51_301.jpg,data_track2/IMG/right_2026_08_30_02_26_51_301.jpg,0.0,1.0,0.0,8.001001
data_track2/IMG/center_2026_08_30_02_27_19_076.jpg,data_track2/IMG/left_2026_08_30_02_27_19_076.jpg,data_track2/IMG/right_2026_08_30_02_27_19_076.jpg,0.2,1.0,0.0,27.20348
data_track2/IMG/center_2026_08_30_02_28_17_106.jpg,data_track2/IMG/left_2026_08_30_02_28_17_106.jpg,data_track2/IMG/right_2026_08_30_02_28_17_106.jpg,-0.3,0.6009699,0.0,29.95938
data_track2/IMG/center_2026_08_30_02_27_09_554.jpg,data_track2/IMG/left_2026_08_30_02_27_09_554.jpg,data_track2/IMG/right_2026_08_30_02_27_09_554.jpg,-0.5500001,0.03700614,0.0,29.77757
data_track2/IMG/center_2026_08_30_02_28_28_251.jpg,data_track2/IMG/left_2026_08_30_02_28_28_251.jpg,data_track2/IMG/right_2026_08_30_02_28_28_251.jpg,1.0,0.357639,0.0,19.19616
data_track2/IMG/center_2026_08_30_02_28_07_018.jpg,data_track2/IMG/left_2026_08_30_02_28_07_018.jpg,data_track2/IMG/right_2026_08_30_02_28_07_018.jpg,0.8500001,0.1797097,0.0,22.61894
data_track2/IMG/center_2026_08_30_02_28_16_617.jpg,data_track2/IMG/left_2026_08_30_02_28_16_617.jpg,data_track2/IMG/right_2026_08_30_02_28_16_617.jpg,-0.05,1.0,0.0,29.22703
data_track2/IMG/center_2026_08_30_02_27_04_642.jpg,data_track2/IMG/left_2026_08_30_02_27_04_642.jpg,data_track2/IMG/right_2026_08_30_02_27_04_642.jpg,1.0,1.0,0.0,29.98205
data_track2/IMG/center_2026_08_30_02_28_17_239.jpg,data_track2/IMG/left_2026_08_30_02_28_17_239.jpg,data_track2/IMG/right_2026_08_30_02_28_17_239.jpg,-0.6000001,0.238273,0.0,29.65316
data_track2/IMG/center_2026_08_30_02_27_28_420.jpg,data_track2/IMG/left_2026_08_30_02_27_28_420.jpg,data_track2/IMG/right_2026_08_30_02_27_28_420.jpg,-0.3,0.0,0.0,26.47747
data_track2/IMG/center_2026_08_30_02_28_46_070.jpg,data_track2/IMG/left_2026_08_30_02_28_46_070.jpg,data_track2/IMG/right_2026_08_30_02_28_46_070.jpg,1.0,0.0,0.0,28.36567
data_track2/IMG/center_2026_08_30_02_28_27_428.jpg,data_track2/IMG/left_2026_08_30_02_28_27_428.jpg,data_track2/IMG/right_2026_08_30_02_28_27_428.jpg,1.0,0.0,0.0,19.96627
data_track2/IMG/center_2026_08_30_02_27_33_116.jpg,data_track2/IMG/left_2026_08_30_02_27_33_116.jpg,data_track2/IMG/right_2026_08_30_02_27_33_116.jpg,-0.4,1.0,0.0,15.95795
data_track2/IMG/center_2026_08_30_02_27_00_077.jpg,data_track2/IMG/left_2026_08_30_02_27_00_077.jpg,data_track2/IMG/right_2026_08_30_02_27_00_077.jpg,0.1,1.0,0.0,30.19034
data_track2/IMG/center_2026_08_30_02_26_55_735.jpg,data_track2/IMG/left_2026_08_30_02_26_55_735.jpg,data_track2/IMG/right_2026_08_30_02_26_55_735.jpg,-0.15,1.0,0.0,22.67544
data_track2/IMG/center_2026_08_30_02_27_22_148.jpg,data_track2/IMG/left_2026_08_30_02_27_22_148.jpg,data_track2/IMG/right_2026_08_30_02_27_22_148.jpg,-0.25,0.0,0.0,29.39099
data_track2/IMG/center_2026_08_30_02_27_00_624.jpg,data_track2/IMG/left_2026_08_30_02_27_00_624.jpg,data_track2/IMG/right_2026_08_30_02_27_00_624.jpg,0.1,1.0,0.0,30.18993
data_track2/IMG/center_2026_08_30_02_28_30_497.jpg,data_track2/IMG/left_2026_08_30_02_28_30_497.jpg,data_track2/IMG/right_2026_08_30_02_28_30_497.jpg,0.05,0.0,0.0,26.29099
data_track2/IMG/center_2026_08_30_02_28_08_107.jpg,data_track2/IMG/left_2026_08_30_02_28_08_107.jpg,data_track2/IMG/right_2026_08_30_02_28_08_107.jpg,0.15,0.813912,0.0,25.87896
data_track2/IMG/center_2026_08_30_02_27_24_320.jpg,data_track2/IMG/left_2026_08_30_02_27_24_320.jpg,data_track2/IMG/right_2026_08_30_02_27_24_320.jpg,0.8500001,0.945327,0.0,23.73591
data_track2/IMG/center_2026_08_30_02_27_56_290.jpg,data_track2/IMG/left_2026_08_30_02_27_56_290.jpg,data_track2/IMG/right_2026_08_30_02_27_56_290.jpg,1.0,0.8185003,0.0,26.84069
data_track2/IMG/center_2026_08_30_02_27_53_914.jpg,data_track2/IMG/left_2026_08_30_02_27_53_914.jpg,data_track2/IMG/right_2026_08_30_02_27_53_914.jpg,0.1,0.7979339,0.0,28.65368
data_track2/IMG/center_2026_08_30_02_28_35_524.jpg,data_track2/IMG/left_2026_08_30_02_28_35_524.jpg,data_track2/IMG/right_2026_08_30_02_28_35_524.jpg,-0.05,1.0,0.0,30.04953
data_track2/IMG/center_2026_08_30_02_27_26_223.jpg,data_track2/IMG/left_2026_08_30_02_27_26_223.jpg,data_track2/IMG/right_2026_08_30_02_27_26_223.jpg,0.6000001,0.0,0.0,25.55018
data_track2/IMG/center_2026_08_30_02_27_13_769.jpg,data_track2/IMG/left_2026_08_30_02_27_13_769.jpg,data_track2/IMG/right_2026_08_30_02_27_13_769.jpg,-0.15,0.0,0.0,26.43827
data_track2/IMG/center_2026_08_30_02_28_57_304.jpg,data_track2/IMG/left_2026_08_30_02_28_57_304.jpg,data_track2/IMG/right_2026_08_30_02_28_57_304.jpg,0.15,1.0,0.0,26.90932
data_track2/IMG/center_2026_08_30_02_27_31_212.jpg,data_track2/IMG/left_2026_08_30_02_27_31_212.jpg,data_track2/IMG/right_2026_08_30_02_27_31_212.jpg,-0.4,0.9618701,0.0,25.22055
data_track2/IMG/center_2026_08_30_02_27_06_660.jpg,data_track2/IMG/left_2026_08_30_02_27_06_660.jpg,data_track2/IMG/right_2026_08_30_02_27_06_660.jpg,0.1,1.0,0.0,30.10643
data_track2/IMG/center_2026_08_30_02_27_45_021.jpg,data_track2/IMG/left_2026_08_30_02_27_45_021.jpg,data_track2/IMG/right_2026_08_30_02_27_45_021.jpg,0.0,0.0,0.01577485,13.86406
data_track2/IMG/center_2026_08_30_02_28_27_972.jpg,data_track2/IMG/left_2026_08_30_02_28_27_972.jpg,data_track2/IMG/right_2026_08_30_02_28_27_972.jpg,1.0,0.1881058,0.0,18.18018
data_track2/IMG/center_2026_08_30_02_27_11_406.jpg,data_track2/IMG/left_2026_08_30_02_27_11_406.jpg,data_track2/IMG/right_2026_08_30_02_27_11_406.jpg,-1.0,0.0,0.0,21.19172
data_track2/IMG/center_2026_08_30_02_27_19_905.jpg,data_track2/IMG/left_2026_08_30_02_27_19_905.jpg,data_track2/IMG/right_2026_08_30_02_27_19_905.jpg,-0.05,0.5209807,0.0,30.05746
data_track2/IMG/center_2026_08_30_02_28_53_785.jpg,data_track2/IMG/left_2026_08_30_02_28_53_785.jpg,data_track2/IMG/right_2026_08_30_02_28_53_785.jpg,-0.35,1.0,0.0,30.17298
data_track2/IMG/center_2026_08_30_02_27_11_132.jpg,data_track2/IMG/left_2026_08_30_02_27_11_132.jpg,data_track2/IMG/right_2026_08_30_02_27_11_132.jpg,-0.5000001,0.0,0.0,22.49308
data_track2/IMG/center_2026_08_30_02_27_35_214.jpg,data_track2/IMG/left_2026_08_30_02_27_35_214.jpg,data_track2/IMG/right_2026_08_30_02_27_35_214.jpg,0.5000001,1.0,0.0,19.50514
data_track2/IMG/center_2026_08_30_02_27_02_388.jpg,data_track2/IMG/left_2026_08_30_02_27_02_388.jpg,data_track2/IMG/right_2026_08_30_02_27_02_388.jpg,0.0,1.0,0.0,30.19025
data_track2/IMG/center_2026_08_30_02_28_49_922.jpg,data_track2/IMG/left_2026_08_30_02_28_49_922.jpg,data_track2/IMG/right_2026_08_30_02_28_49_922.jpg,-0.7500002,1.0,0.0,29.7024
data_track2/IMG/center_2026_08_30_02_27_32_573.jpg,data_track2/IMG/left_2026_08_30_02_27_32_573.jpg,data_track2/IMG/right_2026_08_30_02_27_32_573.jpg,-1.0,0.3721833,0.0,14.82269
data_track2/IMG/center_2026_08_30_02_28_26_398.jpg,data_track2/IMG/left_2026_08_30_02_28_26_398.jpg,data_track2/IMG/right_2026_08_30_02_28_26_398.jpg,0.6500001,0.0,0.07872891,27.95439
data_track2/IMG/center_2026_08_30_02_27_10_302.jpg,data_track2/IMG/left_2026_08_30_02_27_10_302.jpg,data_track2/IMG/right_2026_08_30_02_27_10_302.jpg,-0.4,0.0,0.0,26.09973
data_track2/IMG/center_2026_08_30_02_27_21_668.jpg,data_track2/IMG/left_2026_08_30_02_27_21_668.jpg,data_track2/IMG/right_2026_08_30_02_27_21_668.jpg,-0.1,0.0,0.0,29.40418
data_track2/IMG/center_2026_08_30_02_28_14_448.jpg,data_track2/IMG/left_2026_08_30_02_28_14_448.jpg,data_track2/IMG/right_2026_08_30_02_28_14_448.jpg,-0.2,0.09816408,0.0,29.96671
data_track2/IMG/center_2026_08_30_02_26_57_226.jpg,data_track2/IMG/left_2026_08_30_02_26_57_226.jpg,data_track2/IMG/right_2026_08_30_02_26_57_226.jpg,0.0,0.05730879,0.0,19.32904
data_track2/IMG/center_2026_08_30_02_26_58_647.jpg,data_track2/IMG/left_2026_08_30_02_26_58_647.jpg,data_track2/IMG/right_2026_08_30_02_26_58_647.jpg,0.45,1.0,0.0,24.72391
data_track2/IMG/center_2026_08_30_02_27_14_398.jpg,data_track2/IMG/left_2026_08_30_02_27_14_398.jpg,data_track2/IMG/right_2026_08_30_02_27_14_398.jpg,-0.3,0.0,0.0,23.82741
data_track2/IMG/center_2026_08_30_02_27_40_195.jpg,data_track2/IMG/left_2026_08_30_02_27_40_195.jpg,data_track2/IMG/right_2026_08_30_02_27_40_195.jpg,0.4,0.0,0.0,29.25336
data_track2/IMG/center_2026_08_30_02_28_17_172.jpg,data_track2/IMG/left_2026_08_30_02_28_17_172.jpg,data_track2/IMG/right_2026_08_30_02_28_17_172.jpg,-0.45,0.4125669,0.0,29.91248
data_track2/IMG/center_2026_08_30_02_27_04_306.jpg,data_track2/IMG/left_2026_08_30_02_27_04_306.jpg,data_track2/IMG/right_2026_08_30_02_27_04_306.jpg,0.3,1.0,0.0,30.0698
data_track2/IMG/center_2026_08_30_02_26_59_598.jpg,data_track2/IMG/left_2026_08_30_02_26_59_598.jpg,data_track2/IMG/right_2026_08_30_02_26_59_598.jpg,0.3,1.0,0.0,30.1779
data_track2/IMG/center_2026_08_30_02_28_23_363.jpg,data_track2/IMG/left_2026_08_30_02_28_23_363.jpg,data_track2/IMG/right_2026_08_30_02_28_23_363.jpg,-0.7,0.6044011,0.0,18.91908
data_track2/IMG/center_2026_08_30_02_28_16_822.jpg,data_track2/IMG/left_2026_08_30_02_28_16_822.jpg,data_track2/IMG/right_2026_08_30_02_28_16_822.jpg,-0.5500001,1.0,0.0,29.83179
data_track2/IMG/center_2026_08_30_02_28_27_770.jpg,data_track2/IMG/left_2026_08_30_02_28_27_770.jpg,data_track2/IMG/right_2026_08_30_02_28_27_770.jpg,1.0,0.0,0.0,18.58263
data_track2/IMG/center_2026_08_30_02_28_32_607.jpg,data_track2/IMG/left_2026_08_30_02_28_32_607.jpg,data_track2/IMG/right_2026_08_30_02_28_32_607.jpg,-0.35,0.0,0.0,29.7444
data_track2/IMG/center_2026_08_30_02_28_14_921.jpg,data_track2/IMG/left_2026_08_30_02_28_14_921.jpg,data_track2/IMG/right_2026_08_30_02_28_14_921.jpg,-0.7,0.9013301,0.0,30.10873
data_track2/IMG/center_2026_08_30_02_28_40_403.jpg,data_track2/IMG/left_2026_08_30_02_28_40_403.jpg,data_track2/IMG/right_2026_08_30_02_28_40_403.jpg,0.7500002,0.09974134,0.0,23.36539
data_track2/IMG/center_2026_08_30_02_27_09_349.jpg,data_track2/IMG/left_2026_08_30_02_27_09_349.jpg,data_track2/IMG/right_2026_08_30_02_27_09_349.jpg,-0.05,0.6433091,0.0,30.1104
data_track2/IMG/center_2026_08_30_02_27_09_962.jpg,data_track2/IMG/left_2026_08_30_02_27_09_962.jpg,data_track2/IMG/right_2026_08_30_02_27_09_962.jpg,-1.0,0.0,0.0,27.28173
data_track2/IMG/center_2026_08_30_02_27_12_180.jpg,data_track2/IMG/left_2026_08_30_02_27_12_180.jpg,data_track2/IMG/right_2026_08_30_02_27_12_180.jpg,0.4,1.0,0.0,23.59441
data_track2/IMG/center_2026_08_30_02_28_02_459.jpg,data_track2/IMG/left_2026_08_30_02_28_02_459.jpg,data_track2/IMG/right_2026_08_30_02_28_02_459.jpg,-0.25,1.0,0.0,30.17486
data_track2/IMG/center_2026_08_30_02_27_49_105.jpg,data_track2/IMG/left_2026_08_30_02_27_49_105.jpg,data_track2/IMG/right_2026_08_30_02_27_49_105.jpg,-0.2,0.0,0.0,15.4433
data_track2/IMG/center_2026_08_30_02_28_51_160.jpg,data_track2/IMG/left_2026_08_30_02_28_51_160.jpg,data_track2/IMG/right_2026_08_30_02_28_51_160.jpg,-0.3,0.9502239,0.0,30.11029
data_track2/IMG/center_2026_08_30_02_27_53_369.jpg,data_track2/IMG/left_2026_08_30_02_27_53_369.jpg,data_track2/IMG/right_2026_08_30_02_27_53_369.jpg,-1.0,0.0,0.0,29.2588
data_track2/IMG/center_2026_08_30_02_27_37_586.jpg,data_track2/IMG/left_2026_08_30_02_27_37_586.jpg,data_track2/IMG/right_2026_08_30_02_27_37_586.jpg,0.5500001,0.5622089,0.0,21.749
data_track2/IMG/center_2026_08_30_02_27_58_965.jpg,data_track2/IMG/left_2026_08_30_02_27_58_965.jpg,data_track2/IMG/right_2026_08_30_02_27_58_965.jpg,0.1,0.0,0.0,21.62749
data_track2/IMG/center_2026_08_30_02_28_17_035.jpg,data_track2/IMG/left_2026_08_30_02_28_17_035.jpg,data_track2/IMG/right_2026_08_30_02_28_17_035.jpg,-0.1,0.8391311,0.0,30.09965
data_track2/IMG/center_2026_08_30_02_27_25_404.jpg,data_track2/IMG/left_2026_08_30_02_27_25_404.jpg,data_track2/IMG/right_2026_08_30_02_27_25_404.jpg,0.8000001,0.0,0.0,26.38609
data_track2/IMG/center_2026_08_30_02_28_22_744.jpg,data_track2/IMG/left_2026_08_30_02_28_22_744.jpg,data_track2/IMG/right_2026_08_30_02_28_22_744.jpg,-0.15,0.0,1.0,23.38796
data_track2/IMG/center_2026_08_30_02_27_03_344.jpg,data_track2/IMG/left_2026_08_30_02_27_03_344.jpg,data_track2/IMG/right_2026_08_30_02_27_03_344.jpg,0.15,1.0,0.0,30.12205
data_track2/IMG/center_2026_08_30_02_28_37_090.jpg,data_track2/IMG/left_2026_08_30_02_28_37_090.jpg,data_track2/IMG/right_2026_08_30_02_28_37_090.jpg,-1.0,0.0,0.09468973,19.55001
data_track2/IMG/center_2026_08_30_02_27_18_190.jpg,data_track2/IMG/left_2026_08_30_02_27_18_190.jpg,data_track2/IMG/right_2026_08_30_02_27_18_190.jpg,0.5500001,0.0,0.0,25.63568
data_track2/IMG/center_2026_08_30_02_26_56_616.jpg,data_track2/IMG/left_2026_08_30_02_26_56_616.jpg,data_track2/IMG/right_2026_08_30_02_26_56_616.jpg,1.0,0.0,0.0,20.96574
data_track2/IMG/center_2026_08_30_02_28_25_019.jpg,data_track2/IMG/left_2026_08_30_02_28_25_019.jpg,data_track2/IMG/right_2026_08_30_02_28_25_019.jpg,-0.2,1.0,0.0,24.61757
data_track2/IMG/center_2026_08_30_02_28_20_481.jpg,data_track2/IMG/left_2026_08_30_02_28_20_481.jpg,data_track2/IMG/right_2026_08_30_02_28_20_481.jpg,-0.15,1.0,0.0,30.13996
data_track2/IMG/center_2026_08_30_02_27_00_691.jpg,data_track2/IMG/left_2026_08_30_02_27_00_691.jpg,data_track2/IMG/right_2026_08_30_02_27_00_691.jpg,0.3,1.0,0.0,30.17309
data_track2/IMG/center_2026_08_30_02_28_56_892.jpg,data_track2/IMG/left_2026_08_30_02_28_56_892.jpg,data_track2/IMG/right_2026_08_30_02_28_56_892.jpg,0.9500002,1.0,0.0,25.29115
data_track2/IMG/center_2026_08_30_02_28_24_952.jpg,data_track2/IMG/left_2026_08_30_02_28_24_952.jpg,data_track2/IMG/right_2026_08_30_02_28_24_952.jpg,-0.05,1.0,0.0,24.04148
data_track2/IMG/center_2026_08_30_02_28_43_437.jpg,data_track2/IMG/left_2026_08_30_02_28_43_437.jpg,data_track2/IMG/right_2026_08_30_02_28_43_437.jpg,1.0,0.309042,0.0,27.53868
data_track2/IMG/center_2026_08_30_02_27_57_524.jpg,data_track2/IMG/left_2026_08_30_02_27_57_524.jpg,data_track2/IMG/right_2026_08_30_02_27_57_524.jpg,0.5500001,0.0,0.0,27.85829
data_track2/IMG/center_2026_08_30_02_28_23_500.jpg,data_track2/IMG/left_2026_08_30_02_28_23_500.jpg,data_track2/IMG/right_2026_08_30_02_28_23_500.jpg,-1.0,0.1939591,0.0,18.94699
data_track2/IMG/center_2026_08_30_02_27_20_719.jpg,data_track2/IMG/left_2026_08_30_02_27_20_719.jpg,data_track2/IMG/right_2026_08_30_02_27_20_719.jpg,0.0,0.0,0.0,28.83345
data_track2/IMG/center_2026_08_30_02_27_55_074.jpg,data_track2/IMG/left_2026_08_30_02_27_55_074.jpg,data_track2/IMG/right_2026_08_30_02_27_55_074.jpg,0.2,0.0,0.0,26.58676
data_track2/IMG/center_2026_08_30_02_28_29_941.jpg,data_track2/IMG/left_2026_08_30_02_28_29_941.jpg,data_track2/IMG/right_2026_08_30_02_28_29_941.jpg,0.25,1.0,0.0,28.65859
data_track2/IMG/center_2026_08_30_02_28_41_231.jpg,data_track2/IMG/left_2026_08_30_02_28_41_231.jpg,data_track2/IMG/right_2026_08_30_02_28_41_231.jpg,-0.9000002,0.0,0.0,23.41308
data_track2/IMG/center_2026_08_30_02_27_57_109.jpg,data_track2/IMG/left_2026_08_30_02_27_57_109.jpg,data_track2/IMG/right_2026_08_30_02_27_57_109.jpg,0.7500002,0.4660387,0.0,29.04117
data_track2/IMG/center_2026_08_30_02_28_37_159.jpg,data_track2/IMG/left_2026_08_30_02_28_37_159.jpg,data_track2/IMG/right_2026_08_30_02_28_37_159.jpg,-1.0,0.152499,0.0,18.90265
data_track2/IMG/center_2026_08_30_02_27_45_512.jpg,data_track2/IMG/left_2026_08_30_02_27_45_512.jpg,data_track2/IMG/right_2026_08_30_02_27_45_512.jpg,0.2,0.746727,0.0,14.56464
data_track2/IMG/center_2026_08_30_02_28_49_853.jpg,data_track2/IMG/left_2026_08_30_02_28_49_853.jpg,data_track2/IMG/right_2026_08_30_02_28_49_853.jpg,-0.6000001,1.0,0.0,30.09126
data_track2/IMG/center_2026_08_30_02_27_51_802.jpg,data_track2/IMG/left_2026_08_30_02_27_51_802.jpg,data_track2/IMG/right_2026_08_30_02_27_51_802.jpg,-0.35,1.0,0.0,22.64423
data_track2/IMG/center_2026_08_30_02_27_35_485.jpg,data_track2/IMG/left_2026_08_30_02_27_35_485.jpg,data_track2/IMG/right_2026_08_30_02_27_35_485.jpg,1.0,1.0,0.0,20.9532
data_track2/IMG/center_2026_08_30_02_28_22_812.jpg,data_track2/IMG/left_2026_08_30_02_28_22_812.jpg,data_track2/IMG/right_2026_08_30_02_28_22_812.jpg,-0.35,0.0,1.0,21.9017
data_track2/IMG/center_2026_08_30_02_27_33_587.jpg,data_track2/IMG/left_2026_08_30_02_27_33_587.jpg,data_track2/IMG/right_2026_08_30_02_27_33_587.jpg,-0.15,1.0,0.0,18.15748
data_track2/IMG/center_2026_08_30_02_28_21_300.jpg,data_track2/IMG/left_2026_08_30_02_28_21_300.jpg,data_track2/IMG/right_2026_08_30_02_28_21_300.jpg,-0.5000001,1.0,0.0,30.06489
data_track2/IMG/center_2026_08_30_02_27_44_815.jpg,data_track2/IMG/left_2026_08_30_02_27_44_815.jpg,data_track2/IMG/right_2026_08_30_02_27_44_815.jpg,0.7,0.0,0.620506,16.84084
data_track2/IMG/center_2026_08_30_02_27_58_687.jpg,data_track2/IMG/left_2026_08_30_02_27_58_687.jpg,data_track2/IMG/right_2026_08_30_02_27_58_687.jpg,0.9500002,0.0,0.0,22.78482
data_track2/IMG/center_2026_08_30_02_27_32_164.jpg,data_track2/IMG/left_2026_08_30_02_27_32_164.jpg,data_track2/IMG/right_2026_08_30_02_27_32_164.jpg,-0.1,0.0,0.0,16.11362
data_track2/IMG/center_2026_08_30_02_27_10_165.jpg,data_track2/IMG/left_2026_08_30_02_27_10_165.jpg,data_track2/IMG/right_2026_08_30_02_27_10_165.jpg,-0.1,0.0,0.0,26.44086
data_track2/IMG/center_2026_08_30_02_28_29_027.jpg,data_track2/IMG/left_2026_08_30_02_28_29_027.jpg,data_track2/IMG/right_2026_08_30_02_28_29_027.jpg,0.3,1.0,0.0,23.71598
data_track2/IMG/center_2026_08_30_02_26_56_076.jpg,data_track2/IMG/left_2026_08_30_02_26_56_076.jpg,data_track2/IMG/right_2026_08_30_02_26_56_076.jpg,-1.0,0.5373611,0.0,23.05017
data_track2/IMG/center_2026_08_30_02_26_52_873.jpg,data_track2/IMG/left_2026_08_30_02_26_52_873.jpg,data_track2/IMG/right_2026_08_30_02_26_52_873.jpg,0.1,1.0,0.0,24.45607
data_track2/IMG/center_2026_08_30_02_28_47_171.jpg,data_track2/IMG/left_2026_08_30_02_28_47_171.jpg,data_track2/IMG/right_2026_08_30_02_28_47_171.jpg,0.2,0.5856932,0.0,20.38135
data_track2/IMG/center_2026_08_30_02_28_55_588.jpg,data_track2/IMG/left_2026_08_30_02_28_55_588.jpg,data_track2/IMG/right_2026_08_30_02_28_55_588.jpg,0.5000001,0.0,0.0,23.28688
data_track2/IMG/center_2026_08_30_02_26_58_983.jpg,data_track2/IMG/left_2026_08_30_02_26_58_983.jpg,data_track2/IMG/right_2026_08_30_02_26_58_983.jpg,0.2,1.0,0.0,27.41024
data_track2/IMG/center_2026_08_30_02_27_59_037.jpg,data_track2/IMG/left_2026_08_30_02_27_59_037.jpg,data_track2/IMG/right_2026_08_30_02_27_59_037.jpg,0.25,0.0,0.0,21.03377
data_track2/IMG/center_2026_08_30_02_28_27_494.jpg,data_track2/IMG/left_2026_08_30_02_28_27_494.jpg,data_track2/IMG/right_2026_08_30_02_28_27_494.jpg,1.0,0.0,0.0,19.43696
data_track2/IMG/center_2026_08_30_02_27_39_571.jpg,data_track2/IMG/left_2026_08_30_02_27_39_571.jpg,data_track2/IMG/right_2026_08_30_02_27_39_571.jpg,0.3,0.8178759,0.0,30.15668
data_track2/IMG/center_2026_08_30_02_27_09_893.jpg,data_track2/IMG/left_2026_08_30_02_27_09_893.jpg,data_track2/IMG/right_2026_08_30_02_27_09_893.jpg,-1.0,0.0,0.0,27.57516
data_track2/IMG/center_2026_08_30_02_28_53_165.jpg,data_track2/IMG/left_2026_08_30_02_28_53_165.jpg,data_track2/IMG/right_2026_08_30_02_28_53_165.jpg,-0.05,1.0,0.0,30.19167
data_track2/IMG/center_2026_08_30_02_27_13_909.jpg,data_track2/IMG/left_2026_08_30_02_27_13_909.jpg,data_track2/IMG/right_2026_08_30_02_27_13_909.jpg,-0.5000001,0.0,0.0,25.95765
data_track2/IMG/center_2026_08_30_02_28_18_282.jpg,data_track2/IMG/left_2026_08_30_02_28_18_282.jpg,data_track2/IMG/right_2026_08_30_02_28_18_282.jpg,1.0,0.0,0.3283842,18.70935
data_track2/IMG/center_2026_08_30_02_28_25_501.jpg,data_track2/IMG/left_2026_08_30_02_28_25_501.jpg,data_track2/IMG/right_2026_08_30_02_28_25_501.jpg,-1.0,0.0,0.0,25.40561
data_track2/IMG/center_2026_08_30_02_28_33_692.jpg,data_track2/IMG/left_2026_08_30_02_28_33_692.jpg,data_track2/IMG/right_2026_08_30_02_28_33_692.jpg,0.25,1.0,0.0,30.19602
data_track2/IMG/center_2026_08_30_02_28_24_055.jpg,data_track2/IMG/left_2026_08_30_02_28_24_055.jpg,data_track2/IMG/right_2026_08_30_02_28_24_055.jpg,-1.0,0.3626225,0.0,19.04157
data_track2/IMG/center_2026_08_30_02_27_58_204.jpg,data_track2/IMG/left_2026_08_30_02_27_58_204.jpg,data_track2/IMG/right_2026_08_30_02_27_58_204.jpg,1.0,0.0,0.0,24.64384
data_track2/IMG/center_2026_08_30_02_27_21_463.jpg,data_track2/IMG/left_2026_08_30_02_27_21_463.jpg,data_track2/IMG/right_2026_08_30_02_27_21_463.jpg,-0.35,0.0,0.0,29.17467
data_track2/IMG/center_2026_08_30_02_27_12_873.jpg,data_track2/IMG/left_2026_08_30_02_27_12_873.jpg,data_track2/IMG/right_2026_08_30_02_27_12_873.jpg,-0.35,0.4009089,0.0,29.39499
data_track2/IMG/center_2026_08_30_02_28_48_759.jpg,data_track2/IMG/left_2026_08_30_02_28_48_759.jpg,data_track2/IMG/right_2026_08_30_02_28_48_759.jpg,-0.45,1.0,0.0,24.03662
data_track2/IMG/center_2026_08_30_02_27_46_003.jpg,data_track2/IMG/left_2026_08_30_02_27_46_003.jpg,data_track2/IMG/right_2026_08_30_02_27_46_003.jpg,0.05,0.6156909,0.0,19.68689
data_track2/IMG/center_2026_08_30_02_28_50_610.jpg,data_track2/IMG/left_2026_08_30_02_28_50_610.jpg,data_track2/IMG/right_2026_08_30_02_28_50_610.jpg,-0.1,1.0,0.0,30.08856
data_track2/IMG/center_2026_08_30_02_28_51_643.jpg,data_track2/IMG/left_2026_08_30_02_28_51_643.jpg,data_track2/IMG/right_2026_08_30_02_28_51_643.jpg,-0.15,0.0,0.0,28.5592
data_track2/IMG/center_2026_08_30_02_27_12_533.jpg,data_track2/IMG/left_2026_08_30_02_27_12_533.jpg,data_track2/IMG/right_2026_08_30_02_27_12_533.jpg,-0.1,1.0,0.0,27.02938
data_track2/IMG/center_2026_08_30_02_28_18_144.jpg,data_track2/IMG/left_2026_08_30_02_28_18_144.jpg,data_track2/IMG/right_2026_08_30_02_28_18_144.jpg,0.7,0.0,0.738991,20.82237
data_track2/IMG/center_2026_08_30_02_27_34_466.jpg,data_track2/IMG/left_2026_08_30_02_27_34_466.jpg,data_track2/IMG/right_2026_08_30_02_27_34_466.jpg,0.2,0.8973697,0.0,19.99193
data_track2/IMG/center_2026_08_30_02_27_07_703.jpg,data_track2/IMG/left_2026_08_30_02_27_07_703.jpg,data_track2/IMG/right_2026_08_30_02_27_07_703.jpg,0.7500002,0.6627913,0.0,30.12199
data_track2/IMG/center_2026_08_30_02_28_07_698.jpg,data_track2/IMG/left_2026_08_30_02_28_07_698.jpg,data_track2/IMG/right_2026_08_30_02_28_07_698.jpg,1.0,0.01296997,0.0,25.99508
data_track2/IMG/center_2026_08_30_02_26_59_458.jpg,data_track2/IMG/left_2026_08_30_02_26_59_458.jpg,data_track2/IMG/right_2026_08_30_02_26_59_458.jpg,0.0,1.0,0.0,30.18422
data_track2/IMG/center_2026_08_30_02_28_49_445.jpg,data_track2/IMG/left_2026_08_30_02_28_49_445.jpg,data_track2/IMG/right_2026_08_30_02_28_49_445.jpg,-0.5500001,1.0,0.0,30.13931
data_track2/IMG/center_2026_08_30_02_27_27_665.jpg,data_track2/IMG/left_2026_08_30_02_27_27_665.jpg,data_track2/IMG/right_2026_08_30_02_27_27_665.jpg,0.6000001,0.0,0.0,25.20121
data_track2/IMG/center_2026_08_30_02_27_54_664.jpg,data_track2/IMG/left_2026_08_30_02_27_54_664.jpg,data_track2/IMG/right_2026_08_30_02_27_54_664.jpg,0.2,0.0,0.0,28.24328
data_track2/IMG/center_2026_08_30_02_28_29_165.jpg,data_track2/IMG/left_2026_08_30_02_28_29_165.jpg,data_track2/IMG/right_2026_08_30_02_28_29_165.jpg,0.6500001,0.9325421,0.0,24.82818
data_track2/IMG/center_2026_08_30_02_27_28_284.jpg,data_track2/IMG/left_2026_08_30_02_27_28_284.jpg,data_track2/IMG/right_2026_08_30_02_27_28_284.jpg,0.35,0.0,0.0,26.21824
data_track2/IMG/center_2026_08_30_02_26_59_527.jpg,data_track2/IMG/left_2026_08_30_02_26_59_527.jpg,data_track2/IMG/right_2026_08_30_02_26_59_527.jpg,0.15,1.0,0.0,30.19005
data_track2/IMG/center_2026_08_30_02_27_26_428.jpg,data_track2/IMG/left_2026_08_30_02_27_26_428.jpg,data_track2/IMG/right_2026_08_30_02_27_26_428.jpg,0.1,0.0,0.0,26.00993
data_track2/IMG/center_2026_08_30_02_27_05_335.jpg,data_track2/IMG/left_2026_08_30_02_27_05_335.jpg,data_track2/IMG/right_2026_08_30_02_27_05_335.jpg,0.1,1.0,0.0,30.1431
data_track2/IMG/center_2026_08_30_02_27_39_498.jpg,data_track2/IMG/left_2026_08_30_02_27_39_498.jpg,data_track2/IMG/right_2026_08_30_02_27_39_498.jpg,0.1,1.0,0.0,29.80556
data_track2/IMG/center_2026_08_30_02_28_41_923.jpg,data_track2/IMG/left_2026_08_30_02_28_41_923.jpg,data_track2/IMG/right_2026_08_30_02_28_41_923.jpg,-0.3,0.3711212,0.0,24.05687
data_track2/IMG/center_2026_08_30_02_27_51_871.jpg,data_track2/IMG/left_2026_08_30_02_27_51_871.jpg,data_track2/IMG/right_2026_08_30_02_27_51_871.jpg,-0.5500001,1.0,0.0,23.31742
data_track2/IMG/center_2026_08_30_02_27_18_119.jpg,data_track2/IMG/left_2026_08_30_02_27_18_119.jpg,data_track2/IMG/right_2026_08_30_02_27_18_119.jpg,0.35,0.0,0.0,25.93851
data_track2/IMG/center_2026_08_30_02_27_10_507.jpg,data_track2/IMG/left_2026_08_30_02_27_10_507.jpg,data_track2/IMG/right_2026_08_30_02_27_10_507.jpg,-0.9500002,0.0,0.0,24.98142
data_track2/IMG/center_2026_08_30_02_28_50_748.jpg,data_track2/IMG/left_2026_08_30_02_28_50_748.jpg,data_track2/IMG/right_2026_08_30_02_28_50_748.jpg,-0.45,1.0,0.0,30.0641
data_track2/IMG/center_2026_08_30_02_27_38_876.jpg,data_track2/IMG/left_2026_08_30_02_27_38_876.jpg,data_track2/IMG/right_2026_08_30_02_27_38_876.jpg,0.45,1.0,0.0,24.77834
data_track2/IMG/center_2026_08_30_02_27_03_206.jpg,data_track2/IMG/left_2026_08_30_02_27_03_206.jpg,data_track2/IMG/right_2026_08_30_02_27_03_206.jpg,0.0,1.0,0.0,30.16564
data_track2/IMG/center_2026_08_30_02_27_31_487.jpg,data_track2/IMG/left_2026_08_30_02_27_31_487.jpg,data_track2/IMG/right_2026_08_30_02_27_31_487.jpg,-0.05,0.1189301,0.0,24.68243
data_track2/IMG/center_2026_08_30_02_28_06_264.jpg,data_track2/IMG/left_2026_08_30_02_28_06_264.jpg,data_track2/IMG/right_2026_08_30_02_28_06_264.jpg,-1.0,0.0,0.3916507,18.71034
data_track2/IMG/center_2026_08_30_02_28_06_744.jpg,data_track2/IMG/left_2026_08_30_02_28_06_744.jpg,data_track2/IMG/right_2026_08_30_02_28_06_744.jpg,0.15,0.960382,0.0,20.32255
data_track2/IMG/center_2026_08_30_02_28_46_209.jpg,data_track2/IMG/left_2026_08_30_02_28_46_209.jpg,data_track2/IMG/right_2026_08_30_02_28_46_209.jpg,1.0,0.0,0.0,27.47329
data_track2/IMG/center_2026_08_30_02_27_48_070.jpg,data_track2/IMG/left_2026_08_30_02_27_48_070.jpg,data_track2/IMG/right_2026_08_30_02_27_48_070.jpg,-0.15,0.0208478,0.0,29.90291
data_track2/IMG/center_2026_08_30_02_27_22_077.jpg,data_track2/IMG/left_2026_08_30_02_27_22_077.jpg,data_track2/IMG/right_2026_08_30_02_27_22_077.jpg,-0.05,0.0,0.0,29.31694
data_track2/IMG/center_2026_08_30_02_27_12_043.jpg,data_track2/IMG/left_2026_08_30_02_27_12_043.jpg,data_track2/IMG/right_2026_08_30_02_27_12_043.jpg,0.05,0.7862667,0.0,22.44715
data_track2/IMG/center_2026_08_30_02_27_05_198.jpg,data_track2/IMG/left_2026_08_30_02_27_05_198.jpg,data_track2/IMG/right_2026_08_30_02_27_05_198.jpg,0.7500002,1.0,0.0,30.18938
data_track2/IMG/center_2026_08_30_02_27_27_526.jpg,data_track2/IMG/left_2026_08_30_02_27_27_526.jpg,data_track2/IMG/right_2026_08_30_02_27_27_526.jpg,0.3,0.0,0.0,25.25434
data_track2/IMG/center_2026_08_30_02_27_05_615.jpg,data_track2/IMG/left_2026_08_30_02_27_05_615.jpg,data_track2/IMG/right_2026_08_30_02_27_05_615.jpg,0.8000001,1.0,0.0,30.16897
data_track2/IMG/center_2026_08_30_02_28_49_719.jpg,data_track2/IMG/left_2026_08_30_02_28_49_719.jpg,data_track2/IMG/right_2026_08_30_02_28_49_719.jpg,-0.25,1.0,0.0,30.16548
data_track2/IMG/center_2026_08_30_02_26_59_321.jpg,data_track2/IMG/left_2026_08_30_02_26_59_321.jpg,data_track2/IMG/right_2026_08_30_02_26_59_321.jpg,0.35,1.0,0.0,30.17241
data_track2/IMG/center_2026_08_30_02_28_07_493.jpg,data_track2/IMG/left_2026_08_30_02_28_07_493.jpg,data_track2/IMG/right_2026_08_30_02_28_07_493.jpg,0.9000002,0.6225642,0.0,26.58027
data_track2/IMG/center_2026_08_30_02_27_46_901.jpg,data_track2/IMG/left_2026_08_30_02_27_46_901.jpg,data_track2/IMG/right_2026_08_30_02_27_46_901.jpg,-0.4,0.534639,0.0,25.62749
data_track2/IMG/center_2026_08_30_02_27_20_583.jpg,data_track2/IMG/left_2026_08_30_02_27_20_583.jpg,data_track2/IMG/right_2026_08_30_02_27_20_583.jpg,-0.6500001,0.0,0.0,29.06776
data_track2/IMG/center_2026_08_30_02_27_47_796.jpg,data_track2/IMG/left_2026_08_30_02_27_47_796.jpg,data_track2/IMG/right_2026_08_30_02_27_47_796.jpg,-0.6000001,0.8569689,0.0,30.11037
data_track2/IMG/center_2026_08_30_02_28_22_127.jpg,data_track2/IMG/left_2026_08_30_02_28_22_127.jpg,data_track2/IMG/right_2026_08_30_02_28_22_127.jpg,-0.1,1.0,0.0,30.09692
data_track2/IMG/center_2026_08_30_02_28_56_339.jpg,data_track2/IMG/left_2026_08_30_02_28_56_339.jpg,data_track2/IMG/right_2026_08_30_02_28_56_339.jpg,0.0,1.0,0.0,23.36285
data_track2/IMG/center_2026_08_30_02_28_48_689.jpg,data_track2/IMG/left_2026_08_30_02_28_48_689.jpg,data_track2/IMG/right_2026_08_30_02_28_48_689.jpg,-0.3,1.0,0.0,23.54131
data_track2/IMG/center_2026_08_30_02_27_29_848.jpg,data_track2/IMG/left_2026_08_30_02_27_29_848.jpg,data_track2/IMG/right_2026_08_30_02_27_29_848.jpg,0.15,0.8907723,0.0,27.84877
data_track2/IMG/center_2026_08_30_02_27_35_282.jpg,data_track2/IMG/left_2026_08_30_02_27_35_282.jpg,data_track2/IMG/right_2026_08_30_02_27_35_282.jpg,0.6500001,1.0,0.0,19.8932
data_track2/IMG/center_2026_08_30_02_27_19_973.jpg,data_track2/IMG/left_2026_08_30_02_27_19_973.jpg,data_track2/IMG/right_2026_08_30_02_27_19_973.jpg,-0.2,0.7125698,0.0,30.09272
data_track2/IMG/center_2026_08_30_02_28_35_116.jpg,data_track2/IMG/left_2026_08_30_02_28_35_116.jpg,data_track2/IMG/right_2026_08_30_02_28_35_116.jpg,-0.35,1.0,0.0,29.99361
data_track2/IMG/center_2026_08_30_02_28_40_748.jpg,data_track2/IMG/left_2026_08_30_02_28_40_748.jpg,data_track2/IMG/right_2026_08_30_02_28_40_748.jpg,1.0,0.0,0.0,23.43043
data_track2/IMG/center_2026_08_30_02_27_20_381.jpg,data_track2/IMG/left_2026_08_30_02_27_20_381.jpg,data_track2/IMG/right_2026_08_30_02_27_20_381.jpg,-0.15,0.0,0.0,29.58578
data_track2/IMG/center_2026_08_30_02_28_30_705.jpg,data_track2/IMG/left_2026_08_30_02_28_30_705.jpg,data_track2/IMG/right_2026_08_30_02_28_30_705.jpg,0.5500001,0.0,0.0,26.03869
