/Users/martin/smart-technologies-ca2/data/IMG/center_2026_08_28_23_37_50_004.jpg,/Users/martin/smart-technologies-ca2/data/IMG/left_2026_08_28_23_37_50_004.jpg,/Users/martin/smart-technologies-ca2/data/IMG/right_2026_08_28_23_37_50_004.jpg,-0.15,1.0,0,26.34505
/Users/martin/smart-technologies-ca2/data/IMG/center_2026_08_28_23_37_50_476.jpg,/Users/martin/smart-technologies-ca2/data/IMG/left_2026_08_28_23_37_50_476.jpg,/Users/martin/smart-technologies-ca2/data/IMG/right_2026_08_28_23_37_50_476.jpg,-0.15,1.0,0,30.18469
/Users/martin/smart-technologies-ca2/data/IMG/center_2026_08_28_23_37_50_543.jpg,/Users/martin/smart-technologies-ca2/data/IMG/left_2026_08_28_23_37_50_543.jpg,/Users/martin/smart-technologies-ca2/data/IMG/right_2026_08_28_23_37_50_543.jpg,-0.3,1.0,0,30.16949
/Users/martin/smart-technologies-ca2/data/IMG/center_2026_08_28_23_37_50_612.jpg,/Users/martin/smart-technologies-ca2/data/IMG/left_2026_08_28_23_37_50_612.jpg,/Users/martin/smart-technologies-ca2/data/IMG/right_2026_08_28_23_37_50_612.jpg,-0.45,1.0,0,30.15162
/Users/martin/smart-technologies-ca2/data/IMG/center_2026_08_28_23_37_50_884.jpg,/Users/martin/smart-technologies-ca2/data/IMG/left_2026_08_28_23_37_50_884.jpg,/Users/martin/smart-technologies-ca2/data/IMG/right_2026_08_28_23_37_50_884.jpg,-0.05,1.0,0,30.19012
/Users/martin/smart-technologies-ca2/data/IMG/center_2026_08_28_23_37_50_952.jpg,/Users/martin/smart-technologies-ca2/data/IMG/left_2026_08_28_23_37_50_952.jpg,/Users/martin/smart-technologies-ca2/data/IMG/right_2026_08_28_23_37_50_952.jpg,-0.2,1.0,0,30.18203
/Users/martin/smart-technologies-ca2/data/IMG/center_2026_08_28_23_37_51_022.jpg,/Users/martin/smart-technologies-ca2/data/IMG/left_2026_08_28_23_37_51_022.jpg,/Users/martin/smart-technologies-ca2/data/IMG/right_2026_08_28_23_37_51_022.jpg,-0.4,1.0,0,30.15913
/Users/martin/smart-technologies-ca2/data/IMG/center_2026_08_28_23_37_51_362.jpg,/Users/martin/smart-technologies-ca2/data/IMG/left_2026_08_28_23_37_51_362.jpg,/Users/martin/smart-technologies-ca2/data/IMG/right_2026_08_28_23_37_51_362.jpg,-0.1,1.0,0,30.18825
/Users/martin/smart-technologies-ca2/data/IMG/center_2026_08_28_23_37_51_430.jpg,/Users/martin/smart-technologies-ca2/data/IMG/left_2026_08_28_23_37_51_430.jpg,/Users/martin/smart-technologies-ca2/data/IMG/right_2026_08_28_23_37_51_430.jpg,-0.25,1.0,0,30.17561
/Users/martin/smart-technologies-ca2/data/IMG/center_2026_08_28_23_37_51_836.jpg,/Users/martin/smart-technologies-ca2/data/IMG/left_2026_08_28_23_37_51_836.jpg,/Users/martin/smart-technologies-ca2/data/IMG/right_2026_08_28_23_37_51_836.jpg,-0.2,1.0,0,30.18082
/Users/martin/smart-technologies-ca2/data/IMG/center_2026_08_28_23_37_52_040.jpg,/Users/martin/smart-technologies-ca2/data/IMG/left_2026_08_28_23_37_52_040.jpg,/Users/martin/smart-technologies-ca2/data/IMG/right_2026_08_28_23_37_52_040.jpg,0.0,1.0,0,30.19029
/Users/martin/smart-technologies-ca2/data/IMG/center_2026_08_28_23_37_52_109.jpg,/Users/martin/smart-technologies-ca2/data/IMG/left_2026_08_28_23_37_52_109.jpg,/Users/martin/smart-technologies-ca2/data/IMG/right_2026_08_28_23_37_52_109.jpg,-0.05,1.0,0,30.18991
/Users/martin/smart-technologies-ca2/data/IMG/center_2026_08_28_23_37_52_178.jpg,/Users/martin/smart-technologies-ca2/data/IMG/left_2026_08_28_23_37_52_178.jpg,/Users/martin/smart-technologies-ca2/data/IMG/right_2026_08_28_23_37_52_178.jpg,-0.25,1.0,0,30.17561
/Users/martin/smart-technologies-ca2/data/IMG/center_2026_08_28_23_37_52_522.jpg,/Users/martin/smart-technologies-ca2/data/IMG/left_2026_08_28_23_37_52_522.jpg,/Users/martin/smart-technologies-ca2/data/IMG/right_2026_08_28_23_37_52_522.jpg,-0.2,1.0,0,30.18092
/Users/martin/smart-technologies-ca2/data/IMG/center_2026_08_28_23_37_52_592.jpg,/Users/martin/smart-technologies-ca2/data/IMG/left_2026_08_28_23_37_52_592.jpg,/Users/martin/smart-technologies-ca2/data/IMG/right_2026_08_28_23_37_52_592.jpg,-0.35,1.0,0,30.16429
/Users/martin/smart-technologies-ca2/data/IMG/center_2026_08_28_23_37_52_661.jpg,/Users/martin/smart-technologies-ca2/data/IMG/left_2026_08_28_23_37_52_661.jpg,/Users/martin/smart-technologies-ca2/data/IMG/right_2026_08_28_23_37_52_661.jpg,0.0,1.0,0,30.18748
/Users/martin/smart-technologies-ca2/data/IMG/center_2026_08_28_23_37_52_935.jpg,/Users/martin/smart-technologies-ca2/data/IMG/left_2026_08_28_23_37_52_935.jpg,/Users/martin/smart-technologies-ca2/data/IMG/right_2026_08_28_23_37_52_935.jpg,-0.2,1.0,0,30.18105
/Users/martin/smart-technologies-ca2/data/IMG/center_2026_08_28_23_37_53_004.jpg,/Users/martin/smart-technologies-ca2/data/IMG/left_2026_08_28_23_37_53_004.jpg,/Users/martin/smart-technologies-ca2/data/IMG/right_2026_08_28_23_37_53_004.jpg,-0.35,1.0,0,30.16452
/Users/martin/smart-technologies-ca2/data/IMG/center_2026_08_28_23_37_53_205.jpg,/Users/martin/smart-technologies-ca2/data/IMG/left_2026_08_28_23_37_53_205.jpg,/Users/martin/smart-technologies-ca2/data/IMG/right_2026_08_28_23_37_53_205.jpg,-0.05,1.0,0,30.19011
/Users/martin/smart-technologies-ca2/data/IMG/center_2026_08_28_23_37_53_274.jpg,/Users/martin/smart-technologies-ca2/data/IMG/left_2026_08_28_23_37_53_274.jpg,/Users/martin/smart-technologies-ca2/data/IMG/right_2026_08_28_23_37_53_274.jpg,-0.25,1.0,0,30.17672
/Users/martin/smart-technologies-ca2/data/IMG/center_2026_08_28_23_37_53_544.jpg,/Users/martin/smart-technologies-ca2/data/IMG/left_2026_08_28_23_37_53_544.jpg,/Users/martin/smart-technologies-ca2/data/IMG/right_2026_08_28_23_37_53_544.jpg,-0.1,1.0,0,30.18895
/Users/martin/smart-technologies-ca2/data/IMG/center_2026_08_28_23_37_53_611.jpg,/Users/martin/smart-technologies-ca2/data/IMG/left_2026_08_28_23_37_53_611.jpg,/Users/martin/smart-technologies-ca2/data/IMG/right_2026_08_28_23_37_53_611.jpg,-0.25,1.0,0,30.17686
/Users/martin/smart-technologies-ca2/data/IMG/center_2026_08_28_23_37_54_155.jpg,/Users/martin/smart-technologies-ca2/data/IMG/left_2026_08_28_23_37_54_155.jpg,/Users/martin/smart-technologies-ca2/data/IMG/right_2026_08_28_23_37_54_155.jpg,0.0,1.0,0,30.19027
/Users/martin/smart-technologies-ca2/data/IMG/center_2026_08_28_23_37_54_365.jpg,/Users/martin/smart-technologies-ca2/data/IMG/left_2026_08_28_23_37_54_365.jpg,/Users/martin/smart-technologies-ca2/data/IMG/right_2026_08_28_23_37_54_365.jpg,-0.15,1.0,0,30.18424
/Users/martin/smart-technologies-ca2/data/IMG/center_2026_08_28_23_37_54_433.jpg,/Users/martin/smart-technologies-ca2/data/IMG/left_2026_08_28_23_37_54_433.jpg,/Users/martin/smart-technologies-ca2/data/IMG/right_2026_08_28_23_37_54_433.jpg,-0.3,1.0,0,30.16924
/Users/martin/smart-technologies-ca2/data/IMG/center_2026_08_28_23_37_54_842.jpg,/Users/martin/smart-technologies-ca2/data/IMG/left_2026_08_28_23_37_54_842.jpg,/Users/martin/smart-technologies-ca2/data/IMG/right_2026_08_28_23_37_54_842.jpg,-0.15,1.0,0,30.18469
/Users/martin/smart-technologies-ca2/data/IMG/center_2026_08_28_23_37_55_115.jpg,/Users/martin/smart-technologies-ca2/data/IMG/left_2026_08_28_23_37_55_115.jpg,/Users/martin/smart-technologies-ca2/data/IMG/right_2026_08_28_23_37_55_115.jpg,-0.2,1.0,0,30.1812
/Users/martin/smart-technologies-ca2/data/IMG/center_2026_08_28_23_37_55_183.jpg,/Users/martin/smart-technologies-ca2/data/IMG/left_2026_08_28_23_37_55_183.jpg,/Users/martin/smart-technologies-ca2/data/IMG/right_2026_08_28_23_37_55_183.jpg,-0.35,1.0,0,30.16472
/Users/martin/smart-technologies-ca2/data/IMG/center_2026_08_28_23_37_55_388.jpg,/Users/martin/smart-technologies-ca2/data/IMG/left_2026_08_28_23_37_55_388.jpg,/Users/martin/smart-technologies-ca2/data/IMG/right_2026_08_28_23_37_55_388.jpg,-0.05,1.0,0,30.19009
/Users/martin/smart-technologies-ca2/data/IMG/center_2026_08_28_23_37_55_456.jpg,/Users/martin/smart-technologies-ca2/data/IMG/left_2026_08_28_23_37_55_456.jpg,/Users/martin/smart-technologies-ca2/data/IMG/right_2026_08_28_23_37_55_456.jpg,-0.25,1.0,0,30.17665
/Users/martin/smart-technologies-ca2/data/IMG/center_2026_08_28_23_37_55_525.jpg,/Users/martin/smart-technologies-ca2/data/IMG/left_2026_08_28_23_37_55_525.jpg,/Users/martin/smart-technologies-ca2/data/IMG/right_2026_08_28_23_37_55_525.jpg,-0.4,1.0,0,30.15921
/Users/martin/smart-technologies-ca2/data/IMG/center_2026_08_28_23_37_55_730.jpg,/Users/martin/smart-technologies-ca2/data/IMG/left_2026_08_28_23_37_55_730.jpg,/Users/martin/smart-technologies-ca2/data/IMG/right_2026_08_28_23_37_55_730.jpg,-0.1,1.0,0,30.18941
/Users/martin/smart-technologies-ca2/data/IMG/center_2026_08_28_23_37_55_799.jpg,/Users/martin/smart-technologies-ca2/data/IMG/left_2026_08_28_23_37_55_799.jpg,/Users/martin/smart-technologies-ca2/data/IMG/right_2026_08_28_23_37_55_799.jpg,-0.3,1.0,0,30.17203
/Users/martin/smart-technologies-ca2/data/IMG/center_2026_08_28_23_37_56_281.jpg,/Users/martin/smart-technologies-ca2/data/IMG/left_2026_08_28_23_37_56_281.jpg,/Users/martin/smart-technologies-ca2/data/IMG/right_2026_08_28_23_37_56_281.jpg,0.0,1.0,0,30.1905
/Users/martin/smart-technologies-ca2/data/IMG/center_2026_08_28_23_37_56_556.jpg,/Users/martin/smart-technologies-ca2/data/IMG/left_2026_08_28_23_37_56_556.jpg,/Users/martin/smart-technologies-ca2/data/IMG/right_2026_08_28_23_37_56_556.jpg,-0.15,1.0,0,30.18419
/Users/martin/smart-technologies-ca2/data/IMG/center_2026_08_28_23_37_56_624.jpg,/Users/martin/smart-technologies-ca2/data/IMG/left_2026_08_28_23_37_56_624.jpg,/Users/martin/smart-technologies-ca2/data/IMG/right_2026_08_28_23_37_56_624.jpg,-0.3,1.0,0,30.16919
/Users/martin/smart-technologies-ca2/data/IMG/center_2026_08_28_23_37_57_038.jpg,/Users/martin/smart-technologies-ca2/data/IMG/left_2026_08_28_23_37_57_038.jpg,/Users/martin/smart-technologies-ca2/data/IMG/right_2026_08_28_23_37_57_038.jpg,-0.2,1.0,0,30.18043
/Users/martin/smart-technologies-ca2/data/IMG/center_2026_08_28_23_37_57_378.jpg,/Users/martin/smart-technologies-ca2/data/IMG/left_2026_08_28_23_37_57_378.jpg,/Users/martin/smart-technologies-ca2/data/IMG/right_2026_08_28_23_37_57_378.jpg,-0.1,1.0,0,30.18823
/Users/martin/smart-technologies-ca2/data/IMG/center_2026_08_28_23_37_57_445.jpg,/Users/martin/smart-technologies-ca2/data/IMG/left_2026_08_28_23_37_57_445.jpg,/Users/martin/smart-technologies-ca2/data/IMG/right_2026_08_28_23_37_57_445.jpg,-0.25,1.0,0,30.17558
/Users/martin/smart-technologies-ca2/data/IMG/center_2026_08_28_23_37_57_721.jpg,/Users/martin/smart-technologies-ca2/data/IMG/left_2026_08_28_23_37_57_721.jpg,/Users/martin/smart-technologies-ca2/data/IMG/right_2026_08_28_23_37_57_721.jpg,-0.1,1.0,0,30.18817
/Users/martin/smart-technologies-ca2/data/IMG/center_2026_08_28_23_37_57_790.jpg,/Users/martin/smart-technologies-ca2/data/IMG/left_2026_08_28_23_37_57_790.jpg,/Users/martin/smart-technologies-ca2/data/IMG/right_2026_08_28_23_37_57_790.jpg,-0.25,1.0,0,30.17548
/Users/martin/smart-technologies-ca2/data/IMG/center_2026_08_28_23_37_57_991.jpg,/Users/martin/smart-technologies-ca2/data/IMG/left_2026_08_28_23_37_57_991.jpg,/Users/martin/smart-technologies-ca2/data/IMG/right_2026_08_28_23_37_57_991.jpg,0.0,1.0,0,30.19028
/Users/martin/smart-technologies-ca2/data/IMG/center_2026_08_28_23_37_58_060.jpg,/Users/martin/smart-technologies-ca2/data/IMG/left_2026_08_28_23_37_58_060.jpg,/Users/martin/smart-technologies-ca2/data/IMG/right_2026_08_28_23_37_58_060.jpg,-0.2,1.0,0,30.18084
/Users/martin/smart-technologies-ca2/data/IMG/center_2026_08_28_23_37_58_337.jpg,/Users/martin/smart-technologies-ca2/data/IMG/left_2026_08_28_23_37_58_337.jpg,/Users/martin/smart-technologies-ca2/data/IMG/right_2026_08_28_23_37_58_337.jpg,-0.05,1.0,0,30.18957
/Users/martin/smart-technologies-ca2/data/IMG/center_2026_08_28_23_37_58_404.jpg,/Users/martin/smart-technologies-ca2/data/IMG/left_2026_08_28_23_37_58_404.jpg,/Users/martin/smart-technologies-ca2/data/IMG/right_2026_08_28_23_37_58_404.jpg,-0.2,1.0,0,30.18058
/Users/martin/smart-technologies-ca2/data/IMG/center_2026_08_28_23_37_58_678.jpg,/Users/martin/smart-technologies-ca2/data/IMG/left_2026_08_28_23_37_58_678.jpg,/Users/martin/smart-technologies-ca2/data/IMG/right_2026_08_28_23_37_58_678.jpg,-0.15,1.0,0,30.18478
/Users/martin/smart-technologies-ca2/data/IMG/center_2026_08_28_23_37_58_748.jpg,/Users/martin/smart-technologies-ca2/data/IMG/left_2026_08_28_23_37_58_748.jpg,/Users/martin/smart-technologies-ca2/data/IMG/right_2026_08_28_23_37_58_748.jpg,-0.3,1.0,0,30.16984
/Users/martin/smart-technologies-ca2/data/IMG/center_2026_08_28_23_37_59_022.jpg,/Users/martin/smart-technologies-ca2/data/IMG/left_2026_08_28_23_37_59_022.jpg,/Users/martin/smart-technologies-ca2/data/IMG/right_2026_08_28_23_37_59_022.jpg,-0.1,1.0,0,30.18834
/Users/martin/smart-technologies-ca2/data/IMG/center_2026_08_28_23_37_59_089.jpg,/Users/martin/smart-technologies-ca2/data/IMG/left_2026_08_28_23_37_59_089.jpg,/Users/martin/smart-technologies-ca2/data/IMG/right_2026_08_28_23_37_59_089.jpg,-0.25,1.0,0,30.17572
/Users/martin/smart-technologies-ca2/data/IMG/center_2026_08_28_23_37_59_428.jpg,/Users/martin/smart-technologies-ca2/data/IMG/left_2026_08_28_23_37_59_428.jpg,/Users/martin/smart-technologies-ca2/data/IMG/right_2026_08_28_23_37_59_428.jpg,0.0,1.0,0,30.19033
/Users/martin/smart-technologies-ca2/data/IMG/center_2026_08_28_23_37_59_904.jpg,/Users/martin/smart-technologies-ca2/data/IMG/left_2026_08_28_23_37_59_904.jpg,/Users/martin/smart-technologies-ca2/data/IMG/right_2026_08_28_23_37_59_904.jpg,0.0,1.0,0,30.19031
/Users/martin/smart-technologies-ca2/data/IMG/center_2026_08_28_23_38_00_108.jpg,/Users/martin/smart-technologies-ca2/data/IMG/left_2026_08_28_23_38_00_108.jpg,/Users/martin/smart-technologies-ca2/data/IMG/right_2026_08_28_23_38_00_108.jpg,-0.05,1.0,0,30.18972
/Users/martin/smart-technologies-ca2/data/IMG/center_2026_08_28_23_38_00_382.jpg,/Users/martin/smart-technologies-ca2/data/IMG/left_2026_08_28_23_38_00_382.jpg,/Users/martin/smart-technologies-ca2/data/IMG/right_2026_08_28_23_38_00_382.jpg,-0.15,1.0,0,30.18445
/Users/martin/smart-technologies-ca2/data/IMG/center_2026_08_28_23_38_00_720.jpg,/Users/martin/smart-technologies-ca2/data/IMG/left_2026_08_28_23_38_00_720.jpg,/Users/martin/smart-technologies-ca2/data/IMG/right_2026_08_28_23_38_00_720.jpg,-0.05,1.0,0,30.1898
/Users/martin/smart-technologies-ca2/data/IMG/center_2026_08_28_23_38_00_789.jpg,/Users/martin/smart-technologies-ca2/data/IMG/left_2026_08_28_23_38_00_789.jpg,/Users/martin/smart-technologies-ca2/data/IMG/right_2026_08_28_23_38_00_789.jpg,-0.2,1.0,0,30.18016
/Users/martin/smart-technologies-ca2/data/IMG/center_2026_08_28_23_38_01_125.jpg,/Users/martin/smart-technologies-ca2/data/IMG/left_2026_08_28_23_38_01_125.jpg,/Users/martin/smart-technologies-ca2/data/IMG/right_2026_08_28_23_38_01_125.jpg,-0.15,1.0,0,30.18507
/Users/martin/smart-technologies-ca2/data/IMG/center_2026_08_28_23_38_01_600.jpg,/Users/martin/smart-technologies-ca2/data/IMG/left_2026_08_28_23_38_01_600.jpg,/Users/martin/smart-technologies-ca2/data/IMG/right_2026_08_28_23_38_01_600.jpg,-0.2,1.0,0,30.18007
/Users/martin/smart-technologies-ca2/data/IMG/center_2026_08_28_23_38_01_940.jpg,/Users/martin/smart-technologies-ca2/data/IMG/left_2026_08_28_23_38_01_940.jpg,/Users/martin/smart-technologies-ca2/data/IMG/right_2026_08_28_23_38_01_940.jpg,-0.05,1.0,0,30.18982
/Users/martin/smart-technologies-ca2/data/IMG/center_2026_08_28_23_38_02_009.jpg,/Users/martin/smart-technologies-ca2/data/IMG/left_2026_08_28_23_38_02_009.jpg,/Users/martin/smart-technologies-ca2/data/IMG/right_2026_08_28_23_38_02_009.jpg,-0.2,1.0,0,30.18027
/Users/martin/smart-technologies-ca2/data/IMG/center_2026_08_28_23_38_02_826.jpg,/Users/martin/smart-technologies-ca2/data/IMG/left_2026_08_28_23_38_02_826.jpg,/Users/martin/smart-technologies-ca2/data/IMG/right_2026_08_28_23_38_02_826.jpg,-0.15,1.0,0,30.18421
/Users/martin/smart-technologies-ca2/data/IMG/center_2026_08_28_23_38_03_302.jpg,/Users/martin/smart-technologies-ca2/data/IMG/left_2026_08_28_23_38_03_302.jpg,/Users/martin/smart-technologies-ca2/data/IMG/right_2026_08_28_23_38_03_302.jpg,-0.1,1.0,0,30.18772
/Users/martin/smart-technologies-ca2/data/IMG/center_2026_08_28_23_38_03_777.jpg,/Users/martin/smart-technologies-ca2/data/IMG/left_2026_08_28_23_38_03_777.jpg,/Users/martin/smart-technologies-ca2/data/IMG/right_2026_08_28_23_38_03_777.jpg,-0.1,1.0,0,30.18776
/Users/martin/smart-technologies-ca2/data/IMG/center_2026_08_28_23_38_04_186.jpg,/Users/martin/smart-technologies-ca2/data/IMG/left_2026_08_28_23_38_04_186.jpg,/Users/martin/smart-technologies-ca2/data/IMG/right_2026_08_28_23_38_04_186.jpg,-0.05,1.0,0,30.18973
/Users/martin/smart-technologies-ca2/data/IMG/center_2026_08_28_23_38_04_254.jpg,/Users/martin/smart-technologies-ca2/data/IMG/left_2026_08_28_23_38_04_254.jpg,/Users/martin/smart-technologies-ca2/data/IMG/right_2026_08_28_23_38_04_254.jpg,-0.25,1.0,0,30.17485
/Users/martin/smart-technologies-ca2/data/IMG/center_2026_08_28_23_38_04_859.jpg,/Users/martin/smart-technologies-ca2/data/IMG/left_2026_08_28_23_38_04_859.jpg,/Users/martin/smart-technologies-ca2/data/IMG/right_2026_08_28_23_38_04_859.jpg,0.0,1.0,0,30.1903
/Users/martin/smart-technologies-ca2/data/IMG/center_2026_08_28_23_38_05_061.jpg,/Users/martin/smart-technologies-ca2/data/IMG/left_2026_08_28_23_38_05_061.jpg,/Users/martin/smart-technologies-ca2/data/IMG/right_2026_08_28_23_38_05_061.jpg,-0.15,1.0,0,30.18419
/Users/martin/smart-technologies-ca2/data/IMG/center_2026_08_28_23_38_05_469.jpg,/Users/martin/smart-technologies-ca2/data/IMG/left_2026_08_28_23_38_05_469.jpg,/Users/martin/smart-technologies-ca2/data/IMG/right_2026_08_28_23_38_05_469.jpg,-0.05,1.0,0,30.18977
/Users/martin/smart-technologies-ca2/data/IMG/center_2026_08_28_23_38_05_536.jpg,/Users/martin/smart-technologies-ca2/data/IMG/left_2026_08_28_23_38_05_536.jpg,/Users/martin/smart-technologies-ca2/data/IMG/right_2026_08_28_23_38_05_536.jpg,-0.25,1.0,0,30.17495
/Users/martin/smart-technologies-ca2/data/IMG/center_2026_08_28_23_38_06_619.jpg,/Users/martin/smart-technologies-ca2/data/IMG/left_2026_08_28_23_38_06_619.jpg,/Users/martin/smart-technologies-ca2/data/IMG/right_2026_08_28_23_38_06_619.jpg,0.0,1.0,0,30.1903
/Users/martin/smart-technologies-ca2/data/IMG/center_2026_08_28_23_38_07_161.jpg,/Users/martin/smart-technologies-ca2/data/IMG/left_2026_08_28_23_38_07_161.jpg,/Users/martin/smart-technologies-ca2/data/IMG/right_2026_08_28_23_38_07_161.jpg,-0.05,1.0,0,30.18971
/Users/martin/smart-technologies-ca2/data/IMG/center_2026_08_28_23_38_07_231.jpg,/Users/martin/smart-technologies-ca2/data/IMG/left_2026_08_28_23_38_07_231.jpg,/Users/martin/smart-technologies-ca2/data/IMG/right_2026_08_28_23_38_07_231.jpg,-0.2,1.0,0,30.17982
/Users/martin/smart-technologies-ca2/data/IMG/center_2026_08_28_23_38_07_300.jpg,/Users/martin/smart-technologies-ca2/data/IMG/left_2026_08_28_23_38_07_300.jpg,/Users/martin/smart-technologies-ca2/data/IMG/right_2026_08_28_23_38_07_300.jpg,-0.4,1.0,0,30.15748
/Users/martin/smart-technologies-ca2/data/IMG/center_2026_08_28_23_38_08_109.jpg,/Users/martin/smart-technologies-ca2/data/IMG/left_2026_08_28_23_38_08_109.jpg,/Users/martin/smart-technologies-ca2/data/IMG/right_2026_08_28_23_38_08_109.jpg,0.0,1.0,0,30.1883
/Users/martin/smart-technologies-ca2/data/IMG/center_2026_08_28_23_38_08_583.jpg,/Users/martin/smart-technologies-ca2/data/IMG/left_2026_08_28_23_38_08_583.jpg,/Users/martin/smart-technologies-ca2/data/IMG/right_2026_08_28_23_38_08_583.jpg,0.0,1.0,0,30.19032
/Users/martin/smart-technologies-ca2/data/IMG/center_2026_08_28_23_38_09_740.jpg,/Users/martin/smart-technologies-ca2/data/IMG/left_2026_08_28_23_38_09_740.jpg,/Users/martin/smart-technologies-ca2/data/IMG/right_2026_08_28_23_38_09_740.jpg,0.0,1.0,0,30.19033
/Users/martin/smart-technologies-ca2/data/IMG/center_2026_08_28_23_38_10_354.jpg,/Users/martin/smart-technologies-ca2/data/IMG/left_2026_08_28_23_38_10_354.jpg,/Users/martin/smart-technologies-ca2/data/IMG/right_2026_08_28_23_38_10_354.jpg,0.0,1.0,0,30.19029
/Users/martin/smart-technologies-ca2/data/IMG/center_2026_08_28_23_38_10_831.jpg,/Users/martin/smart-technologies-ca2/data/IMG/left_2026_08_28_23_38_10_831.jpg,/Users/martin/smart-technologies-ca2/data/IMG/right_2026_08_28_23_38_10_831.jpg,0.0,1.0,0,30.1903
/Users/martin/smart-technologies-ca2/data/IMG/center_2026_08_28_23_38_11_032.jpg,/Users/martin/smart-technologies-ca2/data/IMG/left_2026_08_28_23_38_11_032.jpg,/Users/martin/smart-technologies-ca2/data/IMG/right_2026_08_28_23_38_11_032.jpg,-0.05,1.0,0,30.18972
/Users/martin/smart-technologies-ca2/data/IMG/center_2026_08_28_23_38_11_101.jpg,/Users/martin/smart-technologies-ca2/data/IMG/left_2026_08_28_23_38_11_101.jpg,/Users/martin/smart-technologies-ca2/data/IMG/right_2026_08_28_23_38_11_101.jpg,-0.25,1.0,0,30.17477
/Users/martin/smart-technologies-ca2/data/IMG/center_2026_08_28_23_38_11_442.jpg,/Users/martin/smart-technologies-ca2/data/IMG/left_2026_08_28_23_38_11_442.jpg,/Users/martin/smart-technologies-ca2/data/IMG/right_2026_08_28_23_38_11_442.jpg,0.0,1.0,0,30.19028
/Users/martin/smart-technologies-ca2/data/IMG/center_2026_08_28_23_38_12_327.jpg,/Users/martin/smart-technologies-ca2/data/IMG/left_2026_08_28_23_38_12_327.jpg,/Users/martin/smart-technologies-ca2/data/IMG/right_2026_08_28_23_38_12_327.jpg,-0.05,1.0,0,30.18972
/Users/martin/smart-technologies-ca2/data/IMG/center_2026_08_28_23_38_12_396.jpg,/Users/martin/smart-technologies-ca2/data/IMG/left_2026_08_28_23_38_12_396.jpg,/Users/martin/smart-technologies-ca2/data/IMG/right_2026_08_28_23_38_12_396.jpg,-0.25,1.0,0,30.17474
/Users/martin/smart-technologies-ca2/data/IMG/center_2026_08_28_23_38_14_032.jpg,/Users/martin/smart-technologies-ca2/data/IMG/left_2026_08_28_23_38_14_032.jpg,/Users/martin/smart-technologies-ca2/data/IMG/right_2026_08_28_23_38_14_032.jpg,-0.05,1.0,0,30.18973
/Users/martin/smart-technologies-ca2/data/IMG/center_2026_08_28_23_38_14_099.jpg,/Users/martin/smart-technologies-ca2/data/IMG/left_2026_08_28_23_38_14_099.jpg,/Users/martin/smart-technologies-ca2/data/IMG/right_2026_08_28_23_38_14_099.jpg,-0.25,1.0,0,30.17499
/Users/martin/smart-technologies-ca2/data/IMG/center_2026_08_28_23_38_14_166.jpg,/Users/martin/smart-technologies-ca2/data/IMG/left_2026_08_28_23_38_14_166.jpg,/Users/martin/smart-technologies-ca2/data/IMG/right_2026_08_28_23_38_14_166.jpg,-0.4,1.0,0,30.15747
/Users/martin/smart-technologies-ca2/data/IMG/center_2026_08_28_23_38_14_646.jpg,/Users/martin/smart-technologies-ca2/data/IMG/left_2026_08_28_23_38_14_646.jpg,/Users/martin/smart-technologies-ca2/data/IMG/right_2026_08_28_23_38_14_646.jpg,0.15,1.0,0,30.18357
/Users/martin/smart-technologies-ca2/data/IMG/center_2026_08_28_23_38_14_782.jpg,/Users/martin/smart-technologies-ca2/data/IMG/left_2026_08_28_23_38_14_782.jpg,/Users/martin/smart-technologies-ca2/data/IMG/right_2026_08_28_23_38_14_782.jpg,0.0,1.0,0,30.18987
/Users/martin/smart-technologies-ca2/data/IMG/center_2026_08_28_23_38_16_155.jpg,/Users/martin/smart-technologies-ca2/data/IMG/left_2026_08_28_23_38_16_155.jpg,/Users/martin/smart-technologies-ca2/data/IMG/right_2026_08_28_23_38_16_155.jpg,0.0,1.0,0,30.19027
/Users/martin/smart-technologies-ca2/data/IMG/center_2026_08_28_23_38_17_927.jpg,/Users/martin/smart-technologies-ca2/data/IMG/left_2026_08_28_23_38_17_927.jpg,/Users/martin/smart-technologies-ca2/data/IMG/right_2026_08_28_23_38_17_927.jpg,-0.05,1.0,0,30.18974
/Users/martin/smart-technologies-ca2/data/IMG/center_2026_08_28_23_38_17_994.jpg,/Users/martin/smart-technologies-ca2/data/IMG/left_2026_08_28_23_38_17_994.jpg,/Users/martin/smart-technologies-ca2/data/IMG/right_2026_08_28_23_38_17_994.jpg,-0.25,1.0,0,30.17476
/Users/martin/smart-technologies-ca2/data/IMG/center_2026_08_28_23_38_18_061.jpg,/Users/martin/smart-technologies-ca2/data/IMG/left_2026_08_28_23_38_18_061.jpg,/Users/martin/smart-technologies-ca2/data/IMG/right_2026_08_28_23_38_18_061.jpg,-0.4,1.0,0,30.15753
/Users/martin/smart-technologies-ca2/data/IMG/center_2026_08_28_23_38_18_131.jpg,/Users/martin/smart-technologies-ca2/data/IMG/left_2026_08_28_23_38_18_131.jpg,/Users/martin/smart-technologies-ca2/data/IMG/right_2026_08_28_23_38_18_131.jpg,-0.5500001,1.0,0,30.13919
/Users/martin/smart-technologies-ca2/data/IMG/center_2026_08_28_23_38_18_538.jpg,/Users/martin/smart-technologies-ca2/data/IMG/left_2026_08_28_23_38_18_538.jpg,/Users/martin/smart-technologies-ca2/data/IMG/right_2026_08_28_23_38_18_538.jpg,0.2,1.0,0,30.17828
/Users/martin/smart-technologies-ca2/data/IMG/center_2026_08_28_23_38_19_015.jpg,/Users/martin/smart-technologies-ca2/data/IMG/left_2026_08_28_23_38_19_015.jpg,/Users/martin/smart-technologies-ca2/data/IMG/right_2026_08_28_23_38_19_015.jpg,0.0,1.0,0,30.19027
/Users/martin/smart-technologies-ca2/data/IMG/center_2026_08_28_23_38_19_218.jpg,/Users/martin/smart-technologies-ca2/data/IMG/left_2026_08_28_23_38_19_218.jpg,/Users/martin/smart-technologies-ca2/data/IMG/right_2026_08_28_23_38_19_218.jpg,0.0,1.0,0,30.19028
/Users/martin/smart-technologies-ca2/data/IMG/center_2026_08_28_23_38_20_376.jpg,/Users/martin/smart-technologies-ca2/data/IMG/left_2026_08_28_23_38_20_376.jpg,/Users/martin/smart-technologies-ca2/data/IMG/right_2026_08_28_23_38_20_376.jpg,0.0,1.0,0,30.19013
/Users/martin/smart-technologies-ca2/data/IMG/center_2026_08_28_23_38_21_267.jpg,/Users/martin/smart-technologies-ca2/data/IMG/left_2026_08_28_23_38_21_267.jpg,/Users/martin/smart-technologies-ca2/data/IMG/right_2026_08_28_23_38_21_267.jpg,0.0,1.0,0,30.19036
/Users/martin/smart-technologies-ca2/data/IMG/center_2026_08_28_23_38_21_743.jpg,/Users/martin/smart-technologies-ca2/data/IMG/left_2026_08_28_23_38_21_743.jpg,/Users/martin/smart-technologies-ca2/data/IMG/right_2026_08_28_23_38_21_743.jpg,-0.1,1.0,0,30.18766
/Users/martin/smart-technologies-ca2/data/IMG/center_2026_08_28_23_38_21_815.jpg,/Users/martin/smart-technologies-ca2/data/IMG/left_2026_08_28_23_38_21_815.jpg,/Users/martin/smart-technologies-ca2/data/IMG/right_2026_08_28_23_38_21_815.jpg,-0.3,1.0,0,30.16906
/Users/martin/smart-technologies-ca2/data/IMG/center_2026_08_28_23_38_21_882.jpg,/Users/martin/smart-technologies-ca2/data/IMG/left_2026_08_28_23_38_21_882.jpg,/Users/martin/smart-technologies-ca2/data/IMG/right_2026_08_28_23_38_21_882.jpg,-0.45,1.0,0,30.1515
/Users/martin/smart-technologies-ca2/data/IMG/center_2026_08_28_23_38_23_316.jpg,/Users/martin/smart-technologies-ca2/data/IMG/left_2026_08_28_23_38_23_316.jpg,/Users/martin/smart-technologies-ca2/data/IMG/right_2026_08_28_23_38_23_316.jpg,-0.2,1.0,0,30.17984
/Users/martin/smart-technologies-ca2/data/IMG/center_2026_08_28_23_38_23_385.jpg,/Users/martin/smart-technologies-ca2/data/IMG/left_2026_08_28_23_38_23_385.jpg,/Users/martin/smart-technologies-ca2/data/IMG/right_2026_08_28_23_38_23_385.jpg,-0.35,1.0,0,30.16345
/Users/martin/smart-technologies-ca2/data/IMG/center_2026_08_28_23_38_23_591.jpg,/Users/martin/smart-technologies-ca2/data/IMG/left_2026_08_28_23_38_23_591.jpg,/Users/martin/smart-technologies-ca2/data/IMG/right_2026_08_28_23_38_23_591.jpg,0.0,1.0,0,30.18984
/Users/martin/smart-technologies-ca2/data/IMG/center_2026_08_28_23_38_23_729.jpg,/Users/martin/smart-technologies-ca2/data/IMG/left_2026_08_28_23_38_23_729.jpg,/Users/martin/smart-technologies-ca2/data/IMG/right_2026_08_28_23_38_23_729.jpg,-0.15,1.0,0,30.18568
/Users/martin/smart-technologies-ca2/data/IMG/center_2026_08_28_23_38_23_799.jpg,/Users/martin/smart-technologies-ca2/data/IMG/left_2026_08_28_23_38_23_799.jpg,/Users/martin/smart-technologies-ca2/data/IMG/right_2026_08_28_23_38_23_799.jpg,-0.35,1.0,0,30.16503
/Users/martin/smart-technologies-ca2/data/IMG/center_2026_08_28_23_38_24_415.jpg,/Users/martin/smart-technologies-ca2/data/IMG/left_2026_08_28_23_38_24_415.jpg,/Users/martin/smart-technologies-ca2/data/IMG/right_2026_08_28_23_38_24_415.jpg,-0.2,1.0,0,30.17989
/Users/martin/smart-technologies-ca2/data/IMG/center_2026_08_28_23_38_24_822.jpg,/Users/martin/smart-technologies-ca2/data/IMG/left_2026_08_28_23_38_24_822.jpg,/Users/martin/smart-technologies-ca2/data/IMG/right_2026_08_28_23_38_24_822.jpg,-0.05,1.0,0,30.18975
/Users/martin/smart-technologies-ca2/data/IMG/center_2026_08_28_23_38_24_890.jpg,/Users/martin/smart-technologies-ca2/data/IMG/left_2026_08_28_23_38_24_890.jpg,/Users/martin/smart-technologies-ca2/data/IMG/right_2026_08_28_23_38_24_890.jpg,-0.2,1.0,0,30.18009
/Users/martin/smart-technologies-ca2/data/IMG/center_2026_08_28_23_38_25_161.jpg,/Users/martin/smart-technologies-ca2/data/IMG/left_2026_08_28_23_38_25_161.jpg,/Users/martin/smart-technologies-ca2/data/IMG/right_2026_08_28_23_38_25_161.jpg,0.0,1.0,0,30.1903
/Users/martin/smart-technologies-ca2/data/IMG/center_2026_08_28_23_38_25_230.jpg,/Users/martin/smart-technologies-ca2/data/IMG/left_2026_08_28_23_38_25_230.jpg,/Users/martin/smart-technologies-ca2/data/IMG/right_2026_08_28_23_38_25_230.jpg,-0.1,1.0,0,30.18823
/Users/martin/smart-technologies-ca2/data/IMG/center_2026_08_28_23_38_25_298.jpg,/Users/martin/smart-technologies-ca2/data/IMG/left_2026_08_28_23_38_25_298.jpg,/Users/martin/smart-technologies-ca2/data/IMG/right_2026_08_28_23_38_25_298.jpg,-0.3,1.0,0,30.17004
/Users/martin/smart-technologies-ca2/data/IMG/center_2026_08_28_23_38_25_978.jpg,/Users/martin/smart-technologies-ca2/data/IMG/left_2026_08_28_23_38_25_978.jpg,/Users/martin/smart-technologies-ca2/data/IMG/right_2026_08_28_23_38_25_978.jpg,-0.15,1.0,0,30.18426
/Users/martin/smart-technologies-ca2/data/IMG/center_2026_08_28_23_38_26_183.jpg,/Users/martin/smart-technologies-ca2/data/IMG/left_2026_08_28_23_38_26_183.jpg,/Users/martin/smart-technologies-ca2/data/IMG/right_2026_08_28_23_38_26_183.jpg,-0.15,1.0,0,30.18607
/Users/martin/smart-technologies-ca2/data/IMG/center_2026_08_28_23_38_26_250.jpg,/Users/martin/smart-technologies-ca2/data/IMG/left_2026_08_28_23_38_26_250.jpg,/Users/martin/smart-technologies-ca2/data/IMG/right_2026_08_28_23_38_26_250.jpg,-0.3,1.0,0,30.17136
/Users/martin/smart-technologies-ca2/data/IMG/center_2026_08_28_23_38_26_934.jpg,/Users/martin/smart-technologies-ca2/data/IMG/left_2026_08_28_23_38_26_934.jpg,/Users/martin/smart-technologies-ca2/data/IMG/right_2026_08_28_23_38_26_934.jpg,-0.05,1.0,0,30.18972
/Users/martin/smart-technologies-ca2/data/IMG/center_2026_08_28_23_38_27_002.jpg,/Users/martin/smart-technologies-ca2/data/IMG/left_2026_08_28_23_38_27_002.jpg,/Users/martin/smart-technologies-ca2/data/IMG/right_2026_08_28_23_38_27_002.jpg,-0.2,1.0,0,30.17984
/Users/martin/smart-technologies-ca2/data/IMG/center_2026_08_28_23_38_27_275.jpg,/Users/martin/smart-technologies-ca2/data/IMG/left_2026_08_28_23_38_27_275.jpg,/Users/martin/smart-technologies-ca2/data/IMG/right_2026_08_28_23_38_27_275.jpg,-0.1,1.0,0,30.18826
/Users/martin/smart-technologies-ca2/data/IMG/center_2026_08_28_23_38_27_344.jpg,/Users/martin/smart-technologies-ca2/data/IMG/left_2026_08_28_23_38_27_344.jpg,/Users/martin/smart-technologies-ca2/data/IMG/right_2026_08_28_23_38_27_344.jpg,-0.25,1.0,0,30.17559
/Users/martin/smart-technologies-ca2/data/IMG/center_2026_08_28_23_38_27_619.jpg,/Users/martin/smart-technologies-ca2/data/IMG/left_2026_08_28_23_38_27_619.jpg,/Users/martin/smart-technologies-ca2/data/IMG/right_2026_08_28_23_38_27_619.jpg,-0.15,1.0,0,30.18544
/Users/martin/smart-technologies-ca2/data/IMG/center_2026_08_28_23_38_27_686.jpg,/Users/martin/smart-technologies-ca2/data/IMG/left_2026_08_28_23_38_27_686.jpg,/Users/martin/smart-technologies-ca2/data/IMG/right_2026_08_28_23_38_27_686.jpg,-0.3,1.0,0,30.17089
/Users/martin/smart-technologies-ca2/data/IMG/center_2026_08_28_23_38_27_756.jpg,/Users/martin/smart-technologies-ca2/data/IMG/left_2026_08_28_23_38_27_756.jpg,/Users/martin/smart-technologies-ca2/data/IMG/right_2026_08_28_23_38_27_756.jpg,-0.5000001,1.0,0,30.14629
/Users/martin/smart-technologies-ca2/data/IMG/center_2026_08_28_23_38_28_298.jpg,/Users/martin/smart-technologies-ca2/data/IMG/left_2026_08_28_23_38_28_298.jpg,/Users/martin/smart-technologies-ca2/data/IMG/right_2026_08_28_23_38_28_298.jpg,-0.05,0.5535553,0,30.08703
/Users/martin/smart-technologies-ca2/data/IMG/center_2026_08_28_23_38_28_367.jpg,/Users/martin/smart-technologies-ca2/data/IMG/left_2026_08_28_23_38_28_367.jpg,/Users/martin/smart-technologies-ca2/data/IMG/right_2026_08_28_23_38_28_367.jpg,-0.2,0.4003121,0,30.03209
/Users/martin/smart-technologies-ca2/data/IMG/center_2026_08_28_23_38_28_436.jpg,/Users/martin/smart-technologies-ca2/data/IMG/left_2026_08_28_23_38_28_436.jpg,/Users/martin/smart-technologies-ca2/data/IMG/right_2026_08_28_23_38_28_436.jpg,-0.4,0.6438309,0,30.05615
/Users/martin/smart-technologies-ca2/data/IMG/center_2026_08_28_23_38_28_503.jpg,/Users/martin/smart-technologies-ca2/data/IMG/left_2026_08_28_23_38_28_503.jpg,/Users/martin/smart-technologies-ca2/data/IMG/right_2026_08_28_23_38_28_503.jpg,0.0,0.7431728,0,30.12904
/Users/martin/smart-technologies-ca2/data/IMG/center_2026_08_28_23_38_28_639.jpg,/Users/martin/smart-technologies-ca2/data/IMG/left_2026_08_28_23_38_28_639.jpg,/Users/martin/smart-technologies-ca2/data/IMG/right_2026_08_28_23_38_28_639.jpg,-0.15,0.3246909,0,30.02658
/Users/martin/smart-technologies-ca2/data/IMG/center_2026_08_28_23_38_28_707.jpg,/Users/martin/smart-technologies-ca2/data/IMG/left_2026_08_28_23_38_28_707.jpg,/Users/martin/smart-technologies-ca2/data/IMG/right_2026_08_28_23_38_28_707.jpg,-0.3,0.2048259,0,29.95424
/Users/martin/smart-technologies-ca2/data/IMG/center_2026_08_28_23_38_28_775.jpg,/Users/martin/smart-technologies-ca2/data/IMG/left_2026_08_28_23_38_28_775.jpg,/Users/martin/smart-technologies-ca2/data/IMG/right_2026_08_28_23_38_28_775.jpg,-0.5000001,0.4450867,0,29.88828
/Users/martin/smart-technologies-ca2/data/IMG/center_2026_08_28_23_38_28_841.jpg,/Users/martin/smart-technologies-ca2/data/IMG/left_2026_08_28_23_38_28_841.jpg,/Users/martin/smart-technologies-ca2/data/IMG/right_2026_08_28_23_38_28_841.jpg,-0.6500001,0.6233166,0,29.92713
/Users/martin/smart-technologies-ca2/data/IMG/center_2026_08_28_23_38_29_314.jpg,/Users/martin/smart-technologies-ca2/data/IMG/left_2026_08_28_23_38_29_314.jpg,/Users/martin/smart-technologies-ca2/data/IMG/right_2026_08_28_23_38_29_314.jpg,0.25,1.0,0,30.17435
/Users/martin/smart-technologies-ca2/data/IMG/center_2026_08_28_23_38_29_519.jpg,/Users/martin/smart-technologies-ca2/data/IMG/left_2026_08_28_23_38_29_519.jpg,/Users/martin/smart-technologies-ca2/data/IMG/right_2026_08_28_23_38_29_519.jpg,-0.15,1.0,0,30.18271
/Users/martin/smart-technologies-ca2/data/IMG/center_2026_08_28_23_38_29_586.jpg,/Users/martin/smart-technologies-ca2/data/IMG/left_2026_08_28_23_38_29_586.jpg,/Users/martin/smart-technologies-ca2/data/IMG/right_2026_08_28_23_38_29_586.jpg,-0.3,1.0,0,30.1676
/Users/martin/smart-technologies-ca2/data/IMG/center_2026_08_28_23_38_29_926.jpg,/Users/martin/smart-technologies-ca2/data/IMG/left_2026_08_28_23_38_29_926.jpg,/Users/martin/smart-technologies-ca2/data/IMG/right_2026_08_28_23_38_29_926.jpg,-0.1,1.0,0,30.18849
/Users/martin/smart-technologies-ca2/data/IMG/center_2026_08_28_23_38_29_995.jpg,/Users/martin/smart-technologies-ca2/data/IMG/left_2026_08_28_23_38_29_995.jpg,/Users/martin/smart-technologies-ca2/data/IMG/right_2026_08_28_23_38_29_995.jpg,-0.3,1.0,0,30.17044
/Users/martin/smart-technologies-ca2/data/IMG/center_2026_08_28_23_38_30_064.jpg,/Users/martin/smart-technologies-ca2/data/IMG/left_2026_08_28_23_38_30_064.jpg,/Users/martin/smart-technologies-ca2/data/IMG/right_2026_08_28_23_38_30_064.jpg,-0.45,1.0,0,30.15237
/Users/martin/smart-technologies-ca2/data/IMG/center_2026_08_28_23_38_30_338.jpg,/Users/martin/smart-technologies-ca2/data/IMG/left_2026_08_28_23_38_30_338.jpg,/Users/martin/smart-technologies-ca2/data/IMG/right_2026_08_28_23_38_30_338.jpg,-0.05,1.0,0,30.19023
/Users/martin/smart-technologies-ca2/data/IMG/center_2026_08_28_23_38_30_406.jpg,/Users/martin/smart-technologies-ca2/data/IMG/left_2026_08_28_23_38_30_406.jpg,/Users/martin/smart-technologies-ca2/data/IMG/right_2026_08_28_23_38_30_406.jpg,-0.2,1.0,0,30.18321
/Users/martin/smart-technologies-ca2/data/IMG/center_2026_08_28_23_38_30_610.jpg,/Users/martin/smart-technologies-ca2/data/IMG/left_2026_08_28_23_38_30_610.jpg,/Users/martin/smart-technologies-ca2/data/IMG/right_2026_08_28_23_38_30_610.jpg,-0.05,1.0,0,30.18995
/Users/martin/smart-technologies-ca2/data/IMG/center_2026_08_28_23_38_30_677.jpg,/Users/martin/smart-technologies-ca2/data/IMG/left_2026_08_28_23_38_30_677.jpg,/Users/martin/smart-technologies-ca2/data/IMG/right_2026_08_28_23_38_30_677.jpg,-0.25,1.0,0,30.17579
/Users/martin/smart-technologies-ca2/data/IMG/center_2026_08_28_23_38_30_878.jpg,/Users/martin/smart-technologies-ca2/data/IMG/left_2026_08_28_23_38_30_878.jpg,/Users/martin/smart-technologies-ca2/data/IMG/right_2026_08_28_23_38_30_878.jpg,-0.05,1.0,0,30.19009
/Users/martin/smart-technologies-ca2/data/IMG/center_2026_08_28_23_38_30_945.jpg,/Users/martin/smart-technologies-ca2/data/IMG/left_2026_08_28_23_38_30_945.jpg,/Users/martin/smart-technologies-ca2/data/IMG/right_2026_08_28_23_38_30_945.jpg,-0.2,1.0,0,30.18098
/Users/martin/smart-technologies-ca2/data/IMG/center_2026_08_28_23_38_31_015.jpg,/Users/martin/smart-technologies-ca2/data/IMG/left_2026_08_28_23_38_31_015.jpg,/Users/martin/smart-technologies-ca2/data/IMG/right_2026_08_28_23_38_31_015.jpg,0.0,1.0,0,30.18345
/Users/martin/smart-technologies-ca2/data/IMG/center_2026_08_28_23_38_31_218.jpg,/Users/martin/smart-technologies-ca2/data/IMG/left_2026_08_28_23_38_31_218.jpg,/Users/martin/smart-technologies-ca2/data/IMG/right_2026_08_28_23_38_31_218.jpg,-0.05,1.0,0,30.19008
/Users/martin/smart-technologies-ca2/data/IMG/center_2026_08_28_23_38_31_287.jpg,/Users/martin/smart-technologies-ca2/data/IMG/left_2026_08_28_23_38_31_287.jpg,/Users/martin/smart-technologies-ca2/data/IMG/right_2026_08_28_23_38_31_287.jpg,-0.2,1.0,0,30.1815
/Users/martin/smart-technologies-ca2/data/IMG/center_2026_08_28_23_38_31_354.jpg,/Users/martin/smart-technologies-ca2/data/IMG/left_2026_08_28_23_38_31_354.jpg,/Users/martin/smart-technologies-ca2/data/IMG/right_2026_08_28_23_38_31_354.jpg,-0.4,1.0,0,30.15889
/Users/martin/smart-technologies-ca2/data/IMG/center_2026_08_28_23_38_31_491.jpg,/Users/martin/smart-technologies-ca2/data/IMG/left_2026_08_28_23_38_31_491.jpg,/Users/martin/smart-technologies-ca2/data/IMG/right_2026_08_28_23_38_31_491.jpg,0.0,1.0,0,30.18884
/Users/martin/smart-technologies-ca2/data/IMG/center_2026_08_28_23_38_31_628.jpg,/Users/martin/smart-technologies-ca2/data/IMG/left_2026_08_28_23_38_31_628.jpg,/Users/martin/smart-technologies-ca2/data/IMG/right_2026_08_28_23_38_31_628.jpg,-0.15,1.0,0,30.18651
/Users/martin/smart-technologies-ca2/data/IMG/center_2026_08_28_23_38_31_698.jpg,/Users/martin/smart-technologies-ca2/data/IMG/left_2026_08_28_23_38_31_698.jpg,/Users/martin/smart-technologies-ca2/data/IMG/right_2026_08_28_23_38_31_698.jpg,-0.35,1.0,0,30.16603
/Users/martin/smart-technologies-ca2/data/IMG/center_2026_08_28_23_38_31_904.jpg,/Users/martin/smart-technologies-ca2/data/IMG/left_2026_08_28_23_38_31_904.jpg,/Users/martin/smart-technologies-ca2/data/IMG/right_2026_08_28_23_38_31_904.jpg,0.0,1.0,0,30.19024
/Users/martin/smart-technologies-ca2/data/IMG/center_2026_08_28_23_38_31_971.jpg,/Users/martin/smart-technologies-ca2/data/IMG/left_2026_08_28_23_38_31_971.jpg,/Users/martin/smart-technologies-ca2/data/IMG/right_2026_08_28_23_38_31_971.jpg,-0.05,1.0,0,30.18998
/Users/martin/smart-technologies-ca2/data/IMG/center_2026_08_28_23_38_32_038.jpg,/Users/martin/smart-technologies-ca2/data/IMG/left_2026_08_28_23_38_32_038.jpg,/Users/martin/smart-technologies-ca2/data/IMG/right_2026_08_28_23_38_32_038.jpg,-0.25,1.0,0,30.17599
/Users/martin/smart-technologies-ca2/data/IMG/center_2026_08_28_23_38_32_381.jpg,/Users/martin/smart-technologies-ca2/data/IMG/left_2026_08_28_23_38_32_381.jpg,/Users/martin/smart-technologies-ca2/data/IMG/right_2026_08_28_23_38_32_381.jpg,-0.2,1.0,0,30.18125
/Users/martin/smart-technologies-ca2/data/IMG/center_2026_08_28_23_38_32_656.jpg,/Users/martin/smart-technologies-ca2/data/IMG/left_2026_08_28_23_38_32_656.jpg,/Users/martin/smart-technologies-ca2/data/IMG/right_2026_08_28_23_38_32_656.jpg,-0.05,1.0,0,30.18999
/Users/martin/smart-technologies-ca2/data/IMG/center_2026_08_28_23_38_32_726.jpg,/Users/martin/smart-technologies-ca2/data/IMG/left_2026_08_28_23_38_32_726.jpg,/Users/martin/smart-technologies-ca2/data/IMG/right_2026_08_28_23_38_32_726.jpg,-0.2,1.0,0,30.18098
/Users/martin/smart-technologies-ca2/data/IMG/center_2026_08_28_23_38_33_135.jpg,/Users/martin/smart-technologies-ca2/data/IMG/left_2026_08_28_23_38_33_135.jpg,/Users/martin/smart-technologies-ca2/data/IMG/right_2026_08_28_23_38_33_135.jpg,-0.15,1.0,0,30.18449
/Users/martin/smart-technologies-ca2/data/IMG/center_2026_08_28_23_38_33_612.jpg,/Users/martin/smart-technologies-ca2/data/IMG/left_2026_08_28_23_38_33_612.jpg,/Users/martin/smart-technologies-ca2/data/IMG/right_2026_08_28_23_38_33_612.jpg,-0.1,1.0,0,30.18784
/Users/martin/smart-technologies-ca2/data/IMG/center_2026_08_28_23_38_33_681.jpg,/Users/martin/smart-technologies-ca2/data/IMG/left_2026_08_28_23_38_33_681.jpg,/Users/martin/smart-technologies-ca2/data/IMG/right_2026_08_28_23_38_33_681.jpg,-0.3,1.0,0,30.16944
/Users/martin/smart-technologies-ca2/data/IMG/center_2026_08_28_23_38_33_818.jpg,/Users/martin/smart-technologies-ca2/data/IMG/left_2026_08_28_23_38_33_818.jpg,/Users/martin/smart-technologies-ca2/data/IMG/right_2026_08_28_23_38_33_818.jpg,0.0,1.0,0,30.18919
/Users/martin/smart-technologies-ca2/data/IMG/center_2026_08_28_23_38_34_577.jpg,/Users/martin/smart-technologies-ca2/data/IMG/left_2026_08_28_23_38_34_577.jpg,/Users/martin/smart-technologies-ca2/data/IMG/right_2026_08_28_23_38_34_577.jpg,-0.2,1.0,0,30.17983
/Users/martin/smart-technologies-ca2/data/IMG/center_2026_08_28_23_38_34_994.jpg,/Users/martin/smart-technologies-ca2/data/IMG/left_2026_08_28_23_38_34_994.jpg,/Users/martin/smart-technologies-ca2/data/IMG/right_2026_08_28_23_38_34_994.jpg,-0.05,1.0,0,30.1898
/Users/martin/smart-technologies-ca2/data/IMG/center_2026_08_28_23_38_35_406.jpg,/Users/martin/smart-technologies-ca2/data/IMG/left_2026_08_28_23_38_35_406.jpg,/Users/martin/smart-technologies-ca2/data/IMG/right_2026_08_28_23_38_35_406.jpg,-0.05,1.0,0,30.18972
/Users/martin/smart-technologies-ca2/data/IMG/center_2026_08_28_23_38_35_476.jpg,/Users/martin/smart-technologies-ca2/data/IMG/left_2026_08_28_23_38_35_476.jpg,/Users/martin/smart-technologies-ca2/data/IMG/right_2026_08_28_23_38_35_476.jpg,-0.25,1.0,0,30.17489
/Users/martin/smart-technologies-ca2/data/IMG/center_2026_08_28_23_38_35_682.jpg,/Users/martin/smart-technologies-ca2/data/IMG/left_2026_08_28_23_38_35_682.jpg,/Users/martin/smart-technologies-ca2/data/IMG/right_2026_08_28_23_38_35_682.jpg,0.0,1.0,0,30.19016
/Users/martin/smart-technologies-ca2/data/IMG/center_2026_08_28_23_38_35_889.jpg,/Users/martin/smart-technologies-ca2/data/IMG/left_2026_08_28_23_38_35_889.jpg,/Users/martin/smart-technologies-ca2/data/IMG/right_2026_08_28_23_38_35_889.jpg,-0.05,1.0,0,30.18981
/Users/martin/smart-technologies-ca2/data/IMG/center_2026_08_28_23_38_36_028.jpg,/Users/martin/smart-technologies-ca2/data/IMG/left_2026_08_28_23_38_36_028.jpg,/Users/martin/smart-technologies-ca2/data/IMG/right_2026_08_28_23_38_36_028.jpg,0.0,1.0,0,30.1903
/Users/martin/smart-technologies-ca2/data/IMG/center_2026_08_28_23_38_36_370.jpg,/Users/martin/smart-technologies-ca2/data/IMG/left_2026_08_28_23_38_36_370.jpg,/Users/martin/smart-technologies-ca2/data/IMG/right_2026_08_28_23_38_36_370.jpg,-0.05,1.0,0,30.18959
/Users/martin/smart-technologies-ca2/data/IMG/center_2026_08_28_23_38_36_438.jpg,/Users/martin/smart-technologies-ca2/data/IMG/left_2026_08_28_23_38_36_438.jpg,/Users/martin/smart-technologies-ca2/data/IMG/right_2026_08_28_23_38_36_438.jpg,0.0,1.0,0,30.1873
/Users/martin/smart-technologies-ca2/data/IMG/center_2026_08_28_23_38_36_851.jpg,/Users/martin/smart-technologies-ca2/data/IMG/left_2026_08_28_23_38_36_851.jpg,/Users/martin/smart-technologies-ca2/data/IMG/right_2026_08_28_23_38_36_851.jpg,-0.05,1.0,0,30.18977
/Users/martin/smart-technologies-ca2/data/IMG/center_2026_08_28_23_38_36_918.jpg,/Users/martin/smart-technologies-ca2/data/IMG/left_2026_08_28_23_38_36_918.jpg,/Users/martin/smart-technologies-ca2/data/IMG/right_2026_08_28_23_38_36_918.jpg,-0.25,1.0,0,30.17485
/Users/martin/smart-technologies-ca2/data/IMG/center_2026_08_28_23_38_37_399.jpg,/Users/martin/smart-technologies-ca2/data/IMG/left_2026_08_28_23_38_37_399.jpg,/Users/martin/smart-technologies-ca2/data/IMG/right_2026_08_28_23_38_37_399.jpg,-0.05,1.0,0,30.18973
/Users/martin/smart-technologies-ca2/data/IMG/center_2026_08_28_23_38_37_468.jpg,/Users/martin/smart-technologies-ca2/data/IMG/left_2026_08_28_23_38_37_468.jpg,/Users/martin/smart-technologies-ca2/data/IMG/right_2026_08_28_23_38_37_468.jpg,-0.2,1.0,0,30.17991
/Users/martin/smart-technologies-ca2/data/IMG/center_2026_08_28_23_38_37_675.jpg,/Users/martin/smart-technologies-ca2/data/IMG/left_2026_08_28_23_38_37_675.jpg,/Users/martin/smart-technologies-ca2/data/IMG/right_2026_08_28_23_38_37_675.jpg,0.0,1.0,0,30.19026
/Users/martin/smart-technologies-ca2/data/IMG/center_2026_08_28_23_38_38_904.jpg,/Users/martin/smart-technologies-ca2/data/IMG/left_2026_08_28_23_38_38_904.jpg,/Users/martin/smart-technologies-ca2/data/IMG/right_2026_08_28_23_38_38_904.jpg,0.0,1.0,0,30.1903
/Users/martin/smart-technologies-ca2/data/IMG/center_2026_08_28_23_38_38_972.jpg,/Users/martin/smart-technologies-ca2/data/IMG/left_2026_08_28_23_38_38_972.jpg,/Users/martin/smart-technologies-ca2/data/IMG/right_2026_08_28_23_38_38_972.jpg,-0.15,1.0,0,30.18423
/Users/martin/smart-technologies-ca2/data/IMG/center_2026_08_28_23_38_39_930.jpg,/Users/martin/smart-technologies-ca2/data/IMG/left_2026_08_28_23_38_39_930.jpg,/Users/martin/smart-technologies-ca2/data/IMG/right_2026_08_28_23_38_39_930.jpg,0.0,1.0,0,30.18949
/Users/martin/smart-technologies-ca2/data/IMG/center_2026_08_28_23_38_40_065.jpg,/Users/martin/smart-technologies-ca2/data/IMG/left_2026_08_28_23_38_40_065.jpg,/Users/martin/smart-technologies-ca2/data/IMG/right_2026_08_28_23_38_40_065.jpg,-0.15,1.0,0,30.18387
/Users/martin/smart-technologies-ca2/data/IMG/center_2026_08_28_23_38_41_169.jpg,/Users/martin/smart-technologies-ca2/data/IMG/left_2026_08_28_23_38_41_169.jpg,/Users/martin/smart-technologies-ca2/data/IMG/right_2026_08_28_23_38_41_169.jpg,-0.15,1.0,0,30.18393
/Users/martin/smart-technologies-ca2/data/IMG/center_2026_08_28_23_38_41_307.jpg,/Users/martin/smart-technologies-ca2/data/IMG/left_2026_08_28_23_38_41_307.jpg,/Users/martin/smart-technologies-ca2/data/IMG/right_2026_08_28_23_38_41_307.jpg,0.0,1.0,0,30.18948
/Users/martin/smart-technologies-ca2/data/IMG/center_2026_08_28_23_38_41_448.jpg,/Users/martin/smart-technologies-ca2/data/IMG/left_2026_08_28_23_38_41_448.jpg,/Users/martin/smart-technologies-ca2/data/IMG/right_2026_08_28_23_38_41_448.jpg,0.0,1.0,0,30.1899
/Users/martin/smart-technologies-ca2/data/IMG/center_2026_08_28_23_38_42_488.jpg,/Users/martin/smart-technologies-ca2/data/IMG/left_2026_08_28_23_38_42_488.jpg,/Users/martin/smart-technologies-ca2/data/IMG/right_2026_08_28_23_38_42_488.jpg,0.0,1.0,0,30.18992
/Users/martin/smart-technologies-ca2/data/IMG/center_2026_08_28_23_38_45_716.jpg,/Users/martin/smart-technologies-ca2/data/IMG/left_2026_08_28_23_38_45_716.jpg,/Users/martin/smart-technologies-ca2/data/IMG/right_2026_08_28_23_38_45_716.jpg,0.0,1.0,0,30.18996
/Users/martin/smart-technologies-ca2/data/IMG/center_2026_08_28_23_38_46_898.jpg,/Users/martin/smart-technologies-ca2/data/IMG/left_2026_08_28_23_38_46_898.jpg,/Users/martin/smart-technologies-ca2/data/IMG/right_2026_08_28_23_38_46_898.jpg,-0.1,1.0,0,30.18741
/Users/martin/smart-technologies-ca2/data/IMG/center_2026_08_28_23_38_46_969.jpg,/Users/martin/smart-technologies-ca2/data/IMG/left_2026_08_28_23_38_46_969.jpg,/Users/martin/smart-technologies-ca2/data/IMG/right_2026_08_28_23_38_46_969.jpg,-0.25,1.0,0,30.17462
/Users/martin/smart-technologies-ca2/data/IMG/center_2026_08_28_23_38_47_037.jpg,/Users/martin/smart-technologies-ca2/data/IMG/left_2026_08_28_23_38_47_037.jpg,/Users/martin/smart-technologies-ca2/data/IMG/right_2026_08_28_23_38_47_037.jpg,-0.45,1.0,0,30.15147
/Users/martin/smart-technologies-ca2/data/IMG/center_2026_08_28_23_38_47_247.jpg,/Users/martin/smart-technologies-ca2/data/IMG/left_2026_08_28_23_38_47_247.jpg,/Users/martin/smart-technologies-ca2/data/IMG/right_2026_08_28_23_38_47_247.jpg,0.0,1.0,0,30.18988
/Users/martin/smart-technologies-ca2/data/IMG/center_2026_08_28_23_38_49_267.jpg,/Users/martin/smart-technologies-ca2/data/IMG/left_2026_08_28_23_38_49_267.jpg,/Users/martin/smart-technologies-ca2/data/IMG/right_2026_08_28_23_38_49_267.jpg,0.0,1.0,0,30.19028
/Users/martin/smart-technologies-ca2/data/IMG/center_2026_08_28_23_38_49_607.jpg,/Users/martin/smart-technologies-ca2/data/IMG/left_2026_08_28_23_38_49_607.jpg,/Users/martin/smart-technologies-ca2/data/IMG/right_2026_08_28_23_38_49_607.jpg,-0.15,1.0,0,30.18422
/Users/martin/smart-technologies-ca2/data/IMG/center_2026_08_28_23_38_49_675.jpg,/Users/martin/smart-technologies-ca2/data/IMG/left_2026_08_28_23_38_49_675.jpg,/Users/martin/smart-technologies-ca2/data/IMG/right_2026_08_28_23_38_49_675.jpg,-0.35,1.0,0,30.16347
/Users/martin/smart-technologies-ca2/data/IMG/center_2026_08_28_23_38_49_746.jpg,/Users/martin/smart-technologies-ca2/data/IMG/left_2026_08_28_23_38_49_746.jpg,/Users/martin/smart-technologies-ca2/data/IMG/right_2026_08_28_23_38_49_746.jpg,-0.5000001,1.0,0,30.14537
/Users/martin/smart-technologies-ca2/data/IMG/center_2026_08_28_23_38_50_229.jpg,/Users/martin/smart-technologies-ca2/data/IMG/left_2026_08_28_23_38_50_229.jpg,/Users/martin/smart-technologies-ca2/data/IMG/right_2026_08_28_23_38_50_229.jpg,-0.1,1.0,0,30.18801
/Users/martin/smart-technologies-ca2/data/IMG/center_2026_08_28_23_38_50_299.jpg,/Users/martin/smart-technologies-ca2/data/IMG/left_2026_08_28_23_38_50_299.jpg,/Users/martin/smart-technologies-ca2/data/IMG/right_2026_08_28_23_38_50_299.jpg,-0.3,1.0,0,30.16963
/Users/martin/smart-technologies-ca2/data/IMG/center_2026_08_28_23_38_50_782.jpg,/Users/martin/smart-technologies-ca2/data/IMG/left_2026_08_28_23_38_50_782.jpg,/Users/martin/smart-technologies-ca2/data/IMG/right_2026_08_28_23_38_50_782.jpg,-0.05,1.0,0,30.18975
/Users/martin/smart-technologies-ca2/data/IMG/center_2026_08_28_23_38_50_849.jpg,/Users/martin/smart-technologies-ca2/data/IMG/left_2026_08_28_23_38_50_849.jpg,/Users/martin/smart-technologies-ca2/data/IMG/right_2026_08_28_23_38_50_849.jpg,-0.2,1.0,0,30.1801
/Users/martin/smart-technologies-ca2/data/IMG/center_2026_08_28_23_38_50_917.jpg,/Users/martin/smart-technologies-ca2/data/IMG/left_2026_08_28_23_38_50_917.jpg,/Users/martin/smart-technologies-ca2/data/IMG/right_2026_08_28_23_38_50_917.jpg,-0.4,1.0,0,30.1577
/Users/martin/smart-technologies-ca2/data/IMG/center_2026_08_28_23_38_51_331.jpg,/Users/martin/smart-technologies-ca2/data/IMG/left_2026_08_28_23_38_51_331.jpg,/Users/martin/smart-technologies-ca2/data/IMG/right_2026_08_28_23_38_51_331.jpg,-0.05,1.0,0,30.18982
/Users/martin/smart-technologies-ca2/data/IMG/center_2026_08_28_23_38_51_401.jpg,/Users/martin/smart-technologies-ca2/data/IMG/left_2026_08_28_23_38_51_401.jpg,/Users/martin/smart-technologies-ca2/data/IMG/right_2026_08_28_23_38_51_401.jpg,-0.25,1.0,0,30.17574
/Users/martin/smart-technologies-ca2/data/IMG/center_2026_08_28_23_38_51_468.jpg,/Users/martin/smart-technologies-ca2/data/IMG/left_2026_08_28_23_38_51_468.jpg,/Users/martin/smart-technologies-ca2/data/IMG/right_2026_08_28_23_38_51_468.jpg,-0.4,1.0,0,30.15789
/Users/martin/smart-technologies-ca2/data/IMG/center_2026_08_28_23_38_51_539.jpg,/Users/martin/smart-technologies-ca2/data/IMG/left_2026_08_28_23_38_51_539.jpg,/Users/martin/smart-technologies-ca2/data/IMG/right_2026_08_28_23_38_51_539.jpg,-0.6000001,1.0,0,30.13342
/Users/martin/smart-technologies-ca2/data/IMG/center_2026_08_28_23_38_51_818.jpg,/Users/martin/smart-technologies-ca2/data/IMG/left_2026_08_28_23_38_51_818.jpg,/Users/martin/smart-technologies-ca2/data/IMG/right_2026_08_28_23_38_51_818.jpg,-0.2,1.0,0,30.18315
/Users/martin/smart-technologies-ca2/data/IMG/center_2026_08_28_23_38_52_025.jpg,/Users/martin/smart-technologies-ca2/data/IMG/left_2026_08_28_23_38_52_025.jpg,/Users/martin/smart-technologies-ca2/data/IMG/right_2026_08_28_23_38_52_025.jpg,-0.1,1.0,0,30.18887
/Users/martin/smart-technologies-ca2/data/IMG/center_2026_08_28_23_38_52_098.jpg,/Users/martin/smart-technologies-ca2/data/IMG/left_2026_08_28_23_38_52_098.jpg,/Users/martin/smart-technologies-ca2/data/IMG/right_2026_08_28_23_38_52_098.jpg,-0.3,1.0,0,30.17175
/Users/martin/smart-technologies-ca2/data/IMG/center_2026_08_28_23_38_52_165.jpg,/Users/martin/smart-technologies-ca2/data/IMG/left_2026_08_28_23_38_52_165.jpg,/Users/martin/smart-technologies-ca2/data/IMG/right_2026_08_28_23_38_52_165.jpg,-0.45,1.0,0,30.15281
/Users/martin/smart-technologies-ca2/data/IMG/center_2026_08_28_23_38_52_236.jpg,/Users/martin/smart-technologies-ca2/data/IMG/left_2026_08_28_23_38_52_236.jpg,/Users/martin/smart-technologies-ca2/data/IMG/right_2026_08_28_23_38_52_236.jpg,-0.6500001,1.0,0,30.12791
/Users/martin/smart-technologies-ca2/data/IMG/center_2026_08_28_23_38_52_303.jpg,/Users/martin/smart-technologies-ca2/data/IMG/left_2026_08_28_23_38_52_303.jpg,/Users/martin/smart-technologies-ca2/data/IMG/right_2026_08_28_23_38_52_303.jpg,-0.8000001,1.0,0,30.11018
/Users/martin/smart-technologies-ca2/data/IMG/center_2026_08_28_23_38_52_370.jpg,/Users/martin/smart-technologies-ca2/data/IMG/left_2026_08_28_23_38_52_370.jpg,/Users/martin/smart-technologies-ca2/data/IMG/right_2026_08_28_23_38_52_370.jpg,-0.9500002,1.0,0,30.09749
/Users/martin/smart-technologies-ca2/data/IMG/center_2026_08_28_23_38_52_842.jpg,/Users/martin/smart-technologies-ca2/data/IMG/left_2026_08_28_23_38_52_842.jpg,/Users/martin/smart-technologies-ca2/data/IMG/right_2026_08_28_23_38_52_842.jpg,-0.1,1.0,0,30.18818
/Users/martin/smart-technologies-ca2/data/IMG/center_2026_08_28_23_38_52_915.jpg,/Users/martin/smart-technologies-ca2/data/IMG/left_2026_08_28_23_38_52_915.jpg,/Users/martin/smart-technologies-ca2/data/IMG/right_2026_08_28_23_38_52_915.jpg,-0.3,1.0,0,30.16652
/Users/martin/smart-technologies-ca2/data/IMG/center_2026_08_28_23_38_52_987.jpg,/Users/martin/smart-technologies-ca2/data/IMG/left_2026_08_28_23_38_52_987.jpg,/Users/martin/smart-technologies-ca2/data/IMG/right_2026_08_28_23_38_52_987.jpg,-0.45,1.0,0,30.15197
/Users/martin/smart-technologies-ca2/data/IMG/center_2026_08_28_23_38_53_198.jpg,/Users/martin/smart-technologies-ca2/data/IMG/left_2026_08_28_23_38_53_198.jpg,/Users/martin/smart-technologies-ca2/data/IMG/right_2026_08_28_23_38_53_198.jpg,-0.2,1.0,0,30.18256
/Users/martin/smart-technologies-ca2/data/IMG/center_2026_08_28_23_38_53_265.jpg,/Users/martin/smart-technologies-ca2/data/IMG/left_2026_08_28_23_38_53_265.jpg,/Users/martin/smart-technologies-ca2/data/IMG/right_2026_08_28_23_38_53_265.jpg,-0.35,1.0,0,30.16738
/Users/martin/smart-technologies-ca2/data/IMG/center_2026_08_28_23_38_53_336.jpg,/Users/martin/smart-technologies-ca2/data/IMG/left_2026_08_28_23_38_53_336.jpg,/Users/martin/smart-technologies-ca2/data/IMG/right_2026_08_28_23_38_53_336.jpg,-0.5500001,1.0,0,30.14164
/Users/martin/smart-technologies-ca2/data/IMG/center_2026_08_28_23_38_53_403.jpg,/Users/martin/smart-technologies-ca2/data/IMG/left_2026_08_28_23_38_53_403.jpg,/Users/martin/smart-technologies-ca2/data/IMG/right_2026_08_28_23_38_53_403.jpg,-0.7,1.0,0,30.12288
/Users/martin/smart-technologies-ca2/data/IMG/center_2026_08_28_23_38_53_611.jpg,/Users/martin/smart-technologies-ca2/data/IMG/left_2026_08_28_23_38_53_611.jpg,/Users/martin/smart-technologies-ca2/data/IMG/right_2026_08_28_23_38_53_611.jpg,-0.15,1.0,0,30.18958
/Users/martin/smart-technologies-ca2/data/IMG/center_2026_08_28_23_38_53_681.jpg,/Users/martin/smart-technologies-ca2/data/IMG/left_2026_08_28_23_38_53_681.jpg,/Users/martin/smart-technologies-ca2/data/IMG/right_2026_08_28_23_38_53_681.jpg,-0.35,1.0,0,30.17017
/Users/martin/smart-technologies-ca2/data/IMG/center_2026_08_28_23_38_53_886.jpg,/Users/martin/smart-technologies-ca2/data/IMG/left_2026_08_28_23_38_53_886.jpg,/Users/martin/smart-technologies-ca2/data/IMG/right_2026_08_28_23_38_53_886.jpg,-0.1,1.0,0,30.19012
/Users/martin/smart-technologies-ca2/data/IMG/center_2026_08_28_23_38_53_958.jpg,/Users/martin/smart-technologies-ca2/data/IMG/left_2026_08_28_23_38_53_958.jpg,/Users/martin/smart-technologies-ca2/data/IMG/right_2026_08_28_23_38_53_958.jpg,-0.3,1.0,0,30.17328
/Users/martin/smart-technologies-ca2/data/IMG/center_2026_08_28_23_38_54_025.jpg,/Users/martin/smart-technologies-ca2/data/IMG/left_2026_08_28_23_38_54_025.jpg,/Users/martin/smart-technologies-ca2/data/IMG/right_2026_08_28_23_38_54_025.jpg,-0.45,1.0,0,30.15451
/Users/martin/smart-technologies-ca2/data/IMG/center_2026_08_28_23_38_54_303.jpg,/Users/martin/smart-technologies-ca2/data/IMG/left_2026_08_28_23_38_54_303.jpg,/Users/martin/smart-technologies-ca2/data/IMG/right_2026_08_28_23_38_54_303.jpg,-0.2,1.0,0,30.18397
/Users/martin/smart-technologies-ca2/data/IMG/center_2026_08_28_23_38_54_442.jpg,/Users/martin/smart-technologies-ca2/data/IMG/left_2026_08_28_23_38_54_442.jpg,/Users/martin/smart-technologies-ca2/data/IMG/right_2026_08_28_23_38_54_442.jpg,-0.05,1.0,0,30.19018
/Users/martin/smart-technologies-ca2/data/IMG/center_2026_08_28_23_38_54_513.jpg,/Users/martin/smart-technologies-ca2/data/IMG/left_2026_08_28_23_38_54_513.jpg,/Users/martin/smart-technologies-ca2/data/IMG/right_2026_08_28_23_38_54_513.jpg,-0.2,1.0,0,30.18255
/Users/martin/smart-technologies-ca2/data/IMG/center_2026_08_28_23_38_54_582.jpg,/Users/martin/smart-technologies-ca2/data/IMG/left_2026_08_28_23_38_54_582.jpg,/Users/martin/smart-technologies-ca2/data/IMG/right_2026_08_28_23_38_54_582.jpg,-0.4,1.0,0,30.15978
/Users/martin/smart-technologies-ca2/data/IMG/center_2026_08_28_23_38_54_855.jpg,/Users/martin/smart-technologies-ca2/data/IMG/left_2026_08_28_23_38_54_855.jpg,/Users/martin/smart-technologies-ca2/data/IMG/right_2026_08_28_23_38_54_855.jpg,-0.15,1.0,0,30.18573
/Users/martin/smart-technologies-ca2/data/IMG/center_2026_08_28_23_38_54_922.jpg,/Users/martin/smart-technologies-ca2/data/IMG/left_2026_08_28_23_38_54_922.jpg,/Users/martin/smart-technologies-ca2/data/IMG/right_2026_08_28_23_38_54_922.jpg,-0.3,1.0,0,30.17075
/Users/martin/smart-technologies-ca2/data/IMG/center_2026_08_28_23_38_55_336.jpg,/Users/martin/smart-technologies-ca2/data/IMG/left_2026_08_28_23_38_55_336.jpg,/Users/martin/smart-technologies-ca2/data/IMG/right_2026_08_28_23_38_55_336.jpg,-0.1,1.0,0,30.18807
/Users/martin/smart-technologies-ca2/data/IMG/center_2026_08_28_23_38_55_407.jpg,/Users/martin/smart-technologies-ca2/data/IMG/left_2026_08_28_23_38_55_407.jpg,/Users/martin/smart-technologies-ca2/data/IMG/right_2026_08_28_23_38_55_407.jpg,-0.25,1.0,0,30.17531
/Users/martin/smart-technologies-ca2/data/IMG/center_2026_08_28_23_38_56_098.jpg,/Users/martin/smart-technologies-ca2/data/IMG/left_2026_08_28_23_38_56_098.jpg,/Users/martin/smart-technologies-ca2/data/IMG/right_2026_08_28_23_38_56_098.jpg,0.0,1.0,0,30.19031
/Users/martin/smart-technologies-ca2/data/IMG/center_2026_08_28_23_38_57_064.jpg,/Users/martin/smart-technologies-ca2/data/IMG/left_2026_08_28_23_38_57_064.jpg,/Users/martin/smart-technologies-ca2/data/IMG/right_2026_08_28_23_38_57_064.jpg,-0.15,1.0,0,30.18423
/Users/martin/smart-technologies-ca2/data/IMG/center_2026_08_28_23_38_57_131.jpg,/Users/martin/smart-technologies-ca2/data/IMG/left_2026_08_28_23_38_57_131.jpg,/Users/martin/smart-technologies-ca2/data/IMG/right_2026_08_28_23_38_57_131.jpg,-0.3,1.0,0,30.16926
/Users/martin/smart-technologies-ca2/data/IMG/center_2026_08_28_23_38_57_679.jpg,/Users/martin/smart-technologies-ca2/data/IMG/left_2026_08_28_23_38_57_679.jpg,/Users/martin/smart-technologies-ca2/data/IMG/right_2026_08_28_23_38_57_679.jpg,-0.05,1.0,0,30.18973
/Users/martin/smart-technologies-ca2/data/IMG/center_2026_08_28_23_38_57_748.jpg,/Users/martin/smart-technologies-ca2/data/IMG/left_2026_08_28_23_38_57_748.jpg,/Users/martin/smart-technologies-ca2/data/IMG/right_2026_08_28_23_38_57_748.jpg,-0.2,1.0,0,30.17991
/Users/martin/smart-technologies-ca2/data/IMG/center_2026_08_28_23_38_57_815.jpg,/Users/martin/smart-technologies-ca2/data/IMG/left_2026_08_28_23_38_57_815.jpg,/Users/martin/smart-technologies-ca2/data/IMG/right_2026_08_28_23_38_57_815.jpg,0.0,1.0,0,30.18936
/Users/martin/smart-technologies-ca2/data/IMG/center_2026_08_28_23_39_00_675.jpg,/Users/martin/smart-technologies-ca2/data/IMG/left_2026_08_28_23_39_00_675.jpg,/Users/martin/smart-technologies-ca2/data/IMG/right_2026_08_28_23_39_00_675.jpg,0.25,1.0,0,30.17472
/Users/martin/smart-technologies-ca2/data/IMG/center_2026_08_28_23_39_00_742.jpg,/Users/martin/smart-technologies-ca2/data/IMG/left_2026_08_28_23_39_00_742.jpg,/Users/martin/smart-technologies-ca2/data/IMG/right_2026_08_28_23_39_00_742.jpg,0.4,1.0,0,30.15748
/Users/martin/smart-technologies-ca2/data/IMG/center_2026_08_28_23_39_01_154.jpg,/Users/martin/smart-technologies-ca2/data/IMG/left_2026_08_28_23_39_01_154.jpg,/Users/martin/smart-technologies-ca2/data/IMG/right_2026_08_28_23_39_01_154.jpg,0.2,1.0,0,30.18044
/Users/martin/smart-technologies-ca2/data/IMG/center_2026_08_28_23_39_01_220.jpg,/Users/martin/smart-technologies-ca2/data/IMG/left_2026_08_28_23_39_01_220.jpg,/Users/martin/smart-technologies-ca2/data/IMG/right_2026_08_28_23_39_01_220.jpg,0.35,1.0,0,30.164
/Users/martin/smart-technologies-ca2/data/IMG/center_2026_08_28_23_39_01_287.jpg,/Users/martin/smart-technologies-ca2/data/IMG/left_2026_08_28_23_39_01_287.jpg,/Users/martin/smart-technologies-ca2/data/IMG/right_2026_08_28_23_39_01_287.jpg,0.5000001,1.0,0,30.14577
/Users/martin/smart-technologies-ca2/data/IMG/center_2026_08_28_23_39_01_694.jpg,/Users/martin/smart-technologies-ca2/data/IMG/left_2026_08_28_23_39_01_694.jpg,/Users/martin/smart-technologies-ca2/data/IMG/right_2026_08_28_23_39_01_694.jpg,0.25,1.0,0,30.17604
/Users/martin/smart-technologies-ca2/data/IMG/center_2026_08_28_23_39_01_761.jpg,/Users/martin/smart-technologies-ca2/data/IMG/left_2026_08_28_23_39_01_761.jpg,/Users/martin/smart-technologies-ca2/data/IMG/right_2026_08_28_23_39_01_761.jpg,0.4,1.0,0,30.15853
/Users/martin/smart-technologies-ca2/data/IMG/center_2026_08_28_23_39_01_830.jpg,/Users/martin/smart-technologies-ca2/data/IMG/left_2026_08_28_23_39_01_830.jpg,/Users/martin/smart-technologies-ca2/data/IMG/right_2026_08_28_23_39_01_830.jpg,0.5500001,1.0,0,30.13972
/Users/martin/smart-technologies-ca2/data/IMG/center_2026_08_28_23_39_01_897.jpg,/Users/martin/smart-technologies-ca2/data/IMG/left_2026_08_28_23_39_01_897.jpg,/Users/martin/smart-technologies-ca2/data/IMG/right_2026_08_28_23_39_01_897.jpg,0.7500002,1.0,0,30.11495
/Users/martin/smart-technologies-ca2/data/IMG/center_2026_08_28_23_39_01_966.jpg,/Users/martin/smart-technologies-ca2/data/IMG/left_2026_08_28_23_39_01_966.jpg,/Users/martin/smart-technologies-ca2/data/IMG/right_2026_08_28_23_39_01_966.jpg,0.9000002,1.0,0,30.10096
/Users/martin/smart-technologies-ca2/data/IMG/center_2026_08_28_23_39_02_441.jpg,/Users/martin/smart-technologies-ca2/data/IMG/left_2026_08_28_23_39_02_441.jpg,/Users/martin/smart-technologies-ca2/data/IMG/right_2026_08_28_23_39_02_441.jpg,0.15,1.0,0,30.18505
/Users/martin/smart-technologies-ca2/data/IMG/center_2026_08_28_23_39_02_508.jpg,/Users/martin/smart-technologies-ca2/data/IMG/left_2026_08_28_23_39_02_508.jpg,/Users/martin/smart-technologies-ca2/data/IMG/right_2026_08_28_23_39_02_508.jpg,0.3,1.0,0,30.17005
/Users/martin/smart-technologies-ca2/data/IMG/center_2026_08_28_23_39_02_578.jpg,/Users/martin/smart-technologies-ca2/data/IMG/left_2026_08_28_23_39_02_578.jpg,/Users/martin/smart-technologies-ca2/data/IMG/right_2026_08_28_23_39_02_578.jpg,0.5000001,1.0,0,30.14579
/Users/martin/smart-technologies-ca2/data/IMG/center_2026_08_28_23_39_02_645.jpg,/Users/martin/smart-technologies-ca2/data/IMG/left_2026_08_28_23_39_02_645.jpg,/Users/martin/smart-technologies-ca2/data/IMG/right_2026_08_28_23_39_02_645.jpg,0.6500001,1.0,0,30.12701
/Users/martin/smart-technologies-ca2/data/IMG/center_2026_08_28_23_39_02_780.jpg,/Users/martin/smart-technologies-ca2/data/IMG/left_2026_08_28_23_39_02_780.jpg,/Users/martin/smart-technologies-ca2/data/IMG/right_2026_08_28_23_39_02_780.jpg,0.0,1.0,0,30.18704
/Users/martin/smart-technologies-ca2/data/IMG/center_2026_08_28_23_39_02_847.jpg,/Users/martin/smart-technologies-ca2/data/IMG/left_2026_08_28_23_39_02_847.jpg,/Users/martin/smart-technologies-ca2/data/IMG/right_2026_08_28_23_39_02_847.jpg,0.15,1.0,0,30.19015
/Users/martin/smart-technologies-ca2/data/IMG/center_2026_08_28_23_39_02_917.jpg,/Users/martin/smart-technologies-ca2/data/IMG/left_2026_08_28_23_39_02_917.jpg,/Users/martin/smart-technologies-ca2/data/IMG/right_2026_08_28_23_39_02_917.jpg,0.35,1.0,0,30.17121
/Users/martin/smart-technologies-ca2/data/IMG/center_2026_08_28_23_39_03_185.jpg,/Users/martin/smart-technologies-ca2/data/IMG/left_2026_08_28_23_39_03_185.jpg,/Users/martin/smart-technologies-ca2/data/IMG/right_2026_08_28_23_39_03_185.jpg,0.2,1.0,0,30.18283
/Users/martin/smart-technologies-ca2/data/IMG/center_2026_08_28_23_39_03_254.jpg,/Users/martin/smart-technologies-ca2/data/IMG/left_2026_08_28_23_39_03_254.jpg,/Users/martin/smart-technologies-ca2/data/IMG/right_2026_08_28_23_39_03_254.jpg,0.4,1.0,0,30.15976
/Users/martin/smart-technologies-ca2/data/IMG/center_2026_08_28_23_39_03_321.jpg,/Users/martin/smart-technologies-ca2/data/IMG/left_2026_08_28_23_39_03_321.jpg,/Users/martin/smart-technologies-ca2/data/IMG/right_2026_08_28_23_39_03_321.jpg,0.5500001,1.0,0,30.14103
/Users/martin/smart-technologies-ca2/data/IMG/center_2026_08_28_23_39_03_390.jpg,/Users/martin/smart-technologies-ca2/data/IMG/left_2026_08_28_23_39_03_390.jpg,/Users/martin/smart-technologies-ca2/data/IMG/right_2026_08_28_23_39_03_390.jpg,0.7,1.0,0,30.12223
/Users/martin/smart-technologies-ca2/data/IMG/center_2026_08_28_23_39_03_459.jpg,/Users/martin/smart-technologies-ca2/data/IMG/left_2026_08_28_23_39_03_459.jpg,/Users/martin/smart-technologies-ca2/data/IMG/right_2026_08_28_23_39_03_459.jpg,0.9000002,1.0,0,30.10111
/Users/martin/smart-technologies-ca2/data/IMG/center_2026_08_28_23_39_03_526.jpg,/Users/martin/smart-technologies-ca2/data/IMG/left_2026_08_28_23_39_03_526.jpg,/Users/martin/smart-technologies-ca2/data/IMG/right_2026_08_28_23_39_03_526.jpg,1.0,1.0,0,30.09638
/Users/martin/smart-technologies-ca2/data/IMG/center_2026_08_28_23_39_03_864.jpg,/Users/martin/smart-technologies-ca2/data/IMG/left_2026_08_28_23_39_03_864.jpg,/Users/martin/smart-technologies-ca2/data/IMG/right_2026_08_28_23_39_03_864.jpg,-0.05,1.0,0,30.18781
/Users/martin/smart-technologies-ca2/data/IMG/center_2026_08_28_23_39_03_931.jpg,/Users/martin/smart-technologies-ca2/data/IMG/left_2026_08_28_23_39_03_931.jpg,/Users/martin/smart-technologies-ca2/data/IMG/right_2026_08_28_23_39_03_931.jpg,-0.2,1.0,0,30.17479
/Users/martin/smart-technologies-ca2/data/IMG/center_2026_08_28_23_39_04_344.jpg,/Users/martin/smart-technologies-ca2/data/IMG/left_2026_08_28_23_39_04_344.jpg,/Users/martin/smart-technologies-ca2/data/IMG/right_2026_08_28_23_39_04_344.jpg,0.0,1.0,0,30.19016
/Users/martin/smart-technologies-ca2/data/IMG/center_2026_08_28_23_39_04_553.jpg,/Users/martin/smart-technologies-ca2/data/IMG/left_2026_08_28_23_39_04_553.jpg,/Users/martin/smart-technologies-ca2/data/IMG/right_2026_08_28_23_39_04_553.jpg,0.2,1.0,0,30.1797
/Users/martin/smart-technologies-ca2/data/IMG/center_2026_08_28_23_39_04_895.jpg,/Users/martin/smart-technologies-ca2/data/IMG/left_2026_08_28_23_39_04_895.jpg,/Users/martin/smart-technologies-ca2/data/IMG/right_2026_08_28_23_39_04_895.jpg,0.1,1.0,0,30.18801
/Users/martin/smart-technologies-ca2/data/IMG/center_2026_08_28_23_39_04_965.jpg,/Users/martin/smart-technologies-ca2/data/IMG/left_2026_08_28_23_39_04_965.jpg,/Users/martin/smart-technologies-ca2/data/IMG/right_2026_08_28_23_39_04_965.jpg,0.25,1.0,0,30.1751
/Users/martin/smart-technologies-ca2/data/IMG/center_2026_08_28_23_39_05_378.jpg,/Users/martin/smart-technologies-ca2/data/IMG/left_2026_08_28_23_39_05_378.jpg,/Users/martin/smart-technologies-ca2/data/IMG/right_2026_08_28_23_39_05_378.jpg,0.0,1.0,0,30.19047
/Users/martin/smart-technologies-ca2/data/IMG/center_2026_08_28_23_39_06_410.jpg,/Users/martin/smart-technologies-ca2/data/IMG/left_2026_08_28_23_39_06_410.jpg,/Users/martin/smart-technologies-ca2/data/IMG/right_2026_08_28_23_39_06_410.jpg,0.2,1.0,0,30.17991
/Users/martin/smart-technologies-ca2/data/IMG/center_2026_08_28_23_39_06_820.jpg,/Users/martin/smart-technologies-ca2/data/IMG/left_2026_08_28_23_39_06_820.jpg,/Users/martin/smart-technologies-ca2/data/IMG/right_2026_08_28_23_39_06_820.jpg,0.15,1.0,0,30.18442
/Users/martin/smart-technologies-ca2/data/IMG/center_2026_08_28_23_39_08_324.jpg,/Users/martin/smart-technologies-ca2/data/IMG/left_2026_08_28_23_39_08_324.jpg,/Users/martin/smart-technologies-ca2/data/IMG/right_2026_08_28_23_39_08_324.jpg,0.0,1.0,0,30.19025
/Users/martin/smart-technologies-ca2/data/IMG/center_2026_08_28_23_39_09_415.jpg,/Users/martin/smart-technologies-ca2/data/IMG/left_2026_08_28_23_39_09_415.jpg,/Users/martin/smart-technologies-ca2/data/IMG/right_2026_08_28_23_39_09_415.jpg,-0.2,1.0,0,30.17997
/Users/martin/smart-technologies-ca2/data/IMG/center_2026_08_28_23_39_09_483.jpg,/Users/martin/smart-technologies-ca2/data/IMG/left_2026_08_28_23_39_09_483.jpg,/Users/martin/smart-technologies-ca2/data/IMG/right_2026_08_28_23_39_09_483.jpg,-0.35,1.0,0,30.16345
/Users/martin/smart-technologies-ca2/data/IMG/center_2026_08_28_23_39_09_822.jpg,/Users/martin/smart-technologies-ca2/data/IMG/left_2026_08_28_23_39_09_822.jpg,/Users/martin/smart-technologies-ca2/data/IMG/right_2026_08_28_23_39_09_822.jpg,-0.05,1.0,0,30.18998
/Users/martin/smart-technologies-ca2/data/IMG/center_2026_08_28_23_39_09_891.jpg,/Users/martin/smart-technologies-ca2/data/IMG/left_2026_08_28_23_39_09_891.jpg,/Users/martin/smart-technologies-ca2/data/IMG/right_2026_08_28_23_39_09_891.jpg,-0.2,1.0,0,30.18102
/Users/martin/smart-technologies-ca2/data/IMG/center_2026_08_28_23_39_09_957.jpg,/Users/martin/smart-technologies-ca2/data/IMG/left_2026_08_28_23_39_09_957.jpg,/Users/martin/smart-technologies-ca2/data/IMG/right_2026_08_28_23_39_09_957.jpg,-0.4,1.0,0,30.15851
/Users/martin/smart-technologies-ca2/data/IMG/center_2026_08_28_23_39_10_436.jpg,/Users/martin/smart-technologies-ca2/data/IMG/left_2026_08_28_23_39_10_436.jpg,/Users/martin/smart-technologies-ca2/data/IMG/right_2026_08_28_23_39_10_436.jpg,-0.05,0.5392269,0,30.06968
/Users/martin/smart-technologies-ca2/data/IMG/center_2026_08_28_23_39_10_504.jpg,/Users/martin/smart-technologies-ca2/data/IMG/left_2026_08_28_23_39_10_504.jpg,/Users/martin/smart-technologies-ca2/data/IMG/right_2026_08_28_23_39_10_504.jpg,-0.2,0.7305818,0,30.09704
/Users/martin/smart-technologies-ca2/data/IMG/center_2026_08_28_23_39_10_571.jpg,/Users/martin/smart-technologies-ca2/data/IMG/left_2026_08_28_23_39_10_571.jpg,/Users/martin/smart-technologies-ca2/data/IMG/right_2026_08_28_23_39_10_571.jpg,-0.35,0.904297,0,30.12636
/Users/martin/smart-technologies-ca2/data/IMG/center_2026_08_28_23_39_10_914.jpg,/Users/martin/smart-technologies-ca2/data/IMG/left_2026_08_28_23_39_10_914.jpg,/Users/martin/smart-technologies-ca2/data/IMG/right_2026_08_28_23_39_10_914.jpg,-0.1,0.365458,0,30.03894
/Users/martin/smart-technologies-ca2/data/IMG/center_2026_08_28_23_39_10_980.jpg,/Users/martin/smart-technologies-ca2/data/IMG/left_2026_08_28_23_39_10_980.jpg,/Users/martin/smart-technologies-ca2/data/IMG/right_2026_08_28_23_39_10_980.jpg,-0.25,0.4668816,0,30.03
/Users/martin/smart-technologies-ca2/data/IMG/center_2026_08_28_23_39_11_047.jpg,/Users/martin/smart-technologies-ca2/data/IMG/left_2026_08_28_23_39_11_047.jpg,/Users/martin/smart-technologies-ca2/data/IMG/right_2026_08_28_23_39_11_047.jpg,-0.4,0.6496477,0,30.05747
/Users/martin/smart-technologies-ca2/data/IMG/center_2026_08_28_23_39_11_114.jpg,/Users/martin/smart-technologies-ca2/data/IMG/left_2026_08_28_23_39_11_114.jpg,/Users/martin/smart-technologies-ca2/data/IMG/right_2026_08_28_23_39_11_114.jpg,-0.6000001,0.8841547,0,30.09245
/Users/martin/smart-technologies-ca2/data/IMG/center_2026_08_28_23_39_11_181.jpg,/Users/martin/smart-technologies-ca2/data/IMG/left_2026_08_28_23_39_11_181.jpg,/Users/martin/smart-technologies-ca2/data/IMG/right_2026_08_28_23_39_11_181.jpg,0.0,0.7201777,0,30.12353
/Users/martin/smart-technologies-ca2/data/IMG/center_2026_08_28_23_39_11_453.jpg,/Users/martin/smart-technologies-ca2/data/IMG/left_2026_08_28_23_39_11_453.jpg,/Users/martin/smart-technologies-ca2/data/IMG/right_2026_08_28_23_39_11_453.jpg,-0.1,0.0,0,29.82178
/Users/martin/smart-technologies-ca2/data/IMG/center_2026_08_28_23_39_11_521.jpg,/Users/martin/smart-technologies-ca2/data/IMG/left_2026_08_28_23_39_11_521.jpg,/Users/martin/smart-technologies-ca2/data/IMG/right_2026_08_28_23_39_11_521.jpg,-0.3,0.0,0,29.53831
/Users/martin/smart-technologies-ca2/data/IMG/center_2026_08_28_23_39_11_994.jpg,/Users/martin/smart-technologies-ca2/data/IMG/left_2026_08_28_23_39_11_994.jpg,/Users/martin/smart-technologies-ca2/data/IMG/right_2026_08_28_23_39_11_994.jpg,-0.05,0.4496645,0,29.98552
/Users/martin/smart-technologies-ca2/data/IMG/center_2026_08_28_23_39_12_063.jpg,/Users/martin/smart-technologies-ca2/data/IMG/left_2026_08_28_23_39_12_063.jpg,/Users/martin/smart-technologies-ca2/data/IMG/right_2026_08_28_23_39_12_063.jpg,-0.2,0.6278647,0,30.07547
/Users/martin/smart-technologies-ca2/data/IMG/center_2026_08_28_23_39_12_132.jpg,/Users/martin/smart-technologies-ca2/data/IMG/left_2026_08_28_23_39_12_132.jpg,/Users/martin/smart-technologies-ca2/data/IMG/right_2026_08_28_23_39_12_132.jpg,-0.35,0.8066436,0,30.10337
/Users/martin/smart-technologies-ca2/data/IMG/center_2026_08_28_23_39_12_199.jpg,/Users/martin/smart-technologies-ca2/data/IMG/left_2026_08_28_23_39_12_199.jpg,/Users/martin/smart-technologies-ca2/data/IMG/right_2026_08_28_23_39_12_199.jpg,-0.5500001,1.0,0,30.13938
/Users/martin/smart-technologies-ca2/data/IMG/center_2026_08_28_23_39_12_266.jpg,/Users/martin/smart-technologies-ca2/data/IMG/left_2026_08_28_23_39_12_266.jpg,/Users/martin/smart-technologies-ca2/data/IMG/right_2026_08_28_23_39_12_266.jpg,-0.7,1.0,0,30.12069
/Users/martin/smart-technologies-ca2/data/IMG/center_2026_08_28_23_39_12_332.jpg,/Users/martin/smart-technologies-ca2/data/IMG/left_2026_08_28_23_39_12_332.jpg,/Users/martin/smart-technologies-ca2/data/IMG/right_2026_08_28_23_39_12_332.jpg,0.0,1.0,0,30.17446
/Users/martin/smart-technologies-ca2/data/IMG/center_2026_08_28_23_39_12_603.jpg,/Users/martin/smart-technologies-ca2/data/IMG/left_2026_08_28_23_39_12_603.jpg,/Users/martin/smart-technologies-ca2/data/IMG/right_2026_08_28_23_39_12_603.jpg,-0.15,1.0,0,30.18661
/Users/martin/smart-technologies-ca2/data/IMG/center_2026_08_28_23_39_12_671.jpg,/Users/martin/smart-technologies-ca2/data/IMG/left_2026_08_28_23_39_12_671.jpg,/Users/martin/smart-technologies-ca2/data/IMG/right_2026_08_28_23_39_12_671.jpg,-0.3,1.0,0,30.17151
/Users/martin/smart-technologies-ca2/data/IMG/center_2026_08_28_23_39_12_738.jpg,/Users/martin/smart-technologies-ca2/data/IMG/left_2026_08_28_23_39_12_738.jpg,/Users/martin/smart-technologies-ca2/data/IMG/right_2026_08_28_23_39_12_738.jpg,-0.5000001,1.0,0,30.14708
/Users/martin/smart-technologies-ca2/data/IMG/center_2026_08_28_23_39_12_805.jpg,/Users/martin/smart-technologies-ca2/data/IMG/left_2026_08_28_23_39_12_805.jpg,/Users/martin/smart-technologies-ca2/data/IMG/right_2026_08_28_23_39_12_805.jpg,-0.6500001,1.0,0,30.12826
/Users/martin/smart-technologies-ca2/data/IMG/center_2026_08_28_23_39_13_009.jpg,/Users/martin/smart-technologies-ca2/data/IMG/left_2026_08_28_23_39_13_009.jpg,/Users/martin/smart-technologies-ca2/data/IMG/right_2026_08_28_23_39_13_009.jpg,-0.15,1.0,0,30.18902
/Users/martin/smart-technologies-ca2/data/IMG/center_2026_08_28_23_39_13_077.jpg,/Users/martin/smart-technologies-ca2/data/IMG/left_2026_08_28_23_39_13_077.jpg,/Users/martin/smart-technologies-ca2/data/IMG/right_2026_08_28_23_39_13_077.jpg,-0.35,1.0,0,30.16938
/Users/martin/smart-technologies-ca2/data/IMG/center_2026_08_28_23_39_13_147.jpg,/Users/martin/smart-technologies-ca2/data/IMG/left_2026_08_28_23_39_13_147.jpg,/Users/martin/smart-technologies-ca2/data/IMG/right_2026_08_28_23_39_13_147.jpg,-0.05,1.0,0,30.18951
/Users/martin/smart-technologies-ca2/data/IMG/center_2026_08_28_23_39_13_283.jpg,/Users/martin/smart-technologies-ca2/data/IMG/left_2026_08_28_23_39_13_283.jpg,/Users/martin/smart-technologies-ca2/data/IMG/right_2026_08_28_23_39_13_283.jpg,0.0,1.0,0,30.19004
/Users/martin/smart-technologies-ca2/data/IMG/center_2026_08_28_23_39_13_419.jpg,/Users/martin/smart-technologies-ca2/data/IMG/left_2026_08_28_23_39_13_419.jpg,/Users/martin/smart-technologies-ca2/data/IMG/right_2026_08_28_23_39_13_419.jpg,-0.15,1.0,0,30.1855
/Users/martin/smart-technologies-ca2/data/IMG/center_2026_08_28_23_39_13_488.jpg,/Users/martin/smart-technologies-ca2/data/IMG/left_2026_08_28_23_39_13_488.jpg,/Users/martin/smart-technologies-ca2/data/IMG/right_2026_08_28_23_39_13_488.jpg,-0.3,1.0,0,30.16955
/Users/martin/smart-technologies-ca2/data/IMG/center_2026_08_28_23_39_13_556.jpg,/Users/martin/smart-technologies-ca2/data/IMG/left_2026_08_28_23_39_13_556.jpg,/Users/martin/smart-technologies-ca2/data/IMG/right_2026_08_28_23_39_13_556.jpg,-0.5000001,1.0,0,30.14548
/Users/martin/smart-technologies-ca2/data/IMG/center_2026_08_28_23_39_13_623.jpg,/Users/martin/smart-technologies-ca2/data/IMG/left_2026_08_28_23_39_13_623.jpg,/Users/martin/smart-technologies-ca2/data/IMG/right_2026_08_28_23_39_13_623.jpg,-0.6500001,1.0,0,30.12709
/Users/martin/smart-technologies-ca2/data/IMG/center_2026_08_28_23_39_13_967.jpg,/Users/martin/smart-technologies-ca2/data/IMG/left_2026_08_28_23_39_13_967.jpg,/Users/martin/smart-technologies-ca2/data/IMG/right_2026_08_28_23_39_13_967.jpg,-0.05,1.0,0,30.18951
/Users/martin/smart-technologies-ca2/data/IMG/center_2026_08_28_23_39_14_034.jpg,/Users/martin/smart-technologies-ca2/data/IMG/left_2026_08_28_23_39_14_034.jpg,/Users/martin/smart-technologies-ca2/data/IMG/right_2026_08_28_23_39_14_034.jpg,-0.25,1.0,0,30.17648
/Users/martin/smart-technologies-ca2/data/IMG/center_2026_08_28_23_39_14_100.jpg,/Users/martin/smart-technologies-ca2/data/IMG/left_2026_08_28_23_39_14_100.jpg,/Users/martin/smart-technologies-ca2/data/IMG/right_2026_08_28_23_39_14_100.jpg,-0.4,1.0,0,30.15882
/Users/martin/smart-technologies-ca2/data/IMG/center_2026_08_28_23_39_14_303.jpg,/Users/martin/smart-technologies-ca2/data/IMG/left_2026_08_28_23_39_14_303.jpg,/Users/martin/smart-technologies-ca2/data/IMG/right_2026_08_28_23_39_14_303.jpg,-0.15,1.0,0,30.18783
/Users/martin/smart-technologies-ca2/data/IMG/center_2026_08_28_23_39_14_373.jpg,/Users/martin/smart-technologies-ca2/data/IMG/left_2026_08_28_23_39_14_373.jpg,/Users/martin/smart-technologies-ca2/data/IMG/right_2026_08_28_23_39_14_373.jpg,-0.3,1.0,0,30.17375
/Users/martin/smart-technologies-ca2/data/IMG/center_2026_08_28_23_39_14_441.jpg,/Users/martin/smart-technologies-ca2/data/IMG/left_2026_08_28_23_39_14_441.jpg,/Users/martin/smart-technologies-ca2/data/IMG/right_2026_08_28_23_39_14_441.jpg,-0.5000001,1.0,0,30.14845
/Users/martin/smart-technologies-ca2/data/IMG/center_2026_08_28_23_39_14_645.jpg,/Users/martin/smart-technologies-ca2/data/IMG/left_2026_08_28_23_39_14_645.jpg,/Users/martin/smart-technologies-ca2/data/IMG/right_2026_08_28_23_39_14_645.jpg,-0.05,1.0,0,30.19021
/Users/martin/smart-technologies-ca2/data/IMG/center_2026_08_28_23_39_14_714.jpg,/Users/martin/smart-technologies-ca2/data/IMG/left_2026_08_28_23_39_14_714.jpg,/Users/martin/smart-technologies-ca2/data/IMG/right_2026_08_28_23_39_14_714.jpg,-0.25,1.0,0,30.1805
/Users/martin/smart-technologies-ca2/data/IMG/center_2026_08_28_23_39_14_918.jpg,/Users/martin/smart-technologies-ca2/data/IMG/left_2026_08_28_23_39_14_918.jpg,/Users/martin/smart-technologies-ca2/data/IMG/right_2026_08_28_23_39_14_918.jpg,0.0,1.0,0,30.19009
/Users/martin/smart-technologies-ca2/data/IMG/center_2026_08_28_23_39_15_055.jpg,/Users/martin/smart-technologies-ca2/data/IMG/left_2026_08_28_23_39_15_055.jpg,/Users/martin/smart-technologies-ca2/data/IMG/right_2026_08_28_23_39_15_055.jpg,-0.2,1.0,0,30.18179
/Users/martin/smart-technologies-ca2/data/IMG/center_2026_08_28_23_39_15_122.jpg,/Users/martin/smart-technologies-ca2/data/IMG/left_2026_08_28_23_39_15_122.jpg,/Users/martin/smart-technologies-ca2/data/IMG/right_2026_08_28_23_39_15_122.jpg,-0.35,1.0,0,30.16466
/Users/martin/smart-technologies-ca2/data/IMG/center_2026_08_28_23_39_15_192.jpg,/Users/martin/smart-technologies-ca2/data/IMG/left_2026_08_28_23_39_15_192.jpg,/Users/martin/smart-technologies-ca2/data/IMG/right_2026_08_28_23_39_15_192.jpg,0.0,1.0,0,30.18844
/Users/martin/smart-technologies-ca2/data/IMG/center_2026_08_28_23_39_15_326.jpg,/Users/martin/smart-technologies-ca2/data/IMG/left_2026_08_28_23_39_15_326.jpg,/Users/martin/smart-technologies-ca2/data/IMG/right_2026_08_28_23_39_15_326.jpg,-0.05,1.0,0,30.1902
/Users/martin/smart-technologies-ca2/data/IMG/center_2026_08_28_23_39_15_394.jpg,/Users/martin/smart-technologies-ca2/data/IMG/left_2026_08_28_23_39_15_394.jpg,/Users/martin/smart-technologies-ca2/data/IMG/right_2026_08_28_23_39_15_394.jpg,-0.25,1.0,0,30.1767
/Users/martin/smart-technologies-ca2/data/IMG/center_2026_08_28_23_39_15_741.jpg,/Users/martin/smart-technologies-ca2/data/IMG/left_2026_08_28_23_39_15_741.jpg,/Users/martin/smart-technologies-ca2/data/IMG/right_2026_08_28_23_39_15_741.jpg,-0.15,1.0,0,30.18469
/Users/martin/smart-technologies-ca2/data/IMG/center_2026_08_28_23_39_15_808.jpg,/Users/martin/smart-technologies-ca2/data/IMG/left_2026_08_28_23_39_15_808.jpg,/Users/martin/smart-technologies-ca2/data/IMG/right_2026_08_28_23_39_15_808.jpg,-0.3,1.0,0,30.16976
/Users/martin/smart-technologies-ca2/data/IMG/center_2026_08_28_23_39_16_221.jpg,/Users/martin/smart-technologies-ca2/data/IMG/left_2026_08_28_23_39_16_221.jpg,/Users/martin/smart-technologies-ca2/data/IMG/right_2026_08_28_23_39_16_221.jpg,-0.2,1.0,0,30.18042
/Users/martin/smart-technologies-ca2/data/IMG/center_2026_08_28_23_39_16_289.jpg,/Users/martin/smart-technologies-ca2/data/IMG/left_2026_08_28_23_39_16_289.jpg,/Users/martin/smart-technologies-ca2/data/IMG/right_2026_08_28_23_39_16_289.jpg,-0.35,1.0,0,30.164
/Users/martin/smart-technologies-ca2/data/IMG/center_2026_08_28_23_39_16_632.jpg,/Users/martin/smart-technologies-ca2/data/IMG/left_2026_08_28_23_39_16_632.jpg,/Users/martin/smart-technologies-ca2/data/IMG/right_2026_08_28_23_39_16_632.jpg,-0.05,1.0,0,30.18998
/Users/martin/smart-technologies-ca2/data/IMG/center_2026_08_28_23_39_16_701.jpg,/Users/martin/smart-technologies-ca2/data/IMG/left_2026_08_28_23_39_16_701.jpg,/Users/martin/smart-technologies-ca2/data/IMG/right_2026_08_28_23_39_16_701.jpg,-0.25,1.0,0,30.17603
/Users/martin/smart-technologies-ca2/data/IMG/center_2026_08_28_23_39_16_770.jpg,/Users/martin/smart-technologies-ca2/data/IMG/left_2026_08_28_23_39_16_770.jpg,/Users/martin/smart-technologies-ca2/data/IMG/right_2026_08_28_23_39_16_770.jpg,-0.4,1.0,0,30.15848
/Users/martin/smart-technologies-ca2/data/IMG/center_2026_08_28_23_39_17_314.jpg,/Users/martin/smart-technologies-ca2/data/IMG/left_2026_08_28_23_39_17_314.jpg,/Users/martin/smart-technologies-ca2/data/IMG/right_2026_08_28_23_39_17_314.jpg,-0.1,1.0,0,30.18769
/Users/martin/smart-technologies-ca2/data/IMG/center_2026_08_28_23_39_17_381.jpg,/Users/martin/smart-technologies-ca2/data/IMG/left_2026_08_28_23_39_17_381.jpg,/Users/martin/smart-technologies-ca2/data/IMG/right_2026_08_28_23_39_17_381.jpg,-0.25,1.0,0,30.17481
/Users/martin/smart-technologies-ca2/data/IMG/center_2026_08_28_23_39_17_448.jpg,/Users/martin/smart-technologies-ca2/data/IMG/left_2026_08_28_23_39_17_448.jpg,/Users/martin/smart-technologies-ca2/data/IMG/right_2026_08_28_23_39_17_448.jpg,-0.4,1.0,0,30.15753
/Users/martin/smart-technologies-ca2/data/IMG/center_2026_08_28_23_39_17_927.jpg,/Users/martin/smart-technologies-ca2/data/IMG/left_2026_08_28_23_39_17_927.jpg,/Users/martin/smart-technologies-ca2/data/IMG/right_2026_08_28_23_39_17_927.jpg,-0.15,1.0,0,30.18452
/Users/martin/smart-technologies-ca2/data/IMG/center_2026_08_28_23_39_17_994.jpg,/Users/martin/smart-technologies-ca2/data/IMG/left_2026_08_28_23_39_17_994.jpg,/Users/martin/smart-technologies-ca2/data/IMG/right_2026_08_28_23_39_17_994.jpg,-0.35,1.0,0,30.16369
/Users/martin/smart-technologies-ca2/data/IMG/center_2026_08_28_23_39_18_338.jpg,/Users/martin/smart-technologies-ca2/data/IMG/left_2026_08_28_23_39_18_338.jpg,/Users/martin/smart-technologies-ca2/data/IMG/right_2026_08_28_23_39_18_338.jpg,-0.05,1.0,0,30.18989
/Users/martin/smart-technologies-ca2/data/IMG/center_2026_08_28_23_39_18_405.jpg,/Users/martin/smart-technologies-ca2/data/IMG/left_2026_08_28_23_39_18_405.jpg,/Users/martin/smart-technologies-ca2/data/IMG/right_2026_08_28_23_39_18_405.jpg,-0.2,1.0,0,30.18069
/Users/martin/smart-technologies-ca2/data/IMG/center_2026_08_28_23_39_18_472.jpg,/Users/martin/smart-technologies-ca2/data/IMG/left_2026_08_28_23_39_18_472.jpg,/Users/martin/smart-technologies-ca2/data/IMG/right_2026_08_28_23_39_18_472.jpg,-0.35,1.0,0,30.16428
/Users/martin/smart-technologies-ca2/data/IMG/center_2026_08_28_23_39_18_815.jpg,/Users/martin/smart-technologies-ca2/data/IMG/left_2026_08_28_23_39_18_815.jpg,/Users/martin/smart-technologies-ca2/data/IMG/right_2026_08_28_23_39_18_815.jpg,-0.05,1.0,0,30.18982
/Users/martin/smart-technologies-ca2/data/IMG/center_2026_08_28_23_39_18_885.jpg,/Users/martin/smart-technologies-ca2/data/IMG/left_2026_08_28_23_39_18_885.jpg,/Users/martin/smart-technologies-ca2/data/IMG/right_2026_08_28_23_39_18_885.jpg,-0.2,1.0,0,30.18035
/Users/martin/smart-technologies-ca2/data/IMG/center_2026_08_28_23_39_19_231.jpg,/Users/martin/smart-technologies-ca2/data/IMG/left_2026_08_28_23_39_19_231.jpg,/Users/martin/smart-technologies-ca2/data/IMG/right_2026_08_28_23_39_19_231.jpg,0.0,1.0,0,30.19028
/Users/martin/smart-technologies-ca2/data/IMG/center_2026_08_28_23_39_19_298.jpg,/Users/martin/smart-technologies-ca2/data/IMG/left_2026_08_28_23_39_19_298.jpg,/Users/martin/smart-technologies-ca2/data/IMG/right_2026_08_28_23_39_19_298.jpg,-0.05,1.0,0,30.18981
/Users/martin/smart-technologies-ca2/data/IMG/center_2026_08_28_23_39_19_367.jpg,/Users/martin/smart-technologies-ca2/data/IMG/left_2026_08_28_23_39_19_367.jpg,/Users/martin/smart-technologies-ca2/data/IMG/right_2026_08_28_23_39_19_367.jpg,-0.2,1.0,0,30.18012
/Users/martin/smart-technologies-ca2/data/IMG/center_2026_08_28_23_39_19_435.jpg,/Users/martin/smart-technologies-ca2/data/IMG/left_2026_08_28_23_39_19_435.jpg,/Users/martin/smart-technologies-ca2/data/IMG/right_2026_08_28_23_39_19_435.jpg,-0.4,1.0,0,30.15749
/Users/martin/smart-technologies-ca2/data/IMG/center_2026_08_28_23_39_19_779.jpg,/Users/martin/smart-technologies-ca2/data/IMG/left_2026_08_28_23_39_19_779.jpg,/Users/martin/smart-technologies-ca2/data/IMG/right_2026_08_28_23_39_19_779.jpg,-0.15,1.0,0,30.18548
/Users/martin/smart-technologies-ca2/data/IMG/center_2026_08_28_23_39_19_847.jpg,/Users/martin/smart-technologies-ca2/data/IMG/left_2026_08_28_23_39_19_847.jpg,/Users/martin/smart-technologies-ca2/data/IMG/right_2026_08_28_23_39_19_847.jpg,-0.3,1.0,0,30.17064
/Users/martin/smart-technologies-ca2/data/IMG/center_2026_08_28_23_39_20_458.jpg,/Users/martin/smart-technologies-ca2/data/IMG/left_2026_08_28_23_39_20_458.jpg,/Users/martin/smart-technologies-ca2/data/IMG/right_2026_08_28_23_39_20_458.jpg,-0.2,1.0,0,30.17996
/Users/martin/smart-technologies-ca2/data/IMG/center_2026_08_28_23_39_20_526.jpg,/Users/martin/smart-technologies-ca2/data/IMG/left_2026_08_28_23_39_20_526.jpg,/Users/martin/smart-technologies-ca2/data/IMG/right_2026_08_28_23_39_20_526.jpg,-0.35,1.0,0,30.16347
/Users/martin/smart-technologies-ca2/data/IMG/center_2026_08_28_23_39_21_220.jpg,/Users/martin/smart-technologies-ca2/data/IMG/left_2026_08_28_23_39_21_220.jpg,/Users/martin/smart-technologies-ca2/data/IMG/right_2026_08_28_23_39_21_220.jpg,-0.2,1.0,0,30.17982
/Users/martin/smart-technologies-ca2/data/IMG/center_2026_08_28_23_39_21_289.jpg,/Users/martin/smart-technologies-ca2/data/IMG/left_2026_08_28_23_39_21_289.jpg,/Users/martin/smart-technologies-ca2/data/IMG/right_2026_08_28_23_39_21_289.jpg,-0.35,1.0,0,30.16345
/Users/martin/smart-technologies-ca2/data/IMG/center_2026_08_28_23_39_21_695.jpg,/Users/martin/smart-technologies-ca2/data/IMG/left_2026_08_28_23_39_21_695.jpg,/Users/martin/smart-technologies-ca2/data/IMG/right_2026_08_28_23_39_21_695.jpg,-0.05,1.0,0,30.18987
/Users/martin/smart-technologies-ca2/data/IMG/center_2026_08_28_23_39_21_764.jpg,/Users/martin/smart-technologies-ca2/data/IMG/left_2026_08_28_23_39_21_764.jpg,/Users/martin/smart-technologies-ca2/data/IMG/right_2026_08_28_23_39_21_764.jpg,-0.2,1.0,0,30.18041
/Users/martin/smart-technologies-ca2/data/IMG/center_2026_08_28_23_39_21_831.jpg,/Users/martin/smart-technologies-ca2/data/IMG/left_2026_08_28_23_39_21_831.jpg,/Users/martin/smart-technologies-ca2/data/IMG/right_2026_08_28_23_39_21_831.jpg,-0.35,1.0,0,30.164
/Users/martin/smart-technologies-ca2/data/IMG/center_2026_08_28_23_39_22_309.jpg,/Users/martin/smart-technologies-ca2/data/IMG/left_2026_08_28_23_39_22_309.jpg,/Users/martin/smart-technologies-ca2/data/IMG/right_2026_08_28_23_39_22_309.jpg,-0.1,1.0,0,30.18782
/Users/martin/smart-technologies-ca2/data/IMG/center_2026_08_28_23_39_22_378.jpg,/Users/martin/smart-technologies-ca2/data/IMG/left_2026_08_28_23_39_22_378.jpg,/Users/martin/smart-technologies-ca2/data/IMG/right_2026_08_28_23_39_22_378.jpg,-0.3,1.0,0,30.16943
/Users/martin/smart-technologies-ca2/data/IMG/center_2026_08_28_23_39_22_651.jpg,/Users/martin/smart-technologies-ca2/data/IMG/left_2026_08_28_23_39_22_651.jpg,/Users/martin/smart-technologies-ca2/data/IMG/right_2026_08_28_23_39_22_651.jpg,0.0,1.0,0,30.19028
/Users/martin/smart-technologies-ca2/data/IMG/center_2026_08_28_23_39_22_997.jpg,/Users/martin/smart-technologies-ca2/data/IMG/left_2026_08_28_23_39_22_997.jpg,/Users/martin/smart-technologies-ca2/data/IMG/right_2026_08_28_23_39_22_997.jpg,-0.1,1.0,0,30.18767
/Users/martin/smart-technologies-ca2/data/IMG/center_2026_08_28_23_39_23_341.jpg,/Users/martin/smart-technologies-ca2/data/IMG/left_2026_08_28_23_39_23_341.jpg,/Users/martin/smart-technologies-ca2/data/IMG/right_2026_08_28_23_39_23_341.jpg,-0.05,1.0,0,30.1898
/Users/martin/smart-technologies-ca2/data/IMG/center_2026_08_28_23_39_23_408.jpg,/Users/martin/smart-technologies-ca2/data/IMG/left_2026_08_28_23_39_23_408.jpg,/Users/martin/smart-technologies-ca2/data/IMG/right_2026_08_28_23_39_23_408.jpg,-0.2,1.0,0,30.18021
/Users/martin/smart-technologies-ca2/data/IMG/center_2026_08_28_23_39_23_819.jpg,/Users/martin/smart-technologies-ca2/data/IMG/left_2026_08_28_23_39_23_819.jpg,/Users/martin/smart-technologies-ca2/data/IMG/right_2026_08_28_23_39_23_819.jpg,-0.1,1.0,0,30.18813
/Users/martin/smart-technologies-ca2/data/IMG/center_2026_08_28_23_39_24_157.jpg,/Users/martin/smart-technologies-ca2/data/IMG/left_2026_08_28_23_39_24_157.jpg,/Users/martin/smart-technologies-ca2/data/IMG/right_2026_08_28_23_39_24_157.jpg,0.0,1.0,0,30.1903
/Users/martin/smart-technologies-ca2/data/IMG/center_2026_08_28_23_39_24_362.jpg,/Users/martin/smart-technologies-ca2/data/IMG/left_2026_08_28_23_39_24_362.jpg,/Users/martin/smart-technologies-ca2/data/IMG/right_2026_08_28_23_39_24_362.jpg,-0.2,1.0,0,30.17991
/Users/martin/smart-technologies-ca2/data/IMG/center_2026_08_28_23_39_24_431.jpg,/Users/martin/smart-technologies-ca2/data/IMG/left_2026_08_28_23_39_24_431.jpg,/Users/martin/smart-technologies-ca2/data/IMG/right_2026_08_28_23_39_24_431.jpg,-0.35,1.0,0,30.16351
/Users/martin/smart-technologies-ca2/data/IMG/center_2026_08_28_23_39_25_310.jpg,/Users/martin/smart-technologies-ca2/data/IMG/left_2026_08_28_23_39_25_310.jpg,/Users/martin/smart-technologies-ca2/data/IMG/right_2026_08_28_23_39_25_310.jpg,-0.05,1.0,0,30.18958
/Users/martin/smart-technologies-ca2/data/IMG/center_2026_08_28_23_39_25_378.jpg,/Users/martin/smart-technologies-ca2/data/IMG/left_2026_08_28_23_39_25_378.jpg,/Users/martin/smart-technologies-ca2/data/IMG/right_2026_08_28_23_39_25_378.jpg,-0.25,1.0,0,30.17481
/Users/martin/smart-technologies-ca2/data/IMG/center_2026_08_28_23_39_25_447.jpg,/Users/martin/smart-technologies-ca2/data/IMG/left_2026_08_28_23_39_25_447.jpg,/Users/martin/smart-technologies-ca2/data/IMG/right_2026_08_28_23_39_25_447.jpg,-0.4,1.0,0,30.15775
/Users/martin/smart-technologies-ca2/data/IMG/center_2026_08_28_23_39_26_402.jpg,/Users/martin/smart-technologies-ca2/data/IMG/left_2026_08_28_23_39_26_402.jpg,/Users/martin/smart-technologies-ca2/data/IMG/right_2026_08_28_23_39_26_402.jpg,0.0,1.0,0,30.1903
/Users/martin/smart-technologies-ca2/data/IMG/center_2026_08_28_23_39_26_606.jpg,/Users/martin/smart-technologies-ca2/data/IMG/left_2026_08_28_23_39_26_606.jpg,/Users/martin/smart-technologies-ca2/data/IMG/right_2026_08_28_23_39_26_606.jpg,0.0,1.0,0,30.19029
/Users/martin/smart-technologies-ca2/data/IMG/center_2026_08_28_23_39_28_232.jpg,/Users/martin/smart-technologies-ca2/data/IMG/left_2026_08_28_23_39_28_232.jpg,/Users/martin/smart-technologies-ca2/data/IMG/right_2026_08_28_23_39_28_232.jpg,0.0,1.0,0,30.19029
/Users/martin/smart-technologies-ca2/data/IMG/center_2026_08_28_23_39_28_504.jpg,/Users/martin/smart-technologies-ca2/data/IMG/left_2026_08_28_23_39_28_504.jpg,/Users/martin/smart-technologies-ca2/data/IMG/right_2026_08_28_23_39_28_504.jpg,-0.05,1.0,0,30.18971
/Users/martin/smart-technologies-ca2/data/IMG/center_2026_08_28_23_39_28_572.jpg,/Users/martin/smart-technologies-ca2/data/IMG/left_2026_08_28_23_39_28_572.jpg,/Users/martin/smart-technologies-ca2/data/IMG/right_2026_08_28_23_39_28_572.jpg,-0.2,1.0,0,30.1798
/Users/martin/smart-technologies-ca2/data/IMG/center_2026_08_28_23_39_28_639.jpg,/Users/martin/smart-technologies-ca2/data/IMG/left_2026_08_28_23_39_28_639.jpg,/Users/martin/smart-technologies-ca2/data/IMG/right_2026_08_28_23_39_28_639.jpg,-0.4,1.0,0,30.15751
/Users/martin/smart-technologies-ca2/data/IMG/center_2026_08_28_23_39_28_707.jpg,/Users/martin/smart-technologies-ca2/data/IMG/left_2026_08_28_23_39_28_707.jpg,/Users/martin/smart-technologies-ca2/data/IMG/right_2026_08_28_23_39_28_707.jpg,-0.5500001,1.0,0,30.13924
/Users/martin/smart-technologies-ca2/data/IMG/center_2026_08_28_23_39_29_857.jpg,/Users/martin/smart-technologies-ca2/data/IMG/left_2026_08_28_23_39_29_857.jpg,/Users/martin/smart-technologies-ca2/data/IMG/right_2026_08_28_23_39_29_857.jpg,0.15,1.0,0,30.18427
/Users/martin/smart-technologies-ca2/data/IMG/center_2026_08_28_23_39_30_536.jpg,/Users/martin/smart-technologies-ca2/data/IMG/left_2026_08_28_23_39_30_536.jpg,/Users/martin/smart-technologies-ca2/data/IMG/right_2026_08_28_23_39_30_536.jpg,0.0,1.0,0,30.19029
/Users/martin/smart-technologies-ca2/data/IMG/center_2026_08_28_23_39_32_237.jpg,/Users/martin/smart-technologies-ca2/data/IMG/left_2026_08_28_23_39_32_237.jpg,/Users/martin/smart-technologies-ca2/data/IMG/right_2026_08_28_23_39_32_237.jpg,-0.2,1.0,0,30.17984
/Users/martin/smart-technologies-ca2/data/IMG/center_2026_08_28_23_39_32_305.jpg,/Users/martin/smart-technologies-ca2/data/IMG/left_2026_08_28_23_39_32_305.jpg,/Users/martin/smart-technologies-ca2/data/IMG/right_2026_08_28_23_39_32_305.jpg,-0.35,1.0,0,30.16346
/Users/martin/smart-technologies-ca2/data/IMG/center_2026_08_28_23_39_32_374.jpg,/Users/martin/smart-technologies-ca2/data/IMG/left_2026_08_28_23_39_32_374.jpg,/Users/martin/smart-technologies-ca2/data/IMG/right_2026_08_28_23_39_32_374.jpg,-0.5500001,1.0,0,30.13971
/Users/martin/smart-technologies-ca2/data/IMG/center_2026_08_28_23_39_32_644.jpg,/Users/martin/smart-technologies-ca2/data/IMG/left_2026_08_28_23_39_32_644.jpg,/Users/martin/smart-technologies-ca2/data/IMG/right_2026_08_28_23_39_32_644.jpg,0.0,1.0,0,30.19023
/Users/martin/smart-technologies-ca2/data/IMG/center_2026_08_28_23_39_32_983.jpg,/Users/martin/smart-technologies-ca2/data/IMG/left_2026_08_28_23_39_32_983.jpg,/Users/martin/smart-technologies-ca2/data/IMG/right_2026_08_28_23_39_32_983.jpg,0.0,1.0,0,30.1903
/Users/martin/smart-technologies-ca2/data/IMG/center_2026_08_28_23_39_33_186.jpg,/Users/martin/smart-technologies-ca2/data/IMG/left_2026_08_28_23_39_33_186.jpg,/Users/martin/smart-technologies-ca2/data/IMG/right_2026_08_28_23_39_33_186.jpg,0.0,1.0,0,30.1903
/Users/martin/smart-technologies-ca2/data/IMG/center_2026_08_28_23_39_33_597.jpg,/Users/martin/smart-technologies-ca2/data/IMG/left_2026_08_28_23_39_33_597.jpg,/Users/martin/smart-technologies-ca2/data/IMG/right_2026_08_28_23_39_33_597.jpg,0.1,1.0,0,30.1877
/Users/martin/smart-technologies-ca2/data/IMG/center_2026_08_28_23_39_35_776.jpg,/Users/martin/smart-technologies-ca2/data/IMG/left_2026_08_28_23_39_35_776.jpg,/Users/martin/smart-technologies-ca2/data/IMG/right_2026_08_28_23_39_35_776.jpg,0.0,1.0,0,30.19029
/Users/martin/smart-technologies-ca2/data/IMG/center_2026_08_28_23_39_36_320.jpg,/Users/martin/smart-technologies-ca2/data/IMG/left_2026_08_28_23_39_36_320.jpg,/Users/martin/smart-technologies-ca2/data/IMG/right_2026_08_28_23_39_36_320.jpg,-0.2,1.0,0,30.17994
/Users/martin/smart-technologies-ca2/data/IMG/center_2026_08_28_23_39_36_389.jpg,/Users/martin/smart-technologies-ca2/data/IMG/left_2026_08_28_23_39_36_389.jpg,/Users/martin/smart-technologies-ca2/data/IMG/right_2026_08_28_23_39_36_389.jpg,-0.35,1.0,0,30.1638
/Users/martin/smart-technologies-ca2/data/IMG/center_2026_08_28_23_39_38_027.jpg,/Users/martin/smart-technologies-ca2/data/IMG/left_2026_08_28_23_39_38_027.jpg,/Users/martin/smart-technologies-ca2/data/IMG/right_2026_08_28_23_39_38_027.jpg,0.0,1.0,0,30.19029
/Users/martin/smart-technologies-ca2/data/IMG/center_2026_08_28_23_39_38_373.jpg,/Users/martin/smart-technologies-ca2/data/IMG/left_2026_08_28_23_39_38_373.jpg,/Users/martin/smart-technologies-ca2/data/IMG/right_2026_08_28_23_39_38_373.jpg,0.0,1.0,0,30.19031
/Users/martin/smart-technologies-ca2/data/IMG/center_2026_08_28_23_39_38_509.jpg,/Users/martin/smart-technologies-ca2/data/IMG/left_2026_08_28_23_39_38_509.jpg,/Users/martin/smart-technologies-ca2/data/IMG/right_2026_08_28_23_39_38_509.jpg,0.0,1.0,0,30.19047
/Users/martin/smart-technologies-ca2/data/IMG/center_2026_08_28_23_39_38_852.jpg,/Users/martin/smart-technologies-ca2/data/IMG/left_2026_08_28_23_39_38_852.jpg,/Users/martin/smart-technologies-ca2/data/IMG/right_2026_08_28_23_39_38_852.jpg,0.0,1.0,0,30.19027
/Users/martin/smart-technologies-ca2/data/IMG/center_2026_08_28_23_39_39_264.jpg,/Users/martin/smart-technologies-ca2/data/IMG/left_2026_08_28_23_39_39_264.jpg,/Users/martin/smart-technologies-ca2/data/IMG/right_2026_08_28_23_39_39_264.jpg,-0.05,1.0,0,30.18973
/Users/martin/smart-technologies-ca2/data/IMG/center_2026_08_28_23_39_39_331.jpg,/Users/martin/smart-technologies-ca2/data/IMG/left_2026_08_28_23_39_39_331.jpg,/Users/martin/smart-technologies-ca2/data/IMG/right_2026_08_28_23_39_39_331.jpg,-0.2,1.0,0,30.17982
/Users/martin/smart-technologies-ca2/data/IMG/center_2026_08_28_23_39_39_401.jpg,/Users/martin/smart-technologies-ca2/data/IMG/left_2026_08_28_23_39_39_401.jpg,/Users/martin/smart-technologies-ca2/data/IMG/right_2026_08_28_23_39_39_401.jpg,-0.4,1.0,0,30.15749
/Users/martin/smart-technologies-ca2/data/IMG/center_2026_08_28_23_39_39_538.jpg,/Users/martin/smart-technologies-ca2/data/IMG/left_2026_08_28_23_39_39_538.jpg,/Users/martin/smart-technologies-ca2/data/IMG/right_2026_08_28_23_39_39_538.jpg,0.0,1.0,0,30.18823
/Users/martin/smart-technologies-ca2/data/IMG/center_2026_08_28_23_39_42_273.jpg,/Users/martin/smart-technologies-ca2/data/IMG/left_2026_08_28_23_39_42_273.jpg,/Users/martin/smart-technologies-ca2/data/IMG/right_2026_08_28_23_39_42_273.jpg,0.0,1.0,0,30.19027
/Users/martin/smart-technologies-ca2/data/IMG/center_2026_08_28_23_39_44_047.jpg,/Users/martin/smart-technologies-ca2/data/IMG/left_2026_08_28_23_39_44_047.jpg,/Users/martin/smart-technologies-ca2/data/IMG/right_2026_08_28_23_39_44_047.jpg,-0.1,1.0,0,30.18771
/Users/martin/smart-technologies-ca2/data/IMG/center_2026_08_28_23_39_44_116.jpg,/Users/martin/smart-technologies-ca2/data/IMG/left_2026_08_28_23_39_44_116.jpg,/Users/martin/smart-technologies-ca2/data/IMG/right_2026_08_28_23_39_44_116.jpg,-0.3,1.0,0,30.16904
/Users/martin/smart-technologies-ca2/data/IMG/center_2026_08_28_23_39_44_186.jpg,/Users/martin/smart-technologies-ca2/data/IMG/left_2026_08_28_23_39_44_186.jpg,/Users/martin/smart-technologies-ca2/data/IMG/right_2026_08_28_23_39_44_186.jpg,-0.45,1.0,0,30.1515
/Users/martin/smart-technologies-ca2/data/IMG/center_2026_08_28_23_39_44_253.jpg,/Users/martin/smart-technologies-ca2/data/IMG/left_2026_08_28_23_39_44_253.jpg,/Users/martin/smart-technologies-ca2/data/IMG/right_2026_08_28_23_39_44_253.jpg,-0.6500001,1.0,0,30.12765
/Users/martin/smart-technologies-ca2/data/IMG/center_2026_08_28_23_39_44_801.jpg,/Users/martin/smart-technologies-ca2/data/IMG/left_2026_08_28_23_39_44_801.jpg,/Users/martin/smart-technologies-ca2/data/IMG/right_2026_08_28_23_39_44_801.jpg,0.1,1.0,0,30.1875
/Users/martin/smart-technologies-ca2/data/IMG/center_2026_08_28_23_39_45_011.jpg,/Users/martin/smart-technologies-ca2/data/IMG/left_2026_08_28_23_39_45_011.jpg,/Users/martin/smart-technologies-ca2/data/IMG/right_2026_08_28_23_39_45_011.jpg,0.0,1.0,0,30.19024
/Users/martin/smart-technologies-ca2/data/IMG/center_2026_08_28_23_39_45_147.jpg,/Users/martin/smart-technologies-ca2/data/IMG/left_2026_08_28_23_39_45_147.jpg,/Users/martin/smart-technologies-ca2/data/IMG/right_2026_08_28_23_39_45_147.jpg,0.0,1.0,0,30.19031
/Users/martin/smart-technologies-ca2/data/IMG/center_2026_08_28_23_39_46_720.jpg,/Users/martin/smart-technologies-ca2/data/IMG/left_2026_08_28_23_39_46_720.jpg,/Users/martin/smart-technologies-ca2/data/IMG/right_2026_08_28_23_39_46_720.jpg,0.0,1.0,0,30.19025
/Users/martin/smart-technologies-ca2/data/IMG/center_2026_08_28_23_39_47_202.jpg,/Users/martin/smart-technologies-ca2/data/IMG/left_2026_08_28_23_39_47_202.jpg,/Users/martin/smart-technologies-ca2/data/IMG/right_2026_08_28_23_39_47_202.jpg,-0.1,1.0,0,30.18768
/Users/martin/smart-technologies-ca2/data/IMG/center_2026_08_28_23_39_47_269.jpg,/Users/martin/smart-technologies-ca2/data/IMG/left_2026_08_28_23_39_47_269.jpg,/Users/martin/smart-technologies-ca2/data/IMG/right_2026_08_28_23_39_47_269.jpg,-0.25,1.0,0,30.17474
/Users/martin/smart-technologies-ca2/data/IMG/center_2026_08_28_23_39_47_336.jpg,/Users/martin/smart-technologies-ca2/data/IMG/left_2026_08_28_23_39_47_336.jpg,/Users/martin/smart-technologies-ca2/data/IMG/right_2026_08_28_23_39_47_336.jpg,-0.45,1.0,0,30.15149
/Users/martin/smart-technologies-ca2/data/IMG/center_2026_08_28_23_39_47_680.jpg,/Users/martin/smart-technologies-ca2/data/IMG/left_2026_08_28_23_39_47_680.jpg,/Users/martin/smart-technologies-ca2/data/IMG/right_2026_08_28_23_39_47_680.jpg,-0.05,1.0,0,30.19001
/Users/martin/smart-technologies-ca2/data/IMG/center_2026_08_28_23_39_47_748.jpg,/Users/martin/smart-technologies-ca2/data/IMG/left_2026_08_28_23_39_47_748.jpg,/Users/martin/smart-technologies-ca2/data/IMG/right_2026_08_28_23_39_47_748.jpg,-0.2,1.0,0,30.18141
/Users/martin/smart-technologies-ca2/data/IMG/center_2026_08_28_23_39_47_816.jpg,/Users/martin/smart-technologies-ca2/data/IMG/left_2026_08_28_23_39_47_816.jpg,/Users/martin/smart-technologies-ca2/data/IMG/right_2026_08_28_23_39_47_816.jpg,-0.4,1.0,0,30.15877
/Users/martin/smart-technologies-ca2/data/IMG/center_2026_08_28_23_39_49_589.jpg,/Users/martin/smart-technologies-ca2/data/IMG/left_2026_08_28_23_39_49_589.jpg,/Users/martin/smart-technologies-ca2/data/IMG/right_2026_08_28_23_39_49_589.jpg,0.0,1.0,0,30.1903
/Users/martin/smart-technologies-ca2/data/IMG/center_2026_08_28_23_39_49_794.jpg,/Users/martin/smart-technologies-ca2/data/IMG/left_2026_08_28_23_39_49_794.jpg,/Users/martin/smart-technologies-ca2/data/IMG/right_2026_08_28_23_39_49_794.jpg,-0.2,1.0,0,30.17984
/Users/martin/smart-technologies-ca2/data/IMG/center_2026_08_28_23_39_49_861.jpg,/Users/martin/smart-technologies-ca2/data/IMG/left_2026_08_28_23_39_49_861.jpg,/Users/martin/smart-technologies-ca2/data/IMG/right_2026_08_28_23_39_49_861.jpg,-0.35,1.0,0,30.16347
/Users/martin/smart-technologies-ca2/data/IMG/center_2026_08_28_23_39_49_930.jpg,/Users/martin/smart-technologies-ca2/data/IMG/left_2026_08_28_23_39_49_930.jpg,/Users/martin/smart-technologies-ca2/data/IMG/right_2026_08_28_23_39_49_930.jpg,-0.5000001,1.0,0,30.1454
/Users/martin/smart-technologies-ca2/data/IMG/center_2026_08_28_23_39_49_997.jpg,/Users/martin/smart-technologies-ca2/data/IMG/left_2026_08_28_23_39_49_997.jpg,/Users/martin/smart-technologies-ca2/data/IMG/right_2026_08_28_23_39_49_997.jpg,-0.7,1.0,0,30.12107
/Users/martin/smart-technologies-ca2/data/IMG/center_2026_08_28_23_39_50_065.jpg,/Users/martin/smart-technologies-ca2/data/IMG/left_2026_08_28_23_39_50_065.jpg,/Users/martin/smart-technologies-ca2/data/IMG/right_2026_08_28_23_39_50_065.jpg,0.0,1.0,0,30.17958
/Users/martin/smart-technologies-ca2/data/IMG/center_2026_08_28_23_39_51_156.jpg,/Users/martin/smart-technologies-ca2/data/IMG/left_2026_08_28_23_39_51_156.jpg,/Users/martin/smart-technologies-ca2/data/IMG/right_2026_08_28_23_39_51_156.jpg,-0.15,1.0,0,30.18422
/Users/martin/smart-technologies-ca2/data/IMG/center_2026_08_28_23_39_51_224.jpg,/Users/martin/smart-technologies-ca2/data/IMG/left_2026_08_28_23_39_51_224.jpg,/Users/martin/smart-technologies-ca2/data/IMG/right_2026_08_28_23_39_51_224.jpg,-0.3,1.0,0,30.1692
/Users/martin/smart-technologies-ca2/data/IMG/center_2026_08_28_23_39_51_291.jpg,/Users/martin/smart-technologies-ca2/data/IMG/left_2026_08_28_23_39_51_291.jpg,/Users/martin/smart-technologies-ca2/data/IMG/right_2026_08_28_23_39_51_291.jpg,-0.45,1.0,0,30.15144
/Users/martin/smart-technologies-ca2/data/IMG/center_2026_08_28_23_39_51_358.jpg,/Users/martin/smart-technologies-ca2/data/IMG/left_2026_08_28_23_39_51_358.jpg,/Users/martin/smart-technologies-ca2/data/IMG/right_2026_08_28_23_39_51_358.jpg,-0.6500001,1.0,0,30.12707
/Users/martin/smart-technologies-ca2/data/IMG/center_2026_08_28_23_39_52_309.jpg,/Users/martin/smart-technologies-ca2/data/IMG/left_2026_08_28_23_39_52_309.jpg,/Users/martin/smart-technologies-ca2/data/IMG/right_2026_08_28_23_39_52_309.jpg,-0.1,1.0,0,30.18762
/Users/martin/smart-technologies-ca2/data/IMG/center_2026_08_28_23_39_52_380.jpg,/Users/martin/smart-technologies-ca2/data/IMG/left_2026_08_28_23_39_52_380.jpg,/Users/martin/smart-technologies-ca2/data/IMG/right_2026_08_28_23_39_52_380.jpg,-0.3,1.0,0,30.1692
/Users/martin/smart-technologies-ca2/data/IMG/center_2026_08_28_23_39_52_447.jpg,/Users/martin/smart-technologies-ca2/data/IMG/left_2026_08_28_23_39_52_447.jpg,/Users/martin/smart-technologies-ca2/data/IMG/right_2026_08_28_23_39_52_447.jpg,-0.45,1.0,0,30.15143
/Users/martin/smart-technologies-ca2/data/IMG/center_2026_08_28_23_39_52_651.jpg,/Users/martin/smart-technologies-ca2/data/IMG/left_2026_08_28_23_39_52_651.jpg,/Users/martin/smart-technologies-ca2/data/IMG/right_2026_08_28_23_39_52_651.jpg,0.0,1.0,0,30.18878
/Users/martin/smart-technologies-ca2/data/IMG/center_2026_08_28_23_39_52_856.jpg,/Users/martin/smart-technologies-ca2/data/IMG/left_2026_08_28_23_39_52_856.jpg,/Users/martin/smart-technologies-ca2/data/IMG/right_2026_08_28_23_39_52_856.jpg,0.0,1.0,0,30.19026
/Users/martin/smart-technologies-ca2/data/IMG/center_2026_08_28_23_39_53_056.jpg,/Users/martin/smart-technologies-ca2/data/IMG/left_2026_08_28_23_39_53_056.jpg,/Users/martin/smart-technologies-ca2/data/IMG/right_2026_08_28_23_39_53_056.jpg,-0.1,1.0,0,30.18781
/Users/martin/smart-technologies-ca2/data/IMG/center_2026_08_28_23_39_53_125.jpg,/Users/martin/smart-technologies-ca2/data/IMG/left_2026_08_28_23_39_53_125.jpg,/Users/martin/smart-technologies-ca2/data/IMG/right_2026_08_28_23_39_53_125.jpg,-0.25,1.0,0,30.17509
/Users/martin/smart-technologies-ca2/data/IMG/center_2026_08_28_23_39_53_192.jpg,/Users/martin/smart-technologies-ca2/data/IMG/left_2026_08_28_23_39_53_192.jpg,/Users/martin/smart-technologies-ca2/data/IMG/right_2026_08_28_23_39_53_192.jpg,-0.4,1.0,0,30.15757
/Users/martin/smart-technologies-ca2/data/IMG/center_2026_08_28_23_39_53_259.jpg,/Users/martin/smart-technologies-ca2/data/IMG/left_2026_08_28_23_39_53_259.jpg,/Users/martin/smart-technologies-ca2/data/IMG/right_2026_08_28_23_39_53_259.jpg,-0.6000001,1.0,0,30.13317
/Users/martin/smart-technologies-ca2/data/IMG/center_2026_08_28_23_39_53_944.jpg,/Users/martin/smart-technologies-ca2/data/IMG/left_2026_08_28_23_39_53_944.jpg,/Users/martin/smart-technologies-ca2/data/IMG/right_2026_08_28_23_39_53_944.jpg,-0.1,1.0,0,30.18767
/Users/martin/smart-technologies-ca2/data/IMG/center_2026_08_28_23_39_54_011.jpg,/Users/martin/smart-technologies-ca2/data/IMG/left_2026_08_28_23_39_54_011.jpg,/Users/martin/smart-technologies-ca2/data/IMG/right_2026_08_28_23_39_54_011.jpg,-0.25,1.0,0,30.17476
/Users/martin/smart-technologies-ca2/data/IMG/center_2026_08_28_23_39_54_079.jpg,/Users/martin/smart-technologies-ca2/data/IMG/left_2026_08_28_23_39_54_079.jpg,/Users/martin/smart-technologies-ca2/data/IMG/right_2026_08_28_23_39_54_079.jpg,-0.45,1.0,0,30.1514
/Users/martin/smart-technologies-ca2/data/IMG/center_2026_08_28_23_39_54_554.jpg,/Users/martin/smart-technologies-ca2/data/IMG/left_2026_08_28_23_39_54_554.jpg,/Users/martin/smart-technologies-ca2/data/IMG/right_2026_08_28_23_39_54_554.jpg,-0.15,1.0,0,30.18463
/Users/martin/smart-technologies-ca2/data/IMG/center_2026_08_28_23_39_54_622.jpg,/Users/martin/smart-technologies-ca2/data/IMG/left_2026_08_28_23_39_54_622.jpg,/Users/martin/smart-technologies-ca2/data/IMG/right_2026_08_28_23_39_54_622.jpg,-0.3,1.0,0,30.16967
/Users/martin/smart-technologies-ca2/data/IMG/center_2026_08_28_23_39_54_965.jpg,/Users/martin/smart-technologies-ca2/data/IMG/left_2026_08_28_23_39_54_965.jpg,/Users/martin/smart-technologies-ca2/data/IMG/right_2026_08_28_23_39_54_965.jpg,-0.1,1.0,0,30.18845
/Users/martin/smart-technologies-ca2/data/IMG/center_2026_08_28_23_39_55_032.jpg,/Users/martin/smart-technologies-ca2/data/IMG/left_2026_08_28_23_39_55_032.jpg,/Users/martin/smart-technologies-ca2/data/IMG/right_2026_08_28_23_39_55_032.jpg,-0.25,1.0,0,30.17598
/Users/martin/smart-technologies-ca2/data/IMG/center_2026_08_28_23_39_55_302.jpg,/Users/martin/smart-technologies-ca2/data/IMG/left_2026_08_28_23_39_55_302.jpg,/Users/martin/smart-technologies-ca2/data/IMG/right_2026_08_28_23_39_55_302.jpg,-0.1,1.0,0,30.18941
/Users/martin/smart-technologies-ca2/data/IMG/center_2026_08_28_23_39_55_371.jpg,/Users/martin/smart-technologies-ca2/data/IMG/left_2026_08_28_23_39_55_371.jpg,/Users/martin/smart-technologies-ca2/data/IMG/right_2026_08_28_23_39_55_371.jpg,-0.25,1.0,0,30.17714
/Users/martin/smart-technologies-ca2/data/IMG/center_2026_08_28_23_39_55_439.jpg,/Users/martin/smart-technologies-ca2/data/IMG/left_2026_08_28_23_39_55_439.jpg,/Users/martin/smart-technologies-ca2/data/IMG/right_2026_08_28_23_39_55_439.jpg,-0.45,1.0,0,30.15323
/Users/martin/smart-technologies-ca2/data/IMG/center_2026_08_28_23_39_55_781.jpg,/Users/martin/smart-technologies-ca2/data/IMG/left_2026_08_28_23_39_55_781.jpg,/Users/martin/smart-technologies-ca2/data/IMG/right_2026_08_28_23_39_55_781.jpg,0.0,1.0,0,30.18989
/Users/martin/smart-technologies-ca2/data/IMG/center_2026_08_28_23_39_55_985.jpg,/Users/martin/smart-technologies-ca2/data/IMG/left_2026_08_28_23_39_55_985.jpg,/Users/martin/smart-technologies-ca2/data/IMG/right_2026_08_28_23_39_55_985.jpg,-0.05,1.0,0,30.19008
/Users/martin/smart-technologies-ca2/data/IMG/center_2026_08_28_23_39_56_054.jpg,/Users/martin/smart-technologies-ca2/data/IMG/left_2026_08_28_23_39_56_054.jpg,/Users/martin/smart-technologies-ca2/data/IMG/right_2026_08_28_23_39_56_054.jpg,-0.25,1.0,0,30.17486
/Users/martin/smart-technologies-ca2/data/IMG/center_2026_08_28_23_39_56_121.jpg,/Users/martin/smart-technologies-ca2/data/IMG/left_2026_08_28_23_39_56_121.jpg,/Users/martin/smart-technologies-ca2/data/IMG/right_2026_08_28_23_39_56_121.jpg,-0.4,1.0,0,30.15755
/Users/martin/smart-technologies-ca2/data/IMG/center_2026_08_28_23_39_56_534.jpg,/Users/martin/smart-technologies-ca2/data/IMG/left_2026_08_28_23_39_56_534.jpg,/Users/martin/smart-technologies-ca2/data/IMG/right_2026_08_28_23_39_56_534.jpg,-0.15,1.0,0,30.18486
/Users/martin/smart-technologies-ca2/data/IMG/center_2026_08_28_23_39_56_602.jpg,/Users/martin/smart-technologies-ca2/data/IMG/left_2026_08_28_23_39_56_602.jpg,/Users/martin/smart-technologies-ca2/data/IMG/right_2026_08_28_23_39_56_602.jpg,-0.3,1.0,0,30.1699
/Users/martin/smart-technologies-ca2/data/IMG/center_2026_08_28_23_39_57_016.jpg,/Users/martin/smart-technologies-ca2/data/IMG/left_2026_08_28_23_39_57_016.jpg,/Users/martin/smart-technologies-ca2/data/IMG/right_2026_08_28_23_39_57_016.jpg,-0.15,1.0,0,30.18449
/Users/martin/smart-technologies-ca2/data/IMG/center_2026_08_28_23_39_57_086.jpg,/Users/martin/smart-technologies-ca2/data/IMG/left_2026_08_28_23_39_57_086.jpg,/Users/martin/smart-technologies-ca2/data/IMG/right_2026_08_28_23_39_57_086.jpg,-0.3,1.0,0,30.16956
/Users/martin/smart-technologies-ca2/data/IMG/center_2026_08_28_23_39_57_567.jpg,/Users/martin/smart-technologies-ca2/data/IMG/left_2026_08_28_23_39_57_567.jpg,/Users/martin/smart-technologies-ca2/data/IMG/right_2026_08_28_23_39_57_567.jpg,-0.1,1.0,0,30.18793
/Users/martin/smart-technologies-ca2/data/IMG/center_2026_08_28_23_39_57_637.jpg,/Users/martin/smart-technologies-ca2/data/IMG/left_2026_08_28_23_39_57_637.jpg,/Users/martin/smart-technologies-ca2/data/IMG/right_2026_08_28_23_39_57_637.jpg,-0.3,1.0,0,30.16958
/Users/martin/smart-technologies-ca2/data/IMG/center_2026_08_28_23_39_57_704.jpg,/Users/martin/smart-technologies-ca2/data/IMG/left_2026_08_28_23_39_57_704.jpg,/Users/martin/smart-technologies-ca2/data/IMG/right_2026_08_28_23_39_57_704.jpg,-0.45,1.0,0,30.15167
/Users/martin/smart-technologies-ca2/data/IMG/center_2026_08_28_23_39_59_146.jpg,/Users/martin/smart-technologies-ca2/data/IMG/left_2026_08_28_23_39_59_146.jpg,/Users/martin/smart-technologies-ca2/data/IMG/right_2026_08_28_23_39_59_146.jpg,-0.05,1.0,0,30.18974
/Users/martin/smart-technologies-ca2/data/IMG/center_2026_08_28_23_39_59_213.jpg,/Users/martin/smart-technologies-ca2/data/IMG/left_2026_08_28_23_39_59_213.jpg,/Users/martin/smart-technologies-ca2/data/IMG/right_2026_08_28_23_39_59_213.jpg,-0.2,1.0,0,30.17984
/Users/martin/smart-technologies-ca2/data/IMG/center_2026_08_28_23_39_59_283.jpg,/Users/martin/smart-technologies-ca2/data/IMG/left_2026_08_28_23_39_59_283.jpg,/Users/martin/smart-technologies-ca2/data/IMG/right_2026_08_28_23_39_59_283.jpg,-0.4,1.0,0,30.15752
/Users/martin/smart-technologies-ca2/data/IMG/center_2026_08_28_23_39_59_350.jpg,/Users/martin/smart-technologies-ca2/data/IMG/left_2026_08_28_23_39_59_350.jpg,/Users/martin/smart-technologies-ca2/data/IMG/right_2026_08_28_23_39_59_350.jpg,-0.5500001,1.0,0,30.13922
/Users/martin/smart-technologies-ca2/data/IMG/center_2026_08_28_23_40_00_446.jpg,/Users/martin/smart-technologies-ca2/data/IMG/left_2026_08_28_23_40_00_446.jpg,/Users/martin/smart-technologies-ca2/data/IMG/right_2026_08_28_23_40_00_446.jpg,0.0,1.0,0,30.19032
/Users/martin/smart-technologies-ca2/data/IMG/center_2026_08_28_23_40_01_617.jpg,/Users/martin/smart-technologies-ca2/data/IMG/left_2026_08_28_23_40_01_617.jpg,/Users/martin/smart-technologies-ca2/data/IMG/right_2026_08_28_23_40_01_617.jpg,-0.1,1.0,0,30.18766
/Users/martin/smart-technologies-ca2/data/IMG/center_2026_08_28_23_40_01_684.jpg,/Users/martin/smart-technologies-ca2/data/IMG/left_2026_08_28_23_40_01_684.jpg,/Users/martin/smart-technologies-ca2/data/IMG/right_2026_08_28_23_40_01_684.jpg,-0.25,1.0,0,30.17475
/Users/martin/smart-technologies-ca2/data/IMG/center_2026_08_28_23_40_01_753.jpg,/Users/martin/smart-technologies-ca2/data/IMG/left_2026_08_28_23_40_01_753.jpg,/Users/martin/smart-technologies-ca2/data/IMG/right_2026_08_28_23_40_01_753.jpg,-0.4,1.0,0,30.15753
/Users/martin/smart-technologies-ca2/data/IMG/center_2026_08_28_23_40_02_647.jpg,/Users/martin/smart-technologies-ca2/data/IMG/left_2026_08_28_23_40_02_647.jpg,/Users/martin/smart-technologies-ca2/data/IMG/right_2026_08_28_23_40_02_647.jpg,-0.1,1.0,0,30.18764
/Users/martin/smart-technologies-ca2/data/IMG/center_2026_08_28_23_40_03_609.jpg,/Users/martin/smart-technologies-ca2/data/IMG/left_2026_08_28_23_40_03_609.jpg,/Users/martin/smart-technologies-ca2/data/IMG/right_2026_08_28_23_40_03_609.jpg,0.0,1.0,0,30.19032
/Users/martin/smart-technologies-ca2/data/IMG/center_2026_08_28_23_40_03_679.jpg,/Users/martin/smart-technologies-ca2/data/IMG/left_2026_08_28_23_40_03_679.jpg,/Users/martin/smart-technologies-ca2/data/IMG/right_2026_08_28_23_40_03_679.jpg,-0.1,1.0,0,30.24047
/Users/martin/smart-technologies-ca2/data/IMG/center_2026_08_28_23_40_03_750.jpg,/Users/martin/smart-technologies-ca2/data/IMG/left_2026_08_28_23_40_03_750.jpg,/Users/martin/smart-technologies-ca2/data/IMG/right_2026_08_28_23_40_03_750.jpg,-0.25,1.0,0,30.21799
/Users/martin/smart-technologies-ca2/data/IMG/center_2026_08_28_23_40_04_783.jpg,/Users/martin/smart-technologies-ca2/data/IMG/left_2026_08_28_23_40_04_783.jpg,/Users/martin/smart-technologies-ca2/data/IMG/right_2026_08_28_23_40_04_783.jpg,0.0,1.0,0,30.18995
/Users/martin/smart-technologies-ca2/data/IMG/center_2026_08_28_23_40_05_125.jpg,/Users/martin/smart-technologies-ca2/data/IMG/left_2026_08_28_23_40_05_125.jpg,/Users/martin/smart-technologies-ca2/data/IMG/right_2026_08_28_23_40_05_125.jpg,0.0,1.0,0,30.18995
/Users/martin/smart-technologies-ca2/data/IMG/center_2026_08_28_23_40_06_424.jpg,/Users/martin/smart-technologies-ca2/data/IMG/left_2026_08_28_23_40_06_424.jpg,/Users/martin/smart-technologies-ca2/data/IMG/right_2026_08_28_23_40_06_424.jpg,0.0,1.0,0,30.18993
/Users/martin/smart-technologies-ca2/data/IMG/center_2026_08_28_23_40_09_599.jpg,/Users/martin/smart-technologies-ca2/data/IMG/left_2026_08_28_23_40_09_599.jpg,/Users/martin/smart-technologies-ca2/data/IMG/right_2026_08_28_23_40_09_599.jpg,0.0,1.0,0,30.18995
/Users/martin/smart-technologies-ca2/data/IMG/center_2026_08_28_23_40_10_994.jpg,/Users/martin/smart-technologies-ca2/data/IMG/left_2026_08_28_23_40_10_994.jpg,/Users/martin/smart-technologies-ca2/data/IMG/right_2026_08_28_23_40_10_994.jpg,-0.2,1.0,0,30.17963
/Users/martin/smart-technologies-ca2/data/IMG/center_2026_08_28_23_40_11_071.jpg,/Users/martin/smart-technologies-ca2/data/IMG/left_2026_08_28_23_40_11_071.jpg,/Users/martin/smart-technologies-ca2/data/IMG/right_2026_08_28_23_40_11_071.jpg,-0.35,1.0,0,30.16337
/Users/martin/smart-technologies-ca2/data/IMG/center_2026_08_28_23_40_11_213.jpg,/Users/martin/smart-technologies-ca2/data/IMG/left_2026_08_28_23_40_11_213.jpg,/Users/martin/smart-technologies-ca2/data/IMG/right_2026_08_28_23_40_11_213.jpg,0.0,1.0,0,30.18966
/Users/martin/smart-technologies-ca2/data/IMG/center_2026_08_28_23_40_12_313.jpg,/Users/martin/smart-technologies-ca2/data/IMG/left_2026_08_28_23_40_12_313.jpg,/Users/martin/smart-technologies-ca2/data/IMG/right_2026_08_28_23_40_12_313.jpg,0.0,1.0,0,30.1906
/Users/martin/smart-technologies-ca2/data/IMG/center_2026_08_28_23_40_12_382.jpg,/Users/martin/smart-technologies-ca2/data/IMG/left_2026_08_28_23_40_12_382.jpg,/Users/martin/smart-technologies-ca2/data/IMG/right_2026_08_28_23_40_12_382.jpg,0.0,1.0,0,30.18956
/Users/martin/smart-technologies-ca2/data/IMG/center_2026_08_28_23_40_12_944.jpg,/Users/martin/smart-technologies-ca2/data/IMG/left_2026_08_28_23_40_12_944.jpg,/Users/martin/smart-technologies-ca2/data/IMG/right_2026_08_28_23_40_12_944.jpg,-0.15,1.0,0,30.18424
/Users/martin/smart-technologies-ca2/data/IMG/center_2026_08_28_23_40_13_434.jpg,/Users/martin/smart-technologies-ca2/data/IMG/left_2026_08_28_23_40_13_434.jpg,/Users/martin/smart-technologies-ca2/data/IMG/right_2026_08_28_23_40_13_434.jpg,-0.1,1.0,0,30.18785
/Users/martin/smart-technologies-ca2/data/IMG/center_2026_08_28_23_40_13_501.jpg,/Users/martin/smart-technologies-ca2/data/IMG/left_2026_08_28_23_40_13_501.jpg,/Users/martin/smart-technologies-ca2/data/IMG/right_2026_08_28_23_40_13_501.jpg,-0.25,1.0,0,30.17499
/Users/martin/smart-technologies-ca2/data/IMG/center_2026_08_28_23_40_13_568.jpg,/Users/martin/smart-technologies-ca2/data/IMG/left_2026_08_28_23_40_13_568.jpg,/Users/martin/smart-technologies-ca2/data/IMG/right_2026_08_28_23_40_13_568.jpg,-0.4,1.0,0,30.15768
/Users/martin/smart-technologies-ca2/data/IMG/center_2026_08_28_23_40_13_707.jpg,/Users/martin/smart-technologies-ca2/data/IMG/left_2026_08_28_23_40_13_707.jpg,/Users/martin/smart-technologies-ca2/data/IMG/right_2026_08_28_23_40_13_707.jpg,0.0,1.0,0,30.18986
/Users/martin/smart-technologies-ca2/data/IMG/center_2026_08_28_23_40_14_188.jpg,/Users/martin/smart-technologies-ca2/data/IMG/left_2026_08_28_23_40_14_188.jpg,/Users/martin/smart-technologies-ca2/data/IMG/right_2026_08_28_23_40_14_188.jpg,-0.15,1.0,0,30.18427
/Users/martin/smart-technologies-ca2/data/IMG/center_2026_08_28_23_40_14_257.jpg,/Users/martin/smart-technologies-ca2/data/IMG/left_2026_08_28_23_40_14_257.jpg,/Users/martin/smart-technologies-ca2/data/IMG/right_2026_08_28_23_40_14_257.jpg,-0.35,1.0,0,30.16348
/Users/martin/smart-technologies-ca2/data/IMG/center_2026_08_28_23_40_14_884.jpg,/Users/martin/smart-technologies-ca2/data/IMG/left_2026_08_28_23_40_14_884.jpg,/Users/martin/smart-technologies-ca2/data/IMG/right_2026_08_28_23_40_14_884.jpg,-0.05,1.0,0,30.18971
/Users/martin/smart-technologies-ca2/data/IMG/center_2026_08_28_23_40_14_955.jpg,/Users/martin/smart-technologies-ca2/data/IMG/left_2026_08_28_23_40_14_955.jpg,/Users/martin/smart-technologies-ca2/data/IMG/right_2026_08_28_23_40_14_955.jpg,-0.25,1.0,0,30.17472
/Users/martin/smart-technologies-ca2/data/IMG/center_2026_08_28_23_40_15_022.jpg,/Users/martin/smart-technologies-ca2/data/IMG/left_2026_08_28_23_40_15_022.jpg,/Users/martin/smart-technologies-ca2/data/IMG/right_2026_08_28_23_40_15_022.jpg,-0.4,1.0,0,30.15749
/Users/martin/smart-technologies-ca2/data/IMG/center_2026_08_28_23_40_15_089.jpg,/Users/martin/smart-technologies-ca2/data/IMG/left_2026_08_28_23_40_15_089.jpg,/Users/martin/smart-technologies-ca2/data/IMG/right_2026_08_28_23_40_15_089.jpg,-0.5500001,1.0,0,30.13923
/Users/martin/smart-technologies-ca2/data/IMG/center_2026_08_28_23_40_15_503.jpg,/Users/martin/smart-technologies-ca2/data/IMG/left_2026_08_28_23_40_15_503.jpg,/Users/martin/smart-technologies-ca2/data/IMG/right_2026_08_28_23_40_15_503.jpg,-0.1,1.0,0,30.18826
/Users/martin/smart-technologies-ca2/data/IMG/center_2026_08_28_23_40_15_572.jpg,/Users/martin/smart-technologies-ca2/data/IMG/left_2026_08_28_23_40_15_572.jpg,/Users/martin/smart-technologies-ca2/data/IMG/right_2026_08_28_23_40_15_572.jpg,-0.25,1.0,0,30.17556
/Users/martin/smart-technologies-ca2/data/IMG/center_2026_08_28_23_40_15_642.jpg,/Users/martin/smart-technologies-ca2/data/IMG/left_2026_08_28_23_40_15_642.jpg,/Users/martin/smart-technologies-ca2/data/IMG/right_2026_08_28_23_40_15_642.jpg,-0.45,1.0,0,30.15204
/Users/martin/smart-technologies-ca2/data/IMG/center_2026_08_28_23_40_15_921.jpg,/Users/martin/smart-technologies-ca2/data/IMG/left_2026_08_28_23_40_15_921.jpg,/Users/martin/smart-technologies-ca2/data/IMG/right_2026_08_28_23_40_15_921.jpg,-0.15,1.0,0,30.18647
/Users/martin/smart-technologies-ca2/data/IMG/center_2026_08_28_23_40_15_991.jpg,/Users/martin/smart-technologies-ca2/data/IMG/left_2026_08_28_23_40_15_991.jpg,/Users/martin/smart-technologies-ca2/data/IMG/right_2026_08_28_23_40_15_991.jpg,-0.3,1.0,0,30.17249
/Users/martin/smart-technologies-ca2/data/IMG/center_2026_08_28_23_40_16_064.jpg,/Users/martin/smart-technologies-ca2/data/IMG/left_2026_08_28_23_40_16_064.jpg,/Users/martin/smart-technologies-ca2/data/IMG/right_2026_08_28_23_40_16_064.jpg,-0.5000001,1.0,0,30.14718
/Users/martin/smart-technologies-ca2/data/IMG/center_2026_08_28_23_40_16_135.jpg,/Users/martin/smart-technologies-ca2/data/IMG/left_2026_08_28_23_40_16_135.jpg,/Users/martin/smart-technologies-ca2/data/IMG/right_2026_08_28_23_40_16_135.jpg,-0.7,1.0,0,30.12217
/Users/martin/smart-technologies-ca2/data/IMG/center_2026_08_28_23_40_16_346.jpg,/Users/martin/smart-technologies-ca2/data/IMG/left_2026_08_28_23_40_16_346.jpg,/Users/martin/smart-technologies-ca2/data/IMG/right_2026_08_28_23_40_16_346.jpg,-0.05,1.0,0,30.18999
/Users/martin/smart-technologies-ca2/data/IMG/center_2026_08_28_23_40_16_419.jpg,/Users/martin/smart-technologies-ca2/data/IMG/left_2026_08_28_23_40_16_419.jpg,/Users/martin/smart-technologies-ca2/data/IMG/right_2026_08_28_23_40_16_419.jpg,-0.25,1.0,0,30.17977
/Users/martin/smart-technologies-ca2/data/IMG/center_2026_08_28_23_40_16_485.jpg,/Users/martin/smart-technologies-ca2/data/IMG/left_2026_08_28_23_40_16_485.jpg,/Users/martin/smart-technologies-ca2/data/IMG/right_2026_08_28_23_40_16_485.jpg,0.0,1.0,0,30.18945
/Users/martin/smart-technologies-ca2/data/IMG/center_2026_08_28_23_40_16_624.jpg,/Users/martin/smart-technologies-ca2/data/IMG/left_2026_08_28_23_40_16_624.jpg,/Users/martin/smart-technologies-ca2/data/IMG/right_2026_08_28_23_40_16_624.jpg,-0.1,1.0,0,30.18936
/Users/martin/smart-technologies-ca2/data/IMG/center_2026_08_28_23_40_16_696.jpg,/Users/martin/smart-technologies-ca2/data/IMG/left_2026_08_28_23_40_16_696.jpg,/Users/martin/smart-technologies-ca2/data/IMG/right_2026_08_28_23_40_16_696.jpg,-0.3,1.0,0,30.17154
/Users/martin/smart-technologies-ca2/data/IMG/center_2026_08_28_23_40_16_763.jpg,/Users/martin/smart-technologies-ca2/data/IMG/left_2026_08_28_23_40_16_763.jpg,/Users/martin/smart-technologies-ca2/data/IMG/right_2026_08_28_23_40_16_763.jpg,-0.45,1.0,0,30.15327
/Users/martin/smart-technologies-ca2/data/IMG/center_2026_08_28_23_40_16_832.jpg,/Users/martin/smart-technologies-ca2/data/IMG/left_2026_08_28_23_40_16_832.jpg,/Users/martin/smart-technologies-ca2/data/IMG/right_2026_08_28_23_40_16_832.jpg,-0.6000001,1.0,0,30.13393
/Users/martin/smart-technologies-ca2/data/IMG/center_2026_08_28_23_40_16_899.jpg,/Users/martin/smart-technologies-ca2/data/IMG/left_2026_08_28_23_40_16_899.jpg,/Users/martin/smart-technologies-ca2/data/IMG/right_2026_08_28_23_40_16_899.jpg,-0.8000001,1.0,0,30.11072
/Users/martin/smart-technologies-ca2/data/IMG/center_2026_08_28_23_40_16_969.jpg,/Users/martin/smart-technologies-ca2/data/IMG/left_2026_08_28_23_40_16_969.jpg,/Users/martin/smart-technologies-ca2/data/IMG/right_2026_08_28_23_40_16_969.jpg,-0.9500002,1.0,0,30.0973
/Users/martin/smart-technologies-ca2/data/IMG/center_2026_08_28_23_40_17_107.jpg,/Users/martin/smart-technologies-ca2/data/IMG/left_2026_08_28_23_40_17_107.jpg,/Users/martin/smart-technologies-ca2/data/IMG/right_2026_08_28_23_40_17_107.jpg,0.0,1.0,0,30.18351
/Users/martin/smart-technologies-ca2/data/IMG/center_2026_08_28_23_40_17_319.jpg,/Users/martin/smart-technologies-ca2/data/IMG/left_2026_08_28_23_40_17_319.jpg,/Users/martin/smart-technologies-ca2/data/IMG/right_2026_08_28_23_40_17_319.jpg,-0.05,1.0,0,30.19015
/Users/martin/smart-technologies-ca2/data/IMG/center_2026_08_28_23_40_17_390.jpg,/Users/martin/smart-technologies-ca2/data/IMG/left_2026_08_28_23_40_17_390.jpg,/Users/martin/smart-technologies-ca2/data/IMG/right_2026_08_28_23_40_17_390.jpg,-0.2,1.0,0,30.18134
/Users/martin/smart-technologies-ca2/data/IMG/center_2026_08_28_23_40_17_463.jpg,/Users/martin/smart-technologies-ca2/data/IMG/left_2026_08_28_23_40_17_463.jpg,/Users/martin/smart-technologies-ca2/data/IMG/right_2026_08_28_23_40_17_463.jpg,-0.4,1.0,0,30.1597
/Users/martin/smart-technologies-ca2/data/IMG/center_2026_08_28_23_40_17_674.jpg,/Users/martin/smart-technologies-ca2/data/IMG/left_2026_08_28_23_40_17_674.jpg,/Users/martin/smart-technologies-ca2/data/IMG/right_2026_08_28_23_40_17_674.jpg,-0.2,1.0,0,30.18394
/Users/martin/smart-technologies-ca2/data/IMG/center_2026_08_28_23_40_17_747.jpg,/Users/martin/smart-technologies-ca2/data/IMG/left_2026_08_28_23_40_17_747.jpg,/Users/martin/smart-technologies-ca2/data/IMG/right_2026_08_28_23_40_17_747.jpg,-0.35,1.0,0,30.16539
/Users/martin/smart-technologies-ca2/data/IMG/center_2026_08_28_23_40_17_818.jpg,/Users/martin/smart-technologies-ca2/data/IMG/left_2026_08_28_23_40_17_818.jpg,/Users/martin/smart-technologies-ca2/data/IMG/right_2026_08_28_23_40_17_818.jpg,-0.5500001,1.0,0,30.14197
/Users/martin/smart-technologies-ca2/data/IMG/center_2026_08_28_23_40_18_101.jpg,/Users/martin/smart-technologies-ca2/data/IMG/left_2026_08_28_23_40_18_101.jpg,/Users/martin/smart-technologies-ca2/data/IMG/right_2026_08_28_23_40_18_101.jpg,-0.2,1.0,0,30.18383
/Users/martin/smart-technologies-ca2/data/IMG/center_2026_08_28_23_40_18_168.jpg,/Users/martin/smart-technologies-ca2/data/IMG/left_2026_08_28_23_40_18_168.jpg,/Users/martin/smart-technologies-ca2/data/IMG/right_2026_08_28_23_40_18_168.jpg,-0.35,1.0,0,30.16636
/Users/martin/smart-technologies-ca2/data/IMG/center_2026_08_28_23_40_18_449.jpg,/Users/martin/smart-technologies-ca2/data/IMG/left_2026_08_28_23_40_18_449.jpg,/Users/martin/smart-technologies-ca2/data/IMG/right_2026_08_28_23_40_18_449.jpg,-0.15,1.0,0,30.18543
/Users/martin/smart-technologies-ca2/data/IMG/center_2026_08_28_23_40_18_519.jpg,/Users/martin/smart-technologies-ca2/data/IMG/left_2026_08_28_23_40_18_519.jpg,/Users/martin/smart-technologies-ca2/data/IMG/right_2026_08_28_23_40_18_519.jpg,-0.35,1.0,0,30.16454
/Users/martin/smart-technologies-ca2/data/IMG/center_2026_08_28_23_40_18_726.jpg,/Users/martin/smart-technologies-ca2/data/IMG/left_2026_08_28_23_40_18_726.jpg,/Users/martin/smart-technologies-ca2/data/IMG/right_2026_08_28_23_40_18_726.jpg,-0.05,1.0,0,30.19018
/Users/martin/smart-technologies-ca2/data/IMG/center_2026_08_28_23_40_18_795.jpg,/Users/martin/smart-technologies-ca2/data/IMG/left_2026_08_28_23_40_18_795.jpg,/Users/martin/smart-technologies-ca2/data/IMG/right_2026_08_28_23_40_18_795.jpg,-0.25,1.0,0,30.17754
/Users/martin/smart-technologies-ca2/data/IMG/center_2026_08_28_23_40_18_863.jpg,/Users/martin/smart-technologies-ca2/data/IMG/left_2026_08_28_23_40_18_863.jpg,/Users/martin/smart-technologies-ca2/data/IMG/right_2026_08_28_23_40_18_863.jpg,-0.4,1.0,0,30.15985
/Users/martin/smart-technologies-ca2/data/IMG/center_2026_08_28_23_40_19_002.jpg,/Users/martin/smart-technologies-ca2/data/IMG/left_2026_08_28_23_40_19_002.jpg,/Users/martin/smart-technologies-ca2/data/IMG/right_2026_08_28_23_40_19_002.jpg,0.0,1.0,0,30.18989
/Users/martin/smart-technologies-ca2/data/IMG/center_2026_08_28_23_40_19_140.jpg,/Users/martin/smart-technologies-ca2/data/IMG/left_2026_08_28_23_40_19_140.jpg,/Users/martin/smart-technologies-ca2/data/IMG/right_2026_08_28_23_40_19_140.jpg,-0.15,1.0,0,30.18573
/Users/martin/smart-technologies-ca2/data/IMG/center_2026_08_28_23_40_19_211.jpg,/Users/martin/smart-technologies-ca2/data/IMG/left_2026_08_28_23_40_19_211.jpg,/Users/martin/smart-technologies-ca2/data/IMG/right_2026_08_28_23_40_19_211.jpg,-0.3,1.0,0,30.17094
/Users/martin/smart-technologies-ca2/data/IMG/center_2026_08_28_23_40_19_280.jpg,/Users/martin/smart-technologies-ca2/data/IMG/left_2026_08_28_23_40_19_280.jpg,/Users/martin/smart-technologies-ca2/data/IMG/right_2026_08_28_23_40_19_280.jpg,-0.5000001,1.0,0,30.1465
/Users/martin/smart-technologies-ca2/data/IMG/center_2026_08_28_23_40_19_698.jpg,/Users/martin/smart-technologies-ca2/data/IMG/left_2026_08_28_23_40_19_698.jpg,/Users/martin/smart-technologies-ca2/data/IMG/right_2026_08_28_23_40_19_698.jpg,-0.05,1.0,0,30.18981
/Users/martin/smart-technologies-ca2/data/IMG/center_2026_08_28_23_40_19_767.jpg,/Users/martin/smart-technologies-ca2/data/IMG/left_2026_08_28_23_40_19_767.jpg,/Users/martin/smart-technologies-ca2/data/IMG/right_2026_08_28_23_40_19_767.jpg,-0.2,1.0,0,30.18023
/Users/martin/smart-technologies-ca2/data/IMG/center_2026_08_28_23_40_19_834.jpg,/Users/martin/smart-technologies-ca2/data/IMG/left_2026_08_28_23_40_19_834.jpg,/Users/martin/smart-technologies-ca2/data/IMG/right_2026_08_28_23_40_19_834.jpg,0.0,1.0,0,30.19031
/Users/martin/smart-technologies-ca2/data/IMG/center_2026_08_28_23_40_20_176.jpg,/Users/martin/smart-technologies-ca2/data/IMG/left_2026_08_28_23_40_20_176.jpg,/Users/martin/smart-technologies-ca2/data/IMG/right_2026_08_28_23_40_20_176.jpg,-0.1,1.0,0,30.1878
/Users/martin/smart-technologies-ca2/data/IMG/center_2026_08_28_23_40_20_244.jpg,/Users/martin/smart-technologies-ca2/data/IMG/left_2026_08_28_23_40_20_244.jpg,/Users/martin/smart-technologies-ca2/data/IMG/right_2026_08_28_23_40_20_244.jpg,-0.25,1.0,0,30.17487
/Users/martin/smart-technologies-ca2/data/IMG/center_2026_08_28_23_40_20_791.jpg,/Users/martin/smart-technologies-ca2/data/IMG/left_2026_08_28_23_40_20_791.jpg,/Users/martin/smart-technologies-ca2/data/IMG/right_2026_08_28_23_40_20_791.jpg,-0.05,1.0,0,30.18972
/Users/martin/smart-technologies-ca2/data/IMG/center_2026_08_28_23_40_20_863.jpg,/Users/martin/smart-technologies-ca2/data/IMG/left_2026_08_28_23_40_20_863.jpg,/Users/martin/smart-technologies-ca2/data/IMG/right_2026_08_28_23_40_20_863.jpg,-0.25,1.0,0,30.17488
/Users/martin/smart-technologies-ca2/data/IMG/center_2026_08_28_23_40_21_887.jpg,/Users/martin/smart-technologies-ca2/data/IMG/left_2026_08_28_23_40_21_887.jpg,/Users/martin/smart-technologies-ca2/data/IMG/right_2026_08_28_23_40_21_887.jpg,0.0,1.0,0,30.19029
/Users/martin/smart-technologies-ca2/data/IMG/center_2026_08_28_23_40_22_225.jpg,/Users/martin/smart-technologies-ca2/data/IMG/left_2026_08_28_23_40_22_225.jpg,/Users/martin/smart-technologies-ca2/data/IMG/right_2026_08_28_23_40_22_225.jpg,-0.05,1.0,0,30.18972
/Users/martin/smart-technologies-ca2/data/IMG/center_2026_08_28_23_40_22_296.jpg,/Users/martin/smart-technologies-ca2/data/IMG/left_2026_08_28_23_40_22_296.jpg,/Users/martin/smart-technologies-ca2/data/IMG/right_2026_08_28_23_40_22_296.jpg,-0.25,1.0,0,30.17475
/Users/martin/smart-technologies-ca2/data/IMG/center_2026_08_28_23_40_23_386.jpg,/Users/martin/smart-technologies-ca2/data/IMG/left_2026_08_28_23_40_23_386.jpg,/Users/martin/smart-technologies-ca2/data/IMG/right_2026_08_28_23_40_23_386.jpg,0.0,1.0,0,30.19029
/Users/martin/smart-technologies-ca2/data/IMG/center_2026_08_28_23_40_24_668.jpg,/Users/martin/smart-technologies-ca2/data/IMG/left_2026_08_28_23_40_24_668.jpg,/Users/martin/smart-technologies-ca2/data/IMG/right_2026_08_28_23_40_24_668.jpg,0.2,1.0,0,30.17984
/Users/martin/smart-technologies-ca2/data/IMG/center_2026_08_28_23_40_24_737.jpg,/Users/martin/smart-technologies-ca2/data/IMG/left_2026_08_28_23_40_24_737.jpg,/Users/martin/smart-technologies-ca2/data/IMG/right_2026_08_28_23_40_24_737.jpg,0.1,1.0,0,30.18918
/Users/martin/smart-technologies-ca2/data/IMG/center_2026_08_28_23_40_25_008.jpg,/Users/martin/smart-technologies-ca2/data/IMG/left_2026_08_28_23_40_25_008.jpg,/Users/martin/smart-technologies-ca2/data/IMG/right_2026_08_28_23_40_25_008.jpg,0.0,1.0,0,30.19029
/Users/martin/smart-technologies-ca2/data/IMG/center_2026_08_28_23_40_25_076.jpg,/Users/martin/smart-technologies-ca2/data/IMG/left_2026_08_28_23_40_25_076.jpg,/Users/martin/smart-technologies-ca2/data/IMG/right_2026_08_28_23_40_25_076.jpg,0.15,1.0,0,30.18442
/Users/martin/smart-technologies-ca2/data/IMG/center_2026_08_28_23_40_25_145.jpg,/Users/martin/smart-technologies-ca2/data/IMG/left_2026_08_28_23_40_25_145.jpg,/Users/martin/smart-technologies-ca2/data/IMG/right_2026_08_28_23_40_25_145.jpg,0.3,1.0,0,30.16953
/Users/martin/smart-technologies-ca2/data/IMG/center_2026_08_28_23_40_25_212.jpg,/Users/martin/smart-technologies-ca2/data/IMG/left_2026_08_28_23_40_25_212.jpg,/Users/martin/smart-technologies-ca2/data/IMG/right_2026_08_28_23_40_25_212.jpg,0.45,1.0,0,30.15177
/Users/martin/smart-technologies-ca2/data/IMG/center_2026_08_28_23_40_25_280.jpg,/Users/martin/smart-technologies-ca2/data/IMG/left_2026_08_28_23_40_25_280.jpg,/Users/martin/smart-technologies-ca2/data/IMG/right_2026_08_28_23_40_25_280.jpg,0.6500001,1.0,0,30.12728
/Users/martin/smart-technologies-ca2/data/IMG/center_2026_08_28_23_40_25_549.jpg,/Users/martin/smart-technologies-ca2/data/IMG/left_2026_08_28_23_40_25_549.jpg,/Users/martin/smart-technologies-ca2/data/IMG/right_2026_08_28_23_40_25_549.jpg,0.1,1.0,0,30.18969
/Users/martin/smart-technologies-ca2/data/IMG/center_2026_08_28_23_40_25_616.jpg,/Users/martin/smart-technologies-ca2/data/IMG/left_2026_08_28_23_40_25_616.jpg,/Users/martin/smart-technologies-ca2/data/IMG/right_2026_08_28_23_40_25_616.jpg,0.3,1.0,0,30.17313
/Users/martin/smart-technologies-ca2/data/IMG/center_2026_08_28_23_40_25_683.jpg,/Users/martin/smart-technologies-ca2/data/IMG/left_2026_08_28_23_40_25_683.jpg,/Users/martin/smart-technologies-ca2/data/IMG/right_2026_08_28_23_40_25_683.jpg,0.45,1.0,0,30.1538
/Users/martin/smart-technologies-ca2/data/IMG/center_2026_08_28_23_40_25_956.jpg,/Users/martin/smart-technologies-ca2/data/IMG/left_2026_08_28_23_40_25_956.jpg,/Users/martin/smart-technologies-ca2/data/IMG/right_2026_08_28_23_40_25_956.jpg,0.2,1.0,0,30.18294
/Users/martin/smart-technologies-ca2/data/IMG/center_2026_08_28_23_40_26_023.jpg,/Users/martin/smart-technologies-ca2/data/IMG/left_2026_08_28_23_40_26_023.jpg,/Users/martin/smart-technologies-ca2/data/IMG/right_2026_08_28_23_40_26_023.jpg,0.35,1.0,0,30.16638
/Users/martin/smart-technologies-ca2/data/IMG/center_2026_08_28_23_40_26_091.jpg,/Users/martin/smart-technologies-ca2/data/IMG/left_2026_08_28_23_40_26_091.jpg,/Users/martin/smart-technologies-ca2/data/IMG/right_2026_08_28_23_40_26_091.jpg,0.5000001,1.0,0,30.14824
/Users/martin/smart-technologies-ca2/data/IMG/center_2026_08_28_23_40_26_295.jpg,/Users/martin/smart-technologies-ca2/data/IMG/left_2026_08_28_23_40_26_295.jpg,/Users/martin/smart-technologies-ca2/data/IMG/right_2026_08_28_23_40_26_295.jpg,0.25,1.0,0,30.18015
/Users/martin/smart-technologies-ca2/data/IMG/center_2026_08_28_23_40_26_362.jpg,/Users/martin/smart-technologies-ca2/data/IMG/left_2026_08_28_23_40_26_362.jpg,/Users/martin/smart-technologies-ca2/data/IMG/right_2026_08_28_23_40_26_362.jpg,0.4,1.0,0,30.16203
/Users/martin/smart-technologies-ca2/data/IMG/center_2026_08_28_23_40_26_431.jpg,/Users/martin/smart-technologies-ca2/data/IMG/left_2026_08_28_23_40_26_431.jpg,/Users/martin/smart-technologies-ca2/data/IMG/right_2026_08_28_23_40_26_431.jpg,0.5500001,1.0,0,30.14254
/Users/martin/smart-technologies-ca2/data/IMG/center_2026_08_28_23_40_26_497.jpg,/Users/martin/smart-technologies-ca2/data/IMG/left_2026_08_28_23_40_26_497.jpg,/Users/martin/smart-technologies-ca2/data/IMG/right_2026_08_28_23_40_26_497.jpg,0.7500002,1.0,0,30.11769
/Users/martin/smart-technologies-ca2/data/IMG/center_2026_08_28_23_40_26_700.jpg,/Users/martin/smart-technologies-ca2/data/IMG/left_2026_08_28_23_40_26_700.jpg,/Users/martin/smart-technologies-ca2/data/IMG/right_2026_08_28_23_40_26_700.jpg,0.15,1.0,0,30.19057
/Users/martin/smart-technologies-ca2/data/IMG/center_2026_08_28_23_40_26_770.jpg,/Users/martin/smart-technologies-ca2/data/IMG/left_2026_08_28_23_40_26_770.jpg,/Users/martin/smart-technologies-ca2/data/IMG/right_2026_08_28_23_40_26_770.jpg,0.3,1.0,0,30.17795
/Users/martin/smart-technologies-ca2/data/IMG/center_2026_08_28_23_40_26_904.jpg,/Users/martin/smart-technologies-ca2/data/IMG/left_2026_08_28_23_40_26_904.jpg,/Users/martin/smart-technologies-ca2/data/IMG/right_2026_08_28_23_40_26_904.jpg,0.1,1.0,0,30.19047
/Users/martin/smart-technologies-ca2/data/IMG/center_2026_08_28_23_40_26_974.jpg,/Users/martin/smart-technologies-ca2/data/IMG/left_2026_08_28_23_40_26_974.jpg,/Users/martin/smart-technologies-ca2/data/IMG/right_2026_08_28_23_40_26_974.jpg,0.3,1.0,0,30.17297
/Users/martin/smart-technologies-ca2/data/IMG/center_2026_08_28_23_40_27_040.jpg,/Users/martin/smart-technologies-ca2/data/IMG/left_2026_08_28_23_40_27_040.jpg,/Users/martin/smart-technologies-ca2/data/IMG/right_2026_08_28_23_40_27_040.jpg,0.45,1.0,0,30.15429
/Users/martin/smart-technologies-ca2/data/IMG/center_2026_08_28_23_40_27_107.jpg,/Users/martin/smart-technologies-ca2/data/IMG/left_2026_08_28_23_40_27_107.jpg,/Users/martin/smart-technologies-ca2/data/IMG/right_2026_08_28_23_40_27_107.jpg,0.6000001,1.0,0,30.13479
/Users/martin/smart-technologies-ca2/data/IMG/center_2026_08_28_23_40_27_179.jpg,/Users/martin/smart-technologies-ca2/data/IMG/left_2026_08_28_23_40_27_179.jpg,/Users/martin/smart-technologies-ca2/data/IMG/right_2026_08_28_23_40_27_179.jpg,0.8000001,1.0,0,30.11094
/Users/martin/smart-technologies-ca2/data/IMG/center_2026_08_28_23_40_27_246.jpg,/Users/martin/smart-technologies-ca2/data/IMG/left_2026_08_28_23_40_27_246.jpg,/Users/martin/smart-technologies-ca2/data/IMG/right_2026_08_28_23_40_27_246.jpg,0.9500002,1.0,0,30.09767
/Users/martin/smart-technologies-ca2/data/IMG/center_2026_08_28_23_40_27_587.jpg,/Users/martin/smart-technologies-ca2/data/IMG/left_2026_08_28_23_40_27_587.jpg,/Users/martin/smart-technologies-ca2/data/IMG/right_2026_08_28_23_40_27_587.jpg,0.15,1.0,0,30.18779
/Users/martin/smart-technologies-ca2/data/IMG/center_2026_08_28_23_40_27_657.jpg,/Users/martin/smart-technologies-ca2/data/IMG/left_2026_08_28_23_40_27_657.jpg,/Users/martin/smart-technologies-ca2/data/IMG/right_2026_08_28_23_40_27_657.jpg,0.35,1.0,0,30.16728
/Users/martin/smart-technologies-ca2/data/IMG/center_2026_08_28_23_40_27_929.jpg,/Users/martin/smart-technologies-ca2/data/IMG/left_2026_08_28_23_40_27_929.jpg,/Users/martin/smart-technologies-ca2/data/IMG/right_2026_08_28_23_40_27_929.jpg,0.0,1.0,0,30.19004
/Users/martin/smart-technologies-ca2/data/IMG/center_2026_08_28_23_40_28_133.jpg,/Users/martin/smart-technologies-ca2/data/IMG/left_2026_08_28_23_40_28_133.jpg,/Users/martin/smart-technologies-ca2/data/IMG/right_2026_08_28_23_40_28_133.jpg,0.25,1.0,0,30.17534
/Users/martin/smart-technologies-ca2/data/IMG/center_2026_08_28_23_40_28_200.jpg,/Users/martin/smart-technologies-ca2/data/IMG/left_2026_08_28_23_40_28_200.jpg,/Users/martin/smart-technologies-ca2/data/IMG/right_2026_08_28_23_40_28_200.jpg,0.4,1.0,0,30.15821
/Users/martin/smart-technologies-ca2/data/IMG/center_2026_08_28_23_40_28_267.jpg,/Users/martin/smart-technologies-ca2/data/IMG/left_2026_08_28_23_40_28_267.jpg,/Users/martin/smart-technologies-ca2/data/IMG/right_2026_08_28_23_40_28_267.jpg,0.5500001,1.0,0,30.13952
/Users/martin/smart-technologies-ca2/data/IMG/center_2026_08_28_23_40_28_546.jpg,/Users/martin/smart-technologies-ca2/data/IMG/left_2026_08_28_23_40_28_546.jpg,/Users/martin/smart-technologies-ca2/data/IMG/right_2026_08_28_23_40_28_546.jpg,0.15,1.0,0,30.18642
/Users/martin/smart-technologies-ca2/data/IMG/center_2026_08_28_23_40_28_617.jpg,/Users/martin/smart-technologies-ca2/data/IMG/left_2026_08_28_23_40_28_617.jpg,/Users/martin/smart-technologies-ca2/data/IMG/right_2026_08_28_23_40_28_617.jpg,0.35,1.0,0,30.1658
/Users/martin/smart-technologies-ca2/data/IMG/center_2026_08_28_23_40_29_035.jpg,/Users/martin/smart-technologies-ca2/data/IMG/left_2026_08_28_23_40_29_035.jpg,/Users/martin/smart-technologies-ca2/data/IMG/right_2026_08_28_23_40_29_035.jpg,0.25,1.0,0,30.17531
/Users/martin/smart-technologies-ca2/data/IMG/center_2026_08_28_23_40_29_105.jpg,/Users/martin/smart-technologies-ca2/data/IMG/left_2026_08_28_23_40_29_105.jpg,/Users/martin/smart-technologies-ca2/data/IMG/right_2026_08_28_23_40_29_105.jpg,0.4,1.0,0,30.15793
/Users/martin/smart-technologies-ca2/data/IMG/center_2026_08_28_23_40_29_314.jpg,/Users/martin/smart-technologies-ca2/data/IMG/left_2026_08_28_23_40_29_314.jpg,/Users/martin/smart-technologies-ca2/data/IMG/right_2026_08_28_23_40_29_314.jpg,0.0,1.0,0,30.19022
/Users/martin/smart-technologies-ca2/data/IMG/center_2026_08_28_23_40_30_276.jpg,/Users/martin/smart-technologies-ca2/data/IMG/left_2026_08_28_23_40_30_276.jpg,/Users/martin/smart-technologies-ca2/data/IMG/right_2026_08_28_23_40_30_276.jpg,0.15,1.0,0,30.18422
/Users/martin/smart-technologies-ca2/data/IMG/center_2026_08_28_23_40_30_346.jpg,/Users/martin/smart-technologies-ca2/data/IMG/left_2026_08_28_23_40_30_346.jpg,/Users/martin/smart-technologies-ca2/data/IMG/right_2026_08_28_23_40_30_346.jpg,0.3,1.0,0,30.16925
/Users/martin/smart-technologies-ca2/data/IMG/center_2026_08_28_23_40_31_924.jpg,/Users/martin/smart-technologies-ca2/data/IMG/left_2026_08_28_23_40_31_924.jpg,/Users/martin/smart-technologies-ca2/data/IMG/right_2026_08_28_23_40_31_924.jpg,0.0,1.0,0,30.19032
/Users/martin/smart-technologies-ca2/data/IMG/center_2026_08_28_23_40_33_770.jpg,/Users/martin/smart-technologies-ca2/data/IMG/left_2026_08_28_23_40_33_770.jpg,/Users/martin/smart-technologies-ca2/data/IMG/right_2026_08_28_23_40_33_770.jpg,0.0,1.0,0,30.19026
/Users/martin/smart-technologies-ca2/data/IMG/center_2026_08_28_23_40_33_975.jpg,/Users/martin/smart-technologies-ca2/data/IMG/left_2026_08_28_23_40_33_975.jpg,/Users/martin/smart-technologies-ca2/data/IMG/right_2026_08_28_23_40_33_975.jpg,-0.2,1.0,0,30.17982
/Users/martin/smart-technologies-ca2/data/IMG/center_2026_08_28_23_40_34_045.jpg,/Users/martin/smart-technologies-ca2/data/IMG/left_2026_08_28_23_40_34_045.jpg,/Users/martin/smart-technologies-ca2/data/IMG/right_2026_08_28_23_40_34_045.jpg,-0.35,1.0,0,30.1635
/Users/martin/smart-technologies-ca2/data/IMG/center_2026_08_28_23_40_34_112.jpg,/Users/martin/smart-technologies-ca2/data/IMG/left_2026_08_28_23_40_34_112.jpg,/Users/martin/smart-technologies-ca2/data/IMG/right_2026_08_28_23_40_34_112.jpg,-0.5000001,1.0,0,30.14537
/Users/martin/smart-technologies-ca2/data/IMG/center_2026_08_28_23_40_34_181.jpg,/Users/martin/smart-technologies-ca2/data/IMG/left_2026_08_28_23_40_34_181.jpg,/Users/martin/smart-technologies-ca2/data/IMG/right_2026_08_28_23_40_34_181.jpg,-0.7,1.0,0,30.12102
/Users/martin/smart-technologies-ca2/data/IMG/center_2026_08_28_23_40_34_930.jpg,/Users/martin/smart-technologies-ca2/data/IMG/left_2026_08_28_23_40_34_930.jpg,/Users/martin/smart-technologies-ca2/data/IMG/right_2026_08_28_23_40_34_930.jpg,-0.1,1.0,0,30.18762
/Users/martin/smart-technologies-ca2/data/IMG/center_2026_08_28_23_40_34_998.jpg,/Users/martin/smart-technologies-ca2/data/IMG/left_2026_08_28_23_40_34_998.jpg,/Users/martin/smart-technologies-ca2/data/IMG/right_2026_08_28_23_40_34_998.jpg,-0.3,1.0,0,30.16913
/Users/martin/smart-technologies-ca2/data/IMG/center_2026_08_28_23_40_35_066.jpg,/Users/martin/smart-technologies-ca2/data/IMG/left_2026_08_28_23_40_35_066.jpg,/Users/martin/smart-technologies-ca2/data/IMG/right_2026_08_28_23_40_35_066.jpg,-0.45,1.0,0,30.1518
/Users/martin/smart-technologies-ca2/data/IMG/center_2026_08_28_23_40_35_135.jpg,/Users/martin/smart-technologies-ca2/data/IMG/left_2026_08_28_23_40_35_135.jpg,/Users/martin/smart-technologies-ca2/data/IMG/right_2026_08_28_23_40_35_135.jpg,-0.6500001,1.0,0,30.12698
/Users/martin/smart-technologies-ca2/data/IMG/center_2026_08_28_23_40_35_408.jpg,/Users/martin/smart-technologies-ca2/data/IMG/left_2026_08_28_23_40_35_408.jpg,/Users/martin/smart-technologies-ca2/data/IMG/right_2026_08_28_23_40_35_408.jpg,0.0,1.0,0,30.1904
/Users/martin/smart-technologies-ca2/data/IMG/center_2026_08_28_23_40_35_748.jpg,/Users/martin/smart-technologies-ca2/data/IMG/left_2026_08_28_23_40_35_748.jpg,/Users/martin/smart-technologies-ca2/data/IMG/right_2026_08_28_23_40_35_748.jpg,-0.05,1.0,0,30.18967
/Users/martin/smart-technologies-ca2/data/IMG/center_2026_08_28_23_40_35_816.jpg,/Users/martin/smart-technologies-ca2/data/IMG/left_2026_08_28_23_40_35_816.jpg,/Users/martin/smart-technologies-ca2/data/IMG/right_2026_08_28_23_40_35_816.jpg,-0.25,1.0,0,30.17477
/Users/martin/smart-technologies-ca2/data/IMG/center_2026_08_28_23_40_35_885.jpg,/Users/martin/smart-technologies-ca2/data/IMG/left_2026_08_28_23_40_35_885.jpg,/Users/martin/smart-technologies-ca2/data/IMG/right_2026_08_28_23_40_35_885.jpg,-0.4,1.0,0,30.15718
/Users/martin/smart-technologies-ca2/data/IMG/center_2026_08_28_23_40_35_952.jpg,/Users/martin/smart-technologies-ca2/data/IMG/left_2026_08_28_23_40_35_952.jpg,/Users/martin/smart-technologies-ca2/data/IMG/right_2026_08_28_23_40_35_952.jpg,-0.5500001,1.0,0,30.13899
/Users/martin/smart-technologies-ca2/data/IMG/center_2026_08_28_23_40_36_221.jpg,/Users/martin/smart-technologies-ca2/data/IMG/left_2026_08_28_23_40_36_221.jpg,/Users/martin/smart-technologies-ca2/data/IMG/right_2026_08_28_23_40_36_221.jpg,-0.1,1.0,0,30.18908
/Users/martin/smart-technologies-ca2/data/IMG/center_2026_08_28_23_40_36_289.jpg,/Users/martin/smart-technologies-ca2/data/IMG/left_2026_08_28_23_40_36_289.jpg,/Users/martin/smart-technologies-ca2/data/IMG/right_2026_08_28_23_40_36_289.jpg,-0.25,1.0,0,30.17699
/Users/martin/smart-technologies-ca2/data/IMG/center_2026_08_28_23_40_36_356.jpg,/Users/martin/smart-technologies-ca2/data/IMG/left_2026_08_28_23_40_36_356.jpg,/Users/martin/smart-technologies-ca2/data/IMG/right_2026_08_28_23_40_36_356.jpg,-0.45,1.0,0,30.15311
/Users/martin/smart-technologies-ca2/data/IMG/center_2026_08_28_23_40_36_423.jpg,/Users/martin/smart-technologies-ca2/data/IMG/left_2026_08_28_23_40_36_423.jpg,/Users/martin/smart-technologies-ca2/data/IMG/right_2026_08_28_23_40_36_423.jpg,-0.6000001,1.0,0,30.13425
/Users/martin/smart-technologies-ca2/data/IMG/center_2026_08_28_23_40_36_761.jpg,/Users/martin/smart-technologies-ca2/data/IMG/left_2026_08_28_23_40_36_761.jpg,/Users/martin/smart-technologies-ca2/data/IMG/right_2026_08_28_23_40_36_761.jpg,-0.05,1.0,0,30.19003
/Users/martin/smart-technologies-ca2/data/IMG/center_2026_08_28_23_40_36_828.jpg,/Users/martin/smart-technologies-ca2/data/IMG/left_2026_08_28_23_40_36_828.jpg,/Users/martin/smart-technologies-ca2/data/IMG/right_2026_08_28_23_40_36_828.jpg,-0.2,1.0,0,30.1814
/Users/martin/smart-technologies-ca2/data/IMG/center_2026_08_28_23_40_36_895.jpg,/Users/martin/smart-technologies-ca2/data/IMG/left_2026_08_28_23_40_36_895.jpg,/Users/martin/smart-technologies-ca2/data/IMG/right_2026_08_28_23_40_36_895.jpg,-0.4,1.0,0,30.15976
/Users/martin/smart-technologies-ca2/data/IMG/center_2026_08_28_23_40_36_962.jpg,/Users/martin/smart-technologies-ca2/data/IMG/left_2026_08_28_23_40_36_962.jpg,/Users/martin/smart-technologies-ca2/data/IMG/right_2026_08_28_23_40_36_962.jpg,-0.5500001,1.0,0,30.13994
/Users/martin/smart-technologies-ca2/data/IMG/center_2026_08_28_23_40_37_028.jpg,/Users/martin/smart-technologies-ca2/data/IMG/left_2026_08_28_23_40_37_028.jpg,/Users/martin/smart-technologies-ca2/data/IMG/right_2026_08_28_23_40_37_028.jpg,-0.7,1.0,0,30.12158
/Users/martin/smart-technologies-ca2/data/IMG/center_2026_08_28_23_40_37_300.jpg,/Users/martin/smart-technologies-ca2/data/IMG/left_2026_08_28_23_40_37_300.jpg,/Users/martin/smart-technologies-ca2/data/IMG/right_2026_08_28_23_40_37_300.jpg,-0.1,1.0,0,30.18955
/Users/martin/smart-technologies-ca2/data/IMG/center_2026_08_28_23_40_37_369.jpg,/Users/martin/smart-technologies-ca2/data/IMG/left_2026_08_28_23_40_37_369.jpg,/Users/martin/smart-technologies-ca2/data/IMG/right_2026_08_28_23_40_37_369.jpg,-0.25,1.0,0,30.17775
/Users/martin/smart-technologies-ca2/data/IMG/center_2026_08_28_23_40_37_438.jpg,/Users/martin/smart-technologies-ca2/data/IMG/left_2026_08_28_23_40_37_438.jpg,/Users/martin/smart-technologies-ca2/data/IMG/right_2026_08_28_23_40_37_438.jpg,-0.45,1.0,0,30.15379
/Users/martin/smart-technologies-ca2/data/IMG/center_2026_08_28_23_40_37_709.jpg,/Users/martin/smart-technologies-ca2/data/IMG/left_2026_08_28_23_40_37_709.jpg,/Users/martin/smart-technologies-ca2/data/IMG/right_2026_08_28_23_40_37_709.jpg,-0.1,1.0,0,30.18958
/Users/martin/smart-technologies-ca2/data/IMG/center_2026_08_28_23_40_37_779.jpg,/Users/martin/smart-technologies-ca2/data/IMG/left_2026_08_28_23_40_37_779.jpg,/Users/martin/smart-technologies-ca2/data/IMG/right_2026_08_28_23_40_37_779.jpg,-0.3,1.0,0,30.17219
/Users/martin/smart-technologies-ca2/data/IMG/center_2026_08_28_23_40_37_848.jpg,/Users/martin/smart-technologies-ca2/data/IMG/left_2026_08_28_23_40_37_848.jpg,/Users/martin/smart-technologies-ca2/data/IMG/right_2026_08_28_23_40_37_848.jpg,-0.45,1.0,0,30.15364
/Users/martin/smart-technologies-ca2/data/IMG/center_2026_08_28_23_40_37_918.jpg,/Users/martin/smart-technologies-ca2/data/IMG/left_2026_08_28_23_40_37_918.jpg,/Users/martin/smart-technologies-ca2/data/IMG/right_2026_08_28_23_40_37_918.jpg,-0.6500001,1.0,0,30.12841
/Users/martin/smart-technologies-ca2/data/IMG/center_2026_08_28_23_40_38_188.jpg,/Users/martin/smart-technologies-ca2/data/IMG/left_2026_08_28_23_40_38_188.jpg,/Users/martin/smart-technologies-ca2/data/IMG/right_2026_08_28_23_40_38_188.jpg,-0.1,1.0,0,30.18942
/Users/martin/smart-technologies-ca2/data/IMG/center_2026_08_28_23_40_38_257.jpg,/Users/martin/smart-technologies-ca2/data/IMG/left_2026_08_28_23_40_38_257.jpg,/Users/martin/smart-technologies-ca2/data/IMG/right_2026_08_28_23_40_38_257.jpg,-0.3,1.0,0,30.17239
/Users/martin/smart-technologies-ca2/data/IMG/center_2026_08_28_23_40_38_324.jpg,/Users/martin/smart-technologies-ca2/data/IMG/left_2026_08_28_23_40_38_324.jpg,/Users/martin/smart-technologies-ca2/data/IMG/right_2026_08_28_23_40_38_324.jpg,-0.45,1.0,0,30.15378
/Users/martin/smart-technologies-ca2/data/IMG/center_2026_08_28_23_40_38_736.jpg,/Users/martin/smart-technologies-ca2/data/IMG/left_2026_08_28_23_40_38_736.jpg,/Users/martin/smart-technologies-ca2/data/IMG/right_2026_08_28_23_40_38_736.jpg,-0.2,1.0,0,30.18074
/Users/martin/smart-technologies-ca2/data/IMG/center_2026_08_28_23_40_38_805.jpg,/Users/martin/smart-technologies-ca2/data/IMG/left_2026_08_28_23_40_38_805.jpg,/Users/martin/smart-technologies-ca2/data/IMG/right_2026_08_28_23_40_38_805.jpg,-0.35,1.0,0,30.16358
/Users/martin/smart-technologies-ca2/data/IMG/center_2026_08_28_23_40_39_006.jpg,/Users/martin/smart-technologies-ca2/data/IMG/left_2026_08_28_23_40_39_006.jpg,/Users/martin/smart-technologies-ca2/data/IMG/right_2026_08_28_23_40_39_006.jpg,0.0,1.0,0,30.18993
/Users/martin/smart-technologies-ca2/data/IMG/center_2026_08_28_23_40_39_215.jpg,/Users/martin/smart-technologies-ca2/data/IMG/left_2026_08_28_23_40_39_215.jpg,/Users/martin/smart-technologies-ca2/data/IMG/right_2026_08_28_23_40_39_215.jpg,-0.15,1.0,0,30.18498
/Users/martin/smart-technologies-ca2/data/IMG/center_2026_08_28_23_40_39_282.jpg,/Users/martin/smart-technologies-ca2/data/IMG/left_2026_08_28_23_40_39_282.jpg,/Users/martin/smart-technologies-ca2/data/IMG/right_2026_08_28_23_40_39_282.jpg,-0.3,1.0,0,30.16975
/Users/martin/smart-technologies-ca2/data/IMG/center_2026_08_28_23_40_39_349.jpg,/Users/martin/smart-technologies-ca2/data/IMG/left_2026_08_28_23_40_39_349.jpg,/Users/martin/smart-technologies-ca2/data/IMG/right_2026_08_28_23_40_39_349.jpg,-0.45,1.0,0,30.15201
/Users/martin/smart-technologies-ca2/data/IMG/center_2026_08_28_23_40_39_419.jpg,/Users/martin/smart-technologies-ca2/data/IMG/left_2026_08_28_23_40_39_419.jpg,/Users/martin/smart-technologies-ca2/data/IMG/right_2026_08_28_23_40_39_419.jpg,0.0,1.0,0,30.18556
/Users/martin/smart-technologies-ca2/data/IMG/center_2026_08_28_23_40_39_695.jpg,/Users/martin/smart-technologies-ca2/data/IMG/left_2026_08_28_23_40_39_695.jpg,/Users/martin/smart-technologies-ca2/data/IMG/right_2026_08_28_23_40_39_695.jpg,-0.15,1.0,0,30.18545
/Users/martin/smart-technologies-ca2/data/IMG/center_2026_08_28_23_40_39_762.jpg,/Users/martin/smart-technologies-ca2/data/IMG/left_2026_08_28_23_40_39_762.jpg,/Users/martin/smart-technologies-ca2/data/IMG/right_2026_08_28_23_40_39_762.jpg,-0.3,1.0,0,30.17052
/Users/martin/smart-technologies-ca2/data/IMG/center_2026_08_28_23_40_39_830.jpg,/Users/martin/smart-technologies-ca2/data/IMG/left_2026_08_28_23_40_39_830.jpg,/Users/martin/smart-technologies-ca2/data/IMG/right_2026_08_28_23_40_39_830.jpg,-0.45,1.0,0,30.15241
/Users/martin/smart-technologies-ca2/data/IMG/center_2026_08_28_23_40_40_100.jpg,/Users/martin/smart-technologies-ca2/data/IMG/left_2026_08_28_23_40_40_100.jpg,/Users/martin/smart-technologies-ca2/data/IMG/right_2026_08_28_23_40_40_100.jpg,0.0,1.0,0,30.19009
/Users/martin/smart-technologies-ca2/data/IMG/center_2026_08_28_23_40_40_439.jpg,/Users/martin/smart-technologies-ca2/data/IMG/left_2026_08_28_23_40_40_439.jpg,/Users/martin/smart-technologies-ca2/data/IMG/right_2026_08_28_23_40_40_439.jpg,-0.2,1.0,0,30.17991
/Users/martin/smart-technologies-ca2/data/IMG/center_2026_08_28_23_40_40_506.jpg,/Users/martin/smart-technologies-ca2/data/IMG/left_2026_08_28_23_40_40_506.jpg,/Users/martin/smart-technologies-ca2/data/IMG/right_2026_08_28_23_40_40_506.jpg,-0.35,1.0,0,30.16355
/Users/martin/smart-technologies-ca2/data/IMG/center_2026_08_28_23_40_40_919.jpg,/Users/martin/smart-technologies-ca2/data/IMG/left_2026_08_28_23_40_40_919.jpg,/Users/martin/smart-technologies-ca2/data/IMG/right_2026_08_28_23_40_40_919.jpg,-0.05,1.0,0,30.1897
/Users/martin/smart-technologies-ca2/data/IMG/center_2026_08_28_23_40_40_988.jpg,/Users/martin/smart-technologies-ca2/data/IMG/left_2026_08_28_23_40_40_988.jpg,/Users/martin/smart-technologies-ca2/data/IMG/right_2026_08_28_23_40_40_988.jpg,-0.2,1.0,0,30.18025
/Users/martin/smart-technologies-ca2/data/IMG/center_2026_08_28_23_40_41_058.jpg,/Users/martin/smart-technologies-ca2/data/IMG/left_2026_08_28_23_40_41_058.jpg,/Users/martin/smart-technologies-ca2/data/IMG/right_2026_08_28_23_40_41_058.jpg,-0.4,1.0,0,30.15783
/Users/martin/smart-technologies-ca2/data/IMG/center_2026_08_28_23_40_41_602.jpg,/Users/martin/smart-technologies-ca2/data/IMG/left_2026_08_28_23_40_41_602.jpg,/Users/martin/smart-technologies-ca2/data/IMG/right_2026_08_28_23_40_41_602.jpg,-0.05,1.0,0,30.18971
/Users/martin/smart-technologies-ca2/data/IMG/center_2026_08_28_23_40_41_672.jpg,/Users/martin/smart-technologies-ca2/data/IMG/left_2026_08_28_23_40_41_672.jpg,/Users/martin/smart-technologies-ca2/data/IMG/right_2026_08_28_23_40_41_672.jpg,-0.2,1.0,0,30.18002
/Users/martin/smart-technologies-ca2/data/IMG/center_2026_08_28_23_40_41_742.jpg,/Users/martin/smart-technologies-ca2/data/IMG/left_2026_08_28_23_40_41_742.jpg,/Users/martin/smart-technologies-ca2/data/IMG/right_2026_08_28_23_40_41_742.jpg,-0.4,1.0,0,30.15779
/Users/martin/smart-technologies-ca2/data/IMG/center_2026_08_28_23_40_42_355.jpg,/Users/martin/smart-technologies-ca2/data/IMG/left_2026_08_28_23_40_42_355.jpg,/Users/martin/smart-technologies-ca2/data/IMG/right_2026_08_28_23_40_42_355.jpg,0.0,1.0,0,30.19032
/Users/martin/smart-technologies-ca2/data/IMG/center_2026_08_28_23_40_42_841.jpg,/Users/martin/smart-technologies-ca2/data/IMG/left_2026_08_28_23_40_42_841.jpg,/Users/martin/smart-technologies-ca2/data/IMG/right_2026_08_28_23_40_42_841.jpg,-0.15,1.0,0,30.18425
/Users/martin/smart-technologies-ca2/data/IMG/center_2026_08_28_23_40_42_909.jpg,/Users/martin/smart-technologies-ca2/data/IMG/left_2026_08_28_23_40_42_909.jpg,/Users/martin/smart-technologies-ca2/data/IMG/right_2026_08_28_23_40_42_909.jpg,-0.3,1.0,0,30.16894
/Users/martin/smart-technologies-ca2/data/IMG/center_2026_08_28_23_40_42_979.jpg,/Users/martin/smart-technologies-ca2/data/IMG/left_2026_08_28_23_40_42_979.jpg,/Users/martin/smart-technologies-ca2/data/IMG/right_2026_08_28_23_40_42_979.jpg,-0.5000001,1.0,0,30.14532
/Users/martin/smart-technologies-ca2/data/IMG/center_2026_08_28_23_40_43_047.jpg,/Users/martin/smart-technologies-ca2/data/IMG/left_2026_08_28_23_40_43_047.jpg,/Users/martin/smart-technologies-ca2/data/IMG/right_2026_08_28_23_40_43_047.jpg,-0.6500001,1.0,0,30.12706
/Users/martin/smart-technologies-ca2/data/IMG/center_2026_08_28_23_40_44_277.jpg,/Users/martin/smart-technologies-ca2/data/IMG/left_2026_08_28_23_40_44_277.jpg,/Users/martin/smart-technologies-ca2/data/IMG/right_2026_08_28_23_40_44_277.jpg,-0.15,1.0,0,30.18421
/Users/martin/smart-technologies-ca2/data/IMG/center_2026_08_28_23_40_44_344.jpg,/Users/martin/smart-technologies-ca2/data/IMG/left_2026_08_28_23_40_44_344.jpg,/Users/martin/smart-technologies-ca2/data/IMG/right_2026_08_28_23_40_44_344.jpg,-0.3,1.0,0,30.16925
/Users/martin/smart-technologies-ca2/data/IMG/center_2026_08_28_23_40_44_412.jpg,/Users/martin/smart-technologies-ca2/data/IMG/left_2026_08_28_23_40_44_412.jpg,/Users/martin/smart-technologies-ca2/data/IMG/right_2026_08_28_23_40_44_412.jpg,-0.45,1.0,0,30.15146
/Users/martin/smart-technologies-ca2/data/IMG/center_2026_08_28_23_40_45_371.jpg,/Users/martin/smart-technologies-ca2/data/IMG/left_2026_08_28_23_40_45_371.jpg,/Users/martin/smart-technologies-ca2/data/IMG/right_2026_08_28_23_40_45_371.jpg,-0.1,1.0,0,30.18764
/Users/martin/smart-technologies-ca2/data/IMG/center_2026_08_28_23_40_45_438.jpg,/Users/martin/smart-technologies-ca2/data/IMG/left_2026_08_28_23_40_45_438.jpg,/Users/martin/smart-technologies-ca2/data/IMG/right_2026_08_28_23_40_45_438.jpg,-0.3,1.0,0,30.1692
/Users/martin/smart-technologies-ca2/data/IMG/center_2026_08_28_23_40_45_505.jpg,/Users/martin/smart-technologies-ca2/data/IMG/left_2026_08_28_23_40_45_505.jpg,/Users/martin/smart-technologies-ca2/data/IMG/right_2026_08_28_23_40_45_505.jpg,-0.45,1.0,0,30.15144
/Users/martin/smart-technologies-ca2/data/IMG/center_2026_08_28_23_40_46_048.jpg,/Users/martin/smart-technologies-ca2/data/IMG/left_2026_08_28_23_40_46_048.jpg,/Users/martin/smart-technologies-ca2/data/IMG/right_2026_08_28_23_40_46_048.jpg,-0.1,1.0,0,30.18791
/Users/martin/smart-technologies-ca2/data/IMG/center_2026_08_28_23_40_46_732.jpg,/Users/martin/smart-technologies-ca2/data/IMG/left_2026_08_28_23_40_46_732.jpg,/Users/martin/smart-technologies-ca2/data/IMG/right_2026_08_28_23_40_46_732.jpg,-0.1,1.0,0,30.18777
/Users/martin/smart-technologies-ca2/data/IMG/center_2026_08_28_23_40_46_799.jpg,/Users/martin/smart-technologies-ca2/data/IMG/left_2026_08_28_23_40_46_799.jpg,/Users/martin/smart-technologies-ca2/data/IMG/right_2026_08_28_23_40_46_799.jpg,-0.3,1.0,0,30.16924
/Users/martin/smart-technologies-ca2/data/IMG/center_2026_08_28_23_40_46_866.jpg,/Users/martin/smart-technologies-ca2/data/IMG/left_2026_08_28_23_40_46_866.jpg,/Users/martin/smart-technologies-ca2/data/IMG/right_2026_08_28_23_40_46_866.jpg,-0.45,1.0,0,30.15142
/Users/martin/smart-technologies-ca2/data/IMG/center_2026_08_28_23_40_47_548.jpg,/Users/martin/smart-technologies-ca2/data/IMG/left_2026_08_28_23_40_47_548.jpg,/Users/martin/smart-technologies-ca2/data/IMG/right_2026_08_28_23_40_47_548.jpg,0.0,1.0,0,30.19032
/Users/martin/smart-technologies-ca2/data/IMG/center_2026_08_28_23_40_48_432.jpg,/Users/martin/smart-technologies-ca2/data/IMG/left_2026_08_28_23_40_48_432.jpg,/Users/martin/smart-technologies-ca2/data/IMG/right_2026_08_28_23_40_48_432.jpg,-0.05,1.0,0,30.18972
/Users/martin/smart-technologies-ca2/data/IMG/center_2026_08_28_23_40_48_499.jpg,/Users/martin/smart-technologies-ca2/data/IMG/left_2026_08_28_23_40_48_499.jpg,/Users/martin/smart-technologies-ca2/data/IMG/right_2026_08_28_23_40_48_499.jpg,-0.25,1.0,0,30.17475
/Users/martin/smart-technologies-ca2/data/IMG/center_2026_08_28_23_40_48_568.jpg,/Users/martin/smart-technologies-ca2/data/IMG/left_2026_08_28_23_40_48_568.jpg,/Users/martin/smart-technologies-ca2/data/IMG/right_2026_08_28_23_40_48_568.jpg,-0.4,1.0,0,30.15752
/Users/martin/smart-technologies-ca2/data/IMG/center_2026_08_28_23_40_50_062.jpg,/Users/martin/smart-technologies-ca2/data/IMG/left_2026_08_28_23_40_50_062.jpg,/Users/martin/smart-technologies-ca2/data/IMG/right_2026_08_28_23_40_50_062.jpg,0.0,1.0,0,30.19031
/Users/martin/smart-technologies-ca2/data/IMG/center_2026_08_28_23_40_50_807.jpg,/Users/martin/smart-technologies-ca2/data/IMG/left_2026_08_28_23_40_50_807.jpg,/Users/martin/smart-technologies-ca2/data/IMG/right_2026_08_28_23_40_50_807.jpg,-0.15,1.0,0,30.18424
/Users/martin/smart-technologies-ca2/data/IMG/center_2026_08_28_23_40_50_875.jpg,/Users/martin/smart-technologies-ca2/data/IMG/left_2026_08_28_23_40_50_875.jpg,/Users/martin/smart-technologies-ca2/data/IMG/right_2026_08_28_23_40_50_875.jpg,-0.35,1.0,0,30.16347
/Users/martin/smart-technologies-ca2/data/IMG/center_2026_08_28_23_40_50_941.jpg,/Users/martin/smart-technologies-ca2/data/IMG/left_2026_08_28_23_40_50_941.jpg,/Users/martin/smart-technologies-ca2/data/IMG/right_2026_08_28_23_40_50_941.jpg,-0.5000001,1.0,0,30.14537
/Users/martin/smart-technologies-ca2/data/IMG/center_2026_08_28_23_40_51_078.jpg,/Users/martin/smart-technologies-ca2/data/IMG/left_2026_08_28_23_40_51_078.jpg,/Users/martin/smart-technologies-ca2/data/IMG/right_2026_08_28_23_40_51_078.jpg,0.0,1.0,0,30.18852
/Users/martin/smart-technologies-ca2/data/IMG/center_2026_08_28_23_40_52_028.jpg,/Users/martin/smart-technologies-ca2/data/IMG/left_2026_08_28_23_40_52_028.jpg,/Users/martin/smart-technologies-ca2/data/IMG/right_2026_08_28_23_40_52_028.jpg,0.0,1.0,0,30.19029
/Users/martin/smart-technologies-ca2/data/IMG/center_2026_08_28_23_40_53_248.jpg,/Users/martin/smart-technologies-ca2/data/IMG/left_2026_08_28_23_40_53_248.jpg,/Users/martin/smart-technologies-ca2/data/IMG/right_2026_08_28_23_40_53_248.jpg,-0.05,1.0,0,30.18972
/Users/martin/smart-technologies-ca2/data/IMG/center_2026_08_28_23_40_53_317.jpg,/Users/martin/smart-technologies-ca2/data/IMG/left_2026_08_28_23_40_53_317.jpg,/Users/martin/smart-technologies-ca2/data/IMG/right_2026_08_28_23_40_53_317.jpg,-0.25,1.0,0,30.17476
/Users/martin/smart-technologies-ca2/data/IMG/center_2026_08_28_23_40_53_384.jpg,/Users/martin/smart-technologies-ca2/data/IMG/left_2026_08_28_23_40_53_384.jpg,/Users/martin/smart-technologies-ca2/data/IMG/right_2026_08_28_23_40_53_384.jpg,-0.4,1.0,0,30.15751
/Users/martin/smart-technologies-ca2/data/IMG/center_2026_08_28_23_40_54_407.jpg,/Users/martin/smart-technologies-ca2/data/IMG/left_2026_08_28_23_40_54_407.jpg,/Users/martin/smart-technologies-ca2/data/IMG/right_2026_08_28_23_40_54_407.jpg,0.0,1.0,0,30.19032
/Users/martin/smart-technologies-ca2/data/IMG/center_2026_08_28_23_40_55_770.jpg,/Users/martin/smart-technologies-ca2/data/IMG/left_2026_08_28_23_40_55_770.jpg,/Users/martin/smart-technologies-ca2/data/IMG/right_2026_08_28_23_40_55_770.jpg,0.0,1.0,0,30.19029
/Users/martin/smart-technologies-ca2/data/IMG/center_2026_08_28_23_40_56_041.jpg,/Users/martin/smart-technologies-ca2/data/IMG/left_2026_08_28_23_40_56_041.jpg,/Users/martin/smart-technologies-ca2/data/IMG/right_2026_08_28_23_40_56_041.jpg,-0.2,1.0,0,30.17983
/Users/martin/smart-technologies-ca2/data/IMG/center_2026_08_28_23_40_56_112.jpg,/Users/martin/smart-technologies-ca2/data/IMG/left_2026_08_28_23_40_56_112.jpg,/Users/martin/smart-technologies-ca2/data/IMG/right_2026_08_28_23_40_56_112.jpg,-0.35,1.0,0,30.16346
/Users/martin/smart-technologies-ca2/data/IMG/center_2026_08_28_23_40_56_181.jpg,/Users/martin/smart-technologies-ca2/data/IMG/left_2026_08_28_23_40_56_181.jpg,/Users/martin/smart-technologies-ca2/data/IMG/right_2026_08_28_23_40_56_181.jpg,-0.5500001,1.0,0,30.13925
/Users/martin/smart-technologies-ca2/data/IMG/center_2026_08_28_23_40_58_971.jpg,/Users/martin/smart-technologies-ca2/data/IMG/left_2026_08_28_23_40_58_971.jpg,/Users/martin/smart-technologies-ca2/data/IMG/right_2026_08_28_23_40_58_971.jpg,0.0,1.0,0,30.19028
/Users/martin/smart-technologies-ca2/data/IMG/center_2026_08_28_23_40_59_376.jpg,/Users/martin/smart-technologies-ca2/data/IMG/left_2026_08_28_23_40_59_376.jpg,/Users/martin/smart-technologies-ca2/data/IMG/right_2026_08_28_23_40_59_376.jpg,0.0,1.0,0,30.19029
/Users/martin/smart-technologies-ca2/data/IMG/center_2026_08_28_23_40_59_446.jpg,/Users/martin/smart-technologies-ca2/data/IMG/left_2026_08_28_23_40_59_446.jpg,/Users/martin/smart-technologies-ca2/data/IMG/right_2026_08_28_23_40_59_446.jpg,0.0,1.0,0,30.19029
/Users/martin/smart-technologies-ca2/data/IMG/center_2026_08_28_23_41_00_879.jpg,/Users/martin/smart-technologies-ca2/data/IMG/left_2026_08_28_23_41_00_879.jpg,/Users/martin/smart-technologies-ca2/data/IMG/right_2026_08_28_23_41_00_879.jpg,0.0,1.0,0,30.19031
/Users/martin/smart-technologies-ca2/data/IMG/center_2026_08_28_23_41_01_560.jpg,/Users/martin/smart-technologies-ca2/data/IMG/left_2026_08_28_23_41_01_560.jpg,/Users/martin/smart-technologies-ca2/data/IMG/right_2026_08_28_23_41_01_560.jpg,0.0,1.0,0,30.1903
/Users/martin/smart-technologies-ca2/data/IMG/center_2026_08_28_23_41_01_630.jpg,/Users/martin/smart-technologies-ca2/data/IMG/left_2026_08_28_23_41_01_630.jpg,/Users/martin/smart-technologies-ca2/data/IMG/right_2026_08_28_23_41_01_630.jpg,-0.05,1.0,0,30.1897
/Users/martin/smart-technologies-ca2/data/IMG/center_2026_08_28_23_41_01_700.jpg,/Users/martin/smart-technologies-ca2/data/IMG/left_2026_08_28_23_41_01_700.jpg,/Users/martin/smart-technologies-ca2/data/IMG/right_2026_08_28_23_41_01_700.jpg,-0.25,1.0,0,30.17477
/Users/martin/smart-technologies-ca2/data/IMG/center_2026_08_28_23_41_01_770.jpg,/Users/martin/smart-technologies-ca2/data/IMG/left_2026_08_28_23_41_01_770.jpg,/Users/martin/smart-technologies-ca2/data/IMG/right_2026_08_28_23_41_01_770.jpg,-0.4,1.0,0,30.15751
/Users/martin/smart-technologies-ca2/data/IMG/center_2026_08_28_23_41_02_182.jpg,/Users/martin/smart-technologies-ca2/data/IMG/left_2026_08_28_23_41_02_182.jpg,/Users/martin/smart-technologies-ca2/data/IMG/right_2026_08_28_23_41_02_182.jpg,-0.1,1.0,0,30.18798
/Users/martin/smart-technologies-ca2/data/IMG/center_2026_08_28_23_41_02_251.jpg,/Users/martin/smart-technologies-ca2/data/IMG/left_2026_08_28_23_41_02_251.jpg,/Users/martin/smart-technologies-ca2/data/IMG/right_2026_08_28_23_41_02_251.jpg,-0.25,1.0,0,30.17517
/Users/martin/smart-technologies-ca2/data/IMG/center_2026_08_28_23_41_03_964.jpg,/Users/martin/smart-technologies-ca2/data/IMG/left_2026_08_28_23_41_03_964.jpg,/Users/martin/smart-technologies-ca2/data/IMG/right_2026_08_28_23_41_03_964.jpg,-0.1,1.0,0,30.18768
/Users/martin/smart-technologies-ca2/data/IMG/center_2026_08_28_23_41_04_032.jpg,/Users/martin/smart-technologies-ca2/data/IMG/left_2026_08_28_23_41_04_032.jpg,/Users/martin/smart-technologies-ca2/data/IMG/right_2026_08_28_23_41_04_032.jpg,-0.25,1.0,0,30.17476
/Users/martin/smart-technologies-ca2/data/IMG/center_2026_08_28_23_41_04_101.jpg,/Users/martin/smart-technologies-ca2/data/IMG/left_2026_08_28_23_41_04_101.jpg,/Users/martin/smart-technologies-ca2/data/IMG/right_2026_08_28_23_41_04_101.jpg,-0.45,1.0,0,30.15146
/Users/martin/smart-technologies-ca2/data/IMG/center_2026_08_28_23_41_04_512.jpg,/Users/martin/smart-technologies-ca2/data/IMG/left_2026_08_28_23_41_04_512.jpg,/Users/martin/smart-technologies-ca2/data/IMG/right_2026_08_28_23_41_04_512.jpg,0.1,1.0,0,30.18688
/Users/martin/smart-technologies-ca2/data/IMG/center_2026_08_28_23_41_04_580.jpg,/Users/martin/smart-technologies-ca2/data/IMG/left_2026_08_28_23_41_04_580.jpg,/Users/martin/smart-technologies-ca2/data/IMG/right_2026_08_28_23_41_04_580.jpg,0.0,1.0,0,30.19129
/Users/martin/smart-technologies-ca2/data/IMG/center_2026_08_28_23_41_08_219.jpg,/Users/martin/smart-technologies-ca2/data/IMG/left_2026_08_28_23_41_08_219.jpg,/Users/martin/smart-technologies-ca2/data/IMG/right_2026_08_28_23_41_08_219.jpg,-0.15,1.0,0,30.18428
/Users/martin/smart-technologies-ca2/data/IMG/center_2026_08_28_23_41_08_289.jpg,/Users/martin/smart-technologies-ca2/data/IMG/left_2026_08_28_23_41_08_289.jpg,/Users/martin/smart-technologies-ca2/data/IMG/right_2026_08_28_23_41_08_289.jpg,-0.3,1.0,0,30.16928
/Users/martin/smart-technologies-ca2/data/IMG/center_2026_08_28_23_41_08_359.jpg,/Users/martin/smart-technologies-ca2/data/IMG/left_2026_08_28_23_41_08_359.jpg,/Users/martin/smart-technologies-ca2/data/IMG/right_2026_08_28_23_41_08_359.jpg,-0.5000001,1.0,0,30.14537
/Users/martin/smart-technologies-ca2/data/IMG/center_2026_08_28_23_41_08_769.jpg,/Users/martin/smart-technologies-ca2/data/IMG/left_2026_08_28_23_41_08_769.jpg,/Users/martin/smart-technologies-ca2/data/IMG/right_2026_08_28_23_41_08_769.jpg,0.0,1.0,0,30.19029
/Users/martin/smart-technologies-ca2/data/IMG/center_2026_08_28_23_41_09_937.jpg,/Users/martin/smart-technologies-ca2/data/IMG/left_2026_08_28_23_41_09_937.jpg,/Users/martin/smart-technologies-ca2/data/IMG/right_2026_08_28_23_41_09_937.jpg,-0.15,1.0,0,30.18421
/Users/martin/smart-technologies-ca2/data/IMG/center_2026_08_28_23_41_10_006.jpg,/Users/martin/smart-technologies-ca2/data/IMG/left_2026_08_28_23_41_10_006.jpg,/Users/martin/smart-technologies-ca2/data/IMG/right_2026_08_28_23_41_10_006.jpg,-0.3,1.0,0,30.16924
/Users/martin/smart-technologies-ca2/data/IMG/center_2026_08_28_23_41_10_345.jpg,/Users/martin/smart-technologies-ca2/data/IMG/left_2026_08_28_23_41_10_345.jpg,/Users/martin/smart-technologies-ca2/data/IMG/right_2026_08_28_23_41_10_345.jpg,0.0,1.0,0,30.19025
/Users/martin/smart-technologies-ca2/data/IMG/center_2026_08_28_23_41_10_554.jpg,/Users/martin/smart-technologies-ca2/data/IMG/left_2026_08_28_23_41_10_554.jpg,/Users/martin/smart-technologies-ca2/data/IMG/right_2026_08_28_23_41_10_554.jpg,-0.2,1.0,0,30.18014
/Users/martin/smart-technologies-ca2/data/IMG/center_2026_08_28_23_41_10_624.jpg,/Users/martin/smart-technologies-ca2/data/IMG/left_2026_08_28_23_41_10_624.jpg,/Users/martin/smart-technologies-ca2/data/IMG/right_2026_08_28_23_41_10_624.jpg,-0.35,1.0,0,30.16372
/Users/martin/smart-technologies-ca2/data/IMG/center_2026_08_28_23_41_11_246.jpg,/Users/martin/smart-technologies-ca2/data/IMG/left_2026_08_28_23_41_11_246.jpg,/Users/martin/smart-technologies-ca2/data/IMG/right_2026_08_28_23_41_11_246.jpg,0.0,1.0,0,30.1903
/Users/martin/smart-technologies-ca2/data/IMG/center_2026_08_28_23_41_12_612.jpg,/Users/martin/smart-technologies-ca2/data/IMG/left_2026_08_28_23_41_12_612.jpg,/Users/martin/smart-technologies-ca2/data/IMG/right_2026_08_28_23_41_12_612.jpg,0.0,1.0,0,30.19025
/Users/martin/smart-technologies-ca2/data/IMG/center_2026_08_28_23_41_13_021.jpg,/Users/martin/smart-technologies-ca2/data/IMG/left_2026_08_28_23_41_13_021.jpg,/Users/martin/smart-technologies-ca2/data/IMG/right_2026_08_28_23_41_13_021.jpg,-0.15,1.0,0,30.18422
/Users/martin/smart-technologies-ca2/data/IMG/center_2026_08_28_23_41_13_088.jpg,/Users/martin/smart-technologies-ca2/data/IMG/left_2026_08_28_23_41_13_088.jpg,/Users/martin/smart-technologies-ca2/data/IMG/right_2026_08_28_23_41_13_088.jpg,-0.3,1.0,0,30.16922
/Users/martin/smart-technologies-ca2/data/IMG/center_2026_08_28_23_41_13_155.jpg,/Users/martin/smart-technologies-ca2/data/IMG/left_2026_08_28_23_41_13_155.jpg,/Users/martin/smart-technologies-ca2/data/IMG/right_2026_08_28_23_41_13_155.jpg,-0.5000001,1.0,0,30.14533
/Users/martin/smart-technologies-ca2/data/IMG/center_2026_08_28_23_41_13_498.jpg,/Users/martin/smart-technologies-ca2/data/IMG/left_2026_08_28_23_41_13_498.jpg,/Users/martin/smart-technologies-ca2/data/IMG/right_2026_08_28_23_41_13_498.jpg,-0.15,1.0,0,30.18544
/Users/martin/smart-technologies-ca2/data/IMG/center_2026_08_28_23_41_13_565.jpg,/Users/martin/smart-technologies-ca2/data/IMG/left_2026_08_28_23_41_13_565.jpg,/Users/martin/smart-technologies-ca2/data/IMG/right_2026_08_28_23_41_13_565.jpg,-0.3,1.0,0,30.17107
/Users/martin/smart-technologies-ca2/data/IMG/center_2026_08_28_23_41_13_632.jpg,/Users/martin/smart-technologies-ca2/data/IMG/left_2026_08_28_23_41_13_632.jpg,/Users/martin/smart-technologies-ca2/data/IMG/right_2026_08_28_23_41_13_632.jpg,-0.45,1.0,0,30.15242
/Users/martin/smart-technologies-ca2/data/IMG/center_2026_08_28_23_41_13_698.jpg,/Users/martin/smart-technologies-ca2/data/IMG/left_2026_08_28_23_41_13_698.jpg,/Users/martin/smart-technologies-ca2/data/IMG/right_2026_08_28_23_41_13_698.jpg,-0.6500001,1.0,0,30.12764
/Users/martin/smart-technologies-ca2/data/IMG/center_2026_08_28_23_41_15_008.jpg,/Users/martin/smart-technologies-ca2/data/IMG/left_2026_08_28_23_41_15_008.jpg,/Users/martin/smart-technologies-ca2/data/IMG/right_2026_08_28_23_41_15_008.jpg,-0.1,1.0,0,30.18764
/Users/martin/smart-technologies-ca2/data/IMG/center_2026_08_28_23_41_15_076.jpg,/Users/martin/smart-technologies-ca2/data/IMG/left_2026_08_28_23_41_15_076.jpg,/Users/martin/smart-technologies-ca2/data/IMG/right_2026_08_28_23_41_15_076.jpg,-0.3,1.0,0,30.16912
/Users/martin/smart-technologies-ca2/data/IMG/center_2026_08_28_23_41_15_145.jpg,/Users/martin/smart-technologies-ca2/data/IMG/left_2026_08_28_23_41_15_145.jpg,/Users/martin/smart-technologies-ca2/data/IMG/right_2026_08_28_23_41_15_145.jpg,-0.45,1.0,0,30.15132
/Users/martin/smart-technologies-ca2/data/IMG/center_2026_08_28_23_41_15_895.jpg,/Users/martin/smart-technologies-ca2/data/IMG/left_2026_08_28_23_41_15_895.jpg,/Users/martin/smart-technologies-ca2/data/IMG/right_2026_08_28_23_41_15_895.jpg,-0.1,1.0,0,30.18823
/Users/martin/smart-technologies-ca2/data/IMG/center_2026_08_28_23_41_15_962.jpg,/Users/martin/smart-technologies-ca2/data/IMG/left_2026_08_28_23_41_15_962.jpg,/Users/martin/smart-technologies-ca2/data/IMG/right_2026_08_28_23_41_15_962.jpg,-0.25,1.0,0,30.17471
/Users/martin/smart-technologies-ca2/data/IMG/center_2026_08_28_23_41_16_029.jpg,/Users/martin/smart-technologies-ca2/data/IMG/left_2026_08_28_23_41_16_029.jpg,/Users/martin/smart-technologies-ca2/data/IMG/right_2026_08_28_23_41_16_029.jpg,-0.4,1.0,0,30.1574
/Users/martin/smart-technologies-ca2/data/IMG/center_2026_08_28_23_41_16_440.jpg,/Users/martin/smart-technologies-ca2/data/IMG/left_2026_08_28_23_41_16_440.jpg,/Users/martin/smart-technologies-ca2/data/IMG/right_2026_08_28_23_41_16_440.jpg,-0.05,1.0,0,30.18989
/Users/martin/smart-technologies-ca2/data/IMG/center_2026_08_28_23_41_16_509.jpg,/Users/martin/smart-technologies-ca2/data/IMG/left_2026_08_28_23_41_16_509.jpg,/Users/martin/smart-technologies-ca2/data/IMG/right_2026_08_28_23_41_16_509.jpg,-0.2,1.0,0,30.18052
/Users/martin/smart-technologies-ca2/data/IMG/center_2026_08_28_23_41_16_578.jpg,/Users/martin/smart-technologies-ca2/data/IMG/left_2026_08_28_23_41_16_578.jpg,/Users/martin/smart-technologies-ca2/data/IMG/right_2026_08_28_23_41_16_578.jpg,-0.4,1.0,0,30.15804
/Users/martin/smart-technologies-ca2/data/IMG/center_2026_08_28_23_41_17_054.jpg,/Users/martin/smart-technologies-ca2/data/IMG/left_2026_08_28_23_41_17_054.jpg,/Users/martin/smart-technologies-ca2/data/IMG/right_2026_08_28_23_41_17_054.jpg,-0.2,1.0,0,30.18027
/Users/martin/smart-technologies-ca2/data/IMG/center_2026_08_28_23_41_17_123.jpg,/Users/martin/smart-technologies-ca2/data/IMG/left_2026_08_28_23_41_17_123.jpg,/Users/martin/smart-technologies-ca2/data/IMG/right_2026_08_28_23_41_17_123.jpg,-0.35,1.0,0,30.16386
/Users/martin/smart-technologies-ca2/data/IMG/center_2026_08_28_23_41_17_531.jpg,/Users/martin/smart-technologies-ca2/data/IMG/left_2026_08_28_23_41_17_531.jpg,/Users/martin/smart-technologies-ca2/data/IMG/right_2026_08_28_23_41_17_531.jpg,-0.1,1.0,0,30.18825
/Users/martin/smart-technologies-ca2/data/IMG/center_2026_08_28_23_41_17_598.jpg,/Users/martin/smart-technologies-ca2/data/IMG/left_2026_08_28_23_41_17_598.jpg,/Users/martin/smart-technologies-ca2/data/IMG/right_2026_08_28_23_41_17_598.jpg,-0.3,1.0,0,30.17001
/Users/martin/smart-technologies-ca2/data/IMG/center_2026_08_28_23_41_17_668.jpg,/Users/martin/smart-technologies-ca2/data/IMG/left_2026_08_28_23_41_17_668.jpg,/Users/martin/smart-technologies-ca2/data/IMG/right_2026_08_28_23_41_17_668.jpg,-0.45,1.0,0,30.15206
/Users/martin/smart-technologies-ca2/data/IMG/center_2026_08_28_23_41_17_938.jpg,/Users/martin/smart-technologies-ca2/data/IMG/left_2026_08_28_23_41_17_938.jpg,/Users/martin/smart-technologies-ca2/data/IMG/right_2026_08_28_23_41_17_938.jpg,-0.1,1.0,0,30.18878
/Users/martin/smart-technologies-ca2/data/IMG/center_2026_08_28_23_41_18_008.jpg,/Users/martin/smart-technologies-ca2/data/IMG/left_2026_08_28_23_41_18_008.jpg,/Users/martin/smart-technologies-ca2/data/IMG/right_2026_08_28_23_41_18_008.jpg,-0.25,1.0,0,30.1764
/Users/martin/smart-technologies-ca2/data/IMG/center_2026_08_28_23_41_18_078.jpg,/Users/martin/smart-technologies-ca2/data/IMG/left_2026_08_28_23_41_18_078.jpg,/Users/martin/smart-technologies-ca2/data/IMG/right_2026_08_28_23_41_18_078.jpg,-0.45,1.0,0,30.15269
/Users/martin/smart-technologies-ca2/data/IMG/center_2026_08_28_23_41_18_421.jpg,/Users/martin/smart-technologies-ca2/data/IMG/left_2026_08_28_23_41_18_421.jpg,/Users/martin/smart-technologies-ca2/data/IMG/right_2026_08_28_23_41_18_421.jpg,-0.15,1.0,0,30.18566
/Users/martin/smart-technologies-ca2/data/IMG/center_2026_08_28_23_41_18_831.jpg,/Users/martin/smart-technologies-ca2/data/IMG/left_2026_08_28_23_41_18_831.jpg,/Users/martin/smart-technologies-ca2/data/IMG/right_2026_08_28_23_41_18_831.jpg,-0.1,1.0,0,30.18781
/Users/martin/smart-technologies-ca2/data/IMG/center_2026_08_28_23_41_18_900.jpg,/Users/martin/smart-technologies-ca2/data/IMG/left_2026_08_28_23_41_18_900.jpg,/Users/martin/smart-technologies-ca2/data/IMG/right_2026_08_28_23_41_18_900.jpg,-0.3,1.0,0,30.16944
/Users/martin/smart-technologies-ca2/data/IMG/center_2026_08_28_23_41_18_967.jpg,/Users/martin/smart-technologies-ca2/data/IMG/left_2026_08_28_23_41_18_967.jpg,/Users/martin/smart-technologies-ca2/data/IMG/right_2026_08_28_23_41_18_967.jpg,-0.45,1.0,0,30.15158
/Users/martin/smart-technologies-ca2/data/IMG/center_2026_08_28_23_41_19_035.jpg,/Users/martin/smart-technologies-ca2/data/IMG/left_2026_08_28_23_41_19_035.jpg,/Users/martin/smart-technologies-ca2/data/IMG/right_2026_08_28_23_41_19_035.jpg,-0.6500001,1.0,0,30.12713
/Users/martin/smart-technologies-ca2/data/IMG/center_2026_08_28_23_41_19_936.jpg,/Users/martin/smart-technologies-ca2/data/IMG/left_2026_08_28_23_41_19_936.jpg,/Users/martin/smart-technologies-ca2/data/IMG/right_2026_08_28_23_41_19_936.jpg,-0.15,1.0,0,30.18418
/Users/martin/smart-technologies-ca2/data/IMG/center_2026_08_28_23_41_20_003.jpg,/Users/martin/smart-technologies-ca2/data/IMG/left_2026_08_28_23_41_20_003.jpg,/Users/martin/smart-technologies-ca2/data/IMG/right_2026_08_28_23_41_20_003.jpg,-0.3,1.0,0,30.16902
/Users/martin/smart-technologies-ca2/data/IMG/center_2026_08_28_23_41_20_275.jpg,/Users/martin/smart-technologies-ca2/data/IMG/left_2026_08_28_23_41_20_275.jpg,/Users/martin/smart-technologies-ca2/data/IMG/right_2026_08_28_23_41_20_275.jpg,-0.1,1.0,0,30.18899
/Users/martin/smart-technologies-ca2/data/IMG/center_2026_08_28_23_41_20_345.jpg,/Users/martin/smart-technologies-ca2/data/IMG/left_2026_08_28_23_41_20_345.jpg,/Users/martin/smart-technologies-ca2/data/IMG/right_2026_08_28_23_41_20_345.jpg,-0.25,1.0,0,30.17679
/Users/martin/smart-technologies-ca2/data/IMG/center_2026_08_28_23_41_20_412.jpg,/Users/martin/smart-technologies-ca2/data/IMG/left_2026_08_28_23_41_20_412.jpg,/Users/martin/smart-technologies-ca2/data/IMG/right_2026_08_28_23_41_20_412.jpg,-0.4,1.0,0,30.15928
/Users/martin/smart-technologies-ca2/data/IMG/center_2026_08_28_23_41_20_826.jpg,/Users/martin/smart-technologies-ca2/data/IMG/left_2026_08_28_23_41_20_826.jpg,/Users/martin/smart-technologies-ca2/data/IMG/right_2026_08_28_23_41_20_826.jpg,-0.05,1.0,0,30.18987
/Users/martin/smart-technologies-ca2/data/IMG/center_2026_08_28_23_41_20_893.jpg,/Users/martin/smart-technologies-ca2/data/IMG/left_2026_08_28_23_41_20_893.jpg,/Users/martin/smart-technologies-ca2/data/IMG/right_2026_08_28_23_41_20_893.jpg,-0.25,1.0,0,30.17554
/Users/martin/smart-technologies-ca2/data/IMG/center_2026_08_28_23_41_22_064.jpg,/Users/martin/smart-technologies-ca2/data/IMG/left_2026_08_28_23_41_22_064.jpg,/Users/martin/smart-technologies-ca2/data/IMG/right_2026_08_28_23_41_22_064.jpg,-0.05,1.0,0,30.18971
/Users/martin/smart-technologies-ca2/data/IMG/center_2026_08_28_23_41_22_133.jpg,/Users/martin/smart-technologies-ca2/data/IMG/left_2026_08_28_23_41_22_133.jpg,/Users/martin/smart-technologies-ca2/data/IMG/right_2026_08_28_23_41_22_133.jpg,-0.25,1.0,0,30.17477
/Users/martin/smart-technologies-ca2/data/IMG/center_2026_08_28_23_41_22_201.jpg,/Users/martin/smart-technologies-ca2/data/IMG/left_2026_08_28_23_41_22_201.jpg,/Users/martin/smart-technologies-ca2/data/IMG/right_2026_08_28_23_41_22_201.jpg,-0.4,1.0,0,30.15749
/Users/martin/smart-technologies-ca2/data/IMG/center_2026_08_28_23_41_22_271.jpg,/Users/martin/smart-technologies-ca2/data/IMG/left_2026_08_28_23_41_22_271.jpg,/Users/martin/smart-technologies-ca2/data/IMG/right_2026_08_28_23_41_22_271.jpg,-0.5500001,1.0,0,30.13924
/Users/martin/smart-technologies-ca2/data/IMG/center_2026_08_28_23_41_22_480.jpg,/Users/martin/smart-technologies-ca2/data/IMG/left_2026_08_28_23_41_22_480.jpg,/Users/martin/smart-technologies-ca2/data/IMG/right_2026_08_28_23_41_22_480.jpg,0.0,1.0,0,30.18953
/Users/martin/smart-technologies-ca2/data/IMG/center_2026_08_28_23_41_24_678.jpg,/Users/martin/smart-technologies-ca2/data/IMG/left_2026_08_28_23_41_24_678.jpg,/Users/martin/smart-technologies-ca2/data/IMG/right_2026_08_28_23_41_24_678.jpg,-0.2,1.0,0,30.17984
/Users/martin/smart-technologies-ca2/data/IMG/center_2026_08_28_23_41_24_749.jpg,/Users/martin/smart-technologies-ca2/data/IMG/left_2026_08_28_23_41_24_749.jpg,/Users/martin/smart-technologies-ca2/data/IMG/right_2026_08_28_23_41_24_749.jpg,-0.35,1.0,0,30.16347
/Users/martin/smart-technologies-ca2/data/IMG/center_2026_08_28_23_41_25_232.jpg,/Users/martin/smart-technologies-ca2/data/IMG/left_2026_08_28_23_41_25_232.jpg,/Users/martin/smart-technologies-ca2/data/IMG/right_2026_08_28_23_41_25_232.jpg,0.0,1.0,0,30.19032
/Users/martin/smart-technologies-ca2/data/IMG/center_2026_08_28_23_41_26_069.jpg,/Users/martin/smart-technologies-ca2/data/IMG/left_2026_08_28_23_41_26_069.jpg,/Users/martin/smart-technologies-ca2/data/IMG/right_2026_08_28_23_41_26_069.jpg,0.0,1.0,0,30.19028
/Users/martin/smart-technologies-ca2/data/IMG/center_2026_08_28_23_41_26_615.jpg,/Users/martin/smart-technologies-ca2/data/IMG/left_2026_08_28_23_41_26_615.jpg,/Users/martin/smart-technologies-ca2/data/IMG/right_2026_08_28_23_41_26_615.jpg,0.0,1.0,0,30.19031
/Users/martin/smart-technologies-ca2/data/IMG/center_2026_08_28_23_41_27_095.jpg,/Users/martin/smart-technologies-ca2/data/IMG/left_2026_08_28_23_41_27_095.jpg,/Users/martin/smart-technologies-ca2/data/IMG/right_2026_08_28_23_41_27_095.jpg,-0.15,1.0,0,30.1842
/Users/martin/smart-technologies-ca2/data/IMG/center_2026_08_28_23_41_27_165.jpg,/Users/martin/smart-technologies-ca2/data/IMG/left_2026_08_28_23_41_27_165.jpg,/Users/martin/smart-technologies-ca2/data/IMG/right_2026_08_28_23_41_27_165.jpg,-0.3,1.0,0,30.16923
/Users/martin/smart-technologies-ca2/data/IMG/center_2026_08_28_23_41_27_922.jpg,/Users/martin/smart-technologies-ca2/data/IMG/left_2026_08_28_23_41_27_922.jpg,/Users/martin/smart-technologies-ca2/data/IMG/right_2026_08_28_23_41_27_922.jpg,-0.1,1.0,0,30.23583
/Users/martin/smart-technologies-ca2/data/IMG/center_2026_08_28_23_41_29_298.jpg,/Users/martin/smart-technologies-ca2/data/IMG/left_2026_08_28_23_41_29_298.jpg,/Users/martin/smart-technologies-ca2/data/IMG/right_2026_08_28_23_41_29_298.jpg,-0.05,1.0,0,30.18931
/Users/martin/smart-technologies-ca2/data/IMG/center_2026_08_28_23_41_29_365.jpg,/Users/martin/smart-technologies-ca2/data/IMG/left_2026_08_28_23_41_29_365.jpg,/Users/martin/smart-technologies-ca2/data/IMG/right_2026_08_28_23_41_29_365.jpg,-0.2,1.0,0,30.17956
/Users/martin/smart-technologies-ca2/data/IMG/center_2026_08_28_23_41_34_502.jpg,/Users/martin/smart-technologies-ca2/data/IMG/left_2026_08_28_23_41_34_502.jpg,/Users/martin/smart-technologies-ca2/data/IMG/right_2026_08_28_23_41_34_502.jpg,-0.15,1.0,0,30.18399
/Users/martin/smart-technologies-ca2/data/IMG/center_2026_08_28_23_41_34_570.jpg,/Users/martin/smart-technologies-ca2/data/IMG/left_2026_08_28_23_41_34_570.jpg,/Users/martin/smart-technologies-ca2/data/IMG/right_2026_08_28_23_41_34_570.jpg,-0.3,1.0,0,30.16913
/Users/martin/smart-technologies-ca2/data/IMG/center_2026_08_28_23_41_35_331.jpg,/Users/martin/smart-technologies-ca2/data/IMG/left_2026_08_28_23_41_35_331.jpg,/Users/martin/smart-technologies-ca2/data/IMG/right_2026_08_28_23_41_35_331.jpg,0.0,1.0,0,30.19005
/Users/martin/smart-technologies-ca2/data/IMG/center_2026_08_28_23_41_37_220.jpg,/Users/martin/smart-technologies-ca2/data/IMG/left_2026_08_28_23_41_37_220.jpg,/Users/martin/smart-technologies-ca2/data/IMG/right_2026_08_28_23_41_37_220.jpg,-0.05,1.0,0,30.18973
/Users/martin/smart-technologies-ca2/data/IMG/center_2026_08_28_23_41_37_287.jpg,/Users/martin/smart-technologies-ca2/data/IMG/left_2026_08_28_23_41_37_287.jpg,/Users/martin/smart-technologies-ca2/data/IMG/right_2026_08_28_23_41_37_287.jpg,-0.2,1.0,0,30.17976
/Users/martin/smart-technologies-ca2/data/IMG/center_2026_08_28_23_41_37_354.jpg,/Users/martin/smart-technologies-ca2/data/IMG/left_2026_08_28_23_41_37_354.jpg,/Users/martin/smart-technologies-ca2/data/IMG/right_2026_08_28_23_41_37_354.jpg,-0.4,1.0,0,30.15748
/Users/martin/smart-technologies-ca2/data/IMG/center_2026_08_28_23_41_38_464.jpg,/Users/martin/smart-technologies-ca2/data/IMG/left_2026_08_28_23_41_38_464.jpg,/Users/martin/smart-technologies-ca2/data/IMG/right_2026_08_28_23_41_38_464.jpg,0.0,1.0,0,30.19018
/Users/martin/smart-technologies-ca2/data/IMG/center_2026_08_28_23_41_38_599.jpg,/Users/martin/smart-technologies-ca2/data/IMG/left_2026_08_28_23_41_38_599.jpg,/Users/martin/smart-technologies-ca2/data/IMG/right_2026_08_28_23_41_38_599.jpg,-0.05,1.0,0,30.18969
/Users/martin/smart-technologies-ca2/data/IMG/center_2026_08_28_23_41_38_668.jpg,/Users/martin/smart-technologies-ca2/data/IMG/left_2026_08_28_23_41_38_668.jpg,/Users/martin/smart-technologies-ca2/data/IMG/right_2026_08_28_23_41_38_668.jpg,-0.2,1.0,0,30.17993
/Users/martin/smart-technologies-ca2/data/IMG/center_2026_08_28_23_41_38_736.jpg,/Users/martin/smart-technologies-ca2/data/IMG/left_2026_08_28_23_41_38_736.jpg,/Users/martin/smart-technologies-ca2/data/IMG/right_2026_08_28_23_41_38_736.jpg,-0.4,1.0,0,30.15749
/Users/martin/smart-technologies-ca2/data/IMG/center_2026_08_28_23_41_39_003.jpg,/Users/martin/smart-technologies-ca2/data/IMG/left_2026_08_28_23_41_39_003.jpg,/Users/martin/smart-technologies-ca2/data/IMG/right_2026_08_28_23_41_39_003.jpg,0.0,1.0,0,30.19026
/Users/martin/smart-technologies-ca2/data/IMG/center_2026_08_28_23_41_39_142.jpg,/Users/martin/smart-technologies-ca2/data/IMG/left_2026_08_28_23_41_39_142.jpg,/Users/martin/smart-technologies-ca2/data/IMG/right_2026_08_28_23_41_39_142.jpg,-0.15,1.0,0,30.18453
/Users/martin/smart-technologies-ca2/data/IMG/center_2026_08_28_23_41_39_213.jpg,/Users/martin/smart-technologies-ca2/data/IMG/left_2026_08_28_23_41_39_213.jpg,/Users/martin/smart-technologies-ca2/data/IMG/right_2026_08_28_23_41_39_213.jpg,-0.3,1.0,0,30.16981
/Users/martin/smart-technologies-ca2/data/IMG/center_2026_08_28_23_41_39_283.jpg,/Users/martin/smart-technologies-ca2/data/IMG/left_2026_08_28_23_41_39_283.jpg,/Users/martin/smart-technologies-ca2/data/IMG/right_2026_08_28_23_41_39_283.jpg,-0.5000001,1.0,0,30.14575
/Users/martin/smart-technologies-ca2/data/IMG/center_2026_08_28_23_41_39_351.jpg,/Users/martin/smart-technologies-ca2/data/IMG/left_2026_08_28_23_41_39_351.jpg,/Users/martin/smart-technologies-ca2/data/IMG/right_2026_08_28_23_41_39_351.jpg,-0.6500001,1.0,0,30.12733
/Users/martin/smart-technologies-ca2/data/IMG/center_2026_08_28_23_41_39_556.jpg,/Users/martin/smart-technologies-ca2/data/IMG/left_2026_08_28_23_41_39_556.jpg,/Users/martin/smart-technologies-ca2/data/IMG/right_2026_08_28_23_41_39_556.jpg,0.0,1.0,0,30.18918
/Users/martin/smart-technologies-ca2/data/IMG/center_2026_08_28_23_41_39_624.jpg,/Users/martin/smart-technologies-ca2/data/IMG/left_2026_08_28_23_41_39_624.jpg,/Users/martin/smart-technologies-ca2/data/IMG/right_2026_08_28_23_41_39_624.jpg,0.0,1.0,0,30.19003
/Users/martin/smart-technologies-ca2/data/IMG/center_2026_08_28_23_41_39_971.jpg,/Users/martin/smart-technologies-ca2/data/IMG/left_2026_08_28_23_41_39_971.jpg,/Users/martin/smart-technologies-ca2/data/IMG/right_2026_08_28_23_41_39_971.jpg,-0.05,1.0,0,30.18972
/Users/martin/smart-technologies-ca2/data/IMG/center_2026_08_28_23_41_40_040.jpg,/Users/martin/smart-technologies-ca2/data/IMG/left_2026_08_28_23_41_40_040.jpg,/Users/martin/smart-technologies-ca2/data/IMG/right_2026_08_28_23_41_40_040.jpg,-0.25,1.0,0,30.17512
/Users/martin/smart-technologies-ca2/data/IMG/center_2026_08_28_23_41_40_110.jpg,/Users/martin/smart-technologies-ca2/data/IMG/left_2026_08_28_23_41_40_110.jpg,/Users/martin/smart-technologies-ca2/data/IMG/right_2026_08_28_23_41_40_110.jpg,-0.4,1.0,0,30.1575
/Users/martin/smart-technologies-ca2/data/IMG/center_2026_08_28_23_41_40_181.jpg,/Users/martin/smart-technologies-ca2/data/IMG/left_2026_08_28_23_41_40_181.jpg,/Users/martin/smart-technologies-ca2/data/IMG/right_2026_08_28_23_41_40_181.jpg,-0.6000001,1.0,0,30.13319
/Users/martin/smart-technologies-ca2/data/IMG/center_2026_08_28_23_41_40_252.jpg,/Users/martin/smart-technologies-ca2/data/IMG/left_2026_08_28_23_41_40_252.jpg,/Users/martin/smart-technologies-ca2/data/IMG/right_2026_08_28_23_41_40_252.jpg,-0.7500002,1.0,0,30.1146
/Users/martin/smart-technologies-ca2/data/IMG/center_2026_08_28_23_41_40_664.jpg,/Users/martin/smart-technologies-ca2/data/IMG/left_2026_08_28_23_41_40_664.jpg,/Users/martin/smart-technologies-ca2/data/IMG/right_2026_08_28_23_41_40_664.jpg,-0.1,1.0,0,30.18781
/Users/martin/smart-technologies-ca2/data/IMG/center_2026_08_28_23_41_40_733.jpg,/Users/martin/smart-technologies-ca2/data/IMG/left_2026_08_28_23_41_40_733.jpg,/Users/martin/smart-technologies-ca2/data/IMG/right_2026_08_28_23_41_40_733.jpg,-0.25,1.0,0,30.17355
/Users/martin/smart-technologies-ca2/data/IMG/center_2026_08_28_23_41_40_801.jpg,/Users/martin/smart-technologies-ca2/data/IMG/left_2026_08_28_23_41_40_801.jpg,/Users/martin/smart-technologies-ca2/data/IMG/right_2026_08_28_23_41_40_801.jpg,-0.45,1.0,0,30.1521
/Users/martin/smart-technologies-ca2/data/IMG/center_2026_08_28_23_41_40_870.jpg,/Users/martin/smart-technologies-ca2/data/IMG/left_2026_08_28_23_41_40_870.jpg,/Users/martin/smart-technologies-ca2/data/IMG/right_2026_08_28_23_41_40_870.jpg,-0.6000001,1.0,0,30.13376
/Users/martin/smart-technologies-ca2/data/IMG/center_2026_08_28_23_41_41_085.jpg,/Users/martin/smart-technologies-ca2/data/IMG/left_2026_08_28_23_41_41_085.jpg,/Users/martin/smart-technologies-ca2/data/IMG/right_2026_08_28_23_41_41_085.jpg,-0.2,1.0,0,30.18565
/Users/martin/smart-technologies-ca2/data/IMG/center_2026_08_28_23_41_41_155.jpg,/Users/martin/smart-technologies-ca2/data/IMG/left_2026_08_28_23_41_41_155.jpg,/Users/martin/smart-technologies-ca2/data/IMG/right_2026_08_28_23_41_41_155.jpg,-0.4,1.0,0,30.16267
/Users/martin/smart-technologies-ca2/data/IMG/center_2026_08_28_23_41_41_224.jpg,/Users/martin/smart-technologies-ca2/data/IMG/left_2026_08_28_23_41_41_224.jpg,/Users/martin/smart-technologies-ca2/data/IMG/right_2026_08_28_23_41_41_224.jpg,-0.5500001,1.0,0,30.14165
/Users/martin/smart-technologies-ca2/data/IMG/center_2026_08_28_23_41_41_296.jpg,/Users/martin/smart-technologies-ca2/data/IMG/left_2026_08_28_23_41_41_296.jpg,/Users/martin/smart-technologies-ca2/data/IMG/right_2026_08_28_23_41_41_296.jpg,-0.7500002,1.0,0,30.11595
/Users/martin/smart-technologies-ca2/data/IMG/center_2026_08_28_23_41_41_648.jpg,/Users/martin/smart-technologies-ca2/data/IMG/left_2026_08_28_23_41_41_648.jpg,/Users/martin/smart-technologies-ca2/data/IMG/right_2026_08_28_23_41_41_648.jpg,-0.05,1.0,0,30.18728
/Users/martin/smart-technologies-ca2/data/IMG/center_2026_08_28_23_41_41_719.jpg,/Users/martin/smart-technologies-ca2/data/IMG/left_2026_08_28_23_41_41_719.jpg,/Users/martin/smart-technologies-ca2/data/IMG/right_2026_08_28_23_41_41_719.jpg,-0.25,1.0,0,30.17608
/Users/martin/smart-technologies-ca2/data/IMG/center_2026_08_28_23_41_41_786.jpg,/Users/martin/smart-technologies-ca2/data/IMG/left_2026_08_28_23_41_41_786.jpg,/Users/martin/smart-technologies-ca2/data/IMG/right_2026_08_28_23_41_41_786.jpg,-0.4,1.0,0,30.15895
/Users/martin/smart-technologies-ca2/data/IMG/center_2026_08_28_23_41_41_855.jpg,/Users/martin/smart-technologies-ca2/data/IMG/left_2026_08_28_23_41_41_855.jpg,/Users/martin/smart-technologies-ca2/data/IMG/right_2026_08_28_23_41_41_855.jpg,-0.6000001,1.0,0,30.13358
/Users/martin/smart-technologies-ca2/data/IMG/center_2026_08_28_23_41_41_924.jpg,/Users/martin/smart-technologies-ca2/data/IMG/left_2026_08_28_23_41_41_924.jpg,/Users/martin/smart-technologies-ca2/data/IMG/right_2026_08_28_23_41_41_924.jpg,-0.7500002,1.0,0,30.115
/Users/martin/smart-technologies-ca2/data/IMG/center_2026_08_28_23_41_42_270.jpg,/Users/martin/smart-technologies-ca2/data/IMG/left_2026_08_28_23_41_42_270.jpg,/Users/martin/smart-technologies-ca2/data/IMG/right_2026_08_28_23_41_42_270.jpg,-0.1,1.0,0,30.1891
/Users/martin/smart-technologies-ca2/data/IMG/center_2026_08_28_23_41_42_338.jpg,/Users/martin/smart-technologies-ca2/data/IMG/left_2026_08_28_23_41_42_338.jpg,/Users/martin/smart-technologies-ca2/data/IMG/right_2026_08_28_23_41_42_338.jpg,-0.3,1.0,0,30.17106
/Users/martin/smart-technologies-ca2/data/IMG/center_2026_08_28_23_41_42_404.jpg,/Users/martin/smart-technologies-ca2/data/IMG/left_2026_08_28_23_41_42_404.jpg,/Users/martin/smart-technologies-ca2/data/IMG/right_2026_08_28_23_41_42_404.jpg,-0.45,1.0,0,30.15305
/Users/martin/smart-technologies-ca2/data/IMG/center_2026_08_28_23_41_42_762.jpg,/Users/martin/smart-technologies-ca2/data/IMG/left_2026_08_28_23_41_42_762.jpg,/Users/martin/smart-technologies-ca2/data/IMG/right_2026_08_28_23_41_42_762.jpg,-0.1,1.0,0,30.1883
/Users/martin/smart-technologies-ca2/data/IMG/center_2026_08_28_23_41_42_829.jpg,/Users/martin/smart-technologies-ca2/data/IMG/left_2026_08_28_23_41_42_829.jpg,/Users/martin/smart-technologies-ca2/data/IMG/right_2026_08_28_23_41_42_829.jpg,-0.25,1.0,0,30.17549
/Users/martin/smart-technologies-ca2/data/IMG/center_2026_08_28_23_41_42_899.jpg,/Users/martin/smart-technologies-ca2/data/IMG/left_2026_08_28_23_41_42_899.jpg,/Users/martin/smart-technologies-ca2/data/IMG/right_2026_08_28_23_41_42_899.jpg,-0.45,1.0,0,30.15196
/Users/martin/smart-technologies-ca2/data/IMG/center_2026_08_28_23_41_43_238.jpg,/Users/martin/smart-technologies-ca2/data/IMG/left_2026_08_28_23_41_43_238.jpg,/Users/martin/smart-technologies-ca2/data/IMG/right_2026_08_28_23_41_43_238.jpg,-0.05,1.0,0,30.19004
/Users/martin/smart-technologies-ca2/data/IMG/center_2026_08_28_23_41_43_307.jpg,/Users/martin/smart-technologies-ca2/data/IMG/left_2026_08_28_23_41_43_307.jpg,/Users/martin/smart-technologies-ca2/data/IMG/right_2026_08_28_23_41_43_307.jpg,-0.2,1.0,0,30.18134
/Users/martin/smart-technologies-ca2/data/IMG/center_2026_08_28_23_41_43_374.jpg,/Users/martin/smart-technologies-ca2/data/IMG/left_2026_08_28_23_41_43_374.jpg,/Users/martin/smart-technologies-ca2/data/IMG/right_2026_08_28_23_41_43_374.jpg,-0.4,1.0,0,30.15876
/Users/martin/smart-technologies-ca2/data/IMG/center_2026_08_28_23_41_43_929.jpg,/Users/martin/smart-technologies-ca2/data/IMG/left_2026_08_28_23_41_43_929.jpg,/Users/martin/smart-technologies-ca2/data/IMG/right_2026_08_28_23_41_43_929.jpg,-0.05,1.0,0,30.18972
/Users/martin/smart-technologies-ca2/data/IMG/center_2026_08_28_23_41_43_996.jpg,/Users/martin/smart-technologies-ca2/data/IMG/left_2026_08_28_23_41_43_996.jpg,/Users/martin/smart-technologies-ca2/data/IMG/right_2026_08_28_23_41_43_996.jpg,-0.25,1.0,0,30.17482
/Users/martin/smart-technologies-ca2/data/IMG/center_2026_08_28_23_41_44_063.jpg,/Users/martin/smart-technologies-ca2/data/IMG/left_2026_08_28_23_41_44_063.jpg,/Users/martin/smart-technologies-ca2/data/IMG/right_2026_08_28_23_41_44_063.jpg,-0.4,1.0,0,30.15753
/Users/martin/smart-technologies-ca2/data/IMG/center_2026_08_28_23_41_44_548.jpg,/Users/martin/smart-technologies-ca2/data/IMG/left_2026_08_28_23_41_44_548.jpg,/Users/martin/smart-technologies-ca2/data/IMG/right_2026_08_28_23_41_44_548.jpg,-0.1,1.0,0,30.18785
/Users/martin/smart-technologies-ca2/data/IMG/center_2026_08_28_23_41_44_619.jpg,/Users/martin/smart-technologies-ca2/data/IMG/left_2026_08_28_23_41_44_619.jpg,/Users/martin/smart-technologies-ca2/data/IMG/right_2026_08_28_23_41_44_619.jpg,-0.3,1.0,0,30.16951
/Users/martin/smart-technologies-ca2/data/IMG/center_2026_08_28_23_41_45_109.jpg,/Users/martin/smart-technologies-ca2/data/IMG/left_2026_08_28_23_41_45_109.jpg,/Users/martin/smart-technologies-ca2/data/IMG/right_2026_08_28_23_41_45_109.jpg,0.0,1.0,0,30.19039
/Users/martin/smart-technologies-ca2/data/IMG/center_2026_08_28_23_41_45_180.jpg,/Users/martin/smart-technologies-ca2/data/IMG/left_2026_08_28_23_41_45_180.jpg,/Users/martin/smart-technologies-ca2/data/IMG/right_2026_08_28_23_41_45_180.jpg,-0.05,1.0,0,30.18975
/Users/martin/smart-technologies-ca2/data/IMG/center_2026_08_28_23_41_45_250.jpg,/Users/martin/smart-technologies-ca2/data/IMG/left_2026_08_28_23_41_45_250.jpg,/Users/martin/smart-technologies-ca2/data/IMG/right_2026_08_28_23_41_45_250.jpg,-0.2,1.0,0,30.17988
/Users/martin/smart-technologies-ca2/data/IMG/center_2026_08_28_23_41_48_348.jpg,/Users/martin/smart-technologies-ca2/data/IMG/left_2026_08_28_23_41_48_348.jpg,/Users/martin/smart-technologies-ca2/data/IMG/right_2026_08_28_23_41_48_348.jpg,0.0,1.0,0,30.19028
/Users/martin/smart-technologies-ca2/data/IMG/center_2026_08_28_23_41_49_030.jpg,/Users/martin/smart-technologies-ca2/data/IMG/left_2026_08_28_23_41_49_030.jpg,/Users/martin/smart-technologies-ca2/data/IMG/right_2026_08_28_23_41_49_030.jpg,0.1,1.0,0,30.1876
/Users/martin/smart-technologies-ca2/data/IMG/center_2026_08_28_23_41_49_099.jpg,/Users/martin/smart-technologies-ca2/data/IMG/left_2026_08_28_23_41_49_099.jpg,/Users/martin/smart-technologies-ca2/data/IMG/right_2026_08_28_23_41_49_099.jpg,0.3,1.0,0,30.16924
/Users/martin/smart-technologies-ca2/data/IMG/center_2026_08_28_23_41_49_166.jpg,/Users/martin/smart-technologies-ca2/data/IMG/left_2026_08_28_23_41_49_166.jpg,/Users/martin/smart-technologies-ca2/data/IMG/right_2026_08_28_23_41_49_166.jpg,0.45,1.0,0,30.1515
/Users/martin/smart-technologies-ca2/data/IMG/center_2026_08_28_23_41_49_235.jpg,/Users/martin/smart-technologies-ca2/data/IMG/left_2026_08_28_23_41_49_235.jpg,/Users/martin/smart-technologies-ca2/data/IMG/right_2026_08_28_23_41_49_235.jpg,0.6500001,1.0,0,30.12708
/Users/martin/smart-technologies-ca2/data/IMG/center_2026_08_28_23_41_49_573.jpg,/Users/martin/smart-technologies-ca2/data/IMG/left_2026_08_28_23_41_49_573.jpg,/Users/martin/smart-technologies-ca2/data/IMG/right_2026_08_28_23_41_49_573.jpg,0.0,1.0,0,30.19019
/Users/martin/smart-technologies-ca2/data/IMG/center_2026_08_28_23_41_49_848.jpg,/Users/martin/smart-technologies-ca2/data/IMG/left_2026_08_28_23_41_49_848.jpg,/Users/martin/smart-technologies-ca2/data/IMG/right_2026_08_28_23_41_49_848.jpg,0.2,1.0,0,30.17998
/Users/martin/smart-technologies-ca2/data/IMG/center_2026_08_28_23_41_49_915.jpg,/Users/martin/smart-technologies-ca2/data/IMG/left_2026_08_28_23_41_49_915.jpg,/Users/martin/smart-technologies-ca2/data/IMG/right_2026_08_28_23_41_49_915.jpg,0.4,1.0,0,30.15756
/Users/martin/smart-technologies-ca2/data/IMG/center_2026_08_28_23_41_49_984.jpg,/Users/martin/smart-technologies-ca2/data/IMG/left_2026_08_28_23_41_49_984.jpg,/Users/martin/smart-technologies-ca2/data/IMG/right_2026_08_28_23_41_49_984.jpg,0.5500001,1.0,0,30.13926
/Users/martin/smart-technologies-ca2/data/IMG/center_2026_08_28_23_41_50_053.jpg,/Users/martin/smart-technologies-ca2/data/IMG/left_2026_08_28_23_41_50_053.jpg,/Users/martin/smart-technologies-ca2/data/IMG/right_2026_08_28_23_41_50_053.jpg,0.7,1.0,0,30.12174
/Users/martin/smart-technologies-ca2/data/IMG/center_2026_08_28_23_41_50_392.jpg,/Users/martin/smart-technologies-ca2/data/IMG/left_2026_08_28_23_41_50_392.jpg,/Users/martin/smart-technologies-ca2/data/IMG/right_2026_08_28_23_41_50_392.jpg,0.0,1.0,0,30.19026
/Users/martin/smart-technologies-ca2/data/IMG/center_2026_08_28_23_41_50_461.jpg,/Users/martin/smart-technologies-ca2/data/IMG/left_2026_08_28_23_41_50_461.jpg,/Users/martin/smart-technologies-ca2/data/IMG/right_2026_08_28_23_41_50_461.jpg,0.15,1.0,0,30.1849
/Users/martin/smart-technologies-ca2/data/IMG/center_2026_08_28_23_41_50_528.jpg,/Users/martin/smart-technologies-ca2/data/IMG/left_2026_08_28_23_41_50_528.jpg,/Users/martin/smart-technologies-ca2/data/IMG/right_2026_08_28_23_41_50_528.jpg,0.3,1.0,0,30.17013
/Users/martin/smart-technologies-ca2/data/IMG/center_2026_08_28_23_41_50_595.jpg,/Users/martin/smart-technologies-ca2/data/IMG/left_2026_08_28_23_41_50_595.jpg,/Users/martin/smart-technologies-ca2/data/IMG/right_2026_08_28_23_41_50_595.jpg,0.5000001,1.0,0,30.14593
/Users/martin/smart-technologies-ca2/data/IMG/center_2026_08_28_23_41_50_662.jpg,/Users/martin/smart-technologies-ca2/data/IMG/left_2026_08_28_23_41_50_662.jpg,/Users/martin/smart-technologies-ca2/data/IMG/right_2026_08_28_23_41_50_662.jpg,0.6500001,1.0,0,30.12736
/Users/martin/smart-technologies-ca2/data/IMG/center_2026_08_28_23_41_50_731.jpg,/Users/martin/smart-technologies-ca2/data/IMG/left_2026_08_28_23_41_50_731.jpg,/Users/martin/smart-technologies-ca2/data/IMG/right_2026_08_28_23_41_50_731.jpg,0.8000001,1.0,0,30.10992
/Users/martin/smart-technologies-ca2/data/IMG/center_2026_08_28_23_41_50_801.jpg,/Users/martin/smart-technologies-ca2/data/IMG/left_2026_08_28_23_41_50_801.jpg,/Users/martin/smart-technologies-ca2/data/IMG/right_2026_08_28_23_41_50_801.jpg,1.0,1.0,0,30.09052
/Users/martin/smart-technologies-ca2/data/IMG/center_2026_08_28_23_41_51_141.jpg,/Users/martin/smart-technologies-ca2/data/IMG/left_2026_08_28_23_41_51_141.jpg,/Users/martin/smart-technologies-ca2/data/IMG/right_2026_08_28_23_41_51_141.jpg,0.1,1.0,0,30.19152
/Users/martin/smart-technologies-ca2/data/IMG/center_2026_08_28_23_41_51_210.jpg,/Users/martin/smart-technologies-ca2/data/IMG/left_2026_08_28_23_41_51_210.jpg,/Users/martin/smart-technologies-ca2/data/IMG/right_2026_08_28_23_41_51_210.jpg,0.25,1.0,0,30.17743
/Users/martin/smart-technologies-ca2/data/IMG/center_2026_08_28_23_41_51_278.jpg,/Users/martin/smart-technologies-ca2/data/IMG/left_2026_08_28_23_41_51_278.jpg,/Users/martin/smart-technologies-ca2/data/IMG/right_2026_08_28_23_41_51_278.jpg,0.45,1.0,0,30.14975
/Users/martin/smart-technologies-ca2/data/IMG/center_2026_08_28_23_41_51_629.jpg,/Users/martin/smart-technologies-ca2/data/IMG/left_2026_08_28_23_41_51_629.jpg,/Users/martin/smart-technologies-ca2/data/IMG/right_2026_08_28_23_41_51_629.jpg,0.2,1.0,0,30.1811
/Users/martin/smart-technologies-ca2/data/IMG/center_2026_08_28_23_41_51_696.jpg,/Users/martin/smart-technologies-ca2/data/IMG/left_2026_08_28_23_41_51_696.jpg,/Users/martin/smart-technologies-ca2/data/IMG/right_2026_08_28_23_41_51_696.jpg,0.4,1.0,0,30.15857
/Users/martin/smart-technologies-ca2/data/IMG/center_2026_08_28_23_41_51_767.jpg,/Users/martin/smart-technologies-ca2/data/IMG/left_2026_08_28_23_41_51_767.jpg,/Users/martin/smart-technologies-ca2/data/IMG/right_2026_08_28_23_41_51_767.jpg,0.5500001,1.0,0,30.1399
/Users/martin/smart-technologies-ca2/data/IMG/center_2026_08_28_23_41_51_835.jpg,/Users/martin/smart-technologies-ca2/data/IMG/left_2026_08_28_23_41_51_835.jpg,/Users/martin/smart-technologies-ca2/data/IMG/right_2026_08_28_23_41_51_835.jpg,0.7500002,1.0,0,30.11497
/Users/martin/smart-technologies-ca2/data/IMG/center_2026_08_28_23_41_52_175.jpg,/Users/martin/smart-technologies-ca2/data/IMG/left_2026_08_28_23_41_52_175.jpg,/Users/martin/smart-technologies-ca2/data/IMG/right_2026_08_28_23_41_52_175.jpg,0.15,1.0,0,30.18682
/Users/martin/smart-technologies-ca2/data/IMG/center_2026_08_28_23_41_52_246.jpg,/Users/martin/smart-technologies-ca2/data/IMG/left_2026_08_28_23_41_52_246.jpg,/Users/martin/smart-technologies-ca2/data/IMG/right_2026_08_28_23_41_52_246.jpg,0.3,1.0,0,30.17214
/Users/martin/smart-technologies-ca2/data/IMG/center_2026_08_28_23_41_52_317.jpg,/Users/martin/smart-technologies-ca2/data/IMG/left_2026_08_28_23_41_52_317.jpg,/Users/martin/smart-technologies-ca2/data/IMG/right_2026_08_28_23_41_52_317.jpg,0.5000001,1.0,0,30.14724
/Users/martin/smart-technologies-ca2/data/IMG/center_2026_08_28_23_41_52_387.jpg,/Users/martin/smart-technologies-ca2/data/IMG/left_2026_08_28_23_41_52_387.jpg,/Users/martin/smart-technologies-ca2/data/IMG/right_2026_08_28_23_41_52_387.jpg,0.6500001,1.0,0,30.12838
/Users/martin/smart-technologies-ca2/data/IMG/center_2026_08_28_23_41_52_663.jpg,/Users/martin/smart-technologies-ca2/data/IMG/left_2026_08_28_23_41_52_663.jpg,/Users/martin/smart-technologies-ca2/data/IMG/right_2026_08_28_23_41_52_663.jpg,0.15,1.0,0,30.18858
/Users/martin/smart-technologies-ca2/data/IMG/center_2026_08_28_23_41_52_734.jpg,/Users/martin/smart-technologies-ca2/data/IMG/left_2026_08_28_23_41_52_734.jpg,/Users/martin/smart-technologies-ca2/data/IMG/right_2026_08_28_23_41_52_734.jpg,0.35,1.0,0,30.16852
/Users/martin/smart-technologies-ca2/data/IMG/center_2026_08_28_23_41_52_806.jpg,/Users/martin/smart-technologies-ca2/data/IMG/left_2026_08_28_23_41_52_806.jpg,/Users/martin/smart-technologies-ca2/data/IMG/right_2026_08_28_23_41_52_806.jpg,0.5000001,1.0,0,30.14909
/Users/martin/smart-technologies-ca2/data/IMG/center_2026_08_28_23_41_53_579.jpg,/Users/martin/smart-technologies-ca2/data/IMG/left_2026_08_28_23_41_53_579.jpg,/Users/martin/smart-technologies-ca2/data/IMG/right_2026_08_28_23_41_53_579.jpg,0.1,1.0,0,30.18762
/Users/martin/smart-technologies-ca2/data/IMG/center_2026_08_28_23_41_54_275.jpg,/Users/martin/smart-technologies-ca2/data/IMG/left_2026_08_28_23_41_54_275.jpg,/Users/martin/smart-technologies-ca2/data/IMG/right_2026_08_28_23_41_54_275.jpg,0.0,1.0,0,30.19031
/Users/martin/smart-technologies-ca2/data/IMG/center_2026_08_28_23_41_56_138.jpg,/Users/martin/smart-technologies-ca2/data/IMG/left_2026_08_28_23_41_56_138.jpg,/Users/martin/smart-technologies-ca2/data/IMG/right_2026_08_28_23_41_56_138.jpg,0.0,1.0,0,30.19028
/Users/martin/smart-technologies-ca2/data/IMG/center_2026_08_28_23_41_58_195.jpg,/Users/martin/smart-technologies-ca2/data/IMG/left_2026_08_28_23_41_58_195.jpg,/Users/martin/smart-technologies-ca2/data/IMG/right_2026_08_28_23_41_58_195.jpg,-0.2,1.0,0,30.17985
/Users/martin/smart-technologies-ca2/data/IMG/center_2026_08_28_23_41_58_264.jpg,/Users/martin/smart-technologies-ca2/data/IMG/left_2026_08_28_23_41_58_264.jpg,/Users/martin/smart-technologies-ca2/data/IMG/right_2026_08_28_23_41_58_264.jpg,-0.35,1.0,0,30.16346
/Users/martin/smart-technologies-ca2/data/IMG/center_2026_08_28_23_41_58_331.jpg,/Users/martin/smart-technologies-ca2/data/IMG/left_2026_08_28_23_41_58_331.jpg,/Users/martin/smart-technologies-ca2/data/IMG/right_2026_08_28_23_41_58_331.jpg,-0.5000001,1.0,0,30.14537
/Users/martin/smart-technologies-ca2/data/IMG/center_2026_08_28_23_41_58_606.jpg,/Users/martin/smart-technologies-ca2/data/IMG/left_2026_08_28_23_41_58_606.jpg,/Users/martin/smart-technologies-ca2/data/IMG/right_2026_08_28_23_41_58_606.jpg,-0.05,1.0,0,30.19003
/Users/martin/smart-technologies-ca2/data/IMG/center_2026_08_28_23_41_58_678.jpg,/Users/martin/smart-technologies-ca2/data/IMG/left_2026_08_28_23_41_58_678.jpg,/Users/martin/smart-technologies-ca2/data/IMG/right_2026_08_28_23_41_58_678.jpg,-0.25,1.0,0,30.17664
/Users/martin/smart-technologies-ca2/data/IMG/center_2026_08_28_23_41_58_748.jpg,/Users/martin/smart-technologies-ca2/data/IMG/left_2026_08_28_23_41_58_748.jpg,/Users/martin/smart-technologies-ca2/data/IMG/right_2026_08_28_23_41_58_748.jpg,-0.4,1.0,0,30.15885
/Users/martin/smart-technologies-ca2/data/IMG/center_2026_08_28_23_41_58_817.jpg,/Users/martin/smart-technologies-ca2/data/IMG/left_2026_08_28_23_41_58_817.jpg,/Users/martin/smart-technologies-ca2/data/IMG/right_2026_08_28_23_41_58_817.jpg,-0.6000001,1.0,0,30.134
/Users/martin/smart-technologies-ca2/data/IMG/center_2026_08_28_23_41_59_362.jpg,/Users/martin/smart-technologies-ca2/data/IMG/left_2026_08_28_23_41_59_362.jpg,/Users/martin/smart-technologies-ca2/data/IMG/right_2026_08_28_23_41_59_362.jpg,-0.1,1.0,0,30.18777
/Users/martin/smart-technologies-ca2/data/IMG/center_2026_08_28_23_41_59_431.jpg,/Users/martin/smart-technologies-ca2/data/IMG/left_2026_08_28_23_41_59_431.jpg,/Users/martin/smart-technologies-ca2/data/IMG/right_2026_08_28_23_41_59_431.jpg,-0.25,1.0,0,30.17486
/Users/martin/smart-technologies-ca2/data/IMG/center_2026_08_28_23_41_59_498.jpg,/Users/martin/smart-technologies-ca2/data/IMG/left_2026_08_28_23_41_59_498.jpg,/Users/martin/smart-technologies-ca2/data/IMG/right_2026_08_28_23_41_59_498.jpg,-0.45,1.0,0,30.15148
/Users/martin/smart-technologies-ca2/data/IMG/center_2026_08_28_23_41_59_567.jpg,/Users/martin/smart-technologies-ca2/data/IMG/left_2026_08_28_23_41_59_567.jpg,/Users/martin/smart-technologies-ca2/data/IMG/right_2026_08_28_23_41_59_567.jpg,-0.6000001,1.0,0,30.1331
/Users/martin/smart-technologies-ca2/data/IMG/center_2026_08_28_23_41_59_911.jpg,/Users/martin/smart-technologies-ca2/data/IMG/left_2026_08_28_23_41_59_911.jpg,/Users/martin/smart-technologies-ca2/data/IMG/right_2026_08_28_23_41_59_911.jpg,0.0,1.0,0,30.19017
/Users/martin/smart-technologies-ca2/data/IMG/center_2026_08_28_23_42_00_457.jpg,/Users/martin/smart-technologies-ca2/data/IMG/left_2026_08_28_23_42_00_457.jpg,/Users/martin/smart-technologies-ca2/data/IMG/right_2026_08_28_23_42_00_457.jpg,-0.2,1.0,0,30.17977
/Users/martin/smart-technologies-ca2/data/IMG/center_2026_08_28_23_42_00_528.jpg,/Users/martin/smart-technologies-ca2/data/IMG/left_2026_08_28_23_42_00_528.jpg,/Users/martin/smart-technologies-ca2/data/IMG/right_2026_08_28_23_42_00_528.jpg,-0.35,1.0,0,30.16337
/Users/martin/smart-technologies-ca2/data/IMG/center_2026_08_28_23_42_00_598.jpg,/Users/martin/smart-technologies-ca2/data/IMG/left_2026_08_28_23_42_00_598.jpg,/Users/martin/smart-technologies-ca2/data/IMG/right_2026_08_28_23_42_00_598.jpg,-0.5500001,1.0,0,30.13954
/Users/martin/smart-technologies-ca2/data/IMG/center_2026_08_28_23_42_00_667.jpg,/Users/martin/smart-technologies-ca2/data/IMG/left_2026_08_28_23_42_00_667.jpg,/Users/martin/smart-technologies-ca2/data/IMG/right_2026_08_28_23_42_00_667.jpg,-0.7,1.0,0,30.1208
/Users/martin/smart-technologies-ca2/data/IMG/center_2026_08_28_23_42_01_076.jpg,/Users/martin/smart-technologies-ca2/data/IMG/left_2026_08_28_23_42_01_076.jpg,/Users/martin/smart-technologies-ca2/data/IMG/right_2026_08_28_23_42_01_076.jpg,-0.05,1.0,0,30.19139
/Users/martin/smart-technologies-ca2/data/IMG/center_2026_08_28_23_42_01_144.jpg,/Users/martin/smart-technologies-ca2/data/IMG/left_2026_08_28_23_42_01_144.jpg,/Users/martin/smart-technologies-ca2/data/IMG/right_2026_08_28_23_42_01_144.jpg,-0.2,1.0,0,30.1796
/Users/martin/smart-technologies-ca2/data/IMG/center_2026_08_28_23_42_01_211.jpg,/Users/martin/smart-technologies-ca2/data/IMG/left_2026_08_28_23_42_01_211.jpg,/Users/martin/smart-technologies-ca2/data/IMG/right_2026_08_28_23_42_01_211.jpg,-0.35,1.0,0,30.16356
/Users/martin/smart-technologies-ca2/data/IMG/center_2026_08_28_23_42_01_278.jpg,/Users/martin/smart-technologies-ca2/data/IMG/left_2026_08_28_23_42_01_278.jpg,/Users/martin/smart-technologies-ca2/data/IMG/right_2026_08_28_23_42_01_278.jpg,-0.5500001,1.0,0,30.13606
/Users/martin/smart-technologies-ca2/data/IMG/center_2026_08_28_23_42_01_484.jpg,/Users/martin/smart-technologies-ca2/data/IMG/left_2026_08_28_23_42_01_484.jpg,/Users/martin/smart-technologies-ca2/data/IMG/right_2026_08_28_23_42_01_484.jpg,-0.05,1.0,0,30.19025
/Users/martin/smart-technologies-ca2/data/IMG/center_2026_08_28_23_42_01_554.jpg,/Users/martin/smart-technologies-ca2/data/IMG/left_2026_08_28_23_42_01_554.jpg,/Users/martin/smart-technologies-ca2/data/IMG/right_2026_08_28_23_42_01_554.jpg,-0.25,1.0,0,30.17815
/Users/martin/smart-technologies-ca2/data/IMG/center_2026_08_28_23_42_01_620.jpg,/Users/martin/smart-technologies-ca2/data/IMG/left_2026_08_28_23_42_01_620.jpg,/Users/martin/smart-technologies-ca2/data/IMG/right_2026_08_28_23_42_01_620.jpg,-0.4,1.0,0,30.1601
/Users/martin/smart-technologies-ca2/data/IMG/center_2026_08_28_23_42_01_688.jpg,/Users/martin/smart-technologies-ca2/data/IMG/left_2026_08_28_23_42_01_688.jpg,/Users/martin/smart-technologies-ca2/data/IMG/right_2026_08_28_23_42_01_688.jpg,-0.5500001,1.0,0,30.14135
/Users/martin/smart-technologies-ca2/data/IMG/center_2026_08_28_23_42_01_959.jpg,/Users/martin/smart-technologies-ca2/data/IMG/left_2026_08_28_23_42_01_959.jpg,/Users/martin/smart-technologies-ca2/data/IMG/right_2026_08_28_23_42_01_959.jpg,-0.15,1.0,0,30.18656
/Users/martin/smart-technologies-ca2/data/IMG/center_2026_08_28_23_42_02_029.jpg,/Users/martin/smart-technologies-ca2/data/IMG/left_2026_08_28_23_42_02_029.jpg,/Users/martin/smart-technologies-ca2/data/IMG/right_2026_08_28_23_42_02_029.jpg,-0.3,1.0,0,30.17192
/Users/martin/smart-technologies-ca2/data/IMG/center_2026_08_28_23_42_02_096.jpg,/Users/martin/smart-technologies-ca2/data/IMG/left_2026_08_28_23_42_02_096.jpg,/Users/martin/smart-technologies-ca2/data/IMG/right_2026_08_28_23_42_02_096.jpg,-0.5000001,1.0,0,30.14713
/Users/martin/smart-technologies-ca2/data/IMG/center_2026_08_28_23_42_02_165.jpg,/Users/martin/smart-technologies-ca2/data/IMG/left_2026_08_28_23_42_02_165.jpg,/Users/martin/smart-technologies-ca2/data/IMG/right_2026_08_28_23_42_02_165.jpg,-0.6500001,1.0,0,30.12833
/Users/martin/smart-technologies-ca2/data/IMG/center_2026_08_28_23_42_02_652.jpg,/Users/martin/smart-technologies-ca2/data/IMG/left_2026_08_28_23_42_02_652.jpg,/Users/martin/smart-technologies-ca2/data/IMG/right_2026_08_28_23_42_02_652.jpg,-0.15,1.0,0,30.18496
/Users/martin/smart-technologies-ca2/data/IMG/center_2026_08_28_23_42_02_720.jpg,/Users/martin/smart-technologies-ca2/data/IMG/left_2026_08_28_23_42_02_720.jpg,/Users/martin/smart-technologies-ca2/data/IMG/right_2026_08_28_23_42_02_720.jpg,-0.35,1.0,0,30.16418
/Users/martin/smart-technologies-ca2/data/IMG/center_2026_08_28_23_42_02_790.jpg,/Users/martin/smart-technologies-ca2/data/IMG/left_2026_08_28_23_42_02_790.jpg,/Users/martin/smart-technologies-ca2/data/IMG/right_2026_08_28_23_42_02_790.jpg,-0.5000001,1.0,0,30.14569
/Users/martin/smart-technologies-ca2/data/IMG/center_2026_08_28_23_42_03_130.jpg,/Users/martin/smart-technologies-ca2/data/IMG/left_2026_08_28_23_42_03_130.jpg,/Users/martin/smart-technologies-ca2/data/IMG/right_2026_08_28_23_42_03_130.jpg,-0.05,1.0,0,30.18954
/Users/martin/smart-technologies-ca2/data/IMG/center_2026_08_28_23_42_03_199.jpg,/Users/martin/smart-technologies-ca2/data/IMG/left_2026_08_28_23_42_03_199.jpg,/Users/martin/smart-technologies-ca2/data/IMG/right_2026_08_28_23_42_03_199.jpg,-0.25,1.0,0,30.17568
/Users/martin/smart-technologies-ca2/data/IMG/center_2026_08_28_23_42_03_268.jpg,/Users/martin/smart-technologies-ca2/data/IMG/left_2026_08_28_23_42_03_268.jpg,/Users/martin/smart-technologies-ca2/data/IMG/right_2026_08_28_23_42_03_268.jpg,-0.4,1.0,0,30.15815
/Users/martin/smart-technologies-ca2/data/IMG/center_2026_08_28_23_42_03_408.jpg,/Users/martin/smart-technologies-ca2/data/IMG/left_2026_08_28_23_42_03_408.jpg,/Users/martin/smart-technologies-ca2/data/IMG/right_2026_08_28_23_42_03_408.jpg,0.0,1.0,0,30.18833
/Users/martin/smart-technologies-ca2/data/IMG/center_2026_08_28_23_42_03_681.jpg,/Users/martin/smart-technologies-ca2/data/IMG/left_2026_08_28_23_42_03_681.jpg,/Users/martin/smart-technologies-ca2/data/IMG/right_2026_08_28_23_42_03_681.jpg,-0.2,1.0,0,30.18275
/Users/martin/smart-technologies-ca2/data/IMG/center_2026_08_28_23_42_03_750.jpg,/Users/martin/smart-technologies-ca2/data/IMG/left_2026_08_28_23_42_03_750.jpg,/Users/martin/smart-technologies-ca2/data/IMG/right_2026_08_28_23_42_03_750.jpg,-0.35,1.0,0,30.16416
/Users/martin/smart-technologies-ca2/data/IMG/center_2026_08_28_23_42_03_822.jpg,/Users/martin/smart-technologies-ca2/data/IMG/left_2026_08_28_23_42_03_822.jpg,/Users/martin/smart-technologies-ca2/data/IMG/right_2026_08_28_23_42_03_822.jpg,-0.5500001,1.0,0,30.14031
/Users/martin/smart-technologies-ca2/data/IMG/center_2026_08_28_23_42_03_890.jpg,/Users/martin/smart-technologies-ca2/data/IMG/left_2026_08_28_23_42_03_890.jpg,/Users/martin/smart-technologies-ca2/data/IMG/right_2026_08_28_23_42_03_890.jpg,0.0,1.0,0,30.18029
/Users/martin/smart-technologies-ca2/data/IMG/center_2026_08_28_23_42_04_026.jpg,/Users/martin/smart-technologies-ca2/data/IMG/left_2026_08_28_23_42_04_026.jpg,/Users/martin/smart-technologies-ca2/data/IMG/right_2026_08_28_23_42_04_026.jpg,0.0,1.0,0,30.18988
/Users/martin/smart-technologies-ca2/data/IMG/center_2026_08_28_23_42_04_235.jpg,/Users/martin/smart-technologies-ca2/data/IMG/left_2026_08_28_23_42_04_235.jpg,/Users/martin/smart-technologies-ca2/data/IMG/right_2026_08_28_23_42_04_235.jpg,-0.1,1.0,0,30.18966
/Users/martin/smart-technologies-ca2/data/IMG/center_2026_08_28_23_42_04_304.jpg,/Users/martin/smart-technologies-ca2/data/IMG/left_2026_08_28_23_42_04_304.jpg,/Users/martin/smart-technologies-ca2/data/IMG/right_2026_08_28_23_42_04_304.jpg,-0.25,1.0,0,30.17561
/Users/martin/smart-technologies-ca2/data/IMG/center_2026_08_28_23_42_04_370.jpg,/Users/martin/smart-technologies-ca2/data/IMG/left_2026_08_28_23_42_04_370.jpg,/Users/martin/smart-technologies-ca2/data/IMG/right_2026_08_28_23_42_04_370.jpg,-0.4,1.0,0,30.1586
/Users/martin/smart-technologies-ca2/data/IMG/center_2026_08_28_23_42_04_991.jpg,/Users/martin/smart-technologies-ca2/data/IMG/left_2026_08_28_23_42_04_991.jpg,/Users/martin/smart-technologies-ca2/data/IMG/right_2026_08_28_23_42_04_991.jpg,-0.1,1.0,0,30.18771
/Users/martin/smart-technologies-ca2/data/IMG/center_2026_08_28_23_42_05_059.jpg,/Users/martin/smart-technologies-ca2/data/IMG/left_2026_08_28_23_42_05_059.jpg,/Users/martin/smart-technologies-ca2/data/IMG/right_2026_08_28_23_42_05_059.jpg,-0.3,1.0,0,30.16933
/Users/martin/smart-technologies-ca2/data/IMG/center_2026_08_28_23_42_05_612.jpg,/Users/martin/smart-technologies-ca2/data/IMG/left_2026_08_28_23_42_05_612.jpg,/Users/martin/smart-technologies-ca2/data/IMG/right_2026_08_28_23_42_05_612.jpg,-0.1,1.0,0,30.1878
/Users/martin/smart-technologies-ca2/data/IMG/center_2026_08_28_23_42_05_682.jpg,/Users/martin/smart-technologies-ca2/data/IMG/left_2026_08_28_23_42_05_682.jpg,/Users/martin/smart-technologies-ca2/data/IMG/right_2026_08_28_23_42_05_682.jpg,-0.3,1.0,0,30.16941
/Users/martin/smart-technologies-ca2/data/IMG/center_2026_08_28_23_42_05_749.jpg,/Users/martin/smart-technologies-ca2/data/IMG/left_2026_08_28_23_42_05_749.jpg,/Users/martin/smart-technologies-ca2/data/IMG/right_2026_08_28_23_42_05_749.jpg,-0.45,1.0,0,30.15153
/Users/martin/smart-technologies-ca2/data/IMG/center_2026_08_28_23_42_06_502.jpg,/Users/martin/smart-technologies-ca2/data/IMG/left_2026_08_28_23_42_06_502.jpg,/Users/martin/smart-technologies-ca2/data/IMG/right_2026_08_28_23_42_06_502.jpg,-0.05,1.0,0,30.18969
/Users/martin/smart-technologies-ca2/data/IMG/center_2026_08_28_23_42_06_570.jpg,/Users/martin/smart-technologies-ca2/data/IMG/left_2026_08_28_23_42_06_570.jpg,/Users/martin/smart-technologies-ca2/data/IMG/right_2026_08_28_23_42_06_570.jpg,-0.2,1.0,0,30.17977
/Users/martin/smart-technologies-ca2/data/IMG/center_2026_08_28_23_42_06_637.jpg,/Users/martin/smart-technologies-ca2/data/IMG/left_2026_08_28_23_42_06_637.jpg,/Users/martin/smart-technologies-ca2/data/IMG/right_2026_08_28_23_42_06_637.jpg,-0.4,1.0,0,30.15741
/Users/martin/smart-technologies-ca2/data/IMG/center_2026_08_28_23_42_06_909.jpg,/Users/martin/smart-technologies-ca2/data/IMG/left_2026_08_28_23_42_06_909.jpg,/Users/martin/smart-technologies-ca2/data/IMG/right_2026_08_28_23_42_06_909.jpg,0.0,1.0,0,30.19048
/Users/martin/smart-technologies-ca2/data/IMG/center_2026_08_28_23_42_06_979.jpg,/Users/martin/smart-technologies-ca2/data/IMG/left_2026_08_28_23_42_06_979.jpg,/Users/martin/smart-technologies-ca2/data/IMG/right_2026_08_28_23_42_06_979.jpg,-0.15,1.0,0,30.1855
/Users/martin/smart-technologies-ca2/data/IMG/center_2026_08_28_23_42_07_046.jpg,/Users/martin/smart-technologies-ca2/data/IMG/left_2026_08_28_23_42_07_046.jpg,/Users/martin/smart-technologies-ca2/data/IMG/right_2026_08_28_23_42_07_046.jpg,-0.3,1.0,0,30.17066
/Users/martin/smart-technologies-ca2/data/IMG/center_2026_08_28_23_42_07_728.jpg,/Users/martin/smart-technologies-ca2/data/IMG/left_2026_08_28_23_42_07_728.jpg,/Users/martin/smart-technologies-ca2/data/IMG/right_2026_08_28_23_42_07_728.jpg,-0.05,1.0,0,30.18969
/Users/martin/smart-technologies-ca2/data/IMG/center_2026_08_28_23_42_07_796.jpg,/Users/martin/smart-technologies-ca2/data/IMG/left_2026_08_28_23_42_07_796.jpg,/Users/martin/smart-technologies-ca2/data/IMG/right_2026_08_28_23_42_07_796.jpg,-0.25,1.0,0,30.17475
/Users/martin/smart-technologies-ca2/data/IMG/center_2026_08_28_23_42_07_866.jpg,/Users/martin/smart-technologies-ca2/data/IMG/left_2026_08_28_23_42_07_866.jpg,/Users/martin/smart-technologies-ca2/data/IMG/right_2026_08_28_23_42_07_866.jpg,-0.4,1.0,0,30.15766
/Users/martin/smart-technologies-ca2/data/IMG/center_2026_08_28_23_42_08_969.jpg,/Users/martin/smart-technologies-ca2/data/IMG/left_2026_08_28_23_42_08_969.jpg,/Users/martin/smart-technologies-ca2/data/IMG/right_2026_08_28_23_42_08_969.jpg,0.0,1.0,0,30.19028
/Users/martin/smart-technologies-ca2/data/IMG/center_2026_08_28_23_42_09_111.jpg,/Users/martin/smart-technologies-ca2/data/IMG/left_2026_08_28_23_42_09_111.jpg,/Users/martin/smart-technologies-ca2/data/IMG/right_2026_08_28_23_42_09_111.jpg,-0.15,1.0,0,30.18429
/Users/martin/smart-technologies-ca2/data/IMG/center_2026_08_28_23_42_09_180.jpg,/Users/martin/smart-technologies-ca2/data/IMG/left_2026_08_28_23_42_09_180.jpg,/Users/martin/smart-technologies-ca2/data/IMG/right_2026_08_28_23_42_09_180.jpg,-0.35,1.0,0,30.16345
/Users/martin/smart-technologies-ca2/data/IMG/center_2026_08_28_23_42_09_316.jpg,/Users/martin/smart-technologies-ca2/data/IMG/left_2026_08_28_23_42_09_316.jpg,/Users/martin/smart-technologies-ca2/data/IMG/right_2026_08_28_23_42_09_316.jpg,0.0,1.0,0,30.18876
/Users/martin/smart-technologies-ca2/data/IMG/center_2026_08_28_23_42_09_524.jpg,/Users/martin/smart-technologies-ca2/data/IMG/left_2026_08_28_23_42_09_524.jpg,/Users/martin/smart-technologies-ca2/data/IMG/right_2026_08_28_23_42_09_524.jpg,-0.1,1.0,0,30.18866
/Users/martin/smart-technologies-ca2/data/IMG/center_2026_08_28_23_42_09_595.jpg,/Users/martin/smart-technologies-ca2/data/IMG/left_2026_08_28_23_42_09_595.jpg,/Users/martin/smart-technologies-ca2/data/IMG/right_2026_08_28_23_42_09_595.jpg,-0.3,1.0,0,30.17064
/Users/martin/smart-technologies-ca2/data/IMG/center_2026_08_28_23_42_10_345.jpg,/Users/martin/smart-technologies-ca2/data/IMG/left_2026_08_28_23_42_10_345.jpg,/Users/martin/smart-technologies-ca2/data/IMG/right_2026_08_28_23_42_10_345.jpg,-0.15,1.0,0,30.18421
/Users/martin/smart-technologies-ca2/data/IMG/center_2026_08_28_23_42_10_413.jpg,/Users/martin/smart-technologies-ca2/data/IMG/left_2026_08_28_23_42_10_413.jpg,/Users/martin/smart-technologies-ca2/data/IMG/right_2026_08_28_23_42_10_413.jpg,-0.3,1.0,0,30.16923
/Users/martin/smart-technologies-ca2/data/IMG/center_2026_08_28_23_42_10_482.jpg,/Users/martin/smart-technologies-ca2/data/IMG/left_2026_08_28_23_42_10_482.jpg,/Users/martin/smart-technologies-ca2/data/IMG/right_2026_08_28_23_42_10_482.jpg,-0.5000001,1.0,0,30.14534
/Users/martin/smart-technologies-ca2/data/IMG/center_2026_08_28_23_42_10_617.jpg,/Users/martin/smart-technologies-ca2/data/IMG/left_2026_08_28_23_42_10_617.jpg,/Users/martin/smart-technologies-ca2/data/IMG/right_2026_08_28_23_42_10_617.jpg,0.0,1.0,0,30.18705
/Users/martin/smart-technologies-ca2/data/IMG/center_2026_08_28_23_42_10_964.jpg,/Users/martin/smart-technologies-ca2/data/IMG/left_2026_08_28_23_42_10_964.jpg,/Users/martin/smart-technologies-ca2/data/IMG/right_2026_08_28_23_42_10_964.jpg,0.0,1.0,0,30.18965
/Users/martin/smart-technologies-ca2/data/IMG/center_2026_08_28_23_42_11_511.jpg,/Users/martin/smart-technologies-ca2/data/IMG/left_2026_08_28_23_42_11_511.jpg,/Users/martin/smart-technologies-ca2/data/IMG/right_2026_08_28_23_42_11_511.jpg,0.0,1.0,0,30.19025
/Users/martin/smart-technologies-ca2/data/IMG/center_2026_08_29_20_13_14_502.jpg,/Users/martin/smart-technologies-ca2/data/IMG/left_2026_08_29_20_13_14_502.jpg,/Users/martin/smart-technologies-ca2/data/IMG/right_2026_08_29_20_13_14_502.jpg,0.2,1.0,0,12.55915
/Users/martin/smart-technologies-ca2/data/IMG/center_2026_08_29_20_13_14_775.jpg,/Users/martin/smart-technologies-ca2/data/IMG/left_2026_08_29_20_13_14_775.jpg,/Users/martin/smart-technologies-ca2/data/IMG/right_2026_08_29_20_13_14_775.jpg,0.1,1.0,0,15.40761
/Users/martin/smart-technologies-ca2/data/IMG/center_2026_08_29_20_13_15_047.jpg,/Users/martin/smart-technologies-ca2/data/IMG/left_2026_08_29_20_13_15_047.jpg,/Users/martin/smart-technologies-ca2/data/IMG/right_2026_08_29_20_13_15_047.jpg,0.0,1.0,0,18.38808
/Users/martin/smart-technologies-ca2/data/IMG/center_2026_08_29_20_13_15_250.jpg,/Users/martin/smart-technologies-ca2/data/IMG/left_2026_08_29_20_13_15_250.jpg,/Users/martin/smart-technologies-ca2/data/IMG/right_2026_08_29_20_13_15_250.jpg,0.1,1.0,0,20.46337
/Users/martin/smart-technologies-ca2/data/IMG/center_2026_08_29_20_13_15_317.jpg,/Users/martin/smart-technologies-ca2/data/IMG/left_2026_08_29_20_13_15_317.jpg,/Users/martin/smart-technologies-ca2/data/IMG/right_2026_08_29_20_13_15_317.jpg,0.25,1.0,0,21.12658
/Users/martin/smart-technologies-ca2/data/IMG/center_2026_08_29_20_13_15_387.jpg,/Users/martin/smart-technologies-ca2/data/IMG/left_2026_08_29_20_13_15_387.jpg,/Users/martin/smart-technologies-ca2/data/IMG/right_2026_08_29_20_13_15_387.jpg,0.45,1.0,0,21.82211
/Users/martin/smart-technologies-ca2/data/IMG/center_2026_08_29_20_13_15_730.jpg,/Users/martin/smart-technologies-ca2/data/IMG/left_2026_08_29_20_13_15_730.jpg,/Users/martin/smart-technologies-ca2/data/IMG/right_2026_08_29_20_13_15_730.jpg,0.2,1.0,0,25.07893
/Users/martin/smart-technologies-ca2/data/IMG/center_2026_08_29_20_13_15_800.jpg,/Users/martin/smart-technologies-ca2/data/IMG/left_2026_08_29_20_13_15_800.jpg,/Users/martin/smart-technologies-ca2/data/IMG/right_2026_08_29_20_13_15_800.jpg,0.35,1.0,0,25.60224
/Users/martin/smart-technologies-ca2/data/IMG/center_2026_08_29_20_13_16_139.jpg,/Users/martin/smart-technologies-ca2/data/IMG/left_2026_08_29_20_13_16_139.jpg,/Users/martin/smart-technologies-ca2/data/IMG/right_2026_08_29_20_13_16_139.jpg,0.1,1.0,0,28.74979
/Users/martin/smart-technologies-ca2/data/IMG/center_2026_08_29_20_13_17_239.jpg,/Users/martin/smart-technologies-ca2/data/IMG/left_2026_08_29_20_13_17_239.jpg,/Users/martin/smart-technologies-ca2/data/IMG/right_2026_08_29_20_13_17_239.jpg,0.2,1.0,0,30.18032
/Users/martin/smart-technologies-ca2/data/IMG/center_2026_08_29_20_13_17_923.jpg,/Users/martin/smart-technologies-ca2/data/IMG/left_2026_08_29_20_13_17_923.jpg,/Users/martin/smart-technologies-ca2/data/IMG/right_2026_08_29_20_13_17_923.jpg,0.0,1.0,0,30.19028
/Users/martin/smart-technologies-ca2/data/IMG/center_2026_08_29_20_13_18_540.jpg,/Users/martin/smart-technologies-ca2/data/IMG/left_2026_08_29_20_13_18_540.jpg,/Users/martin/smart-technologies-ca2/data/IMG/right_2026_08_29_20_13_18_540.jpg,-0.05,1.0,0,30.18975
/Users/martin/smart-technologies-ca2/data/IMG/center_2026_08_29_20_13_18_608.jpg,/Users/martin/smart-technologies-ca2/data/IMG/left_2026_08_29_20_13_18_608.jpg,/Users/martin/smart-technologies-ca2/data/IMG/right_2026_08_29_20_13_18_608.jpg,-0.25,1.0,0,30.17474
/Users/martin/smart-technologies-ca2/data/IMG/center_2026_08_29_20_13_18_948.jpg,/Users/martin/smart-technologies-ca2/data/IMG/left_2026_08_29_20_13_18_948.jpg,/Users/martin/smart-technologies-ca2/data/IMG/right_2026_08_29_20_13_18_948.jpg,0.2,1.0,0,30.17885
/Users/martin/smart-technologies-ca2/data/IMG/center_2026_08_29_20_13_19_017.jpg,/Users/martin/smart-technologies-ca2/data/IMG/left_2026_08_29_20_13_19_017.jpg,/Users/martin/smart-technologies-ca2/data/IMG/right_2026_08_29_20_13_19_017.jpg,0.0,1.0,0,30.18962
/Users/martin/smart-technologies-ca2/data/IMG/center_2026_08_29_20_13_20_444.jpg,/Users/martin/smart-technologies-ca2/data/IMG/left_2026_08_29_20_13_20_444.jpg,/Users/martin/smart-technologies-ca2/data/IMG/right_2026_08_29_20_13_20_444.jpg,-0.15,1.0,0,30.18426
/Users/martin/smart-technologies-ca2/data/IMG/center_2026_08_29_20_13_20_510.jpg,/Users/martin/smart-technologies-ca2/data/IMG/left_2026_08_29_20_13_20_510.jpg,/Users/martin/smart-technologies-ca2/data/IMG/right_2026_08_29_20_13_20_510.jpg,-0.3,1.0,0,30.16923
/Users/martin/smart-technologies-ca2/data/IMG/center_2026_08_29_20_13_20_850.jpg,/Users/martin/smart-technologies-ca2/data/IMG/left_2026_08_29_20_13_20_850.jpg,/Users/martin/smart-technologies-ca2/data/IMG/right_2026_08_29_20_13_20_850.jpg,-0.1,1.0,0,30.18807
/Users/martin/smart-technologies-ca2/data/IMG/center_2026_08_29_20_13_20_916.jpg,/Users/martin/smart-technologies-ca2/data/IMG/left_2026_08_29_20_13_20_916.jpg,/Users/martin/smart-technologies-ca2/data/IMG/right_2026_08_29_20_13_20_916.jpg,-0.25,1.0,0,30.17538
/Users/martin/smart-technologies-ca2/data/IMG/center_2026_08_29_20_13_20_985.jpg,/Users/martin/smart-technologies-ca2/data/IMG/left_2026_08_29_20_13_20_985.jpg,/Users/martin/smart-technologies-ca2/data/IMG/right_2026_08_29_20_13_20_985.jpg,-0.45,1.0,0,30.15191
/Users/martin/smart-technologies-ca2/data/IMG/center_2026_08_29_20_13_21_387.jpg,/Users/martin/smart-technologies-ca2/data/IMG/left_2026_08_29_20_13_21_387.jpg,/Users/martin/smart-technologies-ca2/data/IMG/right_2026_08_29_20_13_21_387.jpg,-0.05,1.0,0,30.18986
/Users/martin/smart-technologies-ca2/data/IMG/center_2026_08_29_20_13_21_455.jpg,/Users/martin/smart-technologies-ca2/data/IMG/left_2026_08_29_20_13_21_455.jpg,/Users/martin/smart-technologies-ca2/data/IMG/right_2026_08_29_20_13_21_455.jpg,-0.2,1.0,0,30.18048
/Users/martin/smart-technologies-ca2/data/IMG/center_2026_08_29_20_13_21_522.jpg,/Users/martin/smart-technologies-ca2/data/IMG/left_2026_08_29_20_13_21_522.jpg,/Users/martin/smart-technologies-ca2/data/IMG/right_2026_08_29_20_13_21_522.jpg,-0.35,1.0,0,30.164
/Users/martin/smart-technologies-ca2/data/IMG/center_2026_08_29_20_13_21_590.jpg,/Users/martin/smart-technologies-ca2/data/IMG/left_2026_08_29_20_13_21_590.jpg,/Users/martin/smart-technologies-ca2/data/IMG/right_2026_08_29_20_13_21_590.jpg,-0.5500001,1.0,0,30.13931
/Users/martin/smart-technologies-ca2/data/IMG/center_2026_08_29_20_13_21_864.jpg,/Users/martin/smart-technologies-ca2/data/IMG/left_2026_08_29_20_13_21_864.jpg,/Users/martin/smart-technologies-ca2/data/IMG/right_2026_08_29_20_13_21_864.jpg,-0.2,1.0,0,30.18279
/Users/martin/smart-technologies-ca2/data/IMG/center_2026_08_29_20_13_21_930.jpg,/Users/martin/smart-technologies-ca2/data/IMG/left_2026_08_29_20_13_21_930.jpg,/Users/martin/smart-technologies-ca2/data/IMG/right_2026_08_29_20_13_21_930.jpg,-0.35,1.0,0,30.16623
/Users/martin/smart-technologies-ca2/data/IMG/center_2026_08_29_20_13_22_000.jpg,/Users/martin/smart-technologies-ca2/data/IMG/left_2026_08_29_20_13_22_000.jpg,/Users/martin/smart-technologies-ca2/data/IMG/right_2026_08_29_20_13_22_000.jpg,-0.5000001,1.0,0,30.1472
/Users/martin/smart-technologies-ca2/data/IMG/center_2026_08_29_20_13_22_067.jpg,/Users/martin/smart-technologies-ca2/data/IMG/left_2026_08_29_20_13_22_067.jpg,/Users/martin/smart-technologies-ca2/data/IMG/right_2026_08_29_20_13_22_067.jpg,-0.7,1.0,0,30.12229
/Users/martin/smart-technologies-ca2/data/IMG/center_2026_08_29_20_13_22_408.jpg,/Users/martin/smart-technologies-ca2/data/IMG/left_2026_08_29_20_13_22_408.jpg,/Users/martin/smart-technologies-ca2/data/IMG/right_2026_08_29_20_13_22_408.jpg,-0.2,1.0,0,30.18199
/Users/martin/smart-technologies-ca2/data/IMG/center_2026_08_29_20_13_22_475.jpg,/Users/martin/smart-technologies-ca2/data/IMG/left_2026_08_29_20_13_22_475.jpg,/Users/martin/smart-technologies-ca2/data/IMG/right_2026_08_29_20_13_22_475.jpg,-0.35,1.0,0,30.16516
/Users/martin/smart-technologies-ca2/data/IMG/center_2026_08_29_20_13_22_543.jpg,/Users/martin/smart-technologies-ca2/data/IMG/left_2026_08_29_20_13_22_543.jpg,/Users/martin/smart-technologies-ca2/data/IMG/right_2026_08_29_20_13_22_543.jpg,-0.5500001,1.0,0,30.14059
/Users/martin/smart-technologies-ca2/data/IMG/center_2026_08_29_20_13_22_612.jpg,/Users/martin/smart-technologies-ca2/data/IMG/left_2026_08_29_20_13_22_612.jpg,/Users/martin/smart-technologies-ca2/data/IMG/right_2026_08_29_20_13_22_612.jpg,-0.7,1.0,0,30.122
/Users/martin/smart-technologies-ca2/data/IMG/center_2026_08_29_20_13_22_679.jpg,/Users/martin/smart-technologies-ca2/data/IMG/left_2026_08_29_20_13_22_679.jpg,/Users/martin/smart-technologies-ca2/data/IMG/right_2026_08_29_20_13_22_679.jpg,-0.8500001,1.0,0,30.10602
/Users/martin/smart-technologies-ca2/data/IMG/center_2026_08_29_20_13_22_816.jpg,/Users/martin/smart-technologies-ca2/data/IMG/left_2026_08_29_20_13_22_816.jpg,/Users/martin/smart-technologies-ca2/data/IMG/right_2026_08_29_20_13_22_816.jpg,0.0,1.0,0,30.18294
/Users/martin/smart-technologies-ca2/data/IMG/center_2026_08_29_20_13_23_020.jpg,/Users/martin/smart-technologies-ca2/data/IMG/left_2026_08_29_20_13_23_020.jpg,/Users/martin/smart-technologies-ca2/data/IMG/right_2026_08_29_20_13_23_020.jpg,-0.15,1.0,0,30.18722
/Users/martin/smart-technologies-ca2/data/IMG/center_2026_08_29_20_13_23_089.jpg,/Users/martin/smart-technologies-ca2/data/IMG/left_2026_08_29_20_13_23_089.jpg,/Users/martin/smart-technologies-ca2/data/IMG/right_2026_08_29_20_13_23_089.jpg,-0.35,1.0,0,30.1667
/Users/martin/smart-technologies-ca2/data/IMG/center_2026_08_29_20_13_23_159.jpg,/Users/martin/smart-technologies-ca2/data/IMG/left_2026_08_29_20_13_23_159.jpg,/Users/martin/smart-technologies-ca2/data/IMG/right_2026_08_29_20_13_23_159.jpg,-0.5000001,1.0,0,30.14768
/Users/martin/smart-technologies-ca2/data/IMG/center_2026_08_29_20_13_23_227.jpg,/Users/martin/smart-technologies-ca2/data/IMG/left_2026_08_29_20_13_23_227.jpg,/Users/martin/smart-technologies-ca2/data/IMG/right_2026_08_29_20_13_23_227.jpg,-0.7,1.0,0,30.12294
/Users/martin/smart-technologies-ca2/data/IMG/center_2026_08_29_20_13_23_500.jpg,/Users/martin/smart-technologies-ca2/data/IMG/left_2026_08_29_20_13_23_500.jpg,/Users/martin/smart-technologies-ca2/data/IMG/right_2026_08_29_20_13_23_500.jpg,-0.15,1.0,0,30.18768
/Users/martin/smart-technologies-ca2/data/IMG/center_2026_08_29_20_13_23_570.jpg,/Users/martin/smart-technologies-ca2/data/IMG/left_2026_08_29_20_13_23_570.jpg,/Users/martin/smart-technologies-ca2/data/IMG/right_2026_08_29_20_13_23_570.jpg,-0.35,1.0,0,30.16731
/Users/martin/smart-technologies-ca2/data/IMG/center_2026_08_29_20_13_23_639.jpg,/Users/martin/smart-technologies-ca2/data/IMG/left_2026_08_29_20_13_23_639.jpg,/Users/martin/smart-technologies-ca2/data/IMG/right_2026_08_29_20_13_23_639.jpg,-0.5000001,1.0,0,30.14812
/Users/martin/smart-technologies-ca2/data/IMG/center_2026_08_29_20_13_23_844.jpg,/Users/martin/smart-technologies-ca2/data/IMG/left_2026_08_29_20_13_23_844.jpg,/Users/martin/smart-technologies-ca2/data/IMG/right_2026_08_29_20_13_23_844.jpg,-0.15,1.0,0,30.18696
/Users/martin/smart-technologies-ca2/data/IMG/center_2026_08_29_20_13_23_911.jpg,/Users/martin/smart-technologies-ca2/data/IMG/left_2026_08_29_20_13_23_911.jpg,/Users/martin/smart-technologies-ca2/data/IMG/right_2026_08_29_20_13_23_911.jpg,-0.3,1.0,0,30.17299
/Users/martin/smart-technologies-ca2/data/IMG/center_2026_08_29_20_13_23_978.jpg,/Users/martin/smart-technologies-ca2/data/IMG/left_2026_08_29_20_13_23_978.jpg,/Users/martin/smart-technologies-ca2/data/IMG/right_2026_08_29_20_13_23_978.jpg,-0.45,1.0,0,30.15434
/Users/martin/smart-technologies-ca2/data/IMG/center_2026_08_29_20_13_24_050.jpg,/Users/martin/smart-technologies-ca2/data/IMG/left_2026_08_29_20_13_24_050.jpg,/Users/martin/smart-technologies-ca2/data/IMG/right_2026_08_29_20_13_24_050.jpg,-0.6500001,1.0,0,30.12884
/Users/martin/smart-technologies-ca2/data/IMG/center_2026_08_29_20_13_24_456.jpg,/Users/martin/smart-technologies-ca2/data/IMG/left_2026_08_29_20_13_24_456.jpg,/Users/martin/smart-technologies-ca2/data/IMG/right_2026_08_29_20_13_24_456.jpg,-0.1,1.0,0,30.1885
/Users/martin/smart-technologies-ca2/data/IMG/center_2026_08_29_20_13_24_527.jpg,/Users/martin/smart-technologies-ca2/data/IMG/left_2026_08_29_20_13_24_527.jpg,/Users/martin/smart-technologies-ca2/data/IMG/right_2026_08_29_20_13_24_527.jpg,-0.3,1.0,0,30.17034
/Users/martin/smart-technologies-ca2/data/IMG/center_2026_08_29_20_13_24_597.jpg,/Users/martin/smart-technologies-ca2/data/IMG/left_2026_08_29_20_13_24_597.jpg,/Users/martin/smart-technologies-ca2/data/IMG/right_2026_08_29_20_13_24_597.jpg,-0.45,1.0,0,30.15198
/Users/martin/smart-technologies-ca2/data/IMG/center_2026_08_29_20_13_24_871.jpg,/Users/martin/smart-technologies-ca2/data/IMG/left_2026_08_29_20_13_24_871.jpg,/Users/martin/smart-technologies-ca2/data/IMG/right_2026_08_29_20_13_24_871.jpg,0.0,1.0,0,30.19028
/Users/martin/smart-technologies-ca2/data/IMG/center_2026_08_29_20_13_25_009.jpg,/Users/martin/smart-technologies-ca2/data/IMG/left_2026_08_29_20_13_25_009.jpg,/Users/martin/smart-technologies-ca2/data/IMG/right_2026_08_29_20_13_25_009.jpg,-0.1,1.0,0,30.18811
/Users/martin/smart-technologies-ca2/data/IMG/center_2026_08_29_20_13_25_350.jpg,/Users/martin/smart-technologies-ca2/data/IMG/left_2026_08_29_20_13_25_350.jpg,/Users/martin/smart-technologies-ca2/data/IMG/right_2026_08_29_20_13_25_350.jpg,0.0,1.0,0,30.19
/Users/martin/smart-technologies-ca2/data/IMG/center_2026_08_29_20_13_26_031.jpg,/Users/martin/smart-technologies-ca2/data/IMG/left_2026_08_29_20_13_26_031.jpg,/Users/martin/smart-technologies-ca2/data/IMG/right_2026_08_29_20_13_26_031.jpg,-0.2,1.0,0,30.17982
/Users/martin/smart-technologies-ca2/data/IMG/center_2026_08_29_20_13_28_530.jpg,/Users/martin/smart-technologies-ca2/data/IMG/left_2026_08_29_20_13_28_530.jpg,/Users/martin/smart-technologies-ca2/data/IMG/right_2026_08_29_20_13_28_530.jpg,0.25,1.0,0,30.17478
/Users/martin/smart-technologies-ca2/data/IMG/center_2026_08_29_20_13_29_696.jpg,/Users/martin/smart-technologies-ca2/data/IMG/left_2026_08_29_20_13_29_696.jpg,/Users/martin/smart-technologies-ca2/data/IMG/right_2026_08_29_20_13_29_696.jpg,0.0,1.0,0,30.19018
/Users/martin/smart-technologies-ca2/data/IMG/center_2026_08_29_20_13_29_766.jpg,/Users/martin/smart-technologies-ca2/data/IMG/left_2026_08_29_20_13_29_766.jpg,/Users/martin/smart-technologies-ca2/data/IMG/right_2026_08_29_20_13_29_766.jpg,0.2,1.0,0,30.17981
/Users/martin/smart-technologies-ca2/data/IMG/center_2026_08_29_20_13_30_106.jpg,/Users/martin/smart-technologies-ca2/data/IMG/left_2026_08_29_20_13_30_106.jpg,/Users/martin/smart-technologies-ca2/data/IMG/right_2026_08_29_20_13_30_106.jpg,0.1,1.0,0,30.18825
/Users/martin/smart-technologies-ca2/data/IMG/center_2026_08_29_20_13_30_174.jpg,/Users/martin/smart-technologies-ca2/data/IMG/left_2026_08_29_20_13_30_174.jpg,/Users/martin/smart-technologies-ca2/data/IMG/right_2026_08_29_20_13_30_174.jpg,0.25,1.0,0,30.17571
/Users/martin/smart-technologies-ca2/data/IMG/center_2026_08_29_20_13_30_513.jpg,/Users/martin/smart-technologies-ca2/data/IMG/left_2026_08_29_20_13_30_513.jpg,/Users/martin/smart-technologies-ca2/data/IMG/right_2026_08_29_20_13_30_513.jpg,0.15,1.0,0,30.18528
/Users/martin/smart-technologies-ca2/data/IMG/center_2026_08_29_20_13_30_579.jpg,/Users/martin/smart-technologies-ca2/data/IMG/left_2026_08_29_20_13_30_579.jpg,/Users/martin/smart-technologies-ca2/data/IMG/right_2026_08_29_20_13_30_579.jpg,0.3,1.0,0,30.1703
/Users/martin/smart-technologies-ca2/data/IMG/center_2026_08_29_20_13_31_267.jpg,/Users/martin/smart-technologies-ca2/data/IMG/left_2026_08_29_20_13_31_267.jpg,/Users/martin/smart-technologies-ca2/data/IMG/right_2026_08_29_20_13_31_267.jpg,0.15,1.0,0,30.18423
/Users/martin/smart-technologies-ca2/data/IMG/center_2026_08_29_20_13_31_336.jpg,/Users/martin/smart-technologies-ca2/data/IMG/left_2026_08_29_20_13_31_336.jpg,/Users/martin/smart-technologies-ca2/data/IMG/right_2026_08_29_20_13_31_336.jpg,0.3,1.0,0,30.16926
/Users/martin/smart-technologies-ca2/data/IMG/center_2026_08_29_20_13_31_406.jpg,/Users/martin/smart-technologies-ca2/data/IMG/left_2026_08_29_20_13_31_406.jpg,/Users/martin/smart-technologies-ca2/data/IMG/right_2026_08_29_20_13_31_406.jpg,0.5000001,1.0,0,30.14534
/Users/martin/smart-technologies-ca2/data/IMG/center_2026_08_29_20_13_31_475.jpg,/Users/martin/smart-technologies-ca2/data/IMG/left_2026_08_29_20_13_31_475.jpg,/Users/martin/smart-technologies-ca2/data/IMG/right_2026_08_29_20_13_31_475.jpg,0.0,1.0,0,30.18547
/Users/martin/smart-technologies-ca2/data/IMG/center_2026_08_29_20_13_31_678.jpg,/Users/martin/smart-technologies-ca2/data/IMG/left_2026_08_29_20_13_31_678.jpg,/Users/martin/smart-technologies-ca2/data/IMG/right_2026_08_29_20_13_31_678.jpg,0.15,1.0,0,30.18649
/Users/martin/smart-technologies-ca2/data/IMG/center_2026_08_29_20_13_31_747.jpg,/Users/martin/smart-technologies-ca2/data/IMG/left_2026_08_29_20_13_31_747.jpg,/Users/martin/smart-technologies-ca2/data/IMG/right_2026_08_29_20_13_31_747.jpg,0.35,1.0,0,30.16591
/Users/martin/smart-technologies-ca2/data/IMG/center_2026_08_29_20_13_31_816.jpg,/Users/martin/smart-technologies-ca2/data/IMG/left_2026_08_29_20_13_31_816.jpg,/Users/martin/smart-technologies-ca2/data/IMG/right_2026_08_29_20_13_31_816.jpg,0.5000001,1.0,0,30.14718
/Users/martin/smart-technologies-ca2/data/IMG/center_2026_08_29_20_13_31_886.jpg,/Users/martin/smart-technologies-ca2/data/IMG/left_2026_08_29_20_13_31_886.jpg,/Users/martin/smart-technologies-ca2/data/IMG/right_2026_08_29_20_13_31_886.jpg,0.7,1.0,0,30.12197
/Users/martin/smart-technologies-ca2/data/IMG/center_2026_08_29_20_13_31_953.jpg,/Users/martin/smart-technologies-ca2/data/IMG/left_2026_08_29_20_13_31_953.jpg,/Users/martin/smart-technologies-ca2/data/IMG/right_2026_08_29_20_13_31_953.jpg,0.8500001,1.0,0,30.10593
/Users/martin/smart-technologies-ca2/data/IMG/center_2026_08_29_20_13_32_361.jpg,/Users/martin/smart-technologies-ca2/data/IMG/left_2026_08_29_20_13_32_361.jpg,/Users/martin/smart-technologies-ca2/data/IMG/right_2026_08_29_20_13_32_361.jpg,0.1,1.0,0,30.18855
/Users/martin/smart-technologies-ca2/data/IMG/center_2026_08_29_20_13_32_429.jpg,/Users/martin/smart-technologies-ca2/data/IMG/left_2026_08_29_20_13_32_429.jpg,/Users/martin/smart-technologies-ca2/data/IMG/right_2026_08_29_20_13_32_429.jpg,0.3,1.0,0,30.17044
/Users/martin/smart-technologies-ca2/data/IMG/center_2026_08_29_20_13_32_500.jpg,/Users/martin/smart-technologies-ca2/data/IMG/left_2026_08_29_20_13_32_500.jpg,/Users/martin/smart-technologies-ca2/data/IMG/right_2026_08_29_20_13_32_500.jpg,0.45,1.0,0,30.15265
/Users/martin/smart-technologies-ca2/data/IMG/center_2026_08_29_20_13_32_570.jpg,/Users/martin/smart-technologies-ca2/data/IMG/left_2026_08_29_20_13_32_570.jpg,/Users/martin/smart-technologies-ca2/data/IMG/right_2026_08_29_20_13_32_570.jpg,0.6500001,1.0,0,30.12749
/Users/martin/smart-technologies-ca2/data/IMG/center_2026_08_29_20_13_32_639.jpg,/Users/martin/smart-technologies-ca2/data/IMG/left_2026_08_29_20_13_32_639.jpg,/Users/martin/smart-technologies-ca2/data/IMG/right_2026_08_29_20_13_32_639.jpg,0.0,1.0,0,30.18152
/Users/martin/smart-technologies-ca2/data/IMG/center_2026_08_29_20_13_32_773.jpg,/Users/martin/smart-technologies-ca2/data/IMG/left_2026_08_29_20_13_32_773.jpg,/Users/martin/smart-technologies-ca2/data/IMG/right_2026_08_29_20_13_32_773.jpg,0.2,1.0,0,30.18655
/Users/martin/smart-technologies-ca2/data/IMG/center_2026_08_29_20_13_32_842.jpg,/Users/martin/smart-technologies-ca2/data/IMG/left_2026_08_29_20_13_32_842.jpg,/Users/martin/smart-technologies-ca2/data/IMG/right_2026_08_29_20_13_32_842.jpg,0.35,1.0,0,30.17048
/Users/martin/smart-technologies-ca2/data/IMG/center_2026_08_29_20_13_32_909.jpg,/Users/martin/smart-technologies-ca2/data/IMG/left_2026_08_29_20_13_32_909.jpg,/Users/martin/smart-technologies-ca2/data/IMG/right_2026_08_29_20_13_32_909.jpg,0.5500001,1.0,0,30.14398
/Users/martin/smart-technologies-ca2/data/IMG/center_2026_08_29_20_13_32_976.jpg,/Users/martin/smart-technologies-ca2/data/IMG/left_2026_08_29_20_13_32_976.jpg,/Users/martin/smart-technologies-ca2/data/IMG/right_2026_08_29_20_13_32_976.jpg,0.7,1.0,0,30.12437
/Users/martin/smart-technologies-ca2/data/IMG/center_2026_08_29_20_13_33_112.jpg,/Users/martin/smart-technologies-ca2/data/IMG/left_2026_08_29_20_13_33_112.jpg,/Users/martin/smart-technologies-ca2/data/IMG/right_2026_08_29_20_13_33_112.jpg,0.05,1.0,0,30.18961
/Users/martin/smart-technologies-ca2/data/IMG/center_2026_08_29_20_13_33_181.jpg,/Users/martin/smart-technologies-ca2/data/IMG/left_2026_08_29_20_13_33_181.jpg,/Users/martin/smart-technologies-ca2/data/IMG/right_2026_08_29_20_13_33_181.jpg,0.2,1.0,0,30.18758
/Users/martin/smart-technologies-ca2/data/IMG/center_2026_08_29_20_13_33_250.jpg,/Users/martin/smart-technologies-ca2/data/IMG/left_2026_08_29_20_13_33_250.jpg,/Users/martin/smart-technologies-ca2/data/IMG/right_2026_08_29_20_13_33_250.jpg,0.4,1.0,0,30.16493
/Users/martin/smart-technologies-ca2/data/IMG/center_2026_08_29_20_13_33_592.jpg,/Users/martin/smart-technologies-ca2/data/IMG/left_2026_08_29_20_13_33_592.jpg,/Users/martin/smart-technologies-ca2/data/IMG/right_2026_08_29_20_13_33_592.jpg,0.2,1.0,0,30.18106
/Users/martin/smart-technologies-ca2/data/IMG/center_2026_08_29_20_13_33_661.jpg,/Users/martin/smart-technologies-ca2/data/IMG/left_2026_08_29_20_13_33_661.jpg,/Users/martin/smart-technologies-ca2/data/IMG/right_2026_08_29_20_13_33_661.jpg,0.35,1.0,0,30.16459
/Users/martin/smart-technologies-ca2/data/IMG/center_2026_08_29_20_13_33_728.jpg,/Users/martin/smart-technologies-ca2/data/IMG/left_2026_08_29_20_13_33_728.jpg,/Users/martin/smart-technologies-ca2/data/IMG/right_2026_08_29_20_13_33_728.jpg,0.5500001,1.0,0,30.13986
/Users/martin/smart-technologies-ca2/data/IMG/center_2026_08_29_20_13_33_797.jpg,/Users/martin/smart-technologies-ca2/data/IMG/left_2026_08_29_20_13_33_797.jpg,/Users/martin/smart-technologies-ca2/data/IMG/right_2026_08_29_20_13_33_797.jpg,0.7,1.0,0,30.12133
/Users/martin/smart-technologies-ca2/data/IMG/center_2026_08_29_20_13_34_001.jpg,/Users/martin/smart-technologies-ca2/data/IMG/left_2026_08_29_20_13_34_001.jpg,/Users/martin/smart-technologies-ca2/data/IMG/right_2026_08_29_20_13_34_001.jpg,0.2,1.0,0,30.18706
/Users/martin/smart-technologies-ca2/data/IMG/center_2026_08_29_20_13_34_069.jpg,/Users/martin/smart-technologies-ca2/data/IMG/left_2026_08_29_20_13_34_069.jpg,/Users/martin/smart-technologies-ca2/data/IMG/right_2026_08_29_20_13_34_069.jpg,0.4,1.0,0,30.16475
/Users/martin/smart-technologies-ca2/data/IMG/center_2026_08_29_20_13_34_135.jpg,/Users/martin/smart-technologies-ca2/data/IMG/left_2026_08_29_20_13_34_135.jpg,/Users/martin/smart-technologies-ca2/data/IMG/right_2026_08_29_20_13_34_135.jpg,0.5500001,1.0,0,30.14461
/Users/martin/smart-technologies-ca2/data/IMG/center_2026_08_29_20_13_34_612.jpg,/Users/martin/smart-technologies-ca2/data/IMG/left_2026_08_29_20_13_34_612.jpg,/Users/martin/smart-technologies-ca2/data/IMG/right_2026_08_29_20_13_34_612.jpg,0.0,1.0,0,30.19022
/Users/martin/smart-technologies-ca2/data/IMG/center_2026_08_29_20_13_34_745.jpg,/Users/martin/smart-technologies-ca2/data/IMG/left_2026_08_29_20_13_34_745.jpg,/Users/martin/smart-technologies-ca2/data/IMG/right_2026_08_29_20_13_34_745.jpg,0.2,1.0,0,30.18025
/Users/martin/smart-technologies-ca2/data/IMG/center_2026_08_29_20_13_35_085.jpg,/Users/martin/smart-technologies-ca2/data/IMG/left_2026_08_29_20_13_35_085.jpg,/Users/martin/smart-technologies-ca2/data/IMG/right_2026_08_29_20_13_35_085.jpg,0.25,1.0,0,30.17519
/Users/martin/smart-technologies-ca2/data/IMG/center_2026_08_29_20_13_35_152.jpg,/Users/martin/smart-technologies-ca2/data/IMG/left_2026_08_29_20_13_35_152.jpg,/Users/martin/smart-technologies-ca2/data/IMG/right_2026_08_29_20_13_35_152.jpg,0.4,1.0,0,30.15784
/Users/martin/smart-technologies-ca2/data/IMG/center_2026_08_29_20_13_35_626.jpg,/Users/martin/smart-technologies-ca2/data/IMG/left_2026_08_29_20_13_35_626.jpg,/Users/martin/smart-technologies-ca2/data/IMG/right_2026_08_29_20_13_35_626.jpg,0.25,1.0,0,30.17554
/Users/martin/smart-technologies-ca2/data/IMG/center_2026_08_29_20_13_36_238.jpg,/Users/martin/smart-technologies-ca2/data/IMG/left_2026_08_29_20_13_36_238.jpg,/Users/martin/smart-technologies-ca2/data/IMG/right_2026_08_29_20_13_36_238.jpg,0.0,1.0,0,30.1903
/Users/martin/smart-technologies-ca2/data/IMG/center_2026_08_29_20_13_36_508.jpg,/Users/martin/smart-technologies-ca2/data/IMG/left_2026_08_29_20_13_36_508.jpg,/Users/martin/smart-technologies-ca2/data/IMG/right_2026_08_29_20_13_36_508.jpg,0.1,1.0,0,30.18767
/Users/martin/smart-technologies-ca2/data/IMG/center_2026_08_29_20_13_36_575.jpg,/Users/martin/smart-technologies-ca2/data/IMG/left_2026_08_29_20_13_36_575.jpg,/Users/martin/smart-technologies-ca2/data/IMG/right_2026_08_29_20_13_36_575.jpg,0.25,1.0,0,30.17472
/Users/martin/smart-technologies-ca2/data/IMG/center_2026_08_29_20_13_37_319.jpg,/Users/martin/smart-technologies-ca2/data/IMG/left_2026_08_29_20_13_37_319.jpg,/Users/martin/smart-technologies-ca2/data/IMG/right_2026_08_29_20_13_37_319.jpg,0.1,1.0,0,30.18766
/Users/martin/smart-technologies-ca2/data/IMG/center_2026_08_29_20_13_37_656.jpg,/Users/martin/smart-technologies-ca2/data/IMG/left_2026_08_29_20_13_37_656.jpg,/Users/martin/smart-technologies-ca2/data/IMG/right_2026_08_29_20_13_37_656.jpg,0.2,1.0,0,30.18015
/Users/martin/smart-technologies-ca2/data/IMG/center_2026_08_29_20_13_39_412.jpg,/Users/martin/smart-technologies-ca2/data/IMG/left_2026_08_29_20_13_39_412.jpg,/Users/martin/smart-technologies-ca2/data/IMG/right_2026_08_29_20_13_39_412.jpg,0.0,1.0,0,30.19064
/Users/martin/smart-technologies-ca2/data/IMG/center_2026_08_29_20_13_40_497.jpg,/Users/martin/smart-technologies-ca2/data/IMG/left_2026_08_29_20_13_40_497.jpg,/Users/martin/smart-technologies-ca2/data/IMG/right_2026_08_29_20_13_40_497.jpg,0.0,1.0,0,30.19065
/Users/martin/smart-technologies-ca2/data/IMG/center_2026_08_29_20_13_44_629.jpg,/Users/martin/smart-technologies-ca2/data/IMG/left_2026_08_29_20_13_44_629.jpg,/Users/martin/smart-technologies-ca2/data/IMG/right_2026_08_29_20_13_44_629.jpg,0.0,1.0,0,30.19064
/Users/martin/smart-technologies-ca2/data/IMG/center_2026_08_29_20_13_45_719.jpg,/Users/martin/smart-technologies-ca2/data/IMG/left_2026_08_29_20_13_45_719.jpg,/Users/martin/smart-technologies-ca2/data/IMG/right_2026_08_29_20_13_45_719.jpg,0.15,1.0,0,30.18468
/Users/martin/smart-technologies-ca2/data/IMG/center_2026_08_29_20_13_45_787.jpg,/Users/martin/smart-technologies-ca2/data/IMG/left_2026_08_29_20_13_45_787.jpg,/Users/martin/smart-technologies-ca2/data/IMG/right_2026_08_29_20_13_45_787.jpg,0.35,1.0,0,30.16405
/Users/martin/smart-technologies-ca2/data/IMG/center_2026_08_29_20_13_46_127.jpg,/Users/martin/smart-technologies-ca2/data/IMG/left_2026_08_29_20_13_46_127.jpg,/Users/martin/smart-technologies-ca2/data/IMG/right_2026_08_29_20_13_46_127.jpg,0.15,1.0,0,30.19407
/Users/martin/smart-technologies-ca2/data/IMG/center_2026_08_29_20_13_46_197.jpg,/Users/martin/smart-technologies-ca2/data/IMG/left_2026_08_29_20_13_46_197.jpg,/Users/martin/smart-technologies-ca2/data/IMG/right_2026_08_29_20_13_46_197.jpg,0.3,1.0,0,30.17424
/Users/martin/smart-technologies-ca2/data/IMG/center_2026_08_29_20_13_46_941.jpg,/Users/martin/smart-technologies-ca2/data/IMG/left_2026_08_29_20_13_46_941.jpg,/Users/martin/smart-technologies-ca2/data/IMG/right_2026_08_29_20_13_46_941.jpg,0.1,1.0,0,30.18761
/Users/martin/smart-technologies-ca2/data/IMG/center_2026_08_29_20_13_48_096.jpg,/Users/martin/smart-technologies-ca2/data/IMG/left_2026_08_29_20_13_48_096.jpg,/Users/martin/smart-technologies-ca2/data/IMG/right_2026_08_29_20_13_48_096.jpg,0.1,1.0,0,30.18767
/Users/martin/smart-technologies-ca2/data/IMG/center_2026_08_29_20_13_48_710.jpg,/Users/martin/smart-technologies-ca2/data/IMG/left_2026_08_29_20_13_48_710.jpg,/Users/martin/smart-technologies-ca2/data/IMG/right_2026_08_29_20_13_48_710.jpg,0.0,1.0,0,30.1903
/Users/martin/smart-technologies-ca2/data/IMG/center_2026_08_29_20_13_48_983.jpg,/Users/martin/smart-technologies-ca2/data/IMG/left_2026_08_29_20_13_48_983.jpg,/Users/martin/smart-technologies-ca2/data/IMG/right_2026_08_29_20_13_48_983.jpg,0.15,1.0,0,30.18427
/Users/martin/smart-technologies-ca2/data/IMG/center_2026_08_29_20_13_49_052.jpg,/Users/martin/smart-technologies-ca2/data/IMG/left_2026_08_29_20_13_49_052.jpg,/Users/martin/smart-technologies-ca2/data/IMG/right_2026_08_29_20_13_49_052.jpg,0.3,1.0,0,30.16925
/Users/martin/smart-technologies-ca2/data/IMG/center_2026_08_29_20_13_49_119.jpg,/Users/martin/smart-technologies-ca2/data/IMG/left_2026_08_29_20_13_49_119.jpg,/Users/martin/smart-technologies-ca2/data/IMG/right_2026_08_29_20_13_49_119.jpg,0.45,1.0,0,30.15148
/Users/martin/smart-technologies-ca2/data/IMG/center_2026_08_29_20_13_49_798.jpg,/Users/martin/smart-technologies-ca2/data/IMG/left_2026_08_29_20_13_49_798.jpg,/Users/martin/smart-technologies-ca2/data/IMG/right_2026_08_29_20_13_49_798.jpg,-0.15,1.0,0,30.18422
/Users/martin/smart-technologies-ca2/data/IMG/center_2026_08_29_20_13_49_933.jpg,/Users/martin/smart-technologies-ca2/data/IMG/left_2026_08_29_20_13_49_933.jpg,/Users/martin/smart-technologies-ca2/data/IMG/right_2026_08_29_20_13_49_933.jpg,0.0,1.0,0,30.18995
/Users/martin/smart-technologies-ca2/data/IMG/center_2026_08_29_20_13_51_493.jpg,/Users/martin/smart-technologies-ca2/data/IMG/left_2026_08_29_20_13_51_493.jpg,/Users/martin/smart-technologies-ca2/data/IMG/right_2026_08_29_20_13_51_493.jpg,0.15,1.0,0,30.18424
/Users/martin/smart-technologies-ca2/data/IMG/center_2026_08_29_20_13_51_560.jpg,/Users/martin/smart-technologies-ca2/data/IMG/left_2026_08_29_20_13_51_560.jpg,/Users/martin/smart-technologies-ca2/data/IMG/right_2026_08_29_20_13_51_560.jpg,0.3,1.0,0,30.16928
/Users/martin/smart-technologies-ca2/data/IMG/center_2026_08_29_20_13_51_627.jpg,/Users/martin/smart-technologies-ca2/data/IMG/left_2026_08_29_20_13_51_627.jpg,/Users/martin/smart-technologies-ca2/data/IMG/right_2026_08_29_20_13_51_627.jpg,0.5000001,1.0,0,30.14535
/Users/martin/smart-technologies-ca2/data/IMG/center_2026_08_29_20_13_52_106.jpg,/Users/martin/smart-technologies-ca2/data/IMG/left_2026_08_29_20_13_52_106.jpg,/Users/martin/smart-technologies-ca2/data/IMG/right_2026_08_29_20_13_52_106.jpg,0.25,1.0,0,30.17533
/Users/martin/smart-technologies-ca2/data/IMG/center_2026_08_29_20_13_52_173.jpg,/Users/martin/smart-technologies-ca2/data/IMG/left_2026_08_29_20_13_52_173.jpg,/Users/martin/smart-technologies-ca2/data/IMG/right_2026_08_29_20_13_52_173.jpg,0.4,1.0,0,30.15793
/Users/martin/smart-technologies-ca2/data/IMG/center_2026_08_29_20_13_52_514.jpg,/Users/martin/smart-technologies-ca2/data/IMG/left_2026_08_29_20_13_52_514.jpg,/Users/martin/smart-technologies-ca2/data/IMG/right_2026_08_29_20_13_52_514.jpg,0.0,1.0,0,30.19013
/Users/martin/smart-technologies-ca2/data/IMG/center_2026_08_29_20_13_53_192.jpg,/Users/martin/smart-technologies-ca2/data/IMG/left_2026_08_29_20_13_53_192.jpg,/Users/martin/smart-technologies-ca2/data/IMG/right_2026_08_29_20_13_53_192.jpg,0.2,1.0,0,30.17979
/Users/martin/smart-technologies-ca2/data/IMG/center_2026_08_29_20_13_53_262.jpg,/Users/martin/smart-technologies-ca2/data/IMG/left_2026_08_29_20_13_53_262.jpg,/Users/martin/smart-technologies-ca2/data/IMG/right_2026_08_29_20_13_53_262.jpg,0.35,1.0,0,30.16374
/Users/martin/smart-technologies-ca2/data/IMG/center_2026_08_29_20_13_53_606.jpg,/Users/martin/smart-technologies-ca2/data/IMG/left_2026_08_29_20_13_53_606.jpg,/Users/martin/smart-technologies-ca2/data/IMG/right_2026_08_29_20_13_53_606.jpg,0.1,1.0,0,30.18825
/Users/martin/smart-technologies-ca2/data/IMG/center_2026_08_29_20_13_53_673.jpg,/Users/martin/smart-technologies-ca2/data/IMG/left_2026_08_29_20_13_53_673.jpg,/Users/martin/smart-technologies-ca2/data/IMG/right_2026_08_29_20_13_53_673.jpg,0.25,1.0,0,30.17563
/Users/martin/smart-technologies-ca2/data/IMG/center_2026_08_29_20_13_53_740.jpg,/Users/martin/smart-technologies-ca2/data/IMG/left_2026_08_29_20_13_53_740.jpg,/Users/martin/smart-technologies-ca2/data/IMG/right_2026_08_29_20_13_53_740.jpg,0.4,1.0,0,30.1582
/Users/martin/smart-technologies-ca2/data/IMG/center_2026_08_29_20_13_54_220.jpg,/Users/martin/smart-technologies-ca2/data/IMG/left_2026_08_29_20_13_54_220.jpg,/Users/martin/smart-technologies-ca2/data/IMG/right_2026_08_29_20_13_54_220.jpg,0.2,1.0,0,30.18013
/Users/martin/smart-technologies-ca2/data/IMG/center_2026_08_29_20_13_54_290.jpg,/Users/martin/smart-technologies-ca2/data/IMG/left_2026_08_29_20_13_54_290.jpg,/Users/martin/smart-technologies-ca2/data/IMG/right_2026_08_29_20_13_54_290.jpg,0.4,1.0,0,30.15771
/Users/martin/smart-technologies-ca2/data/IMG/center_2026_08_29_20_13_54_358.jpg,/Users/martin/smart-technologies-ca2/data/IMG/left_2026_08_29_20_13_54_358.jpg,/Users/martin/smart-technologies-ca2/data/IMG/right_2026_08_29_20_13_54_358.jpg,0.5500001,1.0,0,30.13936
/Users/martin/smart-technologies-ca2/data/IMG/center_2026_08_29_20_13_54_428.jpg,/Users/martin/smart-technologies-ca2/data/IMG/left_2026_08_29_20_13_54_428.jpg,/Users/martin/smart-technologies-ca2/data/IMG/right_2026_08_29_20_13_54_428.jpg,0.7500002,1.0,0,30.11469
/Users/martin/smart-technologies-ca2/data/IMG/center_2026_08_29_20_13_55_790.jpg,/Users/martin/smart-technologies-ca2/data/IMG/left_2026_08_29_20_13_55_790.jpg,/Users/martin/smart-technologies-ca2/data/IMG/right_2026_08_29_20_13_55_790.jpg,0.0,1.0,0,30.19031
/Users/martin/smart-technologies-ca2/data/IMG/center_2026_08_29_20_13_55_926.jpg,/Users/martin/smart-technologies-ca2/data/IMG/left_2026_08_29_20_13_55_926.jpg,/Users/martin/smart-technologies-ca2/data/IMG/right_2026_08_29_20_13_55_926.jpg,0.1,1.0,0,30.18718
/Users/martin/smart-technologies-ca2/data/IMG/center_2026_08_29_20_13_55_994.jpg,/Users/martin/smart-technologies-ca2/data/IMG/left_2026_08_29_20_13_55_994.jpg,/Users/martin/smart-technologies-ca2/data/IMG/right_2026_08_29_20_13_55_994.jpg,0.25,1.0,0,30.17483
/Users/martin/smart-technologies-ca2/data/IMG/center_2026_08_29_20_13_56_063.jpg,/Users/martin/smart-technologies-ca2/data/IMG/left_2026_08_29_20_13_56_063.jpg,/Users/martin/smart-technologies-ca2/data/IMG/right_2026_08_29_20_13_56_063.jpg,0.45,1.0,0,30.15148
/Users/martin/smart-technologies-ca2/data/IMG/center_2026_08_29_20_13_56_131.jpg,/Users/martin/smart-technologies-ca2/data/IMG/left_2026_08_29_20_13_56_131.jpg,/Users/martin/smart-technologies-ca2/data/IMG/right_2026_08_29_20_13_56_131.jpg,0.6000001,1.0,0,30.1331
/Users/martin/smart-technologies-ca2/data/IMG/center_2026_08_29_20_13_56_476.jpg,/Users/martin/smart-technologies-ca2/data/IMG/left_2026_08_29_20_13_56_476.jpg,/Users/martin/smart-technologies-ca2/data/IMG/right_2026_08_29_20_13_56_476.jpg,0.2,1.0,0,30.18192
/Users/martin/smart-technologies-ca2/data/IMG/center_2026_08_29_20_13_56_543.jpg,/Users/martin/smart-technologies-ca2/data/IMG/left_2026_08_29_20_13_56_543.jpg,/Users/martin/smart-technologies-ca2/data/IMG/right_2026_08_29_20_13_56_543.jpg,0.4,1.0,0,30.15925
/Users/martin/smart-technologies-ca2/data/IMG/center_2026_08_29_20_13_56_950.jpg,/Users/martin/smart-technologies-ca2/data/IMG/left_2026_08_29_20_13_56_950.jpg,/Users/martin/smart-technologies-ca2/data/IMG/right_2026_08_29_20_13_56_950.jpg,0.0,1.0,0,30.1903
/Users/martin/smart-technologies-ca2/data/IMG/center_2026_08_29_20_13_57_020.jpg,/Users/martin/smart-technologies-ca2/data/IMG/left_2026_08_29_20_13_57_020.jpg,/Users/martin/smart-technologies-ca2/data/IMG/right_2026_08_29_20_13_57_020.jpg,0.15,1.0,0,30.18478
/Users/martin/smart-technologies-ca2/data/IMG/center_2026_08_29_20_13_57_087.jpg,/Users/martin/smart-technologies-ca2/data/IMG/left_2026_08_29_20_13_57_087.jpg,/Users/martin/smart-technologies-ca2/data/IMG/right_2026_08_29_20_13_57_087.jpg,0.35,1.0,0,30.16394
/Users/martin/smart-technologies-ca2/data/IMG/center_2026_08_29_20_13_57_362.jpg,/Users/martin/smart-technologies-ca2/data/IMG/left_2026_08_29_20_13_57_362.jpg,/Users/martin/smart-technologies-ca2/data/IMG/right_2026_08_29_20_13_57_362.jpg,0.1,1.0,0,30.18859
/Users/martin/smart-technologies-ca2/data/IMG/center_2026_08_29_20_13_57_429.jpg,/Users/martin/smart-technologies-ca2/data/IMG/left_2026_08_29_20_13_57_429.jpg,/Users/martin/smart-technologies-ca2/data/IMG/right_2026_08_29_20_13_57_429.jpg,0.3,1.0,0,30.17056
/Users/martin/smart-technologies-ca2/data/IMG/center_2026_08_29_20_13_57_496.jpg,/Users/martin/smart-technologies-ca2/data/IMG/left_2026_08_29_20_13_57_496.jpg,/Users/martin/smart-technologies-ca2/data/IMG/right_2026_08_29_20_13_57_496.jpg,0.45,1.0,0,30.15249
/Users/martin/smart-technologies-ca2/data/IMG/center_2026_08_29_20_13_57_909.jpg,/Users/martin/smart-technologies-ca2/data/IMG/left_2026_08_29_20_13_57_909.jpg,/Users/martin/smart-technologies-ca2/data/IMG/right_2026_08_29_20_13_57_909.jpg,0.25,1.0,0,30.17554
/Users/martin/smart-technologies-ca2/data/IMG/center_2026_08_29_20_13_57_978.jpg,/Users/martin/smart-technologies-ca2/data/IMG/left_2026_08_29_20_13_57_978.jpg,/Users/martin/smart-technologies-ca2/data/IMG/right_2026_08_29_20_13_57_978.jpg,0.4,1.0,0,30.1582
/Users/martin/smart-technologies-ca2/data/IMG/center_2026_08_29_20_13_58_389.jpg,/Users/martin/smart-technologies-ca2/data/IMG/left_2026_08_29_20_13_58_389.jpg,/Users/martin/smart-technologies-ca2/data/IMG/right_2026_08_29_20_13_58_389.jpg,0.1,1.0,0,30.18838
/Users/martin/smart-technologies-ca2/data/IMG/center_2026_08_29_20_13_58_457.jpg,/Users/martin/smart-technologies-ca2/data/IMG/left_2026_08_29_20_13_58_457.jpg,/Users/martin/smart-technologies-ca2/data/IMG/right_2026_08_29_20_13_58_457.jpg,0.25,1.0,0,30.1758
/Users/martin/smart-technologies-ca2/data/IMG/center_2026_08_29_20_13_58_872.jpg,/Users/martin/smart-technologies-ca2/data/IMG/left_2026_08_29_20_13_58_872.jpg,/Users/martin/smart-technologies-ca2/data/IMG/right_2026_08_29_20_13_58_872.jpg,0.2,1.0,0,30.18061
/Users/martin/smart-technologies-ca2/data/IMG/center_2026_08_29_20_13_58_942.jpg,/Users/martin/smart-technologies-ca2/data/IMG/left_2026_08_29_20_13_58_942.jpg,/Users/martin/smart-technologies-ca2/data/IMG/right_2026_08_29_20_13_58_942.jpg,0.35,1.0,0,30.16404
/Users/martin/smart-technologies-ca2/data/IMG/center_2026_08_29_20_13_59_221.jpg,/Users/martin/smart-technologies-ca2/data/IMG/left_2026_08_29_20_13_59_221.jpg,/Users/martin/smart-technologies-ca2/data/IMG/right_2026_08_29_20_13_59_221.jpg,0.0,1.0,0,30.19031
/Users/martin/smart-technologies-ca2/data/IMG/center_2026_08_29_20_13_59_291.jpg,/Users/martin/smart-technologies-ca2/data/IMG/left_2026_08_29_20_13_59_291.jpg,/Users/martin/smart-technologies-ca2/data/IMG/right_2026_08_29_20_13_59_291.jpg,0.15,1.0,0,30.18473
/Users/martin/smart-technologies-ca2/data/IMG/center_2026_08_29_20_13_59_358.jpg,/Users/martin/smart-technologies-ca2/data/IMG/left_2026_08_29_20_13_59_358.jpg,/Users/martin/smart-technologies-ca2/data/IMG/right_2026_08_29_20_13_59_358.jpg,0.3,1.0,0,30.16993
/Users/martin/smart-technologies-ca2/data/IMG/center_2026_08_29_20_13_59_425.jpg,/Users/martin/smart-technologies-ca2/data/IMG/left_2026_08_29_20_13_59_425.jpg,/Users/martin/smart-technologies-ca2/data/IMG/right_2026_08_29_20_13_59_425.jpg,0.0,1.0,0,30.1897
/Users/martin/smart-technologies-ca2/data/IMG/center_2026_08_29_20_13_59_841.jpg,/Users/martin/smart-technologies-ca2/data/IMG/left_2026_08_29_20_13_59_841.jpg,/Users/martin/smart-technologies-ca2/data/IMG/right_2026_08_29_20_13_59_841.jpg,0.2,1.0,0,30.18022
/Users/martin/smart-technologies-ca2/data/IMG/center_2026_08_29_20_13_59_908.jpg,/Users/martin/smart-technologies-ca2/data/IMG/left_2026_08_29_20_13_59_908.jpg,/Users/martin/smart-technologies-ca2/data/IMG/right_2026_08_29_20_13_59_908.jpg,0.4,1.0,0,30.15774
/Users/martin/smart-technologies-ca2/data/IMG/center_2026_08_29_20_14_00_387.jpg,/Users/martin/smart-technologies-ca2/data/IMG/left_2026_08_29_20_14_00_387.jpg,/Users/martin/smart-technologies-ca2/data/IMG/right_2026_08_29_20_14_00_387.jpg,0.15,1.0,0,30.18454
/Users/martin/smart-technologies-ca2/data/IMG/center_2026_08_29_20_14_00_937.jpg,/Users/martin/smart-technologies-ca2/data/IMG/left_2026_08_29_20_14_00_937.jpg,/Users/martin/smart-technologies-ca2/data/IMG/right_2026_08_29_20_14_00_937.jpg,0.2,1.0,0,30.17995
/Users/martin/smart-technologies-ca2/data/IMG/center_2026_08_29_20_14_01_350.jpg,/Users/martin/smart-technologies-ca2/data/IMG/left_2026_08_29_20_14_01_350.jpg,/Users/martin/smart-technologies-ca2/data/IMG/right_2026_08_29_20_14_01_350.jpg,0.15,1.0,0,30.18448
/Users/martin/smart-technologies-ca2/data/IMG/center_2026_08_29_20_14_01_417.jpg,/Users/martin/smart-technologies-ca2/data/IMG/left_2026_08_29_20_14_01_417.jpg,/Users/martin/smart-technologies-ca2/data/IMG/right_2026_08_29_20_14_01_417.jpg,0.3,1.0,0,30.16952
/Users/martin/smart-technologies-ca2/data/IMG/center_2026_08_29_20_14_02_440.jpg,/Users/martin/smart-technologies-ca2/data/IMG/left_2026_08_29_20_14_02_440.jpg,/Users/martin/smart-technologies-ca2/data/IMG/right_2026_08_29_20_14_02_440.jpg,0.15,1.0,0,30.18422
/Users/martin/smart-technologies-ca2/data/IMG/center_2026_08_29_20_14_02_508.jpg,/Users/martin/smart-technologies-ca2/data/IMG/left_2026_08_29_20_14_02_508.jpg,/Users/martin/smart-technologies-ca2/data/IMG/right_2026_08_29_20_14_02_508.jpg,0.35,1.0,0,30.16344
/Users/martin/smart-technologies-ca2/data/IMG/center_2026_08_29_20_14_02_576.jpg,/Users/martin/smart-technologies-ca2/data/IMG/left_2026_08_29_20_14_02_576.jpg,/Users/martin/smart-technologies-ca2/data/IMG/right_2026_08_29_20_14_02_576.jpg,0.5000001,1.0,0,30.14536
/Users/martin/smart-technologies-ca2/data/IMG/center_2026_08_29_20_14_03_193.jpg,/Users/martin/smart-technologies-ca2/data/IMG/left_2026_08_29_20_14_03_193.jpg,/Users/martin/smart-technologies-ca2/data/IMG/right_2026_08_29_20_14_03_193.jpg,0.0,1.0,0,30.19028
/Users/martin/smart-technologies-ca2/data/IMG/center_2026_08_29_20_14_03_466.jpg,/Users/martin/smart-technologies-ca2/data/IMG/left_2026_08_29_20_14_03_466.jpg,/Users/martin/smart-technologies-ca2/data/IMG/right_2026_08_29_20_14_03_466.jpg,0.0,1.0,0,30.1903
/Users/martin/smart-technologies-ca2/data/IMG/center_2026_08_29_20_14_03_743.jpg,/Users/martin/smart-technologies-ca2/data/IMG/left_2026_08_29_20_14_03_743.jpg,/Users/martin/smart-technologies-ca2/data/IMG/right_2026_08_29_20_14_03_743.jpg,0.0,1.0,0,30.19031
/Users/martin/smart-technologies-ca2/data/IMG/center_2026_08_29_20_14_04_836.jpg,/Users/martin/smart-technologies-ca2/data/IMG/left_2026_08_29_20_14_04_836.jpg,/Users/martin/smart-technologies-ca2/data/IMG/right_2026_08_29_20_14_04_836.jpg,0.15,1.0,0,30.18407
/Users/martin/smart-technologies-ca2/data/IMG/center_2026_08_29_20_14_04_903.jpg,/Users/martin/smart-technologies-ca2/data/IMG/left_2026_08_29_20_14_04_903.jpg,/Users/martin/smart-technologies-ca2/data/IMG/right_2026_08_29_20_14_04_903.jpg,0.35,1.0,0,30.16363
/Users/martin/smart-technologies-ca2/data/IMG/center_2026_08_29_20_14_04_972.jpg,/Users/martin/smart-technologies-ca2/data/IMG/left_2026_08_29_20_14_04_972.jpg,/Users/martin/smart-technologies-ca2/data/IMG/right_2026_08_29_20_14_04_972.jpg,0.5000001,1.0,0,30.14576
/Users/martin/smart-technologies-ca2/data/IMG/center_2026_08_29_20_14_05_039.jpg,/Users/martin/smart-technologies-ca2/data/IMG/left_2026_08_29_20_14_05_039.jpg,/Users/martin/smart-technologies-ca2/data/IMG/right_2026_08_29_20_14_05_039.jpg,0.6500001,1.0,0,30.12736
/Users/martin/smart-technologies-ca2/data/IMG/center_2026_08_29_20_14_05_106.jpg,/Users/martin/smart-technologies-ca2/data/IMG/left_2026_08_29_20_14_05_106.jpg,/Users/martin/smart-technologies-ca2/data/IMG/right_2026_08_29_20_14_05_106.jpg,0.0,1.0,0,30.18369
/Users/martin/smart-technologies-ca2/data/IMG/center_2026_08_29_20_14_05_175.jpg,/Users/martin/smart-technologies-ca2/data/IMG/left_2026_08_29_20_14_05_175.jpg,/Users/martin/smart-technologies-ca2/data/IMG/right_2026_08_29_20_14_05_175.jpg,0.0,1.0,0,30.18836
/Users/martin/smart-technologies-ca2/data/IMG/center_2026_08_29_20_14_05_520.jpg,/Users/martin/smart-technologies-ca2/data/IMG/left_2026_08_29_20_14_05_520.jpg,/Users/martin/smart-technologies-ca2/data/IMG/right_2026_08_29_20_14_05_520.jpg,0.0,1.0,0,30.19027
/Users/martin/smart-technologies-ca2/data/IMG/center_2026_08_29_20_14_06_545.jpg,/Users/martin/smart-technologies-ca2/data/IMG/left_2026_08_29_20_14_06_545.jpg,/Users/martin/smart-technologies-ca2/data/IMG/right_2026_08_29_20_14_06_545.jpg,0.0,1.0,0,30.1903
/Users/martin/smart-technologies-ca2/data/IMG/center_2026_08_29_20_14_08_106.jpg,/Users/martin/smart-technologies-ca2/data/IMG/left_2026_08_29_20_14_08_106.jpg,/Users/martin/smart-technologies-ca2/data/IMG/right_2026_08_29_20_14_08_106.jpg,0.0,1.0,0,30.19031
/Users/martin/smart-technologies-ca2/data/IMG/center_2026_08_29_20_14_08_312.jpg,/Users/martin/smart-technologies-ca2/data/IMG/left_2026_08_29_20_14_08_312.jpg,/Users/martin/smart-technologies-ca2/data/IMG/right_2026_08_29_20_14_08_312.jpg,0.0,1.0,0,30.19029
/Users/martin/smart-technologies-ca2/data/IMG/center_2026_08_29_20_14_08_450.jpg,/Users/martin/smart-technologies-ca2/data/IMG/left_2026_08_29_20_14_08_450.jpg,/Users/martin/smart-technologies-ca2/data/IMG/right_2026_08_29_20_14_08_450.jpg,0.15,1.0,0,30.18424
/Users/martin/smart-technologies-ca2/data/IMG/center_2026_08_29_20_14_08_518.jpg,/Users/martin/smart-technologies-ca2/data/IMG/left_2026_08_29_20_14_08_518.jpg,/Users/martin/smart-technologies-ca2/data/IMG/right_2026_08_29_20_14_08_518.jpg,0.3,1.0,0,30.16923
/Users/martin/smart-technologies-ca2/data/IMG/center_2026_08_29_20_14_08_791.jpg,/Users/martin/smart-technologies-ca2/data/IMG/left_2026_08_29_20_14_08_791.jpg,/Users/martin/smart-technologies-ca2/data/IMG/right_2026_08_29_20_14_08_791.jpg,0.0,1.0,0,30.19011
/Users/martin/smart-technologies-ca2/data/IMG/center_2026_08_29_20_14_09_400.jpg,/Users/martin/smart-technologies-ca2/data/IMG/left_2026_08_29_20_14_09_400.jpg,/Users/martin/smart-technologies-ca2/data/IMG/right_2026_08_29_20_14_09_400.jpg,0.15,1.0,0,30.18418
/Users/martin/smart-technologies-ca2/data/IMG/center_2026_08_29_20_14_09_467.jpg,/Users/martin/smart-technologies-ca2/data/IMG/left_2026_08_29_20_14_09_467.jpg,/Users/martin/smart-technologies-ca2/data/IMG/right_2026_08_29_20_14_09_467.jpg,0.35,1.0,0,30.1634
/Users/martin/smart-technologies-ca2/data/IMG/center_2026_08_29_20_14_10_083.jpg,/Users/martin/smart-technologies-ca2/data/IMG/left_2026_08_29_20_14_10_083.jpg,/Users/martin/smart-technologies-ca2/data/IMG/right_2026_08_29_20_14_10_083.jpg,0.0,1.0,0,30.19034
/Users/martin/smart-technologies-ca2/data/IMG/center_2026_08_29_20_14_11_449.jpg,/Users/martin/smart-technologies-ca2/data/IMG/left_2026_08_29_20_14_11_449.jpg,/Users/martin/smart-technologies-ca2/data/IMG/right_2026_08_29_20_14_11_449.jpg,0.0,1.0,0,30.19031
/Users/martin/smart-technologies-ca2/data/IMG/center_2026_08_29_20_14_12_879.jpg,/Users/martin/smart-technologies-ca2/data/IMG/left_2026_08_29_20_14_12_879.jpg,/Users/martin/smart-technologies-ca2/data/IMG/right_2026_08_29_20_14_12_879.jpg,0.2,1.0,0,30.17983
/Users/martin/smart-technologies-ca2/data/IMG/center_2026_08_29_20_14_12_946.jpg,/Users/martin/smart-technologies-ca2/data/IMG/left_2026_08_29_20_14_12_946.jpg,/Users/martin/smart-technologies-ca2/data/IMG/right_2026_08_29_20_14_12_946.jpg,0.4,1.0,0,30.15753
/Users/martin/smart-technologies-ca2/data/IMG/center_2026_08_29_20_14_13_558.jpg,/Users/martin/smart-technologies-ca2/data/IMG/left_2026_08_29_20_14_13_558.jpg,/Users/martin/smart-technologies-ca2/data/IMG/right_2026_08_29_20_14_13_558.jpg,0.0,1.0,0,30.19028
/Users/martin/smart-technologies-ca2/data/IMG/center_2026_08_29_20_14_13_830.jpg,/Users/martin/smart-technologies-ca2/data/IMG/left_2026_08_29_20_14_13_830.jpg,/Users/martin/smart-technologies-ca2/data/IMG/right_2026_08_29_20_14_13_830.jpg,-0.15,1.0,0,30.18427
/Users/martin/smart-technologies-ca2/data/IMG/center_2026_08_29_20_14_14_648.jpg,/Users/martin/smart-technologies-ca2/data/IMG/left_2026_08_29_20_14_14_648.jpg,/Users/martin/smart-technologies-ca2/data/IMG/right_2026_08_29_20_14_14_648.jpg,0.0,1.0,0,30.1903
/Users/martin/smart-technologies-ca2/data/IMG/center_2026_08_29_20_14_15_536.jpg,/Users/martin/smart-technologies-ca2/data/IMG/left_2026_08_29_20_14_15_536.jpg,/Users/martin/smart-technologies-ca2/data/IMG/right_2026_08_29_20_14_15_536.jpg,0.2,1.0,0,30.17984
/Users/martin/smart-technologies-ca2/data/IMG/center_2026_08_29_20_14_16_014.jpg,/Users/martin/smart-technologies-ca2/data/IMG/left_2026_08_29_20_14_16_014.jpg,/Users/martin/smart-technologies-ca2/data/IMG/right_2026_08_29_20_14_16_014.jpg,0.0,1.0,0,30.1903
/Users/martin/smart-technologies-ca2/data/IMG/center_2026_08_29_20_14_16_826.jpg,/Users/martin/smart-technologies-ca2/data/IMG/left_2026_08_29_20_14_16_826.jpg,/Users/martin/smart-technologies-ca2/data/IMG/right_2026_08_29_20_14_16_826.jpg,0.0,1.0,0,30.1903
/Users/martin/smart-technologies-ca2/data/IMG/center_2026_08_29_20_14_17_716.jpg,/Users/martin/smart-technologies-ca2/data/IMG/left_2026_08_29_20_14_17_716.jpg,/Users/martin/smart-technologies-ca2/data/IMG/right_2026_08_29_20_14_17_716.jpg,0.0,1.0,0,30.19045
/Users/martin/smart-technologies-ca2/data/IMG/center_2026_08_29_20_14_17_989.jpg,/Users/martin/smart-technologies-ca2/data/IMG/left_2026_08_29_20_14_17_989.jpg,/Users/martin/smart-technologies-ca2/data/IMG/right_2026_08_29_20_14_17_989.jpg,0.1,1.0,0,30.18757
/Users/martin/smart-technologies-ca2/data/IMG/center_2026_08_29_20_14_18_059.jpg,/Users/martin/smart-technologies-ca2/data/IMG/left_2026_08_29_20_14_18_059.jpg,/Users/martin/smart-technologies-ca2/data/IMG/right_2026_08_29_20_14_18_059.jpg,0.25,1.0,0,30.17492
/Users/martin/smart-technologies-ca2/data/IMG/center_2026_08_29_20_14_18_126.jpg,/Users/martin/smart-technologies-ca2/data/IMG/left_2026_08_29_20_14_18_126.jpg,/Users/martin/smart-technologies-ca2/data/IMG/right_2026_08_29_20_14_18_126.jpg,0.45,1.0,0,30.15195
/Users/martin/smart-technologies-ca2/data/IMG/center_2026_08_29_20_14_21_130.jpg,/Users/martin/smart-technologies-ca2/data/IMG/left_2026_08_29_20_14_21_130.jpg,/Users/martin/smart-technologies-ca2/data/IMG/right_2026_08_29_20_14_21_130.jpg,0.15,1.0,0,30.18424
/Users/martin/smart-technologies-ca2/data/IMG/center_2026_08_29_20_14_21_198.jpg,/Users/martin/smart-technologies-ca2/data/IMG/left_2026_08_29_20_14_21_198.jpg,/Users/martin/smart-technologies-ca2/data/IMG/right_2026_08_29_20_14_21_198.jpg,0.3,1.0,0,30.16947
/Users/martin/smart-technologies-ca2/data/IMG/center_2026_08_29_20_14_21_268.jpg,/Users/martin/smart-technologies-ca2/data/IMG/left_2026_08_29_20_14_21_268.jpg,/Users/martin/smart-technologies-ca2/data/IMG/right_2026_08_29_20_14_21_268.jpg,0.5000001,1.0,0,30.14567
/Users/martin/smart-technologies-ca2/data/IMG/center_2026_08_29_20_14_21_336.jpg,/Users/martin/smart-technologies-ca2/data/IMG/left_2026_08_29_20_14_21_336.jpg,/Users/martin/smart-technologies-ca2/data/IMG/right_2026_08_29_20_14_21_336.jpg,0.6500001,1.0,0,30.12742
/Users/martin/smart-technologies-ca2/data/IMG/center_2026_08_29_20_14_21_474.jpg,/Users/martin/smart-technologies-ca2/data/IMG/left_2026_08_29_20_14_21_474.jpg,/Users/martin/smart-technologies-ca2/data/IMG/right_2026_08_29_20_14_21_474.jpg,0.0,1.0,0,30.18833
/Users/martin/smart-technologies-ca2/data/IMG/center_2026_08_29_20_14_22_025.jpg,/Users/martin/smart-technologies-ca2/data/IMG/left_2026_08_29_20_14_22_025.jpg,/Users/martin/smart-technologies-ca2/data/IMG/right_2026_08_29_20_14_22_025.jpg,-0.2,1.0,0,30.17987
/Users/martin/smart-technologies-ca2/data/IMG/center_2026_08_29_20_14_22_506.jpg,/Users/martin/smart-technologies-ca2/data/IMG/left_2026_08_29_20_14_22_506.jpg,/Users/martin/smart-technologies-ca2/data/IMG/right_2026_08_29_20_14_22_506.jpg,0.0,1.0,0,30.19039
/Users/martin/smart-technologies-ca2/data/IMG/center_2026_08_29_20_14_23_603.jpg,/Users/martin/smart-technologies-ca2/data/IMG/left_2026_08_29_20_14_23_603.jpg,/Users/martin/smart-technologies-ca2/data/IMG/right_2026_08_29_20_14_23_603.jpg,0.0,1.0,0,30.19035
/Users/martin/smart-technologies-ca2/data/IMG/center_2026_08_29_20_14_25_667.jpg,/Users/martin/smart-technologies-ca2/data/IMG/left_2026_08_29_20_14_25_667.jpg,/Users/martin/smart-technologies-ca2/data/IMG/right_2026_08_29_20_14_25_667.jpg,0.2,1.0,0,30.17985
/Users/martin/smart-technologies-ca2/data/IMG/center_2026_08_29_20_14_25_734.jpg,/Users/martin/smart-technologies-ca2/data/IMG/left_2026_08_29_20_14_25_734.jpg,/Users/martin/smart-technologies-ca2/data/IMG/right_2026_08_29_20_14_25_734.jpg,0.35,1.0,0,30.1637
/Users/martin/smart-technologies-ca2/data/IMG/center_2026_08_29_20_14_25_803.jpg,/Users/martin/smart-technologies-ca2/data/IMG/left_2026_08_29_20_14_25_803.jpg,/Users/martin/smart-technologies-ca2/data/IMG/right_2026_08_29_20_14_25_803.jpg,0.5500001,1.0,0,30.13928
/Users/martin/smart-technologies-ca2/data/IMG/center_2026_08_29_20_14_26_625.jpg,/Users/martin/smart-technologies-ca2/data/IMG/left_2026_08_29_20_14_26_625.jpg,/Users/martin/smart-technologies-ca2/data/IMG/right_2026_08_29_20_14_26_625.jpg,0.0,1.0,0,30.19013
/Users/martin/smart-technologies-ca2/data/IMG/center_2026_08_29_20_14_26_828.jpg,/Users/martin/smart-technologies-ca2/data/IMG/left_2026_08_29_20_14_26_828.jpg,/Users/martin/smart-technologies-ca2/data/IMG/right_2026_08_29_20_14_26_828.jpg,0.15,1.0,0,30.18427
/Users/martin/smart-technologies-ca2/data/IMG/center_2026_08_29_20_14_26_896.jpg,/Users/martin/smart-technologies-ca2/data/IMG/left_2026_08_29_20_14_26_896.jpg,/Users/martin/smart-technologies-ca2/data/IMG/right_2026_08_29_20_14_26_896.jpg,0.3,1.0,0,30.16953
/Users/martin/smart-technologies-ca2/data/IMG/center_2026_08_29_20_14_26_963.jpg,/Users/martin/smart-technologies-ca2/data/IMG/left_2026_08_29_20_14_26_963.jpg,/Users/martin/smart-technologies-ca2/data/IMG/right_2026_08_29_20_14_26_963.jpg,0.45,1.0,0,30.15201
/Users/martin/smart-technologies-ca2/data/IMG/center_2026_08_29_20_14_27_920.jpg,/Users/martin/smart-technologies-ca2/data/IMG/left_2026_08_29_20_14_27_920.jpg,/Users/martin/smart-technologies-ca2/data/IMG/right_2026_08_29_20_14_27_920.jpg,0.1,1.0,0,30.18771
/Users/martin/smart-technologies-ca2/data/IMG/center_2026_08_29_20_14_27_987.jpg,/Users/martin/smart-technologies-ca2/data/IMG/left_2026_08_29_20_14_27_987.jpg,/Users/martin/smart-technologies-ca2/data/IMG/right_2026_08_29_20_14_27_987.jpg,0.3,1.0,0,30.16943
/Users/martin/smart-technologies-ca2/data/IMG/center_2026_08_29_20_14_28_054.jpg,/Users/martin/smart-technologies-ca2/data/IMG/left_2026_08_29_20_14_28_054.jpg,/Users/martin/smart-technologies-ca2/data/IMG/right_2026_08_29_20_14_28_054.jpg,0.45,1.0,0,30.15197
/Users/martin/smart-technologies-ca2/data/IMG/center_2026_08_29_20_14_29_909.jpg,/Users/martin/smart-technologies-ca2/data/IMG/left_2026_08_29_20_14_29_909.jpg,/Users/martin/smart-technologies-ca2/data/IMG/right_2026_08_29_20_14_29_909.jpg,0.15,1.0,0,30.18421
/Users/martin/smart-technologies-ca2/data/IMG/center_2026_08_29_20_14_29_978.jpg,/Users/martin/smart-technologies-ca2/data/IMG/left_2026_08_29_20_14_29_978.jpg,/Users/martin/smart-technologies-ca2/data/IMG/right_2026_08_29_20_14_29_978.jpg,0.3,1.0,0,30.16922
/Users/martin/smart-technologies-ca2/data/IMG/center_2026_08_29_20_14_30_048.jpg,/Users/martin/smart-technologies-ca2/data/IMG/left_2026_08_29_20_14_30_048.jpg,/Users/martin/smart-technologies-ca2/data/IMG/right_2026_08_29_20_14_30_048.jpg,0.5000001,1.0,0,30.14537
/Users/martin/smart-technologies-ca2/data/IMG/center_2026_08_29_20_14_30_116.jpg,/Users/martin/smart-technologies-ca2/data/IMG/left_2026_08_29_20_14_30_116.jpg,/Users/martin/smart-technologies-ca2/data/IMG/right_2026_08_29_20_14_30_116.jpg,0.6500001,1.0,0,30.12706
/Users/martin/smart-technologies-ca2/data/IMG/center_2026_08_29_20_14_30_186.jpg,/Users/martin/smart-technologies-ca2/data/IMG/left_2026_08_29_20_14_30_186.jpg,/Users/martin/smart-technologies-ca2/data/IMG/right_2026_08_29_20_14_30_186.jpg,0.0,1.0,0,30.17929
/Users/martin/smart-technologies-ca2/data/IMG/center_2026_08_29_20_14_31_081.jpg,/Users/martin/smart-technologies-ca2/data/IMG/left_2026_08_29_20_14_31_081.jpg,/Users/martin/smart-technologies-ca2/data/IMG/right_2026_08_29_20_14_31_081.jpg,0.0,1.0,0,30.19031
/Users/martin/smart-technologies-ca2/data/IMG/center_2026_08_29_20_14_31_150.jpg,/Users/martin/smart-technologies-ca2/data/IMG/left_2026_08_29_20_14_31_150.jpg,/Users/martin/smart-technologies-ca2/data/IMG/right_2026_08_29_20_14_31_150.jpg,0.15,1.0,0,30.18417
/Users/martin/smart-technologies-ca2/data/IMG/center_2026_08_29_20_14_31_218.jpg,/Users/martin/smart-technologies-ca2/data/IMG/left_2026_08_29_20_14_31_218.jpg,/Users/martin/smart-technologies-ca2/data/IMG/right_2026_08_29_20_14_31_218.jpg,0.3,1.0,0,30.16918
/Users/martin/smart-technologies-ca2/data/IMG/center_2026_08_29_20_14_31_285.jpg,/Users/martin/smart-technologies-ca2/data/IMG/left_2026_08_29_20_14_31_285.jpg,/Users/martin/smart-technologies-ca2/data/IMG/right_2026_08_29_20_14_31_285.jpg,0.5000001,1.0,0,30.14533
/Users/martin/smart-technologies-ca2/data/IMG/center_2026_08_29_20_14_32_384.jpg,/Users/martin/smart-technologies-ca2/data/IMG/left_2026_08_29_20_14_32_384.jpg,/Users/martin/smart-technologies-ca2/data/IMG/right_2026_08_29_20_14_32_384.jpg,0.1,1.0,0,30.18763
/Users/martin/smart-technologies-ca2/data/IMG/center_2026_08_29_20_14_32_451.jpg,/Users/martin/smart-technologies-ca2/data/IMG/left_2026_08_29_20_14_32_451.jpg,/Users/martin/smart-technologies-ca2/data/IMG/right_2026_08_29_20_14_32_451.jpg,0.25,1.0,0,30.17444
/Users/martin/smart-technologies-ca2/data/IMG/center_2026_08_29_20_14_32_518.jpg,/Users/martin/smart-technologies-ca2/data/IMG/left_2026_08_29_20_14_32_518.jpg,/Users/martin/smart-technologies-ca2/data/IMG/right_2026_08_29_20_14_32_518.jpg,0.4,1.0,0,30.15746
/Users/martin/smart-technologies-ca2/data/IMG/center_2026_08_29_20_14_32_588.jpg,/Users/martin/smart-technologies-ca2/data/IMG/left_2026_08_29_20_14_32_588.jpg,/Users/martin/smart-technologies-ca2/data/IMG/right_2026_08_29_20_14_32_588.jpg,0.6000001,1.0,0,30.13311
/Users/martin/smart-technologies-ca2/data/IMG/center_2026_08_29_20_14_33_346.jpg,/Users/martin/smart-technologies-ca2/data/IMG/left_2026_08_29_20_14_33_346.jpg,/Users/martin/smart-technologies-ca2/data/IMG/right_2026_08_29_20_14_33_346.jpg,0.0,1.0,0,30.19073
/Users/martin/smart-technologies-ca2/data/IMG/center_2026_08_29_20_14_33_825.jpg,/Users/martin/smart-technologies-ca2/data/IMG/left_2026_08_29_20_14_33_825.jpg,/Users/martin/smart-technologies-ca2/data/IMG/right_2026_08_29_20_14_33_825.jpg,0.1,1.0,0,30.18766
/Users/martin/smart-technologies-ca2/data/IMG/center_2026_08_29_20_14_33_891.jpg,/Users/martin/smart-technologies-ca2/data/IMG/left_2026_08_29_20_14_33_891.jpg,/Users/martin/smart-technologies-ca2/data/IMG/right_2026_08_29_20_14_33_891.jpg,0.25,1.0,0,30.17473
/Users/martin/smart-technologies-ca2/data/IMG/center_2026_08_29_20_14_33_962.jpg,/Users/martin/smart-technologies-ca2/data/IMG/left_2026_08_29_20_14_33_962.jpg,/Users/martin/smart-technologies-ca2/data/IMG/right_2026_08_29_20_14_33_962.jpg,0.4,1.0,0,30.15818
/Users/martin/smart-technologies-ca2/data/IMG/center_2026_08_29_20_14_34_030.jpg,/Users/martin/smart-technologies-ca2/data/IMG/left_2026_08_29_20_14_34_030.jpg,/Users/martin/smart-technologies-ca2/data/IMG/right_2026_08_29_20_14_34_030.jpg,0.6000001,1.0,0,30.13313
/Users/martin/smart-technologies-ca2/data/IMG/center_2026_08_29_20_14_34_368.jpg,/Users/martin/smart-technologies-ca2/data/IMG/left_2026_08_29_20_14_34_368.jpg,/Users/martin/smart-technologies-ca2/data/IMG/right_2026_08_29_20_14_34_368.jpg,0.0,1.0,0,30.19027
/Users/martin/smart-technologies-ca2/data/IMG/center_2026_08_29_20_14_34_783.jpg,/Users/martin/smart-technologies-ca2/data/IMG/left_2026_08_29_20_14_34_783.jpg,/Users/martin/smart-technologies-ca2/data/IMG/right_2026_08_29_20_14_34_783.jpg,0.25,1.0,0,30.17469
/Users/martin/smart-technologies-ca2/data/IMG/center_2026_08_29_20_14_34_850.jpg,/Users/martin/smart-technologies-ca2/data/IMG/left_2026_08_29_20_14_34_850.jpg,/Users/martin/smart-technologies-ca2/data/IMG/right_2026_08_29_20_14_34_850.jpg,0.4,1.0,0,30.15744
/Users/martin/smart-technologies-ca2/data/IMG/center_2026_08_29_20_14_34_917.jpg,/Users/martin/smart-technologies-ca2/data/IMG/left_2026_08_29_20_14_34_917.jpg,/Users/martin/smart-technologies-ca2/data/IMG/right_2026_08_29_20_14_34_917.jpg,0.5500001,1.0,0,30.13909
/Users/martin/smart-technologies-ca2/data/IMG/center_2026_08_29_20_14_35_821.jpg,/Users/martin/smart-technologies-ca2/data/IMG/left_2026_08_29_20_14_35_821.jpg,/Users/martin/smart-technologies-ca2/data/IMG/right_2026_08_29_20_14_35_821.jpg,0.15,1.0,0,30.18419
/Users/martin/smart-technologies-ca2/data/IMG/center_2026_08_29_20_14_35_889.jpg,/Users/martin/smart-technologies-ca2/data/IMG/left_2026_08_29_20_14_35_889.jpg,/Users/martin/smart-technologies-ca2/data/IMG/right_2026_08_29_20_14_35_889.jpg,0.35,1.0,0,30.16337
/Users/martin/smart-technologies-ca2/data/IMG/center_2026_08_29_20_14_35_959.jpg,/Users/martin/smart-technologies-ca2/data/IMG/left_2026_08_29_20_14_35_959.jpg,/Users/martin/smart-technologies-ca2/data/IMG/right_2026_08_29_20_14_35_959.jpg,0.5000001,1.0,0,30.14531
/Users/martin/smart-technologies-ca2/data/IMG/center_2026_08_29_20_14_36_026.jpg,/Users/martin/smart-technologies-ca2/data/IMG/left_2026_08_29_20_14_36_026.jpg,/Users/martin/smart-technologies-ca2/data/IMG/right_2026_08_29_20_14_36_026.jpg,0.7,1.0,0,30.12156
/Users/martin/smart-technologies-ca2/data/IMG/center_2026_08_29_20_14_36_094.jpg,/Users/martin/smart-technologies-ca2/data/IMG/left_2026_08_29_20_14_36_094.jpg,/Users/martin/smart-technologies-ca2/data/IMG/right_2026_08_29_20_14_36_094.jpg,0.8500001,1.0,0,30.10483
/Users/martin/smart-technologies-ca2/data/IMG/center_2026_08_29_20_14_36_234.jpg,/Users/martin/smart-technologies-ca2/data/IMG/left_2026_08_29_20_14_36_234.jpg,/Users/martin/smart-technologies-ca2/data/IMG/right_2026_08_29_20_14_36_234.jpg,0.1,1.0,0,30.18751
/Users/martin/smart-technologies-ca2/data/IMG/center_2026_08_29_20_14_36_922.jpg,/Users/martin/smart-technologies-ca2/data/IMG/left_2026_08_29_20_14_36_922.jpg,/Users/martin/smart-technologies-ca2/data/IMG/right_2026_08_29_20_14_36_922.jpg,0.1,1.0,0,30.1876
/Users/martin/smart-technologies-ca2/data/IMG/center_2026_08_29_20_14_36_994.jpg,/Users/martin/smart-technologies-ca2/data/IMG/left_2026_08_29_20_14_36_994.jpg,/Users/martin/smart-technologies-ca2/data/IMG/right_2026_08_29_20_14_36_994.jpg,0.3,1.0,0,30.16913
/Users/martin/smart-technologies-ca2/data/IMG/center_2026_08_29_20_14_37_060.jpg,/Users/martin/smart-technologies-ca2/data/IMG/left_2026_08_29_20_14_37_060.jpg,/Users/martin/smart-technologies-ca2/data/IMG/right_2026_08_29_20_14_37_060.jpg,0.45,1.0,0,30.15132
/Users/martin/smart-technologies-ca2/data/IMG/center_2026_08_29_20_14_37_133.jpg,/Users/martin/smart-technologies-ca2/data/IMG/left_2026_08_29_20_14_37_133.jpg,/Users/martin/smart-technologies-ca2/data/IMG/right_2026_08_29_20_14_37_133.jpg,0.6500001,1.0,0,30.12633
/Users/martin/smart-technologies-ca2/data/IMG/center_2026_08_29_20_14_37_200.jpg,/Users/martin/smart-technologies-ca2/data/IMG/left_2026_08_29_20_14_37_200.jpg,/Users/martin/smart-technologies-ca2/data/IMG/right_2026_08_29_20_14_37_200.jpg,0.8000001,1.0,0,30.10995
/Users/martin/smart-technologies-ca2/data/IMG/center_2026_08_29_20_14_37_267.jpg,/Users/martin/smart-technologies-ca2/data/IMG/left_2026_08_29_20_14_37_267.jpg,/Users/martin/smart-technologies-ca2/data/IMG/right_2026_08_29_20_14_37_267.jpg,1.0,1.0,0,30.09308
/Users/martin/smart-technologies-ca2/data/IMG/center_2026_08_29_20_14_38_106.jpg,/Users/martin/smart-technologies-ca2/data/IMG/left_2026_08_29_20_14_38_106.jpg,/Users/martin/smart-technologies-ca2/data/IMG/right_2026_08_29_20_14_38_106.jpg,0.2,1.0,0,30.17989
/Users/martin/smart-technologies-ca2/data/IMG/center_2026_08_29_20_14_38_176.jpg,/Users/martin/smart-technologies-ca2/data/IMG/left_2026_08_29_20_14_38_176.jpg,/Users/martin/smart-technologies-ca2/data/IMG/right_2026_08_29_20_14_38_176.jpg,0.35,1.0,0,30.16331
/Users/martin/smart-technologies-ca2/data/IMG/center_2026_08_29_20_14_38_244.jpg,/Users/martin/smart-technologies-ca2/data/IMG/left_2026_08_29_20_14_38_244.jpg,/Users/martin/smart-technologies-ca2/data/IMG/right_2026_08_29_20_14_38_244.jpg,0.5500001,1.0,0,30.1391
/Users/martin/smart-technologies-ca2/data/IMG/center_2026_08_29_20_14_38_311.jpg,/Users/martin/smart-technologies-ca2/data/IMG/left_2026_08_29_20_14_38_311.jpg,/Users/martin/smart-technologies-ca2/data/IMG/right_2026_08_29_20_14_38_311.jpg,0.7,1.0,0,30.121
/Users/martin/smart-technologies-ca2/data/IMG/center_2026_08_29_20_14_38_379.jpg,/Users/martin/smart-technologies-ca2/data/IMG/left_2026_08_29_20_14_38_379.jpg,/Users/martin/smart-technologies-ca2/data/IMG/right_2026_08_29_20_14_38_379.jpg,0.8500001,1.0,0,30.10495
/Users/martin/smart-technologies-ca2/data/IMG/center_2026_08_29_20_14_38_939.jpg,/Users/martin/smart-technologies-ca2/data/IMG/left_2026_08_29_20_14_38_939.jpg,/Users/martin/smart-technologies-ca2/data/IMG/right_2026_08_29_20_14_38_939.jpg,0.2,1.0,0,30.18014
/Users/martin/smart-technologies-ca2/data/IMG/center_2026_08_29_20_14_39_008.jpg,/Users/martin/smart-technologies-ca2/data/IMG/left_2026_08_29_20_14_39_008.jpg,/Users/martin/smart-technologies-ca2/data/IMG/right_2026_08_29_20_14_39_008.jpg,0.4,1.0,0,30.15766
/Users/martin/smart-technologies-ca2/data/IMG/center_2026_08_29_20_14_39_078.jpg,/Users/martin/smart-technologies-ca2/data/IMG/left_2026_08_29_20_14_39_078.jpg,/Users/martin/smart-technologies-ca2/data/IMG/right_2026_08_29_20_14_39_078.jpg,0.5500001,1.0,0,30.13927
/Users/martin/smart-technologies-ca2/data/IMG/center_2026_08_29_20_14_39_700.jpg,/Users/martin/smart-technologies-ca2/data/IMG/left_2026_08_29_20_14_39_700.jpg,/Users/martin/smart-technologies-ca2/data/IMG/right_2026_08_29_20_14_39_700.jpg,0.1,1.0,0,30.18771
/Users/martin/smart-technologies-ca2/data/IMG/center_2026_08_29_20_14_39_771.jpg,/Users/martin/smart-technologies-ca2/data/IMG/left_2026_08_29_20_14_39_771.jpg,/Users/martin/smart-technologies-ca2/data/IMG/right_2026_08_29_20_14_39_771.jpg,0.3,1.0,0,30.16938
/Users/martin/smart-technologies-ca2/data/IMG/center_2026_08_29_20_14_39_841.jpg,/Users/martin/smart-technologies-ca2/data/IMG/left_2026_08_29_20_14_39_841.jpg,/Users/martin/smart-technologies-ca2/data/IMG/right_2026_08_29_20_14_39_841.jpg,0.45,1.0,0,30.15142
/Users/martin/smart-technologies-ca2/data/IMG/center_2026_08_29_20_14_40_529.jpg,/Users/martin/smart-technologies-ca2/data/IMG/left_2026_08_29_20_14_40_529.jpg,/Users/martin/smart-technologies-ca2/data/IMG/right_2026_08_29_20_14_40_529.jpg,0.0,1.0,0,30.19032
/Users/martin/smart-technologies-ca2/data/IMG/center_2026_08_29_20_14_40_941.jpg,/Users/martin/smart-technologies-ca2/data/IMG/left_2026_08_29_20_14_40_941.jpg,/Users/martin/smart-technologies-ca2/data/IMG/right_2026_08_29_20_14_40_941.jpg,0.15,1.0,0,30.18419
/Users/martin/smart-technologies-ca2/data/IMG/center_2026_08_29_20_14_41_556.jpg,/Users/martin/smart-technologies-ca2/data/IMG/left_2026_08_29_20_14_41_556.jpg,/Users/martin/smart-technologies-ca2/data/IMG/right_2026_08_29_20_14_41_556.jpg,0.0,1.0,0,30.19029
/Users/martin/smart-technologies-ca2/data/IMG/center_2026_08_29_20_14_42_036.jpg,/Users/martin/smart-technologies-ca2/data/IMG/left_2026_08_29_20_14_42_036.jpg,/Users/martin/smart-technologies-ca2/data/IMG/right_2026_08_29_20_14_42_036.jpg,0.0,1.0,0,30.1903
/Users/martin/smart-technologies-ca2/data/IMG/center_2026_08_29_20_14_43_667.jpg,/Users/martin/smart-technologies-ca2/data/IMG/left_2026_08_29_20_14_43_667.jpg,/Users/martin/smart-technologies-ca2/data/IMG/right_2026_08_29_20_14_43_667.jpg,0.0,1.0,0,30.19033
/Users/martin/smart-technologies-ca2/data/IMG/center_2026_08_29_20_14_44_825.jpg,/Users/martin/smart-technologies-ca2/data/IMG/left_2026_08_29_20_14_44_825.jpg,/Users/martin/smart-technologies-ca2/data/IMG/right_2026_08_29_20_14_44_825.jpg,0.0,1.0,0,30.19018
/Users/martin/smart-technologies-ca2/data/IMG/center_2026_08_29_20_14_45_027.jpg,/Users/martin/smart-technologies-ca2/data/IMG/left_2026_08_29_20_14_45_027.jpg,/Users/martin/smart-technologies-ca2/data/IMG/right_2026_08_29_20_14_45_027.jpg,-0.1,1.0,0,30.18781
/Users/martin/smart-technologies-ca2/data/IMG/center_2026_08_29_20_14_45_096.jpg,/Users/martin/smart-technologies-ca2/data/IMG/left_2026_08_29_20_14_45_096.jpg,/Users/martin/smart-technologies-ca2/data/IMG/right_2026_08_29_20_14_45_096.jpg,-0.25,1.0,0,30.17475
/Users/martin/smart-technologies-ca2/data/IMG/center_2026_08_29_20_14_45_162.jpg,/Users/martin/smart-technologies-ca2/data/IMG/left_2026_08_29_20_14_45_162.jpg,/Users/martin/smart-technologies-ca2/data/IMG/right_2026_08_29_20_14_45_162.jpg,-0.4,1.0,0,30.15752
/Users/martin/smart-technologies-ca2/data/IMG/center_2026_08_29_20_14_45_231.jpg,/Users/martin/smart-technologies-ca2/data/IMG/left_2026_08_29_20_14_45_231.jpg,/Users/martin/smart-technologies-ca2/data/IMG/right_2026_08_29_20_14_45_231.jpg,-0.6000001,1.0,0,30.13317
/Users/martin/smart-technologies-ca2/data/IMG/center_2026_08_29_20_14_45_298.jpg,/Users/martin/smart-technologies-ca2/data/IMG/left_2026_08_29_20_14_45_298.jpg,/Users/martin/smart-technologies-ca2/data/IMG/right_2026_08_29_20_14_45_298.jpg,-0.7500002,1.0,0,30.11465
/Users/martin/smart-technologies-ca2/data/IMG/center_2026_08_29_20_14_45_837.jpg,/Users/martin/smart-technologies-ca2/data/IMG/left_2026_08_29_20_14_45_837.jpg,/Users/martin/smart-technologies-ca2/data/IMG/right_2026_08_29_20_14_45_837.jpg,0.0,1.0,0,30.19006
/Users/martin/smart-technologies-ca2/data/IMG/center_2026_08_29_20_14_46_042.jpg,/Users/martin/smart-technologies-ca2/data/IMG/left_2026_08_29_20_14_46_042.jpg,/Users/martin/smart-technologies-ca2/data/IMG/right_2026_08_29_20_14_46_042.jpg,-0.05,1.0,0,30.18968
/Users/martin/smart-technologies-ca2/data/IMG/center_2026_08_29_20_14_46_109.jpg,/Users/martin/smart-technologies-ca2/data/IMG/left_2026_08_29_20_14_46_109.jpg,/Users/martin/smart-technologies-ca2/data/IMG/right_2026_08_29_20_14_46_109.jpg,-0.25,1.0,0,30.17459
/Users/martin/smart-technologies-ca2/data/IMG/center_2026_08_29_20_14_46_178.jpg,/Users/martin/smart-technologies-ca2/data/IMG/left_2026_08_29_20_14_46_178.jpg,/Users/martin/smart-technologies-ca2/data/IMG/right_2026_08_29_20_14_46_178.jpg,-0.4,1.0,0,30.15741
/Users/martin/smart-technologies-ca2/data/IMG/center_2026_08_29_20_14_46_245.jpg,/Users/martin/smart-technologies-ca2/data/IMG/left_2026_08_29_20_14_46_245.jpg,/Users/martin/smart-technologies-ca2/data/IMG/right_2026_08_29_20_14_46_245.jpg,-0.6000001,1.0,0,30.13308
/Users/martin/smart-technologies-ca2/data/IMG/center_2026_08_29_20_14_46_313.jpg,/Users/martin/smart-technologies-ca2/data/IMG/left_2026_08_29_20_14_46_313.jpg,/Users/martin/smart-technologies-ca2/data/IMG/right_2026_08_29_20_14_46_313.jpg,-0.7500002,1.0,0,30.11525
/Users/martin/smart-technologies-ca2/data/IMG/center_2026_08_29_20_14_46_788.jpg,/Users/martin/smart-technologies-ca2/data/IMG/left_2026_08_29_20_14_46_788.jpg,/Users/martin/smart-technologies-ca2/data/IMG/right_2026_08_29_20_14_46_788.jpg,-0.15,1.0,0,30.18568
/Users/martin/smart-technologies-ca2/data/IMG/center_2026_08_29_20_14_46_857.jpg,/Users/martin/smart-technologies-ca2/data/IMG/left_2026_08_29_20_14_46_857.jpg,/Users/martin/smart-technologies-ca2/data/IMG/right_2026_08_29_20_14_46_857.jpg,-0.3,1.0,0,30.16983
/Users/martin/smart-technologies-ca2/data/IMG/center_2026_08_29_20_14_46_924.jpg,/Users/martin/smart-technologies-ca2/data/IMG/left_2026_08_29_20_14_46_924.jpg,/Users/martin/smart-technologies-ca2/data/IMG/right_2026_08_29_20_14_46_924.jpg,-0.5000001,1.0,0,30.14256
/Users/martin/smart-technologies-ca2/data/IMG/center_2026_08_29_20_14_46_990.jpg,/Users/martin/smart-technologies-ca2/data/IMG/left_2026_08_29_20_14_46_990.jpg,/Users/martin/smart-technologies-ca2/data/IMG/right_2026_08_29_20_14_46_990.jpg,-0.6500001,1.0,0,30.12746
/Users/martin/smart-technologies-ca2/data/IMG/center_2026_08_29_20_14_47_057.jpg,/Users/martin/smart-technologies-ca2/data/IMG/left_2026_08_29_20_14_47_057.jpg,/Users/martin/smart-technologies-ca2/data/IMG/right_2026_08_29_20_14_47_057.jpg,-0.8000001,1.0,0,30.10867
/Users/martin/smart-technologies-ca2/data/IMG/center_2026_08_29_20_14_47_396.jpg,/Users/martin/smart-technologies-ca2/data/IMG/left_2026_08_29_20_14_47_396.jpg,/Users/martin/smart-technologies-ca2/data/IMG/right_2026_08_29_20_14_47_396.jpg,-0.05,1.0,0,30.19116
/Users/martin/smart-technologies-ca2/data/IMG/center_2026_08_29_20_14_47_467.jpg,/Users/martin/smart-technologies-ca2/data/IMG/left_2026_08_29_20_14_47_467.jpg,/Users/martin/smart-technologies-ca2/data/IMG/right_2026_08_29_20_14_47_467.jpg,-0.25,1.0,0,30.17684
/Users/martin/smart-technologies-ca2/data/IMG/center_2026_08_29_20_14_47_534.jpg,/Users/martin/smart-technologies-ca2/data/IMG/left_2026_08_29_20_14_47_534.jpg,/Users/martin/smart-technologies-ca2/data/IMG/right_2026_08_29_20_14_47_534.jpg,-0.4,1.0,0,30.15989
/Users/martin/smart-technologies-ca2/data/IMG/center_2026_08_29_20_14_47_603.jpg,/Users/martin/smart-technologies-ca2/data/IMG/left_2026_08_29_20_14_47_603.jpg,/Users/martin/smart-technologies-ca2/data/IMG/right_2026_08_29_20_14_47_603.jpg,-0.6000001,1.0,0,30.13378
/Users/martin/smart-technologies-ca2/data/IMG/center_2026_08_29_20_14_47_670.jpg,/Users/martin/smart-technologies-ca2/data/IMG/left_2026_08_29_20_14_47_670.jpg,/Users/martin/smart-technologies-ca2/data/IMG/right_2026_08_29_20_14_47_670.jpg,-0.7500002,1.0,0,30.11495
/Users/martin/smart-technologies-ca2/data/IMG/center_2026_08_29_20_14_47_878.jpg,/Users/martin/smart-technologies-ca2/data/IMG/left_2026_08_29_20_14_47_878.jpg,/Users/martin/smart-technologies-ca2/data/IMG/right_2026_08_29_20_14_47_878.jpg,0.0,1.0,0,30.18771
/Users/martin/smart-technologies-ca2/data/IMG/center_2026_08_29_20_14_48_150.jpg,/Users/martin/smart-technologies-ca2/data/IMG/left_2026_08_29_20_14_48_150.jpg,/Users/martin/smart-technologies-ca2/data/IMG/right_2026_08_29_20_14_48_150.jpg,-0.15,1.0,0,30.18524
/Users/martin/smart-technologies-ca2/data/IMG/center_2026_08_29_20_14_48_221.jpg,/Users/martin/smart-technologies-ca2/data/IMG/left_2026_08_29_20_14_48_221.jpg,/Users/martin/smart-technologies-ca2/data/IMG/right_2026_08_29_20_14_48_221.jpg,-0.3,1.0,0,30.17018
/Users/martin/smart-technologies-ca2/data/IMG/center_2026_08_29_20_14_48_291.jpg,/Users/martin/smart-technologies-ca2/data/IMG/left_2026_08_29_20_14_48_291.jpg,/Users/martin/smart-technologies-ca2/data/IMG/right_2026_08_29_20_14_48_291.jpg,-0.5000001,1.0,0,30.14591
/Users/martin/smart-technologies-ca2/data/IMG/center_2026_08_29_20_14_48_565.jpg,/Users/martin/smart-technologies-ca2/data/IMG/left_2026_08_29_20_14_48_565.jpg,/Users/martin/smart-technologies-ca2/data/IMG/right_2026_08_29_20_14_48_565.jpg,-0.1,1.0,0,30.18943
/Users/martin/smart-technologies-ca2/data/IMG/center_2026_08_29_20_14_48_634.jpg,/Users/martin/smart-technologies-ca2/data/IMG/left_2026_08_29_20_14_48_634.jpg,/Users/martin/smart-technologies-ca2/data/IMG/right_2026_08_29_20_14_48_634.jpg,-0.25,1.0,0,30.17732
/Users/martin/smart-technologies-ca2/data/IMG/center_2026_08_29_20_14_48_701.jpg,/Users/martin/smart-technologies-ca2/data/IMG/left_2026_08_29_20_14_48_701.jpg,/Users/martin/smart-technologies-ca2/data/IMG/right_2026_08_29_20_14_48_701.jpg,-0.4,1.0,0,30.15959
/Users/martin/smart-technologies-ca2/data/IMG/center_2026_08_29_20_14_48_768.jpg,/Users/martin/smart-technologies-ca2/data/IMG/left_2026_08_29_20_14_48_768.jpg,/Users/martin/smart-technologies-ca2/data/IMG/right_2026_08_29_20_14_48_768.jpg,-0.6000001,1.0,0,30.13444
/Users/martin/smart-technologies-ca2/data/IMG/center_2026_08_29_20_14_49_252.jpg,/Users/martin/smart-technologies-ca2/data/IMG/left_2026_08_29_20_14_49_252.jpg,/Users/martin/smart-technologies-ca2/data/IMG/right_2026_08_29_20_14_49_252.jpg,-0.2,1.0,0,30.18053
/Users/martin/smart-technologies-ca2/data/IMG/center_2026_08_29_20_14_49_881.jpg,/Users/martin/smart-technologies-ca2/data/IMG/left_2026_08_29_20_14_49_881.jpg,/Users/martin/smart-technologies-ca2/data/IMG/right_2026_08_29_20_14_49_881.jpg,-0.15,1.0,0,30.18421
/Users/martin/smart-technologies-ca2/data/IMG/center_2026_08_29_20_14_50_507.jpg,/Users/martin/smart-technologies-ca2/data/IMG/left_2026_08_29_20_14_50_507.jpg,/Users/martin/smart-technologies-ca2/data/IMG/right_2026_08_29_20_14_50_507.jpg,0.0,1.0,0,30.19032
/Users/martin/smart-technologies-ca2/data/IMG/center_2026_08_29_20_14_51_205.jpg,/Users/martin/smart-technologies-ca2/data/IMG/left_2026_08_29_20_14_51_205.jpg,/Users/martin/smart-technologies-ca2/data/IMG/right_2026_08_29_20_14_51_205.jpg,0.0,1.0,0,30.19024
/Users/martin/smart-technologies-ca2/data/IMG/center_2026_08_29_20_14_52_929.jpg,/Users/martin/smart-technologies-ca2/data/IMG/left_2026_08_29_20_14_52_929.jpg,/Users/martin/smart-technologies-ca2/data/IMG/right_2026_08_29_20_14_52_929.jpg,0.0,1.0,0,30.19041
/Users/martin/smart-technologies-ca2/data/IMG/center_2026_08_29_20_14_53_624.jpg,/Users/martin/smart-technologies-ca2/data/IMG/left_2026_08_29_20_14_53_624.jpg,/Users/martin/smart-technologies-ca2/data/IMG/right_2026_08_29_20_14_53_624.jpg,0.0,1.0,0,30.19032
/Users/martin/smart-technologies-ca2/data/IMG/center_2026_08_29_20_14_54_104.jpg,/Users/martin/smart-technologies-ca2/data/IMG/left_2026_08_29_20_14_54_104.jpg,/Users/martin/smart-technologies-ca2/data/IMG/right_2026_08_29_20_14_54_104.jpg,0.2,1.0,0,30.17984
/Users/martin/smart-technologies-ca2/data/IMG/center_2026_08_29_20_14_54_174.jpg,/Users/martin/smart-technologies-ca2/data/IMG/left_2026_08_29_20_14_54_174.jpg,/Users/martin/smart-technologies-ca2/data/IMG/right_2026_08_29_20_14_54_174.jpg,0.35,1.0,0,30.16349
/Users/martin/smart-technologies-ca2/data/IMG/center_2026_08_29_20_14_54_241.jpg,/Users/martin/smart-technologies-ca2/data/IMG/left_2026_08_29_20_14_54_241.jpg,/Users/martin/smart-technologies-ca2/data/IMG/right_2026_08_29_20_14_54_241.jpg,0.5000001,1.0,0,30.14565
/Users/martin/smart-technologies-ca2/data/IMG/center_2026_08_29_20_14_54_784.jpg,/Users/martin/smart-technologies-ca2/data/IMG/left_2026_08_29_20_14_54_784.jpg,/Users/martin/smart-technologies-ca2/data/IMG/right_2026_08_29_20_14_54_784.jpg,0.1,1.0,0,30.18782
/Users/martin/smart-technologies-ca2/data/IMG/center_2026_08_29_20_14_54_853.jpg,/Users/martin/smart-technologies-ca2/data/IMG/left_2026_08_29_20_14_54_853.jpg,/Users/martin/smart-technologies-ca2/data/IMG/right_2026_08_29_20_14_54_853.jpg,0.25,1.0,0,30.1748
/Users/martin/smart-technologies-ca2/data/IMG/center_2026_08_29_20_14_54_923.jpg,/Users/martin/smart-technologies-ca2/data/IMG/left_2026_08_29_20_14_54_923.jpg,/Users/martin/smart-technologies-ca2/data/IMG/right_2026_08_29_20_14_54_923.jpg,0.4,1.0,0,30.15762
/Users/martin/smart-technologies-ca2/data/IMG/center_2026_08_29_20_14_54_989.jpg,/Users/martin/smart-technologies-ca2/data/IMG/left_2026_08_29_20_14_54_989.jpg,/Users/martin/smart-technologies-ca2/data/IMG/right_2026_08_29_20_14_54_989.jpg,0.6000001,1.0,0,30.13317
/Users/martin/smart-technologies-ca2/data/IMG/center_2026_08_29_20_14_55_466.jpg,/Users/martin/smart-technologies-ca2/data/IMG/left_2026_08_29_20_14_55_466.jpg,/Users/martin/smart-technologies-ca2/data/IMG/right_2026_08_29_20_14_55_466.jpg,0.15,1.0,0,30.18451
/Users/martin/smart-technologies-ca2/data/IMG/center_2026_08_29_20_14_55_534.jpg,/Users/martin/smart-technologies-ca2/data/IMG/left_2026_08_29_20_14_55_534.jpg,/Users/martin/smart-technologies-ca2/data/IMG/right_2026_08_29_20_14_55_534.jpg,0.3,1.0,0,30.16961
/Users/martin/smart-technologies-ca2/data/IMG/center_2026_08_29_20_14_55_602.jpg,/Users/martin/smart-technologies-ca2/data/IMG/left_2026_08_29_20_14_55_602.jpg,/Users/martin/smart-technologies-ca2/data/IMG/right_2026_08_29_20_14_55_602.jpg,0.45,1.0,0,30.15173
/Users/martin/smart-technologies-ca2/data/IMG/center_2026_08_29_20_14_56_007.jpg,/Users/martin/smart-technologies-ca2/data/IMG/left_2026_08_29_20_14_56_007.jpg,/Users/martin/smart-technologies-ca2/data/IMG/right_2026_08_29_20_14_56_007.jpg,0.1,1.0,0,30.1882
/Users/martin/smart-technologies-ca2/data/IMG/center_2026_08_29_20_14_56_074.jpg,/Users/martin/smart-technologies-ca2/data/IMG/left_2026_08_29_20_14_56_074.jpg,/Users/martin/smart-technologies-ca2/data/IMG/right_2026_08_29_20_14_56_074.jpg,0.25,1.0,0,30.17538
/Users/martin/smart-technologies-ca2/data/IMG/center_2026_08_29_20_14_56_142.jpg,/Users/martin/smart-technologies-ca2/data/IMG/left_2026_08_29_20_14_56_142.jpg,/Users/martin/smart-technologies-ca2/data/IMG/right_2026_08_29_20_14_56_142.jpg,0.4,1.0,0,30.158
/Users/martin/smart-technologies-ca2/data/IMG/center_2026_08_29_20_14_56_212.jpg,/Users/martin/smart-technologies-ca2/data/IMG/left_2026_08_29_20_14_56_212.jpg,/Users/martin/smart-technologies-ca2/data/IMG/right_2026_08_29_20_14_56_212.jpg,0.6000001,1.0,0,30.13336
/Users/martin/smart-technologies-ca2/data/IMG/center_2026_08_29_20_14_56_279.jpg,/Users/martin/smart-technologies-ca2/data/IMG/left_2026_08_29_20_14_56_279.jpg,/Users/martin/smart-technologies-ca2/data/IMG/right_2026_08_29_20_14_56_279.jpg,0.7500002,1.0,0,30.1148
/Users/martin/smart-technologies-ca2/data/IMG/center_2026_08_29_20_14_56_690.jpg,/Users/martin/smart-technologies-ca2/data/IMG/left_2026_08_29_20_14_56_690.jpg,/Users/martin/smart-technologies-ca2/data/IMG/right_2026_08_29_20_14_56_690.jpg,0.2,1.0,0,30.18116
/Users/martin/smart-technologies-ca2/data/IMG/center_2026_08_29_20_14_56_758.jpg,/Users/martin/smart-technologies-ca2/data/IMG/left_2026_08_29_20_14_56_758.jpg,/Users/martin/smart-technologies-ca2/data/IMG/right_2026_08_29_20_14_56_758.jpg,0.35,1.0,0,30.16429
/Users/martin/smart-technologies-ca2/data/IMG/center_2026_08_29_20_14_56_826.jpg,/Users/martin/smart-technologies-ca2/data/IMG/left_2026_08_29_20_14_56_826.jpg,/Users/martin/smart-technologies-ca2/data/IMG/right_2026_08_29_20_14_56_826.jpg,0.5500001,1.0,0,30.13987
/Users/martin/smart-technologies-ca2/data/IMG/center_2026_08_29_20_14_56_896.jpg,/Users/martin/smart-technologies-ca2/data/IMG/left_2026_08_29_20_14_56_896.jpg,/Users/martin/smart-technologies-ca2/data/IMG/right_2026_08_29_20_14_56_896.jpg,0.7,1.0,0,30.12148
/Users/martin/smart-technologies-ca2/data/IMG/center_2026_08_29_20_14_56_963.jpg,/Users/martin/smart-technologies-ca2/data/IMG/left_2026_08_29_20_14_56_963.jpg,/Users/martin/smart-technologies-ca2/data/IMG/right_2026_08_29_20_14_56_963.jpg,0.9000002,1.0,0,30.10113
/Users/martin/smart-technologies-ca2/data/IMG/center_2026_08_29_20_14_57_033.jpg,/Users/martin/smart-technologies-ca2/data/IMG/left_2026_08_29_20_14_57_033.jpg,/Users/martin/smart-technologies-ca2/data/IMG/right_2026_08_29_20_14_57_033.jpg,1.0,1.0,0,30.09623
/Users/martin/smart-technologies-ca2/data/IMG/center_2026_08_29_20_14_57_103.jpg,/Users/martin/smart-technologies-ca2/data/IMG/left_2026_08_29_20_14_57_103.jpg,/Users/martin/smart-technologies-ca2/data/IMG/right_2026_08_29_20_14_57_103.jpg,0.0,1.0,0,30.15496
/Users/martin/smart-technologies-ca2/data/IMG/center_2026_08_29_20_14_57_851.jpg,/Users/martin/smart-technologies-ca2/data/IMG/left_2026_08_29_20_14_57_851.jpg,/Users/martin/smart-technologies-ca2/data/IMG/right_2026_08_29_20_14_57_851.jpg,0.1,1.0,0,30.1876
/Users/martin/smart-technologies-ca2/data/IMG/center_2026_08_29_20_14_57_920.jpg,/Users/martin/smart-technologies-ca2/data/IMG/left_2026_08_29_20_14_57_920.jpg,/Users/martin/smart-technologies-ca2/data/IMG/right_2026_08_29_20_14_57_920.jpg,0.25,1.0,0,30.17486
/Users/martin/smart-technologies-ca2/data/IMG/center_2026_08_29_20_14_57_989.jpg,/Users/martin/smart-technologies-ca2/data/IMG/left_2026_08_29_20_14_57_989.jpg,/Users/martin/smart-technologies-ca2/data/IMG/right_2026_08_29_20_14_57_989.jpg,0.45,1.0,0,30.15114
/Users/martin/smart-technologies-ca2/data/IMG/center_2026_08_29_20_14_58_329.jpg,/Users/martin/smart-technologies-ca2/data/IMG/left_2026_08_29_20_14_58_329.jpg,/Users/martin/smart-technologies-ca2/data/IMG/right_2026_08_29_20_14_58_329.jpg,0.1,1.0,0,30.18912
/Users/martin/smart-technologies-ca2/data/IMG/center_2026_08_29_20_14_58_396.jpg,/Users/martin/smart-technologies-ca2/data/IMG/left_2026_08_29_20_14_58_396.jpg,/Users/martin/smart-technologies-ca2/data/IMG/right_2026_08_29_20_14_58_396.jpg,0.25,1.0,0,30.17746
/Users/martin/smart-technologies-ca2/data/IMG/center_2026_08_29_20_14_58_464.jpg,/Users/martin/smart-technologies-ca2/data/IMG/left_2026_08_29_20_14_58_464.jpg,/Users/martin/smart-technologies-ca2/data/IMG/right_2026_08_29_20_14_58_464.jpg,0.45,1.0,0,30.1524
/Users/martin/smart-technologies-ca2/data/IMG/center_2026_08_29_20_14_58_531.jpg,/Users/martin/smart-technologies-ca2/data/IMG/left_2026_08_29_20_14_58_531.jpg,/Users/martin/smart-technologies-ca2/data/IMG/right_2026_08_29_20_14_58_531.jpg,0.6000001,1.0,0,30.13384
/Users/martin/smart-technologies-ca2/data/IMG/center_2026_08_29_20_14_59_008.jpg,/Users/martin/smart-technologies-ca2/data/IMG/left_2026_08_29_20_14_59_008.jpg,/Users/martin/smart-technologies-ca2/data/IMG/right_2026_08_29_20_14_59_008.jpg,0.25,1.0,0,30.17561
/Users/martin/smart-technologies-ca2/data/IMG/center_2026_08_29_20_14_59_076.jpg,/Users/martin/smart-technologies-ca2/data/IMG/left_2026_08_29_20_14_59_076.jpg,/Users/martin/smart-technologies-ca2/data/IMG/right_2026_08_29_20_14_59_076.jpg,0.4,1.0,0,30.15843
/Users/martin/smart-technologies-ca2/data/IMG/center_2026_08_29_20_14_59_689.jpg,/Users/martin/smart-technologies-ca2/data/IMG/left_2026_08_29_20_14_59_689.jpg,/Users/martin/smart-technologies-ca2/data/IMG/right_2026_08_29_20_14_59_689.jpg,0.25,1.0,0,30.17479
/Users/martin/smart-technologies-ca2/data/IMG/center_2026_08_29_20_14_59_758.jpg,/Users/martin/smart-technologies-ca2/data/IMG/left_2026_08_29_20_14_59_758.jpg,/Users/martin/smart-technologies-ca2/data/IMG/right_2026_08_29_20_14_59_758.jpg,0.4,1.0,0,30.1575
/Users/martin/smart-technologies-ca2/data/IMG/center_2026_08_29_20_15_00_230.jpg,/Users/martin/smart-technologies-ca2/data/IMG/left_2026_08_29_20_15_00_230.jpg,/Users/martin/smart-technologies-ca2/data/IMG/right_2026_08_29_20_15_00_230.jpg,0.2,1.0,0,30.18072
/Users/martin/smart-technologies-ca2/data/IMG/center_2026_08_29_20_15_00_300.jpg,/Users/martin/smart-technologies-ca2/data/IMG/left_2026_08_29_20_15_00_300.jpg,/Users/martin/smart-technologies-ca2/data/IMG/right_2026_08_29_20_15_00_300.jpg,0.35,1.0,0,30.16423
/Users/martin/smart-technologies-ca2/data/IMG/center_2026_08_29_20_15_00_368.jpg,/Users/martin/smart-technologies-ca2/data/IMG/left_2026_08_29_20_15_00_368.jpg,/Users/martin/smart-technologies-ca2/data/IMG/right_2026_08_29_20_15_00_368.jpg,0.5500001,1.0,0,30.13969
/Users/martin/smart-technologies-ca2/data/IMG/center_2026_08_29_20_15_03_343.jpg,/Users/martin/smart-technologies-ca2/data/IMG/left_2026_08_29_20_15_03_343.jpg,/Users/martin/smart-technologies-ca2/data/IMG/right_2026_08_29_20_15_03_343.jpg,0.0,1.0,0,30.19061
/Users/martin/smart-technologies-ca2/data/IMG/center_2026_08_29_20_15_06_180.jpg,/Users/martin/smart-technologies-ca2/data/IMG/left_2026_08_29_20_15_06_180.jpg,/Users/martin/smart-technologies-ca2/data/IMG/right_2026_08_29_20_15_06_180.jpg,0.0,1.0,0,30.19062
/Users/martin/smart-technologies-ca2/data/IMG/center_2026_08_29_20_15_06_249.jpg,/Users/martin/smart-technologies-ca2/data/IMG/left_2026_08_29_20_15_06_249.jpg,/Users/martin/smart-technologies-ca2/data/IMG/right_2026_08_29_20_15_06_249.jpg,0.0,1.0,0,30.19062
/Users/martin/smart-technologies-ca2/data/IMG/center_2026_08_29_20_15_07_677.jpg,/Users/martin/smart-technologies-ca2/data/IMG/left_2026_08_29_20_15_07_677.jpg,/Users/martin/smart-technologies-ca2/data/IMG/right_2026_08_29_20_15_07_677.jpg,0.0,1.0,0,30.19061
/Users/martin/smart-technologies-ca2/data/IMG/center_2026_08_29_20_15_08_360.jpg,/Users/martin/smart-technologies-ca2/data/IMG/left_2026_08_29_20_15_08_360.jpg,/Users/martin/smart-technologies-ca2/data/IMG/right_2026_08_29_20_15_08_360.jpg,0.0,1.0,0,30.19064
/Users/martin/smart-technologies-ca2/data/IMG/center_2026_08_29_20_15_09_934.jpg,/Users/martin/smart-technologies-ca2/data/IMG/left_2026_08_29_20_15_09_934.jpg,/Users/martin/smart-technologies-ca2/data/IMG/right_2026_08_29_20_15_09_934.jpg,0.1,1.0,0,30.18807
/Users/martin/smart-technologies-ca2/data/IMG/center_2026_08_29_20_15_10_003.jpg,/Users/martin/smart-technologies-ca2/data/IMG/left_2026_08_29_20_15_10_003.jpg,/Users/martin/smart-technologies-ca2/data/IMG/right_2026_08_29_20_15_10_003.jpg,0.3,1.0,0,30.16978
/Users/martin/smart-technologies-ca2/data/IMG/center_2026_08_29_20_15_10_071.jpg,/Users/martin/smart-technologies-ca2/data/IMG/left_2026_08_29_20_15_10_071.jpg,/Users/martin/smart-technologies-ca2/data/IMG/right_2026_08_29_20_15_10_071.jpg,0.45,1.0,0,30.15213
/Users/martin/smart-technologies-ca2/data/IMG/center_2026_08_29_20_15_10_278.jpg,/Users/martin/smart-technologies-ca2/data/IMG/left_2026_08_29_20_15_10_278.jpg,/Users/martin/smart-technologies-ca2/data/IMG/right_2026_08_29_20_15_10_278.jpg,0.0,1.0,0,29.96807
/Users/martin/smart-technologies-ca2/data/IMG/center_2026_08_29_20_15_10_345.jpg,/Users/martin/smart-technologies-ca2/data/IMG/left_2026_08_29_20_15_10_345.jpg,/Users/martin/smart-technologies-ca2/data/IMG/right_2026_08_29_20_15_10_345.jpg,0.0,1.0,0,30.19854
/Users/martin/smart-technologies-ca2/data/IMG/center_2026_08_29_20_15_11_364.jpg,/Users/martin/smart-technologies-ca2/data/IMG/left_2026_08_29_20_15_11_364.jpg,/Users/martin/smart-technologies-ca2/data/IMG/right_2026_08_29_20_15_11_364.jpg,0.25,1.0,0,30.17475
/Users/martin/smart-technologies-ca2/data/IMG/center_2026_08_29_20_15_12_525.jpg,/Users/martin/smart-technologies-ca2/data/IMG/left_2026_08_29_20_15_12_525.jpg,/Users/martin/smart-technologies-ca2/data/IMG/right_2026_08_29_20_15_12_525.jpg,0.0,1.0,0,30.19031
/Users/martin/smart-technologies-ca2/data/IMG/center_2026_08_29_20_15_13_607.jpg,/Users/martin/smart-technologies-ca2/data/IMG/left_2026_08_29_20_15_13_607.jpg,/Users/martin/smart-technologies-ca2/data/IMG/right_2026_08_29_20_15_13_607.jpg,0.25,1.0,0,30.175
/Users/martin/smart-technologies-ca2/data/IMG/center_2026_08_29_20_15_13_674.jpg,/Users/martin/smart-technologies-ca2/data/IMG/left_2026_08_29_20_15_13_674.jpg,/Users/martin/smart-technologies-ca2/data/IMG/right_2026_08_29_20_15_13_674.jpg,0.4,1.0,0,30.1575
/Users/martin/smart-technologies-ca2/data/IMG/center_2026_08_29_20_15_13_743.jpg,/Users/martin/smart-technologies-ca2/data/IMG/left_2026_08_29_20_15_13_743.jpg,/Users/martin/smart-technologies-ca2/data/IMG/right_2026_08_29_20_15_13_743.jpg,0.6000001,1.0,0,30.13315
/Users/martin/smart-technologies-ca2/data/IMG/center_2026_08_29_20_15_14_284.jpg,/Users/martin/smart-technologies-ca2/data/IMG/left_2026_08_29_20_15_14_284.jpg,/Users/martin/smart-technologies-ca2/data/IMG/right_2026_08_29_20_15_14_284.jpg,0.0,1.0,0,30.1903
/Users/martin/smart-technologies-ca2/data/IMG/center_2026_08_29_20_15_15_372.jpg,/Users/martin/smart-technologies-ca2/data/IMG/left_2026_08_29_20_15_15_372.jpg,/Users/martin/smart-technologies-ca2/data/IMG/right_2026_08_29_20_15_15_372.jpg,0.0,1.0,0,30.19028
/Users/martin/smart-technologies-ca2/data/IMG/center_2026_08_29_20_15_16_461.jpg,/Users/martin/smart-technologies-ca2/data/IMG/left_2026_08_29_20_15_16_461.jpg,/Users/martin/smart-technologies-ca2/data/IMG/right_2026_08_29_20_15_16_461.jpg,0.15,1.0,0,30.18427
/Users/martin/smart-technologies-ca2/data/IMG/center_2026_08_29_20_15_16_530.jpg,/Users/martin/smart-technologies-ca2/data/IMG/left_2026_08_29_20_15_16_530.jpg,/Users/martin/smart-technologies-ca2/data/IMG/right_2026_08_29_20_15_16_530.jpg,0.35,1.0,0,30.16346
/Users/martin/smart-technologies-ca2/data/IMG/center_2026_08_29_20_15_16_599.jpg,/Users/martin/smart-technologies-ca2/data/IMG/left_2026_08_29_20_15_16_599.jpg,/Users/martin/smart-technologies-ca2/data/IMG/right_2026_08_29_20_15_16_599.jpg,0.5000001,1.0,0,30.14541
/Users/martin/smart-technologies-ca2/data/IMG/center_2026_08_29_20_15_16_666.jpg,/Users/martin/smart-technologies-ca2/data/IMG/left_2026_08_29_20_15_16_666.jpg,/Users/martin/smart-technologies-ca2/data/IMG/right_2026_08_29_20_15_16_666.jpg,0.7,1.0,0,30.12106
/Users/martin/smart-technologies-ca2/data/IMG/center_2026_08_29_20_15_17_279.jpg,/Users/martin/smart-technologies-ca2/data/IMG/left_2026_08_29_20_15_17_279.jpg,/Users/martin/smart-technologies-ca2/data/IMG/right_2026_08_29_20_15_17_279.jpg,0.0,1.0,0,30.19032
/Users/martin/smart-technologies-ca2/data/IMG/center_2026_08_29_20_15_18_101.jpg,/Users/martin/smart-technologies-ca2/data/IMG/left_2026_08_29_20_15_18_101.jpg,/Users/martin/smart-technologies-ca2/data/IMG/right_2026_08_29_20_15_18_101.jpg,0.0,1.0,0,30.19027
/Users/martin/smart-technologies-ca2/data/IMG/center_2026_08_29_20_15_18_239.jpg,/Users/martin/smart-technologies-ca2/data/IMG/left_2026_08_29_20_15_18_239.jpg,/Users/martin/smart-technologies-ca2/data/IMG/right_2026_08_29_20_15_18_239.jpg,0.0,1.0,0,30.19123
/Users/martin/smart-technologies-ca2/data/IMG/center_2026_08_29_20_15_18_577.jpg,/Users/martin/smart-technologies-ca2/data/IMG/left_2026_08_29_20_15_18_577.jpg,/Users/martin/smart-technologies-ca2/data/IMG/right_2026_08_29_20_15_18_577.jpg,0.2,1.0,0,30.17963
/Users/martin/smart-technologies-ca2/data/IMG/center_2026_08_29_20_15_18_646.jpg,/Users/martin/smart-technologies-ca2/data/IMG/left_2026_08_29_20_15_18_646.jpg,/Users/martin/smart-technologies-ca2/data/IMG/right_2026_08_29_20_15_18_646.jpg,0.4,1.0,0,30.15745
/Users/martin/smart-technologies-ca2/data/IMG/center_2026_08_29_20_15_18_713.jpg,/Users/martin/smart-technologies-ca2/data/IMG/left_2026_08_29_20_15_18_713.jpg,/Users/martin/smart-technologies-ca2/data/IMG/right_2026_08_29_20_15_18_713.jpg,0.5500001,1.0,0,30.13921
/Users/martin/smart-technologies-ca2/data/IMG/center_2026_08_29_20_15_19_665.jpg,/Users/martin/smart-technologies-ca2/data/IMG/left_2026_08_29_20_15_19_665.jpg,/Users/martin/smart-technologies-ca2/data/IMG/right_2026_08_29_20_15_19_665.jpg,0.25,1.0,0,30.17448
/Users/martin/smart-technologies-ca2/data/IMG/center_2026_08_29_20_15_19_734.jpg,/Users/martin/smart-technologies-ca2/data/IMG/left_2026_08_29_20_15_19_734.jpg,/Users/martin/smart-technologies-ca2/data/IMG/right_2026_08_29_20_15_19_734.jpg,0.4,1.0,0,30.15729
/Users/martin/smart-technologies-ca2/data/IMG/center_2026_08_29_20_15_19_803.jpg,/Users/martin/smart-technologies-ca2/data/IMG/left_2026_08_29_20_15_19_803.jpg,/Users/martin/smart-technologies-ca2/data/IMG/right_2026_08_29_20_15_19_803.jpg,0.6000001,1.0,0,30.13303
/Users/martin/smart-technologies-ca2/data/IMG/center_2026_08_29_20_15_19_871.jpg,/Users/martin/smart-technologies-ca2/data/IMG/left_2026_08_29_20_15_19_871.jpg,/Users/martin/smart-technologies-ca2/data/IMG/right_2026_08_29_20_15_19_871.jpg,0.7500002,1.0,0,30.11451
/Users/martin/smart-technologies-ca2/data/IMG/center_2026_08_29_20_15_19_940.jpg,/Users/martin/smart-technologies-ca2/data/IMG/left_2026_08_29_20_15_19_940.jpg,/Users/martin/smart-technologies-ca2/data/IMG/right_2026_08_29_20_15_19_940.jpg,0.9000002,1.0,0,30.10093
/Users/martin/smart-technologies-ca2/data/IMG/center_2026_08_29_20_15_21_037.jpg,/Users/martin/smart-technologies-ca2/data/IMG/left_2026_08_29_20_15_21_037.jpg,/Users/martin/smart-technologies-ca2/data/IMG/right_2026_08_29_20_15_21_037.jpg,0.0,1.0,0,30.1901
/Users/martin/smart-technologies-ca2/data/IMG/center_2026_08_29_20_15_21_174.jpg,/Users/martin/smart-technologies-ca2/data/IMG/left_2026_08_29_20_15_21_174.jpg,/Users/martin/smart-technologies-ca2/data/IMG/right_2026_08_29_20_15_21_174.jpg,0.1,1.0,0,30.18766
/Users/martin/smart-technologies-ca2/data/IMG/center_2026_08_29_20_15_21_244.jpg,/Users/martin/smart-technologies-ca2/data/IMG/left_2026_08_29_20_15_21_244.jpg,/Users/martin/smart-technologies-ca2/data/IMG/right_2026_08_29_20_15_21_244.jpg,0.3,1.0,0,30.16923
/Users/martin/smart-technologies-ca2/data/IMG/center_2026_08_29_20_15_21_311.jpg,/Users/martin/smart-technologies-ca2/data/IMG/left_2026_08_29_20_15_21_311.jpg,/Users/martin/smart-technologies-ca2/data/IMG/right_2026_08_29_20_15_21_311.jpg,0.45,1.0,0,30.15147
/Users/martin/smart-technologies-ca2/data/IMG/center_2026_08_29_20_15_21_381.jpg,/Users/martin/smart-technologies-ca2/data/IMG/left_2026_08_29_20_15_21_381.jpg,/Users/martin/smart-technologies-ca2/data/IMG/right_2026_08_29_20_15_21_381.jpg,0.6000001,1.0,0,30.1331
/Users/martin/smart-technologies-ca2/data/IMG/center_2026_08_29_20_15_21_448.jpg,/Users/martin/smart-technologies-ca2/data/IMG/left_2026_08_29_20_15_21_448.jpg,/Users/martin/smart-technologies-ca2/data/IMG/right_2026_08_29_20_15_21_448.jpg,0.8000001,1.0,0,30.11013
/Users/martin/smart-technologies-ca2/data/IMG/center_2026_08_29_20_15_22_617.jpg,/Users/martin/smart-technologies-ca2/data/IMG/left_2026_08_29_20_15_22_617.jpg,/Users/martin/smart-technologies-ca2/data/IMG/right_2026_08_29_20_15_22_617.jpg,0.0,1.0,0,30.19028
/Users/martin/smart-technologies-ca2/data/IMG/center_2026_08_29_20_15_22_687.jpg,/Users/martin/smart-technologies-ca2/data/IMG/left_2026_08_29_20_15_22_687.jpg,/Users/martin/smart-technologies-ca2/data/IMG/right_2026_08_29_20_15_22_687.jpg,0.2,1.0,0,30.17986
/Users/martin/smart-technologies-ca2/data/IMG/center_2026_08_29_20_15_22_758.jpg,/Users/martin/smart-technologies-ca2/data/IMG/left_2026_08_29_20_15_22_758.jpg,/Users/martin/smart-technologies-ca2/data/IMG/right_2026_08_29_20_15_22_758.jpg,0.35,1.0,0,30.16342
/Users/martin/smart-technologies-ca2/data/IMG/center_2026_08_29_20_15_22_828.jpg,/Users/martin/smart-technologies-ca2/data/IMG/left_2026_08_29_20_15_22_828.jpg,/Users/martin/smart-technologies-ca2/data/IMG/right_2026_08_29_20_15_22_828.jpg,0.5500001,1.0,0,30.13925
/Users/martin/smart-technologies-ca2/data/IMG/center_2026_08_29_20_15_22_895.jpg,/Users/martin/smart-technologies-ca2/data/IMG/left_2026_08_29_20_15_22_895.jpg,/Users/martin/smart-technologies-ca2/data/IMG/right_2026_08_29_20_15_22_895.jpg,0.7,1.0,0,30.12094
/Users/martin/smart-technologies-ca2/data/IMG/center_2026_08_29_20_15_24_124.jpg,/Users/martin/smart-technologies-ca2/data/IMG/left_2026_08_29_20_15_24_124.jpg,/Users/martin/smart-technologies-ca2/data/IMG/right_2026_08_29_20_15_24_124.jpg,0.2,1.0,0,30.17957
/Users/martin/smart-technologies-ca2/data/IMG/center_2026_08_29_20_15_24_192.jpg,/Users/martin/smart-technologies-ca2/data/IMG/left_2026_08_29_20_15_24_192.jpg,/Users/martin/smart-technologies-ca2/data/IMG/right_2026_08_29_20_15_24_192.jpg,0.35,1.0,0,30.16343
/Users/martin/smart-technologies-ca2/data/IMG/center_2026_08_29_20_15_24_262.jpg,/Users/martin/smart-technologies-ca2/data/IMG/left_2026_08_29_20_15_24_262.jpg,/Users/martin/smart-technologies-ca2/data/IMG/right_2026_08_29_20_15_24_262.jpg,0.5000001,1.0,0,30.14532
/Users/martin/smart-technologies-ca2/data/IMG/center_2026_08_29_20_15_24_334.jpg,/Users/martin/smart-technologies-ca2/data/IMG/left_2026_08_29_20_15_24_334.jpg,/Users/martin/smart-technologies-ca2/data/IMG/right_2026_08_29_20_15_24_334.jpg,0.7,1.0,0,30.12102
/Users/martin/smart-technologies-ca2/data/IMG/center_2026_08_29_20_15_26_531.jpg,/Users/martin/smart-technologies-ca2/data/IMG/left_2026_08_29_20_15_26_531.jpg,/Users/martin/smart-technologies-ca2/data/IMG/right_2026_08_29_20_15_26_531.jpg,0.1,1.0,0,30.18771
/Users/martin/smart-technologies-ca2/data/IMG/center_2026_08_29_20_15_26_600.jpg,/Users/martin/smart-technologies-ca2/data/IMG/left_2026_08_29_20_15_26_600.jpg,/Users/martin/smart-technologies-ca2/data/IMG/right_2026_08_29_20_15_26_600.jpg,0.25,1.0,0,30.17476
/Users/martin/smart-technologies-ca2/data/IMG/center_2026_08_29_20_15_26_668.jpg,/Users/martin/smart-technologies-ca2/data/IMG/left_2026_08_29_20_15_26_668.jpg,/Users/martin/smart-technologies-ca2/data/IMG/right_2026_08_29_20_15_26_668.jpg,0.45,1.0,0,30.15148
/Users/martin/smart-technologies-ca2/data/IMG/center_2026_08_29_20_15_27_350.jpg,/Users/martin/smart-technologies-ca2/data/IMG/left_2026_08_29_20_15_27_350.jpg,/Users/martin/smart-technologies-ca2/data/IMG/right_2026_08_29_20_15_27_350.jpg,0.15,1.0,0,30.18426
/Users/martin/smart-technologies-ca2/data/IMG/center_2026_08_29_20_15_27_420.jpg,/Users/martin/smart-technologies-ca2/data/IMG/left_2026_08_29_20_15_27_420.jpg,/Users/martin/smart-technologies-ca2/data/IMG/right_2026_08_29_20_15_27_420.jpg,0.3,1.0,0,30.16919
/Users/martin/smart-technologies-ca2/data/IMG/center_2026_08_29_20_15_27_487.jpg,/Users/martin/smart-technologies-ca2/data/IMG/left_2026_08_29_20_15_27_487.jpg,/Users/martin/smart-technologies-ca2/data/IMG/right_2026_08_29_20_15_27_487.jpg,0.5000001,1.0,0,30.14536
/Users/martin/smart-technologies-ca2/data/IMG/center_2026_08_29_20_15_28_520.jpg,/Users/martin/smart-technologies-ca2/data/IMG/left_2026_08_29_20_15_28_520.jpg,/Users/martin/smart-technologies-ca2/data/IMG/right_2026_08_29_20_15_28_520.jpg,0.0,1.0,0,30.19033
/Users/martin/smart-technologies-ca2/data/IMG/center_2026_08_29_20_15_28_934.jpg,/Users/martin/smart-technologies-ca2/data/IMG/left_2026_08_29_20_15_28_934.jpg,/Users/martin/smart-technologies-ca2/data/IMG/right_2026_08_29_20_15_28_934.jpg,0.0,1.0,0,30.19003
/Users/martin/smart-technologies-ca2/data/IMG/center_2026_08_29_20_15_29_070.jpg,/Users/martin/smart-technologies-ca2/data/IMG/left_2026_08_29_20_15_29_070.jpg,/Users/martin/smart-technologies-ca2/data/IMG/right_2026_08_29_20_15_29_070.jpg,-0.05,1.0,0,30.18962
/Users/martin/smart-technologies-ca2/data/IMG/center_2026_08_29_20_15_29_139.jpg,/Users/martin/smart-technologies-ca2/data/IMG/left_2026_08_29_20_15_29_139.jpg,/Users/martin/smart-technologies-ca2/data/IMG/right_2026_08_29_20_15_29_139.jpg,-0.2,1.0,0,30.17971
/Users/martin/smart-technologies-ca2/data/IMG/center_2026_08_29_20_15_29_893.jpg,/Users/martin/smart-technologies-ca2/data/IMG/left_2026_08_29_20_15_29_893.jpg,/Users/martin/smart-technologies-ca2/data/IMG/right_2026_08_29_20_15_29_893.jpg,0.0,1.0,0,30.1904
/Users/martin/smart-technologies-ca2/data/IMG/center_2026_08_29_20_15_31_461.jpg,/Users/martin/smart-technologies-ca2/data/IMG/left_2026_08_29_20_15_31_461.jpg,/Users/martin/smart-technologies-ca2/data/IMG/right_2026_08_29_20_15_31_461.jpg,0.15,1.0,0,30.18423
/Users/martin/smart-technologies-ca2/data/IMG/center_2026_08_29_20_15_31_531.jpg,/Users/martin/smart-technologies-ca2/data/IMG/left_2026_08_29_20_15_31_531.jpg,/Users/martin/smart-technologies-ca2/data/IMG/right_2026_08_29_20_15_31_531.jpg,0.35,1.0,0,30.16348
/Users/martin/smart-technologies-ca2/data/IMG/center_2026_08_29_20_15_31_597.jpg,/Users/martin/smart-technologies-ca2/data/IMG/left_2026_08_29_20_15_31_597.jpg,/Users/martin/smart-technologies-ca2/data/IMG/right_2026_08_29_20_15_31_597.jpg,0.5000001,1.0,0,30.14536
/Users/martin/smart-technologies-ca2/data/IMG/center_2026_08_29_20_15_34_059.jpg,/Users/martin/smart-technologies-ca2/data/IMG/left_2026_08_29_20_15_34_059.jpg,/Users/martin/smart-technologies-ca2/data/IMG/right_2026_08_29_20_15_34_059.jpg,0.0,1.0,0,30.19032
/Users/martin/smart-technologies-ca2/data/IMG/center_2026_08_29_20_15_35_287.jpg,/Users/martin/smart-technologies-ca2/data/IMG/left_2026_08_29_20_15_35_287.jpg,/Users/martin/smart-technologies-ca2/data/IMG/right_2026_08_29_20_15_35_287.jpg,0.0,1.0,0,30.19033
/Users/martin/smart-technologies-ca2/data/IMG/center_2026_08_29_20_15_36_379.jpg,/Users/martin/smart-technologies-ca2/data/IMG/left_2026_08_29_20_15_36_379.jpg,/Users/martin/smart-technologies-ca2/data/IMG/right_2026_08_29_20_15_36_379.jpg,0.2,1.0,0,30.17983
/Users/martin/smart-technologies-ca2/data/IMG/center_2026_08_29_20_15_36_446.jpg,/Users/martin/smart-technologies-ca2/data/IMG/left_2026_08_29_20_15_36_446.jpg,/Users/martin/smart-technologies-ca2/data/IMG/right_2026_08_29_20_15_36_446.jpg,0.4,1.0,0,30.15749
/Users/martin/smart-technologies-ca2/data/IMG/center_2026_08_29_20_15_38_697.jpg,/Users/martin/smart-technologies-ca2/data/IMG/left_2026_08_29_20_15_38_697.jpg,/Users/martin/smart-technologies-ca2/data/IMG/right_2026_08_29_20_15_38_697.jpg,0.1,1.0,0,30.18718
/Users/martin/smart-technologies-ca2/data/IMG/center_2026_08_29_20_15_38_765.jpg,/Users/martin/smart-technologies-ca2/data/IMG/left_2026_08_29_20_15_38_765.jpg,/Users/martin/smart-technologies-ca2/data/IMG/right_2026_08_29_20_15_38_765.jpg,0.3,1.0,0,30.16943
/Users/martin/smart-technologies-ca2/data/IMG/center_2026_08_29_20_15_38_833.jpg,/Users/martin/smart-technologies-ca2/data/IMG/left_2026_08_29_20_15_38_833.jpg,/Users/martin/smart-technologies-ca2/data/IMG/right_2026_08_29_20_15_38_833.jpg,0.45,1.0,0,30.15196
/Users/martin/smart-technologies-ca2/data/IMG/center_2026_08_29_20_15_39_106.jpg,/Users/martin/smart-technologies-ca2/data/IMG/left_2026_08_29_20_15_39_106.jpg,/Users/martin/smart-technologies-ca2/data/IMG/right_2026_08_29_20_15_39_106.jpg,0.0,1.0,0,30.19038
/Users/martin/smart-technologies-ca2/data/IMG/center_2026_08_29_20_15_41_088.jpg,/Users/martin/smart-technologies-ca2/data/IMG/left_2026_08_29_20_15_41_088.jpg,/Users/martin/smart-technologies-ca2/data/IMG/right_2026_08_29_20_15_41_088.jpg,0.0,1.0,0,30.1903
/Users/martin/smart-technologies-ca2/data/IMG/center_2026_08_29_20_15_41_628.jpg,/Users/martin/smart-technologies-ca2/data/IMG/left_2026_08_29_20_15_41_628.jpg,/Users/martin/smart-technologies-ca2/data/IMG/right_2026_08_29_20_15_41_628.jpg,0.2,1.0,0,30.17983
/Users/martin/smart-technologies-ca2/data/IMG/center_2026_08_29_20_15_41_696.jpg,/Users/martin/smart-technologies-ca2/data/IMG/left_2026_08_29_20_15_41_696.jpg,/Users/martin/smart-technologies-ca2/data/IMG/right_2026_08_29_20_15_41_696.jpg,0.35,1.0,0,30.1642
/Users/martin/smart-technologies-ca2/data/IMG/center_2026_08_29_20_15_43_267.jpg,/Users/martin/smart-technologies-ca2/data/IMG/left_2026_08_29_20_15_43_267.jpg,/Users/martin/smart-technologies-ca2/data/IMG/right_2026_08_29_20_15_43_267.jpg,0.0,1.0,0,30.1903
/Users/martin/smart-technologies-ca2/data/IMG/center_2026_08_29_20_15_44_020.jpg,/Users/martin/smart-technologies-ca2/data/IMG/left_2026_08_29_20_15_44_020.jpg,/Users/martin/smart-technologies-ca2/data/IMG/right_2026_08_29_20_15_44_020.jpg,0.15,1.0,0,30.18423
/Users/martin/smart-technologies-ca2/data/IMG/center_2026_08_29_20_15_44_090.jpg,/Users/martin/smart-technologies-ca2/data/IMG/left_2026_08_29_20_15_44_090.jpg,/Users/martin/smart-technologies-ca2/data/IMG/right_2026_08_29_20_15_44_090.jpg,0.35,1.0,0,30.16321
/Users/martin/smart-technologies-ca2/data/IMG/center_2026_08_29_20_15_45_250.jpg,/Users/martin/smart-technologies-ca2/data/IMG/left_2026_08_29_20_15_45_250.jpg,/Users/martin/smart-technologies-ca2/data/IMG/right_2026_08_29_20_15_45_250.jpg,0.0,1.0,0,30.19033
/Users/martin/smart-technologies-ca2/data/IMG/center_2026_08_29_20_15_46_137.jpg,/Users/martin/smart-technologies-ca2/data/IMG/left_2026_08_29_20_15_46_137.jpg,/Users/martin/smart-technologies-ca2/data/IMG/right_2026_08_29_20_15_46_137.jpg,0.2,1.0,0,30.17991
/Users/martin/smart-technologies-ca2/data/IMG/center_2026_08_29_20_15_46_205.jpg,/Users/martin/smart-technologies-ca2/data/IMG/left_2026_08_29_20_15_46_205.jpg,/Users/martin/smart-technologies-ca2/data/IMG/right_2026_08_29_20_15_46_205.jpg,0.4,1.0,0,30.15786
/Users/martin/smart-technologies-ca2/data/IMG/center_2026_08_29_20_15_48_124.jpg,/Users/martin/smart-technologies-ca2/data/IMG/left_2026_08_29_20_15_48_124.jpg,/Users/martin/smart-technologies-ca2/data/IMG/right_2026_08_29_20_15_48_124.jpg,0.0,1.0,0,30.1902
/Users/martin/smart-technologies-ca2/data/IMG/center_2026_08_29_20_15_48_331.jpg,/Users/martin/smart-technologies-ca2/data/IMG/left_2026_08_29_20_15_48_331.jpg,/Users/martin/smart-technologies-ca2/data/IMG/right_2026_08_29_20_15_48_331.jpg,0.0,1.0,0,30.19033
/Users/martin/smart-technologies-ca2/data/IMG/center_2026_08_29_20_15_48_535.jpg,/Users/martin/smart-technologies-ca2/data/IMG/left_2026_08_29_20_15_48_535.jpg,/Users/martin/smart-technologies-ca2/data/IMG/right_2026_08_29_20_15_48_535.jpg,0.15,1.0,0,30.18424
/Users/martin/smart-technologies-ca2/data/IMG/center_2026_08_29_20_15_48_602.jpg,/Users/martin/smart-technologies-ca2/data/IMG/left_2026_08_29_20_15_48_602.jpg,/Users/martin/smart-technologies-ca2/data/IMG/right_2026_08_29_20_15_48_602.jpg,0.3,1.0,0,30.16925
/Users/martin/smart-technologies-ca2/data/IMG/center_2026_08_29_20_15_48_670.jpg,/Users/martin/smart-technologies-ca2/data/IMG/left_2026_08_29_20_15_48_670.jpg,/Users/martin/smart-technologies-ca2/data/IMG/right_2026_08_29_20_15_48_670.jpg,0.5000001,1.0,0,30.14537
/Users/martin/smart-technologies-ca2/data/IMG/center_2026_08_29_20_15_48_738.jpg,/Users/martin/smart-technologies-ca2/data/IMG/left_2026_08_29_20_15_48_738.jpg,/Users/martin/smart-technologies-ca2/data/IMG/right_2026_08_29_20_15_48_738.jpg,0.6500001,1.0,0,30.12708
/Users/martin/smart-technologies-ca2/data/IMG/center_2026_08_29_20_15_49_084.jpg,/Users/martin/smart-technologies-ca2/data/IMG/left_2026_08_29_20_15_49_084.jpg,/Users/martin/smart-technologies-ca2/data/IMG/right_2026_08_29_20_15_49_084.jpg,0.0,1.0,0,30.19032
/Users/martin/smart-technologies-ca2/data/IMG/center_2026_08_29_20_15_49_221.jpg,/Users/martin/smart-technologies-ca2/data/IMG/left_2026_08_29_20_15_49_221.jpg,/Users/martin/smart-technologies-ca2/data/IMG/right_2026_08_29_20_15_49_221.jpg,0.0,1.0,0,30.19032
/Users/martin/smart-technologies-ca2/data/IMG/center_2026_08_29_20_15_49_289.jpg,/Users/martin/smart-technologies-ca2/data/IMG/left_2026_08_29_20_15_49_289.jpg,/Users/martin/smart-technologies-ca2/data/IMG/right_2026_08_29_20_15_49_289.jpg,0.0,1.0,0,30.19029
/Users/martin/smart-technologies-ca2/data/IMG/center_2026_08_29_20_15_51_950.jpg,/Users/martin/smart-technologies-ca2/data/IMG/left_2026_08_29_20_15_51_950.jpg,/Users/martin/smart-technologies-ca2/data/IMG/right_2026_08_29_20_15_51_950.jpg,0.25,1.0,0,30.17473
/Users/martin/smart-technologies-ca2/data/IMG/center_2026_08_29_20_15_52_017.jpg,/Users/martin/smart-technologies-ca2/data/IMG/left_2026_08_29_20_15_52_017.jpg,/Users/martin/smart-technologies-ca2/data/IMG/right_2026_08_29_20_15_52_017.jpg,0.4,1.0,0,30.15748
/Users/martin/smart-technologies-ca2/data/IMG/center_2026_08_29_20_15_52_087.jpg,/Users/martin/smart-technologies-ca2/data/IMG/left_2026_08_29_20_15_52_087.jpg,/Users/martin/smart-technologies-ca2/data/IMG/right_2026_08_29_20_15_52_087.jpg,0.6000001,1.0,0,30.13313
/Users/martin/smart-technologies-ca2/data/IMG/center_2026_08_29_20_15_52_154.jpg,/Users/martin/smart-technologies-ca2/data/IMG/left_2026_08_29_20_15_52_154.jpg,/Users/martin/smart-technologies-ca2/data/IMG/right_2026_08_29_20_15_52_154.jpg,0.7500002,1.0,0,30.11463
/Users/martin/smart-technologies-ca2/data/IMG/center_2026_08_29_20_15_52_562.jpg,/Users/martin/smart-technologies-ca2/data/IMG/left_2026_08_29_20_15_52_562.jpg,/Users/martin/smart-technologies-ca2/data/IMG/right_2026_08_29_20_15_52_562.jpg,0.0,1.0,0,30.19029
/Users/martin/smart-technologies-ca2/data/IMG/center_2026_08_29_20_15_52_699.jpg,/Users/martin/smart-technologies-ca2/data/IMG/left_2026_08_29_20_15_52_699.jpg,/Users/martin/smart-technologies-ca2/data/IMG/right_2026_08_29_20_15_52_699.jpg,0.0,1.0,0,30.1905
/Users/martin/smart-technologies-ca2/data/IMG/center_2026_08_29_20_15_53_796.jpg,/Users/martin/smart-technologies-ca2/data/IMG/left_2026_08_29_20_15_53_796.jpg,/Users/martin/smart-technologies-ca2/data/IMG/right_2026_08_29_20_15_53_796.jpg,0.2,1.0,0,30.17983
/Users/martin/smart-technologies-ca2/data/IMG/center_2026_08_29_20_15_53_863.jpg,/Users/martin/smart-technologies-ca2/data/IMG/left_2026_08_29_20_15_53_863.jpg,/Users/martin/smart-technologies-ca2/data/IMG/right_2026_08_29_20_15_53_863.jpg,0.4,1.0,0,30.15754
/Users/martin/smart-technologies-ca2/data/IMG/center_2026_08_29_20_15_53_931.jpg,/Users/martin/smart-technologies-ca2/data/IMG/left_2026_08_29_20_15_53_931.jpg,/Users/martin/smart-technologies-ca2/data/IMG/right_2026_08_29_20_15_53_931.jpg,0.5500001,1.0,0,30.13926
/Users/martin/smart-technologies-ca2/data/IMG/center_2026_08_29_20_15_53_998.jpg,/Users/martin/smart-technologies-ca2/data/IMG/left_2026_08_29_20_15_53_998.jpg,/Users/martin/smart-technologies-ca2/data/IMG/right_2026_08_29_20_15_53_998.jpg,0.7,1.0,0,30.12105
/Users/martin/smart-technologies-ca2/data/IMG/center_2026_08_29_20_15_54_483.jpg,/Users/martin/smart-technologies-ca2/data/IMG/left_2026_08_29_20_15_54_483.jpg,/Users/martin/smart-technologies-ca2/data/IMG/right_2026_08_29_20_15_54_483.jpg,0.0,1.0,0,30.19052
/Users/martin/smart-technologies-ca2/data/IMG/center_2026_08_29_20_15_55_517.jpg,/Users/martin/smart-technologies-ca2/data/IMG/left_2026_08_29_20_15_55_517.jpg,/Users/martin/smart-technologies-ca2/data/IMG/right_2026_08_29_20_15_55_517.jpg,0.15,1.0,0,30.1842
/Users/martin/smart-technologies-ca2/data/IMG/center_2026_08_29_20_15_55_587.jpg,/Users/martin/smart-technologies-ca2/data/IMG/left_2026_08_29_20_15_55_587.jpg,/Users/martin/smart-technologies-ca2/data/IMG/right_2026_08_29_20_15_55_587.jpg,0.35,1.0,0,30.16348
/Users/martin/smart-technologies-ca2/data/IMG/center_2026_08_29_20_15_55_656.jpg,/Users/martin/smart-technologies-ca2/data/IMG/left_2026_08_29_20_15_55_656.jpg,/Users/martin/smart-technologies-ca2/data/IMG/right_2026_08_29_20_15_55_656.jpg,0.5000001,1.0,0,30.14599
/Users/martin/smart-technologies-ca2/data/IMG/center_2026_08_29_20_15_55_793.jpg,/Users/martin/smart-technologies-ca2/data/IMG/left_2026_08_29_20_15_55_793.jpg,/Users/martin/smart-technologies-ca2/data/IMG/right_2026_08_29_20_15_55_793.jpg,0.0,1.0,0,30.18852
/Users/martin/smart-technologies-ca2/data/IMG/center_2026_08_29_20_15_56_409.jpg,/Users/martin/smart-technologies-ca2/data/IMG/left_2026_08_29_20_15_56_409.jpg,/Users/martin/smart-technologies-ca2/data/IMG/right_2026_08_29_20_15_56_409.jpg,0.2,1.0,0,30.17986
/Users/martin/smart-technologies-ca2/data/IMG/center_2026_08_29_20_15_56_476.jpg,/Users/martin/smart-technologies-ca2/data/IMG/left_2026_08_29_20_15_56_476.jpg,/Users/martin/smart-technologies-ca2/data/IMG/right_2026_08_29_20_15_56_476.jpg,0.35,1.0,0,30.16342
/Users/martin/smart-technologies-ca2/data/IMG/center_2026_08_29_20_15_56_544.jpg,/Users/martin/smart-technologies-ca2/data/IMG/left_2026_08_29_20_15_56_544.jpg,/Users/martin/smart-technologies-ca2/data/IMG/right_2026_08_29_20_15_56_544.jpg,0.5500001,1.0,0,30.13888
/Users/martin/smart-technologies-ca2/data/IMG/center_2026_08_29_20_15_57_780.jpg,/Users/martin/smart-technologies-ca2/data/IMG/left_2026_08_29_20_15_57_780.jpg,/Users/martin/smart-technologies-ca2/data/IMG/right_2026_08_29_20_15_57_780.jpg,0.15,1.0,0,30.18422
/Users/martin/smart-technologies-ca2/data/IMG/center_2026_08_29_20_15_57_850.jpg,/Users/martin/smart-technologies-ca2/data/IMG/left_2026_08_29_20_15_57_850.jpg,/Users/martin/smart-technologies-ca2/data/IMG/right_2026_08_29_20_15_57_850.jpg,0.35,1.0,0,30.16343
/Users/martin/smart-technologies-ca2/data/IMG/center_2026_08_29_20_15_57_920.jpg,/Users/martin/smart-technologies-ca2/data/IMG/left_2026_08_29_20_15_57_920.jpg,/Users/martin/smart-technologies-ca2/data/IMG/right_2026_08_29_20_15_57_920.jpg,0.5000001,1.0,0,30.14539
/Users/martin/smart-technologies-ca2/data/IMG/center_2026_08_29_20_15_58_672.jpg,/Users/martin/smart-technologies-ca2/data/IMG/left_2026_08_29_20_15_58_672.jpg,/Users/martin/smart-technologies-ca2/data/IMG/right_2026_08_29_20_15_58_672.jpg,0.0,1.0,0,30.19029
/Users/martin/smart-technologies-ca2/data/IMG/center_2026_08_29_20_15_58_946.jpg,/Users/martin/smart-technologies-ca2/data/IMG/left_2026_08_29_20_15_58_946.jpg,/Users/martin/smart-technologies-ca2/data/IMG/right_2026_08_29_20_15_58_946.jpg,0.25,1.0,0,30.1747
/Users/martin/smart-technologies-ca2/data/IMG/center_2026_08_29_20_15_59_014.jpg,/Users/martin/smart-technologies-ca2/data/IMG/left_2026_08_29_20_15_59_014.jpg,/Users/martin/smart-technologies-ca2/data/IMG/right_2026_08_29_20_15_59_014.jpg,0.4,1.0,0,30.15759
/Users/martin/smart-technologies-ca2/data/IMG/center_2026_08_29_20_15_59_084.jpg,/Users/martin/smart-technologies-ca2/data/IMG/left_2026_08_29_20_15_59_084.jpg,/Users/martin/smart-technologies-ca2/data/IMG/right_2026_08_29_20_15_59_084.jpg,0.6000001,1.0,0,30.13304
/Users/martin/smart-technologies-ca2/data/IMG/center_2026_08_29_20_15_59_150.jpg,/Users/martin/smart-technologies-ca2/data/IMG/left_2026_08_29_20_15_59_150.jpg,/Users/martin/smart-technologies-ca2/data/IMG/right_2026_08_29_20_15_59_150.jpg,0.7500002,1.0,0,30.11458
/Users/martin/smart-technologies-ca2/data/IMG/center_2026_08_29_20_15_59_969.jpg,/Users/martin/smart-technologies-ca2/data/IMG/left_2026_08_29_20_15_59_969.jpg,/Users/martin/smart-technologies-ca2/data/IMG/right_2026_08_29_20_15_59_969.jpg,0.15,1.0,0,30.18411
/Users/martin/smart-technologies-ca2/data/IMG/center_2026_08_29_20_16_00_038.jpg,/Users/martin/smart-technologies-ca2/data/IMG/left_2026_08_29_20_16_00_038.jpg,/Users/martin/smart-technologies-ca2/data/IMG/right_2026_08_29_20_16_00_038.jpg,0.3,1.0,0,30.16916
/Users/martin/smart-technologies-ca2/data/IMG/center_2026_08_29_20_16_00_105.jpg,/Users/martin/smart-technologies-ca2/data/IMG/left_2026_08_29_20_16_00_105.jpg,/Users/martin/smart-technologies-ca2/data/IMG/right_2026_08_29_20_16_00_105.jpg,0.5000001,1.0,0,30.14486
/Users/martin/smart-technologies-ca2/data/IMG/center_2026_08_29_20_16_00_172.jpg,/Users/martin/smart-technologies-ca2/data/IMG/left_2026_08_29_20_16_00_172.jpg,/Users/martin/smart-technologies-ca2/data/IMG/right_2026_08_29_20_16_00_172.jpg,0.6500001,1.0,0,30.12681
/Users/martin/smart-technologies-ca2/data/IMG/center_2026_08_29_20_16_00_244.jpg,/Users/martin/smart-technologies-ca2/data/IMG/left_2026_08_29_20_16_00_244.jpg,/Users/martin/smart-technologies-ca2/data/IMG/right_2026_08_29_20_16_00_244.jpg,0.8500001,1.0,0,30.10501
/Users/martin/smart-technologies-ca2/data/IMG/center_2026_08_29_20_16_00_794.jpg,/Users/martin/smart-technologies-ca2/data/IMG/left_2026_08_29_20_16_00_794.jpg,/Users/martin/smart-technologies-ca2/data/IMG/right_2026_08_29_20_16_00_794.jpg,0.15,1.0,0,30.18449
/Users/martin/smart-technologies-ca2/data/IMG/center_2026_08_29_20_16_00_867.jpg,/Users/martin/smart-technologies-ca2/data/IMG/left_2026_08_29_20_16_00_867.jpg,/Users/martin/smart-technologies-ca2/data/IMG/right_2026_08_29_20_16_00_867.jpg,0.35,1.0,0,30.16344
/Users/martin/smart-technologies-ca2/data/IMG/center_2026_08_29_20_16_00_934.jpg,/Users/martin/smart-technologies-ca2/data/IMG/left_2026_08_29_20_16_00_934.jpg,/Users/martin/smart-technologies-ca2/data/IMG/right_2026_08_29_20_16_00_934.jpg,0.5000001,1.0,0,30.14549
/Users/martin/smart-technologies-ca2/data/IMG/center_2026_08_29_20_16_01_002.jpg,/Users/martin/smart-technologies-ca2/data/IMG/left_2026_08_29_20_16_01_002.jpg,/Users/martin/smart-technologies-ca2/data/IMG/right_2026_08_29_20_16_01_002.jpg,0.6500001,1.0,0,30.12714
/Users/martin/smart-technologies-ca2/data/IMG/center_2026_08_29_20_16_01_072.jpg,/Users/martin/smart-technologies-ca2/data/IMG/left_2026_08_29_20_16_01_072.jpg,/Users/martin/smart-technologies-ca2/data/IMG/right_2026_08_29_20_16_01_072.jpg,0.8500001,1.0,0,30.10526
/Users/martin/smart-technologies-ca2/data/IMG/center_2026_08_29_20_16_01_832.jpg,/Users/martin/smart-technologies-ca2/data/IMG/left_2026_08_29_20_16_01_832.jpg,/Users/martin/smart-technologies-ca2/data/IMG/right_2026_08_29_20_16_01_832.jpg,0.2,1.0,0,30.17975
/Users/martin/smart-technologies-ca2/data/IMG/center_2026_08_29_20_16_01_904.jpg,/Users/martin/smart-technologies-ca2/data/IMG/left_2026_08_29_20_16_01_904.jpg,/Users/martin/smart-technologies-ca2/data/IMG/right_2026_08_29_20_16_01_904.jpg,0.4,1.0,0,30.15742
/Users/martin/smart-technologies-ca2/data/IMG/center_2026_08_29_20_16_01_974.jpg,/Users/martin/smart-technologies-ca2/data/IMG/left_2026_08_29_20_16_01_974.jpg,/Users/martin/smart-technologies-ca2/data/IMG/right_2026_08_29_20_16_01_974.jpg,0.5500001,1.0,0,30.13912
/Users/martin/smart-technologies-ca2/data/IMG/center_2026_08_29_20_16_02_045.jpg,/Users/martin/smart-technologies-ca2/data/IMG/left_2026_08_29_20_16_02_045.jpg,/Users/martin/smart-technologies-ca2/data/IMG/right_2026_08_29_20_16_02_045.jpg,0.7500002,1.0,0,30.11456
/Users/martin/smart-technologies-ca2/data/IMG/center_2026_08_29_20_16_02_464.jpg,/Users/martin/smart-technologies-ca2/data/IMG/left_2026_08_29_20_16_02_464.jpg,/Users/martin/smart-technologies-ca2/data/IMG/right_2026_08_29_20_16_02_464.jpg,0.25,1.0,0,30.17638
/Users/martin/smart-technologies-ca2/data/IMG/center_2026_08_29_20_16_02_534.jpg,/Users/martin/smart-technologies-ca2/data/IMG/left_2026_08_29_20_16_02_534.jpg,/Users/martin/smart-technologies-ca2/data/IMG/right_2026_08_29_20_16_02_534.jpg,0.4,1.0,0,30.15877
/Users/martin/smart-technologies-ca2/data/IMG/center_2026_08_29_20_16_02_601.jpg,/Users/martin/smart-technologies-ca2/data/IMG/left_2026_08_29_20_16_02_601.jpg,/Users/martin/smart-technologies-ca2/data/IMG/right_2026_08_29_20_16_02_601.jpg,0.5500001,1.0,0,30.14006
/Users/martin/smart-technologies-ca2/data/IMG/center_2026_08_29_20_16_02_668.jpg,/Users/martin/smart-technologies-ca2/data/IMG/left_2026_08_29_20_16_02_668.jpg,/Users/martin/smart-technologies-ca2/data/IMG/right_2026_08_29_20_16_02_668.jpg,0.7500002,1.0,0,30.11508
/Users/martin/smart-technologies-ca2/data/IMG/center_2026_08_29_20_16_03_222.jpg,/Users/martin/smart-technologies-ca2/data/IMG/left_2026_08_29_20_16_03_222.jpg,/Users/martin/smart-technologies-ca2/data/IMG/right_2026_08_29_20_16_03_222.jpg,0.15,1.0,0,30.18447
/Users/martin/smart-technologies-ca2/data/IMG/center_2026_08_29_20_16_03_289.jpg,/Users/martin/smart-technologies-ca2/data/IMG/left_2026_08_29_20_16_03_289.jpg,/Users/martin/smart-technologies-ca2/data/IMG/right_2026_08_29_20_16_03_289.jpg,0.35,1.0,0,30.1638
/Users/martin/smart-technologies-ca2/data/IMG/center_2026_08_29_20_16_03_834.jpg,/Users/martin/smart-technologies-ca2/data/IMG/left_2026_08_29_20_16_03_834.jpg,/Users/martin/smart-technologies-ca2/data/IMG/right_2026_08_29_20_16_03_834.jpg,0.2,1.0,0,30.18028
/Users/martin/smart-technologies-ca2/data/IMG/center_2026_08_29_20_16_03_905.jpg,/Users/martin/smart-technologies-ca2/data/IMG/left_2026_08_29_20_16_03_905.jpg,/Users/martin/smart-technologies-ca2/data/IMG/right_2026_08_29_20_16_03_905.jpg,0.4,1.0,0,30.15774
/Users/martin/smart-technologies-ca2/data/IMG/center_2026_08_29_20_16_04_321.jpg,/Users/martin/smart-technologies-ca2/data/IMG/left_2026_08_29_20_16_04_321.jpg,/Users/martin/smart-technologies-ca2/data/IMG/right_2026_08_29_20_16_04_321.jpg,0.2,1.0,0,30.18054
/Users/martin/smart-technologies-ca2/data/IMG/center_2026_08_29_20_16_04_389.jpg,/Users/martin/smart-technologies-ca2/data/IMG/left_2026_08_29_20_16_04_389.jpg,/Users/martin/smart-technologies-ca2/data/IMG/right_2026_08_29_20_16_04_389.jpg,0.4,1.0,0,30.15805
/Users/martin/smart-technologies-ca2/data/IMG/center_2026_08_29_20_16_05_207.jpg,/Users/martin/smart-technologies-ca2/data/IMG/left_2026_08_29_20_16_05_207.jpg,/Users/martin/smart-technologies-ca2/data/IMG/right_2026_08_29_20_16_05_207.jpg,0.0,1.0,0,30.19033
/Users/martin/smart-technologies-ca2/data/IMG/center_2026_08_29_20_16_05_480.jpg,/Users/martin/smart-technologies-ca2/data/IMG/left_2026_08_29_20_16_05_480.jpg,/Users/martin/smart-technologies-ca2/data/IMG/right_2026_08_29_20_16_05_480.jpg,0.0,1.0,0,30.19028
/Users/martin/smart-technologies-ca2/data/IMG/center_2026_08_29_20_16_05_819.jpg,/Users/martin/smart-technologies-ca2/data/IMG/left_2026_08_29_20_16_05_819.jpg,/Users/martin/smart-technologies-ca2/data/IMG/right_2026_08_29_20_16_05_819.jpg,0.0,1.0,0,30.19029
/Users/martin/smart-technologies-ca2/data/IMG/center_2026_08_29_20_16_07_180.jpg,/Users/martin/smart-technologies-ca2/data/IMG/left_2026_08_29_20_16_07_180.jpg,/Users/martin/smart-technologies-ca2/data/IMG/right_2026_08_29_20_16_07_180.jpg,-0.15,1.0,0,30.18444
/Users/martin/smart-technologies-ca2/data/IMG/center_2026_08_29_20_16_07_250.jpg,/Users/martin/smart-technologies-ca2/data/IMG/left_2026_08_29_20_16_07_250.jpg,/Users/martin/smart-technologies-ca2/data/IMG/right_2026_08_29_20_16_07_250.jpg,-0.35,1.0,0,30.16412
/Users/martin/smart-technologies-ca2/data/IMG/center_2026_08_29_20_16_08_340.jpg,/Users/martin/smart-technologies-ca2/data/IMG/left_2026_08_29_20_16_08_340.jpg,/Users/martin/smart-technologies-ca2/data/IMG/right_2026_08_29_20_16_08_340.jpg,0.0,1.0,0,30.19029
/Users/martin/smart-technologies-ca2/data/IMG/center_2026_08_29_20_16_09_021.jpg,/Users/martin/smart-technologies-ca2/data/IMG/left_2026_08_29_20_16_09_021.jpg,/Users/martin/smart-technologies-ca2/data/IMG/right_2026_08_29_20_16_09_021.jpg,-0.15,1.0,0,30.18424
/Users/martin/smart-technologies-ca2/data/IMG/center_2026_08_29_20_16_09_088.jpg,/Users/martin/smart-technologies-ca2/data/IMG/left_2026_08_29_20_16_09_088.jpg,/Users/martin/smart-technologies-ca2/data/IMG/right_2026_08_29_20_16_09_088.jpg,-0.35,1.0,0,30.16367
/Users/martin/smart-technologies-ca2/data/IMG/center_2026_08_29_20_16_09_157.jpg,/Users/martin/smart-technologies-ca2/data/IMG/left_2026_08_29_20_16_09_157.jpg,/Users/martin/smart-technologies-ca2/data/IMG/right_2026_08_29_20_16_09_157.jpg,-0.5000001,1.0,0,30.14539
/Users/martin/smart-technologies-ca2/data/IMG/center_2026_08_29_20_16_09_904.jpg,/Users/martin/smart-technologies-ca2/data/IMG/left_2026_08_29_20_16_09_904.jpg,/Users/martin/smart-technologies-ca2/data/IMG/right_2026_08_29_20_16_09_904.jpg,-0.15,1.0,0,30.18386
/Users/martin/smart-technologies-ca2/data/IMG/center_2026_08_29_20_16_09_970.jpg,/Users/martin/smart-technologies-ca2/data/IMG/left_2026_08_29_20_16_09_970.jpg,/Users/martin/smart-technologies-ca2/data/IMG/right_2026_08_29_20_16_09_970.jpg,-0.3,1.0,0,30.16893
/Users/martin/smart-technologies-ca2/data/IMG/center_2026_08_29_20_16_10_039.jpg,/Users/martin/smart-technologies-ca2/data/IMG/left_2026_08_29_20_16_10_039.jpg,/Users/martin/smart-technologies-ca2/data/IMG/right_2026_08_29_20_16_10_039.jpg,-0.45,1.0,0,30.15141
/Users/martin/smart-technologies-ca2/data/IMG/center_2026_08_29_20_16_10_105.jpg,/Users/martin/smart-technologies-ca2/data/IMG/left_2026_08_29_20_16_10_105.jpg,/Users/martin/smart-technologies-ca2/data/IMG/right_2026_08_29_20_16_10_105.jpg,-0.6500001,1.0,0,30.12702
/Users/martin/smart-technologies-ca2/data/IMG/center_2026_08_29_20_16_10_442.jpg,/Users/martin/smart-technologies-ca2/data/IMG/left_2026_08_29_20_16_10_442.jpg,/Users/martin/smart-technologies-ca2/data/IMG/right_2026_08_29_20_16_10_442.jpg,-0.05,1.0,0,30.18974
/Users/martin/smart-technologies-ca2/data/IMG/center_2026_08_29_20_16_10_511.jpg,/Users/martin/smart-technologies-ca2/data/IMG/left_2026_08_29_20_16_10_511.jpg,/Users/martin/smart-technologies-ca2/data/IMG/right_2026_08_29_20_16_10_511.jpg,-0.25,1.0,0,30.17634
/Users/martin/smart-technologies-ca2/data/IMG/center_2026_08_29_20_16_10_577.jpg,/Users/martin/smart-technologies-ca2/data/IMG/left_2026_08_29_20_16_10_577.jpg,/Users/martin/smart-technologies-ca2/data/IMG/right_2026_08_29_20_16_10_577.jpg,-0.4,1.0,0,30.15875
/Users/martin/smart-technologies-ca2/data/IMG/center_2026_08_29_20_16_10_644.jpg,/Users/martin/smart-technologies-ca2/data/IMG/left_2026_08_29_20_16_10_644.jpg,/Users/martin/smart-technologies-ca2/data/IMG/right_2026_08_29_20_16_10_644.jpg,-0.6000001,1.0,0,30.13386
/Users/martin/smart-technologies-ca2/data/IMG/center_2026_08_29_20_16_10_711.jpg,/Users/martin/smart-technologies-ca2/data/IMG/left_2026_08_29_20_16_10_711.jpg,/Users/martin/smart-technologies-ca2/data/IMG/right_2026_08_29_20_16_10_711.jpg,-0.7500002,1.0,0,30.11512
/Users/martin/smart-technologies-ca2/data/IMG/center_2026_08_29_20_16_10_778.jpg,/Users/martin/smart-technologies-ca2/data/IMG/left_2026_08_29_20_16_10_778.jpg,/Users/martin/smart-technologies-ca2/data/IMG/right_2026_08_29_20_16_10_778.jpg,-0.9000002,1.0,0,30.10109
/Users/martin/smart-technologies-ca2/data/IMG/center_2026_08_29_20_16_10_984.jpg,/Users/martin/smart-technologies-ca2/data/IMG/left_2026_08_29_20_16_10_984.jpg,/Users/martin/smart-technologies-ca2/data/IMG/right_2026_08_29_20_16_10_984.jpg,0.0,1.0,0,30.18892
/Users/martin/smart-technologies-ca2/data/IMG/center_2026_08_29_20_16_11_255.jpg,/Users/martin/smart-technologies-ca2/data/IMG/left_2026_08_29_20_16_11_255.jpg,/Users/martin/smart-technologies-ca2/data/IMG/right_2026_08_29_20_16_11_255.jpg,-0.15,1.0,0,30.18538
/Users/martin/smart-technologies-ca2/data/IMG/center_2026_08_29_20_16_11_323.jpg,/Users/martin/smart-technologies-ca2/data/IMG/left_2026_08_29_20_16_11_323.jpg,/Users/martin/smart-technologies-ca2/data/IMG/right_2026_08_29_20_16_11_323.jpg,-0.3,1.0,0,30.16949
/Users/martin/smart-technologies-ca2/data/IMG/center_2026_08_29_20_16_11_392.jpg,/Users/martin/smart-technologies-ca2/data/IMG/left_2026_08_29_20_16_11_392.jpg,/Users/martin/smart-technologies-ca2/data/IMG/right_2026_08_29_20_16_11_392.jpg,-0.5000001,1.0,0,30.14503
/Users/martin/smart-technologies-ca2/data/IMG/center_2026_08_29_20_16_11_461.jpg,/Users/martin/smart-technologies-ca2/data/IMG/left_2026_08_29_20_16_11_461.jpg,/Users/martin/smart-technologies-ca2/data/IMG/right_2026_08_29_20_16_11_461.jpg,-0.6500001,1.0,0,30.129
/Users/martin/smart-technologies-ca2/data/IMG/center_2026_08_29_20_16_11_530.jpg,/Users/martin/smart-technologies-ca2/data/IMG/left_2026_08_29_20_16_11_530.jpg,/Users/martin/smart-technologies-ca2/data/IMG/right_2026_08_29_20_16_11_530.jpg,-0.8500001,1.0,0,30.10552
/Users/martin/smart-technologies-ca2/data/IMG/center_2026_08_29_20_16_12_009.jpg,/Users/martin/smart-technologies-ca2/data/IMG/left_2026_08_29_20_16_12_009.jpg,/Users/martin/smart-technologies-ca2/data/IMG/right_2026_08_29_20_16_12_009.jpg,-0.15,1.0,0,30.18507
/Users/martin/smart-technologies-ca2/data/IMG/center_2026_08_29_20_16_12_078.jpg,/Users/martin/smart-technologies-ca2/data/IMG/left_2026_08_29_20_16_12_078.jpg,/Users/martin/smart-technologies-ca2/data/IMG/right_2026_08_29_20_16_12_078.jpg,-0.3,1.0,0,30.17001
/Users/martin/smart-technologies-ca2/data/IMG/center_2026_08_29_20_16_12_148.jpg,/Users/martin/smart-technologies-ca2/data/IMG/left_2026_08_29_20_16_12_148.jpg,/Users/martin/smart-technologies-ca2/data/IMG/right_2026_08_29_20_16_12_148.jpg,-0.5000001,1.0,0,30.14579
/Users/martin/smart-technologies-ca2/data/IMG/center_2026_08_29_20_16_12_217.jpg,/Users/martin/smart-technologies-ca2/data/IMG/left_2026_08_29_20_16_12_217.jpg,/Users/martin/smart-technologies-ca2/data/IMG/right_2026_08_29_20_16_12_217.jpg,-0.6500001,1.0,0,30.12749
/Users/martin/smart-technologies-ca2/data/IMG/center_2026_08_29_20_16_12_630.jpg,/Users/martin/smart-technologies-ca2/data/IMG/left_2026_08_29_20_16_12_630.jpg,/Users/martin/smart-technologies-ca2/data/IMG/right_2026_08_29_20_16_12_630.jpg,-0.05,1.0,0,30.19001
/Users/martin/smart-technologies-ca2/data/IMG/center_2026_08_29_20_16_12_700.jpg,/Users/martin/smart-technologies-ca2/data/IMG/left_2026_08_29_20_16_12_700.jpg,/Users/martin/smart-technologies-ca2/data/IMG/right_2026_08_29_20_16_12_700.jpg,-0.2,1.0,0,30.1811
/Users/martin/smart-technologies-ca2/data/IMG/center_2026_08_29_20_16_12_769.jpg,/Users/martin/smart-technologies-ca2/data/IMG/left_2026_08_29_20_16_12_769.jpg,/Users/martin/smart-technologies-ca2/data/IMG/right_2026_08_29_20_16_12_769.jpg,-0.4,1.0,0,30.15858
/Users/martin/smart-technologies-ca2/data/IMG/center_2026_08_29_20_16_12_836.jpg,/Users/martin/smart-technologies-ca2/data/IMG/left_2026_08_29_20_16_12_836.jpg,/Users/martin/smart-technologies-ca2/data/IMG/right_2026_08_29_20_16_12_836.jpg,0.0,1.0,0,30.18766
/Users/martin/smart-technologies-ca2/data/IMG/center_2026_08_29_20_16_13_250.jpg,/Users/martin/smart-technologies-ca2/data/IMG/left_2026_08_29_20_16_13_250.jpg,/Users/martin/smart-technologies-ca2/data/IMG/right_2026_08_29_20_16_13_250.jpg,-0.15,1.0,0,30.18455
/Users/martin/smart-technologies-ca2/data/IMG/center_2026_08_29_20_16_13_737.jpg,/Users/martin/smart-technologies-ca2/data/IMG/left_2026_08_29_20_16_13_737.jpg,/Users/martin/smart-technologies-ca2/data/IMG/right_2026_08_29_20_16_13_737.jpg,-0.15,1.0,0,30.18445
/Users/martin/smart-technologies-ca2/data/IMG/center_2026_08_29_20_16_13_808.jpg,/Users/martin/smart-technologies-ca2/data/IMG/left_2026_08_29_20_16_13_808.jpg,/Users/martin/smart-technologies-ca2/data/IMG/right_2026_08_29_20_16_13_808.jpg,-0.35,1.0,0,30.16364
/Users/martin/smart-technologies-ca2/data/IMG/center_2026_08_29_20_16_14_153.jpg,/Users/martin/smart-technologies-ca2/data/IMG/left_2026_08_29_20_16_14_153.jpg,/Users/martin/smart-technologies-ca2/data/IMG/right_2026_08_29_20_16_14_153.jpg,0.0,1.0,0,30.1903
/Users/martin/smart-technologies-ca2/data/IMG/center_2026_08_29_20_16_14_223.jpg,/Users/martin/smart-technologies-ca2/data/IMG/left_2026_08_29_20_16_14_223.jpg,/Users/martin/smart-technologies-ca2/data/IMG/right_2026_08_29_20_16_14_223.jpg,0.0,1.0,0,30.19031
/Users/martin/smart-technologies-ca2/data/IMG/center_2026_08_29_20_16_15_627.jpg,/Users/martin/smart-technologies-ca2/data/IMG/left_2026_08_29_20_16_15_627.jpg,/Users/martin/smart-technologies-ca2/data/IMG/right_2026_08_29_20_16_15_627.jpg,0.0,1.0,0,30.19027
/Users/martin/smart-technologies-ca2/data/IMG/center_2026_08_29_20_16_16_113.jpg,/Users/martin/smart-technologies-ca2/data/IMG/left_2026_08_29_20_16_16_113.jpg,/Users/martin/smart-technologies-ca2/data/IMG/right_2026_08_29_20_16_16_113.jpg,0.0,1.0,0,30.1903
/Users/martin/smart-technologies-ca2/data/IMG/center_2026_08_29_20_16_16_952.jpg,/Users/martin/smart-technologies-ca2/data/IMG/left_2026_08_29_20_16_16_952.jpg,/Users/martin/smart-technologies-ca2/data/IMG/right_2026_08_29_20_16_16_952.jpg,0.0,1.0,0,30.19029
/Users/martin/smart-technologies-ca2/data/IMG/center_2026_08_29_20_16_17_021.jpg,/Users/martin/smart-technologies-ca2/data/IMG/left_2026_08_29_20_16_17_021.jpg,/Users/martin/smart-technologies-ca2/data/IMG/right_2026_08_29_20_16_17_021.jpg,0.0,1.0,0,30.1903
/Users/martin/smart-technologies-ca2/data/IMG/center_2026_08_29_20_16_17_778.jpg,/Users/martin/smart-technologies-ca2/data/IMG/left_2026_08_29_20_16_17_778.jpg,/Users/martin/smart-technologies-ca2/data/IMG/right_2026_08_29_20_16_17_778.jpg,0.2,1.0,0,30.17985
/Users/martin/smart-technologies-ca2/data/IMG/center_2026_08_29_20_16_17_845.jpg,/Users/martin/smart-technologies-ca2/data/IMG/left_2026_08_29_20_16_17_845.jpg,/Users/martin/smart-technologies-ca2/data/IMG/right_2026_08_29_20_16_17_845.jpg,0.4,1.0,0,30.1577
/Users/martin/smart-technologies-ca2/data/IMG/center_2026_08_29_20_16_17_912.jpg,/Users/martin/smart-technologies-ca2/data/IMG/left_2026_08_29_20_16_17_912.jpg,/Users/martin/smart-technologies-ca2/data/IMG/right_2026_08_29_20_16_17_912.jpg,0.5500001,1.0,0,30.13926
/Users/martin/smart-technologies-ca2/data/IMG/center_2026_08_29_20_16_18_050.jpg,/Users/martin/smart-technologies-ca2/data/IMG/left_2026_08_29_20_16_18_050.jpg,/Users/martin/smart-technologies-ca2/data/IMG/right_2026_08_29_20_16_18_050.jpg,0.0,1.0,0,30.18908
/Users/martin/smart-technologies-ca2/data/IMG/center_2026_08_29_20_16_18_118.jpg,/Users/martin/smart-technologies-ca2/data/IMG/left_2026_08_29_20_16_18_118.jpg,/Users/martin/smart-technologies-ca2/data/IMG/right_2026_08_29_20_16_18_118.jpg,0.0,1.0,0,30.18997
/Users/martin/smart-technologies-ca2/data/IMG/center_2026_08_29_20_16_18_188.jpg,/Users/martin/smart-technologies-ca2/data/IMG/left_2026_08_29_20_16_18_188.jpg,/Users/martin/smart-technologies-ca2/data/IMG/right_2026_08_29_20_16_18_188.jpg,0.0,1.0,0,30.19025
/Users/martin/smart-technologies-ca2/data/IMG/center_2026_08_29_20_16_18_806.jpg,/Users/martin/smart-technologies-ca2/data/IMG/left_2026_08_29_20_16_18_806.jpg,/Users/martin/smart-technologies-ca2/data/IMG/right_2026_08_29_20_16_18_806.jpg,0.15,1.0,0,30.18417
/Users/martin/smart-technologies-ca2/data/IMG/center_2026_08_29_20_16_18_873.jpg,/Users/martin/smart-technologies-ca2/data/IMG/left_2026_08_29_20_16_18_873.jpg,/Users/martin/smart-technologies-ca2/data/IMG/right_2026_08_29_20_16_18_873.jpg,0.3,1.0,0,30.16921
/Users/martin/smart-technologies-ca2/data/IMG/center_2026_08_29_20_16_18_942.jpg,/Users/martin/smart-technologies-ca2/data/IMG/left_2026_08_29_20_16_18_942.jpg,/Users/martin/smart-technologies-ca2/data/IMG/right_2026_08_29_20_16_18_942.jpg,0.45,1.0,0,30.15128
/Users/martin/smart-technologies-ca2/data/IMG/center_2026_08_29_20_16_19_010.jpg,/Users/martin/smart-technologies-ca2/data/IMG/left_2026_08_29_20_16_19_010.jpg,/Users/martin/smart-technologies-ca2/data/IMG/right_2026_08_29_20_16_19_010.jpg,0.6500001,1.0,0,30.12702
/Users/martin/smart-technologies-ca2/data/IMG/center_2026_08_29_20_16_19_556.jpg,/Users/martin/smart-technologies-ca2/data/IMG/left_2026_08_29_20_16_19_556.jpg,/Users/martin/smart-technologies-ca2/data/IMG/right_2026_08_29_20_16_19_556.jpg,0.0,1.0,0,30.19029
/Users/martin/smart-technologies-ca2/data/IMG/center_2026_08_29_20_16_19_898.jpg,/Users/martin/smart-technologies-ca2/data/IMG/left_2026_08_29_20_16_19_898.jpg,/Users/martin/smart-technologies-ca2/data/IMG/right_2026_08_29_20_16_19_898.jpg,0.15,1.0,0,30.18459
/Users/martin/smart-technologies-ca2/data/IMG/center_2026_08_29_20_16_19_968.jpg,/Users/martin/smart-technologies-ca2/data/IMG/left_2026_08_29_20_16_19_968.jpg,/Users/martin/smart-technologies-ca2/data/IMG/right_2026_08_29_20_16_19_968.jpg,0.35,1.0,0,30.1634
/Users/martin/smart-technologies-ca2/data/IMG/center_2026_08_29_20_16_20_038.jpg,/Users/martin/smart-technologies-ca2/data/IMG/left_2026_08_29_20_16_20_038.jpg,/Users/martin/smart-technologies-ca2/data/IMG/right_2026_08_29_20_16_20_038.jpg,0.5000001,1.0,0,30.14532
/Users/martin/smart-technologies-ca2/data/IMG/center_2026_08_29_20_16_20_107.jpg,/Users/martin/smart-technologies-ca2/data/IMG/left_2026_08_29_20_16_20_107.jpg,/Users/martin/smart-technologies-ca2/data/IMG/right_2026_08_29_20_16_20_107.jpg,0.7,1.0,0,30.12105
/Users/martin/smart-technologies-ca2/data/IMG/center_2026_08_29_20_16_20_583.jpg,/Users/martin/smart-technologies-ca2/data/IMG/left_2026_08_29_20_16_20_583.jpg,/Users/martin/smart-technologies-ca2/data/IMG/right_2026_08_29_20_16_20_583.jpg,0.1,1.0,0,30.18822
/Users/martin/smart-technologies-ca2/data/IMG/center_2026_08_29_20_16_20_653.jpg,/Users/martin/smart-technologies-ca2/data/IMG/left_2026_08_29_20_16_20_653.jpg,/Users/martin/smart-technologies-ca2/data/IMG/right_2026_08_29_20_16_20_653.jpg,0.25,1.0,0,30.17551
/Users/martin/smart-technologies-ca2/data/IMG/center_2026_08_29_20_16_20_722.jpg,/Users/martin/smart-technologies-ca2/data/IMG/left_2026_08_29_20_16_20_722.jpg,/Users/martin/smart-technologies-ca2/data/IMG/right_2026_08_29_20_16_20_722.jpg,0.4,1.0,0,30.15805
/Users/martin/smart-technologies-ca2/data/IMG/center_2026_08_29_20_16_20_789.jpg,/Users/martin/smart-technologies-ca2/data/IMG/left_2026_08_29_20_16_20_789.jpg,/Users/martin/smart-technologies-ca2/data/IMG/right_2026_08_29_20_16_20_789.jpg,0.6000001,1.0,0,30.13351
/Users/martin/smart-technologies-ca2/data/IMG/center_2026_08_29_20_16_20_856.jpg,/Users/martin/smart-technologies-ca2/data/IMG/left_2026_08_29_20_16_20_856.jpg,/Users/martin/smart-technologies-ca2/data/IMG/right_2026_08_29_20_16_20_856.jpg,0.7500002,1.0,0,30.11526
/Users/martin/smart-technologies-ca2/data/IMG/center_2026_08_29_20_16_21_339.jpg,/Users/martin/smart-technologies-ca2/data/IMG/left_2026_08_29_20_16_21_339.jpg,/Users/martin/smart-technologies-ca2/data/IMG/right_2026_08_29_20_16_21_339.jpg,0.2,1.0,0,30.18086
/Users/martin/smart-technologies-ca2/data/IMG/center_2026_08_29_20_16_21_406.jpg,/Users/martin/smart-technologies-ca2/data/IMG/left_2026_08_29_20_16_21_406.jpg,/Users/martin/smart-technologies-ca2/data/IMG/right_2026_08_29_20_16_21_406.jpg,0.4,1.0,0,30.15823
/Users/martin/smart-technologies-ca2/data/IMG/center_2026_08_29_20_16_21_476.jpg,/Users/martin/smart-technologies-ca2/data/IMG/left_2026_08_29_20_16_21_476.jpg,/Users/martin/smart-technologies-ca2/data/IMG/right_2026_08_29_20_16_21_476.jpg,0.5500001,1.0,0,30.13939
/Users/martin/smart-technologies-ca2/data/IMG/center_2026_08_29_20_16_21_542.jpg,/Users/martin/smart-technologies-ca2/data/IMG/left_2026_08_29_20_16_21_542.jpg,/Users/martin/smart-technologies-ca2/data/IMG/right_2026_08_29_20_16_21_542.jpg,0.7,1.0,0,30.12127
/Users/martin/smart-technologies-ca2/data/IMG/center_2026_08_29_20_16_22_089.jpg,/Users/martin/smart-technologies-ca2/data/IMG/left_2026_08_29_20_16_22_089.jpg,/Users/martin/smart-technologies-ca2/data/IMG/right_2026_08_29_20_16_22_089.jpg,0.25,1.0,0,30.17545
/Users/martin/smart-technologies-ca2/data/IMG/center_2026_08_29_20_16_22_156.jpg,/Users/martin/smart-technologies-ca2/data/IMG/left_2026_08_29_20_16_22_156.jpg,/Users/martin/smart-technologies-ca2/data/IMG/right_2026_08_29_20_16_22_156.jpg,0.4,1.0,0,30.1581
/Users/martin/smart-technologies-ca2/data/IMG/center_2026_08_29_20_16_22_225.jpg,/Users/martin/smart-technologies-ca2/data/IMG/left_2026_08_29_20_16_22_225.jpg,/Users/martin/smart-technologies-ca2/data/IMG/right_2026_08_29_20_16_22_225.jpg,0.6000001,1.0,0,30.1334
/Users/martin/smart-technologies-ca2/data/IMG/center_2026_08_29_20_16_22_293.jpg,/Users/martin/smart-technologies-ca2/data/IMG/left_2026_08_29_20_16_22_293.jpg,/Users/martin/smart-technologies-ca2/data/IMG/right_2026_08_29_20_16_22_293.jpg,0.7500002,1.0,0,30.11472
/Users/martin/smart-technologies-ca2/data/IMG/center_2026_08_29_20_16_22_911.jpg,/Users/martin/smart-technologies-ca2/data/IMG/left_2026_08_29_20_16_22_911.jpg,/Users/martin/smart-technologies-ca2/data/IMG/right_2026_08_29_20_16_22_911.jpg,0.1,1.0,0,30.18761
/Users/martin/smart-technologies-ca2/data/IMG/center_2026_08_29_20_16_22_979.jpg,/Users/martin/smart-technologies-ca2/data/IMG/left_2026_08_29_20_16_22_979.jpg,/Users/martin/smart-technologies-ca2/data/IMG/right_2026_08_29_20_16_22_979.jpg,0.25,1.0,0,30.17478
/Users/martin/smart-technologies-ca2/data/IMG/center_2026_08_29_20_16_23_050.jpg,/Users/martin/smart-technologies-ca2/data/IMG/left_2026_08_29_20_16_23_050.jpg,/Users/martin/smart-technologies-ca2/data/IMG/right_2026_08_29_20_16_23_050.jpg,0.45,1.0,0,30.15139
/Users/martin/smart-technologies-ca2/data/IMG/center_2026_08_29_20_16_23_119.jpg,/Users/martin/smart-technologies-ca2/data/IMG/left_2026_08_29_20_16_23_119.jpg,/Users/martin/smart-technologies-ca2/data/IMG/right_2026_08_29_20_16_23_119.jpg,0.6000001,1.0,0,30.13291
/Users/martin/smart-technologies-ca2/data/IMG/center_2026_08_29_20_16_23_660.jpg,/Users/martin/smart-technologies-ca2/data/IMG/left_2026_08_29_20_16_23_660.jpg,/Users/martin/smart-technologies-ca2/data/IMG/right_2026_08_29_20_16_23_660.jpg,0.2,1.0,0,30.1802
/Users/martin/smart-technologies-ca2/data/IMG/center_2026_08_29_20_16_23_727.jpg,/Users/martin/smart-technologies-ca2/data/IMG/left_2026_08_29_20_16_23_727.jpg,/Users/martin/smart-technologies-ca2/data/IMG/right_2026_08_29_20_16_23_727.jpg,0.4,1.0,0,30.15775
/Users/martin/smart-technologies-ca2/data/IMG/center_2026_08_29_20_16_23_794.jpg,/Users/martin/smart-technologies-ca2/data/IMG/left_2026_08_29_20_16_23_794.jpg,/Users/martin/smart-technologies-ca2/data/IMG/right_2026_08_29_20_16_23_794.jpg,0.5500001,1.0,0,30.13938
/Users/martin/smart-technologies-ca2/data/IMG/center_2026_08_29_20_16_23_998.jpg,/Users/martin/smart-technologies-ca2/data/IMG/left_2026_08_29_20_16_23_998.jpg,/Users/martin/smart-technologies-ca2/data/IMG/right_2026_08_29_20_16_23_998.jpg,0.0,1.0,0,30.19002
/Users/martin/smart-technologies-ca2/data/IMG/center_2026_08_29_20_16_24_268.jpg,/Users/martin/smart-technologies-ca2/data/IMG/left_2026_08_29_20_16_24_268.jpg,/Users/martin/smart-technologies-ca2/data/IMG/right_2026_08_29_20_16_24_268.jpg,0.0,1.0,0,30.19032
/Users/martin/smart-technologies-ca2/data/IMG/center_2026_08_29_20_16_26_095.jpg,/Users/martin/smart-technologies-ca2/data/IMG/left_2026_08_29_20_16_26_095.jpg,/Users/martin/smart-technologies-ca2/data/IMG/right_2026_08_29_20_16_26_095.jpg,0.0,1.0,0,30.19031
/Users/martin/smart-technologies-ca2/data/IMG/center_2026_08_29_20_16_26_568.jpg,/Users/martin/smart-technologies-ca2/data/IMG/left_2026_08_29_20_16_26_568.jpg,/Users/martin/smart-technologies-ca2/data/IMG/right_2026_08_29_20_16_26_568.jpg,0.25,1.0,0,30.06693
/Users/martin/smart-technologies-ca2/data/IMG/center_2026_08_29_20_16_26_636.jpg,/Users/martin/smart-technologies-ca2/data/IMG/left_2026_08_29_20_16_26_636.jpg,/Users/martin/smart-technologies-ca2/data/IMG/right_2026_08_29_20_16_26_636.jpg,0.4,1.0,0,30.19337
/Users/martin/smart-technologies-ca2/data/IMG/center_2026_08_29_20_16_28_528.jpg,/Users/martin/smart-technologies-ca2/data/IMG/left_2026_08_29_20_16_28_528.jpg,/Users/martin/smart-technologies-ca2/data/IMG/right_2026_08_29_20_16_28_528.jpg,0.0,1.0,0,30.19064
/Users/martin/smart-technologies-ca2/data/IMG/center_2026_08_29_20_16_29_616.jpg,/Users/martin/smart-technologies-ca2/data/IMG/left_2026_08_29_20_16_29_616.jpg,/Users/martin/smart-technologies-ca2/data/IMG/right_2026_08_29_20_16_29_616.jpg,0.0,1.0,0,30.19066
/Users/martin/smart-technologies-ca2/data/IMG/center_2026_08_29_20_16_30_497.jpg,/Users/martin/smart-technologies-ca2/data/IMG/left_2026_08_29_20_16_30_497.jpg,/Users/martin/smart-technologies-ca2/data/IMG/right_2026_08_29_20_16_30_497.jpg,0.0,1.0,0,30.19065
/Users/martin/smart-technologies-ca2/data/IMG/center_2026_08_29_20_16_31_446.jpg,/Users/martin/smart-technologies-ca2/data/IMG/left_2026_08_29_20_16_31_446.jpg,/Users/martin/smart-technologies-ca2/data/IMG/right_2026_08_29_20_16_31_446.jpg,0.0,1.0,0,30.19064
/Users/martin/smart-technologies-ca2/data/IMG/center_2026_08_29_20_16_32_738.jpg,/Users/martin/smart-technologies-ca2/data/IMG/left_2026_08_29_20_16_32_738.jpg,/Users/martin/smart-technologies-ca2/data/IMG/right_2026_08_29_20_16_32_738.jpg,0.0,1.0,0,30.19063
/Users/martin/smart-technologies-ca2/data/IMG/center_2026_08_29_20_16_32_944.jpg,/Users/martin/smart-technologies-ca2/data/IMG/left_2026_08_29_20_16_32_944.jpg,/Users/martin/smart-technologies-ca2/data/IMG/right_2026_08_29_20_16_32_944.jpg,0.0,1.0,0,30.19065
/Users/martin/smart-technologies-ca2/data/IMG/center_2026_08_29_20_16_33_150.jpg,/Users/martin/smart-technologies-ca2/data/IMG/left_2026_08_29_20_16_33_150.jpg,/Users/martin/smart-technologies-ca2/data/IMG/right_2026_08_29_20_16_33_150.jpg,0.0,1.0,0,30.19062
/Users/martin/smart-technologies-ca2/data/IMG/center_2026_08_29_20_16_33_965.jpg,/Users/martin/smart-technologies-ca2/data/IMG/left_2026_08_29_20_16_33_965.jpg,/Users/martin/smart-technologies-ca2/data/IMG/right_2026_08_29_20_16_33_965.jpg,0.0,1.0,0,30.19064
/Users/martin/smart-technologies-ca2/data/IMG/center_2026_08_29_20_16_34_372.jpg,/Users/martin/smart-technologies-ca2/data/IMG/left_2026_08_29_20_16_34_372.jpg,/Users/martin/smart-technologies-ca2/data/IMG/right_2026_08_29_20_16_34_372.jpg,0.15,1.0,0,30.21016
/Users/martin/smart-technologies-ca2/data/IMG/center_2026_08_29_20_16_34_441.jpg,/Users/martin/smart-technologies-ca2/data/IMG/left_2026_08_29_20_16_34_441.jpg,/Users/martin/smart-technologies-ca2/data/IMG/right_2026_08_29_20_16_34_441.jpg,0.3,1.0,0,30.06861
/Users/martin/smart-technologies-ca2/data/IMG/center_2026_08_29_20_16_35_663.jpg,/Users/martin/smart-technologies-ca2/data/IMG/left_2026_08_29_20_16_35_663.jpg,/Users/martin/smart-technologies-ca2/data/IMG/right_2026_08_29_20_16_35_663.jpg,0.25,1.0,0,30.17473
/Users/martin/smart-technologies-ca2/data/IMG/center_2026_08_29_20_16_35_733.jpg,/Users/martin/smart-technologies-ca2/data/IMG/left_2026_08_29_20_16_35_733.jpg,/Users/martin/smart-technologies-ca2/data/IMG/right_2026_08_29_20_16_35_733.jpg,0.4,1.0,0,30.15748
/Users/martin/smart-technologies-ca2/data/IMG/center_2026_08_29_20_16_35_801.jpg,/Users/martin/smart-technologies-ca2/data/IMG/left_2026_08_29_20_16_35_801.jpg,/Users/martin/smart-technologies-ca2/data/IMG/right_2026_08_29_20_16_35_801.jpg,0.5500001,1.0,0,30.13924
/Users/martin/smart-technologies-ca2/data/IMG/center_2026_08_29_20_16_36_550.jpg,/Users/martin/smart-technologies-ca2/data/IMG/left_2026_08_29_20_16_36_550.jpg,/Users/martin/smart-technologies-ca2/data/IMG/right_2026_08_29_20_16_36_550.jpg,-0.2,1.0,0,30.17986
/Users/martin/smart-technologies-ca2/data/IMG/center_2026_08_29_20_16_36_617.jpg,/Users/martin/smart-technologies-ca2/data/IMG/left_2026_08_29_20_16_36_617.jpg,/Users/martin/smart-technologies-ca2/data/IMG/right_2026_08_29_20_16_36_617.jpg,-0.35,1.0,0,30.16355
/Users/martin/smart-technologies-ca2/data/IMG/center_2026_08_29_20_16_38_180.jpg,/Users/martin/smart-technologies-ca2/data/IMG/left_2026_08_29_20_16_38_180.jpg,/Users/martin/smart-technologies-ca2/data/IMG/right_2026_08_29_20_16_38_180.jpg,0.0,1.0,0,30.19025
/Users/martin/smart-technologies-ca2/data/IMG/center_2026_08_29_20_16_38_249.jpg,/Users/martin/smart-technologies-ca2/data/IMG/left_2026_08_29_20_16_38_249.jpg,/Users/martin/smart-technologies-ca2/data/IMG/right_2026_08_29_20_16_38_249.jpg,0.0,1.0,0,30.19028
/Users/martin/smart-technologies-ca2/data/IMG/center_2026_08_29_20_16_38_654.jpg,/Users/martin/smart-technologies-ca2/data/IMG/left_2026_08_29_20_16_38_654.jpg,/Users/martin/smart-technologies-ca2/data/IMG/right_2026_08_29_20_16_38_654.jpg,0.1,1.0,0,30.18768
/Users/martin/smart-technologies-ca2/data/IMG/center_2026_08_29_20_16_38_723.jpg,/Users/martin/smart-technologies-ca2/data/IMG/left_2026_08_29_20_16_38_723.jpg,/Users/martin/smart-technologies-ca2/data/IMG/right_2026_08_29_20_16_38_723.jpg,0.3,1.0,0,30.16927
/Users/martin/smart-technologies-ca2/data/IMG/center_2026_08_29_20_16_38_790.jpg,/Users/martin/smart-technologies-ca2/data/IMG/left_2026_08_29_20_16_38_790.jpg,/Users/martin/smart-technologies-ca2/data/IMG/right_2026_08_29_20_16_38_790.jpg,0.45,1.0,0,30.15163
/Users/martin/smart-technologies-ca2/data/IMG/center_2026_08_29_20_16_38_856.jpg,/Users/martin/smart-technologies-ca2/data/IMG/left_2026_08_29_20_16_38_856.jpg,/Users/martin/smart-technologies-ca2/data/IMG/right_2026_08_29_20_16_38_856.jpg,0.6000001,1.0,0,30.1331
/Users/martin/smart-technologies-ca2/data/IMG/center_2026_08_29_20_16_39_462.jpg,/Users/martin/smart-technologies-ca2/data/IMG/left_2026_08_29_20_16_39_462.jpg,/Users/martin/smart-technologies-ca2/data/IMG/right_2026_08_29_20_16_39_462.jpg,0.2,1.0,0,30.17992
/Users/martin/smart-technologies-ca2/data/IMG/center_2026_08_29_20_16_39_533.jpg,/Users/martin/smart-technologies-ca2/data/IMG/left_2026_08_29_20_16_39_533.jpg,/Users/martin/smart-technologies-ca2/data/IMG/right_2026_08_29_20_16_39_533.jpg,0.4,1.0,0,30.15755
/Users/martin/smart-technologies-ca2/data/IMG/center_2026_08_29_20_16_41_367.jpg,/Users/martin/smart-technologies-ca2/data/IMG/left_2026_08_29_20_16_41_367.jpg,/Users/martin/smart-technologies-ca2/data/IMG/right_2026_08_29_20_16_41_367.jpg,0.15,1.0,0,30.18424
/Users/martin/smart-technologies-ca2/data/IMG/center_2026_08_29_20_16_41_434.jpg,/Users/martin/smart-technologies-ca2/data/IMG/left_2026_08_29_20_16_41_434.jpg,/Users/martin/smart-technologies-ca2/data/IMG/right_2026_08_29_20_16_41_434.jpg,0.3,1.0,0,30.16928
/Users/martin/smart-technologies-ca2/data/IMG/center_2026_08_29_20_16_41_502.jpg,/Users/martin/smart-technologies-ca2/data/IMG/left_2026_08_29_20_16_41_502.jpg,/Users/martin/smart-technologies-ca2/data/IMG/right_2026_08_29_20_16_41_502.jpg,0.45,1.0,0,30.15149
/Users/martin/smart-technologies-ca2/data/IMG/center_2026_08_29_20_16_41_843.jpg,/Users/martin/smart-technologies-ca2/data/IMG/left_2026_08_29_20_16_41_843.jpg,/Users/martin/smart-technologies-ca2/data/IMG/right_2026_08_29_20_16_41_843.jpg,0.0,1.0,0,30.19025
/Users/martin/smart-technologies-ca2/data/IMG/center_2026_08_29_20_16_42_256.jpg,/Users/martin/smart-technologies-ca2/data/IMG/left_2026_08_29_20_16_42_256.jpg,/Users/martin/smart-technologies-ca2/data/IMG/right_2026_08_29_20_16_42_256.jpg,0.1,1.0,0,30.18766
/Users/martin/smart-technologies-ca2/data/IMG/center_2026_08_29_20_16_42_323.jpg,/Users/martin/smart-technologies-ca2/data/IMG/left_2026_08_29_20_16_42_323.jpg,/Users/martin/smart-technologies-ca2/data/IMG/right_2026_08_29_20_16_42_323.jpg,0.3,1.0,0,30.16895
/Users/martin/smart-technologies-ca2/data/IMG/center_2026_08_29_20_16_42_390.jpg,/Users/martin/smart-technologies-ca2/data/IMG/left_2026_08_29_20_16_42_390.jpg,/Users/martin/smart-technologies-ca2/data/IMG/right_2026_08_29_20_16_42_390.jpg,0.45,1.0,0,30.1514
/Users/martin/smart-technologies-ca2/data/IMG/center_2026_08_29_20_16_42_460.jpg,/Users/martin/smart-technologies-ca2/data/IMG/left_2026_08_29_20_16_42_460.jpg,/Users/martin/smart-technologies-ca2/data/IMG/right_2026_08_29_20_16_42_460.jpg,0.6000001,1.0,0,30.13307
/Users/martin/smart-technologies-ca2/data/IMG/center_2026_08_29_20_16_42_662.jpg,/Users/martin/smart-technologies-ca2/data/IMG/left_2026_08_29_20_16_42_662.jpg,/Users/martin/smart-technologies-ca2/data/IMG/right_2026_08_29_20_16_42_662.jpg,0.0,1.0,0,30.18954
/Users/martin/smart-technologies-ca2/data/IMG/center_2026_08_29_20_16_43_350.jpg,/Users/martin/smart-technologies-ca2/data/IMG/left_2026_08_29_20_16_43_350.jpg,/Users/martin/smart-technologies-ca2/data/IMG/right_2026_08_29_20_16_43_350.jpg,0.1,1.0,0,30.18764
/Users/martin/smart-technologies-ca2/data/IMG/center_2026_08_29_20_16_43_417.jpg,/Users/martin/smart-technologies-ca2/data/IMG/left_2026_08_29_20_16_43_417.jpg,/Users/martin/smart-technologies-ca2/data/IMG/right_2026_08_29_20_16_43_417.jpg,0.25,1.0,0,30.17466
/Users/martin/smart-technologies-ca2/data/IMG/center_2026_08_29_20_16_43_484.jpg,/Users/martin/smart-technologies-ca2/data/IMG/left_2026_08_29_20_16_43_484.jpg,/Users/martin/smart-technologies-ca2/data/IMG/right_2026_08_29_20_16_43_484.jpg,0.45,1.0,0,30.15143
/Users/martin/smart-technologies-ca2/data/IMG/center_2026_08_29_20_16_43_552.jpg,/Users/martin/smart-technologies-ca2/data/IMG/left_2026_08_29_20_16_43_552.jpg,/Users/martin/smart-technologies-ca2/data/IMG/right_2026_08_29_20_16_43_552.jpg,0.6000001,1.0,0,30.13312
/Users/martin/smart-technologies-ca2/data/IMG/center_2026_08_29_20_16_44_570.jpg,/Users/martin/smart-technologies-ca2/data/IMG/left_2026_08_29_20_16_44_570.jpg,/Users/martin/smart-technologies-ca2/data/IMG/right_2026_08_29_20_16_44_570.jpg,0.2,1.0,0,30.17976
/Users/martin/smart-technologies-ca2/data/IMG/center_2026_08_29_20_16_44_640.jpg,/Users/martin/smart-technologies-ca2/data/IMG/left_2026_08_29_20_16_44_640.jpg,/Users/martin/smart-technologies-ca2/data/IMG/right_2026_08_29_20_16_44_640.jpg,0.35,1.0,0,30.16339
/Users/martin/smart-technologies-ca2/data/IMG/center_2026_08_29_20_16_44_707.jpg,/Users/martin/smart-technologies-ca2/data/IMG/left_2026_08_29_20_16_44_707.jpg,/Users/martin/smart-technologies-ca2/data/IMG/right_2026_08_29_20_16_44_707.jpg,0.5500001,1.0,0,30.13918
/Users/martin/smart-technologies-ca2/data/IMG/center_2026_08_29_20_16_44_775.jpg,/Users/martin/smart-technologies-ca2/data/IMG/left_2026_08_29_20_16_44_775.jpg,/Users/martin/smart-technologies-ca2/data/IMG/right_2026_08_29_20_16_44_775.jpg,0.7,1.0,0,30.12094
/Users/martin/smart-technologies-ca2/data/IMG/center_2026_08_29_20_16_44_845.jpg,/Users/martin/smart-technologies-ca2/data/IMG/left_2026_08_29_20_16_44_845.jpg,/Users/martin/smart-technologies-ca2/data/IMG/right_2026_08_29_20_16_44_845.jpg,0.9000002,1.0,0,30.10095
/Users/martin/smart-technologies-ca2/data/IMG/center_2026_08_29_20_16_45_048.jpg,/Users/martin/smart-technologies-ca2/data/IMG/left_2026_08_29_20_16_45_048.jpg,/Users/martin/smart-technologies-ca2/data/IMG/right_2026_08_29_20_16_45_048.jpg,0.0,1.0,0,30.18774
/Users/martin/smart-technologies-ca2/data/IMG/center_2026_08_29_20_16_45_529.jpg,/Users/martin/smart-technologies-ca2/data/IMG/left_2026_08_29_20_16_45_529.jpg,/Users/martin/smart-technologies-ca2/data/IMG/right_2026_08_29_20_16_45_529.jpg,0.0,1.0,0,30.19027
/Users/martin/smart-technologies-ca2/data/IMG/center_2026_08_29_20_16_45_801.jpg,/Users/martin/smart-technologies-ca2/data/IMG/left_2026_08_29_20_16_45_801.jpg,/Users/martin/smart-technologies-ca2/data/IMG/right_2026_08_29_20_16_45_801.jpg,0.0,1.0,0,30.19031
/Users/martin/smart-technologies-ca2/data/IMG/center_2026_08_29_20_16_46_417.jpg,/Users/martin/smart-technologies-ca2/data/IMG/left_2026_08_29_20_16_46_417.jpg,/Users/martin/smart-technologies-ca2/data/IMG/right_2026_08_29_20_16_46_417.jpg,0.2,1.0,0,30.17963
/Users/martin/smart-technologies-ca2/data/IMG/center_2026_08_29_20_16_46_487.jpg,/Users/martin/smart-technologies-ca2/data/IMG/left_2026_08_29_20_16_46_487.jpg,/Users/martin/smart-technologies-ca2/data/IMG/right_2026_08_29_20_16_46_487.jpg,0.4,1.0,0,30.15751
/Users/martin/smart-technologies-ca2/data/IMG/center_2026_08_29_20_16_46_554.jpg,/Users/martin/smart-technologies-ca2/data/IMG/left_2026_08_29_20_16_46_554.jpg,/Users/martin/smart-technologies-ca2/data/IMG/right_2026_08_29_20_16_46_554.jpg,0.5500001,1.0,0,30.13929
/Users/martin/smart-technologies-ca2/data/IMG/center_2026_08_29_20_16_47_172.jpg,/Users/martin/smart-technologies-ca2/data/IMG/left_2026_08_29_20_16_47_172.jpg,/Users/martin/smart-technologies-ca2/data/IMG/right_2026_08_29_20_16_47_172.jpg,0.1,1.0,0,30.18775
/Users/martin/smart-technologies-ca2/data/IMG/center_2026_08_29_20_16_47_241.jpg,/Users/martin/smart-technologies-ca2/data/IMG/left_2026_08_29_20_16_47_241.jpg,/Users/martin/smart-technologies-ca2/data/IMG/right_2026_08_29_20_16_47_241.jpg,0.25,1.0,0,30.17475
/Users/martin/smart-technologies-ca2/data/IMG/center_2026_08_29_20_16_47_308.jpg,/Users/martin/smart-technologies-ca2/data/IMG/left_2026_08_29_20_16_47_308.jpg,/Users/martin/smart-technologies-ca2/data/IMG/right_2026_08_29_20_16_47_308.jpg,0.45,1.0,0,30.15143
/Users/martin/smart-technologies-ca2/data/IMG/center_2026_08_29_20_16_47_511.jpg,/Users/martin/smart-technologies-ca2/data/IMG/left_2026_08_29_20_16_47_511.jpg,/Users/martin/smart-technologies-ca2/data/IMG/right_2026_08_29_20_16_47_511.jpg,0.0,1.0,0,30.18953
/Users/martin/smart-technologies-ca2/data/IMG/center_2026_08_29_20_16_47_925.jpg,/Users/martin/smart-technologies-ca2/data/IMG/left_2026_08_29_20_16_47_925.jpg,/Users/martin/smart-technologies-ca2/data/IMG/right_2026_08_29_20_16_47_925.jpg,0.1,1.0,0,30.18767
/Users/martin/smart-technologies-ca2/data/IMG/center_2026_08_29_20_16_47_993.jpg,/Users/martin/smart-technologies-ca2/data/IMG/left_2026_08_29_20_16_47_993.jpg,/Users/martin/smart-technologies-ca2/data/IMG/right_2026_08_29_20_16_47_993.jpg,0.25,1.0,0,30.17476
/Users/martin/smart-technologies-ca2/data/IMG/center_2026_08_29_20_16_48_062.jpg,/Users/martin/smart-technologies-ca2/data/IMG/left_2026_08_29_20_16_48_062.jpg,/Users/martin/smart-technologies-ca2/data/IMG/right_2026_08_29_20_16_48_062.jpg,0.4,1.0,0,30.15757
/Users/martin/smart-technologies-ca2/data/IMG/center_2026_08_29_20_16_48_134.jpg,/Users/martin/smart-technologies-ca2/data/IMG/left_2026_08_29_20_16_48_134.jpg,/Users/martin/smart-technologies-ca2/data/IMG/right_2026_08_29_20_16_48_134.jpg,0.6000001,1.0,0,30.1331
/Users/martin/smart-technologies-ca2/data/IMG/center_2026_08_29_20_16_48_341.jpg,/Users/martin/smart-technologies-ca2/data/IMG/left_2026_08_29_20_16_48_341.jpg,/Users/martin/smart-technologies-ca2/data/IMG/right_2026_08_29_20_16_48_341.jpg,0.0,1.0,0,30.18995
/Users/martin/smart-technologies-ca2/data/IMG/center_2026_08_29_20_16_49_100.jpg,/Users/martin/smart-technologies-ca2/data/IMG/left_2026_08_29_20_16_49_100.jpg,/Users/martin/smart-technologies-ca2/data/IMG/right_2026_08_29_20_16_49_100.jpg,0.0,1.0,0,30.19029
/Users/martin/smart-technologies-ca2/data/IMG/center_2026_08_29_20_16_49_584.jpg,/Users/martin/smart-technologies-ca2/data/IMG/left_2026_08_29_20_16_49_584.jpg,/Users/martin/smart-technologies-ca2/data/IMG/right_2026_08_29_20_16_49_584.jpg,0.2,1.0,0,30.17984
/Users/martin/smart-technologies-ca2/data/IMG/center_2026_08_29_20_16_49_651.jpg,/Users/martin/smart-technologies-ca2/data/IMG/left_2026_08_29_20_16_49_651.jpg,/Users/martin/smart-technologies-ca2/data/IMG/right_2026_08_29_20_16_49_651.jpg,0.35,1.0,0,30.16345
/Users/martin/smart-technologies-ca2/data/IMG/center_2026_08_29_20_16_50_267.jpg,/Users/martin/smart-technologies-ca2/data/IMG/left_2026_08_29_20_16_50_267.jpg,/Users/martin/smart-technologies-ca2/data/IMG/right_2026_08_29_20_16_50_267.jpg,0.15,1.0,0,30.18435
/Users/martin/smart-technologies-ca2/data/IMG/center_2026_08_29_20_16_50_335.jpg,/Users/martin/smart-technologies-ca2/data/IMG/left_2026_08_29_20_16_50_335.jpg,/Users/martin/smart-technologies-ca2/data/IMG/right_2026_08_29_20_16_50_335.jpg,0.3,1.0,0,30.16932
/Users/martin/smart-technologies-ca2/data/IMG/center_2026_08_29_20_16_50_674.jpg,/Users/martin/smart-technologies-ca2/data/IMG/left_2026_08_29_20_16_50_674.jpg,/Users/martin/smart-technologies-ca2/data/IMG/right_2026_08_29_20_16_50_674.jpg,0.0,1.0,0,30.19028
/Users/martin/smart-technologies-ca2/data/IMG/center_2026_08_29_20_16_52_257.jpg,/Users/martin/smart-technologies-ca2/data/IMG/left_2026_08_29_20_16_52_257.jpg,/Users/martin/smart-technologies-ca2/data/IMG/right_2026_08_29_20_16_52_257.jpg,0.15,1.0,0,30.18427
/Users/martin/smart-technologies-ca2/data/IMG/center_2026_08_29_20_16_52_326.jpg,/Users/martin/smart-technologies-ca2/data/IMG/left_2026_08_29_20_16_52_326.jpg,/Users/martin/smart-technologies-ca2/data/IMG/right_2026_08_29_20_16_52_326.jpg,0.35,1.0,0,30.16328
/Users/martin/smart-technologies-ca2/data/IMG/center_2026_08_29_20_16_52_393.jpg,/Users/martin/smart-technologies-ca2/data/IMG/left_2026_08_29_20_16_52_393.jpg,/Users/martin/smart-technologies-ca2/data/IMG/right_2026_08_29_20_16_52_393.jpg,0.5000001,1.0,0,30.14541
/Users/martin/smart-technologies-ca2/data/IMG/center_2026_08_29_20_16_52_735.jpg,/Users/martin/smart-technologies-ca2/data/IMG/left_2026_08_29_20_16_52_735.jpg,/Users/martin/smart-technologies-ca2/data/IMG/right_2026_08_29_20_16_52_735.jpg,0.0,1.0,0,30.1903
/Users/martin/smart-technologies-ca2/data/IMG/center_2026_08_29_20_16_53_220.jpg,/Users/martin/smart-technologies-ca2/data/IMG/left_2026_08_29_20_16_53_220.jpg,/Users/martin/smart-technologies-ca2/data/IMG/right_2026_08_29_20_16_53_220.jpg,0.0,1.0,0,30.19033
/Users/martin/smart-technologies-ca2/data/IMG/center_2026_08_29_20_16_53_356.jpg,/Users/martin/smart-technologies-ca2/data/IMG/left_2026_08_29_20_16_53_356.jpg,/Users/martin/smart-technologies-ca2/data/IMG/right_2026_08_29_20_16_53_356.jpg,0.0,1.0,0,30.19029
/Users/martin/smart-technologies-ca2/data/IMG/center_2026_08_29_20_16_53_703.jpg,/Users/martin/smart-technologies-ca2/data/IMG/left_2026_08_29_20_16_53_703.jpg,/Users/martin/smart-technologies-ca2/data/IMG/right_2026_08_29_20_16_53_703.jpg,0.2,1.0,0,30.17984
/Users/martin/smart-technologies-ca2/data/IMG/center_2026_08_29_20_16_53_772.jpg,/Users/martin/smart-technologies-ca2/data/IMG/left_2026_08_29_20_16_53_772.jpg,/Users/martin/smart-technologies-ca2/data/IMG/right_2026_08_29_20_16_53_772.jpg,0.35,1.0,0,30.16346
/Users/martin/smart-technologies-ca2/data/IMG/center_2026_08_29_20_16_53_842.jpg,/Users/martin/smart-technologies-ca2/data/IMG/left_2026_08_29_20_16_53_842.jpg,/Users/martin/smart-technologies-ca2/data/IMG/right_2026_08_29_20_16_53_842.jpg,0.5000001,1.0,0,30.14537
/Users/martin/smart-technologies-ca2/data/IMG/center_2026_08_29_20_16_54_800.jpg,/Users/martin/smart-technologies-ca2/data/IMG/left_2026_08_29_20_16_54_800.jpg,/Users/martin/smart-technologies-ca2/data/IMG/right_2026_08_29_20_16_54_800.jpg,0.0,1.0,0,30.19036
/Users/martin/smart-technologies-ca2/data/IMG/center_2026_08_29_20_16_56_161.jpg,/Users/martin/smart-technologies-ca2/data/IMG/left_2026_08_29_20_16_56_161.jpg,/Users/martin/smart-technologies-ca2/data/IMG/right_2026_08_29_20_16_56_161.jpg,0.0,1.0,0,30.19029
/Users/martin/smart-technologies-ca2/data/IMG/center_2026_08_29_20_16_56_364.jpg,/Users/martin/smart-technologies-ca2/data/IMG/left_2026_08_29_20_16_56_364.jpg,/Users/martin/smart-technologies-ca2/data/IMG/right_2026_08_29_20_16_56_364.jpg,0.0,1.0,0,30.19031
/Users/martin/smart-technologies-ca2/data/IMG/center_2026_08_29_20_16_57_380.jpg,/Users/martin/smart-technologies-ca2/data/IMG/left_2026_08_29_20_16_57_380.jpg,/Users/martin/smart-technologies-ca2/data/IMG/right_2026_08_29_20_16_57_380.jpg,0.0,1.0,0,30.19035
/Users/martin/smart-technologies-ca2/data/IMG/center_2026_08_29_20_16_57_586.jpg,/Users/martin/smart-technologies-ca2/data/IMG/left_2026_08_29_20_16_57_586.jpg,/Users/martin/smart-technologies-ca2/data/IMG/right_2026_08_29_20_16_57_586.jpg,0.25,1.0,0,30.17477
/Users/martin/smart-technologies-ca2/data/IMG/center_2026_08_29_20_16_57_655.jpg,/Users/martin/smart-technologies-ca2/data/IMG/left_2026_08_29_20_16_57_655.jpg,/Users/martin/smart-technologies-ca2/data/IMG/right_2026_08_29_20_16_57_655.jpg,0.4,1.0,0,30.15754
/Users/martin/smart-technologies-ca2/data/IMG/center_2026_08_29_20_16_57_725.jpg,/Users/martin/smart-technologies-ca2/data/IMG/left_2026_08_29_20_16_57_725.jpg,/Users/martin/smart-technologies-ca2/data/IMG/right_2026_08_29_20_16_57_725.jpg,0.6000001,1.0,0,30.13315
/Users/martin/smart-technologies-ca2/data/IMG/center_2026_08_29_20_16_59_627.jpg,/Users/martin/smart-technologies-ca2/data/IMG/left_2026_08_29_20_16_59_627.jpg,/Users/martin/smart-technologies-ca2/data/IMG/right_2026_08_29_20_16_59_627.jpg,-0.15,1.0,0,30.18433
/Users/martin/smart-technologies-ca2/data/IMG/center_2026_08_29_20_16_59_694.jpg,/Users/martin/smart-technologies-ca2/data/IMG/left_2026_08_29_20_16_59_694.jpg,/Users/martin/smart-technologies-ca2/data/IMG/right_2026_08_29_20_16_59_694.jpg,-0.3,1.0,0,30.16958
/Users/martin/smart-technologies-ca2/data/IMG/center_2026_08_29_20_17_01_327.jpg,/Users/martin/smart-technologies-ca2/data/IMG/left_2026_08_29_20_17_01_327.jpg,/Users/martin/smart-technologies-ca2/data/IMG/right_2026_08_29_20_17_01_327.jpg,0.0,1.0,0,30.1903
/Users/martin/smart-technologies-ca2/data/IMG/center_2026_08_29_20_17_02_076.jpg,/Users/martin/smart-technologies-ca2/data/IMG/left_2026_08_29_20_17_02_076.jpg,/Users/martin/smart-technologies-ca2/data/IMG/right_2026_08_29_20_17_02_076.jpg,0.15,1.0,0,30.18424
/Users/martin/smart-technologies-ca2/data/IMG/center_2026_08_29_20_17_02_145.jpg,/Users/martin/smart-technologies-ca2/data/IMG/left_2026_08_29_20_17_02_145.jpg,/Users/martin/smart-technologies-ca2/data/IMG/right_2026_08_29_20_17_02_145.jpg,0.35,1.0,0,30.16347
/Users/martin/smart-technologies-ca2/data/IMG/center_2026_08_29_20_17_02_281.jpg,/Users/martin/smart-technologies-ca2/data/IMG/left_2026_08_29_20_17_02_281.jpg,/Users/martin/smart-technologies-ca2/data/IMG/right_2026_08_29_20_17_02_281.jpg,0.0,1.0,0,30.18916
/Users/martin/smart-technologies-ca2/data/IMG/center_2026_08_29_20_17_02_623.jpg,/Users/martin/smart-technologies-ca2/data/IMG/left_2026_08_29_20_17_02_623.jpg,/Users/martin/smart-technologies-ca2/data/IMG/right_2026_08_29_20_17_02_623.jpg,0.1,1.0,0,30.18787
/Users/martin/smart-technologies-ca2/data/IMG/center_2026_08_29_20_17_03_028.jpg,/Users/martin/smart-technologies-ca2/data/IMG/left_2026_08_29_20_17_03_028.jpg,/Users/martin/smart-technologies-ca2/data/IMG/right_2026_08_29_20_17_03_028.jpg,0.15,1.0,0,30.18461
/Users/martin/smart-technologies-ca2/data/IMG/center_2026_08_29_20_17_04_667.jpg,/Users/martin/smart-technologies-ca2/data/IMG/left_2026_08_29_20_17_04_667.jpg,/Users/martin/smart-technologies-ca2/data/IMG/right_2026_08_29_20_17_04_667.jpg,0.1,1.0,0,30.18767
/Users/martin/smart-technologies-ca2/data/IMG/center_2026_08_29_20_17_04_734.jpg,/Users/martin/smart-technologies-ca2/data/IMG/left_2026_08_29_20_17_04_734.jpg,/Users/martin/smart-technologies-ca2/data/IMG/right_2026_08_29_20_17_04_734.jpg,0.25,1.0,0,30.17477
/Users/martin/smart-technologies-ca2/data/IMG/center_2026_08_29_20_17_04_804.jpg,/Users/martin/smart-technologies-ca2/data/IMG/left_2026_08_29_20_17_04_804.jpg,/Users/martin/smart-technologies-ca2/data/IMG/right_2026_08_29_20_17_04_804.jpg,0.45,1.0,0,30.15145
/Users/martin/smart-technologies-ca2/data/IMG/center_2026_08_29_20_17_08_225.jpg,/Users/martin/smart-technologies-ca2/data/IMG/left_2026_08_29_20_17_08_225.jpg,/Users/martin/smart-technologies-ca2/data/IMG/right_2026_08_29_20_17_08_225.jpg,0.1,1.0,0,30.18767
/Users/martin/smart-technologies-ca2/data/IMG/center_2026_08_29_20_17_08_292.jpg,/Users/martin/smart-technologies-ca2/data/IMG/left_2026_08_29_20_17_08_292.jpg,/Users/martin/smart-technologies-ca2/data/IMG/right_2026_08_29_20_17_08_292.jpg,0.25,1.0,0,30.17478
/Users/martin/smart-technologies-ca2/data/IMG/center_2026_08_29_20_17_08_362.jpg,/Users/martin/smart-technologies-ca2/data/IMG/left_2026_08_29_20_17_08_362.jpg,/Users/martin/smart-technologies-ca2/data/IMG/right_2026_08_29_20_17_08_362.jpg,0.4,1.0,0,30.15753
/Users/martin/smart-technologies-ca2/data/IMG/center_2026_08_29_20_17_08_636.jpg,/Users/martin/smart-technologies-ca2/data/IMG/left_2026_08_29_20_17_08_636.jpg,/Users/martin/smart-technologies-ca2/data/IMG/right_2026_08_29_20_17_08_636.jpg,0.0,1.0,0,30.19029
/Users/martin/smart-technologies-ca2/data/IMG/center_2026_08_29_20_17_08_909.jpg,/Users/martin/smart-technologies-ca2/data/IMG/left_2026_08_29_20_17_08_909.jpg,/Users/martin/smart-technologies-ca2/data/IMG/right_2026_08_29_20_17_08_909.jpg,0.15,1.0,0,30.18435
/Users/martin/smart-technologies-ca2/data/IMG/center_2026_08_29_20_17_08_978.jpg,/Users/martin/smart-technologies-ca2/data/IMG/left_2026_08_29_20_17_08_978.jpg,/Users/martin/smart-technologies-ca2/data/IMG/right_2026_08_29_20_17_08_978.jpg,0.3,1.0,0,30.16935
/Users/martin/smart-technologies-ca2/data/IMG/center_2026_08_29_20_17_09_793.jpg,/Users/martin/smart-technologies-ca2/data/IMG/left_2026_08_29_20_17_09_793.jpg,/Users/martin/smart-technologies-ca2/data/IMG/right_2026_08_29_20_17_09_793.jpg,0.0,1.0,0,30.19031
/Users/martin/smart-technologies-ca2/data/IMG/center_2026_08_29_20_17_09_861.jpg,/Users/martin/smart-technologies-ca2/data/IMG/left_2026_08_29_20_17_09_861.jpg,/Users/martin/smart-technologies-ca2/data/IMG/right_2026_08_29_20_17_09_861.jpg,0.0,1.0,0,30.19029
/Users/martin/smart-technologies-ca2/data/IMG/center_2026_08_29_20_17_11_634.jpg,/Users/martin/smart-technologies-ca2/data/IMG/left_2026_08_29_20_17_11_634.jpg,/Users/martin/smart-technologies-ca2/data/IMG/right_2026_08_29_20_17_11_634.jpg,0.0,1.0,0,30.19027
/Users/martin/smart-technologies-ca2/data/IMG/center_2026_08_29_20_17_12_595.jpg,/Users/martin/smart-technologies-ca2/data/IMG/left_2026_08_29_20_17_12_595.jpg,/Users/martin/smart-technologies-ca2/data/IMG/right_2026_08_29_20_17_12_595.jpg,0.0,1.0,0,30.19029
/Users/martin/smart-technologies-ca2/data/IMG/center_2026_08_29_20_17_12_870.jpg,/Users/martin/smart-technologies-ca2/data/IMG/left_2026_08_29_20_17_12_870.jpg,/Users/martin/smart-technologies-ca2/data/IMG/right_2026_08_29_20_17_12_870.jpg,0.2,1.0,0,30.17984
/Users/martin/smart-technologies-ca2/data/IMG/center_2026_08_29_20_17_12_939.jpg,/Users/martin/smart-technologies-ca2/data/IMG/left_2026_08_29_20_17_12_939.jpg,/Users/martin/smart-technologies-ca2/data/IMG/right_2026_08_29_20_17_12_939.jpg,0.35,1.0,0,30.16351
/Users/martin/smart-technologies-ca2/data/IMG/center_2026_08_29_20_17_13_007.jpg,/Users/martin/smart-technologies-ca2/data/IMG/left_2026_08_29_20_17_13_007.jpg,/Users/martin/smart-technologies-ca2/data/IMG/right_2026_08_29_20_17_13_007.jpg,0.5500001,1.0,0,30.13926
/Users/martin/smart-technologies-ca2/data/IMG/center_2026_08_29_20_17_13_562.jpg,/Users/martin/smart-technologies-ca2/data/IMG/left_2026_08_29_20_17_13_562.jpg,/Users/martin/smart-technologies-ca2/data/IMG/right_2026_08_29_20_17_13_562.jpg,0.0,1.0,0,30.19029
/Users/martin/smart-technologies-ca2/data/IMG/center_2026_08_29_20_17_14_108.jpg,/Users/martin/smart-technologies-ca2/data/IMG/left_2026_08_29_20_17_14_108.jpg,/Users/martin/smart-technologies-ca2/data/IMG/right_2026_08_29_20_17_14_108.jpg,0.1,1.0,0,30.18764
/Users/martin/smart-technologies-ca2/data/IMG/center_2026_08_29_20_17_14_174.jpg,/Users/martin/smart-technologies-ca2/data/IMG/left_2026_08_29_20_17_14_174.jpg,/Users/martin/smart-technologies-ca2/data/IMG/right_2026_08_29_20_17_14_174.jpg,0.25,1.0,0,30.17473
/Users/martin/smart-technologies-ca2/data/IMG/center_2026_08_29_20_17_14_245.jpg,/Users/martin/smart-technologies-ca2/data/IMG/left_2026_08_29_20_17_14_245.jpg,/Users/martin/smart-technologies-ca2/data/IMG/right_2026_08_29_20_17_14_245.jpg,0.45,1.0,0,30.15144
/Users/martin/smart-technologies-ca2/data/IMG/center_2026_08_29_20_17_16_237.jpg,/Users/martin/smart-technologies-ca2/data/IMG/left_2026_08_29_20_17_16_237.jpg,/Users/martin/smart-technologies-ca2/data/IMG/right_2026_08_29_20_17_16_237.jpg,0.0,1.0,0,30.19051
/Users/martin/smart-technologies-ca2/data/IMG/center_2026_08_29_20_17_16_781.jpg,/Users/martin/smart-technologies-ca2/data/IMG/left_2026_08_29_20_17_16_781.jpg,/Users/martin/smart-technologies-ca2/data/IMG/right_2026_08_29_20_17_16_781.jpg,0.15,1.0,0,30.18388
/Users/martin/smart-technologies-ca2/data/IMG/center_2026_08_29_20_17_16_850.jpg,/Users/martin/smart-technologies-ca2/data/IMG/left_2026_08_29_20_17_16_850.jpg,/Users/martin/smart-technologies-ca2/data/IMG/right_2026_08_29_20_17_16_850.jpg,0.35,1.0,0,30.16348
/Users/martin/smart-technologies-ca2/data/IMG/center_2026_08_29_20_17_16_917.jpg,/Users/martin/smart-technologies-ca2/data/IMG/left_2026_08_29_20_17_16_917.jpg,/Users/martin/smart-technologies-ca2/data/IMG/right_2026_08_29_20_17_16_917.jpg,0.5000001,1.0,0,30.14538
/Users/martin/smart-technologies-ca2/data/IMG/center_2026_08_29_20_17_16_987.jpg,/Users/martin/smart-technologies-ca2/data/IMG/left_2026_08_29_20_17_16_987.jpg,/Users/martin/smart-technologies-ca2/data/IMG/right_2026_08_29_20_17_16_987.jpg,0.7,1.0,0,30.12104
/Users/martin/smart-technologies-ca2/data/IMG/center_2026_08_29_20_17_18_630.jpg,/Users/martin/smart-technologies-ca2/data/IMG/left_2026_08_29_20_17_18_630.jpg,/Users/martin/smart-technologies-ca2/data/IMG/right_2026_08_29_20_17_18_630.jpg,0.15,1.0,0,30.18397
/Users/martin/smart-technologies-ca2/data/IMG/center_2026_08_29_20_17_18_697.jpg,/Users/martin/smart-technologies-ca2/data/IMG/left_2026_08_29_20_17_18_697.jpg,/Users/martin/smart-technologies-ca2/data/IMG/right_2026_08_29_20_17_18_697.jpg,0.3,1.0,0,30.16929
/Users/martin/smart-technologies-ca2/data/IMG/center_2026_08_29_20_17_18_767.jpg,/Users/martin/smart-technologies-ca2/data/IMG/left_2026_08_29_20_17_18_767.jpg,/Users/martin/smart-technologies-ca2/data/IMG/right_2026_08_29_20_17_18_767.jpg,0.5000001,1.0,0,30.1454
/Users/martin/smart-technologies-ca2/data/IMG/center_2026_08_29_20_17_18_836.jpg,/Users/martin/smart-technologies-ca2/data/IMG/left_2026_08_29_20_17_18_836.jpg,/Users/martin/smart-technologies-ca2/data/IMG/right_2026_08_29_20_17_18_836.jpg,0.6500001,1.0,0,30.12718
/Users/martin/smart-technologies-ca2/data/IMG/center_2026_08_29_20_17_18_971.jpg,/Users/martin/smart-technologies-ca2/data/IMG/left_2026_08_29_20_17_18_971.jpg,/Users/martin/smart-technologies-ca2/data/IMG/right_2026_08_29_20_17_18_971.jpg,0.0,1.0,0,30.18674
/Users/martin/smart-technologies-ca2/data/IMG/center_2026_08_29_20_17_19_317.jpg,/Users/martin/smart-technologies-ca2/data/IMG/left_2026_08_29_20_17_19_317.jpg,/Users/martin/smart-technologies-ca2/data/IMG/right_2026_08_29_20_17_19_317.jpg,0.0,1.0,0,30.19029
/Users/martin/smart-technologies-ca2/data/IMG/center_2026_08_29_20_17_19_385.jpg,/Users/martin/smart-technologies-ca2/data/IMG/left_2026_08_29_20_17_19_385.jpg,/Users/martin/smart-technologies-ca2/data/IMG/right_2026_08_29_20_17_19_385.jpg,0.0,1.0,0,30.19028
/Users/martin/smart-technologies-ca2/data/IMG/center_2026_08_29_20_17_20_206.jpg,/Users/martin/smart-technologies-ca2/data/IMG/left_2026_08_29_20_17_20_206.jpg,/Users/martin/smart-technologies-ca2/data/IMG/right_2026_08_29_20_17_20_206.jpg,0.15,1.0,0,30.18422
/Users/martin/smart-technologies-ca2/data/IMG/center_2026_08_29_20_17_20_276.jpg,/Users/martin/smart-technologies-ca2/data/IMG/left_2026_08_29_20_17_20_276.jpg,/Users/martin/smart-technologies-ca2/data/IMG/right_2026_08_29_20_17_20_276.jpg,0.3,1.0,0,30.16925
/Users/martin/smart-technologies-ca2/data/IMG/center_2026_08_29_20_17_20_346.jpg,/Users/martin/smart-technologies-ca2/data/IMG/left_2026_08_29_20_17_20_346.jpg,/Users/martin/smart-technologies-ca2/data/IMG/right_2026_08_29_20_17_20_346.jpg,0.5000001,1.0,0,30.1454
/Users/martin/smart-technologies-ca2/data/IMG/center_2026_08_29_20_17_21_098.jpg,/Users/martin/smart-technologies-ca2/data/IMG/left_2026_08_29_20_17_21_098.jpg,/Users/martin/smart-technologies-ca2/data/IMG/right_2026_08_29_20_17_21_098.jpg,0.15,1.0,0,30.18419
/Users/martin/smart-technologies-ca2/data/IMG/center_2026_08_29_20_17_21_167.jpg,/Users/martin/smart-technologies-ca2/data/IMG/left_2026_08_29_20_17_21_167.jpg,/Users/martin/smart-technologies-ca2/data/IMG/right_2026_08_29_20_17_21_167.jpg,0.35,1.0,0,30.16343
/Users/martin/smart-technologies-ca2/data/IMG/center_2026_08_29_20_17_21_237.jpg,/Users/martin/smart-technologies-ca2/data/IMG/left_2026_08_29_20_17_21_237.jpg,/Users/martin/smart-technologies-ca2/data/IMG/right_2026_08_29_20_17_21_237.jpg,0.5000001,1.0,0,30.14533
/Users/martin/smart-technologies-ca2/data/IMG/center_2026_08_29_20_17_22_402.jpg,/Users/martin/smart-technologies-ca2/data/IMG/left_2026_08_29_20_17_22_402.jpg,/Users/martin/smart-technologies-ca2/data/IMG/right_2026_08_29_20_17_22_402.jpg,0.2,1.0,0,30.18065
/Users/martin/smart-technologies-ca2/data/IMG/center_2026_08_29_20_17_22_469.jpg,/Users/martin/smart-technologies-ca2/data/IMG/left_2026_08_29_20_17_22_469.jpg,/Users/martin/smart-technologies-ca2/data/IMG/right_2026_08_29_20_17_22_469.jpg,0.4,1.0,0,30.1575
/Users/martin/smart-technologies-ca2/data/IMG/center_2026_08_29_20_17_22_536.jpg,/Users/martin/smart-technologies-ca2/data/IMG/left_2026_08_29_20_17_22_536.jpg,/Users/martin/smart-technologies-ca2/data/IMG/right_2026_08_29_20_17_22_536.jpg,0.5500001,1.0,0,30.13921
/Users/martin/smart-technologies-ca2/data/IMG/center_2026_08_29_20_17_22_605.jpg,/Users/martin/smart-technologies-ca2/data/IMG/left_2026_08_29_20_17_22_605.jpg,/Users/martin/smart-technologies-ca2/data/IMG/right_2026_08_29_20_17_22_605.jpg,0.7500002,1.0,0,30.11465
/Users/martin/smart-technologies-ca2/data/IMG/center_2026_08_29_20_17_23_718.jpg,/Users/martin/smart-technologies-ca2/data/IMG/left_2026_08_29_20_17_23_718.jpg,/Users/martin/smart-technologies-ca2/data/IMG/right_2026_08_29_20_17_23_718.jpg,0.1,1.0,0,30.18762
/Users/martin/smart-technologies-ca2/data/IMG/center_2026_08_29_20_17_23_788.jpg,/Users/martin/smart-technologies-ca2/data/IMG/left_2026_08_29_20_17_23_788.jpg,/Users/martin/smart-technologies-ca2/data/IMG/right_2026_08_29_20_17_23_788.jpg,0.3,1.0,0,30.16921
/Users/martin/smart-technologies-ca2/data/IMG/center_2026_08_29_20_17_23_855.jpg,/Users/martin/smart-technologies-ca2/data/IMG/left_2026_08_29_20_17_23_855.jpg,/Users/martin/smart-technologies-ca2/data/IMG/right_2026_08_29_20_17_23_855.jpg,0.45,1.0,0,30.15209
/Users/martin/smart-technologies-ca2/data/IMG/center_2026_08_29_20_17_23_926.jpg,/Users/martin/smart-technologies-ca2/data/IMG/left_2026_08_29_20_17_23_926.jpg,/Users/martin/smart-technologies-ca2/data/IMG/right_2026_08_29_20_17_23_926.jpg,0.6500001,1.0,0,30.12703
/Users/martin/smart-technologies-ca2/data/IMG/center_2026_08_29_20_17_23_993.jpg,/Users/martin/smart-technologies-ca2/data/IMG/left_2026_08_29_20_17_23_993.jpg,/Users/martin/smart-technologies-ca2/data/IMG/right_2026_08_29_20_17_23_993.jpg,0.8000001,1.0,0,30.11009
/Users/martin/smart-technologies-ca2/data/IMG/center_2026_08_29_20_17_24_061.jpg,/Users/martin/smart-technologies-ca2/data/IMG/left_2026_08_29_20_17_24_061.jpg,/Users/martin/smart-technologies-ca2/data/IMG/right_2026_08_29_20_17_24_061.jpg,0.0,1.0,0,30.17295
/Users/martin/smart-technologies-ca2/data/IMG/center_2026_08_29_20_17_24_694.jpg,/Users/martin/smart-technologies-ca2/data/IMG/left_2026_08_29_20_17_24_694.jpg,/Users/martin/smart-technologies-ca2/data/IMG/right_2026_08_29_20_17_24_694.jpg,0.2,1.0,0,30.17978
/Users/martin/smart-technologies-ca2/data/IMG/center_2026_08_29_20_17_24_762.jpg,/Users/martin/smart-technologies-ca2/data/IMG/left_2026_08_29_20_17_24_762.jpg,/Users/martin/smart-technologies-ca2/data/IMG/right_2026_08_29_20_17_24_762.jpg,0.35,1.0,0,30.16338
/Users/martin/smart-technologies-ca2/data/IMG/center_2026_08_29_20_17_24_832.jpg,/Users/martin/smart-technologies-ca2/data/IMG/left_2026_08_29_20_17_24_832.jpg,/Users/martin/smart-technologies-ca2/data/IMG/right_2026_08_29_20_17_24_832.jpg,0.5500001,1.0,0,30.1388
/Users/martin/smart-technologies-ca2/data/IMG/center_2026_08_29_20_17_24_900.jpg,/Users/martin/smart-technologies-ca2/data/IMG/left_2026_08_29_20_17_24_900.jpg,/Users/martin/smart-technologies-ca2/data/IMG/right_2026_08_29_20_17_24_900.jpg,0.7,1.0,0,30.12083
/Users/martin/smart-technologies-ca2/data/IMG/center_2026_08_29_20_17_24_970.jpg,/Users/martin/smart-technologies-ca2/data/IMG/left_2026_08_29_20_17_24_970.jpg,/Users/martin/smart-technologies-ca2/data/IMG/right_2026_08_29_20_17_24_970.jpg,0.9000002,1.0,0,30.10091
/Users/martin/smart-technologies-ca2/data/IMG/center_2026_08_29_20_17_25_389.jpg,/Users/martin/smart-technologies-ca2/data/IMG/left_2026_08_29_20_17_25_389.jpg,/Users/martin/smart-technologies-ca2/data/IMG/right_2026_08_29_20_17_25_389.jpg,0.1,1.0,0,30.18845
/Users/martin/smart-technologies-ca2/data/IMG/center_2026_08_29_20_17_25_460.jpg,/Users/martin/smart-technologies-ca2/data/IMG/left_2026_08_29_20_17_25_460.jpg,/Users/martin/smart-technologies-ca2/data/IMG/right_2026_08_29_20_17_25_460.jpg,0.25,1.0,0,30.17583
/Users/martin/smart-technologies-ca2/data/IMG/center_2026_08_29_20_17_25_528.jpg,/Users/martin/smart-technologies-ca2/data/IMG/left_2026_08_29_20_17_25_528.jpg,/Users/martin/smart-technologies-ca2/data/IMG/right_2026_08_29_20_17_25_528.jpg,0.45,1.0,0,30.152
/Users/martin/smart-technologies-ca2/data/IMG/center_2026_08_29_20_17_25_594.jpg,/Users/martin/smart-technologies-ca2/data/IMG/left_2026_08_29_20_17_25_594.jpg,/Users/martin/smart-technologies-ca2/data/IMG/right_2026_08_29_20_17_25_594.jpg,0.6000001,1.0,0,30.13358
/Users/martin/smart-technologies-ca2/data/IMG/center_2026_08_29_20_17_25_663.jpg,/Users/martin/smart-technologies-ca2/data/IMG/left_2026_08_29_20_17_25_663.jpg,/Users/martin/smart-technologies-ca2/data/IMG/right_2026_08_29_20_17_25_663.jpg,0.8000001,1.0,0,30.11035
/Users/martin/smart-technologies-ca2/data/IMG/center_2026_08_29_20_17_25_734.jpg,/Users/martin/smart-technologies-ca2/data/IMG/left_2026_08_29_20_17_25_734.jpg,/Users/martin/smart-technologies-ca2/data/IMG/right_2026_08_29_20_17_25_734.jpg,0.9500002,1.0,0,30.09737
/Users/martin/smart-technologies-ca2/data/IMG/center_2026_08_29_20_17_26_077.jpg,/Users/martin/smart-technologies-ca2/data/IMG/left_2026_08_29_20_17_26_077.jpg,/Users/martin/smart-technologies-ca2/data/IMG/right_2026_08_29_20_17_26_077.jpg,0.0,1.0,0,30.19047
/Users/martin/smart-technologies-ca2/data/IMG/center_2026_08_29_20_17_26_291.jpg,/Users/martin/smart-technologies-ca2/data/IMG/left_2026_08_29_20_17_26_291.jpg,/Users/martin/smart-technologies-ca2/data/IMG/right_2026_08_29_20_17_26_291.jpg,0.0,1.0,0,30.19024
/Users/martin/smart-technologies-ca2/data/IMG/center_2026_08_29_20_17_26_639.jpg,/Users/martin/smart-technologies-ca2/data/IMG/left_2026_08_29_20_17_26_639.jpg,/Users/martin/smart-technologies-ca2/data/IMG/right_2026_08_29_20_17_26_639.jpg,0.1,1.0,0,30.18763
/Users/martin/smart-technologies-ca2/data/IMG/center_2026_08_29_20_17_26_711.jpg,/Users/martin/smart-technologies-ca2/data/IMG/left_2026_08_29_20_17_26_711.jpg,/Users/martin/smart-technologies-ca2/data/IMG/right_2026_08_29_20_17_26_711.jpg,0.3,1.0,0,30.16916
/Users/martin/smart-technologies-ca2/data/IMG/center_2026_08_29_20_17_26_782.jpg,/Users/martin/smart-technologies-ca2/data/IMG/left_2026_08_29_20_17_26_782.jpg,/Users/martin/smart-technologies-ca2/data/IMG/right_2026_08_29_20_17_26_782.jpg,0.45,1.0,0,30.15137
/Users/martin/smart-technologies-ca2/data/IMG/center_2026_08_29_20_17_26_849.jpg,/Users/martin/smart-technologies-ca2/data/IMG/left_2026_08_29_20_17_26_849.jpg,/Users/martin/smart-technologies-ca2/data/IMG/right_2026_08_29_20_17_26_849.jpg,0.6500001,1.0,0,30.12686
/Users/martin/smart-technologies-ca2/data/IMG/center_2026_08_29_20_17_27_469.jpg,/Users/martin/smart-technologies-ca2/data/IMG/left_2026_08_29_20_17_27_469.jpg,/Users/martin/smart-technologies-ca2/data/IMG/right_2026_08_29_20_17_27_469.jpg,0.2,1.0,0,30.18003
/Users/martin/smart-technologies-ca2/data/IMG/center_2026_08_29_20_17_27_535.jpg,/Users/martin/smart-technologies-ca2/data/IMG/left_2026_08_29_20_17_27_535.jpg,/Users/martin/smart-technologies-ca2/data/IMG/right_2026_08_29_20_17_27_535.jpg,0.35,1.0,0,30.16357
/Users/martin/smart-technologies-ca2/data/IMG/center_2026_08_29_20_17_27_602.jpg,/Users/martin/smart-technologies-ca2/data/IMG/left_2026_08_29_20_17_27_602.jpg,/Users/martin/smart-technologies-ca2/data/IMG/right_2026_08_29_20_17_27_602.jpg,0.5000001,1.0,0,30.14585
/Users/martin/smart-technologies-ca2/data/IMG/center_2026_08_29_20_17_27_946.jpg,/Users/martin/smart-technologies-ca2/data/IMG/left_2026_08_29_20_17_27_946.jpg,/Users/martin/smart-technologies-ca2/data/IMG/right_2026_08_29_20_17_27_946.jpg,0.0,1.0,0,30.19042
/Users/martin/smart-technologies-ca2/data/IMG/center_2026_08_29_20_17_28_285.jpg,/Users/martin/smart-technologies-ca2/data/IMG/left_2026_08_29_20_17_28_285.jpg,/Users/martin/smart-technologies-ca2/data/IMG/right_2026_08_29_20_17_28_285.jpg,0.0,1.0,0,30.1903
/Users/martin/smart-technologies-ca2/data/IMG/center_2026_08_29_20_17_28_567.jpg,/Users/martin/smart-technologies-ca2/data/IMG/left_2026_08_29_20_17_28_567.jpg,/Users/martin/smart-technologies-ca2/data/IMG/right_2026_08_29_20_17_28_567.jpg,0.2,1.0,0,30.17992
/Users/martin/smart-technologies-ca2/data/IMG/center_2026_08_29_20_17_28_634.jpg,/Users/martin/smart-technologies-ca2/data/IMG/left_2026_08_29_20_17_28_634.jpg,/Users/martin/smart-technologies-ca2/data/IMG/right_2026_08_29_20_17_28_634.jpg,0.35,1.0,0,30.16342
/Users/martin/smart-technologies-ca2/data/IMG/center_2026_08_29_20_17_29_461.jpg,/Users/martin/smart-technologies-ca2/data/IMG/left_2026_08_29_20_17_29_461.jpg,/Users/martin/smart-technologies-ca2/data/IMG/right_2026_08_29_20_17_29_461.jpg,0.15,1.0,0,30.18423
/Users/martin/smart-technologies-ca2/data/IMG/center_2026_08_29_20_17_30_010.jpg,/Users/martin/smart-technologies-ca2/data/IMG/left_2026_08_29_20_17_30_010.jpg,/Users/martin/smart-technologies-ca2/data/IMG/right_2026_08_29_20_17_30_010.jpg,0.0,1.0,0,30.19028
/Users/martin/smart-technologies-ca2/data/IMG/center_2026_08_29_20_17_32_330.jpg,/Users/martin/smart-technologies-ca2/data/IMG/left_2026_08_29_20_17_32_330.jpg,/Users/martin/smart-technologies-ca2/data/IMG/right_2026_08_29_20_17_32_330.jpg,-0.1,1.0,0,30.18765
/Users/martin/smart-technologies-ca2/data/IMG/center_2026_08_29_20_17_32_400.jpg,/Users/martin/smart-technologies-ca2/data/IMG/left_2026_08_29_20_17_32_400.jpg,/Users/martin/smart-technologies-ca2/data/IMG/right_2026_08_29_20_17_32_400.jpg,-0.25,1.0,0,30.17464
/Users/martin/smart-technologies-ca2/data/IMG/center_2026_08_29_20_17_33_011.jpg,/Users/martin/smart-technologies-ca2/data/IMG/left_2026_08_29_20_17_33_011.jpg,/Users/martin/smart-technologies-ca2/data/IMG/right_2026_08_29_20_17_33_011.jpg,-0.1,1.0,0,30.18826
/Users/martin/smart-technologies-ca2/data/IMG/center_2026_08_29_20_17_33_077.jpg,/Users/martin/smart-technologies-ca2/data/IMG/left_2026_08_29_20_17_33_077.jpg,/Users/martin/smart-technologies-ca2/data/IMG/right_2026_08_29_20_17_33_077.jpg,-0.25,1.0,0,30.1749
/Users/martin/smart-technologies-ca2/data/IMG/center_2026_08_29_20_17_33_144.jpg,/Users/martin/smart-technologies-ca2/data/IMG/left_2026_08_29_20_17_33_144.jpg,/Users/martin/smart-technologies-ca2/data/IMG/right_2026_08_29_20_17_33_144.jpg,-0.45,1.0,0,30.15167
/Users/martin/smart-technologies-ca2/data/IMG/center_2026_08_29_20_17_33_213.jpg,/Users/martin/smart-technologies-ca2/data/IMG/left_2026_08_29_20_17_33_213.jpg,/Users/martin/smart-technologies-ca2/data/IMG/right_2026_08_29_20_17_33_213.jpg,-0.6000001,1.0,0,30.13352
/Users/martin/smart-technologies-ca2/data/IMG/center_2026_08_29_20_17_33_485.jpg,/Users/martin/smart-technologies-ca2/data/IMG/left_2026_08_29_20_17_33_485.jpg,/Users/martin/smart-technologies-ca2/data/IMG/right_2026_08_29_20_17_33_485.jpg,0.0,1.0,0,30.19018
/Users/martin/smart-technologies-ca2/data/IMG/center_2026_08_29_20_17_34_091.jpg,/Users/martin/smart-technologies-ca2/data/IMG/left_2026_08_29_20_17_34_091.jpg,/Users/martin/smart-technologies-ca2/data/IMG/right_2026_08_29_20_17_34_091.jpg,-0.05,1.0,0,30.18952
/Users/martin/smart-technologies-ca2/data/IMG/center_2026_08_29_20_17_34_159.jpg,/Users/martin/smart-technologies-ca2/data/IMG/left_2026_08_29_20_17_34_159.jpg,/Users/martin/smart-technologies-ca2/data/IMG/right_2026_08_29_20_17_34_159.jpg,-0.2,1.0,0,30.17975
/Users/martin/smart-technologies-ca2/data/IMG/center_2026_08_29_20_17_34_226.jpg,/Users/martin/smart-technologies-ca2/data/IMG/left_2026_08_29_20_17_34_226.jpg,/Users/martin/smart-technologies-ca2/data/IMG/right_2026_08_29_20_17_34_226.jpg,-0.4,1.0,0,30.15747
/Users/martin/smart-technologies-ca2/data/IMG/center_2026_08_29_20_17_34_293.jpg,/Users/martin/smart-technologies-ca2/data/IMG/left_2026_08_29_20_17_34_293.jpg,/Users/martin/smart-technologies-ca2/data/IMG/right_2026_08_29_20_17_34_293.jpg,-0.5500001,1.0,0,30.13927
/Users/martin/smart-technologies-ca2/data/IMG/center_2026_08_29_20_17_34_360.jpg,/Users/martin/smart-technologies-ca2/data/IMG/left_2026_08_29_20_17_34_360.jpg,/Users/martin/smart-technologies-ca2/data/IMG/right_2026_08_29_20_17_34_360.jpg,-0.7,1.0,0,30.12094
/Users/martin/smart-technologies-ca2/data/IMG/center_2026_08_29_20_17_34_836.jpg,/Users/martin/smart-technologies-ca2/data/IMG/left_2026_08_29_20_17_34_836.jpg,/Users/martin/smart-technologies-ca2/data/IMG/right_2026_08_29_20_17_34_836.jpg,-0.1,1.0,0,30.18822
/Users/martin/smart-technologies-ca2/data/IMG/center_2026_08_29_20_17_34_905.jpg,/Users/martin/smart-technologies-ca2/data/IMG/left_2026_08_29_20_17_34_905.jpg,/Users/martin/smart-technologies-ca2/data/IMG/right_2026_08_29_20_17_34_905.jpg,-0.3,1.0,0,30.1693
/Users/martin/smart-technologies-ca2/data/IMG/center_2026_08_29_20_17_34_971.jpg,/Users/martin/smart-technologies-ca2/data/IMG/left_2026_08_29_20_17_34_971.jpg,/Users/martin/smart-technologies-ca2/data/IMG/right_2026_08_29_20_17_34_971.jpg,-0.45,1.0,0,30.15172
/Users/martin/smart-technologies-ca2/data/IMG/center_2026_08_29_20_17_35_038.jpg,/Users/martin/smart-technologies-ca2/data/IMG/left_2026_08_29_20_17_35_038.jpg,/Users/martin/smart-technologies-ca2/data/IMG/right_2026_08_29_20_17_35_038.jpg,-0.6000001,1.0,0,30.13339
/Users/martin/smart-technologies-ca2/data/IMG/center_2026_08_29_20_17_35_105.jpg,/Users/martin/smart-technologies-ca2/data/IMG/left_2026_08_29_20_17_35_105.jpg,/Users/martin/smart-technologies-ca2/data/IMG/right_2026_08_29_20_17_35_105.jpg,-0.8000001,1.0,0,30.11029
/Users/martin/smart-technologies-ca2/data/IMG/center_2026_08_29_20_17_35_172.jpg,/Users/martin/smart-technologies-ca2/data/IMG/left_2026_08_29_20_17_35_172.jpg,/Users/martin/smart-technologies-ca2/data/IMG/right_2026_08_29_20_17_35_172.jpg,0.0,1.0,0,30.17341
/Users/martin/smart-technologies-ca2/data/IMG/center_2026_08_29_20_17_35_512.jpg,/Users/martin/smart-technologies-ca2/data/IMG/left_2026_08_29_20_17_35_512.jpg,/Users/martin/smart-technologies-ca2/data/IMG/right_2026_08_29_20_17_35_512.jpg,-0.1,1.0,0,30.18791
/Users/martin/smart-technologies-ca2/data/IMG/center_2026_08_29_20_17_35_581.jpg,/Users/martin/smart-technologies-ca2/data/IMG/left_2026_08_29_20_17_35_581.jpg,/Users/martin/smart-technologies-ca2/data/IMG/right_2026_08_29_20_17_35_581.jpg,-0.25,1.0,0,30.17715
/Users/martin/smart-technologies-ca2/data/IMG/center_2026_08_29_20_17_35_648.jpg,/Users/martin/smart-technologies-ca2/data/IMG/left_2026_08_29_20_17_35_648.jpg,/Users/martin/smart-technologies-ca2/data/IMG/right_2026_08_29_20_17_35_648.jpg,-0.45,1.0,0,30.15212
/Users/martin/smart-technologies-ca2/data/IMG/center_2026_08_29_20_17_35_717.jpg,/Users/martin/smart-technologies-ca2/data/IMG/left_2026_08_29_20_17_35_717.jpg,/Users/martin/smart-technologies-ca2/data/IMG/right_2026_08_29_20_17_35_717.jpg,-0.6000001,1.0,0,30.13414
/Users/martin/smart-technologies-ca2/data/IMG/center_2026_08_29_20_17_35_784.jpg,/Users/martin/smart-technologies-ca2/data/IMG/left_2026_08_29_20_17_35_784.jpg,/Users/martin/smart-technologies-ca2/data/IMG/right_2026_08_29_20_17_35_784.jpg,-0.8000001,1.0,0,30.11011
/Users/martin/smart-technologies-ca2/data/IMG/center_2026_08_29_20_17_35_853.jpg,/Users/martin/smart-technologies-ca2/data/IMG/left_2026_08_29_20_17_35_853.jpg,/Users/martin/smart-technologies-ca2/data/IMG/right_2026_08_29_20_17_35_853.jpg,-0.9500002,1.0,0,30.09723
/Users/martin/smart-technologies-ca2/data/IMG/center_2026_08_29_20_17_36_192.jpg,/Users/martin/smart-technologies-ca2/data/IMG/left_2026_08_29_20_17_36_192.jpg,/Users/martin/smart-technologies-ca2/data/IMG/right_2026_08_29_20_17_36_192.jpg,-0.1,1.0,0,30.18991
/Users/martin/smart-technologies-ca2/data/IMG/center_2026_08_29_20_17_36_262.jpg,/Users/martin/smart-technologies-ca2/data/IMG/left_2026_08_29_20_17_36_262.jpg,/Users/martin/smart-technologies-ca2/data/IMG/right_2026_08_29_20_17_36_262.jpg,-0.25,1.0,0,30.17828
/Users/martin/smart-technologies-ca2/data/IMG/center_2026_08_29_20_17_36_329.jpg,/Users/martin/smart-technologies-ca2/data/IMG/left_2026_08_29_20_17_36_329.jpg,/Users/martin/smart-technologies-ca2/data/IMG/right_2026_08_29_20_17_36_329.jpg,-0.45,1.0,0,30.15463
/Users/martin/smart-technologies-ca2/data/IMG/center_2026_08_29_20_17_36_397.jpg,/Users/martin/smart-technologies-ca2/data/IMG/left_2026_08_29_20_17_36_397.jpg,/Users/martin/smart-technologies-ca2/data/IMG/right_2026_08_29_20_17_36_397.jpg,-0.6000001,1.0,0,30.1349
/Users/martin/smart-technologies-ca2/data/IMG/center_2026_08_29_20_17_36_602.jpg,/Users/martin/smart-technologies-ca2/data/IMG/left_2026_08_29_20_17_36_602.jpg,/Users/martin/smart-technologies-ca2/data/IMG/right_2026_08_29_20_17_36_602.jpg,-0.05,1.0,0,30.18975
/Users/martin/smart-technologies-ca2/data/IMG/center_2026_08_29_20_17_36_672.jpg,/Users/martin/smart-technologies-ca2/data/IMG/left_2026_08_29_20_17_36_672.jpg,/Users/martin/smart-technologies-ca2/data/IMG/right_2026_08_29_20_17_36_672.jpg,-0.25,1.0,0,30.17879
/Users/martin/smart-technologies-ca2/data/IMG/center_2026_08_29_20_17_36_742.jpg,/Users/martin/smart-technologies-ca2/data/IMG/left_2026_08_29_20_17_36_742.jpg,/Users/martin/smart-technologies-ca2/data/IMG/right_2026_08_29_20_17_36_742.jpg,-0.4,1.0,0,30.16086
/Users/martin/smart-technologies-ca2/data/IMG/center_2026_08_29_20_17_37_222.jpg,/Users/martin/smart-technologies-ca2/data/IMG/left_2026_08_29_20_17_37_222.jpg,/Users/martin/smart-technologies-ca2/data/IMG/right_2026_08_29_20_17_37_222.jpg,-0.1,1.0,0,30.18808
/Users/martin/smart-technologies-ca2/data/IMG/center_2026_08_29_20_17_37_291.jpg,/Users/martin/smart-technologies-ca2/data/IMG/left_2026_08_29_20_17_37_291.jpg,/Users/martin/smart-technologies-ca2/data/IMG/right_2026_08_29_20_17_37_291.jpg,-0.3,1.0,0,30.17004
/Users/martin/smart-technologies-ca2/data/IMG/center_2026_08_29_20_17_37_645.jpg,/Users/martin/smart-technologies-ca2/data/IMG/left_2026_08_29_20_17_37_645.jpg,/Users/martin/smart-technologies-ca2/data/IMG/right_2026_08_29_20_17_37_645.jpg,0.0,1.0,0,30.19035
/Users/martin/smart-technologies-ca2/data/IMG/center_2026_08_29_20_17_39_172.jpg,/Users/martin/smart-technologies-ca2/data/IMG/left_2026_08_29_20_17_39_172.jpg,/Users/martin/smart-technologies-ca2/data/IMG/right_2026_08_29_20_17_39_172.jpg,0.0,1.0,0,30.19031
/Users/martin/smart-technologies-ca2/data/IMG/center_2026_08_29_20_17_40_147.jpg,/Users/martin/smart-technologies-ca2/data/IMG/left_2026_08_29_20_17_40_147.jpg,/Users/martin/smart-technologies-ca2/data/IMG/right_2026_08_29_20_17_40_147.jpg,0.0,1.0,0,30.19009
/Users/martin/smart-technologies-ca2/data/IMG/center_2026_08_29_20_17_41_462.jpg,/Users/martin/smart-technologies-ca2/data/IMG/left_2026_08_29_20_17_41_462.jpg,/Users/martin/smart-technologies-ca2/data/IMG/right_2026_08_29_20_17_41_462.jpg,0.0,1.0,0,30.19034
/Users/martin/smart-technologies-ca2/data/IMG/center_2026_08_29_20_17_42_428.jpg,/Users/martin/smart-technologies-ca2/data/IMG/left_2026_08_29_20_17_42_428.jpg,/Users/martin/smart-technologies-ca2/data/IMG/right_2026_08_29_20_17_42_428.jpg,0.25,1.0,0,30.17491
/Users/martin/smart-technologies-ca2/data/IMG/center_2026_08_29_20_17_42_495.jpg,/Users/martin/smart-technologies-ca2/data/IMG/left_2026_08_29_20_17_42_495.jpg,/Users/martin/smart-technologies-ca2/data/IMG/right_2026_08_29_20_17_42_495.jpg,0.4,1.0,0,30.15745
/Users/martin/smart-technologies-ca2/data/IMG/center_2026_08_29_20_17_42_563.jpg,/Users/martin/smart-technologies-ca2/data/IMG/left_2026_08_29_20_17_42_563.jpg,/Users/martin/smart-technologies-ca2/data/IMG/right_2026_08_29_20_17_42_563.jpg,0.6000001,1.0,0,30.13313
/Users/martin/smart-technologies-ca2/data/IMG/center_2026_08_29_20_17_42_631.jpg,/Users/martin/smart-technologies-ca2/data/IMG/left_2026_08_29_20_17_42_631.jpg,/Users/martin/smart-technologies-ca2/data/IMG/right_2026_08_29_20_17_42_631.jpg,0.7500002,1.0,0,30.11451
/Users/martin/smart-technologies-ca2/data/IMG/center_2026_08_29_20_17_43_859.jpg,/Users/martin/smart-technologies-ca2/data/IMG/left_2026_08_29_20_17_43_859.jpg,/Users/martin/smart-technologies-ca2/data/IMG/right_2026_08_29_20_17_43_859.jpg,0.1,1.0,0,30.18728
/Users/martin/smart-technologies-ca2/data/IMG/center_2026_08_29_20_17_43_928.jpg,/Users/martin/smart-technologies-ca2/data/IMG/left_2026_08_29_20_17_43_928.jpg,/Users/martin/smart-technologies-ca2/data/IMG/right_2026_08_29_20_17_43_928.jpg,0.3,1.0,0,30.16918
/Users/martin/smart-technologies-ca2/data/IMG/center_2026_08_29_20_17_43_995.jpg,/Users/martin/smart-technologies-ca2/data/IMG/left_2026_08_29_20_17_43_995.jpg,/Users/martin/smart-technologies-ca2/data/IMG/right_2026_08_29_20_17_43_995.jpg,0.45,1.0,0,30.15152
/Users/martin/smart-technologies-ca2/data/IMG/center_2026_08_29_20_17_44_065.jpg,/Users/martin/smart-technologies-ca2/data/IMG/left_2026_08_29_20_17_44_065.jpg,/Users/martin/smart-technologies-ca2/data/IMG/right_2026_08_29_20_17_44_065.jpg,0.6500001,1.0,0,30.1267
/Users/martin/smart-technologies-ca2/data/IMG/center_2026_08_29_20_17_44_134.jpg,/Users/martin/smart-technologies-ca2/data/IMG/left_2026_08_29_20_17_44_134.jpg,/Users/martin/smart-technologies-ca2/data/IMG/right_2026_08_29_20_17_44_134.jpg,0.8000001,1.0,0,30.11001
/Users/martin/smart-technologies-ca2/data/IMG/center_2026_08_29_20_17_44_613.jpg,/Users/martin/smart-technologies-ca2/data/IMG/left_2026_08_29_20_17_44_613.jpg,/Users/martin/smart-technologies-ca2/data/IMG/right_2026_08_29_20_17_44_613.jpg,0.2,1.0,0,30.18094
/Users/martin/smart-technologies-ca2/data/IMG/center_2026_08_29_20_17_44_680.jpg,/Users/martin/smart-technologies-ca2/data/IMG/left_2026_08_29_20_17_44_680.jpg,/Users/martin/smart-technologies-ca2/data/IMG/right_2026_08_29_20_17_44_680.jpg,0.35,1.0,0,30.16392
/Users/martin/smart-technologies-ca2/data/IMG/center_2026_08_29_20_17_44_750.jpg,/Users/martin/smart-technologies-ca2/data/IMG/left_2026_08_29_20_17_44_750.jpg,/Users/martin/smart-technologies-ca2/data/IMG/right_2026_08_29_20_17_44_750.jpg,0.5500001,1.0,0,30.13955
/Users/martin/smart-technologies-ca2/data/IMG/center_2026_08_29_20_17_44_817.jpg,/Users/martin/smart-technologies-ca2/data/IMG/left_2026_08_29_20_17_44_817.jpg,/Users/martin/smart-technologies-ca2/data/IMG/right_2026_08_29_20_17_44_817.jpg,0.7,1.0,0,30.12125
/Users/martin/smart-technologies-ca2/data/IMG/center_2026_08_29_20_17_45_089.jpg,/Users/martin/smart-technologies-ca2/data/IMG/left_2026_08_29_20_17_45_089.jpg,/Users/martin/smart-technologies-ca2/data/IMG/right_2026_08_29_20_17_45_089.jpg,0.0,1.0,0,30.19014
/Users/martin/smart-technologies-ca2/data/IMG/center_2026_08_29_20_17_45_156.jpg,/Users/martin/smart-technologies-ca2/data/IMG/left_2026_08_29_20_17_45_156.jpg,/Users/martin/smart-technologies-ca2/data/IMG/right_2026_08_29_20_17_45_156.jpg,0.1,1.0,0,30.18905
/Users/martin/smart-technologies-ca2/data/IMG/center_2026_08_29_20_17_45_227.jpg,/Users/martin/smart-technologies-ca2/data/IMG/left_2026_08_29_20_17_45_227.jpg,/Users/martin/smart-technologies-ca2/data/IMG/right_2026_08_29_20_17_45_227.jpg,0.3,1.0,0,30.17121
/Users/martin/smart-technologies-ca2/data/IMG/center_2026_08_29_20_17_45_296.jpg,/Users/martin/smart-technologies-ca2/data/IMG/left_2026_08_29_20_17_45_296.jpg,/Users/martin/smart-technologies-ca2/data/IMG/right_2026_08_29_20_17_45_296.jpg,0.45,1.0,0,30.15314
/Users/martin/smart-technologies-ca2/data/IMG/center_2026_08_29_20_17_45_367.jpg,/Users/martin/smart-technologies-ca2/data/IMG/left_2026_08_29_20_17_45_367.jpg,/Users/martin/smart-technologies-ca2/data/IMG/right_2026_08_29_20_17_45_367.jpg,0.6500001,1.0,0,30.12804
/Users/martin/smart-technologies-ca2/data/IMG/center_2026_08_29_20_17_45_433.jpg,/Users/martin/smart-technologies-ca2/data/IMG/left_2026_08_29_20_17_45_433.jpg,/Users/martin/smart-technologies-ca2/data/IMG/right_2026_08_29_20_17_45_433.jpg,0.8000001,1.0,0,30.11069
/Users/martin/smart-technologies-ca2/data/IMG/center_2026_08_29_20_17_45_770.jpg,/Users/martin/smart-technologies-ca2/data/IMG/left_2026_08_29_20_17_45_770.jpg,/Users/martin/smart-technologies-ca2/data/IMG/right_2026_08_29_20_17_45_770.jpg,0.2,1.0,0,30.18243
/Users/martin/smart-technologies-ca2/data/IMG/center_2026_08_29_20_17_45_839.jpg,/Users/martin/smart-technologies-ca2/data/IMG/left_2026_08_29_20_17_45_839.jpg,/Users/martin/smart-technologies-ca2/data/IMG/right_2026_08_29_20_17_45_839.jpg,0.35,1.0,0,30.16614
/Users/martin/smart-technologies-ca2/data/IMG/center_2026_08_29_20_17_45_908.jpg,/Users/martin/smart-technologies-ca2/data/IMG/left_2026_08_29_20_17_45_908.jpg,/Users/martin/smart-technologies-ca2/data/IMG/right_2026_08_29_20_17_45_908.jpg,0.5500001,1.0,0,30.14096
/Users/martin/smart-technologies-ca2/data/IMG/center_2026_08_29_20_17_45_976.jpg,/Users/martin/smart-technologies-ca2/data/IMG/left_2026_08_29_20_17_45_976.jpg,/Users/martin/smart-technologies-ca2/data/IMG/right_2026_08_29_20_17_45_976.jpg,0.7,1.0,0,30.12214
/Users/martin/smart-technologies-ca2/data/IMG/center_2026_08_29_20_17_46_387.jpg,/Users/martin/smart-technologies-ca2/data/IMG/left_2026_08_29_20_17_46_387.jpg,/Users/martin/smart-technologies-ca2/data/IMG/right_2026_08_29_20_17_46_387.jpg,0.25,1.0,0,30.17802
/Users/martin/smart-technologies-ca2/data/IMG/center_2026_08_29_20_17_46_456.jpg,/Users/martin/smart-technologies-ca2/data/IMG/left_2026_08_29_20_17_46_456.jpg,/Users/martin/smart-technologies-ca2/data/IMG/right_2026_08_29_20_17_46_456.jpg,0.4,1.0,0,30.16029
/Users/martin/smart-technologies-ca2/data/IMG/center_2026_08_29_20_17_46_524.jpg,/Users/martin/smart-technologies-ca2/data/IMG/left_2026_08_29_20_17_46_524.jpg,/Users/martin/smart-technologies-ca2/data/IMG/right_2026_08_29_20_17_46_524.jpg,0.6000001,1.0,0,30.13479
/Users/martin/smart-technologies-ca2/data/IMG/center_2026_08_29_20_17_46_590.jpg,/Users/martin/smart-technologies-ca2/data/IMG/left_2026_08_29_20_17_46_590.jpg,/Users/martin/smart-technologies-ca2/data/IMG/right_2026_08_29_20_17_46_590.jpg,0.7500002,1.0,0,30.11539
/Users/martin/smart-technologies-ca2/data/IMG/center_2026_08_29_20_17_47_542.jpg,/Users/martin/smart-technologies-ca2/data/IMG/left_2026_08_29_20_17_47_542.jpg,/Users/martin/smart-technologies-ca2/data/IMG/right_2026_08_29_20_17_47_542.jpg,0.15,1.0,0,30.18417
/Users/martin/smart-technologies-ca2/data/IMG/center_2026_08_29_20_17_47_609.jpg,/Users/martin/smart-technologies-ca2/data/IMG/left_2026_08_29_20_17_47_609.jpg,/Users/martin/smart-technologies-ca2/data/IMG/right_2026_08_29_20_17_47_609.jpg,0.35,1.0,0,30.1634
/Users/martin/smart-technologies-ca2/data/IMG/center_2026_08_29_20_17_48_220.jpg,/Users/martin/smart-technologies-ca2/data/IMG/left_2026_08_29_20_17_48_220.jpg,/Users/martin/smart-technologies-ca2/data/IMG/right_2026_08_29_20_17_48_220.jpg,0.1,1.0,0,30.18779
/Users/martin/smart-technologies-ca2/data/IMG/center_2026_08_29_20_17_48_287.jpg,/Users/martin/smart-technologies-ca2/data/IMG/left_2026_08_29_20_17_48_287.jpg,/Users/martin/smart-technologies-ca2/data/IMG/right_2026_08_29_20_17_48_287.jpg,0.3,1.0,0,30.16933
/Users/martin/smart-technologies-ca2/data/IMG/center_2026_08_29_20_17_48_962.jpg,/Users/martin/smart-technologies-ca2/data/IMG/left_2026_08_29_20_17_48_962.jpg,/Users/martin/smart-technologies-ca2/data/IMG/right_2026_08_29_20_17_48_962.jpg,0.0,1.0,0,30.1903
/Users/martin/smart-technologies-ca2/data/IMG/center_2026_08_29_20_17_49_301.jpg,/Users/martin/smart-technologies-ca2/data/IMG/left_2026_08_29_20_17_49_301.jpg,/Users/martin/smart-technologies-ca2/data/IMG/right_2026_08_29_20_17_49_301.jpg,0.15,1.0,0,30.18423
/Users/martin/smart-technologies-ca2/data/IMG/center_2026_08_29_20_17_49_368.jpg,/Users/martin/smart-technologies-ca2/data/IMG/left_2026_08_29_20_17_49_368.jpg,/Users/martin/smart-technologies-ca2/data/IMG/right_2026_08_29_20_17_49_368.jpg,0.35,1.0,0,30.16343
/Users/martin/smart-technologies-ca2/data/IMG/center_2026_08_29_20_17_49_435.jpg,/Users/martin/smart-technologies-ca2/data/IMG/left_2026_08_29_20_17_49_435.jpg,/Users/martin/smart-technologies-ca2/data/IMG/right_2026_08_29_20_17_49_435.jpg,0.5000001,1.0,0,30.14537
/Users/martin/smart-technologies-ca2/data/IMG/center_2026_08_29_20_17_49_975.jpg,/Users/martin/smart-technologies-ca2/data/IMG/left_2026_08_29_20_17_49_975.jpg,/Users/martin/smart-technologies-ca2/data/IMG/right_2026_08_29_20_17_49_975.jpg,0.0,1.0,0,30.19029
/Users/martin/smart-technologies-ca2/data/IMG/center_2026_08_29_20_17_52_483.jpg,/Users/martin/smart-technologies-ca2/data/IMG/left_2026_08_29_20_17_52_483.jpg,/Users/martin/smart-technologies-ca2/data/IMG/right_2026_08_29_20_17_52_483.jpg,0.0,1.0,0,30.19061
/Users/martin/smart-technologies-ca2/data/IMG/center_2026_08_29_20_17_53_160.jpg,/Users/martin/smart-technologies-ca2/data/IMG/left_2026_08_29_20_17_53_160.jpg,/Users/martin/smart-technologies-ca2/data/IMG/right_2026_08_29_20_17_53_160.jpg,0.0,1.0,0,30.19065
/Users/martin/smart-technologies-ca2/data/IMG/center_2026_08_29_20_17_54_850.jpg,/Users/martin/smart-technologies-ca2/data/IMG/left_2026_08_29_20_17_54_850.jpg,/Users/martin/smart-technologies-ca2/data/IMG/right_2026_08_29_20_17_54_850.jpg,0.0,1.0,0,30.19063
/Users/martin/smart-technologies-ca2/data/IMG/center_2026_08_29_20_17_56_683.jpg,/Users/martin/smart-technologies-ca2/data/IMG/left_2026_08_29_20_17_56_683.jpg,/Users/martin/smart-technologies-ca2/data/IMG/right_2026_08_29_20_17_56_683.jpg,0.0,1.0,0,30.19062
/Users/martin/smart-technologies-ca2/data/IMG/center_2026_08_29_20_17_58_044.jpg,/Users/martin/smart-technologies-ca2/data/IMG/left_2026_08_29_20_17_58_044.jpg,/Users/martin/smart-technologies-ca2/data/IMG/right_2026_08_29_20_17_58_044.jpg,0.1,1.0,0,30.18807
/Users/martin/smart-technologies-ca2/data/IMG/center_2026_08_29_20_17_58_110.jpg,/Users/martin/smart-technologies-ca2/data/IMG/left_2026_08_29_20_17_58_110.jpg,/Users/martin/smart-technologies-ca2/data/IMG/right_2026_08_29_20_17_58_110.jpg,0.25,1.0,0,30.17528
/Users/martin/smart-technologies-ca2/data/IMG/center_2026_08_29_20_17_58_179.jpg,/Users/martin/smart-technologies-ca2/data/IMG/left_2026_08_29_20_17_58_179.jpg,/Users/martin/smart-technologies-ca2/data/IMG/right_2026_08_29_20_17_58_179.jpg,0.4,1.0,0,30.15813
/Users/martin/smart-technologies-ca2/data/IMG/center_2026_08_29_20_17_58_450.jpg,/Users/martin/smart-technologies-ca2/data/IMG/left_2026_08_29_20_17_58_450.jpg,/Users/martin/smart-technologies-ca2/data/IMG/right_2026_08_29_20_17_58_450.jpg,0.0,1.0,0,30.21608
/Users/martin/smart-technologies-ca2/data/IMG/center_2026_08_29_20_17_58_990.jpg,/Users/martin/smart-technologies-ca2/data/IMG/left_2026_08_29_20_17_58_990.jpg,/Users/martin/smart-technologies-ca2/data/IMG/right_2026_08_29_20_17_58_990.jpg,0.15,1.0,0,30.184
/Users/martin/smart-technologies-ca2/data/IMG/center_2026_08_29_20_18_00_291.jpg,/Users/martin/smart-technologies-ca2/data/IMG/left_2026_08_29_20_18_00_291.jpg,/Users/martin/smart-technologies-ca2/data/IMG/right_2026_08_29_20_18_00_291.jpg,0.0,1.0,0,30.19026
/Users/martin/smart-technologies-ca2/data/IMG/center_2026_08_29_20_18_00_695.jpg,/Users/martin/smart-technologies-ca2/data/IMG/left_2026_08_29_20_18_00_695.jpg,/Users/martin/smart-technologies-ca2/data/IMG/right_2026_08_29_20_18_00_695.jpg,0.0,1.0,0,30.19031
/Users/martin/smart-technologies-ca2/data/IMG/center_2026_08_29_20_18_00_765.jpg,/Users/martin/smart-technologies-ca2/data/IMG/left_2026_08_29_20_18_00_765.jpg,/Users/martin/smart-technologies-ca2/data/IMG/right_2026_08_29_20_18_00_765.jpg,0.1,1.0,0,30.18767
/Users/martin/smart-technologies-ca2/data/IMG/center_2026_08_29_20_18_00_834.jpg,/Users/martin/smart-technologies-ca2/data/IMG/left_2026_08_29_20_18_00_834.jpg,/Users/martin/smart-technologies-ca2/data/IMG/right_2026_08_29_20_18_00_834.jpg,0.25,1.0,0,30.17478
/Users/martin/smart-technologies-ca2/data/IMG/center_2026_08_29_20_18_00_903.jpg,/Users/martin/smart-technologies-ca2/data/IMG/left_2026_08_29_20_18_00_903.jpg,/Users/martin/smart-technologies-ca2/data/IMG/right_2026_08_29_20_18_00_903.jpg,0.45,1.0,0,30.15148
/Users/martin/smart-technologies-ca2/data/IMG/center_2026_08_29_20_18_01_924.jpg,/Users/martin/smart-technologies-ca2/data/IMG/left_2026_08_29_20_18_01_924.jpg,/Users/martin/smart-technologies-ca2/data/IMG/right_2026_08_29_20_18_01_924.jpg,0.0,1.0,0,30.19027
/Users/martin/smart-technologies-ca2/data/IMG/center_2026_08_29_20_18_02_331.jpg,/Users/martin/smart-technologies-ca2/data/IMG/left_2026_08_29_20_18_02_331.jpg,/Users/martin/smart-technologies-ca2/data/IMG/right_2026_08_29_20_18_02_331.jpg,0.0,1.0,0,30.19031
/Users/martin/smart-technologies-ca2/data/IMG/center_2026_08_29_20_18_03_283.jpg,/Users/martin/smart-technologies-ca2/data/IMG/left_2026_08_29_20_18_03_283.jpg,/Users/martin/smart-technologies-ca2/data/IMG/right_2026_08_29_20_18_03_283.jpg,0.2,1.0,0,30.17984
/Users/martin/smart-technologies-ca2/data/IMG/center_2026_08_29_20_18_03_352.jpg,/Users/martin/smart-technologies-ca2/data/IMG/left_2026_08_29_20_18_03_352.jpg,/Users/martin/smart-technologies-ca2/data/IMG/right_2026_08_29_20_18_03_352.jpg,0.35,1.0,0,30.16345
/Users/martin/smart-technologies-ca2/data/IMG/center_2026_08_29_20_18_03_827.jpg,/Users/martin/smart-technologies-ca2/data/IMG/left_2026_08_29_20_18_03_827.jpg,/Users/martin/smart-technologies-ca2/data/IMG/right_2026_08_29_20_18_03_827.jpg,0.1,1.0,0,30.18788
/Users/martin/smart-technologies-ca2/data/IMG/center_2026_08_29_20_18_03_894.jpg,/Users/martin/smart-technologies-ca2/data/IMG/left_2026_08_29_20_18_03_894.jpg,/Users/martin/smart-technologies-ca2/data/IMG/right_2026_08_29_20_18_03_894.jpg,0.25,1.0,0,30.17503
/Users/martin/smart-technologies-ca2/data/IMG/center_2026_08_29_20_18_03_963.jpg,/Users/martin/smart-technologies-ca2/data/IMG/left_2026_08_29_20_18_03_963.jpg,/Users/martin/smart-technologies-ca2/data/IMG/right_2026_08_29_20_18_03_963.jpg,0.45,1.0,0,30.15161
/Users/martin/smart-technologies-ca2/data/IMG/center_2026_08_29_20_18_04_512.jpg,/Users/martin/smart-technologies-ca2/data/IMG/left_2026_08_29_20_18_04_512.jpg,/Users/martin/smart-technologies-ca2/data/IMG/right_2026_08_29_20_18_04_512.jpg,0.2,1.0,0,30.18013
/Users/martin/smart-technologies-ca2/data/IMG/center_2026_08_29_20_18_04_651.jpg,/Users/martin/smart-technologies-ca2/data/IMG/left_2026_08_29_20_18_04_651.jpg,/Users/martin/smart-technologies-ca2/data/IMG/right_2026_08_29_20_18_04_651.jpg,0.0,1.0,0,30.18985
/Users/martin/smart-technologies-ca2/data/IMG/center_2026_08_29_20_18_05_131.jpg,/Users/martin/smart-technologies-ca2/data/IMG/left_2026_08_29_20_18_05_131.jpg,/Users/martin/smart-technologies-ca2/data/IMG/right_2026_08_29_20_18_05_131.jpg,0.0,1.0,0,30.19031
/Users/martin/smart-technologies-ca2/data/IMG/center_2026_08_29_20_18_05_200.jpg,/Users/martin/smart-technologies-ca2/data/IMG/left_2026_08_29_20_18_05_200.jpg,/Users/martin/smart-technologies-ca2/data/IMG/right_2026_08_29_20_18_05_200.jpg,0.0,1.0,0,30.19071
/Users/martin/smart-technologies-ca2/data/IMG/center_2026_08_29_20_18_05_267.jpg,/Users/martin/smart-technologies-ca2/data/IMG/left_2026_08_29_20_18_05_267.jpg,/Users/martin/smart-technologies-ca2/data/IMG/right_2026_08_29_20_18_05_267.jpg,0.2,1.0,0,30.17978
/Users/martin/smart-technologies-ca2/data/IMG/center_2026_08_29_20_18_05_334.jpg,/Users/martin/smart-technologies-ca2/data/IMG/left_2026_08_29_20_18_05_334.jpg,/Users/martin/smart-technologies-ca2/data/IMG/right_2026_08_29_20_18_05_334.jpg,0.35,1.0,0,30.16343
/Users/martin/smart-technologies-ca2/data/IMG/center_2026_08_29_20_18_05_883.jpg,/Users/martin/smart-technologies-ca2/data/IMG/left_2026_08_29_20_18_05_883.jpg,/Users/martin/smart-technologies-ca2/data/IMG/right_2026_08_29_20_18_05_883.jpg,0.1,1.0,0,30.18747
/Users/martin/smart-technologies-ca2/data/IMG/center_2026_08_29_20_18_05_953.jpg,/Users/martin/smart-technologies-ca2/data/IMG/left_2026_08_29_20_18_05_953.jpg,/Users/martin/smart-technologies-ca2/data/IMG/right_2026_08_29_20_18_05_953.jpg,0.25,1.0,0,30.17488
/Users/martin/smart-technologies-ca2/data/IMG/center_2026_08_29_20_18_06_020.jpg,/Users/martin/smart-technologies-ca2/data/IMG/left_2026_08_29_20_18_06_020.jpg,/Users/martin/smart-technologies-ca2/data/IMG/right_2026_08_29_20_18_06_020.jpg,0.4,1.0,0,30.15765
/Users/martin/smart-technologies-ca2/data/IMG/center_2026_08_29_20_18_06_500.jpg,/Users/martin/smart-technologies-ca2/data/IMG/left_2026_08_29_20_18_06_500.jpg,/Users/martin/smart-technologies-ca2/data/IMG/right_2026_08_29_20_18_06_500.jpg,0.0,1.0,0,30.1903
/Users/martin/smart-technologies-ca2/data/IMG/center_2026_08_29_20_18_06_981.jpg,/Users/martin/smart-technologies-ca2/data/IMG/left_2026_08_29_20_18_06_981.jpg,/Users/martin/smart-technologies-ca2/data/IMG/right_2026_08_29_20_18_06_981.jpg,0.1,1.0,0,30.18759
/Users/martin/smart-technologies-ca2/data/IMG/center_2026_08_29_20_18_07_048.jpg,/Users/martin/smart-technologies-ca2/data/IMG/left_2026_08_29_20_18_07_048.jpg,/Users/martin/smart-technologies-ca2/data/IMG/right_2026_08_29_20_18_07_048.jpg,0.3,1.0,0,30.16954
/Users/martin/smart-technologies-ca2/data/IMG/center_2026_08_29_20_18_07_117.jpg,/Users/martin/smart-technologies-ca2/data/IMG/left_2026_08_29_20_18_07_117.jpg,/Users/martin/smart-technologies-ca2/data/IMG/right_2026_08_29_20_18_07_117.jpg,0.45,1.0,0,30.15142
/Users/martin/smart-technologies-ca2/data/IMG/center_2026_08_29_20_18_07_527.jpg,/Users/martin/smart-technologies-ca2/data/IMG/left_2026_08_29_20_18_07_527.jpg,/Users/martin/smart-technologies-ca2/data/IMG/right_2026_08_29_20_18_07_527.jpg,0.1,1.0,0,30.18828
/Users/martin/smart-technologies-ca2/data/IMG/center_2026_08_29_20_18_07_594.jpg,/Users/martin/smart-technologies-ca2/data/IMG/left_2026_08_29_20_18_07_594.jpg,/Users/martin/smart-technologies-ca2/data/IMG/right_2026_08_29_20_18_07_594.jpg,0.25,1.0,0,30.17572
/Users/martin/smart-technologies-ca2/data/IMG/center_2026_08_29_20_18_08_140.jpg,/Users/martin/smart-technologies-ca2/data/IMG/left_2026_08_29_20_18_08_140.jpg,/Users/martin/smart-technologies-ca2/data/IMG/right_2026_08_29_20_18_08_140.jpg,0.1,1.0,0,30.1878
/Users/martin/smart-technologies-ca2/data/IMG/center_2026_08_29_20_18_08_208.jpg,/Users/martin/smart-technologies-ca2/data/IMG/left_2026_08_29_20_18_08_208.jpg,/Users/martin/smart-technologies-ca2/data/IMG/right_2026_08_29_20_18_08_208.jpg,0.3,1.0,0,30.16944
/Users/martin/smart-technologies-ca2/data/IMG/center_2026_08_29_20_18_08_275.jpg,/Users/martin/smart-technologies-ca2/data/IMG/left_2026_08_29_20_18_08_275.jpg,/Users/martin/smart-technologies-ca2/data/IMG/right_2026_08_29_20_18_08_275.jpg,0.45,1.0,0,30.15158
/Users/martin/smart-technologies-ca2/data/IMG/center_2026_08_29_20_18_08_954.jpg,/Users/martin/smart-technologies-ca2/data/IMG/left_2026_08_29_20_18_08_954.jpg,/Users/martin/smart-technologies-ca2/data/IMG/right_2026_08_29_20_18_08_954.jpg,0.2,1.0,0,30.17985
/Users/martin/smart-technologies-ca2/data/IMG/center_2026_08_29_20_18_09_022.jpg,/Users/martin/smart-technologies-ca2/data/IMG/left_2026_08_29_20_18_09_022.jpg,/Users/martin/smart-technologies-ca2/data/IMG/right_2026_08_29_20_18_09_022.jpg,0.35,1.0,0,30.16346
/Users/martin/smart-technologies-ca2/data/IMG/center_2026_08_29_20_18_09_092.jpg,/Users/martin/smart-technologies-ca2/data/IMG/left_2026_08_29_20_18_09_092.jpg,/Users/martin/smart-technologies-ca2/data/IMG/right_2026_08_29_20_18_09_092.jpg,0.5500001,1.0,0,30.13922
/Users/martin/smart-technologies-ca2/data/IMG/center_2026_08_29_20_18_09_159.jpg,/Users/martin/smart-technologies-ca2/data/IMG/left_2026_08_29_20_18_09_159.jpg,/Users/martin/smart-technologies-ca2/data/IMG/right_2026_08_29_20_18_09_159.jpg,0.7,1.0,0,30.12093
/Users/martin/smart-technologies-ca2/data/IMG/center_2026_08_29_20_18_09_367.jpg,/Users/martin/smart-technologies-ca2/data/IMG/left_2026_08_29_20_18_09_367.jpg,/Users/martin/smart-technologies-ca2/data/IMG/right_2026_08_29_20_18_09_367.jpg,0.0,1.0,0,30.1896
/Users/martin/smart-technologies-ca2/data/IMG/center_2026_08_29_20_18_09_711.jpg,/Users/martin/smart-technologies-ca2/data/IMG/left_2026_08_29_20_18_09_711.jpg,/Users/martin/smart-technologies-ca2/data/IMG/right_2026_08_29_20_18_09_711.jpg,0.1,1.0,0,30.18784
/Users/martin/smart-technologies-ca2/data/IMG/center_2026_08_29_20_18_09_782.jpg,/Users/martin/smart-technologies-ca2/data/IMG/left_2026_08_29_20_18_09_782.jpg,/Users/martin/smart-technologies-ca2/data/IMG/right_2026_08_29_20_18_09_782.jpg,0.25,1.0,0,30.17488
/Users/martin/smart-technologies-ca2/data/IMG/center_2026_08_29_20_18_09_850.jpg,/Users/martin/smart-technologies-ca2/data/IMG/left_2026_08_29_20_18_09_850.jpg,/Users/martin/smart-technologies-ca2/data/IMG/right_2026_08_29_20_18_09_850.jpg,0.45,1.0,0,30.15154
/Users/martin/smart-technologies-ca2/data/IMG/center_2026_08_29_20_18_09_920.jpg,/Users/martin/smart-technologies-ca2/data/IMG/left_2026_08_29_20_18_09_920.jpg,/Users/martin/smart-technologies-ca2/data/IMG/right_2026_08_29_20_18_09_920.jpg,0.6000001,1.0,0,30.13313
/Users/martin/smart-technologies-ca2/data/IMG/center_2026_08_29_20_18_10_954.jpg,/Users/martin/smart-technologies-ca2/data/IMG/left_2026_08_29_20_18_10_954.jpg,/Users/martin/smart-technologies-ca2/data/IMG/right_2026_08_29_20_18_10_954.jpg,0.0,1.0,0,30.19024
/Users/martin/smart-technologies-ca2/data/IMG/center_2026_08_29_20_18_11_434.jpg,/Users/martin/smart-technologies-ca2/data/IMG/left_2026_08_29_20_18_11_434.jpg,/Users/martin/smart-technologies-ca2/data/IMG/right_2026_08_29_20_18_11_434.jpg,0.1,1.0,0,30.18766
/Users/martin/smart-technologies-ca2/data/IMG/center_2026_08_29_20_18_11_502.jpg,/Users/martin/smart-technologies-ca2/data/IMG/left_2026_08_29_20_18_11_502.jpg,/Users/martin/smart-technologies-ca2/data/IMG/right_2026_08_29_20_18_11_502.jpg,0.25,1.0,0,30.17476
/Users/martin/smart-technologies-ca2/data/IMG/center_2026_08_29_20_18_11_572.jpg,/Users/martin/smart-technologies-ca2/data/IMG/left_2026_08_29_20_18_11_572.jpg,/Users/martin/smart-technologies-ca2/data/IMG/right_2026_08_29_20_18_11_572.jpg,0.45,1.0,0,30.1515
/Users/martin/smart-technologies-ca2/data/IMG/center_2026_08_29_20_18_11_639.jpg,/Users/martin/smart-technologies-ca2/data/IMG/left_2026_08_29_20_18_11_639.jpg,/Users/martin/smart-technologies-ca2/data/IMG/right_2026_08_29_20_18_11_639.jpg,0.6000001,1.0,0,30.13317
/Users/martin/smart-technologies-ca2/data/IMG/center_2026_08_29_20_18_12_528.jpg,/Users/martin/smart-technologies-ca2/data/IMG/left_2026_08_29_20_18_12_528.jpg,/Users/martin/smart-technologies-ca2/data/IMG/right_2026_08_29_20_18_12_528.jpg,0.0,1.0,0,30.19029
/Users/martin/smart-technologies-ca2/data/IMG/center_2026_08_29_20_18_12_738.jpg,/Users/martin/smart-technologies-ca2/data/IMG/left_2026_08_29_20_18_12_738.jpg,/Users/martin/smart-technologies-ca2/data/IMG/right_2026_08_29_20_18_12_738.jpg,0.15,1.0,0,30.18421
/Users/martin/smart-technologies-ca2/data/IMG/center_2026_08_29_20_18_12_808.jpg,/Users/martin/smart-technologies-ca2/data/IMG/left_2026_08_29_20_18_12_808.jpg,/Users/martin/smart-technologies-ca2/data/IMG/right_2026_08_29_20_18_12_808.jpg,0.35,1.0,0,30.16342
/Users/martin/smart-technologies-ca2/data/IMG/center_2026_08_29_20_18_12_875.jpg,/Users/martin/smart-technologies-ca2/data/IMG/left_2026_08_29_20_18_12_875.jpg,/Users/martin/smart-technologies-ca2/data/IMG/right_2026_08_29_20_18_12_875.jpg,0.5000001,1.0,0,30.14538
/Users/martin/smart-technologies-ca2/data/IMG/center_2026_08_29_20_18_14_113.jpg,/Users/martin/smart-technologies-ca2/data/IMG/left_2026_08_29_20_18_14_113.jpg,/Users/martin/smart-technologies-ca2/data/IMG/right_2026_08_29_20_18_14_113.jpg,0.2,1.0,0,30.17984
/Users/martin/smart-technologies-ca2/data/IMG/center_2026_08_29_20_18_14_184.jpg,/Users/martin/smart-technologies-ca2/data/IMG/left_2026_08_29_20_18_14_184.jpg,/Users/martin/smart-technologies-ca2/data/IMG/right_2026_08_29_20_18_14_184.jpg,0.4,1.0,0,30.15749
/Users/martin/smart-technologies-ca2/data/IMG/center_2026_08_29_20_18_14_253.jpg,/Users/martin/smart-technologies-ca2/data/IMG/left_2026_08_29_20_18_14_253.jpg,/Users/martin/smart-technologies-ca2/data/IMG/right_2026_08_29_20_18_14_253.jpg,0.5500001,1.0,0,30.13929
/Users/martin/smart-technologies-ca2/data/IMG/center_2026_08_29_20_18_15_414.jpg,/Users/martin/smart-technologies-ca2/data/IMG/left_2026_08_29_20_18_15_414.jpg,/Users/martin/smart-technologies-ca2/data/IMG/right_2026_08_29_20_18_15_414.jpg,0.15,1.0,0,30.18421
/Users/martin/smart-technologies-ca2/data/IMG/center_2026_08_29_20_18_15_484.jpg,/Users/martin/smart-technologies-ca2/data/IMG/left_2026_08_29_20_18_15_484.jpg,/Users/martin/smart-technologies-ca2/data/IMG/right_2026_08_29_20_18_15_484.jpg,0.35,1.0,0,30.16344
/Users/martin/smart-technologies-ca2/data/IMG/center_2026_08_29_20_18_15_553.jpg,/Users/martin/smart-technologies-ca2/data/IMG/left_2026_08_29_20_18_15_553.jpg,/Users/martin/smart-technologies-ca2/data/IMG/right_2026_08_29_20_18_15_553.jpg,0.5000001,1.0,0,30.14536
/Users/martin/smart-technologies-ca2/data/IMG/center_2026_08_29_20_18_15_831.jpg,/Users/martin/smart-technologies-ca2/data/IMG/left_2026_08_29_20_18_15_831.jpg,/Users/martin/smart-technologies-ca2/data/IMG/right_2026_08_29_20_18_15_831.jpg,0.0,1.0,0,30.19028
/Users/martin/smart-technologies-ca2/data/IMG/center_2026_08_29_20_18_18_361.jpg,/Users/martin/smart-technologies-ca2/data/IMG/left_2026_08_29_20_18_18_361.jpg,/Users/martin/smart-technologies-ca2/data/IMG/right_2026_08_29_20_18_18_361.jpg,0.0,1.0,0,30.19031
/Users/martin/smart-technologies-ca2/data/IMG/center_2026_08_29_20_18_18_766.jpg,/Users/martin/smart-technologies-ca2/data/IMG/left_2026_08_29_20_18_18_766.jpg,/Users/martin/smart-technologies-ca2/data/IMG/right_2026_08_29_20_18_18_766.jpg,0.15,1.0,0,30.18424
/Users/martin/smart-technologies-ca2/data/IMG/center_2026_08_29_20_18_18_833.jpg,/Users/martin/smart-technologies-ca2/data/IMG/left_2026_08_29_20_18_18_833.jpg,/Users/martin/smart-technologies-ca2/data/IMG/right_2026_08_29_20_18_18_833.jpg,0.3,1.0,0,30.16928
/Users/martin/smart-technologies-ca2/data/IMG/center_2026_08_29_20_18_18_902.jpg,/Users/martin/smart-technologies-ca2/data/IMG/left_2026_08_29_20_18_18_902.jpg,/Users/martin/smart-technologies-ca2/data/IMG/right_2026_08_29_20_18_18_902.jpg,0.45,1.0,0,30.15151
/Users/martin/smart-technologies-ca2/data/IMG/center_2026_08_29_20_18_19_105.jpg,/Users/martin/smart-technologies-ca2/data/IMG/left_2026_08_29_20_18_19_105.jpg,/Users/martin/smart-technologies-ca2/data/IMG/right_2026_08_29_20_18_19_105.jpg,0.0,1.0,0,30.19019
/Users/martin/smart-technologies-ca2/data/IMG/center_2026_08_29_20_18_19_172.jpg,/Users/martin/smart-technologies-ca2/data/IMG/left_2026_08_29_20_18_19_172.jpg,/Users/martin/smart-technologies-ca2/data/IMG/right_2026_08_29_20_18_19_172.jpg,0.0,1.0,0,30.19026
/Users/martin/smart-technologies-ca2/data/IMG/center_2026_08_29_20_18_19_513.jpg,/Users/martin/smart-technologies-ca2/data/IMG/left_2026_08_29_20_18_19_513.jpg,/Users/martin/smart-technologies-ca2/data/IMG/right_2026_08_29_20_18_19_513.jpg,0.1,1.0,0,30.1877
/Users/martin/smart-technologies-ca2/data/IMG/center_2026_08_29_20_18_19_583.jpg,/Users/martin/smart-technologies-ca2/data/IMG/left_2026_08_29_20_18_19_583.jpg,/Users/martin/smart-technologies-ca2/data/IMG/right_2026_08_29_20_18_19_583.jpg,0.3,1.0,0,30.16924
/Users/martin/smart-technologies-ca2/data/IMG/center_2026_08_29_20_18_19_653.jpg,/Users/martin/smart-technologies-ca2/data/IMG/left_2026_08_29_20_18_19_653.jpg,/Users/martin/smart-technologies-ca2/data/IMG/right_2026_08_29_20_18_19_653.jpg,0.45,1.0,0,30.15146
/Users/martin/smart-technologies-ca2/data/IMG/center_2026_08_29_20_18_21_694.jpg,/Users/martin/smart-technologies-ca2/data/IMG/left_2026_08_29_20_18_21_694.jpg,/Users/martin/smart-technologies-ca2/data/IMG/right_2026_08_29_20_18_21_694.jpg,0.0,1.0,0,30.1903
/Users/martin/smart-technologies-ca2/data/IMG/center_2026_08_29_20_18_23_198.jpg,/Users/martin/smart-technologies-ca2/data/IMG/left_2026_08_29_20_18_23_198.jpg,/Users/martin/smart-technologies-ca2/data/IMG/right_2026_08_29_20_18_23_198.jpg,0.0,1.0,0,30.19031
/Users/martin/smart-technologies-ca2/data/IMG/center_2026_08_29_20_18_23_607.jpg,/Users/martin/smart-technologies-ca2/data/IMG/left_2026_08_29_20_18_23_607.jpg,/Users/martin/smart-technologies-ca2/data/IMG/right_2026_08_29_20_18_23_607.jpg,0.15,1.0,0,30.18422
/Users/martin/smart-technologies-ca2/data/IMG/center_2026_08_29_20_18_23_675.jpg,/Users/martin/smart-technologies-ca2/data/IMG/left_2026_08_29_20_18_23_675.jpg,/Users/martin/smart-technologies-ca2/data/IMG/right_2026_08_29_20_18_23_675.jpg,0.3,1.0,0,30.16925
/Users/martin/smart-technologies-ca2/data/IMG/center_2026_08_29_20_18_23_742.jpg,/Users/martin/smart-technologies-ca2/data/IMG/left_2026_08_29_20_18_23_742.jpg,/Users/martin/smart-technologies-ca2/data/IMG/right_2026_08_29_20_18_23_742.jpg,0.45,1.0,0,30.15146
/Users/martin/smart-technologies-ca2/data/IMG/center_2026_08_29_20_18_24_221.jpg,/Users/martin/smart-technologies-ca2/data/IMG/left_2026_08_29_20_18_24_221.jpg,/Users/martin/smart-technologies-ca2/data/IMG/right_2026_08_29_20_18_24_221.jpg,0.0,1.0,0,30.19029
/Users/martin/smart-technologies-ca2/data/IMG/center_2026_08_29_20_18_25_302.jpg,/Users/martin/smart-technologies-ca2/data/IMG/left_2026_08_29_20_18_25_302.jpg,/Users/martin/smart-technologies-ca2/data/IMG/right_2026_08_29_20_18_25_302.jpg,0.1,1.0,0,30.18773
/Users/martin/smart-technologies-ca2/data/IMG/center_2026_08_29_20_18_25_369.jpg,/Users/martin/smart-technologies-ca2/data/IMG/left_2026_08_29_20_18_25_369.jpg,/Users/martin/smart-technologies-ca2/data/IMG/right_2026_08_29_20_18_25_369.jpg,0.3,1.0,0,30.16926
/Users/martin/smart-technologies-ca2/data/IMG/center_2026_08_29_20_18_25_438.jpg,/Users/martin/smart-technologies-ca2/data/IMG/left_2026_08_29_20_18_25_438.jpg,/Users/martin/smart-technologies-ca2/data/IMG/right_2026_08_29_20_18_25_438.jpg,0.45,1.0,0,30.15146
/Users/martin/smart-technologies-ca2/data/IMG/center_2026_08_29_20_18_27_609.jpg,/Users/martin/smart-technologies-ca2/data/IMG/left_2026_08_29_20_18_27_609.jpg,/Users/martin/smart-technologies-ca2/data/IMG/right_2026_08_29_20_18_27_609.jpg,0.0,1.0,0,30.1903
/Users/martin/smart-technologies-ca2/data/IMG/center_2026_08_29_20_18_28_768.jpg,/Users/martin/smart-technologies-ca2/data/IMG/left_2026_08_29_20_18_28_768.jpg,/Users/martin/smart-technologies-ca2/data/IMG/right_2026_08_29_20_18_28_768.jpg,0.0,1.0,0,30.19031
/Users/martin/smart-technologies-ca2/data/IMG/center_2026_08_29_20_18_31_013.jpg,/Users/martin/smart-technologies-ca2/data/IMG/left_2026_08_29_20_18_31_013.jpg,/Users/martin/smart-technologies-ca2/data/IMG/right_2026_08_29_20_18_31_013.jpg,0.15,1.0,0,30.18441
/Users/martin/smart-technologies-ca2/data/IMG/center_2026_08_29_20_18_31_084.jpg,/Users/martin/smart-technologies-ca2/data/IMG/left_2026_08_29_20_18_31_084.jpg,/Users/martin/smart-technologies-ca2/data/IMG/right_2026_08_29_20_18_31_084.jpg,0.35,1.0,0,30.16329
/Users/martin/smart-technologies-ca2/data/IMG/center_2026_08_29_20_18_31_153.jpg,/Users/martin/smart-technologies-ca2/data/IMG/left_2026_08_29_20_18_31_153.jpg,/Users/martin/smart-technologies-ca2/data/IMG/right_2026_08_29_20_18_31_153.jpg,0.5000001,1.0,0,30.14562
/Users/martin/smart-technologies-ca2/data/IMG/center_2026_08_29_20_18_32_375.jpg,/Users/martin/smart-technologies-ca2/data/IMG/left_2026_08_29_20_18_32_375.jpg,/Users/martin/smart-technologies-ca2/data/IMG/right_2026_08_29_20_18_32_375.jpg,0.2,1.0,0,30.1801
/Users/martin/smart-technologies-ca2/data/IMG/center_2026_08_29_20_18_32_444.jpg,/Users/martin/smart-technologies-ca2/data/IMG/left_2026_08_29_20_18_32_444.jpg,/Users/martin/smart-technologies-ca2/data/IMG/right_2026_08_29_20_18_32_444.jpg,0.4,1.0,0,30.15853
/Users/martin/smart-technologies-ca2/data/IMG/center_2026_08_29_20_18_32_855.jpg,/Users/martin/smart-technologies-ca2/data/IMG/left_2026_08_29_20_18_32_855.jpg,/Users/martin/smart-technologies-ca2/data/IMG/right_2026_08_29_20_18_32_855.jpg,0.0,1.0,0,30.19029
/Users/martin/smart-technologies-ca2/data/IMG/center_2026_08_29_20_18_33_954.jpg,/Users/martin/smart-technologies-ca2/data/IMG/left_2026_08_29_20_18_33_954.jpg,/Users/martin/smart-technologies-ca2/data/IMG/right_2026_08_29_20_18_33_954.jpg,0.1,1.0,0,30.18767
/Users/martin/smart-technologies-ca2/data/IMG/center_2026_08_29_20_18_34_024.jpg,/Users/martin/smart-technologies-ca2/data/IMG/left_2026_08_29_20_18_34_024.jpg,/Users/martin/smart-technologies-ca2/data/IMG/right_2026_08_29_20_18_34_024.jpg,0.3,1.0,0,30.16924
/Users/martin/smart-technologies-ca2/data/IMG/center_2026_08_29_20_18_34_091.jpg,/Users/martin/smart-technologies-ca2/data/IMG/left_2026_08_29_20_18_34_091.jpg,/Users/martin/smart-technologies-ca2/data/IMG/right_2026_08_29_20_18_34_091.jpg,0.45,1.0,0,30.15147
/Users/martin/smart-technologies-ca2/data/IMG/center_2026_08_29_20_18_36_830.jpg,/Users/martin/smart-technologies-ca2/data/IMG/left_2026_08_29_20_18_36_830.jpg,/Users/martin/smart-technologies-ca2/data/IMG/right_2026_08_29_20_18_36_830.jpg,0.15,1.0,0,30.18424
/Users/martin/smart-technologies-ca2/data/IMG/center_2026_08_29_20_18_36_900.jpg,/Users/martin/smart-technologies-ca2/data/IMG/left_2026_08_29_20_18_36_900.jpg,/Users/martin/smart-technologies-ca2/data/IMG/right_2026_08_29_20_18_36_900.jpg,0.3,1.0,0,30.16928
/Users/martin/smart-technologies-ca2/data/IMG/center_2026_08_29_20_18_37_523.jpg,/Users/martin/smart-technologies-ca2/data/IMG/left_2026_08_29_20_18_37_523.jpg,/Users/martin/smart-technologies-ca2/data/IMG/right_2026_08_29_20_18_37_523.jpg,0.0,1.0,0,30.19012
/Users/martin/smart-technologies-ca2/data/IMG/center_2026_08_29_20_18_38_618.jpg,/Users/martin/smart-technologies-ca2/data/IMG/left_2026_08_29_20_18_38_618.jpg,/Users/martin/smart-technologies-ca2/data/IMG/right_2026_08_29_20_18_38_618.jpg,0.15,1.0,0,30.18421
/Users/martin/smart-technologies-ca2/data/IMG/center_2026_08_29_20_18_38_688.jpg,/Users/martin/smart-technologies-ca2/data/IMG/left_2026_08_29_20_18_38_688.jpg,/Users/martin/smart-technologies-ca2/data/IMG/right_2026_08_29_20_18_38_688.jpg,0.35,1.0,0,30.16331
/Users/martin/smart-technologies-ca2/data/IMG/center_2026_08_29_20_18_38_755.jpg,/Users/martin/smart-technologies-ca2/data/IMG/left_2026_08_29_20_18_38_755.jpg,/Users/martin/smart-technologies-ca2/data/IMG/right_2026_08_29_20_18_38_755.jpg,0.5000001,1.0,0,30.14531
/Users/martin/smart-technologies-ca2/data/IMG/center_2026_08_29_20_18_40_267.jpg,/Users/martin/smart-technologies-ca2/data/IMG/left_2026_08_29_20_18_40_267.jpg,/Users/martin/smart-technologies-ca2/data/IMG/right_2026_08_29_20_18_40_267.jpg,0.2,1.0,0,30.17983
/Users/martin/smart-technologies-ca2/data/IMG/center_2026_08_29_20_18_40_337.jpg,/Users/martin/smart-technologies-ca2/data/IMG/left_2026_08_29_20_18_40_337.jpg,/Users/martin/smart-technologies-ca2/data/IMG/right_2026_08_29_20_18_40_337.jpg,0.35,1.0,0,30.16341
/Users/martin/smart-technologies-ca2/data/IMG/center_2026_08_29_20_18_40_405.jpg,/Users/martin/smart-technologies-ca2/data/IMG/left_2026_08_29_20_18_40_405.jpg,/Users/martin/smart-technologies-ca2/data/IMG/right_2026_08_29_20_18_40_405.jpg,0.5500001,1.0,0,30.13922
/Users/martin/smart-technologies-ca2/data/IMG/center_2026_08_29_20_18_41_787.jpg,/Users/martin/smart-technologies-ca2/data/IMG/left_2026_08_29_20_18_41_787.jpg,/Users/martin/smart-technologies-ca2/data/IMG/right_2026_08_29_20_18_41_787.jpg,0.2,1.0,0,30.17982
/Users/martin/smart-technologies-ca2/data/IMG/center_2026_08_29_20_18_41_856.jpg,/Users/martin/smart-technologies-ca2/data/IMG/left_2026_08_29_20_18_41_856.jpg,/Users/martin/smart-technologies-ca2/data/IMG/right_2026_08_29_20_18_41_856.jpg,0.35,1.0,0,30.16345
/Users/martin/smart-technologies-ca2/data/IMG/center_2026_08_29_20_18_41_923.jpg,/Users/martin/smart-technologies-ca2/data/IMG/left_2026_08_29_20_18_41_923.jpg,/Users/martin/smart-technologies-ca2/data/IMG/right_2026_08_29_20_18_41_923.jpg,0.5500001,1.0,0,30.13986
/Users/martin/smart-technologies-ca2/data/IMG/center_2026_08_29_20_18_42_948.jpg,/Users/martin/smart-technologies-ca2/data/IMG/left_2026_08_29_20_18_42_948.jpg,/Users/martin/smart-technologies-ca2/data/IMG/right_2026_08_29_20_18_42_948.jpg,0.15,1.0,0,30.18414
/Users/martin/smart-technologies-ca2/data/IMG/center_2026_08_29_20_18_43_016.jpg,/Users/martin/smart-technologies-ca2/data/IMG/left_2026_08_29_20_18_43_016.jpg,/Users/martin/smart-technologies-ca2/data/IMG/right_2026_08_29_20_18_43_016.jpg,0.3,1.0,0,30.16918
/Users/martin/smart-technologies-ca2/data/IMG/center_2026_08_29_20_18_43_085.jpg,/Users/martin/smart-technologies-ca2/data/IMG/left_2026_08_29_20_18_43_085.jpg,/Users/martin/smart-technologies-ca2/data/IMG/right_2026_08_29_20_18_43_085.jpg,0.5000001,1.0,0,30.1453
/Users/martin/smart-technologies-ca2/data/IMG/center_2026_08_29_20_18_43_152.jpg,/Users/martin/smart-technologies-ca2/data/IMG/left_2026_08_29_20_18_43_152.jpg,/Users/martin/smart-technologies-ca2/data/IMG/right_2026_08_29_20_18_43_152.jpg,0.6500001,1.0,0,30.12704
/Users/martin/smart-technologies-ca2/data/IMG/center_2026_08_29_20_18_44_316.jpg,/Users/martin/smart-technologies-ca2/data/IMG/left_2026_08_29_20_18_44_316.jpg,/Users/martin/smart-technologies-ca2/data/IMG/right_2026_08_29_20_18_44_316.jpg,0.0,1.0,0,30.19028
/Users/martin/smart-technologies-ca2/data/IMG/center_2026_08_29_20_18_44_589.jpg,/Users/martin/smart-technologies-ca2/data/IMG/left_2026_08_29_20_18_44_589.jpg,/Users/martin/smart-technologies-ca2/data/IMG/right_2026_08_29_20_18_44_589.jpg,0.2,1.0,0,30.18047
/Users/martin/smart-technologies-ca2/data/IMG/center_2026_08_29_20_18_44_656.jpg,/Users/martin/smart-technologies-ca2/data/IMG/left_2026_08_29_20_18_44_656.jpg,/Users/martin/smart-technologies-ca2/data/IMG/right_2026_08_29_20_18_44_656.jpg,0.35,1.0,0,30.16342
/Users/martin/smart-technologies-ca2/data/IMG/center_2026_08_29_20_18_44_723.jpg,/Users/martin/smart-technologies-ca2/data/IMG/left_2026_08_29_20_18_44_723.jpg,/Users/martin/smart-technologies-ca2/data/IMG/right_2026_08_29_20_18_44_723.jpg,0.5500001,1.0,0,30.13923
/Users/martin/smart-technologies-ca2/data/IMG/center_2026_08_29_20_18_44_790.jpg,/Users/martin/smart-technologies-ca2/data/IMG/left_2026_08_29_20_18_44_790.jpg,/Users/martin/smart-technologies-ca2/data/IMG/right_2026_08_29_20_18_44_790.jpg,0.7,1.0,0,30.12062
/Users/martin/smart-technologies-ca2/data/IMG/center_2026_08_29_20_18_45_473.jpg,/Users/martin/smart-technologies-ca2/data/IMG/left_2026_08_29_20_18_45_473.jpg,/Users/martin/smart-technologies-ca2/data/IMG/right_2026_08_29_20_18_45_473.jpg,0.0,1.0,0,30.19061
/Users/martin/smart-technologies-ca2/data/IMG/center_2026_08_29_20_18_46_026.jpg,/Users/martin/smart-technologies-ca2/data/IMG/left_2026_08_29_20_18_46_026.jpg,/Users/martin/smart-technologies-ca2/data/IMG/right_2026_08_29_20_18_46_026.jpg,0.0,1.0,0,30.19031
/Users/martin/smart-technologies-ca2/data/IMG/center_2026_08_29_20_18_46_371.jpg,/Users/martin/smart-technologies-ca2/data/IMG/left_2026_08_29_20_18_46_371.jpg,/Users/martin/smart-technologies-ca2/data/IMG/right_2026_08_29_20_18_46_371.jpg,0.25,1.0,0,30.17474
/Users/martin/smart-technologies-ca2/data/IMG/center_2026_08_29_20_18_46_442.jpg,/Users/martin/smart-technologies-ca2/data/IMG/left_2026_08_29_20_18_46_442.jpg,/Users/martin/smart-technologies-ca2/data/IMG/right_2026_08_29_20_18_46_442.jpg,0.4,1.0,0,30.15751
/Users/martin/smart-technologies-ca2/data/IMG/center_2026_08_29_20_18_46_512.jpg,/Users/martin/smart-technologies-ca2/data/IMG/left_2026_08_29_20_18_46_512.jpg,/Users/martin/smart-technologies-ca2/data/IMG/right_2026_08_29_20_18_46_512.jpg,0.6000001,1.0,0,30.13319
/Users/martin/smart-technologies-ca2/data/IMG/center_2026_08_29_20_18_47_271.jpg,/Users/martin/smart-technologies-ca2/data/IMG/left_2026_08_29_20_18_47_271.jpg,/Users/martin/smart-technologies-ca2/data/IMG/right_2026_08_29_20_18_47_271.jpg,0.15,1.0,0,30.18411
/Users/martin/smart-technologies-ca2/data/IMG/center_2026_08_29_20_18_47_338.jpg,/Users/martin/smart-technologies-ca2/data/IMG/left_2026_08_29_20_18_47_338.jpg,/Users/martin/smart-technologies-ca2/data/IMG/right_2026_08_29_20_18_47_338.jpg,0.3,1.0,0,30.16917
/Users/martin/smart-technologies-ca2/data/IMG/center_2026_08_29_20_18_47_405.jpg,/Users/martin/smart-technologies-ca2/data/IMG/left_2026_08_29_20_18_47_405.jpg,/Users/martin/smart-technologies-ca2/data/IMG/right_2026_08_29_20_18_47_405.jpg,0.5000001,1.0,0,30.14531
/Users/martin/smart-technologies-ca2/data/IMG/center_2026_08_29_20_18_47_472.jpg,/Users/martin/smart-technologies-ca2/data/IMG/left_2026_08_29_20_18_47_472.jpg,/Users/martin/smart-technologies-ca2/data/IMG/right_2026_08_29_20_18_47_472.jpg,0.6500001,1.0,0,30.12707
/Users/martin/smart-technologies-ca2/data/IMG/center_2026_08_29_20_18_48_088.jpg,/Users/martin/smart-technologies-ca2/data/IMG/left_2026_08_29_20_18_48_088.jpg,/Users/martin/smart-technologies-ca2/data/IMG/right_2026_08_29_20_18_48_088.jpg,0.1,1.0,0,30.18771
/Users/martin/smart-technologies-ca2/data/IMG/center_2026_08_29_20_18_48_159.jpg,/Users/martin/smart-technologies-ca2/data/IMG/left_2026_08_29_20_18_48_159.jpg,/Users/martin/smart-technologies-ca2/data/IMG/right_2026_08_29_20_18_48_159.jpg,0.25,1.0,0,30.17477
/Users/martin/smart-technologies-ca2/data/IMG/center_2026_08_29_20_18_48_226.jpg,/Users/martin/smart-technologies-ca2/data/IMG/left_2026_08_29_20_18_48_226.jpg,/Users/martin/smart-technologies-ca2/data/IMG/right_2026_08_29_20_18_48_226.jpg,0.45,1.0,0,30.15144
/Users/martin/smart-technologies-ca2/data/IMG/center_2026_08_29_20_18_48_294.jpg,/Users/martin/smart-technologies-ca2/data/IMG/left_2026_08_29_20_18_48_294.jpg,/Users/martin/smart-technologies-ca2/data/IMG/right_2026_08_29_20_18_48_294.jpg,0.6000001,1.0,0,30.13312
/Users/martin/smart-technologies-ca2/data/IMG/center_2026_08_29_20_18_48_849.jpg,/Users/martin/smart-technologies-ca2/data/IMG/left_2026_08_29_20_18_48_849.jpg,/Users/martin/smart-technologies-ca2/data/IMG/right_2026_08_29_20_18_48_849.jpg,0.15,1.0,0,30.18447
/Users/martin/smart-technologies-ca2/data/IMG/center_2026_08_29_20_18_48_919.jpg,/Users/martin/smart-technologies-ca2/data/IMG/left_2026_08_29_20_18_48_919.jpg,/Users/martin/smart-technologies-ca2/data/IMG/right_2026_08_29_20_18_48_919.jpg,0.3,1.0,0,30.17058
/Users/martin/smart-technologies-ca2/data/IMG/center_2026_08_29_20_18_48_989.jpg,/Users/martin/smart-technologies-ca2/data/IMG/left_2026_08_29_20_18_48_989.jpg,/Users/martin/smart-technologies-ca2/data/IMG/right_2026_08_29_20_18_48_989.jpg,0.5000001,1.0,0,30.14536
/Users/martin/smart-technologies-ca2/data/IMG/center_2026_08_29_20_18_49_056.jpg,/Users/martin/smart-technologies-ca2/data/IMG/left_2026_08_29_20_18_49_056.jpg,/Users/martin/smart-technologies-ca2/data/IMG/right_2026_08_29_20_18_49_056.jpg,0.6500001,1.0,0,30.12702
/Users/martin/smart-technologies-ca2/data/IMG/center_2026_08_29_20_18_49_123.jpg,/Users/martin/smart-technologies-ca2/data/IMG/left_2026_08_29_20_18_49_123.jpg,/Users/martin/smart-technologies-ca2/data/IMG/right_2026_08_29_20_18_49_123.jpg,0.8000001,1.0,0,30.10952
/Users/martin/smart-technologies-ca2/data/IMG/center_2026_08_29_20_18_49_608.jpg,/Users/martin/smart-technologies-ca2/data/IMG/left_2026_08_29_20_18_49_608.jpg,/Users/martin/smart-technologies-ca2/data/IMG/right_2026_08_29_20_18_49_608.jpg,0.2,1.0,0,30.18144
/Users/martin/smart-technologies-ca2/data/IMG/center_2026_08_29_20_18_49_678.jpg,/Users/martin/smart-technologies-ca2/data/IMG/left_2026_08_29_20_18_49_678.jpg,/Users/martin/smart-technologies-ca2/data/IMG/right_2026_08_29_20_18_49_678.jpg,0.35,1.0,0,30.16479
/Users/martin/smart-technologies-ca2/data/IMG/center_2026_08_29_20_18_49_745.jpg,/Users/martin/smart-technologies-ca2/data/IMG/left_2026_08_29_20_18_49_745.jpg,/Users/martin/smart-technologies-ca2/data/IMG/right_2026_08_29_20_18_49_745.jpg,0.5500001,1.0,0,30.13999
/Users/martin/smart-technologies-ca2/data/IMG/center_2026_08_29_20_18_50_228.jpg,/Users/martin/smart-technologies-ca2/data/IMG/left_2026_08_29_20_18_50_228.jpg,/Users/martin/smart-technologies-ca2/data/IMG/right_2026_08_29_20_18_50_228.jpg,0.1,1.0,0,30.18809
/Users/martin/smart-technologies-ca2/data/IMG/center_2026_08_29_20_18_50_298.jpg,/Users/martin/smart-technologies-ca2/data/IMG/left_2026_08_29_20_18_50_298.jpg,/Users/martin/smart-technologies-ca2/data/IMG/right_2026_08_29_20_18_50_298.jpg,0.25,1.0,0,30.17534
/Users/martin/smart-technologies-ca2/data/IMG/center_2026_08_29_20_18_50_366.jpg,/Users/martin/smart-technologies-ca2/data/IMG/left_2026_08_29_20_18_50_366.jpg,/Users/martin/smart-technologies-ca2/data/IMG/right_2026_08_29_20_18_50_366.jpg,0.45,1.0,0,30.15176
/Users/martin/smart-technologies-ca2/data/IMG/center_2026_08_29_20_18_50_434.jpg,/Users/martin/smart-technologies-ca2/data/IMG/left_2026_08_29_20_18_50_434.jpg,/Users/martin/smart-technologies-ca2/data/IMG/right_2026_08_29_20_18_50_434.jpg,0.6000001,1.0,0,30.13331
/Users/martin/smart-technologies-ca2/data/IMG/center_2026_08_29_20_18_50_503.jpg,/Users/martin/smart-technologies-ca2/data/IMG/left_2026_08_29_20_18_50_503.jpg,/Users/martin/smart-technologies-ca2/data/IMG/right_2026_08_29_20_18_50_503.jpg,0.8000001,1.0,0,30.11018
/Users/martin/smart-technologies-ca2/data/IMG/center_2026_08_29_20_18_51_401.jpg,/Users/martin/smart-technologies-ca2/data/IMG/left_2026_08_29_20_18_51_401.jpg,/Users/martin/smart-technologies-ca2/data/IMG/right_2026_08_29_20_18_51_401.jpg,0.0,1.0,0,30.19032
/Users/martin/smart-technologies-ca2/data/IMG/center_2026_08_29_20_18_51_472.jpg,/Users/martin/smart-technologies-ca2/data/IMG/left_2026_08_29_20_18_51_472.jpg,/Users/martin/smart-technologies-ca2/data/IMG/right_2026_08_29_20_18_51_472.jpg,0.15,1.0,0,30.18416
/Users/martin/smart-technologies-ca2/data/IMG/center_2026_08_29_20_18_51_544.jpg,/Users/martin/smart-technologies-ca2/data/IMG/left_2026_08_29_20_18_51_544.jpg,/Users/martin/smart-technologies-ca2/data/IMG/right_2026_08_29_20_18_51_544.jpg,0.35,1.0,0,30.16338
/Users/martin/smart-technologies-ca2/data/IMG/center_2026_08_29_20_18_51_615.jpg,/Users/martin/smart-technologies-ca2/data/IMG/left_2026_08_29_20_18_51_615.jpg,/Users/martin/smart-technologies-ca2/data/IMG/right_2026_08_29_20_18_51_615.jpg,0.5000001,1.0,0,30.14526
/Users/martin/smart-technologies-ca2/data/IMG/center_2026_08_29_20_18_51_682.jpg,/Users/martin/smart-technologies-ca2/data/IMG/left_2026_08_29_20_18_51_682.jpg,/Users/martin/smart-technologies-ca2/data/IMG/right_2026_08_29_20_18_51_682.jpg,0.6500001,1.0,0,30.12698
/Users/martin/smart-technologies-ca2/data/IMG/center_2026_08_29_20_18_52_234.jpg,/Users/martin/smart-technologies-ca2/data/IMG/left_2026_08_29_20_18_52_234.jpg,/Users/martin/smart-technologies-ca2/data/IMG/right_2026_08_29_20_18_52_234.jpg,0.2,1.0,0,30.18011
/Users/martin/smart-technologies-ca2/data/IMG/center_2026_08_29_20_18_52_301.jpg,/Users/martin/smart-technologies-ca2/data/IMG/left_2026_08_29_20_18_52_301.jpg,/Users/martin/smart-technologies-ca2/data/IMG/right_2026_08_29_20_18_52_301.jpg,0.35,1.0,0,30.16392
/Users/martin/smart-technologies-ca2/data/IMG/center_2026_08_29_20_18_52_646.jpg,/Users/martin/smart-technologies-ca2/data/IMG/left_2026_08_29_20_18_52_646.jpg,/Users/martin/smart-technologies-ca2/data/IMG/right_2026_08_29_20_18_52_646.jpg,0.0,1.0,0,30.19026
/Users/martin/smart-technologies-ca2/data/IMG/center_2026_08_29_20_18_52_717.jpg,/Users/martin/smart-technologies-ca2/data/IMG/left_2026_08_29_20_18_52_717.jpg,/Users/martin/smart-technologies-ca2/data/IMG/right_2026_08_29_20_18_52_717.jpg,0.0,1.0,0,30.19005
/Users/martin/smart-technologies-ca2/data/IMG/center_2026_08_29_20_18_55_308.jpg,/Users/martin/smart-technologies-ca2/data/IMG/left_2026_08_29_20_18_55_308.jpg,/Users/martin/smart-technologies-ca2/data/IMG/right_2026_08_29_20_18_55_308.jpg,0.0,1.0,0,30.19029
/Users/martin/smart-technologies-ca2/data/IMG/center_2026_08_29_20_18_56_259.jpg,/Users/martin/smart-technologies-ca2/data/IMG/left_2026_08_29_20_18_56_259.jpg,/Users/martin/smart-technologies-ca2/data/IMG/right_2026_08_29_20_18_56_259.jpg,0.0,1.0,0,30.19032
/Users/martin/smart-technologies-ca2/data/IMG/center_2026_08_29_20_18_56_871.jpg,/Users/martin/smart-technologies-ca2/data/IMG/left_2026_08_29_20_18_56_871.jpg,/Users/martin/smart-technologies-ca2/data/IMG/right_2026_08_29_20_18_56_871.jpg,-0.1,1.0,0,30.18766
/Users/martin/smart-technologies-ca2/data/IMG/center_2026_08_29_20_18_56_940.jpg,/Users/martin/smart-technologies-ca2/data/IMG/left_2026_08_29_20_18_56_940.jpg,/Users/martin/smart-technologies-ca2/data/IMG/right_2026_08_29_20_18_56_940.jpg,-0.25,1.0,0,30.17478
/Users/martin/smart-technologies-ca2/data/IMG/center_2026_08_29_20_18_57_007.jpg,/Users/martin/smart-technologies-ca2/data/IMG/left_2026_08_29_20_18_57_007.jpg,/Users/martin/smart-technologies-ca2/data/IMG/right_2026_08_29_20_18_57_007.jpg,-0.45,1.0,0,30.15147
/Users/martin/smart-technologies-ca2/data/IMG/center_2026_08_29_20_18_57_613.jpg,/Users/martin/smart-technologies-ca2/data/IMG/left_2026_08_29_20_18_57_613.jpg,/Users/martin/smart-technologies-ca2/data/IMG/right_2026_08_29_20_18_57_613.jpg,0.0,1.0,0,30.1903
/Users/martin/smart-technologies-ca2/data/IMG/center_2026_08_29_20_18_57_746.jpg,/Users/martin/smart-technologies-ca2/data/IMG/left_2026_08_29_20_18_57_746.jpg,/Users/martin/smart-technologies-ca2/data/IMG/right_2026_08_29_20_18_57_746.jpg,-0.05,1.0,0,30.18968
/Users/martin/smart-technologies-ca2/data/IMG/center_2026_08_29_20_18_57_814.jpg,/Users/martin/smart-technologies-ca2/data/IMG/left_2026_08_29_20_18_57_814.jpg,/Users/martin/smart-technologies-ca2/data/IMG/right_2026_08_29_20_18_57_814.jpg,-0.2,1.0,0,30.17978
/Users/martin/smart-technologies-ca2/data/IMG/center_2026_08_29_20_18_57_881.jpg,/Users/martin/smart-technologies-ca2/data/IMG/left_2026_08_29_20_18_57_881.jpg,/Users/martin/smart-technologies-ca2/data/IMG/right_2026_08_29_20_18_57_881.jpg,-0.35,1.0,0,30.16308
/Users/martin/smart-technologies-ca2/data/IMG/center_2026_08_29_20_18_57_950.jpg,/Users/martin/smart-technologies-ca2/data/IMG/left_2026_08_29_20_18_57_950.jpg,/Users/martin/smart-technologies-ca2/data/IMG/right_2026_08_29_20_18_57_950.jpg,-0.5500001,1.0,0,30.13919
/Users/martin/smart-technologies-ca2/data/IMG/center_2026_08_29_20_18_58_355.jpg,/Users/martin/smart-technologies-ca2/data/IMG/left_2026_08_29_20_18_58_355.jpg,/Users/martin/smart-technologies-ca2/data/IMG/right_2026_08_29_20_18_58_355.jpg,-0.15,1.0,0,30.18503
/Users/martin/smart-technologies-ca2/data/IMG/center_2026_08_29_20_18_58_425.jpg,/Users/martin/smart-technologies-ca2/data/IMG/left_2026_08_29_20_18_58_425.jpg,/Users/martin/smart-technologies-ca2/data/IMG/right_2026_08_29_20_18_58_425.jpg,-0.35,1.0,0,30.16418
/Users/martin/smart-technologies-ca2/data/IMG/center_2026_08_29_20_18_58_491.jpg,/Users/martin/smart-technologies-ca2/data/IMG/left_2026_08_29_20_18_58_491.jpg,/Users/martin/smart-technologies-ca2/data/IMG/right_2026_08_29_20_18_58_491.jpg,-0.5000001,1.0,0,30.14589
/Users/martin/smart-technologies-ca2/data/IMG/center_2026_08_29_20_18_58_558.jpg,/Users/martin/smart-technologies-ca2/data/IMG/left_2026_08_29_20_18_58_558.jpg,/Users/martin/smart-technologies-ca2/data/IMG/right_2026_08_29_20_18_58_558.jpg,-0.6500001,1.0,0,30.12745
/Users/martin/smart-technologies-ca2/data/IMG/center_2026_08_29_20_18_58_626.jpg,/Users/martin/smart-technologies-ca2/data/IMG/left_2026_08_29_20_18_58_626.jpg,/Users/martin/smart-technologies-ca2/data/IMG/right_2026_08_29_20_18_58_626.jpg,-0.8500001,1.0,0,30.10573
/Users/martin/smart-technologies-ca2/data/IMG/center_2026_08_29_20_18_59_103.jpg,/Users/martin/smart-technologies-ca2/data/IMG/left_2026_08_29_20_18_59_103.jpg,/Users/martin/smart-technologies-ca2/data/IMG/right_2026_08_29_20_18_59_103.jpg,-0.1,1.0,0,30.18909
/Users/martin/smart-technologies-ca2/data/IMG/center_2026_08_29_20_18_59_169.jpg,/Users/martin/smart-technologies-ca2/data/IMG/left_2026_08_29_20_18_59_169.jpg,/Users/martin/smart-technologies-ca2/data/IMG/right_2026_08_29_20_18_59_169.jpg,-0.25,1.0,0,30.17449
/Users/martin/smart-technologies-ca2/data/IMG/center_2026_08_29_20_18_59_237.jpg,/Users/martin/smart-technologies-ca2/data/IMG/left_2026_08_29_20_18_59_237.jpg,/Users/martin/smart-technologies-ca2/data/IMG/right_2026_08_29_20_18_59_237.jpg,-0.4,1.0,0,30.15723
/Users/martin/smart-technologies-ca2/data/IMG/center_2026_08_29_20_18_59_305.jpg,/Users/martin/smart-technologies-ca2/data/IMG/left_2026_08_29_20_18_59_305.jpg,/Users/martin/smart-technologies-ca2/data/IMG/right_2026_08_29_20_18_59_305.jpg,-0.6000001,1.0,0,30.13332
/Users/martin/smart-technologies-ca2/data/IMG/center_2026_08_29_20_18_59_374.jpg,/Users/martin/smart-technologies-ca2/data/IMG/left_2026_08_29_20_18_59_374.jpg,/Users/martin/smart-technologies-ca2/data/IMG/right_2026_08_29_20_18_59_374.jpg,-0.7500002,1.0,0,30.11397
/Users/martin/smart-technologies-ca2/data/IMG/center_2026_08_29_20_18_59_713.jpg,/Users/martin/smart-technologies-ca2/data/IMG/left_2026_08_29_20_18_59_713.jpg,/Users/martin/smart-technologies-ca2/data/IMG/right_2026_08_29_20_18_59_713.jpg,-0.1,1.0,0,30.19014
/Users/martin/smart-technologies-ca2/data/IMG/center_2026_08_29_20_18_59_783.jpg,/Users/martin/smart-technologies-ca2/data/IMG/left_2026_08_29_20_18_59_783.jpg,/Users/martin/smart-technologies-ca2/data/IMG/right_2026_08_29_20_18_59_783.jpg,-0.3,1.0,0,30.17149
/Users/martin/smart-technologies-ca2/data/IMG/center_2026_08_29_20_18_59_850.jpg,/Users/martin/smart-technologies-ca2/data/IMG/left_2026_08_29_20_18_59_850.jpg,/Users/martin/smart-technologies-ca2/data/IMG/right_2026_08_29_20_18_59_850.jpg,-0.45,1.0,0,30.15441
/Users/martin/smart-technologies-ca2/data/IMG/center_2026_08_29_20_18_59_918.jpg,/Users/martin/smart-technologies-ca2/data/IMG/left_2026_08_29_20_18_59_918.jpg,/Users/martin/smart-technologies-ca2/data/IMG/right_2026_08_29_20_18_59_918.jpg,-0.6000001,1.0,0,30.13368
/Users/martin/smart-technologies-ca2/data/IMG/center_2026_08_29_20_18_59_987.jpg,/Users/martin/smart-technologies-ca2/data/IMG/left_2026_08_29_20_18_59_987.jpg,/Users/martin/smart-technologies-ca2/data/IMG/right_2026_08_29_20_18_59_987.jpg,-0.8000001,1.0,0,30.1103
/Users/martin/smart-technologies-ca2/data/IMG/center_2026_08_29_20_19_00_054.jpg,/Users/martin/smart-technologies-ca2/data/IMG/left_2026_08_29_20_19_00_054.jpg,/Users/martin/smart-technologies-ca2/data/IMG/right_2026_08_29_20_19_00_054.jpg,-0.9500002,1.0,0,30.10095
/Users/martin/smart-technologies-ca2/data/IMG/center_2026_08_29_20_19_00_464.jpg,/Users/martin/smart-technologies-ca2/data/IMG/left_2026_08_29_20_19_00_464.jpg,/Users/martin/smart-technologies-ca2/data/IMG/right_2026_08_29_20_19_00_464.jpg,-0.05,1.0,0,30.19008
/Users/martin/smart-technologies-ca2/data/IMG/center_2026_08_29_20_19_00_534.jpg,/Users/martin/smart-technologies-ca2/data/IMG/left_2026_08_29_20_19_00_534.jpg,/Users/martin/smart-technologies-ca2/data/IMG/right_2026_08_29_20_19_00_534.jpg,-0.2,1.0,0,30.18125
/Users/martin/smart-technologies-ca2/data/IMG/center_2026_08_29_20_19_00_602.jpg,/Users/martin/smart-technologies-ca2/data/IMG/left_2026_08_29_20_19_00_602.jpg,/Users/martin/smart-technologies-ca2/data/IMG/right_2026_08_29_20_19_00_602.jpg,-0.35,1.0,0,30.16439
/Users/martin/smart-technologies-ca2/data/IMG/center_2026_08_29_20_19_00_673.jpg,/Users/martin/smart-technologies-ca2/data/IMG/left_2026_08_29_20_19_00_673.jpg,/Users/martin/smart-technologies-ca2/data/IMG/right_2026_08_29_20_19_00_673.jpg,0.0,1.0,0,30.18816
/Users/martin/smart-technologies-ca2/data/IMG/center_2026_08_29_20_19_01_086.jpg,/Users/martin/smart-technologies-ca2/data/IMG/left_2026_08_29_20_19_01_086.jpg,/Users/martin/smart-technologies-ca2/data/IMG/right_2026_08_29_20_19_01_086.jpg,-0.15,1.0,0,30.18451
/Users/martin/smart-technologies-ca2/data/IMG/center_2026_08_29_20_19_01_154.jpg,/Users/martin/smart-technologies-ca2/data/IMG/left_2026_08_29_20_19_01_154.jpg,/Users/martin/smart-technologies-ca2/data/IMG/right_2026_08_29_20_19_01_154.jpg,-0.3,1.0,0,30.16953
/Users/martin/smart-technologies-ca2/data/IMG/center_2026_08_29_20_19_01_223.jpg,/Users/martin/smart-technologies-ca2/data/IMG/left_2026_08_29_20_19_01_223.jpg,/Users/martin/smart-technologies-ca2/data/IMG/right_2026_08_29_20_19_01_223.jpg,-0.5000001,1.0,0,30.14551
/Users/martin/smart-technologies-ca2/data/IMG/center_2026_08_29_20_19_01_705.jpg,/Users/martin/smart-technologies-ca2/data/IMG/left_2026_08_29_20_19_01_705.jpg,/Users/martin/smart-technologies-ca2/data/IMG/right_2026_08_29_20_19_01_705.jpg,-0.1,1.0,0,30.18777
/Users/martin/smart-technologies-ca2/data/IMG/center_2026_08_29_20_19_01_776.jpg,/Users/martin/smart-technologies-ca2/data/IMG/left_2026_08_29_20_19_01_776.jpg,/Users/martin/smart-technologies-ca2/data/IMG/right_2026_08_29_20_19_01_776.jpg,-0.25,1.0,0,30.17504
/Users/martin/smart-technologies-ca2/data/IMG/center_2026_08_29_20_19_01_843.jpg,/Users/martin/smart-technologies-ca2/data/IMG/left_2026_08_29_20_19_01_843.jpg,/Users/martin/smart-technologies-ca2/data/IMG/right_2026_08_29_20_19_01_843.jpg,-0.45,1.0,0,30.15164
/Users/martin/smart-technologies-ca2/data/IMG/center_2026_08_29_20_19_02_607.jpg,/Users/martin/smart-technologies-ca2/data/IMG/left_2026_08_29_20_19_02_607.jpg,/Users/martin/smart-technologies-ca2/data/IMG/right_2026_08_29_20_19_02_607.jpg,0.0,1.0,0,30.1903
/Users/martin/smart-technologies-ca2/data/IMG/center_2026_08_29_20_19_04_910.jpg,/Users/martin/smart-technologies-ca2/data/IMG/left_2026_08_29_20_19_04_910.jpg,/Users/martin/smart-technologies-ca2/data/IMG/right_2026_08_29_20_19_04_910.jpg,0.1,1.0,0,30.18768
/Users/martin/smart-technologies-ca2/data/IMG/center_2026_08_29_20_19_04_977.jpg,/Users/martin/smart-technologies-ca2/data/IMG/left_2026_08_29_20_19_04_977.jpg,/Users/martin/smart-technologies-ca2/data/IMG/right_2026_08_29_20_19_04_977.jpg,0.25,1.0,0,30.17475
/Users/martin/smart-technologies-ca2/data/IMG/center_2026_08_29_20_19_05_394.jpg,/Users/martin/smart-technologies-ca2/data/IMG/left_2026_08_29_20_19_05_394.jpg,/Users/martin/smart-technologies-ca2/data/IMG/right_2026_08_29_20_19_05_394.jpg,0.0,1.0,0,30.1903
/Users/martin/smart-technologies-ca2/data/IMG/center_2026_08_29_20_19_05_811.jpg,/Users/martin/smart-technologies-ca2/data/IMG/left_2026_08_29_20_19_05_811.jpg,/Users/martin/smart-technologies-ca2/data/IMG/right_2026_08_29_20_19_05_811.jpg,0.0,1.0,0,30.19035
/Users/martin/smart-technologies-ca2/data/IMG/center_2026_08_29_20_19_06_087.jpg,/Users/martin/smart-technologies-ca2/data/IMG/left_2026_08_29_20_19_06_087.jpg,/Users/martin/smart-technologies-ca2/data/IMG/right_2026_08_29_20_19_06_087.jpg,0.15,1.0,0,30.18425
/Users/martin/smart-technologies-ca2/data/IMG/center_2026_08_29_20_19_06_156.jpg,/Users/martin/smart-technologies-ca2/data/IMG/left_2026_08_29_20_19_06_156.jpg,/Users/martin/smart-technologies-ca2/data/IMG/right_2026_08_29_20_19_06_156.jpg,0.3,1.0,0,30.16921
/Users/martin/smart-technologies-ca2/data/IMG/center_2026_08_29_20_19_06_225.jpg,/Users/martin/smart-technologies-ca2/data/IMG/left_2026_08_29_20_19_06_225.jpg,/Users/martin/smart-technologies-ca2/data/IMG/right_2026_08_29_20_19_06_225.jpg,0.5000001,1.0,0,30.14536
/Users/martin/smart-technologies-ca2/data/IMG/center_2026_08_29_20_19_06_704.jpg,/Users/martin/smart-technologies-ca2/data/IMG/left_2026_08_29_20_19_06_704.jpg,/Users/martin/smart-technologies-ca2/data/IMG/right_2026_08_29_20_19_06_704.jpg,0.0,1.0,0,30.19031
/Users/martin/smart-technologies-ca2/data/IMG/center_2026_08_29_20_19_07_046.jpg,/Users/martin/smart-technologies-ca2/data/IMG/left_2026_08_29_20_19_07_046.jpg,/Users/martin/smart-technologies-ca2/data/IMG/right_2026_08_29_20_19_07_046.jpg,0.0,1.0,0,30.1903
/Users/martin/smart-technologies-ca2/data/IMG/center_2026_08_29_20_19_07_523.jpg,/Users/martin/smart-technologies-ca2/data/IMG/left_2026_08_29_20_19_07_523.jpg,/Users/martin/smart-technologies-ca2/data/IMG/right_2026_08_29_20_19_07_523.jpg,0.25,1.0,0,30.17476
/Users/martin/smart-technologies-ca2/data/IMG/center_2026_08_29_20_19_07_590.jpg,/Users/martin/smart-technologies-ca2/data/IMG/left_2026_08_29_20_19_07_590.jpg,/Users/martin/smart-technologies-ca2/data/IMG/right_2026_08_29_20_19_07_590.jpg,0.4,1.0,0,30.15775
/Users/martin/smart-technologies-ca2/data/IMG/center_2026_08_29_20_19_07_659.jpg,/Users/martin/smart-technologies-ca2/data/IMG/left_2026_08_29_20_19_07_659.jpg,/Users/martin/smart-technologies-ca2/data/IMG/right_2026_08_29_20_19_07_659.jpg,0.5500001,1.0,0,30.13926
/Users/martin/smart-technologies-ca2/data/IMG/center_2026_08_29_20_19_07_726.jpg,/Users/martin/smart-technologies-ca2/data/IMG/left_2026_08_29_20_19_07_726.jpg,/Users/martin/smart-technologies-ca2/data/IMG/right_2026_08_29_20_19_07_726.jpg,0.7500002,1.0,0,30.11455
/Users/martin/smart-technologies-ca2/data/IMG/center_2026_08_29_20_19_08_273.jpg,/Users/martin/smart-technologies-ca2/data/IMG/left_2026_08_29_20_19_08_273.jpg,/Users/martin/smart-technologies-ca2/data/IMG/right_2026_08_29_20_19_08_273.jpg,0.1,1.0,0,30.18784
/Users/martin/smart-technologies-ca2/data/IMG/center_2026_08_29_20_19_08_340.jpg,/Users/martin/smart-technologies-ca2/data/IMG/left_2026_08_29_20_19_08_340.jpg,/Users/martin/smart-technologies-ca2/data/IMG/right_2026_08_29_20_19_08_340.jpg,0.25,1.0,0,30.17495
/Users/martin/smart-technologies-ca2/data/IMG/center_2026_08_29_20_19_08_407.jpg,/Users/martin/smart-technologies-ca2/data/IMG/left_2026_08_29_20_19_08_407.jpg,/Users/martin/smart-technologies-ca2/data/IMG/right_2026_08_29_20_19_08_407.jpg,0.45,1.0,0,30.15155
/Users/martin/smart-technologies-ca2/data/IMG/center_2026_08_29_20_19_08_546.jpg,/Users/martin/smart-technologies-ca2/data/IMG/left_2026_08_29_20_19_08_546.jpg,/Users/martin/smart-technologies-ca2/data/IMG/right_2026_08_29_20_19_08_546.jpg,0.0,1.0,0,30.18967
/Users/martin/smart-technologies-ca2/data/IMG/center_2026_08_29_20_19_08_750.jpg,/Users/martin/smart-technologies-ca2/data/IMG/left_2026_08_29_20_19_08_750.jpg,/Users/martin/smart-technologies-ca2/data/IMG/right_2026_08_29_20_19_08_750.jpg,0.1,1.0,0,30.18807
/Users/martin/smart-technologies-ca2/data/IMG/center_2026_08_29_20_19_08_819.jpg,/Users/martin/smart-technologies-ca2/data/IMG/left_2026_08_29_20_19_08_819.jpg,/Users/martin/smart-technologies-ca2/data/IMG/right_2026_08_29_20_19_08_819.jpg,0.25,1.0,0,30.17579
/Users/martin/smart-technologies-ca2/data/IMG/center_2026_08_29_20_19_08_888.jpg,/Users/martin/smart-technologies-ca2/data/IMG/left_2026_08_29_20_19_08_888.jpg,/Users/martin/smart-technologies-ca2/data/IMG/right_2026_08_29_20_19_08_888.jpg,0.45,1.0,0,30.15215
/Users/martin/smart-technologies-ca2/data/IMG/center_2026_08_29_20_19_08_957.jpg,/Users/martin/smart-technologies-ca2/data/IMG/left_2026_08_29_20_19_08_957.jpg,/Users/martin/smart-technologies-ca2/data/IMG/right_2026_08_29_20_19_08_957.jpg,0.6000001,1.0,0,30.13347
/Users/martin/smart-technologies-ca2/data/IMG/center_2026_08_29_20_19_09_024.jpg,/Users/martin/smart-technologies-ca2/data/IMG/left_2026_08_29_20_19_09_024.jpg,/Users/martin/smart-technologies-ca2/data/IMG/right_2026_08_29_20_19_09_024.jpg,0.8000001,1.0,0,30.11033
/Users/martin/smart-technologies-ca2/data/IMG/center_2026_08_29_20_19_09_367.jpg,/Users/martin/smart-technologies-ca2/data/IMG/left_2026_08_29_20_19_09_367.jpg,/Users/martin/smart-technologies-ca2/data/IMG/right_2026_08_29_20_19_09_367.jpg,0.1,1.0,0,30.18894
/Users/martin/smart-technologies-ca2/data/IMG/center_2026_08_29_20_19_09_436.jpg,/Users/martin/smart-technologies-ca2/data/IMG/left_2026_08_29_20_19_09_436.jpg,/Users/martin/smart-technologies-ca2/data/IMG/right_2026_08_29_20_19_09_436.jpg,0.25,1.0,0,30.17688
/Users/martin/smart-technologies-ca2/data/IMG/center_2026_08_29_20_19_09_506.jpg,/Users/martin/smart-technologies-ca2/data/IMG/left_2026_08_29_20_19_09_506.jpg,/Users/martin/smart-technologies-ca2/data/IMG/right_2026_08_29_20_19_09_506.jpg,0.45,1.0,0,30.15289
/Users/martin/smart-technologies-ca2/data/IMG/center_2026_08_29_20_19_09_576.jpg,/Users/martin/smart-technologies-ca2/data/IMG/left_2026_08_29_20_19_09_576.jpg,/Users/martin/smart-technologies-ca2/data/IMG/right_2026_08_29_20_19_09_576.jpg,0.6000001,1.0,0,30.134
/Users/martin/smart-technologies-ca2/data/IMG/center_2026_08_29_20_19_09_645.jpg,/Users/martin/smart-technologies-ca2/data/IMG/left_2026_08_29_20_19_09_645.jpg,/Users/martin/smart-technologies-ca2/data/IMG/right_2026_08_29_20_19_09_645.jpg,0.8000001,1.0,0,30.11054
/Users/martin/smart-technologies-ca2/data/IMG/center_2026_08_29_20_19_09_917.jpg,/Users/martin/smart-technologies-ca2/data/IMG/left_2026_08_29_20_19_09_917.jpg,/Users/martin/smart-technologies-ca2/data/IMG/right_2026_08_29_20_19_09_917.jpg,0.15,1.0,0,30.18791
/Users/martin/smart-technologies-ca2/data/IMG/center_2026_08_29_20_19_09_986.jpg,/Users/martin/smart-technologies-ca2/data/IMG/left_2026_08_29_20_19_09_986.jpg,/Users/martin/smart-technologies-ca2/data/IMG/right_2026_08_29_20_19_09_986.jpg,0.35,1.0,0,30.16812
/Users/martin/smart-technologies-ca2/data/IMG/center_2026_08_29_20_19_10_054.jpg,/Users/martin/smart-technologies-ca2/data/IMG/left_2026_08_29_20_19_10_054.jpg,/Users/martin/smart-technologies-ca2/data/IMG/right_2026_08_29_20_19_10_054.jpg,0.5000001,1.0,0,30.14861
/Users/martin/smart-technologies-ca2/data/IMG/center_2026_08_29_20_19_10_121.jpg,/Users/martin/smart-technologies-ca2/data/IMG/left_2026_08_29_20_19_10_121.jpg,/Users/martin/smart-technologies-ca2/data/IMG/right_2026_08_29_20_19_10_121.jpg,0.6500001,1.0,0,30.12939
/Users/martin/smart-technologies-ca2/data/IMG/center_2026_08_29_20_19_10_394.jpg,/Users/martin/smart-technologies-ca2/data/IMG/left_2026_08_29_20_19_10_394.jpg,/Users/martin/smart-technologies-ca2/data/IMG/right_2026_08_29_20_19_10_394.jpg,0.1,1.0,0,30.1899
/Users/martin/smart-technologies-ca2/data/IMG/center_2026_08_29_20_19_10_463.jpg,/Users/martin/smart-technologies-ca2/data/IMG/left_2026_08_29_20_19_10_463.jpg,/Users/martin/smart-technologies-ca2/data/IMG/right_2026_08_29_20_19_10_463.jpg,0.3,1.0,0,30.17217
/Users/martin/smart-technologies-ca2/data/IMG/center_2026_08_29_20_19_10_533.jpg,/Users/martin/smart-technologies-ca2/data/IMG/left_2026_08_29_20_19_10_533.jpg,/Users/martin/smart-technologies-ca2/data/IMG/right_2026_08_29_20_19_10_533.jpg,0.45,1.0,0,30.15403
/Users/martin/smart-technologies-ca2/data/IMG/center_2026_08_29_20_19_10_600.jpg,/Users/martin/smart-technologies-ca2/data/IMG/left_2026_08_29_20_19_10_600.jpg,/Users/martin/smart-technologies-ca2/data/IMG/right_2026_08_29_20_19_10_600.jpg,0.6000001,1.0,0,30.13476
/Users/martin/smart-technologies-ca2/data/IMG/center_2026_08_29_20_19_10_668.jpg,/Users/martin/smart-technologies-ca2/data/IMG/left_2026_08_29_20_19_10_668.jpg,/Users/martin/smart-technologies-ca2/data/IMG/right_2026_08_29_20_19_10_668.jpg,0.8000001,1.0,0,30.11142
/Users/martin/smart-technologies-ca2/data/IMG/center_2026_08_29_20_19_10_737.jpg,/Users/martin/smart-technologies-ca2/data/IMG/left_2026_08_29_20_19_10_737.jpg,/Users/martin/smart-technologies-ca2/data/IMG/right_2026_08_29_20_19_10_737.jpg,0.9500002,1.0,0,30.09604
/Users/martin/smart-technologies-ca2/data/IMG/center_2026_08_29_20_19_12_709.jpg,/Users/martin/smart-technologies-ca2/data/IMG/left_2026_08_29_20_19_12_709.jpg,/Users/martin/smart-technologies-ca2/data/IMG/right_2026_08_29_20_19_12_709.jpg,0.15,1.0,0,30.18423
/Users/martin/smart-technologies-ca2/data/IMG/center_2026_08_29_20_19_12_778.jpg,/Users/martin/smart-technologies-ca2/data/IMG/left_2026_08_29_20_19_12_778.jpg,/Users/martin/smart-technologies-ca2/data/IMG/right_2026_08_29_20_19_12_778.jpg,0.3,1.0,0,30.16929
/Users/martin/smart-technologies-ca2/data/IMG/center_2026_08_29_20_19_12_846.jpg,/Users/martin/smart-technologies-ca2/data/IMG/left_2026_08_29_20_19_12_846.jpg,/Users/martin/smart-technologies-ca2/data/IMG/right_2026_08_29_20_19_12_846.jpg,0.5000001,1.0,0,30.14538
/Users/martin/smart-technologies-ca2/data/IMG/center_2026_08_29_20_19_14_205.jpg,/Users/martin/smart-technologies-ca2/data/IMG/left_2026_08_29_20_19_14_205.jpg,/Users/martin/smart-technologies-ca2/data/IMG/right_2026_08_29_20_19_14_205.jpg,0.2,1.0,0,30.17987
/Users/martin/smart-technologies-ca2/data/IMG/center_2026_08_29_20_19_15_014.jpg,/Users/martin/smart-technologies-ca2/data/IMG/left_2026_08_29_20_19_15_014.jpg,/Users/martin/smart-technologies-ca2/data/IMG/right_2026_08_29_20_19_15_014.jpg,0.0,1.0,0,30.19307
/Users/martin/smart-technologies-ca2/data/IMG/center_2026_08_29_20_19_15_890.jpg,/Users/martin/smart-technologies-ca2/data/IMG/left_2026_08_29_20_19_15_890.jpg,/Users/martin/smart-technologies-ca2/data/IMG/right_2026_08_29_20_19_15_890.jpg,0.0,1.0,0,30.19061
/Users/martin/smart-technologies-ca2/data/IMG/center_2026_08_29_20_19_16_024.jpg,/Users/martin/smart-technologies-ca2/data/IMG/left_2026_08_29_20_19_16_024.jpg,/Users/martin/smart-technologies-ca2/data/IMG/right_2026_08_29_20_19_16_024.jpg,0.0,1.0,0,30.19061
/Users/martin/smart-technologies-ca2/data/IMG/center_2026_08_29_20_19_16_091.jpg,/Users/martin/smart-technologies-ca2/data/IMG/left_2026_08_29_20_19_16_091.jpg,/Users/martin/smart-technologies-ca2/data/IMG/right_2026_08_29_20_19_16_091.jpg,0.0,1.0,0,30.19058
/Users/martin/smart-technologies-ca2/data/IMG/center_2026_08_29_20_19_17_717.jpg,/Users/martin/smart-technologies-ca2/data/IMG/left_2026_08_29_20_19_17_717.jpg,/Users/martin/smart-technologies-ca2/data/IMG/right_2026_08_29_20_19_17_717.jpg,0.15,1.0,0,30.18465
/Users/martin/smart-technologies-ca2/data/IMG/center_2026_08_29_20_19_18_188.jpg,/Users/martin/smart-technologies-ca2/data/IMG/left_2026_08_29_20_19_18_188.jpg,/Users/martin/smart-technologies-ca2/data/IMG/right_2026_08_29_20_19_18_188.jpg,0.0,1.0,0,30.19065
/Users/martin/smart-technologies-ca2/data/IMG/center_2026_08_29_20_19_19_952.jpg,/Users/martin/smart-technologies-ca2/data/IMG/left_2026_08_29_20_19_19_952.jpg,/Users/martin/smart-technologies-ca2/data/IMG/right_2026_08_29_20_19_19_952.jpg,0.0,1.0,0,30.19066
/Users/martin/smart-technologies-ca2/data/IMG/center_2026_08_29_20_19_23_220.jpg,/Users/martin/smart-technologies-ca2/data/IMG/left_2026_08_29_20_19_23_220.jpg,/Users/martin/smart-technologies-ca2/data/IMG/right_2026_08_29_20_19_23_220.jpg,0.2,1.0,0,30.17968
/Users/martin/smart-technologies-ca2/data/IMG/center_2026_08_29_20_19_23_289.jpg,/Users/martin/smart-technologies-ca2/data/IMG/left_2026_08_29_20_19_23_289.jpg,/Users/martin/smart-technologies-ca2/data/IMG/right_2026_08_29_20_19_23_289.jpg,0.4,1.0,0,30.15742
/Users/martin/smart-technologies-ca2/data/IMG/center_2026_08_29_20_19_23_828.jpg,/Users/martin/smart-technologies-ca2/data/IMG/left_2026_08_29_20_19_23_828.jpg,/Users/martin/smart-technologies-ca2/data/IMG/right_2026_08_29_20_19_23_828.jpg,0.0,1.0,0,30.19029
/Users/martin/smart-technologies-ca2/data/IMG/center_2026_08_29_20_19_25_050.jpg,/Users/martin/smart-technologies-ca2/data/IMG/left_2026_08_29_20_19_25_050.jpg,/Users/martin/smart-technologies-ca2/data/IMG/right_2026_08_29_20_19_25_050.jpg,0.25,1.0,0,30.17475
/Users/martin/smart-technologies-ca2/data/IMG/center_2026_08_29_20_19_25_117.jpg,/Users/martin/smart-technologies-ca2/data/IMG/left_2026_08_29_20_19_25_117.jpg,/Users/martin/smart-technologies-ca2/data/IMG/right_2026_08_29_20_19_25_117.jpg,0.4,1.0,0,30.15751
/Users/martin/smart-technologies-ca2/data/IMG/center_2026_08_29_20_19_25_253.jpg,/Users/martin/smart-technologies-ca2/data/IMG/left_2026_08_29_20_19_25_253.jpg,/Users/martin/smart-technologies-ca2/data/IMG/right_2026_08_29_20_19_25_253.jpg,0.0,1.0,0,30.18979
/Users/martin/smart-technologies-ca2/data/IMG/center_2026_08_29_20_19_26_410.jpg,/Users/martin/smart-technologies-ca2/data/IMG/left_2026_08_29_20_19_26_410.jpg,/Users/martin/smart-technologies-ca2/data/IMG/right_2026_08_29_20_19_26_410.jpg,0.0,1.0,0,30.19031
/Users/martin/smart-technologies-ca2/data/IMG/center_2026_08_29_20_19_26_547.jpg,/Users/martin/smart-technologies-ca2/data/IMG/left_2026_08_29_20_19_26_547.jpg,/Users/martin/smart-technologies-ca2/data/IMG/right_2026_08_29_20_19_26_547.jpg,0.0,1.0,0,30.19032
/Users/martin/smart-technologies-ca2/data/IMG/center_2026_08_29_20_19_26_685.jpg,/Users/martin/smart-technologies-ca2/data/IMG/left_2026_08_29_20_19_26_685.jpg,/Users/martin/smart-technologies-ca2/data/IMG/right_2026_08_29_20_19_26_685.jpg,0.2,1.0,0,30.17983
/Users/martin/smart-technologies-ca2/data/IMG/center_2026_08_29_20_19_26_752.jpg,/Users/martin/smart-technologies-ca2/data/IMG/left_2026_08_29_20_19_26_752.jpg,/Users/martin/smart-technologies-ca2/data/IMG/right_2026_08_29_20_19_26_752.jpg,0.35,1.0,0,30.16344
/Users/martin/smart-technologies-ca2/data/IMG/center_2026_08_29_20_19_26_819.jpg,/Users/martin/smart-technologies-ca2/data/IMG/left_2026_08_29_20_19_26_819.jpg,/Users/martin/smart-technologies-ca2/data/IMG/right_2026_08_29_20_19_26_819.jpg,0.5000001,1.0,0,30.1454
/Users/martin/smart-technologies-ca2/data/IMG/center_2026_08_29_20_19_28_252.jpg,/Users/martin/smart-technologies-ca2/data/IMG/left_2026_08_29_20_19_28_252.jpg,/Users/martin/smart-technologies-ca2/data/IMG/right_2026_08_29_20_19_28_252.jpg,0.2,1.0,0,30.17986
/Users/martin/smart-technologies-ca2/data/IMG/center_2026_08_29_20_19_28_319.jpg,/Users/martin/smart-technologies-ca2/data/IMG/left_2026_08_29_20_19_28_319.jpg,/Users/martin/smart-technologies-ca2/data/IMG/right_2026_08_29_20_19_28_319.jpg,0.35,1.0,0,30.16346
/Users/martin/smart-technologies-ca2/data/IMG/center_2026_08_29_20_19_29_750.jpg,/Users/martin/smart-technologies-ca2/data/IMG/left_2026_08_29_20_19_29_750.jpg,/Users/martin/smart-technologies-ca2/data/IMG/right_2026_08_29_20_19_29_750.jpg,0.2,1.0,0,30.17984
/Users/martin/smart-technologies-ca2/data/IMG/center_2026_08_29_20_19_29_819.jpg,/Users/martin/smart-technologies-ca2/data/IMG/left_2026_08_29_20_19_29_819.jpg,/Users/martin/smart-technologies-ca2/data/IMG/right_2026_08_29_20_19_29_819.jpg,0.35,1.0,0,30.16346
/Users/martin/smart-technologies-ca2/data/IMG/center_2026_08_29_20_19_30_770.jpg,/Users/martin/smart-technologies-ca2/data/IMG/left_2026_08_29_20_19_30_770.jpg,/Users/martin/smart-technologies-ca2/data/IMG/right_2026_08_29_20_19_30_770.jpg,0.1,1.0,0,30.18719
/Users/martin/smart-technologies-ca2/data/IMG/center_2026_08_29_20_19_30_840.jpg,/Users/martin/smart-technologies-ca2/data/IMG/left_2026_08_29_20_19_30_840.jpg,/Users/martin/smart-technologies-ca2/data/IMG/right_2026_08_29_20_19_30_840.jpg,0.25,1.0,0,30.17462
/Users/martin/smart-technologies-ca2/data/IMG/center_2026_08_29_20_19_30_907.jpg,/Users/martin/smart-technologies-ca2/data/IMG/left_2026_08_29_20_19_30_907.jpg,/Users/martin/smart-technologies-ca2/data/IMG/right_2026_08_29_20_19_30_907.jpg,0.45,1.0,0,30.15139
/Users/martin/smart-technologies-ca2/data/IMG/center_2026_08_29_20_19_30_975.jpg,/Users/martin/smart-technologies-ca2/data/IMG/left_2026_08_29_20_19_30_975.jpg,/Users/martin/smart-technologies-ca2/data/IMG/right_2026_08_29_20_19_30_975.jpg,0.6000001,1.0,0,30.13306
/Users/martin/smart-technologies-ca2/data/IMG/center_2026_08_29_20_19_31_724.jpg,/Users/martin/smart-technologies-ca2/data/IMG/left_2026_08_29_20_19_31_724.jpg,/Users/martin/smart-technologies-ca2/data/IMG/right_2026_08_29_20_19_31_724.jpg,0.1,1.0,0,30.18761
/Users/martin/smart-technologies-ca2/data/IMG/center_2026_08_29_20_19_31_794.jpg,/Users/martin/smart-technologies-ca2/data/IMG/left_2026_08_29_20_19_31_794.jpg,/Users/martin/smart-technologies-ca2/data/IMG/right_2026_08_29_20_19_31_794.jpg,0.25,1.0,0,30.17467
/Users/martin/smart-technologies-ca2/data/IMG/center_2026_08_29_20_19_31_861.jpg,/Users/martin/smart-technologies-ca2/data/IMG/left_2026_08_29_20_19_31_861.jpg,/Users/martin/smart-technologies-ca2/data/IMG/right_2026_08_29_20_19_31_861.jpg,0.4,1.0,0,30.15742
/Users/martin/smart-technologies-ca2/data/IMG/center_2026_08_29_20_19_32_407.jpg,/Users/martin/smart-technologies-ca2/data/IMG/left_2026_08_29_20_19_32_407.jpg,/Users/martin/smart-technologies-ca2/data/IMG/right_2026_08_29_20_19_32_407.jpg,0.2,1.0,0,30.18021
/Users/martin/smart-technologies-ca2/data/IMG/center_2026_08_29_20_19_32_477.jpg,/Users/martin/smart-technologies-ca2/data/IMG/left_2026_08_29_20_19_32_477.jpg,/Users/martin/smart-technologies-ca2/data/IMG/right_2026_08_29_20_19_32_477.jpg,0.35,1.0,0,30.16375
/Users/martin/smart-technologies-ca2/data/IMG/center_2026_08_29_20_19_32_544.jpg,/Users/martin/smart-technologies-ca2/data/IMG/left_2026_08_29_20_19_32_544.jpg,/Users/martin/smart-technologies-ca2/data/IMG/right_2026_08_29_20_19_32_544.jpg,0.5500001,1.0,0,30.13939
/Users/martin/smart-technologies-ca2/data/IMG/center_2026_08_29_20_19_32_612.jpg,/Users/martin/smart-technologies-ca2/data/IMG/left_2026_08_29_20_19_32_612.jpg,/Users/martin/smart-technologies-ca2/data/IMG/right_2026_08_29_20_19_32_612.jpg,0.7,1.0,0,30.12152
/Users/martin/smart-technologies-ca2/data/IMG/center_2026_08_29_20_19_33_429.jpg,/Users/martin/smart-technologies-ca2/data/IMG/left_2026_08_29_20_19_33_429.jpg,/Users/martin/smart-technologies-ca2/data/IMG/right_2026_08_29_20_19_33_429.jpg,0.15,1.0,0,30.18419
/Users/martin/smart-technologies-ca2/data/IMG/center_2026_08_29_20_19_33_501.jpg,/Users/martin/smart-technologies-ca2/data/IMG/left_2026_08_29_20_19_33_501.jpg,/Users/martin/smart-technologies-ca2/data/IMG/right_2026_08_29_20_19_33_501.jpg,0.3,1.0,0,30.16914
/Users/martin/smart-technologies-ca2/data/IMG/center_2026_08_29_20_19_34_122.jpg,/Users/martin/smart-technologies-ca2/data/IMG/left_2026_08_29_20_19_34_122.jpg,/Users/martin/smart-technologies-ca2/data/IMG/right_2026_08_29_20_19_34_122.jpg,0.2,1.0,0,30.17995
/Users/martin/smart-technologies-ca2/data/IMG/center_2026_08_29_20_19_34_189.jpg,/Users/martin/smart-technologies-ca2/data/IMG/left_2026_08_29_20_19_34_189.jpg,/Users/martin/smart-technologies-ca2/data/IMG/right_2026_08_29_20_19_34_189.jpg,0.4,1.0,0,30.15757
/Users/martin/smart-technologies-ca2/data/IMG/center_2026_08_29_20_19_34_258.jpg,/Users/martin/smart-technologies-ca2/data/IMG/left_2026_08_29_20_19_34_258.jpg,/Users/martin/smart-technologies-ca2/data/IMG/right_2026_08_29_20_19_34_258.jpg,0.5500001,1.0,0,30.13928
/Users/martin/smart-technologies-ca2/data/IMG/center_2026_08_29_20_19_35_148.jpg,/Users/martin/smart-technologies-ca2/data/IMG/left_2026_08_29_20_19_35_148.jpg,/Users/martin/smart-technologies-ca2/data/IMG/right_2026_08_29_20_19_35_148.jpg,0.15,1.0,0,30.18417
/Users/martin/smart-technologies-ca2/data/IMG/center_2026_08_29_20_19_35_217.jpg,/Users/martin/smart-technologies-ca2/data/IMG/left_2026_08_29_20_19_35_217.jpg,/Users/martin/smart-technologies-ca2/data/IMG/right_2026_08_29_20_19_35_217.jpg,0.3,1.0,0,30.16918
/Users/martin/smart-technologies-ca2/data/IMG/center_2026_08_29_20_19_35_284.jpg,/Users/martin/smart-technologies-ca2/data/IMG/left_2026_08_29_20_19_35_284.jpg,/Users/martin/smart-technologies-ca2/data/IMG/right_2026_08_29_20_19_35_284.jpg,0.5000001,1.0,0,30.14526
/Users/martin/smart-technologies-ca2/data/IMG/center_2026_08_29_20_19_36_246.jpg,/Users/martin/smart-technologies-ca2/data/IMG/left_2026_08_29_20_19_36_246.jpg,/Users/martin/smart-technologies-ca2/data/IMG/right_2026_08_29_20_19_36_246.jpg,0.25,1.0,0,30.17463
/Users/martin/smart-technologies-ca2/data/IMG/center_2026_08_29_20_19_36_313.jpg,/Users/martin/smart-technologies-ca2/data/IMG/left_2026_08_29_20_19_36_313.jpg,/Users/martin/smart-technologies-ca2/data/IMG/right_2026_08_29_20_19_36_313.jpg,0.4,1.0,0,30.15743
/Users/martin/smart-technologies-ca2/data/IMG/center_2026_08_29_20_19_36_452.jpg,/Users/martin/smart-technologies-ca2/data/IMG/left_2026_08_29_20_19_36_452.jpg,/Users/martin/smart-technologies-ca2/data/IMG/right_2026_08_29_20_19_36_452.jpg,0.0,1.0,0,30.1865
/Users/martin/smart-technologies-ca2/data/IMG/center_2026_08_29_20_19_36_521.jpg,/Users/martin/smart-technologies-ca2/data/IMG/left_2026_08_29_20_19_36_521.jpg,/Users/martin/smart-technologies-ca2/data/IMG/right_2026_08_29_20_19_36_521.jpg,0.0,1.0,0,30.18919
/Users/martin/smart-technologies-ca2/data/IMG/center_2026_08_29_20_19_37_142.jpg,/Users/martin/smart-technologies-ca2/data/IMG/left_2026_08_29_20_19_37_142.jpg,/Users/martin/smart-technologies-ca2/data/IMG/right_2026_08_29_20_19_37_142.jpg,0.0,1.0,0,30.19028
/Users/martin/smart-technologies-ca2/data/IMG/center_2026_08_29_20_19_37_487.jpg,/Users/martin/smart-technologies-ca2/data/IMG/left_2026_08_29_20_19_37_487.jpg,/Users/martin/smart-technologies-ca2/data/IMG/right_2026_08_29_20_19_37_487.jpg,0.0,1.0,0,30.19057
/Users/martin/smart-technologies-ca2/data/IMG/center_2026_08_29_20_19_37_759.jpg,/Users/martin/smart-technologies-ca2/data/IMG/left_2026_08_29_20_19_37_759.jpg,/Users/martin/smart-technologies-ca2/data/IMG/right_2026_08_29_20_19_37_759.jpg,0.15,1.0,0,30.18419
/Users/martin/smart-technologies-ca2/data/IMG/center_2026_08_29_20_19_37_827.jpg,/Users/martin/smart-technologies-ca2/data/IMG/left_2026_08_29_20_19_37_827.jpg,/Users/martin/smart-technologies-ca2/data/IMG/right_2026_08_29_20_19_37_827.jpg,0.35,1.0,0,30.16349
/Users/martin/smart-technologies-ca2/data/IMG/center_2026_08_29_20_19_38_587.jpg,/Users/martin/smart-technologies-ca2/data/IMG/left_2026_08_29_20_19_38_587.jpg,/Users/martin/smart-technologies-ca2/data/IMG/right_2026_08_29_20_19_38_587.jpg,0.1,1.0,0,30.18764
/Users/martin/smart-technologies-ca2/data/IMG/center_2026_08_29_20_19_38_654.jpg,/Users/martin/smart-technologies-ca2/data/IMG/left_2026_08_29_20_19_38_654.jpg,/Users/martin/smart-technologies-ca2/data/IMG/right_2026_08_29_20_19_38_654.jpg,0.25,1.0,0,30.17473
/Users/martin/smart-technologies-ca2/data/IMG/center_2026_08_29_20_19_38_724.jpg,/Users/martin/smart-technologies-ca2/data/IMG/left_2026_08_29_20_19_38_724.jpg,/Users/martin/smart-technologies-ca2/data/IMG/right_2026_08_29_20_19_38_724.jpg,0.45,1.0,0,30.15146
/Users/martin/smart-technologies-ca2/data/IMG/center_2026_08_29_20_19_39_207.jpg,/Users/martin/smart-technologies-ca2/data/IMG/left_2026_08_29_20_19_39_207.jpg,/Users/martin/smart-technologies-ca2/data/IMG/right_2026_08_29_20_19_39_207.jpg,0.15,1.0,0,30.18467
/Users/martin/smart-technologies-ca2/data/IMG/center_2026_08_29_20_19_39_275.jpg,/Users/martin/smart-technologies-ca2/data/IMG/left_2026_08_29_20_19_39_275.jpg,/Users/martin/smart-technologies-ca2/data/IMG/right_2026_08_29_20_19_39_275.jpg,0.3,1.0,0,30.16966
/Users/martin/smart-technologies-ca2/data/IMG/center_2026_08_29_20_19_39_345.jpg,/Users/martin/smart-technologies-ca2/data/IMG/left_2026_08_29_20_19_39_345.jpg,/Users/martin/smart-technologies-ca2/data/IMG/right_2026_08_29_20_19_39_345.jpg,0.5000001,1.0,0,30.14581
/Users/martin/smart-technologies-ca2/data/IMG/center_2026_08_29_20_19_40_446.jpg,/Users/martin/smart-technologies-ca2/data/IMG/left_2026_08_29_20_19_40_446.jpg,/Users/martin/smart-technologies-ca2/data/IMG/right_2026_08_29_20_19_40_446.jpg,0.0,1.0,0,30.18997
/Users/martin/smart-technologies-ca2/data/IMG/center_2026_08_29_20_19_41_400.jpg,/Users/martin/smart-technologies-ca2/data/IMG/left_2026_08_29_20_19_41_400.jpg,/Users/martin/smart-technologies-ca2/data/IMG/right_2026_08_29_20_19_41_400.jpg,0.0,1.0,0,30.1903
/Users/martin/smart-technologies-ca2/data/IMG/center_2026_08_29_20_19_41_604.jpg,/Users/martin/smart-technologies-ca2/data/IMG/left_2026_08_29_20_19_41_604.jpg,/Users/martin/smart-technologies-ca2/data/IMG/right_2026_08_29_20_19_41_604.jpg,0.0,1.0,0,30.19004
/Users/martin/smart-technologies-ca2/data/IMG/center_2026_08_29_20_19_42_562.jpg,/Users/martin/smart-technologies-ca2/data/IMG/left_2026_08_29_20_19_42_562.jpg,/Users/martin/smart-technologies-ca2/data/IMG/right_2026_08_29_20_19_42_562.jpg,0.15,1.0,0,30.18426
/Users/martin/smart-technologies-ca2/data/IMG/center_2026_08_29_20_19_42_629.jpg,/Users/martin/smart-technologies-ca2/data/IMG/left_2026_08_29_20_19_42_629.jpg,/Users/martin/smart-technologies-ca2/data/IMG/right_2026_08_29_20_19_42_629.jpg,0.35,1.0,0,30.16349
/Users/martin/smart-technologies-ca2/data/IMG/center_2026_08_29_20_19_42_696.jpg,/Users/martin/smart-technologies-ca2/data/IMG/left_2026_08_29_20_19_42_696.jpg,/Users/martin/smart-technologies-ca2/data/IMG/right_2026_08_29_20_19_42_696.jpg,0.5000001,1.0,0,30.14537
/Users/martin/smart-technologies-ca2/data/IMG/center_2026_08_29_20_19_42_901.jpg,/Users/martin/smart-technologies-ca2/data/IMG/left_2026_08_29_20_19_42_901.jpg,/Users/martin/smart-technologies-ca2/data/IMG/right_2026_08_29_20_19_42_901.jpg,0.0,1.0,0,30.18852
/Users/martin/smart-technologies-ca2/data/IMG/center_2026_08_29_20_19_43_655.jpg,/Users/martin/smart-technologies-ca2/data/IMG/left_2026_08_29_20_19_43_655.jpg,/Users/martin/smart-technologies-ca2/data/IMG/right_2026_08_29_20_19_43_655.jpg,-0.05,1.0,0,30.18978
/Users/martin/smart-technologies-ca2/data/IMG/center_2026_08_29_20_19_43_792.jpg,/Users/martin/smart-technologies-ca2/data/IMG/left_2026_08_29_20_19_43_792.jpg,/Users/martin/smart-technologies-ca2/data/IMG/right_2026_08_29_20_19_43_792.jpg,0.0,1.0,0,30.19026
/Users/martin/smart-technologies-ca2/data/IMG/center_2026_08_29_20_19_44_133.jpg,/Users/martin/smart-technologies-ca2/data/IMG/left_2026_08_29_20_19_44_133.jpg,/Users/martin/smart-technologies-ca2/data/IMG/right_2026_08_29_20_19_44_133.jpg,0.0,1.0,0,30.19067
/Users/martin/smart-technologies-ca2/data/IMG/center_2026_08_29_20_19_45_766.jpg,/Users/martin/smart-technologies-ca2/data/IMG/left_2026_08_29_20_19_45_766.jpg,/Users/martin/smart-technologies-ca2/data/IMG/right_2026_08_29_20_19_45_766.jpg,0.0,1.0,0,30.1903
/Users/martin/smart-technologies-ca2/data/IMG/center_2026_08_29_20_19_46_715.jpg,/Users/martin/smart-technologies-ca2/data/IMG/left_2026_08_29_20_19_46_715.jpg,/Users/martin/smart-technologies-ca2/data/IMG/right_2026_08_29_20_19_46_715.jpg,0.15,1.0,0,30.18423
/Users/martin/smart-technologies-ca2/data/IMG/center_2026_08_29_20_19_46_781.jpg,/Users/martin/smart-technologies-ca2/data/IMG/left_2026_08_29_20_19_46_781.jpg,/Users/martin/smart-technologies-ca2/data/IMG/right_2026_08_29_20_19_46_781.jpg,0.3,1.0,0,30.16925
/Users/martin/smart-technologies-ca2/data/IMG/center_2026_08_29_20_19_46_851.jpg,/Users/martin/smart-technologies-ca2/data/IMG/left_2026_08_29_20_19_46_851.jpg,/Users/martin/smart-technologies-ca2/data/IMG/right_2026_08_29_20_19_46_851.jpg,0.5000001,1.0,0,30.14539
/Users/martin/smart-technologies-ca2/data/IMG/center_2026_08_29_20_19_49_173.jpg,/Users/martin/smart-technologies-ca2/data/IMG/left_2026_08_29_20_19_49_173.jpg,/Users/martin/smart-technologies-ca2/data/IMG/right_2026_08_29_20_19_49_173.jpg,0.0,1.0,0,30.19032
/Users/martin/smart-technologies-ca2/data/IMG/center_2026_08_29_20_19_49_860.jpg,/Users/martin/smart-technologies-ca2/data/IMG/left_2026_08_29_20_19_49_860.jpg,/Users/martin/smart-technologies-ca2/data/IMG/right_2026_08_29_20_19_49_860.jpg,0.1,1.0,0,30.18768
/Users/martin/smart-technologies-ca2/data/IMG/center_2026_08_29_20_19_49_927.jpg,/Users/martin/smart-technologies-ca2/data/IMG/left_2026_08_29_20_19_49_927.jpg,/Users/martin/smart-technologies-ca2/data/IMG/right_2026_08_29_20_19_49_927.jpg,0.3,1.0,0,30.16928
/Users/martin/smart-technologies-ca2/data/IMG/center_2026_08_29_20_19_51_428.jpg,/Users/martin/smart-technologies-ca2/data/IMG/left_2026_08_29_20_19_51_428.jpg,/Users/martin/smart-technologies-ca2/data/IMG/right_2026_08_29_20_19_51_428.jpg,0.15,1.0,0,30.18421
/Users/martin/smart-technologies-ca2/data/IMG/center_2026_08_29_20_19_51_497.jpg,/Users/martin/smart-technologies-ca2/data/IMG/left_2026_08_29_20_19_51_497.jpg,/Users/martin/smart-technologies-ca2/data/IMG/right_2026_08_29_20_19_51_497.jpg,0.3,1.0,0,30.16926
/Users/martin/smart-technologies-ca2/data/IMG/center_2026_08_29_20_19_53_486.jpg,/Users/martin/smart-technologies-ca2/data/IMG/left_2026_08_29_20_19_53_486.jpg,/Users/martin/smart-technologies-ca2/data/IMG/right_2026_08_29_20_19_53_486.jpg,0.0,1.0,0,30.19024
/Users/martin/smart-technologies-ca2/data/IMG/center_2026_08_29_20_19_56_017.jpg,/Users/martin/smart-technologies-ca2/data/IMG/left_2026_08_29_20_19_56_017.jpg,/Users/martin/smart-technologies-ca2/data/IMG/right_2026_08_29_20_19_56_017.jpg,0.1,1.0,0,30.18768
/Users/martin/smart-technologies-ca2/data/IMG/center_2026_08_29_20_19_56_085.jpg,/Users/martin/smart-technologies-ca2/data/IMG/left_2026_08_29_20_19_56_085.jpg,/Users/martin/smart-technologies-ca2/data/IMG/right_2026_08_29_20_19_56_085.jpg,0.3,1.0,0,30.16926
/Users/martin/smart-technologies-ca2/data/IMG/center_2026_08_29_20_19_56_154.jpg,/Users/martin/smart-technologies-ca2/data/IMG/left_2026_08_29_20_19_56_154.jpg,/Users/martin/smart-technologies-ca2/data/IMG/right_2026_08_29_20_19_56_154.jpg,0.45,1.0,0,30.15148
/Users/martin/smart-technologies-ca2/data/IMG/center_2026_08_29_20_19_57_520.jpg,/Users/martin/smart-technologies-ca2/data/IMG/left_2026_08_29_20_19_57_520.jpg,/Users/martin/smart-technologies-ca2/data/IMG/right_2026_08_29_20_19_57_520.jpg,0.0,1.0,0,30.1903
/Users/martin/smart-technologies-ca2/data/IMG/center_2026_08_29_20_19_58_881.jpg,/Users/martin/smart-technologies-ca2/data/IMG/left_2026_08_29_20_19_58_881.jpg,/Users/martin/smart-technologies-ca2/data/IMG/right_2026_08_29_20_19_58_881.jpg,0.15,1.0,0,30.18424
/Users/martin/smart-technologies-ca2/data/IMG/center_2026_08_29_20_19_58_951.jpg,/Users/martin/smart-technologies-ca2/data/IMG/left_2026_08_29_20_19_58_951.jpg,/Users/martin/smart-technologies-ca2/data/IMG/right_2026_08_29_20_19_58_951.jpg,0.35,1.0,0,30.16347
/Users/martin/smart-technologies-ca2/data/IMG/center_2026_08_29_20_19_59_020.jpg,/Users/martin/smart-technologies-ca2/data/IMG/left_2026_08_29_20_19_59_020.jpg,/Users/martin/smart-technologies-ca2/data/IMG/right_2026_08_29_20_19_59_020.jpg,0.5000001,1.0,0,30.14538
/Users/martin/smart-technologies-ca2/data/IMG/center_2026_08_29_20_19_59_435.jpg,/Users/martin/smart-technologies-ca2/data/IMG/left_2026_08_29_20_19_59_435.jpg,/Users/martin/smart-technologies-ca2/data/IMG/right_2026_08_29_20_19_59_435.jpg,0.0,1.0,0,30.19032
/Users/martin/smart-technologies-ca2/data/IMG/center_2026_08_29_20_20_01_988.jpg,/Users/martin/smart-technologies-ca2/data/IMG/left_2026_08_29_20_20_01_988.jpg,/Users/martin/smart-technologies-ca2/data/IMG/right_2026_08_29_20_20_01_988.jpg,0.1,1.0,0,30.18767
/Users/martin/smart-technologies-ca2/data/IMG/center_2026_08_29_20_20_02_055.jpg,/Users/martin/smart-technologies-ca2/data/IMG/left_2026_08_29_20_20_02_055.jpg,/Users/martin/smart-technologies-ca2/data/IMG/right_2026_08_29_20_20_02_055.jpg,0.25,1.0,0,30.17478
/Users/martin/smart-technologies-ca2/data/IMG/center_2026_08_29_20_20_02_124.jpg,/Users/martin/smart-technologies-ca2/data/IMG/left_2026_08_29_20_20_02_124.jpg,/Users/martin/smart-technologies-ca2/data/IMG/right_2026_08_29_20_20_02_124.jpg,0.45,1.0,0,30.15149
/Users/martin/smart-technologies-ca2/data/IMG/center_2026_08_29_20_20_02_192.jpg,/Users/martin/smart-technologies-ca2/data/IMG/left_2026_08_29_20_20_02_192.jpg,/Users/martin/smart-technologies-ca2/data/IMG/right_2026_08_29_20_20_02_192.jpg,0.0,1.0,0,30.17482
/Users/martin/smart-technologies-ca2/data/IMG/center_2026_08_29_20_20_02_675.jpg,/Users/martin/smart-technologies-ca2/data/IMG/left_2026_08_29_20_20_02_675.jpg,/Users/martin/smart-technologies-ca2/data/IMG/right_2026_08_29_20_20_02_675.jpg,0.0,1.0,0,30.19029
/Users/martin/smart-technologies-ca2/data/IMG/center_2026_08_29_20_20_03_572.jpg,/Users/martin/smart-technologies-ca2/data/IMG/left_2026_08_29_20_20_03_572.jpg,/Users/martin/smart-technologies-ca2/data/IMG/right_2026_08_29_20_20_03_572.jpg,0.15,1.0,0,30.18424
/Users/martin/smart-technologies-ca2/data/IMG/center_2026_08_29_20_20_03_642.jpg,/Users/martin/smart-technologies-ca2/data/IMG/left_2026_08_29_20_20_03_642.jpg,/Users/martin/smart-technologies-ca2/data/IMG/right_2026_08_29_20_20_03_642.jpg,0.3,1.0,0,30.16924
/Users/martin/smart-technologies-ca2/data/IMG/center_2026_08_29_20_20_03_709.jpg,/Users/martin/smart-technologies-ca2/data/IMG/left_2026_08_29_20_20_03_709.jpg,/Users/martin/smart-technologies-ca2/data/IMG/right_2026_08_29_20_20_03_709.jpg,0.5000001,1.0,0,30.14536
/Users/martin/smart-technologies-ca2/data/IMG/center_2026_08_29_20_20_04_329.jpg,/Users/martin/smart-technologies-ca2/data/IMG/left_2026_08_29_20_20_04_329.jpg,/Users/martin/smart-technologies-ca2/data/IMG/right_2026_08_29_20_20_04_329.jpg,0.0,1.0,0,30.19029
/Users/martin/smart-technologies-ca2/data/IMG/center_2026_08_29_20_20_05_220.jpg,/Users/martin/smart-technologies-ca2/data/IMG/left_2026_08_29_20_20_05_220.jpg,/Users/martin/smart-technologies-ca2/data/IMG/right_2026_08_29_20_20_05_220.jpg,0.2,1.0,0,30.17982
/Users/martin/smart-technologies-ca2/data/IMG/center_2026_08_29_20_20_05_288.jpg,/Users/martin/smart-technologies-ca2/data/IMG/left_2026_08_29_20_20_05_288.jpg,/Users/martin/smart-technologies-ca2/data/IMG/right_2026_08_29_20_20_05_288.jpg,0.4,1.0,0,30.15751
/Users/martin/smart-technologies-ca2/data/IMG/center_2026_08_29_20_20_05_357.jpg,/Users/martin/smart-technologies-ca2/data/IMG/left_2026_08_29_20_20_05_357.jpg,/Users/martin/smart-technologies-ca2/data/IMG/right_2026_08_29_20_20_05_357.jpg,0.5500001,1.0,0,30.13923
/Users/martin/smart-technologies-ca2/data/IMG/center_2026_08_29_20_20_05_427.jpg,/Users/martin/smart-technologies-ca2/data/IMG/left_2026_08_29_20_20_05_427.jpg,/Users/martin/smart-technologies-ca2/data/IMG/right_2026_08_29_20_20_05_427.jpg,0.0,1.0,0,30.17748
/Users/martin/smart-technologies-ca2/data/IMG/center_2026_08_29_20_20_06_051.jpg,/Users/martin/smart-technologies-ca2/data/IMG/left_2026_08_29_20_20_06_051.jpg,/Users/martin/smart-technologies-ca2/data/IMG/right_2026_08_29_20_20_06_051.jpg,0.0,1.0,0,30.19028
/Users/martin/smart-technologies-ca2/data/IMG/center_2026_08_29_20_20_06_531.jpg,/Users/martin/smart-technologies-ca2/data/IMG/left_2026_08_29_20_20_06_531.jpg,/Users/martin/smart-technologies-ca2/data/IMG/right_2026_08_29_20_20_06_531.jpg,0.2,1.0,0,30.17981
/Users/martin/smart-technologies-ca2/data/IMG/center_2026_08_29_20_20_06_602.jpg,/Users/martin/smart-technologies-ca2/data/IMG/left_2026_08_29_20_20_06_602.jpg,/Users/martin/smart-technologies-ca2/data/IMG/right_2026_08_29_20_20_06_602.jpg,0.35,1.0,0,30.16342
/Users/martin/smart-technologies-ca2/data/IMG/center_2026_08_29_20_20_06_670.jpg,/Users/martin/smart-technologies-ca2/data/IMG/left_2026_08_29_20_20_06_670.jpg,/Users/martin/smart-technologies-ca2/data/IMG/right_2026_08_29_20_20_06_670.jpg,0.5500001,1.0,0,30.13924
/Users/martin/smart-technologies-ca2/data/IMG/center_2026_08_29_20_20_07_150.jpg,/Users/martin/smart-technologies-ca2/data/IMG/left_2026_08_29_20_20_07_150.jpg,/Users/martin/smart-technologies-ca2/data/IMG/right_2026_08_29_20_20_07_150.jpg,0.0,1.0,0,30.19034
/Users/martin/smart-technologies-ca2/data/IMG/center_2026_08_29_20_20_07_425.jpg,/Users/martin/smart-technologies-ca2/data/IMG/left_2026_08_29_20_20_07_425.jpg,/Users/martin/smart-technologies-ca2/data/IMG/right_2026_08_29_20_20_07_425.jpg,0.0,1.0,0,30.19027
/Users/martin/smart-technologies-ca2/data/IMG/center_2026_08_29_20_20_08_183.jpg,/Users/martin/smart-technologies-ca2/data/IMG/left_2026_08_29_20_20_08_183.jpg,/Users/martin/smart-technologies-ca2/data/IMG/right_2026_08_29_20_20_08_183.jpg,0.2,1.0,0,30.17984
/Users/martin/smart-technologies-ca2/data/IMG/center_2026_08_29_20_20_08_250.jpg,/Users/martin/smart-technologies-ca2/data/IMG/left_2026_08_29_20_20_08_250.jpg,/Users/martin/smart-technologies-ca2/data/IMG/right_2026_08_29_20_20_08_250.jpg,0.35,1.0,0,30.16346
/Users/martin/smart-technologies-ca2/data/IMG/center_2026_08_29_20_20_08_317.jpg,/Users/martin/smart-technologies-ca2/data/IMG/left_2026_08_29_20_20_08_317.jpg,/Users/martin/smart-technologies-ca2/data/IMG/right_2026_08_29_20_20_08_317.jpg,0.5000001,1.0,0,30.14541
/Users/martin/smart-technologies-ca2/data/IMG/center_2026_08_29_20_20_09_151.jpg,/Users/martin/smart-technologies-ca2/data/IMG/left_2026_08_29_20_20_09_151.jpg,/Users/martin/smart-technologies-ca2/data/IMG/right_2026_08_29_20_20_09_151.jpg,0.0,1.0,0,30.19027
/Users/martin/smart-technologies-ca2/data/IMG/center_2026_08_29_20_20_09_288.jpg,/Users/martin/smart-technologies-ca2/data/IMG/left_2026_08_29_20_20_09_288.jpg,/Users/martin/smart-technologies-ca2/data/IMG/right_2026_08_29_20_20_09_288.jpg,0.0,1.0,0,30.19026
/Users/martin/smart-technologies-ca2/data/IMG/center_2026_08_29_20_20_09_422.jpg,/Users/martin/smart-technologies-ca2/data/IMG/left_2026_08_29_20_20_09_422.jpg,/Users/martin/smart-technologies-ca2/data/IMG/right_2026_08_29_20_20_09_422.jpg,0.15,1.0,0,30.18419
/Users/martin/smart-technologies-ca2/data/IMG/center_2026_08_29_20_20_09_490.jpg,/Users/martin/smart-technologies-ca2/data/IMG/left_2026_08_29_20_20_09_490.jpg,/Users/martin/smart-technologies-ca2/data/IMG/right_2026_08_29_20_20_09_490.jpg,0.35,1.0,0,30.1634
/Users/martin/smart-technologies-ca2/data/IMG/center_2026_08_29_20_20_09_558.jpg,/Users/martin/smart-technologies-ca2/data/IMG/left_2026_08_29_20_20_09_558.jpg,/Users/martin/smart-technologies-ca2/data/IMG/right_2026_08_29_20_20_09_558.jpg,0.5000001,1.0,0,30.14534
/Users/martin/smart-technologies-ca2/data/IMG/center_2026_08_29_20_20_09_629.jpg,/Users/martin/smart-technologies-ca2/data/IMG/left_2026_08_29_20_20_09_629.jpg,/Users/martin/smart-technologies-ca2/data/IMG/right_2026_08_29_20_20_09_629.jpg,0.7,1.0,0,30.12104
/Users/martin/smart-technologies-ca2/data/IMG/center_2026_08_29_20_20_10_794.jpg,/Users/martin/smart-technologies-ca2/data/IMG/left_2026_08_29_20_20_10_794.jpg,/Users/martin/smart-technologies-ca2/data/IMG/right_2026_08_29_20_20_10_794.jpg,0.2,1.0,0,30.18005
/Users/martin/smart-technologies-ca2/data/IMG/center_2026_08_29_20_20_10_861.jpg,/Users/martin/smart-technologies-ca2/data/IMG/left_2026_08_29_20_20_10_861.jpg,/Users/martin/smart-technologies-ca2/data/IMG/right_2026_08_29_20_20_10_861.jpg,0.35,1.0,0,30.16328
/Users/martin/smart-technologies-ca2/data/IMG/center_2026_08_29_20_20_10_928.jpg,/Users/martin/smart-technologies-ca2/data/IMG/left_2026_08_29_20_20_10_928.jpg,/Users/martin/smart-technologies-ca2/data/IMG/right_2026_08_29_20_20_10_928.jpg,0.5500001,1.0,0,30.1392
/Users/martin/smart-technologies-ca2/data/IMG/center_2026_08_29_20_20_11_819.jpg,/Users/martin/smart-technologies-ca2/data/IMG/left_2026_08_29_20_20_11_819.jpg,/Users/martin/smart-technologies-ca2/data/IMG/right_2026_08_29_20_20_11_819.jpg,0.0,1.0,0,30.19019
/Users/martin/smart-technologies-ca2/data/IMG/center_2026_08_29_20_20_11_890.jpg,/Users/martin/smart-technologies-ca2/data/IMG/left_2026_08_29_20_20_11_890.jpg,/Users/martin/smart-technologies-ca2/data/IMG/right_2026_08_29_20_20_11_890.jpg,0.2,1.0,0,30.17972
/Users/martin/smart-technologies-ca2/data/IMG/center_2026_08_29_20_20_11_957.jpg,/Users/martin/smart-technologies-ca2/data/IMG/left_2026_08_29_20_20_11_957.jpg,/Users/martin/smart-technologies-ca2/data/IMG/right_2026_08_29_20_20_11_957.jpg,0.35,1.0,0,30.16411
/Users/martin/smart-technologies-ca2/data/IMG/center_2026_08_29_20_20_12_024.jpg,/Users/martin/smart-technologies-ca2/data/IMG/left_2026_08_29_20_20_12_024.jpg,/Users/martin/smart-technologies-ca2/data/IMG/right_2026_08_29_20_20_12_024.jpg,0.5500001,1.0,0,30.13913
/Users/martin/smart-technologies-ca2/data/IMG/center_2026_08_29_20_20_12_091.jpg,/Users/martin/smart-technologies-ca2/data/IMG/left_2026_08_29_20_20_12_091.jpg,/Users/martin/smart-technologies-ca2/data/IMG/right_2026_08_29_20_20_12_091.jpg,0.7,1.0,0,30.12095
/Users/martin/smart-technologies-ca2/data/IMG/center_2026_08_29_20_20_12_648.jpg,/Users/martin/smart-technologies-ca2/data/IMG/left_2026_08_29_20_20_12_648.jpg,/Users/martin/smart-technologies-ca2/data/IMG/right_2026_08_29_20_20_12_648.jpg,0.25,1.0,0,30.17511
/Users/martin/smart-technologies-ca2/data/IMG/center_2026_08_29_20_20_12_718.jpg,/Users/martin/smart-technologies-ca2/data/IMG/left_2026_08_29_20_20_12_718.jpg,/Users/martin/smart-technologies-ca2/data/IMG/right_2026_08_29_20_20_12_718.jpg,0.4,1.0,0,30.15791
/Users/martin/smart-technologies-ca2/data/IMG/center_2026_08_29_20_20_12_787.jpg,/Users/martin/smart-technologies-ca2/data/IMG/left_2026_08_29_20_20_12_787.jpg,/Users/martin/smart-technologies-ca2/data/IMG/right_2026_08_29_20_20_12_787.jpg,0.6000001,1.0,0,30.13361
/Users/martin/smart-technologies-ca2/data/IMG/center_2026_08_29_20_20_12_854.jpg,/Users/martin/smart-technologies-ca2/data/IMG/left_2026_08_29_20_20_12_854.jpg,/Users/martin/smart-technologies-ca2/data/IMG/right_2026_08_29_20_20_12_854.jpg,0.7500002,1.0,0,30.1146
/Users/martin/smart-technologies-ca2/data/IMG/center_2026_08_29_20_20_13_339.jpg,/Users/martin/smart-technologies-ca2/data/IMG/left_2026_08_29_20_20_13_339.jpg,/Users/martin/smart-technologies-ca2/data/IMG/right_2026_08_29_20_20_13_339.jpg,0.0,1.0,0,30.19063
/Users/martin/smart-technologies-ca2/data/IMG/center_2026_08_29_20_20_13_478.jpg,/Users/martin/smart-technologies-ca2/data/IMG/left_2026_08_29_20_20_13_478.jpg,/Users/martin/smart-technologies-ca2/data/IMG/right_2026_08_29_20_20_13_478.jpg,0.15,1.0,0,30.18426
/Users/martin/smart-technologies-ca2/data/IMG/center_2026_08_29_20_20_13_551.jpg,/Users/martin/smart-technologies-ca2/data/IMG/left_2026_08_29_20_20_13_551.jpg,/Users/martin/smart-technologies-ca2/data/IMG/right_2026_08_29_20_20_13_551.jpg,0.35,1.0,0,30.16299
/Users/martin/smart-technologies-ca2/data/IMG/center_2026_08_29_20_20_13_622.jpg,/Users/martin/smart-technologies-ca2/data/IMG/left_2026_08_29_20_20_13_622.jpg,/Users/martin/smart-technologies-ca2/data/IMG/right_2026_08_29_20_20_13_622.jpg,0.5000001,1.0,0,30.14742
/Users/martin/smart-technologies-ca2/data/IMG/center_2026_08_29_20_20_13_694.jpg,/Users/martin/smart-technologies-ca2/data/IMG/left_2026_08_29_20_20_13_694.jpg,/Users/martin/smart-technologies-ca2/data/IMG/right_2026_08_29_20_20_13_694.jpg,0.7,1.0,0,30.12027
/Users/martin/smart-technologies-ca2/data/IMG/center_2026_08_29_20_20_13_761.jpg,/Users/martin/smart-technologies-ca2/data/IMG/left_2026_08_29_20_20_13_761.jpg,/Users/martin/smart-technologies-ca2/data/IMG/right_2026_08_29_20_20_13_761.jpg,0.0,1.0,0,30.16463
/Users/martin/smart-technologies-ca2/data/IMG/center_2026_08_29_20_20_14_248.jpg,/Users/martin/smart-technologies-ca2/data/IMG/left_2026_08_29_20_20_14_248.jpg,/Users/martin/smart-technologies-ca2/data/IMG/right_2026_08_29_20_20_14_248.jpg,0.2,1.0,0,30.17932
/Users/martin/smart-technologies-ca2/data/IMG/center_2026_08_29_20_20_14_315.jpg,/Users/martin/smart-technologies-ca2/data/IMG/left_2026_08_29_20_20_14_315.jpg,/Users/martin/smart-technologies-ca2/data/IMG/right_2026_08_29_20_20_14_315.jpg,0.35,1.0,0,30.16393
/Users/martin/smart-technologies-ca2/data/IMG/center_2026_08_29_20_20_14_384.jpg,/Users/martin/smart-technologies-ca2/data/IMG/left_2026_08_29_20_20_14_384.jpg,/Users/martin/smart-technologies-ca2/data/IMG/right_2026_08_29_20_20_14_384.jpg,0.5500001,1.0,0,30.13965
/Users/martin/smart-technologies-ca2/data/IMG/center_2026_08_29_20_20_14_451.jpg,/Users/martin/smart-technologies-ca2/data/IMG/left_2026_08_29_20_20_14_451.jpg,/Users/martin/smart-technologies-ca2/data/IMG/right_2026_08_29_20_20_14_451.jpg,0.7,1.0,0,30.12115
/Users/martin/smart-technologies-ca2/data/IMG/center_2026_08_29_20_20_14_735.jpg,/Users/martin/smart-technologies-ca2/data/IMG/left_2026_08_29_20_20_14_735.jpg,/Users/martin/smart-technologies-ca2/data/IMG/right_2026_08_29_20_20_14_735.jpg,0.0,1.0,0,30.19027
/Users/martin/smart-technologies-ca2/data/IMG/center_2026_08_29_20_20_14_939.jpg,/Users/martin/smart-technologies-ca2/data/IMG/left_2026_08_29_20_20_14_939.jpg,/Users/martin/smart-technologies-ca2/data/IMG/right_2026_08_29_20_20_14_939.jpg,0.0,1.0,0,30.1903
/Users/martin/smart-technologies-ca2/data/IMG/center_2026_08_29_20_20_15_011.jpg,/Users/martin/smart-technologies-ca2/data/IMG/left_2026_08_29_20_20_15_011.jpg,/Users/martin/smart-technologies-ca2/data/IMG/right_2026_08_29_20_20_15_011.jpg,0.1,1.0,0,30.1878
/Users/martin/smart-technologies-ca2/data/IMG/center_2026_08_29_20_20_15_085.jpg,/Users/martin/smart-technologies-ca2/data/IMG/left_2026_08_29_20_20_15_085.jpg,/Users/martin/smart-technologies-ca2/data/IMG/right_2026_08_29_20_20_15_085.jpg,0.3,1.0,0,30.16937
/Users/martin/smart-technologies-ca2/data/IMG/center_2026_08_29_20_20_15_156.jpg,/Users/martin/smart-technologies-ca2/data/IMG/left_2026_08_29_20_20_15_156.jpg,/Users/martin/smart-technologies-ca2/data/IMG/right_2026_08_29_20_20_15_156.jpg,0.45,1.0,0,30.15145
/Users/martin/smart-technologies-ca2/data/IMG/center_2026_08_29_20_20_15_223.jpg,/Users/martin/smart-technologies-ca2/data/IMG/left_2026_08_29_20_20_15_223.jpg,/Users/martin/smart-technologies-ca2/data/IMG/right_2026_08_29_20_20_15_223.jpg,0.6500001,1.0,0,30.12701
/Users/martin/smart-technologies-ca2/data/IMG/center_2026_08_29_20_20_15_644.jpg,/Users/martin/smart-technologies-ca2/data/IMG/left_2026_08_29_20_20_15_644.jpg,/Users/martin/smart-technologies-ca2/data/IMG/right_2026_08_29_20_20_15_644.jpg,0.2,1.0,0,30.18068
/Users/martin/smart-technologies-ca2/data/IMG/center_2026_08_29_20_20_15_711.jpg,/Users/martin/smart-technologies-ca2/data/IMG/left_2026_08_29_20_20_15_711.jpg,/Users/martin/smart-technologies-ca2/data/IMG/right_2026_08_29_20_20_15_711.jpg,0.35,1.0,0,30.16441
/Users/martin/smart-technologies-ca2/data/IMG/center_2026_08_29_20_20_15_781.jpg,/Users/martin/smart-technologies-ca2/data/IMG/left_2026_08_29_20_20_15_781.jpg,/Users/martin/smart-technologies-ca2/data/IMG/right_2026_08_29_20_20_15_781.jpg,0.5000001,1.0,0,30.14599
/Users/martin/smart-technologies-ca2/data/IMG/center_2026_08_29_20_20_16_471.jpg,/Users/martin/smart-technologies-ca2/data/IMG/left_2026_08_29_20_20_16_471.jpg,/Users/martin/smart-technologies-ca2/data/IMG/right_2026_08_29_20_20_16_471.jpg,0.15,1.0,0,30.18423
/Users/martin/smart-technologies-ca2/data/IMG/center_2026_08_29_20_20_16_542.jpg,/Users/martin/smart-technologies-ca2/data/IMG/left_2026_08_29_20_20_16_542.jpg,/Users/martin/smart-technologies-ca2/data/IMG/right_2026_08_29_20_20_16_542.jpg,0.3,1.0,0,30.1692
/Users/martin/smart-technologies-ca2/data/IMG/center_2026_08_29_20_20_16_612.jpg,/Users/martin/smart-technologies-ca2/data/IMG/left_2026_08_29_20_20_16_612.jpg,/Users/martin/smart-technologies-ca2/data/IMG/right_2026_08_29_20_20_16_612.jpg,0.5000001,1.0,0,30.1453
/Users/martin/smart-technologies-ca2/data/IMG/center_2026_08_29_20_20_20_585.jpg,/Users/martin/smart-technologies-ca2/data/IMG/left_2026_08_29_20_20_20_585.jpg,/Users/martin/smart-technologies-ca2/data/IMG/right_2026_08_29_20_20_20_585.jpg,0.0,1.0,0,30.19028
/Users/martin/smart-technologies-ca2/data/IMG/center_2026_08_29_20_20_20_719.jpg,/Users/martin/smart-technologies-ca2/data/IMG/left_2026_08_29_20_20_20_719.jpg,/Users/martin/smart-technologies-ca2/data/IMG/right_2026_08_29_20_20_20_719.jpg,0.0,1.0,0,30.19029
/Users/martin/smart-technologies-ca2/data/IMG/center_2026_08_29_20_20_21_475.jpg,/Users/martin/smart-technologies-ca2/data/IMG/left_2026_08_29_20_20_21_475.jpg,/Users/martin/smart-technologies-ca2/data/IMG/right_2026_08_29_20_20_21_475.jpg,-0.1,1.0,0,30.18769
/Users/martin/smart-technologies-ca2/data/IMG/center_2026_08_29_20_20_21_542.jpg,/Users/martin/smart-technologies-ca2/data/IMG/left_2026_08_29_20_20_21_542.jpg,/Users/martin/smart-technologies-ca2/data/IMG/right_2026_08_29_20_20_21_542.jpg,-0.25,1.0,0,30.17476
/Users/martin/smart-technologies-ca2/data/IMG/center_2026_08_29_20_20_21_611.jpg,/Users/martin/smart-technologies-ca2/data/IMG/left_2026_08_29_20_20_21_611.jpg,/Users/martin/smart-technologies-ca2/data/IMG/right_2026_08_29_20_20_21_611.jpg,-0.45,1.0,0,30.15148
/Users/martin/smart-technologies-ca2/data/IMG/center_2026_08_29_20_20_21_677.jpg,/Users/martin/smart-technologies-ca2/data/IMG/left_2026_08_29_20_20_21_677.jpg,/Users/martin/smart-technologies-ca2/data/IMG/right_2026_08_29_20_20_21_677.jpg,-0.6000001,1.0,0,30.13316
/Users/martin/smart-technologies-ca2/data/IMG/center_2026_08_29_20_20_22_425.jpg,/Users/martin/smart-technologies-ca2/data/IMG/left_2026_08_29_20_20_22_425.jpg,/Users/martin/smart-technologies-ca2/data/IMG/right_2026_08_29_20_20_22_425.jpg,-0.1,1.0,0,30.18762
/Users/martin/smart-technologies-ca2/data/IMG/center_2026_08_29_20_20_22_493.jpg,/Users/martin/smart-technologies-ca2/data/IMG/left_2026_08_29_20_20_22_493.jpg,/Users/martin/smart-technologies-ca2/data/IMG/right_2026_08_29_20_20_22_493.jpg,-0.25,1.0,0,30.17463
/Users/martin/smart-technologies-ca2/data/IMG/center_2026_08_29_20_20_22_562.jpg,/Users/martin/smart-technologies-ca2/data/IMG/left_2026_08_29_20_20_22_562.jpg,/Users/martin/smart-technologies-ca2/data/IMG/right_2026_08_29_20_20_22_562.jpg,-0.4,1.0,0,30.15744
/Users/martin/smart-technologies-ca2/data/IMG/center_2026_08_29_20_20_22_629.jpg,/Users/martin/smart-technologies-ca2/data/IMG/left_2026_08_29_20_20_22_629.jpg,/Users/martin/smart-technologies-ca2/data/IMG/right_2026_08_29_20_20_22_629.jpg,-0.6000001,1.0,0,30.13308
/Users/martin/smart-technologies-ca2/data/IMG/center_2026_08_29_20_20_22_697.jpg,/Users/martin/smart-technologies-ca2/data/IMG/left_2026_08_29_20_20_22_697.jpg,/Users/martin/smart-technologies-ca2/data/IMG/right_2026_08_29_20_20_22_697.jpg,-0.7500002,1.0,0,30.11469
/Users/martin/smart-technologies-ca2/data/IMG/center_2026_08_29_20_20_23_105.jpg,/Users/martin/smart-technologies-ca2/data/IMG/left_2026_08_29_20_20_23_105.jpg,/Users/martin/smart-technologies-ca2/data/IMG/right_2026_08_29_20_20_23_105.jpg,-0.15,1.0,0,30.18492
/Users/martin/smart-technologies-ca2/data/IMG/center_2026_08_29_20_20_23_173.jpg,/Users/martin/smart-technologies-ca2/data/IMG/left_2026_08_29_20_20_23_173.jpg,/Users/martin/smart-technologies-ca2/data/IMG/right_2026_08_29_20_20_23_173.jpg,-0.3,1.0,0,30.17033
/Users/martin/smart-technologies-ca2/data/IMG/center_2026_08_29_20_20_23_240.jpg,/Users/martin/smart-technologies-ca2/data/IMG/left_2026_08_29_20_20_23_240.jpg,/Users/martin/smart-technologies-ca2/data/IMG/right_2026_08_29_20_20_23_240.jpg,-0.45,1.0,0,30.15201
/Users/martin/smart-technologies-ca2/data/IMG/center_2026_08_29_20_20_23_307.jpg,/Users/martin/smart-technologies-ca2/data/IMG/left_2026_08_29_20_20_23_307.jpg,/Users/martin/smart-technologies-ca2/data/IMG/right_2026_08_29_20_20_23_307.jpg,-0.6500001,1.0,0,30.12632
/Users/martin/smart-technologies-ca2/data/IMG/center_2026_08_29_20_20_23_376.jpg,/Users/martin/smart-technologies-ca2/data/IMG/left_2026_08_29_20_20_23_376.jpg,/Users/martin/smart-technologies-ca2/data/IMG/right_2026_08_29_20_20_23_376.jpg,-0.8000001,1.0,0,30.11002
/Users/martin/smart-technologies-ca2/data/IMG/center_2026_08_29_20_20_23_784.jpg,/Users/martin/smart-technologies-ca2/data/IMG/left_2026_08_29_20_20_23_784.jpg,/Users/martin/smart-technologies-ca2/data/IMG/right_2026_08_29_20_20_23_784.jpg,-0.1,1.0,0,30.19076
/Users/martin/smart-technologies-ca2/data/IMG/center_2026_08_29_20_20_23_853.jpg,/Users/martin/smart-technologies-ca2/data/IMG/left_2026_08_29_20_20_23_853.jpg,/Users/martin/smart-technologies-ca2/data/IMG/right_2026_08_29_20_20_23_853.jpg,-0.25,1.0,0,30.17597
/Users/martin/smart-technologies-ca2/data/IMG/center_2026_08_29_20_20_23_920.jpg,/Users/martin/smart-technologies-ca2/data/IMG/left_2026_08_29_20_20_23_920.jpg,/Users/martin/smart-technologies-ca2/data/IMG/right_2026_08_29_20_20_23_920.jpg,-0.4,1.0,0,30.15764
/Users/martin/smart-technologies-ca2/data/IMG/center_2026_08_29_20_20_23_987.jpg,/Users/martin/smart-technologies-ca2/data/IMG/left_2026_08_29_20_20_23_987.jpg,/Users/martin/smart-technologies-ca2/data/IMG/right_2026_08_29_20_20_23_987.jpg,-0.6000001,1.0,0,30.13327
/Users/martin/smart-technologies-ca2/data/IMG/center_2026_08_29_20_20_24_056.jpg,/Users/martin/smart-technologies-ca2/data/IMG/left_2026_08_29_20_20_24_056.jpg,/Users/martin/smart-technologies-ca2/data/IMG/right_2026_08_29_20_20_24_056.jpg,-0.7500002,1.0,0,30.11439
/Users/martin/smart-technologies-ca2/data/IMG/center_2026_08_29_20_20_24_124.jpg,/Users/martin/smart-technologies-ca2/data/IMG/left_2026_08_29_20_20_24_124.jpg,/Users/martin/smart-technologies-ca2/data/IMG/right_2026_08_29_20_20_24_124.jpg,0.0,1.0,0,30.16099
/Users/martin/smart-technologies-ca2/data/IMG/center_2026_08_29_20_20_24_471.jpg,/Users/martin/smart-technologies-ca2/data/IMG/left_2026_08_29_20_20_24_471.jpg,/Users/martin/smart-technologies-ca2/data/IMG/right_2026_08_29_20_20_24_471.jpg,-0.05,1.0,0,30.19003
/Users/martin/smart-technologies-ca2/data/IMG/center_2026_08_29_20_20_24_537.jpg,/Users/martin/smart-technologies-ca2/data/IMG/left_2026_08_29_20_20_24_537.jpg,/Users/martin/smart-technologies-ca2/data/IMG/right_2026_08_29_20_20_24_537.jpg,-0.2,1.0,0,30.18176
/Users/martin/smart-technologies-ca2/data/IMG/center_2026_08_29_20_20_24_605.jpg,/Users/martin/smart-technologies-ca2/data/IMG/left_2026_08_29_20_20_24_605.jpg,/Users/martin/smart-technologies-ca2/data/IMG/right_2026_08_29_20_20_24_605.jpg,-0.4,1.0,0,30.15878
/Users/martin/smart-technologies-ca2/data/IMG/center_2026_08_29_20_20_24_675.jpg,/Users/martin/smart-technologies-ca2/data/IMG/left_2026_08_29_20_20_24_675.jpg,/Users/martin/smart-technologies-ca2/data/IMG/right_2026_08_29_20_20_24_675.jpg,-0.5500001,1.0,0,30.14009
/Users/martin/smart-technologies-ca2/data/IMG/center_2026_08_29_20_20_24_742.jpg,/Users/martin/smart-technologies-ca2/data/IMG/left_2026_08_29_20_20_24_742.jpg,/Users/martin/smart-technologies-ca2/data/IMG/right_2026_08_29_20_20_24_742.jpg,-0.7,1.0,0,30.1216
/Users/martin/smart-technologies-ca2/data/IMG/center_2026_08_29_20_20_24_950.jpg,/Users/martin/smart-technologies-ca2/data/IMG/left_2026_08_29_20_20_24_950.jpg,/Users/martin/smart-technologies-ca2/data/IMG/right_2026_08_29_20_20_24_950.jpg,-0.1,1.0,0,30.19052
/Users/martin/smart-technologies-ca2/data/IMG/center_2026_08_29_20_20_25_019.jpg,/Users/martin/smart-technologies-ca2/data/IMG/left_2026_08_29_20_20_25_019.jpg,/Users/martin/smart-technologies-ca2/data/IMG/right_2026_08_29_20_20_25_019.jpg,-0.25,1.0,0,30.17903
/Users/martin/smart-technologies-ca2/data/IMG/center_2026_08_29_20_20_25_089.jpg,/Users/martin/smart-technologies-ca2/data/IMG/left_2026_08_29_20_20_25_089.jpg,/Users/martin/smart-technologies-ca2/data/IMG/right_2026_08_29_20_20_25_089.jpg,-0.45,1.0,0,30.15527
/Users/martin/smart-technologies-ca2/data/IMG/center_2026_08_29_20_20_25_156.jpg,/Users/martin/smart-technologies-ca2/data/IMG/left_2026_08_29_20_20_25_156.jpg,/Users/martin/smart-technologies-ca2/data/IMG/right_2026_08_29_20_20_25_156.jpg,-0.6000001,1.0,0,30.13582
/Users/martin/smart-technologies-ca2/data/IMG/center_2026_08_29_20_20_25_774.jpg,/Users/martin/smart-technologies-ca2/data/IMG/left_2026_08_29_20_20_25_774.jpg,/Users/martin/smart-technologies-ca2/data/IMG/right_2026_08_29_20_20_25_774.jpg,0.0,1.0,0,30.19033
/Users/martin/smart-technologies-ca2/data/IMG/center_2026_08_29_20_20_26_460.jpg,/Users/martin/smart-technologies-ca2/data/IMG/left_2026_08_29_20_20_26_460.jpg,/Users/martin/smart-technologies-ca2/data/IMG/right_2026_08_29_20_20_26_460.jpg,0.0,1.0,0,30.19027
/Users/martin/smart-technologies-ca2/data/IMG/center_2026_08_29_20_20_26_872.jpg,/Users/martin/smart-technologies-ca2/data/IMG/left_2026_08_29_20_20_26_872.jpg,/Users/martin/smart-technologies-ca2/data/IMG/right_2026_08_29_20_20_26_872.jpg,0.0,1.0,0,30.19032
/Users/martin/smart-technologies-ca2/data/IMG/center_2026_08_29_20_20_27_500.jpg,/Users/martin/smart-technologies-ca2/data/IMG/left_2026_08_29_20_20_27_500.jpg,/Users/martin/smart-technologies-ca2/data/IMG/right_2026_08_29_20_20_27_500.jpg,0.0,1.0,0,30.1903
/Users/martin/smart-technologies-ca2/data/IMG/center_2026_08_29_20_20_28_964.jpg,/Users/martin/smart-technologies-ca2/data/IMG/left_2026_08_29_20_20_28_964.jpg,/Users/martin/smart-technologies-ca2/data/IMG/right_2026_08_29_20_20_28_964.jpg,0.0,1.0,0,30.19028
/Users/martin/smart-technologies-ca2/data/IMG/center_2026_08_29_20_20_30_408.jpg,/Users/martin/smart-technologies-ca2/data/IMG/left_2026_08_29_20_20_30_408.jpg,/Users/martin/smart-technologies-ca2/data/IMG/right_2026_08_29_20_20_30_408.jpg,0.25,1.0,0,30.17497
/Users/martin/smart-technologies-ca2/data/IMG/center_2026_08_29_20_20_30_478.jpg,/Users/martin/smart-technologies-ca2/data/IMG/left_2026_08_29_20_20_30_478.jpg,/Users/martin/smart-technologies-ca2/data/IMG/right_2026_08_29_20_20_30_478.jpg,0.4,1.0,0,30.15754
/Users/martin/smart-technologies-ca2/data/IMG/center_2026_08_29_20_20_30_547.jpg,/Users/martin/smart-technologies-ca2/data/IMG/left_2026_08_29_20_20_30_547.jpg,/Users/martin/smart-technologies-ca2/data/IMG/right_2026_08_29_20_20_30_547.jpg,0.6000001,1.0,0,30.13316
/Users/martin/smart-technologies-ca2/data/IMG/center_2026_08_29_20_20_31_503.jpg,/Users/martin/smart-technologies-ca2/data/IMG/left_2026_08_29_20_20_31_503.jpg,/Users/martin/smart-technologies-ca2/data/IMG/right_2026_08_29_20_20_31_503.jpg,0.1,1.0,0,30.18751
/Users/martin/smart-technologies-ca2/data/IMG/center_2026_08_29_20_20_31_570.jpg,/Users/martin/smart-technologies-ca2/data/IMG/left_2026_08_29_20_20_31_570.jpg,/Users/martin/smart-technologies-ca2/data/IMG/right_2026_08_29_20_20_31_570.jpg,0.25,1.0,0,30.17469
/Users/martin/smart-technologies-ca2/data/IMG/center_2026_08_29_20_20_31_637.jpg,/Users/martin/smart-technologies-ca2/data/IMG/left_2026_08_29_20_20_31_637.jpg,/Users/martin/smart-technologies-ca2/data/IMG/right_2026_08_29_20_20_31_637.jpg,0.4,1.0,0,30.15746
/Users/martin/smart-technologies-ca2/data/IMG/center_2026_08_29_20_20_31_707.jpg,/Users/martin/smart-technologies-ca2/data/IMG/left_2026_08_29_20_20_31_707.jpg,/Users/martin/smart-technologies-ca2/data/IMG/right_2026_08_29_20_20_31_707.jpg,0.6000001,1.0,0,30.13316
/Users/martin/smart-technologies-ca2/data/IMG/center_2026_08_29_20_20_32_392.jpg,/Users/martin/smart-technologies-ca2/data/IMG/left_2026_08_29_20_20_32_392.jpg,/Users/martin/smart-technologies-ca2/data/IMG/right_2026_08_29_20_20_32_392.jpg,0.15,1.0,0,30.18423
/Users/martin/smart-technologies-ca2/data/IMG/center_2026_08_29_20_20_32_459.jpg,/Users/martin/smart-technologies-ca2/data/IMG/left_2026_08_29_20_20_32_459.jpg,/Users/martin/smart-technologies-ca2/data/IMG/right_2026_08_29_20_20_32_459.jpg,0.3,1.0,0,30.16922
/Users/martin/smart-technologies-ca2/data/IMG/center_2026_08_29_20_20_32_528.jpg,/Users/martin/smart-technologies-ca2/data/IMG/left_2026_08_29_20_20_32_528.jpg,/Users/martin/smart-technologies-ca2/data/IMG/right_2026_08_29_20_20_32_528.jpg,0.5000001,1.0,0,30.14523
/Users/martin/smart-technologies-ca2/data/IMG/center_2026_08_29_20_20_32_595.jpg,/Users/martin/smart-technologies-ca2/data/IMG/left_2026_08_29_20_20_32_595.jpg,/Users/martin/smart-technologies-ca2/data/IMG/right_2026_08_29_20_20_32_595.jpg,0.6500001,1.0,0,30.12685
/Users/martin/smart-technologies-ca2/data/IMG/center_2026_08_29_20_20_33_071.jpg,/Users/martin/smart-technologies-ca2/data/IMG/left_2026_08_29_20_20_33_071.jpg,/Users/martin/smart-technologies-ca2/data/IMG/right_2026_08_29_20_20_33_071.jpg,0.2,1.0,0,30.18085
/Users/martin/smart-technologies-ca2/data/IMG/center_2026_08_29_20_20_33_138.jpg,/Users/martin/smart-technologies-ca2/data/IMG/left_2026_08_29_20_20_33_138.jpg,/Users/martin/smart-technologies-ca2/data/IMG/right_2026_08_29_20_20_33_138.jpg,0.35,1.0,0,30.16438
/Users/martin/smart-technologies-ca2/data/IMG/center_2026_08_29_20_20_33_207.jpg,/Users/martin/smart-technologies-ca2/data/IMG/left_2026_08_29_20_20_33_207.jpg,/Users/martin/smart-technologies-ca2/data/IMG/right_2026_08_29_20_20_33_207.jpg,0.5500001,1.0,0,30.1394
/Users/martin/smart-technologies-ca2/data/IMG/center_2026_08_29_20_20_33_276.jpg,/Users/martin/smart-technologies-ca2/data/IMG/left_2026_08_29_20_20_33_276.jpg,/Users/martin/smart-technologies-ca2/data/IMG/right_2026_08_29_20_20_33_276.jpg,0.7,1.0,0,30.12134
/Users/martin/smart-technologies-ca2/data/IMG/center_2026_08_29_20_20_33_345.jpg,/Users/martin/smart-technologies-ca2/data/IMG/left_2026_08_29_20_20_33_345.jpg,/Users/martin/smart-technologies-ca2/data/IMG/right_2026_08_29_20_20_33_345.jpg,0.9000002,1.0,0,30.101
/Users/martin/smart-technologies-ca2/data/IMG/center_2026_08_29_20_20_33_551.jpg,/Users/martin/smart-technologies-ca2/data/IMG/left_2026_08_29_20_20_33_551.jpg,/Users/martin/smart-technologies-ca2/data/IMG/right_2026_08_29_20_20_33_551.jpg,0.1,1.0,0,30.19192
/Users/martin/smart-technologies-ca2/data/IMG/center_2026_08_29_20_20_33_619.jpg,/Users/martin/smart-technologies-ca2/data/IMG/left_2026_08_29_20_20_33_619.jpg,/Users/martin/smart-technologies-ca2/data/IMG/right_2026_08_29_20_20_33_619.jpg,0.25,1.0,0,30.18326
/Users/martin/smart-technologies-ca2/data/IMG/center_2026_08_29_20_20_33_687.jpg,/Users/martin/smart-technologies-ca2/data/IMG/left_2026_08_29_20_20_33_687.jpg,/Users/martin/smart-technologies-ca2/data/IMG/right_2026_08_29_20_20_33_687.jpg,0.45,1.0,0,30.15886
/Users/martin/smart-technologies-ca2/data/IMG/center_2026_08_29_20_20_33_756.jpg,/Users/martin/smart-technologies-ca2/data/IMG/left_2026_08_29_20_20_33_756.jpg,/Users/martin/smart-technologies-ca2/data/IMG/right_2026_08_29_20_20_33_756.jpg,0.6000001,1.0,0,30.138
/Users/martin/smart-technologies-ca2/data/IMG/center_2026_08_29_20_20_34_161.jpg,/Users/martin/smart-technologies-ca2/data/IMG/left_2026_08_29_20_20_34_161.jpg,/Users/martin/smart-technologies-ca2/data/IMG/right_2026_08_29_20_20_34_161.jpg,0.1,1.0,0,30.18846
/Users/martin/smart-technologies-ca2/data/IMG/center_2026_08_29_20_20_34_230.jpg,/Users/martin/smart-technologies-ca2/data/IMG/left_2026_08_29_20_20_34_230.jpg,/Users/martin/smart-technologies-ca2/data/IMG/right_2026_08_29_20_20_34_230.jpg,0.3,1.0,0,30.1702
/Users/martin/smart-technologies-ca2/data/IMG/center_2026_08_29_20_20_34_298.jpg,/Users/martin/smart-technologies-ca2/data/IMG/left_2026_08_29_20_20_34_298.jpg,/Users/martin/smart-technologies-ca2/data/IMG/right_2026_08_29_20_20_34_298.jpg,0.45,1.0,0,30.15211
/Users/martin/smart-technologies-ca2/data/IMG/center_2026_08_29_20_20_34_365.jpg,/Users/martin/smart-technologies-ca2/data/IMG/left_2026_08_29_20_20_34_365.jpg,/Users/martin/smart-technologies-ca2/data/IMG/right_2026_08_29_20_20_34_365.jpg,0.6500001,1.0,0,30.12748
/Users/martin/smart-technologies-ca2/data/IMG/center_2026_08_29_20_20_34_434.jpg,/Users/martin/smart-technologies-ca2/data/IMG/left_2026_08_29_20_20_34_434.jpg,/Users/martin/smart-technologies-ca2/data/IMG/right_2026_08_29_20_20_34_434.jpg,0.8000001,1.0,0,30.11034
/Users/martin/smart-technologies-ca2/data/IMG/center_2026_08_29_20_20_34_503.jpg,/Users/martin/smart-technologies-ca2/data/IMG/left_2026_08_29_20_20_34_503.jpg,/Users/martin/smart-technologies-ca2/data/IMG/right_2026_08_29_20_20_34_503.jpg,0.0,1.0,0,30.17946
/Users/martin/smart-technologies-ca2/data/IMG/center_2026_08_29_20_20_34_572.jpg,/Users/martin/smart-technologies-ca2/data/IMG/left_2026_08_29_20_20_34_572.jpg,/Users/martin/smart-technologies-ca2/data/IMG/right_2026_08_29_20_20_34_572.jpg,0.0,1.0,0,30.18707
/Users/martin/smart-technologies-ca2/data/IMG/center_2026_08_29_20_20_34_844.jpg,/Users/martin/smart-technologies-ca2/data/IMG/left_2026_08_29_20_20_34_844.jpg,/Users/martin/smart-technologies-ca2/data/IMG/right_2026_08_29_20_20_34_844.jpg,0.2,1.0,0,30.18091
/Users/martin/smart-technologies-ca2/data/IMG/center_2026_08_29_20_20_34_913.jpg,/Users/martin/smart-technologies-ca2/data/IMG/left_2026_08_29_20_20_34_913.jpg,/Users/martin/smart-technologies-ca2/data/IMG/right_2026_08_29_20_20_34_913.jpg,0.35,1.0,0,30.16468
/Users/martin/smart-technologies-ca2/data/IMG/center_2026_08_29_20_20_34_981.jpg,/Users/martin/smart-technologies-ca2/data/IMG/left_2026_08_29_20_20_34_981.jpg,/Users/martin/smart-technologies-ca2/data/IMG/right_2026_08_29_20_20_34_981.jpg,0.5000001,1.0,0,30.14619
/Users/martin/smart-technologies-ca2/data/IMG/center_2026_08_29_20_20_35_728.jpg,/Users/martin/smart-technologies-ca2/data/IMG/left_2026_08_29_20_20_35_728.jpg,/Users/martin/smart-technologies-ca2/data/IMG/right_2026_08_29_20_20_35_728.jpg,0.1,1.0,0,30.18769
/Users/martin/smart-technologies-ca2/data/IMG/center_2026_08_29_20_20_35_795.jpg,/Users/martin/smart-technologies-ca2/data/IMG/left_2026_08_29_20_20_35_795.jpg,/Users/martin/smart-technologies-ca2/data/IMG/right_2026_08_29_20_20_35_795.jpg,0.25,1.0,0,30.17473
/Users/martin/smart-technologies-ca2/data/IMG/center_2026_08_29_20_20_35_864.jpg,/Users/martin/smart-technologies-ca2/data/IMG/left_2026_08_29_20_20_35_864.jpg,/Users/martin/smart-technologies-ca2/data/IMG/right_2026_08_29_20_20_35_864.jpg,0.45,1.0,0,30.15138
/Users/martin/smart-technologies-ca2/data/IMG/center_2026_08_29_20_20_35_930.jpg,/Users/martin/smart-technologies-ca2/data/IMG/left_2026_08_29_20_20_35_930.jpg,/Users/martin/smart-technologies-ca2/data/IMG/right_2026_08_29_20_20_35_930.jpg,0.6000001,1.0,0,30.13276
