data/IMG/center_2026_08_28_23_37_49_868.jpg,data/IMG/left_2026_08_28_23_37_49_868.jpg,data/IMG/right_2026_08_28_23_37_49_868.jpg,0.0,1.0,0.0,25.01403
data/IMG/center_2026_08_28_23_37_50_004.jpg,data/IMG/left_2026_08_28_23_37_50_004.jpg,data/IMG/right_2026_08_28_23_37_50_004.jpg,-0.15,1.0,0.0,26.34505
data/IMG/center_2026_08_28_23_37_50_476.jpg,data/IMG/left_2026_08_28_23_37_50_476.jpg,data/IMG/right_2026_08_28_23_37_50_476.jpg,-0.15,1.0,0.0,30.18469
data/IMG/center_2026_08_28_23_37_50_543.jpg,data/IMG/left_2026_08_28_23_37_50_543.jpg,data/IMG/right_2026_08_28_23_37_50_543.jpg,-0.3,1.0,0.0,30.16949
data/IMG/center_2026_08_28_23_37_50_612.jpg,data/IMG/left_2026_08_28_23_37_50_612.jpg,data/IMG/right_2026_08_28_23_37_50_612.jpg,-0.45,1.0,0.0,30.15162
data/IMG/center_2026_08_28_23_37_50_884.jpg,data/IMG/left_2026_08_28_23_37_50_884.jpg,data/IMG/right_2026_08_28_23_37_50_884.jpg,-0.05,1.0,0.0,30.19012
data/IMG/center_2026_08_28_23_37_50_952.jpg,data/IMG/left_2026_08_28_23_37_50_952.jpg,data/IMG/right_2026_08_28_23_37_50_952.jpg,-0.2,1.0,0.0,30.18203
data/IMG/center_2026_08_28_23_37_51_022.jpg,data/IMG/left_2026_08_28_23_37_51_022.jpg,data/IMG/right_2026_08_28_23_37_51_022.jpg,-0.4,1.0,0.0,30.15913
data/IMG/center_2026_08_28_23_37_51_362.jpg,data/IMG/left_2026_08_28_23_37_51_362.jpg,data/IMG/right_2026_08_28_23_37_51_362.jpg,-0.1,1.0,0.0,30.18825
data/IMG/center_2026_08_28_23_37_51_430.jpg,data/IMG/left_2026_08_28_23_37_51_430.jpg,data/IMG/right_2026_08_28_23_37_51_430.jpg,-0.25,1.0,0.0,30.17561
data/IMG/center_2026_08_28_23_37_51_836.jpg,data/IMG/left_2026_08_28_23_37_51_836.jpg,data/IMG/right_2026_08_28_23_37_51_836.jpg,-0.2,1.0,0.0,30.18082
data/IMG/center_2026_08_28_23_37_52_109.jpg,data/IMG/left_2026_08_28_23_37_52_109.jpg,data/IMG/right_2026_08_28_23_37_52_109.jpg,-0.05,1.0,0.0,30.18991
data/IMG/center_2026_08_28_23_37_52_178.jpg,data/IMG/left_2026_08_28_23_37_52_178.jpg,data/IMG/right_2026_08_28_23_37_52_178.jpg,-0.25,1.0,0.0,30.17561
data/IMG/center_2026_08_28_23_37_52_522.jpg,data/IMG/left_2026_08_28_23_37_52_522.jpg,data/IMG/right_2026_08_28_23_37_52_522.jpg,-0.2,1.0,0.0,30.18092
data/IMG/center_2026_08_28_23_37_52_592.jpg,data/IMG/left_2026_08_28_23_37_52_592.jpg,data/IMG/right_2026_08_28_23_37_52_592.jpg,-0.35,1.0,0.0,30.16429
data/IMG/center_2026_08_28_23_37_52_935.jpg,data/IMG/left_2026_08_28_23_37_52_935.jpg,data/IMG/right_2026_08_28_23_37_52_935.jpg,-0.2,1.0,0.0,30.18105
data/IMG/center_2026_08_28_23_37_53_004.jpg,data/IMG/left_2026_08_28_23_37_53_004.jpg,data/IMG/right_2026_08_28_23_37_53_004.jpg,-0.35,1.0,0.0,30.16452
data/IMG/center_2026_08_28_23_37_53_205.jpg,data/IMG/left_2026_08_28_23_37_53_205.jpg,data/IMG/right_2026_08_28_23_37_53_205.jpg,-0.05,1.0,0.0,30.19011
data/IMG/center_2026_08_28_23_37_53_274.jpg,data/IMG/left_2026_08_28_23_37_53_274.jpg,data/IMG/right_2026_08_28_23_37_53_274.jpg,-0.25,1.0,0.0,30.17672
data/IMG/center_2026_08_28_23_37_53_544.jpg,data/IMG/left_2026_08_28_23_37_53_544.jpg,data/IMG/right_2026_08_28_23_37_53_544.jpg,-0.1,1.0,0.0,30.18895
data/IMG/center_2026_08_28_23_37_53_611.jpg,data/IMG/left_2026_08_28_23_37_53_611.jpg,data/IMG/right_2026_08_28_23_37_53_611.jpg,-0.25,1.0,0.0,30.17686
data/IMG/center_2026_08_28_23_37_54_365.jpg,data/IMG/left_2026_08_28_23_37_54_365.jpg,data/IMG/right_2026_08_28_23_37_54_365.jpg,-0.15,1.0,0.0,30.18424
data/IMG/center_2026_08_28_23_37_54_433.jpg,data/IMG/left_2026_08_28_23_37_54_433.jpg,data/IMG/right_2026_08_28_23_37_54_433.jpg,-0.3,1.0,0.0,30.16924
data/IMG/center_2026_08_28_23_37_54_842.jpg,data/IMG/left_2026_08_28_23_37_54_842.jpg,data/IMG/right_2026_08_28_23_37_54_842.jpg,-0.15,1.0,0.0,30.18469
data/IMG/center_2026_08_28_23_37_55_115.jpg,data/IMG/left_2026_08_28_23_37_55_115.jpg,data/IMG/right_2026_08_28_23_37_55_115.jpg,-0.2,1.0,0.0,30.1812
data/IMG/center_2026_08_28_23_37_55_183.jpg,data/IMG/left_2026_08_28_23_37_55_183.jpg,data/IMG/right_2026_08_28_23_37_55_183.jpg,-0.35,1.0,0.0,30.16472
data/IMG/center_2026_08_28_23_37_55_388.jpg,data/IMG/left_2026_08_28_23_37_55_388.jpg,data/IMG/right_2026_08_28_23_37_55_388.jpg,-0.05,1.0,0.0,30.19009
data/IMG/center_2026_08_28_23_37_55_456.jpg,data/IMG/left_2026_08_28_23_37_55_456.jpg,data/IMG/right_2026_08_28_23_37_55_456.jpg,-0.25,1.0,0.0,30.17665
data/IMG/center_2026_08_28_23_37_55_525.jpg,data/IMG/left_2026_08_28_23_37_55_525.jpg,data/IMG/right_2026_08_28_23_37_55_525.jpg,-0.4,1.0,0.0,30.15921
data/IMG/center_2026_08_28_23_37_55_730.jpg,data/IMG/left_2026_08_28_23_37_55_730.jpg,data/IMG/right_2026_08_28_23_37_55_730.jpg,-0.1,1.0,0.0,30.18941
data/IMG/center_2026_08_28_23_37_55_799.jpg,data/IMG/left_2026_08_28_23_37_55_799.jpg,data/IMG/right_2026_08_28_23_37_55_799.jpg,-0.3,1.0,0.0,30.17203
data/IMG/center_2026_08_28_23_37_56_556.jpg,data/IMG/left_2026_08_28_23_37_56_556.jpg,data/IMG/right_2026_08_28_23_37_56_556.jpg,-0.15,1.0,0.0,30.18419
data/IMG/center_2026_08_28_23_37_56_624.jpg,data/IMG/left_2026_08_28_23_37_56_624.jpg,data/IMG/right_2026_08_28_23_37_56_624.jpg,-0.3,1.0,0.0,30.16919
data/IMG/center_2026_08_28_23_37_56_970.jpg,data/IMG/left_2026_08_28_23_37_56_970.jpg,data/IMG/right_2026_08_28_23_37_56_970.jpg,0.0,1.0,0.0,30.19028
data/IMG/center_2026_08_28_23_37_57_038.jpg,data/IMG/left_2026_08_28_23_37_57_038.jpg,data/IMG/right_2026_08_28_23_37_57_038.jpg,-0.2,1.0,0.0,30.18043
data/IMG/center_2026_08_28_23_37_57_378.jpg,data/IMG/left_2026_08_28_23_37_57_378.jpg,data/IMG/right_2026_08_28_23_37_57_378.jpg,-0.1,1.0,0.0,30.18823
data/IMG/center_2026_08_28_23_37_57_445.jpg,data/IMG/left_2026_08_28_23_37_57_445.jpg,data/IMG/right_2026_08_28_23_37_57_445.jpg,-0.25,1.0,0.0,30.17558
data/IMG/center_2026_08_28_23_37_57_721.jpg,data/IMG/left_2026_08_28_23_37_57_721.jpg,data/IMG/right_2026_08_28_23_37_57_721.jpg,-0.1,1.0,0.0,30.18817
data/IMG/center_2026_08_28_23_37_57_790.jpg,data/IMG/left_2026_08_28_23_37_57_790.jpg,data/IMG/right_2026_08_28_23_37_57_790.jpg,-0.25,1.0,0.0,30.17548
data/IMG/center_2026_08_28_23_37_58_060.jpg,data/IMG/left_2026_08_28_23_37_58_060.jpg,data/IMG/right_2026_08_28_23_37_58_060.jpg,-0.2,1.0,0.0,30.18084
data/IMG/center_2026_08_28_23_37_58_337.jpg,data/IMG/left_2026_08_28_23_37_58_337.jpg,data/IMG/right_2026_08_28_23_37_58_337.jpg,-0.05,1.0,0.0,30.18957
data/IMG/center_2026_08_28_23_37_58_404.jpg,data/IMG/left_2026_08_28_23_37_58_404.jpg,data/IMG/right_2026_08_28_23_37_58_404.jpg,-0.2,1.0,0.0,30.18058
data/IMG/center_2026_08_28_23_37_58_678.jpg,data/IMG/left_2026_08_28_23_37_58_678.jpg,data/IMG/right_2026_08_28_23_37_58_678.jpg,-0.15,1.0,0.0,30.18478
data/IMG/center_2026_08_28_23_37_58_748.jpg,data/IMG/left_2026_08_28_23_37_58_748.jpg,data/IMG/right_2026_08_28_23_37_58_748.jpg,-0.3,1.0,0.0,30.16984
data/IMG/center_2026_08_28_23_37_59_022.jpg,data/IMG/left_2026_08_28_23_37_59_022.jpg,data/IMG/right_2026_08_28_23_37_59_022.jpg,-0.1,1.0,0.0,30.18834
data/IMG/center_2026_08_28_23_37_59_089.jpg,data/IMG/left_2026_08_28_23_37_59_089.jpg,data/IMG/right_2026_08_28_23_37_59_089.jpg,-0.25,1.0,0.0,30.17572
data/IMG/center_2026_08_28_23_38_00_108.jpg,data/IMG/left_2026_08_28_23_38_00_108.jpg,data/IMG/right_2026_08_28_23_38_00_108.jpg,-0.05,1.0,0.0,30.18972
data/IMG/center_2026_08_28_23_38_00_315.jpg,data/IMG/left_2026_08_28_23_38_00_315.jpg,data/IMG/right_2026_08_28_23_38_00_315.jpg,0.0,1.0,0.0,30.1903
data/IMG/center_2026_08_28_23_38_00_382.jpg,data/IMG/left_2026_08_28_23_38_00_382.jpg,data/IMG/right_2026_08_28_23_38_00_382.jpg,-0.15,1.0,0.0,30.18445
data/IMG/center_2026_08_28_23_38_00_720.jpg,data/IMG/left_2026_08_28_23_38_00_720.jpg,data/IMG/right_2026_08_28_23_38_00_720.jpg,-0.05,1.0,0.0,30.1898
data/IMG/center_2026_08_28_23_38_00_789.jpg,data/IMG/left_2026_08_28_23_38_00_789.jpg,data/IMG/right_2026_08_28_23_38_00_789.jpg,-0.2,1.0,0.0,30.18016
data/IMG/center_2026_08_28_23_38_01_125.jpg,data/IMG/left_2026_08_28_23_38_01_125.jpg,data/IMG/right_2026_08_28_23_38_01_125.jpg,-0.15,1.0,0.0,30.18507
data/IMG/center_2026_08_28_23_38_01_600.jpg,data/IMG/left_2026_08_28_23_38_01_600.jpg,data/IMG/right_2026_08_28_23_38_01_600.jpg,-0.2,1.0,0.0,30.18007
data/IMG/center_2026_08_28_23_38_01_940.jpg,data/IMG/left_2026_08_28_23_38_01_940.jpg,data/IMG/right_2026_08_28_23_38_01_940.jpg,-0.05,1.0,0.0,30.18982
data/IMG/center_2026_08_28_23_38_02_009.jpg,data/IMG/left_2026_08_28_23_38_02_009.jpg,data/IMG/right_2026_08_28_23_38_02_009.jpg,-0.2,1.0,0.0,30.18027
data/IMG/center_2026_08_28_23_38_02_486.jpg,data/IMG/left_2026_08_28_23_38_02_486.jpg,data/IMG/right_2026_08_28_23_38_02_486.jpg,0.0,1.0,0.0,30.19028
data/IMG/center_2026_08_28_23_38_02_826.jpg,data/IMG/left_2026_08_28_23_38_02_826.jpg,data/IMG/right_2026_08_28_23_38_02_826.jpg,-0.15,1.0,0.0,30.18421
data/IMG/center_2026_08_28_23_38_03_302.jpg,data/IMG/left_2026_08_28_23_38_03_302.jpg,data/IMG/right_2026_08_28_23_38_03_302.jpg,-0.1,1.0,0.0,30.18772
data/IMG/center_2026_08_28_23_38_03_777.jpg,data/IMG/left_2026_08_28_23_38_03_777.jpg,data/IMG/right_2026_08_28_23_38_03_777.jpg,-0.1,1.0,0.0,30.18776
data/IMG/center_2026_08_28_23_38_04_186.jpg,data/IMG/left_2026_08_28_23_38_04_186.jpg,data/IMG/right_2026_08_28_23_38_04_186.jpg,-0.05,1.0,0.0,30.18973
data/IMG/center_2026_08_28_23_38_04_254.jpg,data/IMG/left_2026_08_28_23_38_04_254.jpg,data/IMG/right_2026_08_28_23_38_04_254.jpg,-0.25,1.0,0.0,30.17485
data/IMG/center_2026_08_28_23_38_05_061.jpg,data/IMG/left_2026_08_28_23_38_05_061.jpg,data/IMG/right_2026_08_28_23_38_05_061.jpg,-0.15,1.0,0.0,30.18419
data/IMG/center_2026_08_28_23_38_05_469.jpg,data/IMG/left_2026_08_28_23_38_05_469.jpg,data/IMG/right_2026_08_28_23_38_05_469.jpg,-0.05,1.0,0.0,30.18977
data/IMG/center_2026_08_28_23_38_05_536.jpg,data/IMG/left_2026_08_28_23_38_05_536.jpg,data/IMG/right_2026_08_28_23_38_05_536.jpg,-0.25,1.0,0.0,30.17495
data/IMG/center_2026_08_28_23_38_07_161.jpg,data/IMG/left_2026_08_28_23_38_07_161.jpg,data/IMG/right_2026_08_28_23_38_07_161.jpg,-0.05,1.0,0.0,30.18971
data/IMG/center_2026_08_28_23_38_07_231.jpg,data/IMG/left_2026_08_28_23_38_07_231.jpg,data/IMG/right_2026_08_28_23_38_07_231.jpg,-0.2,1.0,0.0,30.17982
data/IMG/center_2026_08_28_23_38_07_300.jpg,data/IMG/left_2026_08_28_23_38_07_300.jpg,data/IMG/right_2026_08_28_23_38_07_300.jpg,-0.4,1.0,0.0,30.15748
data/IMG/center_2026_08_28_23_38_08_042.jpg,data/IMG/left_2026_08_28_23_38_08_042.jpg,data/IMG/right_2026_08_28_23_38_08_042.jpg,0.05,1.0,0.0,30.18975
data/IMG/center_2026_08_28_23_38_11_032.jpg,data/IMG/left_2026_08_28_23_38_11_032.jpg,data/IMG/right_2026_08_28_23_38_11_032.jpg,-0.05,1.0,0.0,30.18972
data/IMG/center_2026_08_28_23_38_11_101.jpg,data/IMG/left_2026_08_28_23_38_11_101.jpg,data/IMG/right_2026_08_28_23_38_11_101.jpg,-0.25,1.0,0.0,30.17477
data/IMG/center_2026_08_28_23_38_12_327.jpg,data/IMG/left_2026_08_28_23_38_12_327.jpg,data/IMG/right_2026_08_28_23_38_12_327.jpg,-0.05,1.0,0.0,30.18972
data/IMG/center_2026_08_28_23_38_12_396.jpg,data/IMG/left_2026_08_28_23_38_12_396.jpg,data/IMG/right_2026_08_28_23_38_12_396.jpg,-0.25,1.0,0.0,30.17474
data/IMG/center_2026_08_28_23_38_14_032.jpg,data/IMG/left_2026_08_28_23_38_14_032.jpg,data/IMG/right_2026_08_28_23_38_14_032.jpg,-0.05,1.0,0.0,30.18973
data/IMG/center_2026_08_28_23_38_14_099.jpg,data/IMG/left_2026_08_28_23_38_14_099.jpg,data/IMG/right_2026_08_28_23_38_14_099.jpg,-0.25,1.0,0.0,30.17499
data/IMG/center_2026_08_28_23_38_14_166.jpg,data/IMG/left_2026_08_28_23_38_14_166.jpg,data/IMG/right_2026_08_28_23_38_14_166.jpg,-0.4,1.0,0.0,30.15747
data/IMG/center_2026_08_28_23_38_14_646.jpg,data/IMG/left_2026_08_28_23_38_14_646.jpg,data/IMG/right_2026_08_28_23_38_14_646.jpg,0.15,1.0,0.0,30.18357
data/IMG/center_2026_08_28_23_38_17_721.jpg,data/IMG/left_2026_08_28_23_38_17_721.jpg,data/IMG/right_2026_08_28_23_38_17_721.jpg,0.0,1.0,0.0,30.19029
data/IMG/center_2026_08_28_23_38_17_927.jpg,data/IMG/left_2026_08_28_23_38_17_927.jpg,data/IMG/right_2026_08_28_23_38_17_927.jpg,-0.05,1.0,0.0,30.18974
data/IMG/center_2026_08_28_23_38_17_994.jpg,data/IMG/left_2026_08_28_23_38_17_994.jpg,data/IMG/right_2026_08_28_23_38_17_994.jpg,-0.25,1.0,0.0,30.17476
data/IMG/center_2026_08_28_23_38_18_061.jpg,data/IMG/left_2026_08_28_23_38_18_061.jpg,data/IMG/right_2026_08_28_23_38_18_061.jpg,-0.4,1.0,0.0,30.15753
data/IMG/center_2026_08_28_23_38_18_131.jpg,data/IMG/left_2026_08_28_23_38_18_131.jpg,data/IMG/right_2026_08_28_23_38_18_131.jpg,-0.5500001,1.0,0.0,30.13919
data/IMG/center_2026_08_28_23_38_18_538.jpg,data/IMG/left_2026_08_28_23_38_18_538.jpg,data/IMG/right_2026_08_28_23_38_18_538.jpg,0.2,1.0,0.0,30.17828
data/IMG/center_2026_08_28_23_38_19_627.jpg,data/IMG/left_2026_08_28_23_38_19_627.jpg,data/IMG/right_2026_08_28_23_38_19_627.jpg,0.0,1.0,0.0,30.19045
data/IMG/center_2026_08_28_23_38_21_267.jpg,data/IMG/left_2026_08_28_23_38_21_267.jpg,data/IMG/right_2026_08_28_23_38_21_267.jpg,0.0,1.0,0.0,30.19036
data/IMG/center_2026_08_28_23_38_21_743.jpg,data/IMG/left_2026_08_28_23_38_21_743.jpg,data/IMG/right_2026_08_28_23_38_21_743.jpg,-0.1,1.0,0.0,30.18766
data/IMG/center_2026_08_28_23_38_21_815.jpg,data/IMG/left_2026_08_28_23_38_21_815.jpg,data/IMG/right_2026_08_28_23_38_21_815.jpg,-0.3,1.0,0.0,30.16906
data/IMG/center_2026_08_28_23_38_21_882.jpg,data/IMG/left_2026_08_28_23_38_21_882.jpg,data/IMG/right_2026_08_28_23_38_21_882.jpg,-0.45,1.0,0.0,30.1515
data/IMG/center_2026_08_28_23_38_23_041.jpg,data/IMG/left_2026_08_28_23_38_23_041.jpg,data/IMG/right_2026_08_28_23_38_23_041.jpg,0.0,1.0,0.0,30.19029
data/IMG/center_2026_08_28_23_38_23_316.jpg,data/IMG/left_2026_08_28_23_38_23_316.jpg,data/IMG/right_2026_08_28_23_38_23_316.jpg,-0.2,1.0,0.0,30.17984
data/IMG/center_2026_08_28_23_38_23_385.jpg,data/IMG/left_2026_08_28_23_38_23_385.jpg,data/IMG/right_2026_08_28_23_38_23_385.jpg,-0.35,1.0,0.0,30.16345
data/IMG/center_2026_08_28_23_38_23_729.jpg,data/IMG/left_2026_08_28_23_38_23_729.jpg,data/IMG/right_2026_08_28_23_38_23_729.jpg,-0.15,1.0,0.0,30.18568
data/IMG/center_2026_08_28_23_38_23_799.jpg,data/IMG/left_2026_08_28_23_38_23_799.jpg,data/IMG/right_2026_08_28_23_38_23_799.jpg,-0.35,1.0,0.0,30.16503
data/IMG/center_2026_08_28_23_38_24_415.jpg,data/IMG/left_2026_08_28_23_38_24_415.jpg,data/IMG/right_2026_08_28_23_38_24_415.jpg,-0.2,1.0,0.0,30.17989
data/IMG/center_2026_08_28_23_38_24_822.jpg,data/IMG/left_2026_08_28_23_38_24_822.jpg,data/IMG/right_2026_08_28_23_38_24_822.jpg,-0.05,1.0,0.0,30.18975
data/IMG/center_2026_08_28_23_38_24_890.jpg,data/IMG/left_2026_08_28_23_38_24_890.jpg,data/IMG/right_2026_08_28_23_38_24_890.jpg,-0.2,1.0,0.0,30.18009
data/IMG/center_2026_08_28_23_38_25_230.jpg,data/IMG/left_2026_08_28_23_38_25_230.jpg,data/IMG/right_2026_08_28_23_38_25_230.jpg,-0.1,1.0,0.0,30.18823
data/IMG/center_2026_08_28_23_38_25_298.jpg,data/IMG/left_2026_08_28_23_38_25_298.jpg,data/IMG/right_2026_08_28_23_38_25_298.jpg,-0.3,1.0,0.0,30.17004
data/IMG/center_2026_08_28_23_38_25_978.jpg,data/IMG/left_2026_08_28_23_38_25_978.jpg,data/IMG/right_2026_08_28_23_38_25_978.jpg,-0.15,1.0,0.0,30.18426
data/IMG/center_2026_08_28_23_38_26_183.jpg,data/IMG/left_2026_08_28_23_38_26_183.jpg,data/IMG/right_2026_08_28_23_38_26_183.jpg,-0.15,1.0,0.0,30.18607
data/IMG/center_2026_08_28_23_38_26_250.jpg,data/IMG/left_2026_08_28_23_38_26_250.jpg,data/IMG/right_2026_08_28_23_38_26_250.jpg,-0.3,1.0,0.0,30.17136
data/IMG/center_2026_08_28_23_38_26_317.jpg,data/IMG/left_2026_08_28_23_38_26_317.jpg,data/IMG/right_2026_08_28_23_38_26_317.jpg,0.0,1.0,0.0,30.17969
data/IMG/center_2026_08_28_23_38_26_934.jpg,data/IMG/left_2026_08_28_23_38_26_934.jpg,data/IMG/right_2026_08_28_23_38_26_934.jpg,-0.05,1.0,0.0,30.18972
data/IMG/center_2026_08_28_23_38_27_002.jpg,data/IMG/left_2026_08_28_23_38_27_002.jpg,data/IMG/right_2026_08_28_23_38_27_002.jpg,-0.2,1.0,0.0,30.17984
data/IMG/center_2026_08_28_23_38_27_275.jpg,data/IMG/left_2026_08_28_23_38_27_275.jpg,data/IMG/right_2026_08_28_23_38_27_275.jpg,-0.1,1.0,0.0,30.18826
data/IMG/center_2026_08_28_23_38_27_344.jpg,data/IMG/left_2026_08_28_23_38_27_344.jpg,data/IMG/right_2026_08_28_23_38_27_344.jpg,-0.25,1.0,0.0,30.17559
data/IMG/center_2026_08_28_23_38_27_619.jpg,data/IMG/left_2026_08_28_23_38_27_619.jpg,data/IMG/right_2026_08_28_23_38_27_619.jpg,-0.15,1.0,0.0,30.18544
data/IMG/center_2026_08_28_23_38_27_686.jpg,data/IMG/left_2026_08_28_23_38_27_686.jpg,data/IMG/right_2026_08_28_23_38_27_686.jpg,-0.3,1.0,0.0,30.17089
data/IMG/center_2026_08_28_23_38_27_756.jpg,data/IMG/left_2026_08_28_23_38_27_756.jpg,data/IMG/right_2026_08_28_23_38_27_756.jpg,-0.5000001,1.0,0.0,30.14629
data/IMG/center_2026_08_28_23_38_28_298.jpg,data/IMG/left_2026_08_28_23_38_28_298.jpg,data/IMG/right_2026_08_28_23_38_28_298.jpg,-0.05,0.5535553,0.0,30.08703
data/IMG/center_2026_08_28_23_38_28_367.jpg,data/IMG/left_2026_08_28_23_38_28_367.jpg,data/IMG/right_2026_08_28_23_38_28_367.jpg,-0.2,0.4003121,0.0,30.03209
data/IMG/center_2026_08_28_23_38_28_436.jpg,data/IMG/left_2026_08_28_23_38_28_436.jpg,data/IMG/right_2026_08_28_23_38_28_436.jpg,-0.4,0.6438309,0.0,30.05615
data/IMG/center_2026_08_28_23_38_28_639.jpg,data/IMG/left_2026_08_28_23_38_28_639.jpg,data/IMG/right_2026_08_28_23_38_28_639.jpg,-0.15,0.3246909,0.0,30.02658
data/IMG/center_2026_08_28_23_38_28_707.jpg,data/IMG/left_2026_08_28_23_38_28_707.jpg,data/IMG/right_2026_08_28_23_38_28_707.jpg,-0.3,0.2048259,0.0,29.95424
data/IMG/center_2026_08_28_23_38_28_775.jpg,data/IMG/left_2026_08_28_23_38_28_775.jpg,data/IMG/right_2026_08_28_23_38_28_775.jpg,-0.5000001,0.4450867,0.0,29.88828
data/IMG/center_2026_08_28_23_38_28_841.jpg,data/IMG/left_2026_08_28_23_38_28_841.jpg,data/IMG/right_2026_08_28_23_38_28_841.jpg,-0.6500001,0.6233166,0.0,29.92713
data/IMG/center_2026_08_28_23_38_29_244.jpg,data/IMG/left_2026_08_28_23_38_29_244.jpg,data/IMG/right_2026_08_28_23_38_29_244.jpg,0.05,0.9321276,0.0,30.16126
data/IMG/center_2026_08_28_23_38_29_314.jpg,data/IMG/left_2026_08_28_23_38_29_314.jpg,data/IMG/right_2026_08_28_23_38_29_314.jpg,0.25,1.0,0.0,30.17435
data/IMG/center_2026_08_28_23_38_29_519.jpg,data/IMG/left_2026_08_28_23_38_29_519.jpg,data/IMG/right_2026_08_28_23_38_29_519.jpg,-0.15,1.0,0.0,30.18271
data/IMG/center_2026_08_28_23_38_29_586.jpg,data/IMG/left_2026_08_28_23_38_29_586.jpg,data/IMG/right_2026_08_28_23_38_29_586.jpg,-0.3,1.0,0.0,30.1676
data/IMG/center_2026_08_28_23_38_29_926.jpg,data/IMG/left_2026_08_28_23_38_29_926.jpg,data/IMG/right_2026_08_28_23_38_29_926.jpg,-0.1,1.0,0.0,30.18849
data/IMG/center_2026_08_28_23_38_29_995.jpg,data/IMG/left_2026_08_28_23_38_29_995.jpg,data/IMG/right_2026_08_28_23_38_29_995.jpg,-0.3,1.0,0.0,30.17044
data/IMG/center_2026_08_28_23_38_30_064.jpg,data/IMG/left_2026_08_28_23_38_30_064.jpg,data/IMG/right_2026_08_28_23_38_30_064.jpg,-0.45,1.0,0.0,30.15237
data/IMG/center_2026_08_28_23_38_30_338.jpg,data/IMG/left_2026_08_28_23_38_30_338.jpg,data/IMG/right_2026_08_28_23_38_30_338.jpg,-0.05,1.0,0.0,30.19023
data/IMG/center_2026_08_28_23_38_30_406.jpg,data/IMG/left_2026_08_28_23_38_30_406.jpg,data/IMG/right_2026_08_28_23_38_30_406.jpg,-0.2,1.0,0.0,30.18321
data/IMG/center_2026_08_28_23_38_30_610.jpg,data/IMG/left_2026_08_28_23_38_30_610.jpg,data/IMG/right_2026_08_28_23_38_30_610.jpg,-0.05,1.0,0.0,30.18995
data/IMG/center_2026_08_28_23_38_30_677.jpg,data/IMG/left_2026_08_28_23_38_30_677.jpg,data/IMG/right_2026_08_28_23_38_30_677.jpg,-0.25,1.0,0.0,30.17579
data/IMG/center_2026_08_28_23_38_30_744.jpg,data/IMG/left_2026_08_28_23_38_30_744.jpg,data/IMG/right_2026_08_28_23_38_30_744.jpg,0.0,1.0,0.0,30.18944
data/IMG/center_2026_08_28_23_38_30_878.jpg,data/IMG/left_2026_08_28_23_38_30_878.jpg,data/IMG/right_2026_08_28_23_38_30_878.jpg,-0.05,1.0,0.0,30.19009
data/IMG/center_2026_08_28_23_38_30_945.jpg,data/IMG/left_2026_08_28_23_38_30_945.jpg,data/IMG/right_2026_08_28_23_38_30_945.jpg,-0.2,1.0,0.0,30.18098
data/IMG/center_2026_08_28_23_38_31_218.jpg,data/IMG/left_2026_08_28_23_38_31_218.jpg,data/IMG/right_2026_08_28_23_38_31_218.jpg,-0.05,1.0,0.0,30.19008
data/IMG/center_2026_08_28_23_38_31_287.jpg,data/IMG/left_2026_08_28_23_38_31_287.jpg,data/IMG/right_2026_08_28_23_38_31_287.jpg,-0.2,1.0,0.0,30.1815
data/IMG/center_2026_08_28_23_38_31_354.jpg,data/IMG/left_2026_08_28_23_38_31_354.jpg,data/IMG/right_2026_08_28_23_38_31_354.jpg,-0.4,1.0,0.0,30.15889
data/IMG/center_2026_08_28_23_38_31_628.jpg,data/IMG/left_2026_08_28_23_38_31_628.jpg,data/IMG/right_2026_08_28_23_38_31_628.jpg,-0.15,1.0,0.0,30.18651
data/IMG/center_2026_08_28_23_38_31_698.jpg,data/IMG/left_2026_08_28_23_38_31_698.jpg,data/IMG/right_2026_08_28_23_38_31_698.jpg,-0.35,1.0,0.0,30.16603
data/IMG/center_2026_08_28_23_38_31_971.jpg,data/IMG/left_2026_08_28_23_38_31_971.jpg,data/IMG/right_2026_08_28_23_38_31_971.jpg,-0.05,1.0,0.0,30.18998
data/IMG/center_2026_08_28_23_38_32_038.jpg,data/IMG/left_2026_08_28_23_38_32_038.jpg,data/IMG/right_2026_08_28_23_38_32_038.jpg,-0.25,1.0,0.0,30.17599
data/IMG/center_2026_08_28_23_38_32_173.jpg,data/IMG/left_2026_08_28_23_38_32_173.jpg,data/IMG/right_2026_08_28_23_38_32_173.jpg,0.0,1.0,0.0,30.18958
data/IMG/center_2026_08_28_23_38_32_381.jpg,data/IMG/left_2026_08_28_23_38_32_381.jpg,data/IMG/right_2026_08_28_23_38_32_381.jpg,-0.2,1.0,0.0,30.18125
data/IMG/center_2026_08_28_23_38_32_656.jpg,data/IMG/left_2026_08_28_23_38_32_656.jpg,data/IMG/right_2026_08_28_23_38_32_656.jpg,-0.05,1.0,0.0,30.18999
data/IMG/center_2026_08_28_23_38_32_726.jpg,data/IMG/left_2026_08_28_23_38_32_726.jpg,data/IMG/right_2026_08_28_23_38_32_726.jpg,-0.2,1.0,0.0,30.18098
data/IMG/center_2026_08_28_23_38_33_135.jpg,data/IMG/left_2026_08_28_23_38_33_135.jpg,data/IMG/right_2026_08_28_23_38_33_135.jpg,-0.15,1.0,0.0,30.18449
data/IMG/center_2026_08_28_23_38_33_612.jpg,data/IMG/left_2026_08_28_23_38_33_612.jpg,data/IMG/right_2026_08_28_23_38_33_612.jpg,-0.1,1.0,0.0,30.18784
data/IMG/center_2026_08_28_23_38_33_681.jpg,data/IMG/left_2026_08_28_23_38_33_681.jpg,data/IMG/right_2026_08_28_23_38_33_681.jpg,-0.3,1.0,0.0,30.16944
data/IMG/center_2026_08_28_23_38_34_577.jpg,data/IMG/left_2026_08_28_23_38_34_577.jpg,data/IMG/right_2026_08_28_23_38_34_577.jpg,-0.2,1.0,0.0,30.17983
data/IMG/center_2026_08_28_23_38_34_718.jpg,data/IMG/left_2026_08_28_23_38_34_718.jpg,data/IMG/right_2026_08_28_23_38_34_718.jpg,0.0,1.0,0.0,30.18964
data/IMG/center_2026_08_28_23_38_34_789.jpg,data/IMG/left_2026_08_28_23_38_34_789.jpg,data/IMG/right_2026_08_28_23_38_34_789.jpg,0.0,1.0,0.0,30.1902
data/IMG/center_2026_08_28_23_38_34_994.jpg,data/IMG/left_2026_08_28_23_38_34_994.jpg,data/IMG/right_2026_08_28_23_38_34_994.jpg,-0.05,1.0,0.0,30.1898
data/IMG/center_2026_08_28_23_38_35_199.jpg,data/IMG/left_2026_08_28_23_38_35_199.jpg,data/IMG/right_2026_08_28_23_38_35_199.jpg,0.0,1.0,0.0,30.1903
data/IMG/center_2026_08_28_23_38_35_406.jpg,data/IMG/left_2026_08_28_23_38_35_406.jpg,data/IMG/right_2026_08_28_23_38_35_406.jpg,-0.05,1.0,0.0,30.18972
data/IMG/center_2026_08_28_23_38_35_476.jpg,data/IMG/left_2026_08_28_23_38_35_476.jpg,data/IMG/right_2026_08_28_23_38_35_476.jpg,-0.25,1.0,0.0,30.17489
data/IMG/center_2026_08_28_23_38_35_889.jpg,data/IMG/left_2026_08_28_23_38_35_889.jpg,data/IMG/right_2026_08_28_23_38_35_889.jpg,-0.05,1.0,0.0,30.18981
data/IMG/center_2026_08_28_23_38_36_165.jpg,data/IMG/left_2026_08_28_23_38_36_165.jpg,data/IMG/right_2026_08_28_23_38_36_165.jpg,0.0,1.0,0.0,30.19031
data/IMG/center_2026_08_28_23_38_36_370.jpg,data/IMG/left_2026_08_28_23_38_36_370.jpg,data/IMG/right_2026_08_28_23_38_36_370.jpg,-0.05,1.0,0.0,30.18959
data/IMG/center_2026_08_28_23_38_36_851.jpg,data/IMG/left_2026_08_28_23_38_36_851.jpg,data/IMG/right_2026_08_28_23_38_36_851.jpg,-0.05,1.0,0.0,30.18977
data/IMG/center_2026_08_28_23_38_36_918.jpg,data/IMG/left_2026_08_28_23_38_36_918.jpg,data/IMG/right_2026_08_28_23_38_36_918.jpg,-0.25,1.0,0.0,30.17485
data/IMG/center_2026_08_28_23_38_37_399.jpg,data/IMG/left_2026_08_28_23_38_37_399.jpg,data/IMG/right_2026_08_28_23_38_37_399.jpg,-0.05,1.0,0.0,30.18973
data/IMG/center_2026_08_28_23_38_37_468.jpg,data/IMG/left_2026_08_28_23_38_37_468.jpg,data/IMG/right_2026_08_28_23_38_37_468.jpg,-0.2,1.0,0.0,30.17991
data/IMG/center_2026_08_28_23_38_37_605.jpg,data/IMG/left_2026_08_28_23_38_37_605.jpg,data/IMG/right_2026_08_28_23_38_37_605.jpg,0.0,1.0,0.0,30.19017
data/IMG/center_2026_08_28_23_38_38_972.jpg,data/IMG/left_2026_08_28_23_38_38_972.jpg,data/IMG/right_2026_08_28_23_38_38_972.jpg,-0.15,1.0,0.0,30.18423
data/IMG/center_2026_08_28_23_38_39_173.jpg,data/IMG/left_2026_08_28_23_38_39_173.jpg,data/IMG/right_2026_08_28_23_38_39_173.jpg,0.0,1.0,0.0,30.19008
data/IMG/center_2026_08_28_23_38_39_722.jpg,data/IMG/left_2026_08_28_23_38_39_722.jpg,data/IMG/right_2026_08_28_23_38_39_722.jpg,0.0,1.0,0.0,30.04065
data/IMG/center_2026_08_28_23_38_40_065.jpg,data/IMG/left_2026_08_28_23_38_40_065.jpg,data/IMG/right_2026_08_28_23_38_40_065.jpg,-0.15,1.0,0.0,30.18387
data/IMG/center_2026_08_28_23_38_41_169.jpg,data/IMG/left_2026_08_28_23_38_41_169.jpg,data/IMG/right_2026_08_28_23_38_41_169.jpg,-0.15,1.0,0.0,30.18393
data/IMG/center_2026_08_28_23_38_42_212.jpg,data/IMG/left_2026_08_28_23_38_42_212.jpg,data/IMG/right_2026_08_28_23_38_42_212.jpg,0.0,1.0,0.0,30.18998
data/IMG/center_2026_08_28_23_38_46_481.jpg,data/IMG/left_2026_08_28_23_38_46_481.jpg,data/IMG/right_2026_08_28_23_38_46_481.jpg,0.0,1.0,0.0,30.18993
data/IMG/center_2026_08_28_23_38_46_898.jpg,data/IMG/left_2026_08_28_23_38_46_898.jpg,data/IMG/right_2026_08_28_23_38_46_898.jpg,-0.1,1.0,0.0,30.18741
data/IMG/center_2026_08_28_23_38_46_969.jpg,data/IMG/left_2026_08_28_23_38_46_969.jpg,data/IMG/right_2026_08_28_23_38_46_969.jpg,-0.25,1.0,0.0,30.17462
data/IMG/center_2026_08_28_23_38_47_037.jpg,data/IMG/left_2026_08_28_23_38_47_037.jpg,data/IMG/right_2026_08_28_23_38_47_037.jpg,-0.45,1.0,0.0,30.15147
data/IMG/center_2026_08_28_23_38_47_952.jpg,data/IMG/left_2026_08_28_23_38_47_952.jpg,data/IMG/right_2026_08_28_23_38_47_952.jpg,0.0,1.0,0.0,30.18888
data/IMG/center_2026_08_28_23_38_49_607.jpg,data/IMG/left_2026_08_28_23_38_49_607.jpg,data/IMG/right_2026_08_28_23_38_49_607.jpg,-0.15,1.0,0.0,30.18422
data/IMG/center_2026_08_28_23_38_49_675.jpg,data/IMG/left_2026_08_28_23_38_49_675.jpg,data/IMG/right_2026_08_28_23_38_49_675.jpg,-0.35,1.0,0.0,30.16347
data/IMG/center_2026_08_28_23_38_49_746.jpg,data/IMG/left_2026_08_28_23_38_49_746.jpg,data/IMG/right_2026_08_28_23_38_49_746.jpg,-0.5000001,1.0,0.0,30.14537
data/IMG/center_2026_08_28_23_38_50_229.jpg,data/IMG/left_2026_08_28_23_38_50_229.jpg,data/IMG/right_2026_08_28_23_38_50_229.jpg,-0.1,1.0,0.0,30.18801
data/IMG/center_2026_08_28_23_38_50_299.jpg,data/IMG/left_2026_08_28_23_38_50_299.jpg,data/IMG/right_2026_08_28_23_38_50_299.jpg,-0.3,1.0,0.0,30.16963
data/IMG/center_2026_08_28_23_38_50_782.jpg,data/IMG/left_2026_08_28_23_38_50_782.jpg,data/IMG/right_2026_08_28_23_38_50_782.jpg,-0.05,1.0,0.0,30.18975
data/IMG/center_2026_08_28_23_38_50_849.jpg,data/IMG/left_2026_08_28_23_38_50_849.jpg,data/IMG/right_2026_08_28_23_38_50_849.jpg,-0.2,1.0,0.0,30.1801
data/IMG/center_2026_08_28_23_38_50_917.jpg,data/IMG/left_2026_08_28_23_38_50_917.jpg,data/IMG/right_2026_08_28_23_38_50_917.jpg,-0.4,1.0,0.0,30.1577
data/IMG/center_2026_08_28_23_38_51_331.jpg,data/IMG/left_2026_08_28_23_38_51_331.jpg,data/IMG/right_2026_08_28_23_38_51_331.jpg,-0.05,1.0,0.0,30.18982
data/IMG/center_2026_08_28_23_38_51_401.jpg,data/IMG/left_2026_08_28_23_38_51_401.jpg,data/IMG/right_2026_08_28_23_38_51_401.jpg,-0.25,1.0,0.0,30.17574
data/IMG/center_2026_08_28_23_38_51_468.jpg,data/IMG/left_2026_08_28_23_38_51_468.jpg,data/IMG/right_2026_08_28_23_38_51_468.jpg,-0.4,1.0,0.0,30.15789
data/IMG/center_2026_08_28_23_38_51_539.jpg,data/IMG/left_2026_08_28_23_38_51_539.jpg,data/IMG/right_2026_08_28_23_38_51_539.jpg,-0.6000001,1.0,0.0,30.13342
data/IMG/center_2026_08_28_23_38_51_818.jpg,data/IMG/left_2026_08_28_23_38_51_818.jpg,data/IMG/right_2026_08_28_23_38_51_818.jpg,-0.2,1.0,0.0,30.18315
data/IMG/center_2026_08_28_23_38_52_025.jpg,data/IMG/left_2026_08_28_23_38_52_025.jpg,data/IMG/right_2026_08_28_23_38_52_025.jpg,-0.1,1.0,0.0,30.18887
data/IMG/center_2026_08_28_23_38_52_098.jpg,data/IMG/left_2026_08_28_23_38_52_098.jpg,data/IMG/right_2026_08_28_23_38_52_098.jpg,-0.3,1.0,0.0,30.17175
data/IMG/center_2026_08_28_23_38_52_165.jpg,data/IMG/left_2026_08_28_23_38_52_165.jpg,data/IMG/right_2026_08_28_23_38_52_165.jpg,-0.45,1.0,0.0,30.15281
data/IMG/center_2026_08_28_23_38_52_236.jpg,data/IMG/left_2026_08_28_23_38_52_236.jpg,data/IMG/right_2026_08_28_23_38_52_236.jpg,-0.6500001,1.0,0.0,30.12791
data/IMG/center_2026_08_28_23_38_52_303.jpg,data/IMG/left_2026_08_28_23_38_52_303.jpg,data/IMG/right_2026_08_28_23_38_52_303.jpg,-0.8000001,1.0,0.0,30.11018
data/IMG/center_2026_08_28_23_38_52_370.jpg,data/IMG/left_2026_08_28_23_38_52_370.jpg,data/IMG/right_2026_08_28_23_38_52_370.jpg,-0.9500002,1.0,0.0,30.09749
data/IMG/center_2026_08_28_23_38_52_842.jpg,data/IMG/left_2026_08_28_23_38_52_842.jpg,data/IMG/right_2026_08_28_23_38_52_842.jpg,-0.1,1.0,0.0,30.18818
data/IMG/center_2026_08_28_23_38_52_915.jpg,data/IMG/left_2026_08_28_23_38_52_915.jpg,data/IMG/right_2026_08_28_23_38_52_915.jpg,-0.3,1.0,0.0,30.16652
data/IMG/center_2026_08_28_23_38_52_987.jpg,data/IMG/left_2026_08_28_23_38_52_987.jpg,data/IMG/right_2026_08_28_23_38_52_987.jpg,-0.45,1.0,0.0,30.15197
data/IMG/center_2026_08_28_23_38_53_198.jpg,data/IMG/left_2026_08_28_23_38_53_198.jpg,data/IMG/right_2026_08_28_23_38_53_198.jpg,-0.2,1.0,0.0,30.18256
data/IMG/center_2026_08_28_23_38_53_265.jpg,data/IMG/left_2026_08_28_23_38_53_265.jpg,data/IMG/right_2026_08_28_23_38_53_265.jpg,-0.35,1.0,0.0,30.16738
data/IMG/center_2026_08_28_23_38_53_336.jpg,data/IMG/left_2026_08_28_23_38_53_336.jpg,data/IMG/right_2026_08_28_23_38_53_336.jpg,-0.5500001,1.0,0.0,30.14164
data/IMG/center_2026_08_28_23_38_53_403.jpg,data/IMG/left_2026_08_28_23_38_53_403.jpg,data/IMG/right_2026_08_28_23_38_53_403.jpg,-0.7,1.0,0.0,30.12288
data/IMG/center_2026_08_28_23_38_53_611.jpg,data/IMG/left_2026_08_28_23_38_53_611.jpg,data/IMG/right_2026_08_28_23_38_53_611.jpg,-0.15,1.0,0.0,30.18958
data/IMG/center_2026_08_28_23_38_53_681.jpg,data/IMG/left_2026_08_28_23_38_53_681.jpg,data/IMG/right_2026_08_28_23_38_53_681.jpg,-0.35,1.0,0.0,30.17017
data/IMG/center_2026_08_28_23_38_53_886.jpg,data/IMG/left_2026_08_28_23_38_53_886.jpg,data/IMG/right_2026_08_28_23_38_53_886.jpg,-0.1,1.0,0.0,30.19012
data/IMG/center_2026_08_28_23_38_53_958.jpg,data/IMG/left_2026_08_28_23_38_53_958.jpg,data/IMG/right_2026_08_28_23_38_53_958.jpg,-0.3,1.0,0.0,30.17328
data/IMG/center_2026_08_28_23_38_54_025.jpg,data/IMG/left_2026_08_28_23_38_54_025.jpg,data/IMG/right_2026_08_28_23_38_54_025.jpg,-0.45,1.0,0.0,30.15451
data/IMG/center_2026_08_28_23_38_54_303.jpg,data/IMG/left_2026_08_28_23_38_54_303.jpg,data/IMG/right_2026_08_28_23_38_54_303.jpg,-0.2,1.0,0.0,30.18397
data/IMG/center_2026_08_28_23_38_54_442.jpg,data/IMG/left_2026_08_28_23_38_54_442.jpg,data/IMG/right_2026_08_28_23_38_54_442.jpg,-0.05,1.0,0.0,30.19018
data/IMG/center_2026_08_28_23_38_54_513.jpg,data/IMG/left_2026_08_28_23_38_54_513.jpg,data/IMG/right_2026_08_28_23_38_54_513.jpg,-0.2,1.0,0.0,30.18255
data/IMG/center_2026_08_28_23_38_54_582.jpg,data/IMG/left_2026_08_28_23_38_54_582.jpg,data/IMG/right_2026_08_28_23_38_54_582.jpg,-0.4,1.0,0.0,30.15978
data/IMG/center_2026_08_28_23_38_54_855.jpg,data/IMG/left_2026_08_28_23_38_54_855.jpg,data/IMG/right_2026_08_28_23_38_54_855.jpg,-0.15,1.0,0.0,30.18573
data/IMG/center_2026_08_28_23_38_54_922.jpg,data/IMG/left_2026_08_28_23_38_54_922.jpg,data/IMG/right_2026_08_28_23_38_54_922.jpg,-0.3,1.0,0.0,30.17075
data/IMG/center_2026_08_28_23_38_55_336.jpg,data/IMG/left_2026_08_28_23_38_55_336.jpg,data/IMG/right_2026_08_28_23_38_55_336.jpg,-0.1,1.0,0.0,30.18807
data/IMG/center_2026_08_28_23_38_55_407.jpg,data/IMG/left_2026_08_28_23_38_55_407.jpg,data/IMG/right_2026_08_28_23_38_55_407.jpg,-0.25,1.0,0.0,30.17531
data/IMG/center_2026_08_28_23_38_55_546.jpg,data/IMG/left_2026_08_28_23_38_55_546.jpg,data/IMG/right_2026_08_28_23_38_55_546.jpg,0.0,1.0,0.0,30.18898
data/IMG/center_2026_08_28_23_38_55_615.jpg,data/IMG/left_2026_08_28_23_38_55_615.jpg,data/IMG/right_2026_08_28_23_38_55_615.jpg,0.0,1.0,0.0,30.18999
data/IMG/center_2026_08_28_23_38_56_581.jpg,data/IMG/left_2026_08_28_23_38_56_581.jpg,data/IMG/right_2026_08_28_23_38_56_581.jpg,0.0,1.0,0.0,30.19029
data/IMG/center_2026_08_28_23_38_56_722.jpg,data/IMG/left_2026_08_28_23_38_56_722.jpg,data/IMG/right_2026_08_28_23_38_56_722.jpg,0.0,1.0,0.0,30.19031
data/IMG/center_2026_08_28_23_38_57_064.jpg,data/IMG/left_2026_08_28_23_38_57_064.jpg,data/IMG/right_2026_08_28_23_38_57_064.jpg,-0.15,1.0,0.0,30.18423
data/IMG/center_2026_08_28_23_38_57_131.jpg,data/IMG/left_2026_08_28_23_38_57_131.jpg,data/IMG/right_2026_08_28_23_38_57_131.jpg,-0.3,1.0,0.0,30.16926
data/IMG/center_2026_08_28_23_38_57_679.jpg,data/IMG/left_2026_08_28_23_38_57_679.jpg,data/IMG/right_2026_08_28_23_38_57_679.jpg,-0.05,1.0,0.0,30.18973
data/IMG/center_2026_08_28_23_38_57_748.jpg,data/IMG/left_2026_08_28_23_38_57_748.jpg,data/IMG/right_2026_08_28_23_38_57_748.jpg,-0.2,1.0,0.0,30.17991
data/IMG/center_2026_08_28_23_38_59_724.jpg,data/IMG/left_2026_08_28_23_38_59_724.jpg,data/IMG/right_2026_08_28_23_38_59_724.jpg,0.0,1.0,0.0,30.19025
data/IMG/center_2026_08_28_23_39_00_606.jpg,data/IMG/left_2026_08_28_23_39_00_606.jpg,data/IMG/right_2026_08_28_23_39_00_606.jpg,0.05,1.0,0.0,30.18967
data/IMG/center_2026_08_28_23_39_00_675.jpg,data/IMG/left_2026_08_28_23_39_00_675.jpg,data/IMG/right_2026_08_28_23_39_00_675.jpg,0.25,1.0,0.0,30.17472
data/IMG/center_2026_08_28_23_39_00_742.jpg,data/IMG/left_2026_08_28_23_39_00_742.jpg,data/IMG/right_2026_08_28_23_39_00_742.jpg,0.4,1.0,0.0,30.15748
data/IMG/center_2026_08_28_23_39_01_154.jpg,data/IMG/left_2026_08_28_23_39_01_154.jpg,data/IMG/right_2026_08_28_23_39_01_154.jpg,0.2,1.0,0.0,30.18044
data/IMG/center_2026_08_28_23_39_01_220.jpg,data/IMG/left_2026_08_28_23_39_01_220.jpg,data/IMG/right_2026_08_28_23_39_01_220.jpg,0.35,1.0,0.0,30.164
data/IMG/center_2026_08_28_23_39_01_287.jpg,data/IMG/left_2026_08_28_23_39_01_287.jpg,data/IMG/right_2026_08_28_23_39_01_287.jpg,0.5000001,1.0,0.0,30.14577
data/IMG/center_2026_08_28_23_39_01_627.jpg,data/IMG/left_2026_08_28_23_39_01_627.jpg,data/IMG/right_2026_08_28_23_39_01_627.jpg,0.05,1.0,0.0,30.19015
data/IMG/center_2026_08_28_23_39_01_694.jpg,data/IMG/left_2026_08_28_23_39_01_694.jpg,data/IMG/right_2026_08_28_23_39_01_694.jpg,0.25,1.0,0.0,30.17604
data/IMG/center_2026_08_28_23_39_01_761.jpg,data/IMG/left_2026_08_28_23_39_01_761.jpg,data/IMG/right_2026_08_28_23_39_01_761.jpg,0.4,1.0,0.0,30.15853
data/IMG/center_2026_08_28_23_39_01_830.jpg,data/IMG/left_2026_08_28_23_39_01_830.jpg,data/IMG/right_2026_08_28_23_39_01_830.jpg,0.5500001,1.0,0.0,30.13972
data/IMG/center_2026_08_28_23_39_01_897.jpg,data/IMG/left_2026_08_28_23_39_01_897.jpg,data/IMG/right_2026_08_28_23_39_01_897.jpg,0.7500002,1.0,0.0,30.11495
data/IMG/center_2026_08_28_23_39_01_966.jpg,data/IMG/left_2026_08_28_23_39_01_966.jpg,data/IMG/right_2026_08_28_23_39_01_966.jpg,0.9000002,1.0,0.0,30.10096
data/IMG/center_2026_08_28_23_39_02_441.jpg,data/IMG/left_2026_08_28_23_39_02_441.jpg,data/IMG/right_2026_08_28_23_39_02_441.jpg,0.15,1.0,0.0,30.18505
data/IMG/center_2026_08_28_23_39_02_508.jpg,data/IMG/left_2026_08_28_23_39_02_508.jpg,data/IMG/right_2026_08_28_23_39_02_508.jpg,0.3,1.0,0.0,30.17005
data/IMG/center_2026_08_28_23_39_02_578.jpg,data/IMG/left_2026_08_28_23_39_02_578.jpg,data/IMG/right_2026_08_28_23_39_02_578.jpg,0.5000001,1.0,0.0,30.14579
data/IMG/center_2026_08_28_23_39_02_645.jpg,data/IMG/left_2026_08_28_23_39_02_645.jpg,data/IMG/right_2026_08_28_23_39_02_645.jpg,0.6500001,1.0,0.0,30.12701
data/IMG/center_2026_08_28_23_39_02_847.jpg,data/IMG/left_2026_08_28_23_39_02_847.jpg,data/IMG/right_2026_08_28_23_39_02_847.jpg,0.15,1.0,0.0,30.19015
data/IMG/center_2026_08_28_23_39_02_917.jpg,data/IMG/left_2026_08_28_23_39_02_917.jpg,data/IMG/right_2026_08_28_23_39_02_917.jpg,0.35,1.0,0.0,30.17121
data/IMG/center_2026_08_28_23_39_03_118.jpg,data/IMG/left_2026_08_28_23_39_03_118.jpg,data/IMG/right_2026_08_28_23_39_03_118.jpg,0.05,1.0,0.0,30.19019
data/IMG/center_2026_08_28_23_39_03_185.jpg,data/IMG/left_2026_08_28_23_39_03_185.jpg,data/IMG/right_2026_08_28_23_39_03_185.jpg,0.2,1.0,0.0,30.18283
data/IMG/center_2026_08_28_23_39_03_254.jpg,data/IMG/left_2026_08_28_23_39_03_254.jpg,data/IMG/right_2026_08_28_23_39_03_254.jpg,0.4,1.0,0.0,30.15976
data/IMG/center_2026_08_28_23_39_03_321.jpg,data/IMG/left_2026_08_28_23_39_03_321.jpg,data/IMG/right_2026_08_28_23_39_03_321.jpg,0.5500001,1.0,0.0,30.14103
data/IMG/center_2026_08_28_23_39_03_390.jpg,data/IMG/left_2026_08_28_23_39_03_390.jpg,data/IMG/right_2026_08_28_23_39_03_390.jpg,0.7,1.0,0.0,30.12223
data/IMG/center_2026_08_28_23_39_03_459.jpg,data/IMG/left_2026_08_28_23_39_03_459.jpg,data/IMG/right_2026_08_28_23_39_03_459.jpg,0.9000002,1.0,0.0,30.10111
data/IMG/center_2026_08_28_23_39_03_526.jpg,data/IMG/left_2026_08_28_23_39_03_526.jpg,data/IMG/right_2026_08_28_23_39_03_526.jpg,1.0,1.0,0.0,30.09638
data/IMG/center_2026_08_28_23_39_03_864.jpg,data/IMG/left_2026_08_28_23_39_03_864.jpg,data/IMG/right_2026_08_28_23_39_03_864.jpg,-0.05,1.0,0.0,30.18781
data/IMG/center_2026_08_28_23_39_03_931.jpg,data/IMG/left_2026_08_28_23_39_03_931.jpg,data/IMG/right_2026_08_28_23_39_03_931.jpg,-0.2,1.0,0.0,30.17479
data/IMG/center_2026_08_28_23_39_04_137.jpg,data/IMG/left_2026_08_28_23_39_04_137.jpg,data/IMG/right_2026_08_28_23_39_04_137.jpg,0.0,1.0,0.0,30.19039
data/IMG/center_2026_08_28_23_39_04_483.jpg,data/IMG/left_2026_08_28_23_39_04_483.jpg,data/IMG/right_2026_08_28_23_39_04_483.jpg,0.05,1.0,0.0,30.18958
data/IMG/center_2026_08_28_23_39_04_553.jpg,data/IMG/left_2026_08_28_23_39_04_553.jpg,data/IMG/right_2026_08_28_23_39_04_553.jpg,0.2,1.0,0.0,30.1797
data/IMG/center_2026_08_28_23_39_04_895.jpg,data/IMG/left_2026_08_28_23_39_04_895.jpg,data/IMG/right_2026_08_28_23_39_04_895.jpg,0.1,1.0,0.0,30.18801
data/IMG/center_2026_08_28_23_39_04_965.jpg,data/IMG/left_2026_08_28_23_39_04_965.jpg,data/IMG/right_2026_08_28_23_39_04_965.jpg,0.25,1.0,0.0,30.1751
data/IMG/center_2026_08_28_23_39_05_378.jpg,data/IMG/left_2026_08_28_23_39_05_378.jpg,data/IMG/right_2026_08_28_23_39_05_378.jpg,0.0,1.0,0.0,30.19047
data/IMG/center_2026_08_28_23_39_05_929.jpg,data/IMG/left_2026_08_28_23_39_05_929.jpg,data/IMG/right_2026_08_28_23_39_05_929.jpg,0.05,1.0,0.0,30.18972
data/IMG/center_2026_08_28_23_39_06_340.jpg,data/IMG/left_2026_08_28_23_39_06_340.jpg,data/IMG/right_2026_08_28_23_39_06_340.jpg,0.05,1.0,0.0,30.18976
data/IMG/center_2026_08_28_23_39_06_410.jpg,data/IMG/left_2026_08_28_23_39_06_410.jpg,data/IMG/right_2026_08_28_23_39_06_410.jpg,0.2,1.0,0.0,30.17991
data/IMG/center_2026_08_28_23_39_06_820.jpg,data/IMG/left_2026_08_28_23_39_06_820.jpg,data/IMG/right_2026_08_28_23_39_06_820.jpg,0.15,1.0,0.0,30.18442
data/IMG/center_2026_08_28_23_39_07_095.jpg,data/IMG/left_2026_08_28_23_39_07_095.jpg,data/IMG/right_2026_08_28_23_39_07_095.jpg,0.0,1.0,0.0,30.19029
data/IMG/center_2026_08_28_23_39_08_188.jpg,data/IMG/left_2026_08_28_23_39_08_188.jpg,data/IMG/right_2026_08_28_23_39_08_188.jpg,0.0,1.0,0.0,30.19029
data/IMG/center_2026_08_28_23_39_08_666.jpg,data/IMG/left_2026_08_28_23_39_08_666.jpg,data/IMG/right_2026_08_28_23_39_08_666.jpg,0.0,1.0,0.0,30.19026
data/IMG/center_2026_08_28_23_39_08_867.jpg,data/IMG/left_2026_08_28_23_39_08_867.jpg,data/IMG/right_2026_08_28_23_39_08_867.jpg,0.0,1.0,0.0,30.19031
data/IMG/center_2026_08_28_23_39_09_415.jpg,data/IMG/left_2026_08_28_23_39_09_415.jpg,data/IMG/right_2026_08_28_23_39_09_415.jpg,-0.2,1.0,0.0,30.17997
data/IMG/center_2026_08_28_23_39_09_483.jpg,data/IMG/left_2026_08_28_23_39_09_483.jpg,data/IMG/right_2026_08_28_23_39_09_483.jpg,-0.35,1.0,0.0,30.16345
data/IMG/center_2026_08_28_23_39_09_822.jpg,data/IMG/left_2026_08_28_23_39_09_822.jpg,data/IMG/right_2026_08_28_23_39_09_822.jpg,-0.05,1.0,0.0,30.18998
data/IMG/center_2026_08_28_23_39_09_891.jpg,data/IMG/left_2026_08_28_23_39_09_891.jpg,data/IMG/right_2026_08_28_23_39_09_891.jpg,-0.2,1.0,0.0,30.18102
data/IMG/center_2026_08_28_23_39_09_957.jpg,data/IMG/left_2026_08_28_23_39_09_957.jpg,data/IMG/right_2026_08_28_23_39_09_957.jpg,-0.4,1.0,0.0,30.15851
data/IMG/center_2026_08_28_23_39_10_436.jpg,data/IMG/left_2026_08_28_23_39_10_436.jpg,data/IMG/right_2026_08_28_23_39_10_436.jpg,-0.05,0.5392269,0.0,30.06968
data/IMG/center_2026_08_28_23_39_10_504.jpg,data/IMG/left_2026_08_28_23_39_10_504.jpg,data/IMG/right_2026_08_28_23_39_10_504.jpg,-0.2,0.7305818,0.0,30.09704
data/IMG/center_2026_08_28_23_39_10_571.jpg,data/IMG/left_2026_08_28_23_39_10_571.jpg,data/IMG/right_2026_08_28_23_39_10_571.jpg,-0.35,0.904297,0.0,30.12636
data/IMG/center_2026_08_28_23_39_10_914.jpg,data/IMG/left_2026_08_28_23_39_10_914.jpg,data/IMG/right_2026_08_28_23_39_10_914.jpg,-0.1,0.365458,0.0,30.03894
data/IMG/center_2026_08_28_23_39_10_980.jpg,data/IMG/left_2026_08_28_23_39_10_980.jpg,data/IMG/right_2026_08_28_23_39_10_980.jpg,-0.25,0.4668816,0.0,30.03
data/IMG/center_2026_08_28_23_39_11_047.jpg,data/IMG/left_2026_08_28_23_39_11_047.jpg,data/IMG/right_2026_08_28_23_39_11_047.jpg,-0.4,0.6496477,0.0,30.05747
data/IMG/center_2026_08_28_23_39_11_114.jpg,data/IMG/left_2026_08_28_23_39_11_114.jpg,data/IMG/right_2026_08_28_23_39_11_114.jpg,-0.6000001,0.8841547,0.0,30.09245
data/IMG/center_2026_08_28_23_39_11_453.jpg,data/IMG/left_2026_08_28_23_39_11_453.jpg,data/IMG/right_2026_08_28_23_39_11_453.jpg,-0.1,0.0,0.0,29.82178
data/IMG/center_2026_08_28_23_39_11_521.jpg,data/IMG/left_2026_08_28_23_39_11_521.jpg,data/IMG/right_2026_08_28_23_39_11_521.jpg,-0.3,0.0,0.0,29.53831
data/IMG/center_2026_08_28_23_39_11_994.jpg,data/IMG/left_2026_08_28_23_39_11_994.jpg,data/IMG/right_2026_08_28_23_39_11_994.jpg,-0.05,0.4496645,0.0,29.98552
data/IMG/center_2026_08_28_23_39_12_063.jpg,data/IMG/left_2026_08_28_23_39_12_063.jpg,data/IMG/right_2026_08_28_23_39_12_063.jpg,-0.2,0.6278647,0.0,30.07547
data/IMG/center_2026_08_28_23_39_12_132.jpg,data/IMG/left_2026_08_28_23_39_12_132.jpg,data/IMG/right_2026_08_28_23_39_12_132.jpg,-0.35,0.8066436,0.0,30.10337
data/IMG/center_2026_08_28_23_39_12_199.jpg,data/IMG/left_2026_08_28_23_39_12_199.jpg,data/IMG/right_2026_08_28_23_39_12_199.jpg,-0.5500001,1.0,0.0,30.13938
data/IMG/center_2026_08_28_23_39_12_266.jpg,data/IMG/left_2026_08_28_23_39_12_266.jpg,data/IMG/right_2026_08_28_23_39_12_266.jpg,-0.7,1.0,0.0,30.12069
data/IMG/center_2026_08_28_23_39_12_399.jpg,data/IMG/left_2026_08_28_23_39_12_399.jpg,data/IMG/right_2026_08_28_23_39_12_399.jpg,0.0,1.0,0.0,30.18674
data/IMG/center_2026_08_28_23_39_12_603.jpg,data/IMG/left_2026_08_28_23_39_12_603.jpg,data/IMG/right_2026_08_28_23_39_12_603.jpg,-0.15,1.0,0.0,30.18661
data/IMG/center_2026_08_28_23_39_12_671.jpg,data/IMG/left_2026_08_28_23_39_12_671.jpg,data/IMG/right_2026_08_28_23_39_12_671.jpg,-0.3,1.0,0.0,30.17151
data/IMG/center_2026_08_28_23_39_12_738.jpg,data/IMG/left_2026_08_28_23_39_12_738.jpg,data/IMG/right_2026_08_28_23_39_12_738.jpg,-0.5000001,1.0,0.0,30.14708
data/IMG/center_2026_08_28_23_39_12_805.jpg,data/IMG/left_2026_08_28_23_39_12_805.jpg,data/IMG/right_2026_08_28_23_39_12_805.jpg,-0.6500001,1.0,0.0,30.12826
data/IMG/center_2026_08_28_23_39_13_009.jpg,data/IMG/left_2026_08_28_23_39_13_009.jpg,data/IMG/right_2026_08_28_23_39_13_009.jpg,-0.15,1.0,0.0,30.18902
data/IMG/center_2026_08_28_23_39_13_077.jpg,data/IMG/left_2026_08_28_23_39_13_077.jpg,data/IMG/right_2026_08_28_23_39_13_077.jpg,-0.35,1.0,0.0,30.16938
data/IMG/center_2026_08_28_23_39_13_147.jpg,data/IMG/left_2026_08_28_23_39_13_147.jpg,data/IMG/right_2026_08_28_23_39_13_147.jpg,-0.05,1.0,0.0,30.18951
data/IMG/center_2026_08_28_23_39_13_419.jpg,data/IMG/left_2026_08_28_23_39_13_419.jpg,data/IMG/right_2026_08_28_23_39_13_419.jpg,-0.15,1.0,0.0,30.1855
data/IMG/center_2026_08_28_23_39_13_488.jpg,data/IMG/left_2026_08_28_23_39_13_488.jpg,data/IMG/right_2026_08_28_23_39_13_488.jpg,-0.3,1.0,0.0,30.16955
data/IMG/center_2026_08_28_23_39_13_556.jpg,data/IMG/left_2026_08_28_23_39_13_556.jpg,data/IMG/right_2026_08_28_23_39_13_556.jpg,-0.5000001,1.0,0.0,30.14548
data/IMG/center_2026_08_28_23_39_13_623.jpg,data/IMG/left_2026_08_28_23_39_13_623.jpg,data/IMG/right_2026_08_28_23_39_13_623.jpg,-0.6500001,1.0,0.0,30.12709
data/IMG/center_2026_08_28_23_39_13_967.jpg,data/IMG/left_2026_08_28_23_39_13_967.jpg,data/IMG/right_2026_08_28_23_39_13_967.jpg,-0.05,1.0,0.0,30.18951
data/IMG/center_2026_08_28_23_39_14_034.jpg,data/IMG/left_2026_08_28_23_39_14_034.jpg,data/IMG/right_2026_08_28_23_39_14_034.jpg,-0.25,1.0,0.0,30.17648
data/IMG/center_2026_08_28_23_39_14_100.jpg,data/IMG/left_2026_08_28_23_39_14_100.jpg,data/IMG/right_2026_08_28_23_39_14_100.jpg,-0.4,1.0,0.0,30.15882
data/IMG/center_2026_08_28_23_39_14_303.jpg,data/IMG/left_2026_08_28_23_39_14_303.jpg,data/IMG/right_2026_08_28_23_39_14_303.jpg,-0.15,1.0,0.0,30.18783
data/IMG/center_2026_08_28_23_39_14_373.jpg,data/IMG/left_2026_08_28_23_39_14_373.jpg,data/IMG/right_2026_08_28_23_39_14_373.jpg,-0.3,1.0,0.0,30.17375
data/IMG/center_2026_08_28_23_39_14_441.jpg,data/IMG/left_2026_08_28_23_39_14_441.jpg,data/IMG/right_2026_08_28_23_39_14_441.jpg,-0.5000001,1.0,0.0,30.14845
data/IMG/center_2026_08_28_23_39_14_645.jpg,data/IMG/left_2026_08_28_23_39_14_645.jpg,data/IMG/right_2026_08_28_23_39_14_645.jpg,-0.05,1.0,0.0,30.19021
data/IMG/center_2026_08_28_23_39_14_714.jpg,data/IMG/left_2026_08_28_23_39_14_714.jpg,data/IMG/right_2026_08_28_23_39_14_714.jpg,-0.25,1.0,0.0,30.1805
data/IMG/center_2026_08_28_23_39_15_055.jpg,data/IMG/left_2026_08_28_23_39_15_055.jpg,data/IMG/right_2026_08_28_23_39_15_055.jpg,-0.2,1.0,0.0,30.18179
data/IMG/center_2026_08_28_23_39_15_122.jpg,data/IMG/left_2026_08_28_23_39_15_122.jpg,data/IMG/right_2026_08_28_23_39_15_122.jpg,-0.35,1.0,0.0,30.16466
data/IMG/center_2026_08_28_23_39_15_326.jpg,data/IMG/left_2026_08_28_23_39_15_326.jpg,data/IMG/right_2026_08_28_23_39_15_326.jpg,-0.05,1.0,0.0,30.1902
data/IMG/center_2026_08_28_23_39_15_394.jpg,data/IMG/left_2026_08_28_23_39_15_394.jpg,data/IMG/right_2026_08_28_23_39_15_394.jpg,-0.25,1.0,0.0,30.1767
data/IMG/center_2026_08_28_23_39_15_741.jpg,data/IMG/left_2026_08_28_23_39_15_741.jpg,data/IMG/right_2026_08_28_23_39_15_741.jpg,-0.15,1.0,0.0,30.18469
data/IMG/center_2026_08_28_23_39_15_808.jpg,data/IMG/left_2026_08_28_23_39_15_808.jpg,data/IMG/right_2026_08_28_23_39_15_808.jpg,-0.3,1.0,0.0,30.16976
data/IMG/center_2026_08_28_23_39_16_221.jpg,data/IMG/left_2026_08_28_23_39_16_221.jpg,data/IMG/right_2026_08_28_23_39_16_221.jpg,-0.2,1.0,0.0,30.18042
data/IMG/center_2026_08_28_23_39_16_289.jpg,data/IMG/left_2026_08_28_23_39_16_289.jpg,data/IMG/right_2026_08_28_23_39_16_289.jpg,-0.35,1.0,0.0,30.164
data/IMG/center_2026_08_28_23_39_16_632.jpg,data/IMG/left_2026_08_28_23_39_16_632.jpg,data/IMG/right_2026_08_28_23_39_16_632.jpg,-0.05,1.0,0.0,30.18998
data/IMG/center_2026_08_28_23_39_16_701.jpg,data/IMG/left_2026_08_28_23_39_16_701.jpg,data/IMG/right_2026_08_28_23_39_16_701.jpg,-0.25,1.0,0.0,30.17603
data/IMG/center_2026_08_28_23_39_16_770.jpg,data/IMG/left_2026_08_28_23_39_16_770.jpg,data/IMG/right_2026_08_28_23_39_16_770.jpg,-0.4,1.0,0.0,30.15848
data/IMG/center_2026_08_28_23_39_17_314.jpg,data/IMG/left_2026_08_28_23_39_17_314.jpg,data/IMG/right_2026_08_28_23_39_17_314.jpg,-0.1,1.0,0.0,30.18769
data/IMG/center_2026_08_28_23_39_17_381.jpg,data/IMG/left_2026_08_28_23_39_17_381.jpg,data/IMG/right_2026_08_28_23_39_17_381.jpg,-0.25,1.0,0.0,30.17481
data/IMG/center_2026_08_28_23_39_17_448.jpg,data/IMG/left_2026_08_28_23_39_17_448.jpg,data/IMG/right_2026_08_28_23_39_17_448.jpg,-0.4,1.0,0.0,30.15753
data/IMG/center_2026_08_28_23_39_17_927.jpg,data/IMG/left_2026_08_28_23_39_17_927.jpg,data/IMG/right_2026_08_28_23_39_17_927.jpg,-0.15,1.0,0.0,30.18452
data/IMG/center_2026_08_28_23_39_17_994.jpg,data/IMG/left_2026_08_28_23_39_17_994.jpg,data/IMG/right_2026_08_28_23_39_17_994.jpg,-0.35,1.0,0.0,30.16369
data/IMG/center_2026_08_28_23_39_18_064.jpg,data/IMG/left_2026_08_28_23_39_18_064.jpg,data/IMG/right_2026_08_28_23_39_18_064.jpg,0.0,1.0,0.0,30.18906
data/IMG/center_2026_08_28_23_39_18_338.jpg,data/IMG/left_2026_08_28_23_39_18_338.jpg,data/IMG/right_2026_08_28_23_39_18_338.jpg,-0.05,1.0,0.0,30.18989
data/IMG/center_2026_08_28_23_39_18_405.jpg,data/IMG/left_2026_08_28_23_39_18_405.jpg,data/IMG/right_2026_08_28_23_39_18_405.jpg,-0.2,1.0,0.0,30.18069
data/IMG/center_2026_08_28_23_39_18_472.jpg,data/IMG/left_2026_08_28_23_39_18_472.jpg,data/IMG/right_2026_08_28_23_39_18_472.jpg,-0.35,1.0,0.0,30.16428
data/IMG/center_2026_08_28_23_39_18_815.jpg,data/IMG/left_2026_08_28_23_39_18_815.jpg,data/IMG/right_2026_08_28_23_39_18_815.jpg,-0.05,1.0,0.0,30.18982
data/IMG/center_2026_08_28_23_39_18_885.jpg,data/IMG/left_2026_08_28_23_39_18_885.jpg,data/IMG/right_2026_08_28_23_39_18_885.jpg,-0.2,1.0,0.0,30.18035
data/IMG/center_2026_08_28_23_39_19_298.jpg,data/IMG/left_2026_08_28_23_39_19_298.jpg,data/IMG/right_2026_08_28_23_39_19_298.jpg,-0.05,1.0,0.0,30.18981
data/IMG/center_2026_08_28_23_39_19_367.jpg,data/IMG/left_2026_08_28_23_39_19_367.jpg,data/IMG/right_2026_08_28_23_39_19_367.jpg,-0.2,1.0,0.0,30.18012
data/IMG/center_2026_08_28_23_39_19_435.jpg,data/IMG/left_2026_08_28_23_39_19_435.jpg,data/IMG/right_2026_08_28_23_39_19_435.jpg,-0.4,1.0,0.0,30.15749
data/IMG/center_2026_08_28_23_39_19_779.jpg,data/IMG/left_2026_08_28_23_39_19_779.jpg,data/IMG/right_2026_08_28_23_39_19_779.jpg,-0.15,1.0,0.0,30.18548
data/IMG/center_2026_08_28_23_39_19_847.jpg,data/IMG/left_2026_08_28_23_39_19_847.jpg,data/IMG/right_2026_08_28_23_39_19_847.jpg,-0.3,1.0,0.0,30.17064
data/IMG/center_2026_08_28_23_39_20_458.jpg,data/IMG/left_2026_08_28_23_39_20_458.jpg,data/IMG/right_2026_08_28_23_39_20_458.jpg,-0.2,1.0,0.0,30.17996
data/IMG/center_2026_08_28_23_39_20_526.jpg,data/IMG/left_2026_08_28_23_39_20_526.jpg,data/IMG/right_2026_08_28_23_39_20_526.jpg,-0.35,1.0,0.0,30.16347
data/IMG/center_2026_08_28_23_39_21_220.jpg,data/IMG/left_2026_08_28_23_39_21_220.jpg,data/IMG/right_2026_08_28_23_39_21_220.jpg,-0.2,1.0,0.0,30.17982
data/IMG/center_2026_08_28_23_39_21_289.jpg,data/IMG/left_2026_08_28_23_39_21_289.jpg,data/IMG/right_2026_08_28_23_39_21_289.jpg,-0.35,1.0,0.0,30.16345
data/IMG/center_2026_08_28_23_39_21_627.jpg,data/IMG/left_2026_08_28_23_39_21_627.jpg,data/IMG/right_2026_08_28_23_39_21_627.jpg,0.0,1.0,0.0,30.19028
data/IMG/center_2026_08_28_23_39_21_695.jpg,data/IMG/left_2026_08_28_23_39_21_695.jpg,data/IMG/right_2026_08_28_23_39_21_695.jpg,-0.05,1.0,0.0,30.18987
data/IMG/center_2026_08_28_23_39_21_764.jpg,data/IMG/left_2026_08_28_23_39_21_764.jpg,data/IMG/right_2026_08_28_23_39_21_764.jpg,-0.2,1.0,0.0,30.18041
data/IMG/center_2026_08_28_23_39_21_831.jpg,data/IMG/left_2026_08_28_23_39_21_831.jpg,data/IMG/right_2026_08_28_23_39_21_831.jpg,-0.35,1.0,0.0,30.164
data/IMG/center_2026_08_28_23_39_22_309.jpg,data/IMG/left_2026_08_28_23_39_22_309.jpg,data/IMG/right_2026_08_28_23_39_22_309.jpg,-0.1,1.0,0.0,30.18782
data/IMG/center_2026_08_28_23_39_22_378.jpg,data/IMG/left_2026_08_28_23_39_22_378.jpg,data/IMG/right_2026_08_28_23_39_22_378.jpg,-0.3,1.0,0.0,30.16943
data/IMG/center_2026_08_28_23_39_22_997.jpg,data/IMG/left_2026_08_28_23_39_22_997.jpg,data/IMG/right_2026_08_28_23_39_22_997.jpg,-0.1,1.0,0.0,30.18767
data/IMG/center_2026_08_28_23_39_23_341.jpg,data/IMG/left_2026_08_28_23_39_23_341.jpg,data/IMG/right_2026_08_28_23_39_23_341.jpg,-0.05,1.0,0.0,30.1898
data/IMG/center_2026_08_28_23_39_23_408.jpg,data/IMG/left_2026_08_28_23_39_23_408.jpg,data/IMG/right_2026_08_28_23_39_23_408.jpg,-0.2,1.0,0.0,30.18021
data/IMG/center_2026_08_28_23_39_23_819.jpg,data/IMG/left_2026_08_28_23_39_23_819.jpg,data/IMG/right_2026_08_28_23_39_23_819.jpg,-0.1,1.0,0.0,30.18813
data/IMG/center_2026_08_28_23_39_24_225.jpg,data/IMG/left_2026_08_28_23_39_24_225.jpg,data/IMG/right_2026_08_28_23_39_24_225.jpg,0.0,1.0,0.0,30.19029
data/IMG/center_2026_08_28_23_39_24_362.jpg,data/IMG/left_2026_08_28_23_39_24_362.jpg,data/IMG/right_2026_08_28_23_39_24_362.jpg,-0.2,1.0,0.0,30.17991
data/IMG/center_2026_08_28_23_39_24_431.jpg,data/IMG/left_2026_08_28_23_39_24_431.jpg,data/IMG/right_2026_08_28_23_39_24_431.jpg,-0.35,1.0,0.0,30.16351
data/IMG/center_2026_08_28_23_39_25_174.jpg,data/IMG/left_2026_08_28_23_39_25_174.jpg,data/IMG/right_2026_08_28_23_39_25_174.jpg,0.0,1.0,0.0,30.18995
data/IMG/center_2026_08_28_23_39_25_310.jpg,data/IMG/left_2026_08_28_23_39_25_310.jpg,data/IMG/right_2026_08_28_23_39_25_310.jpg,-0.05,1.0,0.0,30.18958
data/IMG/center_2026_08_28_23_39_25_378.jpg,data/IMG/left_2026_08_28_23_39_25_378.jpg,data/IMG/right_2026_08_28_23_39_25_378.jpg,-0.25,1.0,0.0,30.17481
data/IMG/center_2026_08_28_23_39_25_447.jpg,data/IMG/left_2026_08_28_23_39_25_447.jpg,data/IMG/right_2026_08_28_23_39_25_447.jpg,-0.4,1.0,0.0,30.15775
data/IMG/center_2026_08_28_23_39_28_504.jpg,data/IMG/left_2026_08_28_23_39_28_504.jpg,data/IMG/right_2026_08_28_23_39_28_504.jpg,-0.05,1.0,0.0,30.18971
data/IMG/center_2026_08_28_23_39_28_572.jpg,data/IMG/left_2026_08_28_23_39_28_572.jpg,data/IMG/right_2026_08_28_23_39_28_572.jpg,-0.2,1.0,0.0,30.1798
data/IMG/center_2026_08_28_23_39_28_639.jpg,data/IMG/left_2026_08_28_23_39_28_639.jpg,data/IMG/right_2026_08_28_23_39_28_639.jpg,-0.4,1.0,0.0,30.15751
data/IMG/center_2026_08_28_23_39_28_707.jpg,data/IMG/left_2026_08_28_23_39_28_707.jpg,data/IMG/right_2026_08_28_23_39_28_707.jpg,-0.5500001,1.0,0.0,30.13924
data/IMG/center_2026_08_28_23_39_29_249.jpg,data/IMG/left_2026_08_28_23_39_29_249.jpg,data/IMG/right_2026_08_28_23_39_29_249.jpg,0.0,1.0,0.0,30.1903
data/IMG/center_2026_08_28_23_39_29_587.jpg,data/IMG/left_2026_08_28_23_39_29_587.jpg,data/IMG/right_2026_08_28_23_39_29_587.jpg,0.0,1.0,0.0,30.19029
data/IMG/center_2026_08_28_23_39_29_857.jpg,data/IMG/left_2026_08_28_23_39_29_857.jpg,data/IMG/right_2026_08_28_23_39_29_857.jpg,0.15,1.0,0.0,30.18427
data/IMG/center_2026_08_28_23_39_32_237.jpg,data/IMG/left_2026_08_28_23_39_32_237.jpg,data/IMG/right_2026_08_28_23_39_32_237.jpg,-0.2,1.0,0.0,30.17984
data/IMG/center_2026_08_28_23_39_32_305.jpg,data/IMG/left_2026_08_28_23_39_32_305.jpg,data/IMG/right_2026_08_28_23_39_32_305.jpg,-0.35,1.0,0.0,30.16346
data/IMG/center_2026_08_28_23_39_32_374.jpg,data/IMG/left_2026_08_28_23_39_32_374.jpg,data/IMG/right_2026_08_28_23_39_32_374.jpg,-0.5500001,1.0,0.0,30.13971
data/IMG/center_2026_08_28_23_39_33_597.jpg,data/IMG/left_2026_08_28_23_39_33_597.jpg,data/IMG/right_2026_08_28_23_39_33_597.jpg,0.1,1.0,0.0,30.1877
data/IMG/center_2026_08_28_23_39_36_253.jpg,data/IMG/left_2026_08_28_23_39_36_253.jpg,data/IMG/right_2026_08_28_23_39_36_253.jpg,0.0,1.0,0.0,30.19
data/IMG/center_2026_08_28_23_39_36_320.jpg,data/IMG/left_2026_08_28_23_39_36_320.jpg,data/IMG/right_2026_08_28_23_39_36_320.jpg,-0.2,1.0,0.0,30.17994
data/IMG/center_2026_08_28_23_39_36_389.jpg,data/IMG/left_2026_08_28_23_39_36_389.jpg,data/IMG/right_2026_08_28_23_39_36_389.jpg,-0.35,1.0,0.0,30.1638
data/IMG/center_2026_08_28_23_39_37_006.jpg,data/IMG/left_2026_08_28_23_39_37_006.jpg,data/IMG/right_2026_08_28_23_39_37_006.jpg,0.0,1.0,0.0,30.19039
data/IMG/center_2026_08_28_23_39_37_414.jpg,data/IMG/left_2026_08_28_23_39_37_414.jpg,data/IMG/right_2026_08_28_23_39_37_414.jpg,0.0,1.0,0.0,30.19031
data/IMG/center_2026_08_28_23_39_39_056.jpg,data/IMG/left_2026_08_28_23_39_39_056.jpg,data/IMG/right_2026_08_28_23_39_39_056.jpg,0.0,1.0,0.0,30.19027
data/IMG/center_2026_08_28_23_39_39_193.jpg,data/IMG/left_2026_08_28_23_39_39_193.jpg,data/IMG/right_2026_08_28_23_39_39_193.jpg,0.0,1.0,0.0,30.19032
data/IMG/center_2026_08_28_23_39_39_264.jpg,data/IMG/left_2026_08_28_23_39_39_264.jpg,data/IMG/right_2026_08_28_23_39_39_264.jpg,-0.05,1.0,0.0,30.18973
data/IMG/center_2026_08_28_23_39_39_331.jpg,data/IMG/left_2026_08_28_23_39_39_331.jpg,data/IMG/right_2026_08_28_23_39_39_331.jpg,-0.2,1.0,0.0,30.17982
data/IMG/center_2026_08_28_23_39_39_401.jpg,data/IMG/left_2026_08_28_23_39_39_401.jpg,data/IMG/right_2026_08_28_23_39_39_401.jpg,-0.4,1.0,0.0,30.15749
data/IMG/center_2026_08_28_23_39_41_793.jpg,data/IMG/left_2026_08_28_23_39_41_793.jpg,data/IMG/right_2026_08_28_23_39_41_793.jpg,0.0,1.0,0.0,30.19031
data/IMG/center_2026_08_28_23_39_42_683.jpg,data/IMG/left_2026_08_28_23_39_42_683.jpg,data/IMG/right_2026_08_28_23_39_42_683.jpg,0.0,1.0,0.0,30.19032
data/IMG/center_2026_08_28_23_39_42_817.jpg,data/IMG/left_2026_08_28_23_39_42_817.jpg,data/IMG/right_2026_08_28_23_39_42_817.jpg,0.0,1.0,0.0,30.19032
data/IMG/center_2026_08_28_23_39_44_047.jpg,data/IMG/left_2026_08_28_23_39_44_047.jpg,data/IMG/right_2026_08_28_23_39_44_047.jpg,-0.1,1.0,0.0,30.18771
data/IMG/center_2026_08_28_23_39_44_116.jpg,data/IMG/left_2026_08_28_23_39_44_116.jpg,data/IMG/right_2026_08_28_23_39_44_116.jpg,-0.3,1.0,0.0,30.16904
data/IMG/center_2026_08_28_23_39_44_186.jpg,data/IMG/left_2026_08_28_23_39_44_186.jpg,data/IMG/right_2026_08_28_23_39_44_186.jpg,-0.45,1.0,0.0,30.1515
data/IMG/center_2026_08_28_23_39_44_253.jpg,data/IMG/left_2026_08_28_23_39_44_253.jpg,data/IMG/right_2026_08_28_23_39_44_253.jpg,-0.6500001,1.0,0.0,30.12765
data/IMG/center_2026_08_28_23_39_44_801.jpg,data/IMG/left_2026_08_28_23_39_44_801.jpg,data/IMG/right_2026_08_28_23_39_44_801.jpg,0.1,1.0,0.0,30.1875
data/IMG/center_2026_08_28_23_39_45_419.jpg,data/IMG/left_2026_08_28_23_39_45_419.jpg,data/IMG/right_2026_08_28_23_39_45_419.jpg,0.0,1.0,0.0,30.19036
data/IMG/center_2026_08_28_23_39_45_623.jpg,data/IMG/left_2026_08_28_23_39_45_623.jpg,data/IMG/right_2026_08_28_23_39_45_623.jpg,0.0,1.0,0.0,30.19032
data/IMG/center_2026_08_28_23_39_47_202.jpg,data/IMG/left_2026_08_28_23_39_47_202.jpg,data/IMG/right_2026_08_28_23_39_47_202.jpg,-0.1,1.0,0.0,30.18768
data/IMG/center_2026_08_28_23_39_47_269.jpg,data/IMG/left_2026_08_28_23_39_47_269.jpg,data/IMG/right_2026_08_28_23_39_47_269.jpg,-0.25,1.0,0.0,30.17474
data/IMG/center_2026_08_28_23_39_47_336.jpg,data/IMG/left_2026_08_28_23_39_47_336.jpg,data/IMG/right_2026_08_28_23_39_47_336.jpg,-0.45,1.0,0.0,30.15149
data/IMG/center_2026_08_28_23_39_47_680.jpg,data/IMG/left_2026_08_28_23_39_47_680.jpg,data/IMG/right_2026_08_28_23_39_47_680.jpg,-0.05,1.0,0.0,30.19001
data/IMG/center_2026_08_28_23_39_47_748.jpg,data/IMG/left_2026_08_28_23_39_47_748.jpg,data/IMG/right_2026_08_28_23_39_47_748.jpg,-0.2,1.0,0.0,30.18141
data/IMG/center_2026_08_28_23_39_47_816.jpg,data/IMG/left_2026_08_28_23_39_47_816.jpg,data/IMG/right_2026_08_28_23_39_47_816.jpg,-0.4,1.0,0.0,30.15877
data/IMG/center_2026_08_28_23_39_48_158.jpg,data/IMG/left_2026_08_28_23_39_48_158.jpg,data/IMG/right_2026_08_28_23_39_48_158.jpg,0.0,1.0,0.0,30.1905
data/IMG/center_2026_08_28_23_39_49_794.jpg,data/IMG/left_2026_08_28_23_39_49_794.jpg,data/IMG/right_2026_08_28_23_39_49_794.jpg,-0.2,1.0,0.0,30.17984
data/IMG/center_2026_08_28_23_39_49_861.jpg,data/IMG/left_2026_08_28_23_39_49_861.jpg,data/IMG/right_2026_08_28_23_39_49_861.jpg,-0.35,1.0,0.0,30.16347
data/IMG/center_2026_08_28_23_39_49_930.jpg,data/IMG/left_2026_08_28_23_39_49_930.jpg,data/IMG/right_2026_08_28_23_39_49_930.jpg,-0.5000001,1.0,0.0,30.1454
data/IMG/center_2026_08_28_23_39_49_997.jpg,data/IMG/left_2026_08_28_23_39_49_997.jpg,data/IMG/right_2026_08_28_23_39_49_997.jpg,-0.7,1.0,0.0,30.12107
data/IMG/center_2026_08_28_23_39_51_156.jpg,data/IMG/left_2026_08_28_23_39_51_156.jpg,data/IMG/right_2026_08_28_23_39_51_156.jpg,-0.15,1.0,0.0,30.18422
data/IMG/center_2026_08_28_23_39_51_224.jpg,data/IMG/left_2026_08_28_23_39_51_224.jpg,data/IMG/right_2026_08_28_23_39_51_224.jpg,-0.3,1.0,0.0,30.1692
data/IMG/center_2026_08_28_23_39_51_291.jpg,data/IMG/left_2026_08_28_23_39_51_291.jpg,data/IMG/right_2026_08_28_23_39_51_291.jpg,-0.45,1.0,0.0,30.15144
data/IMG/center_2026_08_28_23_39_51_358.jpg,data/IMG/left_2026_08_28_23_39_51_358.jpg,data/IMG/right_2026_08_28_23_39_51_358.jpg,-0.6500001,1.0,0.0,30.12707
data/IMG/center_2026_08_28_23_39_52_309.jpg,data/IMG/left_2026_08_28_23_39_52_309.jpg,data/IMG/right_2026_08_28_23_39_52_309.jpg,-0.1,1.0,0.0,30.18762
data/IMG/center_2026_08_28_23_39_52_380.jpg,data/IMG/left_2026_08_28_23_39_52_380.jpg,data/IMG/right_2026_08_28_23_39_52_380.jpg,-0.3,1.0,0.0,30.1692
data/IMG/center_2026_08_28_23_39_52_447.jpg,data/IMG/left_2026_08_28_23_39_52_447.jpg,data/IMG/right_2026_08_28_23_39_52_447.jpg,-0.45,1.0,0.0,30.15143
data/IMG/center_2026_08_28_23_39_53_056.jpg,data/IMG/left_2026_08_28_23_39_53_056.jpg,data/IMG/right_2026_08_28_23_39_53_056.jpg,-0.1,1.0,0.0,30.18781
data/IMG/center_2026_08_28_23_39_53_125.jpg,data/IMG/left_2026_08_28_23_39_53_125.jpg,data/IMG/right_2026_08_28_23_39_53_125.jpg,-0.25,1.0,0.0,30.17509
data/IMG/center_2026_08_28_23_39_53_192.jpg,data/IMG/left_2026_08_28_23_39_53_192.jpg,data/IMG/right_2026_08_28_23_39_53_192.jpg,-0.4,1.0,0.0,30.15757
data/IMG/center_2026_08_28_23_39_53_259.jpg,data/IMG/left_2026_08_28_23_39_53_259.jpg,data/IMG/right_2026_08_28_23_39_53_259.jpg,-0.6000001,1.0,0.0,30.13317
data/IMG/center_2026_08_28_23_39_53_944.jpg,data/IMG/left_2026_08_28_23_39_53_944.jpg,data/IMG/right_2026_08_28_23_39_53_944.jpg,-0.1,1.0,0.0,30.18767
data/IMG/center_2026_08_28_23_39_54_011.jpg,data/IMG/left_2026_08_28_23_39_54_011.jpg,data/IMG/right_2026_08_28_23_39_54_011.jpg,-0.25,1.0,0.0,30.17476
data/IMG/center_2026_08_28_23_39_54_079.jpg,data/IMG/left_2026_08_28_23_39_54_079.jpg,data/IMG/right_2026_08_28_23_39_54_079.jpg,-0.45,1.0,0.0,30.1514
data/IMG/center_2026_08_28_23_39_54_554.jpg,data/IMG/left_2026_08_28_23_39_54_554.jpg,data/IMG/right_2026_08_28_23_39_54_554.jpg,-0.15,1.0,0.0,30.18463
data/IMG/center_2026_08_28_23_39_54_622.jpg,data/IMG/left_2026_08_28_23_39_54_622.jpg,data/IMG/right_2026_08_28_23_39_54_622.jpg,-0.3,1.0,0.0,30.16967
data/IMG/center_2026_08_28_23_39_54_965.jpg,data/IMG/left_2026_08_28_23_39_54_965.jpg,data/IMG/right_2026_08_28_23_39_54_965.jpg,-0.1,1.0,0.0,30.18845
data/IMG/center_2026_08_28_23_39_55_032.jpg,data/IMG/left_2026_08_28_23_39_55_032.jpg,data/IMG/right_2026_08_28_23_39_55_032.jpg,-0.25,1.0,0.0,30.17598
data/IMG/center_2026_08_28_23_39_55_302.jpg,data/IMG/left_2026_08_28_23_39_55_302.jpg,data/IMG/right_2026_08_28_23_39_55_302.jpg,-0.1,1.0,0.0,30.18941
data/IMG/center_2026_08_28_23_39_55_371.jpg,data/IMG/left_2026_08_28_23_39_55_371.jpg,data/IMG/right_2026_08_28_23_39_55_371.jpg,-0.25,1.0,0.0,30.17714
data/IMG/center_2026_08_28_23_39_55_439.jpg,data/IMG/left_2026_08_28_23_39_55_439.jpg,data/IMG/right_2026_08_28_23_39_55_439.jpg,-0.45,1.0,0.0,30.15323
data/IMG/center_2026_08_28_23_39_55_985.jpg,data/IMG/left_2026_08_28_23_39_55_985.jpg,data/IMG/right_2026_08_28_23_39_55_985.jpg,-0.05,1.0,0.0,30.19008
data/IMG/center_2026_08_28_23_39_56_054.jpg,data/IMG/left_2026_08_28_23_39_56_054.jpg,data/IMG/right_2026_08_28_23_39_56_054.jpg,-0.25,1.0,0.0,30.17486
data/IMG/center_2026_08_28_23_39_56_121.jpg,data/IMG/left_2026_08_28_23_39_56_121.jpg,data/IMG/right_2026_08_28_23_39_56_121.jpg,-0.4,1.0,0.0,30.15755
data/IMG/center_2026_08_28_23_39_56_466.jpg,data/IMG/left_2026_08_28_23_39_56_466.jpg,data/IMG/right_2026_08_28_23_39_56_466.jpg,0.0,1.0,0.0,30.19048
data/IMG/center_2026_08_28_23_39_56_534.jpg,data/IMG/left_2026_08_28_23_39_56_534.jpg,data/IMG/right_2026_08_28_23_39_56_534.jpg,-0.15,1.0,0.0,30.18486
data/IMG/center_2026_08_28_23_39_56_602.jpg,data/IMG/left_2026_08_28_23_39_56_602.jpg,data/IMG/right_2026_08_28_23_39_56_602.jpg,-0.3,1.0,0.0,30.1699
data/IMG/center_2026_08_28_23_39_57_016.jpg,data/IMG/left_2026_08_28_23_39_57_016.jpg,data/IMG/right_2026_08_28_23_39_57_016.jpg,-0.15,1.0,0.0,30.18449
data/IMG/center_2026_08_28_23_39_57_086.jpg,data/IMG/left_2026_08_28_23_39_57_086.jpg,data/IMG/right_2026_08_28_23_39_57_086.jpg,-0.3,1.0,0.0,30.16956
data/IMG/center_2026_08_28_23_39_57_567.jpg,data/IMG/left_2026_08_28_23_39_57_567.jpg,data/IMG/right_2026_08_28_23_39_57_567.jpg,-0.1,1.0,0.0,30.18793
data/IMG/center_2026_08_28_23_39_57_637.jpg,data/IMG/left_2026_08_28_23_39_57_637.jpg,data/IMG/right_2026_08_28_23_39_57_637.jpg,-0.3,1.0,0.0,30.16958
data/IMG/center_2026_08_28_23_39_57_704.jpg,data/IMG/left_2026_08_28_23_39_57_704.jpg,data/IMG/right_2026_08_28_23_39_57_704.jpg,-0.45,1.0,0.0,30.15167
data/IMG/center_2026_08_28_23_39_58_733.jpg,data/IMG/left_2026_08_28_23_39_58_733.jpg,data/IMG/right_2026_08_28_23_39_58_733.jpg,0.0,1.0,0.0,30.19038
data/IMG/center_2026_08_28_23_39_59_146.jpg,data/IMG/left_2026_08_28_23_39_59_146.jpg,data/IMG/right_2026_08_28_23_39_59_146.jpg,-0.05,1.0,0.0,30.18974
data/IMG/center_2026_08_28_23_39_59_213.jpg,data/IMG/left_2026_08_28_23_39_59_213.jpg,data/IMG/right_2026_08_28_23_39_59_213.jpg,-0.2,1.0,0.0,30.17984
data/IMG/center_2026_08_28_23_39_59_283.jpg,data/IMG/left_2026_08_28_23_39_59_283.jpg,data/IMG/right_2026_08_28_23_39_59_283.jpg,-0.4,1.0,0.0,30.15752
data/IMG/center_2026_08_28_23_39_59_350.jpg,data/IMG/left_2026_08_28_23_39_59_350.jpg,data/IMG/right_2026_08_28_23_39_59_350.jpg,-0.5500001,1.0,0.0,30.13922
data/IMG/center_2026_08_28_23_39_59_420.jpg,data/IMG/left_2026_08_28_23_39_59_420.jpg,data/IMG/right_2026_08_28_23_39_59_420.jpg,0.0,1.0,0.0,30.18641
data/IMG/center_2026_08_28_23_40_00_171.jpg,data/IMG/left_2026_08_28_23_40_00_171.jpg,data/IMG/right_2026_08_28_23_40_00_171.jpg,0.0,1.0,0.0,30.1903
data/IMG/center_2026_08_28_23_40_01_617.jpg,data/IMG/left_2026_08_28_23_40_01_617.jpg,data/IMG/right_2026_08_28_23_40_01_617.jpg,-0.1,1.0,0.0,30.18766
data/IMG/center_2026_08_28_23_40_01_684.jpg,data/IMG/left_2026_08_28_23_40_01_684.jpg,data/IMG/right_2026_08_28_23_40_01_684.jpg,-0.25,1.0,0.0,30.17475
data/IMG/center_2026_08_28_23_40_01_753.jpg,data/IMG/left_2026_08_28_23_40_01_753.jpg,data/IMG/right_2026_08_28_23_40_01_753.jpg,-0.4,1.0,0.0,30.15753
data/IMG/center_2026_08_28_23_40_02_647.jpg,data/IMG/left_2026_08_28_23_40_02_647.jpg,data/IMG/right_2026_08_28_23_40_02_647.jpg,-0.1,1.0,0.0,30.18764
data/IMG/center_2026_08_28_23_40_03_679.jpg,data/IMG/left_2026_08_28_23_40_03_679.jpg,data/IMG/right_2026_08_28_23_40_03_679.jpg,-0.1,1.0,0.0,30.24047
data/IMG/center_2026_08_28_23_40_03_750.jpg,data/IMG/left_2026_08_28_23_40_03_750.jpg,data/IMG/right_2026_08_28_23_40_03_750.jpg,-0.25,1.0,0.0,30.21799
data/IMG/center_2026_08_28_23_40_04_713.jpg,data/IMG/left_2026_08_28_23_40_04_713.jpg,data/IMG/right_2026_08_28_23_40_04_713.jpg,0.0,1.0,0.0,30.18993
data/IMG/center_2026_08_28_23_40_05_267.jpg,data/IMG/left_2026_08_28_23_40_05_267.jpg,data/IMG/right_2026_08_28_23_40_05_267.jpg,0.0,1.0,0.0,30.18994
data/IMG/center_2026_08_28_23_40_05_743.jpg,data/IMG/left_2026_08_28_23_40_05_743.jpg,data/IMG/right_2026_08_28_23_40_05_743.jpg,0.0,1.0,0.0,30.18994
data/IMG/center_2026_08_28_23_40_06_913.jpg,data/IMG/left_2026_08_28_23_40_06_913.jpg,data/IMG/right_2026_08_28_23_40_06_913.jpg,0.0,1.0,0.0,30.18995
data/IMG/center_2026_08_28_23_40_09_393.jpg,data/IMG/left_2026_08_28_23_40_09_393.jpg,data/IMG/right_2026_08_28_23_40_09_393.jpg,0.0,1.0,0.0,30.18996
data/IMG/center_2026_08_28_23_40_10_436.jpg,data/IMG/left_2026_08_28_23_40_10_436.jpg,data/IMG/right_2026_08_28_23_40_10_436.jpg,0.0,1.0,0.0,30.18995
data/IMG/center_2026_08_28_23_40_10_994.jpg,data/IMG/left_2026_08_28_23_40_10_994.jpg,data/IMG/right_2026_08_28_23_40_10_994.jpg,-0.2,1.0,0.0,30.17963
data/IMG/center_2026_08_28_23_40_11_071.jpg,data/IMG/left_2026_08_28_23_40_11_071.jpg,data/IMG/right_2026_08_28_23_40_11_071.jpg,-0.35,1.0,0.0,30.16337
data/IMG/center_2026_08_28_23_40_12_382.jpg,data/IMG/left_2026_08_28_23_40_12_382.jpg,data/IMG/right_2026_08_28_23_40_12_382.jpg,0.0,1.0,0.0,30.18956
data/IMG/center_2026_08_28_23_40_12_944.jpg,data/IMG/left_2026_08_28_23_40_12_944.jpg,data/IMG/right_2026_08_28_23_40_12_944.jpg,-0.15,1.0,0.0,30.18424
data/IMG/center_2026_08_28_23_40_13_434.jpg,data/IMG/left_2026_08_28_23_40_13_434.jpg,data/IMG/right_2026_08_28_23_40_13_434.jpg,-0.1,1.0,0.0,30.18785
data/IMG/center_2026_08_28_23_40_13_501.jpg,data/IMG/left_2026_08_28_23_40_13_501.jpg,data/IMG/right_2026_08_28_23_40_13_501.jpg,-0.25,1.0,0.0,30.17499
data/IMG/center_2026_08_28_23_40_13_568.jpg,data/IMG/left_2026_08_28_23_40_13_568.jpg,data/IMG/right_2026_08_28_23_40_13_568.jpg,-0.4,1.0,0.0,30.15768
data/IMG/center_2026_08_28_23_40_14_118.jpg,data/IMG/left_2026_08_28_23_40_14_118.jpg,data/IMG/right_2026_08_28_23_40_14_118.jpg,0.0,1.0,0.0,30.19028
data/IMG/center_2026_08_28_23_40_14_188.jpg,data/IMG/left_2026_08_28_23_40_14_188.jpg,data/IMG/right_2026_08_28_23_40_14_188.jpg,-0.15,1.0,0.0,30.18427
data/IMG/center_2026_08_28_23_40_14_257.jpg,data/IMG/left_2026_08_28_23_40_14_257.jpg,data/IMG/right_2026_08_28_23_40_14_257.jpg,-0.35,1.0,0.0,30.16348
data/IMG/center_2026_08_28_23_40_14_746.jpg,data/IMG/left_2026_08_28_23_40_14_746.jpg,data/IMG/right_2026_08_28_23_40_14_746.jpg,0.0,1.0,0.0,30.19036
data/IMG/center_2026_08_28_23_40_14_814.jpg,data/IMG/left_2026_08_28_23_40_14_814.jpg,data/IMG/right_2026_08_28_23_40_14_814.jpg,0.0,1.0,0.0,30.19032
data/IMG/center_2026_08_28_23_40_14_884.jpg,data/IMG/left_2026_08_28_23_40_14_884.jpg,data/IMG/right_2026_08_28_23_40_14_884.jpg,-0.05,1.0,0.0,30.18971
data/IMG/center_2026_08_28_23_40_14_955.jpg,data/IMG/left_2026_08_28_23_40_14_955.jpg,data/IMG/right_2026_08_28_23_40_14_955.jpg,-0.25,1.0,0.0,30.17472
data/IMG/center_2026_08_28_23_40_15_022.jpg,data/IMG/left_2026_08_28_23_40_15_022.jpg,data/IMG/right_2026_08_28_23_40_15_022.jpg,-0.4,1.0,0.0,30.15749
data/IMG/center_2026_08_28_23_40_15_089.jpg,data/IMG/left_2026_08_28_23_40_15_089.jpg,data/IMG/right_2026_08_28_23_40_15_089.jpg,-0.5500001,1.0,0.0,30.13923
data/IMG/center_2026_08_28_23_40_15_503.jpg,data/IMG/left_2026_08_28_23_40_15_503.jpg,data/IMG/right_2026_08_28_23_40_15_503.jpg,-0.1,1.0,0.0,30.18826
data/IMG/center_2026_08_28_23_40_15_572.jpg,data/IMG/left_2026_08_28_23_40_15_572.jpg,data/IMG/right_2026_08_28_23_40_15_572.jpg,-0.25,1.0,0.0,30.17556
data/IMG/center_2026_08_28_23_40_15_642.jpg,data/IMG/left_2026_08_28_23_40_15_642.jpg,data/IMG/right_2026_08_28_23_40_15_642.jpg,-0.45,1.0,0.0,30.15204
data/IMG/center_2026_08_28_23_40_15_921.jpg,data/IMG/left_2026_08_28_23_40_15_921.jpg,data/IMG/right_2026_08_28_23_40_15_921.jpg,-0.15,1.0,0.0,30.18647
data/IMG/center_2026_08_28_23_40_15_991.jpg,data/IMG/left_2026_08_28_23_40_15_991.jpg,data/IMG/right_2026_08_28_23_40_15_991.jpg,-0.3,1.0,0.0,30.17249
data/IMG/center_2026_08_28_23_40_16_064.jpg,data/IMG/left_2026_08_28_23_40_16_064.jpg,data/IMG/right_2026_08_28_23_40_16_064.jpg,-0.5000001,1.0,0.0,30.14718
data/IMG/center_2026_08_28_23_40_16_135.jpg,data/IMG/left_2026_08_28_23_40_16_135.jpg,data/IMG/right_2026_08_28_23_40_16_135.jpg,-0.7,1.0,0.0,30.12217
data/IMG/center_2026_08_28_23_40_16_346.jpg,data/IMG/left_2026_08_28_23_40_16_346.jpg,data/IMG/right_2026_08_28_23_40_16_346.jpg,-0.05,1.0,0.0,30.18999
data/IMG/center_2026_08_28_23_40_16_419.jpg,data/IMG/left_2026_08_28_23_40_16_419.jpg,data/IMG/right_2026_08_28_23_40_16_419.jpg,-0.25,1.0,0.0,30.17977
data/IMG/center_2026_08_28_23_40_16_624.jpg,data/IMG/left_2026_08_28_23_40_16_624.jpg,data/IMG/right_2026_08_28_23_40_16_624.jpg,-0.1,1.0,0.0,30.18936
data/IMG/center_2026_08_28_23_40_16_696.jpg,data/IMG/left_2026_08_28_23_40_16_696.jpg,data/IMG/right_2026_08_28_23_40_16_696.jpg,-0.3,1.0,0.0,30.17154
data/IMG/center_2026_08_28_23_40_16_763.jpg,data/IMG/left_2026_08_28_23_40_16_763.jpg,data/IMG/right_2026_08_28_23_40_16_763.jpg,-0.45,1.0,0.0,30.15327
data/IMG/center_2026_08_28_23_40_16_832.jpg,data/IMG/left_2026_08_28_23_40_16_832.jpg,data/IMG/right_2026_08_28_23_40_16_832.jpg,-0.6000001,1.0,0.0,30.13393
data/IMG/center_2026_08_28_23_40_16_899.jpg,data/IMG/left_2026_08_28_23_40_16_899.jpg,data/IMG/right_2026_08_28_23_40_16_899.jpg,-0.8000001,1.0,0.0,30.11072
data/IMG/center_2026_08_28_23_40_16_969.jpg,data/IMG/left_2026_08_28_23_40_16_969.jpg,data/IMG/right_2026_08_28_23_40_16_969.jpg,-0.9500002,1.0,0.0,30.0973
data/IMG/center_2026_08_28_23_40_17_319.jpg,data/IMG/left_2026_08_28_23_40_17_319.jpg,data/IMG/right_2026_08_28_23_40_17_319.jpg,-0.05,1.0,0.0,30.19015
data/IMG/center_2026_08_28_23_40_17_390.jpg,data/IMG/left_2026_08_28_23_40_17_390.jpg,data/IMG/right_2026_08_28_23_40_17_390.jpg,-0.2,1.0,0.0,30.18134
data/IMG/center_2026_08_28_23_40_17_463.jpg,data/IMG/left_2026_08_28_23_40_17_463.jpg,data/IMG/right_2026_08_28_23_40_17_463.jpg,-0.4,1.0,0.0,30.1597
data/IMG/center_2026_08_28_23_40_17_674.jpg,data/IMG/left_2026_08_28_23_40_17_674.jpg,data/IMG/right_2026_08_28_23_40_17_674.jpg,-0.2,1.0,0.0,30.18394
data/IMG/center_2026_08_28_23_40_17_747.jpg,data/IMG/left_2026_08_28_23_40_17_747.jpg,data/IMG/right_2026_08_28_23_40_17_747.jpg,-0.35,1.0,0.0,30.16539
data/IMG/center_2026_08_28_23_40_17_818.jpg,data/IMG/left_2026_08_28_23_40_17_818.jpg,data/IMG/right_2026_08_28_23_40_17_818.jpg,-0.5500001,1.0,0.0,30.14197
data/IMG/center_2026_08_28_23_40_18_101.jpg,data/IMG/left_2026_08_28_23_40_18_101.jpg,data/IMG/right_2026_08_28_23_40_18_101.jpg,-0.2,1.0,0.0,30.18383
data/IMG/center_2026_08_28_23_40_18_168.jpg,data/IMG/left_2026_08_28_23_40_18_168.jpg,data/IMG/right_2026_08_28_23_40_18_168.jpg,-0.35,1.0,0.0,30.16636
data/IMG/center_2026_08_28_23_40_18_311.jpg,data/IMG/left_2026_08_28_23_40_18_311.jpg,data/IMG/right_2026_08_28_23_40_18_311.jpg,0.0,1.0,0.0,30.1901
data/IMG/center_2026_08_28_23_40_18_449.jpg,data/IMG/left_2026_08_28_23_40_18_449.jpg,data/IMG/right_2026_08_28_23_40_18_449.jpg,-0.15,1.0,0.0,30.18543
data/IMG/center_2026_08_28_23_40_18_519.jpg,data/IMG/left_2026_08_28_23_40_18_519.jpg,data/IMG/right_2026_08_28_23_40_18_519.jpg,-0.35,1.0,0.0,30.16454
data/IMG/center_2026_08_28_23_40_18_726.jpg,data/IMG/left_2026_08_28_23_40_18_726.jpg,data/IMG/right_2026_08_28_23_40_18_726.jpg,-0.05,1.0,0.0,30.19018
data/IMG/center_2026_08_28_23_40_18_795.jpg,data/IMG/left_2026_08_28_23_40_18_795.jpg,data/IMG/right_2026_08_28_23_40_18_795.jpg,-0.25,1.0,0.0,30.17754
data/IMG/center_2026_08_28_23_40_18_863.jpg,data/IMG/left_2026_08_28_23_40_18_863.jpg,data/IMG/right_2026_08_28_23_40_18_863.jpg,-0.4,1.0,0.0,30.15985
data/IMG/center_2026_08_28_23_40_18_935.jpg,data/IMG/left_2026_08_28_23_40_18_935.jpg,data/IMG/right_2026_08_28_23_40_18_935.jpg,0.0,1.0,0.0,30.18885
data/IMG/center_2026_08_28_23_40_19_140.jpg,data/IMG/left_2026_08_28_23_40_19_140.jpg,data/IMG/right_2026_08_28_23_40_19_140.jpg,-0.15,1.0,0.0,30.18573
data/IMG/center_2026_08_28_23_40_19_211.jpg,data/IMG/left_2026_08_28_23_40_19_211.jpg,data/IMG/right_2026_08_28_23_40_19_211.jpg,-0.3,1.0,0.0,30.17094
data/IMG/center_2026_08_28_23_40_19_280.jpg,data/IMG/left_2026_08_28_23_40_19_280.jpg,data/IMG/right_2026_08_28_23_40_19_280.jpg,-0.5000001,1.0,0.0,30.1465
data/IMG/center_2026_08_28_23_40_19_489.jpg,data/IMG/left_2026_08_28_23_40_19_489.jpg,data/IMG/right_2026_08_28_23_40_19_489.jpg,0.0,1.0,0.0,30.19009
data/IMG/center_2026_08_28_23_40_19_698.jpg,data/IMG/left_2026_08_28_23_40_19_698.jpg,data/IMG/right_2026_08_28_23_40_19_698.jpg,-0.05,1.0,0.0,30.18981
data/IMG/center_2026_08_28_23_40_19_767.jpg,data/IMG/left_2026_08_28_23_40_19_767.jpg,data/IMG/right_2026_08_28_23_40_19_767.jpg,-0.2,1.0,0.0,30.18023
data/IMG/center_2026_08_28_23_40_20_176.jpg,data/IMG/left_2026_08_28_23_40_20_176.jpg,data/IMG/right_2026_08_28_23_40_20_176.jpg,-0.1,1.0,0.0,30.1878
data/IMG/center_2026_08_28_23_40_20_244.jpg,data/IMG/left_2026_08_28_23_40_20_244.jpg,data/IMG/right_2026_08_28_23_40_20_244.jpg,-0.25,1.0,0.0,30.17487
data/IMG/center_2026_08_28_23_40_20_791.jpg,data/IMG/left_2026_08_28_23_40_20_791.jpg,data/IMG/right_2026_08_28_23_40_20_791.jpg,-0.05,1.0,0.0,30.18972
data/IMG/center_2026_08_28_23_40_20_863.jpg,data/IMG/left_2026_08_28_23_40_20_863.jpg,data/IMG/right_2026_08_28_23_40_20_863.jpg,-0.25,1.0,0.0,30.17488
data/IMG/center_2026_08_28_23_40_22_225.jpg,data/IMG/left_2026_08_28_23_40_22_225.jpg,data/IMG/right_2026_08_28_23_40_22_225.jpg,-0.05,1.0,0.0,30.18972
data/IMG/center_2026_08_28_23_40_22_296.jpg,data/IMG/left_2026_08_28_23_40_22_296.jpg,data/IMG/right_2026_08_28_23_40_22_296.jpg,-0.25,1.0,0.0,30.17475
data/IMG/center_2026_08_28_23_40_22_435.jpg,data/IMG/left_2026_08_28_23_40_22_435.jpg,data/IMG/right_2026_08_28_23_40_22_435.jpg,0.0,1.0,0.0,30.19005
data/IMG/center_2026_08_28_23_40_23_725.jpg,data/IMG/left_2026_08_28_23_40_23_725.jpg,data/IMG/right_2026_08_28_23_40_23_725.jpg,0.0,1.0,0.0,30.19028
data/IMG/center_2026_08_28_23_40_24_602.jpg,data/IMG/left_2026_08_28_23_40_24_602.jpg,data/IMG/right_2026_08_28_23_40_24_602.jpg,0.05,1.0,0.0,30.18969
data/IMG/center_2026_08_28_23_40_24_668.jpg,data/IMG/left_2026_08_28_23_40_24_668.jpg,data/IMG/right_2026_08_28_23_40_24_668.jpg,0.2,1.0,0.0,30.17984
data/IMG/center_2026_08_28_23_40_24_737.jpg,data/IMG/left_2026_08_28_23_40_24_737.jpg,data/IMG/right_2026_08_28_23_40_24_737.jpg,0.1,1.0,0.0,30.18918
data/IMG/center_2026_08_28_23_40_25_076.jpg,data/IMG/left_2026_08_28_23_40_25_076.jpg,data/IMG/right_2026_08_28_23_40_25_076.jpg,0.15,1.0,0.0,30.18442
data/IMG/center_2026_08_28_23_40_25_145.jpg,data/IMG/left_2026_08_28_23_40_25_145.jpg,data/IMG/right_2026_08_28_23_40_25_145.jpg,0.3,1.0,0.0,30.16953
data/IMG/center_2026_08_28_23_40_25_212.jpg,data/IMG/left_2026_08_28_23_40_25_212.jpg,data/IMG/right_2026_08_28_23_40_25_212.jpg,0.45,1.0,0.0,30.15177
data/IMG/center_2026_08_28_23_40_25_280.jpg,data/IMG/left_2026_08_28_23_40_25_280.jpg,data/IMG/right_2026_08_28_23_40_25_280.jpg,0.6500001,1.0,0.0,30.12728
data/IMG/center_2026_08_28_23_40_25_549.jpg,data/IMG/left_2026_08_28_23_40_25_549.jpg,data/IMG/right_2026_08_28_23_40_25_549.jpg,0.1,1.0,0.0,30.18969
data/IMG/center_2026_08_28_23_40_25_616.jpg,data/IMG/left_2026_08_28_23_40_25_616.jpg,data/IMG/right_2026_08_28_23_40_25_616.jpg,0.3,1.0,0.0,30.17313
data/IMG/center_2026_08_28_23_40_25_683.jpg,data/IMG/left_2026_08_28_23_40_25_683.jpg,data/IMG/right_2026_08_28_23_40_25_683.jpg,0.45,1.0,0.0,30.1538
data/IMG/center_2026_08_28_23_40_25_956.jpg,data/IMG/left_2026_08_28_23_40_25_956.jpg,data/IMG/right_2026_08_28_23_40_25_956.jpg,0.2,1.0,0.0,30.18294
data/IMG/center_2026_08_28_23_40_26_023.jpg,data/IMG/left_2026_08_28_23_40_26_023.jpg,data/IMG/right_2026_08_28_23_40_26_023.jpg,0.35,1.0,0.0,30.16638
data/IMG/center_2026_08_28_23_40_26_091.jpg,data/IMG/left_2026_08_28_23_40_26_091.jpg,data/IMG/right_2026_08_28_23_40_26_091.jpg,0.5000001,1.0,0.0,30.14824
data/IMG/center_2026_08_28_23_40_26_225.jpg,data/IMG/left_2026_08_28_23_40_26_225.jpg,data/IMG/right_2026_08_28_23_40_26_225.jpg,0.05,1.0,0.0,30.19016
data/IMG/center_2026_08_28_23_40_26_295.jpg,data/IMG/left_2026_08_28_23_40_26_295.jpg,data/IMG/right_2026_08_28_23_40_26_295.jpg,0.25,1.0,0.0,30.18015
data/IMG/center_2026_08_28_23_40_26_362.jpg,data/IMG/left_2026_08_28_23_40_26_362.jpg,data/IMG/right_2026_08_28_23_40_26_362.jpg,0.4,1.0,0.0,30.16203
data/IMG/center_2026_08_28_23_40_26_431.jpg,data/IMG/left_2026_08_28_23_40_26_431.jpg,data/IMG/right_2026_08_28_23_40_26_431.jpg,0.5500001,1.0,0.0,30.14254
data/IMG/center_2026_08_28_23_40_26_497.jpg,data/IMG/left_2026_08_28_23_40_26_497.jpg,data/IMG/right_2026_08_28_23_40_26_497.jpg,0.7500002,1.0,0.0,30.11769
data/IMG/center_2026_08_28_23_40_26_700.jpg,data/IMG/left_2026_08_28_23_40_26_700.jpg,data/IMG/right_2026_08_28_23_40_26_700.jpg,0.15,1.0,0.0,30.19057
data/IMG/center_2026_08_28_23_40_26_770.jpg,data/IMG/left_2026_08_28_23_40_26_770.jpg,data/IMG/right_2026_08_28_23_40_26_770.jpg,0.3,1.0,0.0,30.17795
data/IMG/center_2026_08_28_23_40_26_904.jpg,data/IMG/left_2026_08_28_23_40_26_904.jpg,data/IMG/right_2026_08_28_23_40_26_904.jpg,0.1,1.0,0.0,30.19047
data/IMG/center_2026_08_28_23_40_26_974.jpg,data/IMG/left_2026_08_28_23_40_26_974.jpg,data/IMG/right_2026_08_28_23_40_26_974.jpg,0.3,1.0,0.0,30.17297
data/IMG/center_2026_08_28_23_40_27_040.jpg,data/IMG/left_2026_08_28_23_40_27_040.jpg,data/IMG/right_2026_08_28_23_40_27_040.jpg,0.45,1.0,0.0,30.15429
data/IMG/center_2026_08_28_23_40_27_107.jpg,data/IMG/left_2026_08_28_23_40_27_107.jpg,data/IMG/right_2026_08_28_23_40_27_107.jpg,0.6000001,1.0,0.0,30.13479
data/IMG/center_2026_08_28_23_40_27_179.jpg,data/IMG/left_2026_08_28_23_40_27_179.jpg,data/IMG/right_2026_08_28_23_40_27_179.jpg,0.8000001,1.0,0.0,30.11094
data/IMG/center_2026_08_28_23_40_27_246.jpg,data/IMG/left_2026_08_28_23_40_27_246.jpg,data/IMG/right_2026_08_28_23_40_27_246.jpg,0.9500002,1.0,0.0,30.09767
data/IMG/center_2026_08_28_23_40_27_449.jpg,data/IMG/left_2026_08_28_23_40_27_449.jpg,data/IMG/right_2026_08_28_23_40_27_449.jpg,0.0,1.0,0.0,30.18759
data/IMG/center_2026_08_28_23_40_27_587.jpg,data/IMG/left_2026_08_28_23_40_27_587.jpg,data/IMG/right_2026_08_28_23_40_27_587.jpg,0.15,1.0,0.0,30.18779
data/IMG/center_2026_08_28_23_40_27_657.jpg,data/IMG/left_2026_08_28_23_40_27_657.jpg,data/IMG/right_2026_08_28_23_40_27_657.jpg,0.35,1.0,0.0,30.16728
data/IMG/center_2026_08_28_23_40_28_066.jpg,data/IMG/left_2026_08_28_23_40_28_066.jpg,data/IMG/right_2026_08_28_23_40_28_066.jpg,0.05,1.0,0.0,30.18988
data/IMG/center_2026_08_28_23_40_28_133.jpg,data/IMG/left_2026_08_28_23_40_28_133.jpg,data/IMG/right_2026_08_28_23_40_28_133.jpg,0.25,1.0,0.0,30.17534
data/IMG/center_2026_08_28_23_40_28_200.jpg,data/IMG/left_2026_08_28_23_40_28_200.jpg,data/IMG/right_2026_08_28_23_40_28_200.jpg,0.4,1.0,0.0,30.15821
data/IMG/center_2026_08_28_23_40_28_267.jpg,data/IMG/left_2026_08_28_23_40_28_267.jpg,data/IMG/right_2026_08_28_23_40_28_267.jpg,0.5500001,1.0,0.0,30.13952
data/IMG/center_2026_08_28_23_40_28_546.jpg,data/IMG/left_2026_08_28_23_40_28_546.jpg,data/IMG/right_2026_08_28_23_40_28_546.jpg,0.15,1.0,0.0,30.18642
data/IMG/center_2026_08_28_23_40_28_617.jpg,data/IMG/left_2026_08_28_23_40_28_617.jpg,data/IMG/right_2026_08_28_23_40_28_617.jpg,0.35,1.0,0.0,30.1658
data/IMG/center_2026_08_28_23_40_28_964.jpg,data/IMG/left_2026_08_28_23_40_28_964.jpg,data/IMG/right_2026_08_28_23_40_28_964.jpg,0.05,1.0,0.0,30.18986
data/IMG/center_2026_08_28_23_40_29_035.jpg,data/IMG/left_2026_08_28_23_40_29_035.jpg,data/IMG/right_2026_08_28_23_40_29_035.jpg,0.25,1.0,0.0,30.17531
data/IMG/center_2026_08_28_23_40_29_105.jpg,data/IMG/left_2026_08_28_23_40_29_105.jpg,data/IMG/right_2026_08_28_23_40_29_105.jpg,0.4,1.0,0.0,30.15793
data/IMG/center_2026_08_28_23_40_30_276.jpg,data/IMG/left_2026_08_28_23_40_30_276.jpg,data/IMG/right_2026_08_28_23_40_30_276.jpg,0.15,1.0,0.0,30.18422
data/IMG/center_2026_08_28_23_40_30_346.jpg,data/IMG/left_2026_08_28_23_40_30_346.jpg,data/IMG/right_2026_08_28_23_40_30_346.jpg,0.3,1.0,0.0,30.16925
data/IMG/center_2026_08_28_23_40_32_610.jpg,data/IMG/left_2026_08_28_23_40_32_610.jpg,data/IMG/right_2026_08_28_23_40_32_610.jpg,0.0,1.0,0.0,30.19026
data/IMG/center_2026_08_28_23_40_33_975.jpg,data/IMG/left_2026_08_28_23_40_33_975.jpg,data/IMG/right_2026_08_28_23_40_33_975.jpg,-0.2,1.0,0.0,30.17982
data/IMG/center_2026_08_28_23_40_34_045.jpg,data/IMG/left_2026_08_28_23_40_34_045.jpg,data/IMG/right_2026_08_28_23_40_34_045.jpg,-0.35,1.0,0.0,30.1635
data/IMG/center_2026_08_28_23_40_34_112.jpg,data/IMG/left_2026_08_28_23_40_34_112.jpg,data/IMG/right_2026_08_28_23_40_34_112.jpg,-0.5000001,1.0,0.0,30.14537
data/IMG/center_2026_08_28_23_40_34_181.jpg,data/IMG/left_2026_08_28_23_40_34_181.jpg,data/IMG/right_2026_08_28_23_40_34_181.jpg,-0.7,1.0,0.0,30.12102
data/IMG/center_2026_08_28_23_40_34_930.jpg,data/IMG/left_2026_08_28_23_40_34_930.jpg,data/IMG/right_2026_08_28_23_40_34_930.jpg,-0.1,1.0,0.0,30.18762
data/IMG/center_2026_08_28_23_40_34_998.jpg,data/IMG/left_2026_08_28_23_40_34_998.jpg,data/IMG/right_2026_08_28_23_40_34_998.jpg,-0.3,1.0,0.0,30.16913
data/IMG/center_2026_08_28_23_40_35_066.jpg,data/IMG/left_2026_08_28_23_40_35_066.jpg,data/IMG/right_2026_08_28_23_40_35_066.jpg,-0.45,1.0,0.0,30.1518
data/IMG/center_2026_08_28_23_40_35_135.jpg,data/IMG/left_2026_08_28_23_40_35_135.jpg,data/IMG/right_2026_08_28_23_40_35_135.jpg,-0.6500001,1.0,0.0,30.12698
data/IMG/center_2026_08_28_23_40_35_748.jpg,data/IMG/left_2026_08_28_23_40_35_748.jpg,data/IMG/right_2026_08_28_23_40_35_748.jpg,-0.05,1.0,0.0,30.18967
data/IMG/center_2026_08_28_23_40_35_816.jpg,data/IMG/left_2026_08_28_23_40_35_816.jpg,data/IMG/right_2026_08_28_23_40_35_816.jpg,-0.25,1.0,0.0,30.17477
data/IMG/center_2026_08_28_23_40_35_885.jpg,data/IMG/left_2026_08_28_23_40_35_885.jpg,data/IMG/right_2026_08_28_23_40_35_885.jpg,-0.4,1.0,0.0,30.15718
data/IMG/center_2026_08_28_23_40_35_952.jpg,data/IMG/left_2026_08_28_23_40_35_952.jpg,data/IMG/right_2026_08_28_23_40_35_952.jpg,-0.5500001,1.0,0.0,30.13899
data/IMG/center_2026_08_28_23_40_36_221.jpg,data/IMG/left_2026_08_28_23_40_36_221.jpg,data/IMG/right_2026_08_28_23_40_36_221.jpg,-0.1,1.0,0.0,30.18908
data/IMG/center_2026_08_28_23_40_36_289.jpg,data/IMG/left_2026_08_28_23_40_36_289.jpg,data/IMG/right_2026_08_28_23_40_36_289.jpg,-0.25,1.0,0.0,30.17699
data/IMG/center_2026_08_28_23_40_36_356.jpg,data/IMG/left_2026_08_28_23_40_36_356.jpg,data/IMG/right_2026_08_28_23_40_36_356.jpg,-0.45,1.0,0.0,30.15311
data/IMG/center_2026_08_28_23_40_36_423.jpg,data/IMG/left_2026_08_28_23_40_36_423.jpg,data/IMG/right_2026_08_28_23_40_36_423.jpg,-0.6000001,1.0,0.0,30.13425
data/IMG/center_2026_08_28_23_40_36_761.jpg,data/IMG/left_2026_08_28_23_40_36_761.jpg,data/IMG/right_2026_08_28_23_40_36_761.jpg,-0.05,1.0,0.0,30.19003
data/IMG/center_2026_08_28_23_40_36_828.jpg,data/IMG/left_2026_08_28_23_40_36_828.jpg,data/IMG/right_2026_08_28_23_40_36_828.jpg,-0.2,1.0,0.0,30.1814
data/IMG/center_2026_08_28_23_40_36_895.jpg,data/IMG/left_2026_08_28_23_40_36_895.jpg,data/IMG/right_2026_08_28_23_40_36_895.jpg,-0.4,1.0,0.0,30.15976
data/IMG/center_2026_08_28_23_40_36_962.jpg,data/IMG/left_2026_08_28_23_40_36_962.jpg,data/IMG/right_2026_08_28_23_40_36_962.jpg,-0.5500001,1.0,0.0,30.13994
data/IMG/center_2026_08_28_23_40_37_028.jpg,data/IMG/left_2026_08_28_23_40_37_028.jpg,data/IMG/right_2026_08_28_23_40_37_028.jpg,-0.7,1.0,0.0,30.12158
data/IMG/center_2026_08_28_23_40_37_300.jpg,data/IMG/left_2026_08_28_23_40_37_300.jpg,data/IMG/right_2026_08_28_23_40_37_300.jpg,-0.1,1.0,0.0,30.18955
data/IMG/center_2026_08_28_23_40_37_369.jpg,data/IMG/left_2026_08_28_23_40_37_369.jpg,data/IMG/right_2026_08_28_23_40_37_369.jpg,-0.25,1.0,0.0,30.17775
data/IMG/center_2026_08_28_23_40_37_438.jpg,data/IMG/left_2026_08_28_23_40_37_438.jpg,data/IMG/right_2026_08_28_23_40_37_438.jpg,-0.45,1.0,0.0,30.15379
data/IMG/center_2026_08_28_23_40_37_709.jpg,data/IMG/left_2026_08_28_23_40_37_709.jpg,data/IMG/right_2026_08_28_23_40_37_709.jpg,-0.1,1.0,0.0,30.18958
data/IMG/center_2026_08_28_23_40_37_779.jpg,data/IMG/left_2026_08_28_23_40_37_779.jpg,data/IMG/right_2026_08_28_23_40_37_779.jpg,-0.3,1.0,0.0,30.17219
data/IMG/center_2026_08_28_23_40_37_848.jpg,data/IMG/left_2026_08_28_23_40_37_848.jpg,data/IMG/right_2026_08_28_23_40_37_848.jpg,-0.45,1.0,0.0,30.15364
data/IMG/center_2026_08_28_23_40_37_918.jpg,data/IMG/left_2026_08_28_23_40_37_918.jpg,data/IMG/right_2026_08_28_23_40_37_918.jpg,-0.6500001,1.0,0.0,30.12841
data/IMG/center_2026_08_28_23_40_38_188.jpg,data/IMG/left_2026_08_28_23_40_38_188.jpg,data/IMG/right_2026_08_28_23_40_38_188.jpg,-0.1,1.0,0.0,30.18942
data/IMG/center_2026_08_28_23_40_38_257.jpg,data/IMG/left_2026_08_28_23_40_38_257.jpg,data/IMG/right_2026_08_28_23_40_38_257.jpg,-0.3,1.0,0.0,30.17239
data/IMG/center_2026_08_28_23_40_38_324.jpg,data/IMG/left_2026_08_28_23_40_38_324.jpg,data/IMG/right_2026_08_28_23_40_38_324.jpg,-0.45,1.0,0.0,30.15378
data/IMG/center_2026_08_28_23_40_38_736.jpg,data/IMG/left_2026_08_28_23_40_38_736.jpg,data/IMG/right_2026_08_28_23_40_38_736.jpg,-0.2,1.0,0.0,30.18074
data/IMG/center_2026_08_28_23_40_38_805.jpg,data/IMG/left_2026_08_28_23_40_38_805.jpg,data/IMG/right_2026_08_28_23_40_38_805.jpg,-0.35,1.0,0.0,30.16358
data/IMG/center_2026_08_28_23_40_38_939.jpg,data/IMG/left_2026_08_28_23_40_38_939.jpg,data/IMG/right_2026_08_28_23_40_38_939.jpg,0.0,1.0,0.0,30.18892
data/IMG/center_2026_08_28_23_40_39_215.jpg,data/IMG/left_2026_08_28_23_40_39_215.jpg,data/IMG/right_2026_08_28_23_40_39_215.jpg,-0.15,1.0,0.0,30.18498
data/IMG/center_2026_08_28_23_40_39_282.jpg,data/IMG/left_2026_08_28_23_40_39_282.jpg,data/IMG/right_2026_08_28_23_40_39_282.jpg,-0.3,1.0,0.0,30.16975
data/IMG/center_2026_08_28_23_40_39_349.jpg,data/IMG/left_2026_08_28_23_40_39_349.jpg,data/IMG/right_2026_08_28_23_40_39_349.jpg,-0.45,1.0,0.0,30.15201
data/IMG/center_2026_08_28_23_40_39_695.jpg,data/IMG/left_2026_08_28_23_40_39_695.jpg,data/IMG/right_2026_08_28_23_40_39_695.jpg,-0.15,1.0,0.0,30.18545
data/IMG/center_2026_08_28_23_40_39_762.jpg,data/IMG/left_2026_08_28_23_40_39_762.jpg,data/IMG/right_2026_08_28_23_40_39_762.jpg,-0.3,1.0,0.0,30.17052
data/IMG/center_2026_08_28_23_40_39_830.jpg,data/IMG/left_2026_08_28_23_40_39_830.jpg,data/IMG/right_2026_08_28_23_40_39_830.jpg,-0.45,1.0,0.0,30.15241
data/IMG/center_2026_08_28_23_40_40_439.jpg,data/IMG/left_2026_08_28_23_40_40_439.jpg,data/IMG/right_2026_08_28_23_40_40_439.jpg,-0.2,1.0,0.0,30.17991
data/IMG/center_2026_08_28_23_40_40_506.jpg,data/IMG/left_2026_08_28_23_40_40_506.jpg,data/IMG/right_2026_08_28_23_40_40_506.jpg,-0.35,1.0,0.0,30.16355
data/IMG/center_2026_08_28_23_40_40_576.jpg,data/IMG/left_2026_08_28_23_40_40_576.jpg,data/IMG/right_2026_08_28_23_40_40_576.jpg,0.0,1.0,0.0,30.18758
data/IMG/center_2026_08_28_23_40_40_919.jpg,data/IMG/left_2026_08_28_23_40_40_919.jpg,data/IMG/right_2026_08_28_23_40_40_919.jpg,-0.05,1.0,0.0,30.1897
data/IMG/center_2026_08_28_23_40_40_988.jpg,data/IMG/left_2026_08_28_23_40_40_988.jpg,data/IMG/right_2026_08_28_23_40_40_988.jpg,-0.2,1.0,0.0,30.18025
data/IMG/center_2026_08_28_23_40_41_058.jpg,data/IMG/left_2026_08_28_23_40_41_058.jpg,data/IMG/right_2026_08_28_23_40_41_058.jpg,-0.4,1.0,0.0,30.15783
data/IMG/center_2026_08_28_23_40_41_602.jpg,data/IMG/left_2026_08_28_23_40_41_602.jpg,data/IMG/right_2026_08_28_23_40_41_602.jpg,-0.05,1.0,0.0,30.18971
data/IMG/center_2026_08_28_23_40_41_672.jpg,data/IMG/left_2026_08_28_23_40_41_672.jpg,data/IMG/right_2026_08_28_23_40_41_672.jpg,-0.2,1.0,0.0,30.18002
data/IMG/center_2026_08_28_23_40_41_742.jpg,data/IMG/left_2026_08_28_23_40_41_742.jpg,data/IMG/right_2026_08_28_23_40_41_742.jpg,-0.4,1.0,0.0,30.15779
data/IMG/center_2026_08_28_23_40_42_841.jpg,data/IMG/left_2026_08_28_23_40_42_841.jpg,data/IMG/right_2026_08_28_23_40_42_841.jpg,-0.15,1.0,0.0,30.18425
data/IMG/center_2026_08_28_23_40_42_909.jpg,data/IMG/left_2026_08_28_23_40_42_909.jpg,data/IMG/right_2026_08_28_23_40_42_909.jpg,-0.3,1.0,0.0,30.16894
data/IMG/center_2026_08_28_23_40_42_979.jpg,data/IMG/left_2026_08_28_23_40_42_979.jpg,data/IMG/right_2026_08_28_23_40_42_979.jpg,-0.5000001,1.0,0.0,30.14532
data/IMG/center_2026_08_28_23_40_43_047.jpg,data/IMG/left_2026_08_28_23_40_43_047.jpg,data/IMG/right_2026_08_28_23_40_43_047.jpg,-0.6500001,1.0,0.0,30.12706
data/IMG/center_2026_08_28_23_40_44_277.jpg,data/IMG/left_2026_08_28_23_40_44_277.jpg,data/IMG/right_2026_08_28_23_40_44_277.jpg,-0.15,1.0,0.0,30.18421
data/IMG/center_2026_08_28_23_40_44_344.jpg,data/IMG/left_2026_08_28_23_40_44_344.jpg,data/IMG/right_2026_08_28_23_40_44_344.jpg,-0.3,1.0,0.0,30.16925
data/IMG/center_2026_08_28_23_40_44_412.jpg,data/IMG/left_2026_08_28_23_40_44_412.jpg,data/IMG/right_2026_08_28_23_40_44_412.jpg,-0.45,1.0,0.0,30.15146
data/IMG/center_2026_08_28_23_40_45_371.jpg,data/IMG/left_2026_08_28_23_40_45_371.jpg,data/IMG/right_2026_08_28_23_40_45_371.jpg,-0.1,1.0,0.0,30.18764
data/IMG/center_2026_08_28_23_40_45_438.jpg,data/IMG/left_2026_08_28_23_40_45_438.jpg,data/IMG/right_2026_08_28_23_40_45_438.jpg,-0.3,1.0,0.0,30.1692
data/IMG/center_2026_08_28_23_40_45_505.jpg,data/IMG/left_2026_08_28_23_40_45_505.jpg,data/IMG/right_2026_08_28_23_40_45_505.jpg,-0.45,1.0,0.0,30.15144
data/IMG/center_2026_08_28_23_40_46_048.jpg,data/IMG/left_2026_08_28_23_40_46_048.jpg,data/IMG/right_2026_08_28_23_40_46_048.jpg,-0.1,1.0,0.0,30.18791
data/IMG/center_2026_08_28_23_40_46_732.jpg,data/IMG/left_2026_08_28_23_40_46_732.jpg,data/IMG/right_2026_08_28_23_40_46_732.jpg,-0.1,1.0,0.0,30.18777
data/IMG/center_2026_08_28_23_40_46_799.jpg,data/IMG/left_2026_08_28_23_40_46_799.jpg,data/IMG/right_2026_08_28_23_40_46_799.jpg,-0.3,1.0,0.0,30.16924
data/IMG/center_2026_08_28_23_40_46_866.jpg,data/IMG/left_2026_08_28_23_40_46_866.jpg,data/IMG/right_2026_08_28_23_40_46_866.jpg,-0.45,1.0,0.0,30.15142
data/IMG/center_2026_08_28_23_40_48_432.jpg,data/IMG/left_2026_08_28_23_40_48_432.jpg,data/IMG/right_2026_08_28_23_40_48_432.jpg,-0.05,1.0,0.0,30.18972
data/IMG/center_2026_08_28_23_40_48_499.jpg,data/IMG/left_2026_08_28_23_40_48_499.jpg,data/IMG/right_2026_08_28_23_40_48_499.jpg,-0.25,1.0,0.0,30.17475
data/IMG/center_2026_08_28_23_40_48_568.jpg,data/IMG/left_2026_08_28_23_40_48_568.jpg,data/IMG/right_2026_08_28_23_40_48_568.jpg,-0.4,1.0,0.0,30.15752
data/IMG/center_2026_08_28_23_40_50_129.jpg,data/IMG/left_2026_08_28_23_40_50_129.jpg,data/IMG/right_2026_08_28_23_40_50_129.jpg,0.0,1.0,0.0,30.19029
data/IMG/center_2026_08_28_23_40_50_807.jpg,data/IMG/left_2026_08_28_23_40_50_807.jpg,data/IMG/right_2026_08_28_23_40_50_807.jpg,-0.15,1.0,0.0,30.18424
data/IMG/center_2026_08_28_23_40_50_875.jpg,data/IMG/left_2026_08_28_23_40_50_875.jpg,data/IMG/right_2026_08_28_23_40_50_875.jpg,-0.35,1.0,0.0,30.16347
data/IMG/center_2026_08_28_23_40_50_941.jpg,data/IMG/left_2026_08_28_23_40_50_941.jpg,data/IMG/right_2026_08_28_23_40_50_941.jpg,-0.5000001,1.0,0.0,30.14537
data/IMG/center_2026_08_28_23_40_51_416.jpg,data/IMG/left_2026_08_28_23_40_51_416.jpg,data/IMG/right_2026_08_28_23_40_51_416.jpg,0.05,1.0,0.0,30.18965
data/IMG/center_2026_08_28_23_40_52_776.jpg,data/IMG/left_2026_08_28_23_40_52_776.jpg,data/IMG/right_2026_08_28_23_40_52_776.jpg,0.0,1.0,0.0,30.1904
data/IMG/center_2026_08_28_23_40_53_248.jpg,data/IMG/left_2026_08_28_23_40_53_248.jpg,data/IMG/right_2026_08_28_23_40_53_248.jpg,-0.05,1.0,0.0,30.18972
data/IMG/center_2026_08_28_23_40_53_317.jpg,data/IMG/left_2026_08_28_23_40_53_317.jpg,data/IMG/right_2026_08_28_23_40_53_317.jpg,-0.25,1.0,0.0,30.17476
data/IMG/center_2026_08_28_23_40_53_384.jpg,data/IMG/left_2026_08_28_23_40_53_384.jpg,data/IMG/right_2026_08_28_23_40_53_384.jpg,-0.4,1.0,0.0,30.15751
data/IMG/center_2026_08_28_23_40_53_452.jpg,data/IMG/left_2026_08_28_23_40_53_452.jpg,data/IMG/right_2026_08_28_23_40_53_452.jpg,0.0,1.0,0.0,30.18759
data/IMG/center_2026_08_28_23_40_56_041.jpg,data/IMG/left_2026_08_28_23_40_56_041.jpg,data/IMG/right_2026_08_28_23_40_56_041.jpg,-0.2,1.0,0.0,30.17983
data/IMG/center_2026_08_28_23_40_56_112.jpg,data/IMG/left_2026_08_28_23_40_56_112.jpg,data/IMG/right_2026_08_28_23_40_56_112.jpg,-0.35,1.0,0.0,30.16346
data/IMG/center_2026_08_28_23_40_56_181.jpg,data/IMG/left_2026_08_28_23_40_56_181.jpg,data/IMG/right_2026_08_28_23_40_56_181.jpg,-0.5500001,1.0,0.0,30.13925
data/IMG/center_2026_08_28_23_40_56_795.jpg,data/IMG/left_2026_08_28_23_40_56_795.jpg,data/IMG/right_2026_08_28_23_40_56_795.jpg,0.0,1.0,0.0,30.19031
data/IMG/center_2026_08_28_23_41_00_128.jpg,data/IMG/left_2026_08_28_23_41_00_128.jpg,data/IMG/right_2026_08_28_23_41_00_128.jpg,0.0,1.0,0.0,30.1903
data/IMG/center_2026_08_28_23_41_00_812.jpg,data/IMG/left_2026_08_28_23_41_00_812.jpg,data/IMG/right_2026_08_28_23_41_00_812.jpg,0.0,1.0,0.0,30.19029
data/IMG/center_2026_08_28_23_41_01_222.jpg,data/IMG/left_2026_08_28_23_41_01_222.jpg,data/IMG/right_2026_08_28_23_41_01_222.jpg,0.0,1.0,0.0,30.1903
data/IMG/center_2026_08_28_23_41_01_290.jpg,data/IMG/left_2026_08_28_23_41_01_290.jpg,data/IMG/right_2026_08_28_23_41_01_290.jpg,0.0,1.0,0.0,30.19018
data/IMG/center_2026_08_28_23_41_01_630.jpg,data/IMG/left_2026_08_28_23_41_01_630.jpg,data/IMG/right_2026_08_28_23_41_01_630.jpg,-0.05,1.0,0.0,30.1897
data/IMG/center_2026_08_28_23_41_01_700.jpg,data/IMG/left_2026_08_28_23_41_01_700.jpg,data/IMG/right_2026_08_28_23_41_01_700.jpg,-0.25,1.0,0.0,30.17477
data/IMG/center_2026_08_28_23_41_01_770.jpg,data/IMG/left_2026_08_28_23_41_01_770.jpg,data/IMG/right_2026_08_28_23_41_01_770.jpg,-0.4,1.0,0.0,30.15751
data/IMG/center_2026_08_28_23_41_02_182.jpg,data/IMG/left_2026_08_28_23_41_02_182.jpg,data/IMG/right_2026_08_28_23_41_02_182.jpg,-0.1,1.0,0.0,30.18798
data/IMG/center_2026_08_28_23_41_02_251.jpg,data/IMG/left_2026_08_28_23_41_02_251.jpg,data/IMG/right_2026_08_28_23_41_02_251.jpg,-0.25,1.0,0.0,30.17517
data/IMG/center_2026_08_28_23_41_03_964.jpg,data/IMG/left_2026_08_28_23_41_03_964.jpg,data/IMG/right_2026_08_28_23_41_03_964.jpg,-0.1,1.0,0.0,30.18768
data/IMG/center_2026_08_28_23_41_04_032.jpg,data/IMG/left_2026_08_28_23_41_04_032.jpg,data/IMG/right_2026_08_28_23_41_04_032.jpg,-0.25,1.0,0.0,30.17476
data/IMG/center_2026_08_28_23_41_04_101.jpg,data/IMG/left_2026_08_28_23_41_04_101.jpg,data/IMG/right_2026_08_28_23_41_04_101.jpg,-0.45,1.0,0.0,30.15146
data/IMG/center_2026_08_28_23_41_04_512.jpg,data/IMG/left_2026_08_28_23_41_04_512.jpg,data/IMG/right_2026_08_28_23_41_04_512.jpg,0.1,1.0,0.0,30.18688
data/IMG/center_2026_08_28_23_41_04_649.jpg,data/IMG/left_2026_08_28_23_41_04_649.jpg,data/IMG/right_2026_08_28_23_41_04_649.jpg,0.0,1.0,0.0,30.19009
data/IMG/center_2026_08_28_23_41_05_128.jpg,data/IMG/left_2026_08_28_23_41_05_128.jpg,data/IMG/right_2026_08_28_23_41_05_128.jpg,0.05,1.0,0.0,30.18974
data/IMG/center_2026_08_28_23_41_06_363.jpg,data/IMG/left_2026_08_28_23_41_06_363.jpg,data/IMG/right_2026_08_28_23_41_06_363.jpg,0.0,1.0,0.0,30.1903
data/IMG/center_2026_08_28_23_41_08_219.jpg,data/IMG/left_2026_08_28_23_41_08_219.jpg,data/IMG/right_2026_08_28_23_41_08_219.jpg,-0.15,1.0,0.0,30.18428
data/IMG/center_2026_08_28_23_41_08_289.jpg,data/IMG/left_2026_08_28_23_41_08_289.jpg,data/IMG/right_2026_08_28_23_41_08_289.jpg,-0.3,1.0,0.0,30.16928
data/IMG/center_2026_08_28_23_41_08_359.jpg,data/IMG/left_2026_08_28_23_41_08_359.jpg,data/IMG/right_2026_08_28_23_41_08_359.jpg,-0.5000001,1.0,0.0,30.14537
data/IMG/center_2026_08_28_23_41_08_769.jpg,data/IMG/left_2026_08_28_23_41_08_769.jpg,data/IMG/right_2026_08_28_23_41_08_769.jpg,0.0,1.0,0.0,30.19029
data/IMG/center_2026_08_28_23_41_08_908.jpg,data/IMG/left_2026_08_28_23_41_08_908.jpg,data/IMG/right_2026_08_28_23_41_08_908.jpg,0.0,1.0,0.0,30.19028
data/IMG/center_2026_08_28_23_41_09_937.jpg,data/IMG/left_2026_08_28_23_41_09_937.jpg,data/IMG/right_2026_08_28_23_41_09_937.jpg,-0.15,1.0,0.0,30.18421
data/IMG/center_2026_08_28_23_41_10_006.jpg,data/IMG/left_2026_08_28_23_41_10_006.jpg,data/IMG/right_2026_08_28_23_41_10_006.jpg,-0.3,1.0,0.0,30.16924
data/IMG/center_2026_08_28_23_41_10_554.jpg,data/IMG/left_2026_08_28_23_41_10_554.jpg,data/IMG/right_2026_08_28_23_41_10_554.jpg,-0.2,1.0,0.0,30.18014
data/IMG/center_2026_08_28_23_41_10_624.jpg,data/IMG/left_2026_08_28_23_41_10_624.jpg,data/IMG/right_2026_08_28_23_41_10_624.jpg,-0.35,1.0,0.0,30.16372
data/IMG/center_2026_08_28_23_41_11_313.jpg,data/IMG/left_2026_08_28_23_41_11_313.jpg,data/IMG/right_2026_08_28_23_41_11_313.jpg,0.0,1.0,0.0,30.19026
data/IMG/center_2026_08_28_23_41_11_792.jpg,data/IMG/left_2026_08_28_23_41_11_792.jpg,data/IMG/right_2026_08_28_23_41_11_792.jpg,0.0,1.0,0.0,30.19033
data/IMG/center_2026_08_28_23_41_13_021.jpg,data/IMG/left_2026_08_28_23_41_13_021.jpg,data/IMG/right_2026_08_28_23_41_13_021.jpg,-0.15,1.0,0.0,30.18422
data/IMG/center_2026_08_28_23_41_13_088.jpg,data/IMG/left_2026_08_28_23_41_13_088.jpg,data/IMG/right_2026_08_28_23_41_13_088.jpg,-0.3,1.0,0.0,30.16922
data/IMG/center_2026_08_28_23_41_13_155.jpg,data/IMG/left_2026_08_28_23_41_13_155.jpg,data/IMG/right_2026_08_28_23_41_13_155.jpg,-0.5000001,1.0,0.0,30.14533
data/IMG/center_2026_08_28_23_41_13_498.jpg,data/IMG/left_2026_08_28_23_41_13_498.jpg,data/IMG/right_2026_08_28_23_41_13_498.jpg,-0.15,1.0,0.0,30.18544
data/IMG/center_2026_08_28_23_41_13_565.jpg,data/IMG/left_2026_08_28_23_41_13_565.jpg,data/IMG/right_2026_08_28_23_41_13_565.jpg,-0.3,1.0,0.0,30.17107
data/IMG/center_2026_08_28_23_41_13_632.jpg,data/IMG/left_2026_08_28_23_41_13_632.jpg,data/IMG/right_2026_08_28_23_41_13_632.jpg,-0.45,1.0,0.0,30.15242
data/IMG/center_2026_08_28_23_41_13_698.jpg,data/IMG/left_2026_08_28_23_41_13_698.jpg,data/IMG/right_2026_08_28_23_41_13_698.jpg,-0.6500001,1.0,0.0,30.12764
data/IMG/center_2026_08_28_23_41_14_871.jpg,data/IMG/left_2026_08_28_23_41_14_871.jpg,data/IMG/right_2026_08_28_23_41_14_871.jpg,0.0,1.0,0.0,30.19032
data/IMG/center_2026_08_28_23_41_15_008.jpg,data/IMG/left_2026_08_28_23_41_15_008.jpg,data/IMG/right_2026_08_28_23_41_15_008.jpg,-0.1,1.0,0.0,30.18764
data/IMG/center_2026_08_28_23_41_15_076.jpg,data/IMG/left_2026_08_28_23_41_15_076.jpg,data/IMG/right_2026_08_28_23_41_15_076.jpg,-0.3,1.0,0.0,30.16912
data/IMG/center_2026_08_28_23_41_15_145.jpg,data/IMG/left_2026_08_28_23_41_15_145.jpg,data/IMG/right_2026_08_28_23_41_15_145.jpg,-0.45,1.0,0.0,30.15132
data/IMG/center_2026_08_28_23_41_15_485.jpg,data/IMG/left_2026_08_28_23_41_15_485.jpg,data/IMG/right_2026_08_28_23_41_15_485.jpg,0.0,1.0,0.0,30.19025
data/IMG/center_2026_08_28_23_41_15_757.jpg,data/IMG/left_2026_08_28_23_41_15_757.jpg,data/IMG/right_2026_08_28_23_41_15_757.jpg,0.0,1.0,0.0,30.19031
data/IMG/center_2026_08_28_23_41_15_895.jpg,data/IMG/left_2026_08_28_23_41_15_895.jpg,data/IMG/right_2026_08_28_23_41_15_895.jpg,-0.1,1.0,0.0,30.18823
data/IMG/center_2026_08_28_23_41_15_962.jpg,data/IMG/left_2026_08_28_23_41_15_962.jpg,data/IMG/right_2026_08_28_23_41_15_962.jpg,-0.25,1.0,0.0,30.17471
data/IMG/center_2026_08_28_23_41_16_029.jpg,data/IMG/left_2026_08_28_23_41_16_029.jpg,data/IMG/right_2026_08_28_23_41_16_029.jpg,-0.4,1.0,0.0,30.1574
data/IMG/center_2026_08_28_23_41_16_440.jpg,data/IMG/left_2026_08_28_23_41_16_440.jpg,data/IMG/right_2026_08_28_23_41_16_440.jpg,-0.05,1.0,0.0,30.18989
data/IMG/center_2026_08_28_23_41_16_509.jpg,data/IMG/left_2026_08_28_23_41_16_509.jpg,data/IMG/right_2026_08_28_23_41_16_509.jpg,-0.2,1.0,0.0,30.18052
data/IMG/center_2026_08_28_23_41_16_578.jpg,data/IMG/left_2026_08_28_23_41_16_578.jpg,data/IMG/right_2026_08_28_23_41_16_578.jpg,-0.4,1.0,0.0,30.15804
data/IMG/center_2026_08_28_23_41_17_054.jpg,data/IMG/left_2026_08_28_23_41_17_054.jpg,data/IMG/right_2026_08_28_23_41_17_054.jpg,-0.2,1.0,0.0,30.18027
data/IMG/center_2026_08_28_23_41_17_123.jpg,data/IMG/left_2026_08_28_23_41_17_123.jpg,data/IMG/right_2026_08_28_23_41_17_123.jpg,-0.35,1.0,0.0,30.16386
data/IMG/center_2026_08_28_23_41_17_531.jpg,data/IMG/left_2026_08_28_23_41_17_531.jpg,data/IMG/right_2026_08_28_23_41_17_531.jpg,-0.1,1.0,0.0,30.18825
data/IMG/center_2026_08_28_23_41_17_598.jpg,data/IMG/left_2026_08_28_23_41_17_598.jpg,data/IMG/right_2026_08_28_23_41_17_598.jpg,-0.3,1.0,0.0,30.17001
data/IMG/center_2026_08_28_23_41_17_668.jpg,data/IMG/left_2026_08_28_23_41_17_668.jpg,data/IMG/right_2026_08_28_23_41_17_668.jpg,-0.45,1.0,0.0,30.15206
data/IMG/center_2026_08_28_23_41_17_938.jpg,data/IMG/left_2026_08_28_23_41_17_938.jpg,data/IMG/right_2026_08_28_23_41_17_938.jpg,-0.1,1.0,0.0,30.18878
data/IMG/center_2026_08_28_23_41_18_008.jpg,data/IMG/left_2026_08_28_23_41_18_008.jpg,data/IMG/right_2026_08_28_23_41_18_008.jpg,-0.25,1.0,0.0,30.1764
data/IMG/center_2026_08_28_23_41_18_078.jpg,data/IMG/left_2026_08_28_23_41_18_078.jpg,data/IMG/right_2026_08_28_23_41_18_078.jpg,-0.45,1.0,0.0,30.15269
data/IMG/center_2026_08_28_23_41_18_421.jpg,data/IMG/left_2026_08_28_23_41_18_421.jpg,data/IMG/right_2026_08_28_23_41_18_421.jpg,-0.15,1.0,0.0,30.18566
data/IMG/center_2026_08_28_23_41_18_831.jpg,data/IMG/left_2026_08_28_23_41_18_831.jpg,data/IMG/right_2026_08_28_23_41_18_831.jpg,-0.1,1.0,0.0,30.18781
data/IMG/center_2026_08_28_23_41_18_900.jpg,data/IMG/left_2026_08_28_23_41_18_900.jpg,data/IMG/right_2026_08_28_23_41_18_900.jpg,-0.3,1.0,0.0,30.16944
data/IMG/center_2026_08_28_23_41_18_967.jpg,data/IMG/left_2026_08_28_23_41_18_967.jpg,data/IMG/right_2026_08_28_23_41_18_967.jpg,-0.45,1.0,0.0,30.15158
data/IMG/center_2026_08_28_23_41_19_035.jpg,data/IMG/left_2026_08_28_23_41_19_035.jpg,data/IMG/right_2026_08_28_23_41_19_035.jpg,-0.6500001,1.0,0.0,30.12713
data/IMG/center_2026_08_28_23_41_19_519.jpg,data/IMG/left_2026_08_28_23_41_19_519.jpg,data/IMG/right_2026_08_28_23_41_19_519.jpg,0.0,1.0,0.0,30.19058
data/IMG/center_2026_08_28_23_41_19_936.jpg,data/IMG/left_2026_08_28_23_41_19_936.jpg,data/IMG/right_2026_08_28_23_41_19_936.jpg,-0.15,1.0,0.0,30.18418
data/IMG/center_2026_08_28_23_41_20_003.jpg,data/IMG/left_2026_08_28_23_41_20_003.jpg,data/IMG/right_2026_08_28_23_41_20_003.jpg,-0.3,1.0,0.0,30.16902
data/IMG/center_2026_08_28_23_41_20_275.jpg,data/IMG/left_2026_08_28_23_41_20_275.jpg,data/IMG/right_2026_08_28_23_41_20_275.jpg,-0.1,1.0,0.0,30.18899
data/IMG/center_2026_08_28_23_41_20_345.jpg,data/IMG/left_2026_08_28_23_41_20_345.jpg,data/IMG/right_2026_08_28_23_41_20_345.jpg,-0.25,1.0,0.0,30.17679
data/IMG/center_2026_08_28_23_41_20_412.jpg,data/IMG/left_2026_08_28_23_41_20_412.jpg,data/IMG/right_2026_08_28_23_41_20_412.jpg,-0.4,1.0,0.0,30.15928
data/IMG/center_2026_08_28_23_41_20_826.jpg,data/IMG/left_2026_08_28_23_41_20_826.jpg,data/IMG/right_2026_08_28_23_41_20_826.jpg,-0.05,1.0,0.0,30.18987
data/IMG/center_2026_08_28_23_41_20_893.jpg,data/IMG/left_2026_08_28_23_41_20_893.jpg,data/IMG/right_2026_08_28_23_41_20_893.jpg,-0.25,1.0,0.0,30.17554
data/IMG/center_2026_08_28_23_41_21_791.jpg,data/IMG/left_2026_08_28_23_41_21_791.jpg,data/IMG/right_2026_08_28_23_41_21_791.jpg,0.0,1.0,0.0,30.19033
data/IMG/center_2026_08_28_23_41_22_064.jpg,data/IMG/left_2026_08_28_23_41_22_064.jpg,data/IMG/right_2026_08_28_23_41_22_064.jpg,-0.05,1.0,0.0,30.18971
data/IMG/center_2026_08_28_23_41_22_133.jpg,data/IMG/left_2026_08_28_23_41_22_133.jpg,data/IMG/right_2026_08_28_23_41_22_133.jpg,-0.25,1.0,0.0,30.17477
data/IMG/center_2026_08_28_23_41_22_201.jpg,data/IMG/left_2026_08_28_23_41_22_201.jpg,data/IMG/right_2026_08_28_23_41_22_201.jpg,-0.4,1.0,0.0,30.15749
data/IMG/center_2026_08_28_23_41_22_271.jpg,data/IMG/left_2026_08_28_23_41_22_271.jpg,data/IMG/right_2026_08_28_23_41_22_271.jpg,-0.5500001,1.0,0.0,30.13924
data/IMG/center_2026_08_28_23_41_22_614.jpg,data/IMG/left_2026_08_28_23_41_22_614.jpg,data/IMG/right_2026_08_28_23_41_22_614.jpg,0.0,1.0,0.0,30.19028
data/IMG/center_2026_08_28_23_41_24_678.jpg,data/IMG/left_2026_08_28_23_41_24_678.jpg,data/IMG/right_2026_08_28_23_41_24_678.jpg,-0.2,1.0,0.0,30.17984
data/IMG/center_2026_08_28_23_41_24_749.jpg,data/IMG/left_2026_08_28_23_41_24_749.jpg,data/IMG/right_2026_08_28_23_41_24_749.jpg,-0.35,1.0,0.0,30.16347
data/IMG/center_2026_08_28_23_41_27_095.jpg,data/IMG/left_2026_08_28_23_41_27_095.jpg,data/IMG/right_2026_08_28_23_41_27_095.jpg,-0.15,1.0,0.0,30.1842
data/IMG/center_2026_08_28_23_41_27_165.jpg,data/IMG/left_2026_08_28_23_41_27_165.jpg,data/IMG/right_2026_08_28_23_41_27_165.jpg,-0.3,1.0,0.0,30.16923
data/IMG/center_2026_08_28_23_41_27_922.jpg,data/IMG/left_2026_08_28_23_41_27_922.jpg,data/IMG/right_2026_08_28_23_41_27_922.jpg,-0.1,1.0,0.0,30.23583
data/IMG/center_2026_08_28_23_41_29_298.jpg,data/IMG/left_2026_08_28_23_41_29_298.jpg,data/IMG/right_2026_08_28_23_41_29_298.jpg,-0.05,1.0,0.0,30.18931
data/IMG/center_2026_08_28_23_41_29_365.jpg,data/IMG/left_2026_08_28_23_41_29_365.jpg,data/IMG/right_2026_08_28_23_41_29_365.jpg,-0.2,1.0,0.0,30.17956
data/IMG/center_2026_08_28_23_41_29_501.jpg,data/IMG/left_2026_08_28_23_41_29_501.jpg,data/IMG/right_2026_08_28_23_41_29_501.jpg,0.0,1.0,0.0,30.18939
data/IMG/center_2026_08_28_23_41_30_129.jpg,data/IMG/left_2026_08_28_23_41_30_129.jpg,data/IMG/right_2026_08_28_23_41_30_129.jpg,0.0,1.0,0.0,30.18993
data/IMG/center_2026_08_28_23_41_34_502.jpg,data/IMG/left_2026_08_28_23_41_34_502.jpg,data/IMG/right_2026_08_28_23_41_34_502.jpg,-0.15,1.0,0.0,30.18399
data/IMG/center_2026_08_28_23_41_34_570.jpg,data/IMG/left_2026_08_28_23_41_34_570.jpg,data/IMG/right_2026_08_28_23_41_34_570.jpg,-0.3,1.0,0.0,30.16913
data/IMG/center_2026_08_28_23_41_36_879.jpg,data/IMG/left_2026_08_28_23_41_36_879.jpg,data/IMG/right_2026_08_28_23_41_36_879.jpg,0.0,1.0,0.0,30.19029
data/IMG/center_2026_08_28_23_41_37_220.jpg,data/IMG/left_2026_08_28_23_41_37_220.jpg,data/IMG/right_2026_08_28_23_41_37_220.jpg,-0.05,1.0,0.0,30.18973
data/IMG/center_2026_08_28_23_41_37_287.jpg,data/IMG/left_2026_08_28_23_41_37_287.jpg,data/IMG/right_2026_08_28_23_41_37_287.jpg,-0.2,1.0,0.0,30.17976
data/IMG/center_2026_08_28_23_41_37_354.jpg,data/IMG/left_2026_08_28_23_41_37_354.jpg,data/IMG/right_2026_08_28_23_41_37_354.jpg,-0.4,1.0,0.0,30.15748
data/IMG/center_2026_08_28_23_41_38_599.jpg,data/IMG/left_2026_08_28_23_41_38_599.jpg,data/IMG/right_2026_08_28_23_41_38_599.jpg,-0.05,1.0,0.0,30.18969
data/IMG/center_2026_08_28_23_41_38_668.jpg,data/IMG/left_2026_08_28_23_41_38_668.jpg,data/IMG/right_2026_08_28_23_41_38_668.jpg,-0.2,1.0,0.0,30.17993
data/IMG/center_2026_08_28_23_41_38_736.jpg,data/IMG/left_2026_08_28_23_41_38_736.jpg,data/IMG/right_2026_08_28_23_41_38_736.jpg,-0.4,1.0,0.0,30.15749
data/IMG/center_2026_08_28_23_41_39_142.jpg,data/IMG/left_2026_08_28_23_41_39_142.jpg,data/IMG/right_2026_08_28_23_41_39_142.jpg,-0.15,1.0,0.0,30.18453
data/IMG/center_2026_08_28_23_41_39_213.jpg,data/IMG/left_2026_08_28_23_41_39_213.jpg,data/IMG/right_2026_08_28_23_41_39_213.jpg,-0.3,1.0,0.0,30.16981
data/IMG/center_2026_08_28_23_41_39_283.jpg,data/IMG/left_2026_08_28_23_41_39_283.jpg,data/IMG/right_2026_08_28_23_41_39_283.jpg,-0.5000001,1.0,0.0,30.14575
data/IMG/center_2026_08_28_23_41_39_351.jpg,data/IMG/left_2026_08_28_23_41_39_351.jpg,data/IMG/right_2026_08_28_23_41_39_351.jpg,-0.6500001,1.0,0.0,30.12733
data/IMG/center_2026_08_28_23_41_39_831.jpg,data/IMG/left_2026_08_28_23_41_39_831.jpg,data/IMG/right_2026_08_28_23_41_39_831.jpg,0.0,1.0,0.0,30.19076
data/IMG/center_2026_08_28_23_41_39_971.jpg,data/IMG/left_2026_08_28_23_41_39_971.jpg,data/IMG/right_2026_08_28_23_41_39_971.jpg,-0.05,1.0,0.0,30.18972
data/IMG/center_2026_08_28_23_41_40_040.jpg,data/IMG/left_2026_08_28_23_41_40_040.jpg,data/IMG/right_2026_08_28_23_41_40_040.jpg,-0.25,1.0,0.0,30.17512
data/IMG/center_2026_08_28_23_41_40_110.jpg,data/IMG/left_2026_08_28_23_41_40_110.jpg,data/IMG/right_2026_08_28_23_41_40_110.jpg,-0.4,1.0,0.0,30.1575
data/IMG/center_2026_08_28_23_41_40_181.jpg,data/IMG/left_2026_08_28_23_41_40_181.jpg,data/IMG/right_2026_08_28_23_41_40_181.jpg,-0.6000001,1.0,0.0,30.13319
data/IMG/center_2026_08_28_23_41_40_252.jpg,data/IMG/left_2026_08_28_23_41_40_252.jpg,data/IMG/right_2026_08_28_23_41_40_252.jpg,-0.7500002,1.0,0.0,30.1146
data/IMG/center_2026_08_28_23_41_40_664.jpg,data/IMG/left_2026_08_28_23_41_40_664.jpg,data/IMG/right_2026_08_28_23_41_40_664.jpg,-0.1,1.0,0.0,30.18781
data/IMG/center_2026_08_28_23_41_40_733.jpg,data/IMG/left_2026_08_28_23_41_40_733.jpg,data/IMG/right_2026_08_28_23_41_40_733.jpg,-0.25,1.0,0.0,30.17355
data/IMG/center_2026_08_28_23_41_40_801.jpg,data/IMG/left_2026_08_28_23_41_40_801.jpg,data/IMG/right_2026_08_28_23_41_40_801.jpg,-0.45,1.0,0.0,30.1521
data/IMG/center_2026_08_28_23_41_40_870.jpg,data/IMG/left_2026_08_28_23_41_40_870.jpg,data/IMG/right_2026_08_28_23_41_40_870.jpg,-0.6000001,1.0,0.0,30.13376
data/IMG/center_2026_08_28_23_41_41_085.jpg,data/IMG/left_2026_08_28_23_41_41_085.jpg,data/IMG/right_2026_08_28_23_41_41_085.jpg,-0.2,1.0,0.0,30.18565
data/IMG/center_2026_08_28_23_41_41_155.jpg,data/IMG/left_2026_08_28_23_41_41_155.jpg,data/IMG/right_2026_08_28_23_41_41_155.jpg,-0.4,1.0,0.0,30.16267
data/IMG/center_2026_08_28_23_41_41_224.jpg,data/IMG/left_2026_08_28_23_41_41_224.jpg,data/IMG/right_2026_08_28_23_41_41_224.jpg,-0.5500001,1.0,0.0,30.14165
data/IMG/center_2026_08_28_23_41_41_296.jpg,data/IMG/left_2026_08_28_23_41_41_296.jpg,data/IMG/right_2026_08_28_23_41_41_296.jpg,-0.7500002,1.0,0.0,30.11595
data/IMG/center_2026_08_28_23_41_41_648.jpg,data/IMG/left_2026_08_28_23_41_41_648.jpg,data/IMG/right_2026_08_28_23_41_41_648.jpg,-0.05,1.0,0.0,30.18728
data/IMG/center_2026_08_28_23_41_41_719.jpg,data/IMG/left_2026_08_28_23_41_41_719.jpg,data/IMG/right_2026_08_28_23_41_41_719.jpg,-0.25,1.0,0.0,30.17608
data/IMG/center_2026_08_28_23_41_41_786.jpg,data/IMG/left_2026_08_28_23_41_41_786.jpg,data/IMG/right_2026_08_28_23_41_41_786.jpg,-0.4,1.0,0.0,30.15895
data/IMG/center_2026_08_28_23_41_41_855.jpg,data/IMG/left_2026_08_28_23_41_41_855.jpg,data/IMG/right_2026_08_28_23_41_41_855.jpg,-0.6000001,1.0,0.0,30.13358
data/IMG/center_2026_08_28_23_41_41_924.jpg,data/IMG/left_2026_08_28_23_41_41_924.jpg,data/IMG/right_2026_08_28_23_41_41_924.jpg,-0.7500002,1.0,0.0,30.115
data/IMG/center_2026_08_28_23_41_42_270.jpg,data/IMG/left_2026_08_28_23_41_42_270.jpg,data/IMG/right_2026_08_28_23_41_42_270.jpg,-0.1,1.0,0.0,30.1891
data/IMG/center_2026_08_28_23_41_42_338.jpg,data/IMG/left_2026_08_28_23_41_42_338.jpg,data/IMG/right_2026_08_28_23_41_42_338.jpg,-0.3,1.0,0.0,30.17106
data/IMG/center_2026_08_28_23_41_42_404.jpg,data/IMG/left_2026_08_28_23_41_42_404.jpg,data/IMG/right_2026_08_28_23_41_42_404.jpg,-0.45,1.0,0.0,30.15305
data/IMG/center_2026_08_28_23_41_42_762.jpg,data/IMG/left_2026_08_28_23_41_42_762.jpg,data/IMG/right_2026_08_28_23_41_42_762.jpg,-0.1,1.0,0.0,30.1883
data/IMG/center_2026_08_28_23_41_42_829.jpg,data/IMG/left_2026_08_28_23_41_42_829.jpg,data/IMG/right_2026_08_28_23_41_42_829.jpg,-0.25,1.0,0.0,30.17549
data/IMG/center_2026_08_28_23_41_42_899.jpg,data/IMG/left_2026_08_28_23_41_42_899.jpg,data/IMG/right_2026_08_28_23_41_42_899.jpg,-0.45,1.0,0.0,30.15196
data/IMG/center_2026_08_28_23_41_43_238.jpg,data/IMG/left_2026_08_28_23_41_43_238.jpg,data/IMG/right_2026_08_28_23_41_43_238.jpg,-0.05,1.0,0.0,30.19004
data/IMG/center_2026_08_28_23_41_43_307.jpg,data/IMG/left_2026_08_28_23_41_43_307.jpg,data/IMG/right_2026_08_28_23_41_43_307.jpg,-0.2,1.0,0.0,30.18134
data/IMG/center_2026_08_28_23_41_43_374.jpg,data/IMG/left_2026_08_28_23_41_43_374.jpg,data/IMG/right_2026_08_28_23_41_43_374.jpg,-0.4,1.0,0.0,30.15876
data/IMG/center_2026_08_28_23_41_43_929.jpg,data/IMG/left_2026_08_28_23_41_43_929.jpg,data/IMG/right_2026_08_28_23_41_43_929.jpg,-0.05,1.0,0.0,30.18972
data/IMG/center_2026_08_28_23_41_43_996.jpg,data/IMG/left_2026_08_28_23_41_43_996.jpg,data/IMG/right_2026_08_28_23_41_43_996.jpg,-0.25,1.0,0.0,30.17482
data/IMG/center_2026_08_28_23_41_44_063.jpg,data/IMG/left_2026_08_28_23_41_44_063.jpg,data/IMG/right_2026_08_28_23_41_44_063.jpg,-0.4,1.0,0.0,30.15753
data/IMG/center_2026_08_28_23_41_44_548.jpg,data/IMG/left_2026_08_28_23_41_44_548.jpg,data/IMG/right_2026_08_28_23_41_44_548.jpg,-0.1,1.0,0.0,30.18785
data/IMG/center_2026_08_28_23_41_44_619.jpg,data/IMG/left_2026_08_28_23_41_44_619.jpg,data/IMG/right_2026_08_28_23_41_44_619.jpg,-0.3,1.0,0.0,30.16951
data/IMG/center_2026_08_28_23_41_45_180.jpg,data/IMG/left_2026_08_28_23_41_45_180.jpg,data/IMG/right_2026_08_28_23_41_45_180.jpg,-0.05,1.0,0.0,30.18975
data/IMG/center_2026_08_28_23_41_45_250.jpg,data/IMG/left_2026_08_28_23_41_45_250.jpg,data/IMG/right_2026_08_28_23_41_45_250.jpg,-0.2,1.0,0.0,30.17988
data/IMG/center_2026_08_28_23_41_47_801.jpg,data/IMG/left_2026_08_28_23_41_47_801.jpg,data/IMG/right_2026_08_28_23_41_47_801.jpg,0.0,1.0,0.0,30.19028
data/IMG/center_2026_08_28_23_41_49_030.jpg,data/IMG/left_2026_08_28_23_41_49_030.jpg,data/IMG/right_2026_08_28_23_41_49_030.jpg,0.1,1.0,0.0,30.1876
data/IMG/center_2026_08_28_23_41_49_099.jpg,data/IMG/left_2026_08_28_23_41_49_099.jpg,data/IMG/right_2026_08_28_23_41_49_099.jpg,0.3,1.0,0.0,30.16924
data/IMG/center_2026_08_28_23_41_49_166.jpg,data/IMG/left_2026_08_28_23_41_49_166.jpg,data/IMG/right_2026_08_28_23_41_49_166.jpg,0.45,1.0,0.0,30.1515
data/IMG/center_2026_08_28_23_41_49_235.jpg,data/IMG/left_2026_08_28_23_41_49_235.jpg,data/IMG/right_2026_08_28_23_41_49_235.jpg,0.6500001,1.0,0.0,30.12708
data/IMG/center_2026_08_28_23_41_49_781.jpg,data/IMG/left_2026_08_28_23_41_49_781.jpg,data/IMG/right_2026_08_28_23_41_49_781.jpg,0.05,1.0,0.0,30.18972
data/IMG/center_2026_08_28_23_41_49_848.jpg,data/IMG/left_2026_08_28_23_41_49_848.jpg,data/IMG/right_2026_08_28_23_41_49_848.jpg,0.2,1.0,0.0,30.17998
data/IMG/center_2026_08_28_23_41_49_915.jpg,data/IMG/left_2026_08_28_23_41_49_915.jpg,data/IMG/right_2026_08_28_23_41_49_915.jpg,0.4,1.0,0.0,30.15756
data/IMG/center_2026_08_28_23_41_49_984.jpg,data/IMG/left_2026_08_28_23_41_49_984.jpg,data/IMG/right_2026_08_28_23_41_49_984.jpg,0.5500001,1.0,0.0,30.13926
data/IMG/center_2026_08_28_23_41_50_053.jpg,data/IMG/left_2026_08_28_23_41_50_053.jpg,data/IMG/right_2026_08_28_23_41_50_053.jpg,0.7,1.0,0.0,30.12174
data/IMG/center_2026_08_28_23_41_50_461.jpg,data/IMG/left_2026_08_28_23_41_50_461.jpg,data/IMG/right_2026_08_28_23_41_50_461.jpg,0.15,1.0,0.0,30.1849
data/IMG/center_2026_08_28_23_41_50_528.jpg,data/IMG/left_2026_08_28_23_41_50_528.jpg,data/IMG/right_2026_08_28_23_41_50_528.jpg,0.3,1.0,0.0,30.17013
data/IMG/center_2026_08_28_23_41_50_595.jpg,data/IMG/left_2026_08_28_23_41_50_595.jpg,data/IMG/right_2026_08_28_23_41_50_595.jpg,0.5000001,1.0,0.0,30.14593
data/IMG/center_2026_08_28_23_41_50_662.jpg,data/IMG/left_2026_08_28_23_41_50_662.jpg,data/IMG/right_2026_08_28_23_41_50_662.jpg,0.6500001,1.0,0.0,30.12736
data/IMG/center_2026_08_28_23_41_50_731.jpg,data/IMG/left_2026_08_28_23_41_50_731.jpg,data/IMG/right_2026_08_28_23_41_50_731.jpg,0.8000001,1.0,0.0,30.10992
data/IMG/center_2026_08_28_23_41_50_801.jpg,data/IMG/left_2026_08_28_23_41_50_801.jpg,data/IMG/right_2026_08_28_23_41_50_801.jpg,1.0,1.0,0.0,30.09052
data/IMG/center_2026_08_28_23_41_51_141.jpg,data/IMG/left_2026_08_28_23_41_51_141.jpg,data/IMG/right_2026_08_28_23_41_51_141.jpg,0.1,1.0,0.0,30.19152
data/IMG/center_2026_08_28_23_41_51_210.jpg,data/IMG/left_2026_08_28_23_41_51_210.jpg,data/IMG/right_2026_08_28_23_41_51_210.jpg,0.25,1.0,0.0,30.17743
data/IMG/center_2026_08_28_23_41_51_278.jpg,data/IMG/left_2026_08_28_23_41_51_278.jpg,data/IMG/right_2026_08_28_23_41_51_278.jpg,0.45,1.0,0.0,30.14975
data/IMG/center_2026_08_28_23_41_51_558.jpg,data/IMG/left_2026_08_28_23_41_51_558.jpg,data/IMG/right_2026_08_28_23_41_51_558.jpg,0.05,1.0,0.0,30.18989
data/IMG/center_2026_08_28_23_41_51_629.jpg,data/IMG/left_2026_08_28_23_41_51_629.jpg,data/IMG/right_2026_08_28_23_41_51_629.jpg,0.2,1.0,0.0,30.1811
data/IMG/center_2026_08_28_23_41_51_696.jpg,data/IMG/left_2026_08_28_23_41_51_696.jpg,data/IMG/right_2026_08_28_23_41_51_696.jpg,0.4,1.0,0.0,30.15857
data/IMG/center_2026_08_28_23_41_51_767.jpg,data/IMG/left_2026_08_28_23_41_51_767.jpg,data/IMG/right_2026_08_28_23_41_51_767.jpg,0.5500001,1.0,0.0,30.1399
data/IMG/center_2026_08_28_23_41_51_835.jpg,data/IMG/left_2026_08_28_23_41_51_835.jpg,data/IMG/right_2026_08_28_23_41_51_835.jpg,0.7500002,1.0,0.0,30.11497
data/IMG/center_2026_08_28_23_41_52_175.jpg,data/IMG/left_2026_08_28_23_41_52_175.jpg,data/IMG/right_2026_08_28_23_41_52_175.jpg,0.15,1.0,0.0,30.18682
data/IMG/center_2026_08_28_23_41_52_246.jpg,data/IMG/left_2026_08_28_23_41_52_246.jpg,data/IMG/right_2026_08_28_23_41_52_246.jpg,0.3,1.0,0.0,30.17214
data/IMG/center_2026_08_28_23_41_52_317.jpg,data/IMG/left_2026_08_28_23_41_52_317.jpg,data/IMG/right_2026_08_28_23_41_52_317.jpg,0.5000001,1.0,0.0,30.14724
data/IMG/center_2026_08_28_23_41_52_387.jpg,data/IMG/left_2026_08_28_23_41_52_387.jpg,data/IMG/right_2026_08_28_23_41_52_387.jpg,0.6500001,1.0,0.0,30.12838
data/IMG/center_2026_08_28_23_41_52_663.jpg,data/IMG/left_2026_08_28_23_41_52_663.jpg,data/IMG/right_2026_08_28_23_41_52_663.jpg,0.15,1.0,0.0,30.18858
data/IMG/center_2026_08_28_23_41_52_734.jpg,data/IMG/left_2026_08_28_23_41_52_734.jpg,data/IMG/right_2026_08_28_23_41_52_734.jpg,0.35,1.0,0.0,30.16852
data/IMG/center_2026_08_28_23_41_52_806.jpg,data/IMG/left_2026_08_28_23_41_52_806.jpg,data/IMG/right_2026_08_28_23_41_52_806.jpg,0.5000001,1.0,0.0,30.14909
data/IMG/center_2026_08_28_23_41_53_579.jpg,data/IMG/left_2026_08_28_23_41_53_579.jpg,data/IMG/right_2026_08_28_23_41_53_579.jpg,0.1,1.0,0.0,30.18762
data/IMG/center_2026_08_28_23_41_54_000.jpg,data/IMG/left_2026_08_28_23_41_54_000.jpg,data/IMG/right_2026_08_28_23_41_54_000.jpg,0.0,1.0,0.0,30.19042
data/IMG/center_2026_08_28_23_41_55_929.jpg,data/IMG/left_2026_08_28_23_41_55_929.jpg,data/IMG/right_2026_08_28_23_41_55_929.jpg,0.0,1.0,0.0,30.19032
data/IMG/center_2026_08_28_23_41_57_985.jpg,data/IMG/left_2026_08_28_23_41_57_985.jpg,data/IMG/right_2026_08_28_23_41_57_985.jpg,0.0,1.0,0.0,30.19031
data/IMG/center_2026_08_28_23_41_58_195.jpg,data/IMG/left_2026_08_28_23_41_58_195.jpg,data/IMG/right_2026_08_28_23_41_58_195.jpg,-0.2,1.0,0.0,30.17985
data/IMG/center_2026_08_28_23_41_58_264.jpg,data/IMG/left_2026_08_28_23_41_58_264.jpg,data/IMG/right_2026_08_28_23_41_58_264.jpg,-0.35,1.0,0.0,30.16346
data/IMG/center_2026_08_28_23_41_58_331.jpg,data/IMG/left_2026_08_28_23_41_58_331.jpg,data/IMG/right_2026_08_28_23_41_58_331.jpg,-0.5000001,1.0,0.0,30.14537
data/IMG/center_2026_08_28_23_41_58_606.jpg,data/IMG/left_2026_08_28_23_41_58_606.jpg,data/IMG/right_2026_08_28_23_41_58_606.jpg,-0.05,1.0,0.0,30.19003
data/IMG/center_2026_08_28_23_41_58_678.jpg,data/IMG/left_2026_08_28_23_41_58_678.jpg,data/IMG/right_2026_08_28_23_41_58_678.jpg,-0.25,1.0,0.0,30.17664
data/IMG/center_2026_08_28_23_41_58_748.jpg,data/IMG/left_2026_08_28_23_41_58_748.jpg,data/IMG/right_2026_08_28_23_41_58_748.jpg,-0.4,1.0,0.0,30.15885
data/IMG/center_2026_08_28_23_41_58_817.jpg,data/IMG/left_2026_08_28_23_41_58_817.jpg,data/IMG/right_2026_08_28_23_41_58_817.jpg,-0.6000001,1.0,0.0,30.134
data/IMG/center_2026_08_28_23_41_58_955.jpg,data/IMG/left_2026_08_28_23_41_58_955.jpg,data/IMG/right_2026_08_28_23_41_58_955.jpg,0.0,1.0,0.0,30.18895
data/IMG/center_2026_08_28_23_41_59_362.jpg,data/IMG/left_2026_08_28_23_41_59_362.jpg,data/IMG/right_2026_08_28_23_41_59_362.jpg,-0.1,1.0,0.0,30.18777
data/IMG/center_2026_08_28_23_41_59_431.jpg,data/IMG/left_2026_08_28_23_41_59_431.jpg,data/IMG/right_2026_08_28_23_41_59_431.jpg,-0.25,1.0,0.0,30.17486
data/IMG/center_2026_08_28_23_41_59_498.jpg,data/IMG/left_2026_08_28_23_41_59_498.jpg,data/IMG/right_2026_08_28_23_41_59_498.jpg,-0.45,1.0,0.0,30.15148
data/IMG/center_2026_08_28_23_41_59_567.jpg,data/IMG/left_2026_08_28_23_41_59_567.jpg,data/IMG/right_2026_08_28_23_41_59_567.jpg,-0.6000001,1.0,0.0,30.1331
data/IMG/center_2026_08_28_23_41_59_911.jpg,data/IMG/left_2026_08_28_23_41_59_911.jpg,data/IMG/right_2026_08_28_23_41_59_911.jpg,0.0,1.0,0.0,30.19017
data/IMG/center_2026_08_28_23_42_00_457.jpg,data/IMG/left_2026_08_28_23_42_00_457.jpg,data/IMG/right_2026_08_28_23_42_00_457.jpg,-0.2,1.0,0.0,30.17977
data/IMG/center_2026_08_28_23_42_00_528.jpg,data/IMG/left_2026_08_28_23_42_00_528.jpg,data/IMG/right_2026_08_28_23_42_00_528.jpg,-0.35,1.0,0.0,30.16337
data/IMG/center_2026_08_28_23_42_00_598.jpg,data/IMG/left_2026_08_28_23_42_00_598.jpg,data/IMG/right_2026_08_28_23_42_00_598.jpg,-0.5500001,1.0,0.0,30.13954
data/IMG/center_2026_08_28_23_42_00_667.jpg,data/IMG/left_2026_08_28_23_42_00_667.jpg,data/IMG/right_2026_08_28_23_42_00_667.jpg,-0.7,1.0,0.0,30.1208
data/IMG/center_2026_08_28_23_42_01_076.jpg,data/IMG/left_2026_08_28_23_42_01_076.jpg,data/IMG/right_2026_08_28_23_42_01_076.jpg,-0.05,1.0,0.0,30.19139
data/IMG/center_2026_08_28_23_42_01_144.jpg,data/IMG/left_2026_08_28_23_42_01_144.jpg,data/IMG/right_2026_08_28_23_42_01_144.jpg,-0.2,1.0,0.0,30.1796
data/IMG/center_2026_08_28_23_42_01_211.jpg,data/IMG/left_2026_08_28_23_42_01_211.jpg,data/IMG/right_2026_08_28_23_42_01_211.jpg,-0.35,1.0,0.0,30.16356
data/IMG/center_2026_08_28_23_42_01_278.jpg,data/IMG/left_2026_08_28_23_42_01_278.jpg,data/IMG/right_2026_08_28_23_42_01_278.jpg,-0.5500001,1.0,0.0,30.13606
data/IMG/center_2026_08_28_23_42_01_484.jpg,data/IMG/left_2026_08_28_23_42_01_484.jpg,data/IMG/right_2026_08_28_23_42_01_484.jpg,-0.05,1.0,0.0,30.19025
data/IMG/center_2026_08_28_23_42_01_554.jpg,data/IMG/left_2026_08_28_23_42_01_554.jpg,data/IMG/right_2026_08_28_23_42_01_554.jpg,-0.25,1.0,0.0,30.17815
data/IMG/center_2026_08_28_23_42_01_620.jpg,data/IMG/left_2026_08_28_23_42_01_620.jpg,data/IMG/right_2026_08_28_23_42_01_620.jpg,-0.4,1.0,0.0,30.1601
data/IMG/center_2026_08_28_23_42_01_688.jpg,data/IMG/left_2026_08_28_23_42_01_688.jpg,data/IMG/right_2026_08_28_23_42_01_688.jpg,-0.5500001,1.0,0.0,30.14135
data/IMG/center_2026_08_28_23_42_01_959.jpg,data/IMG/left_2026_08_28_23_42_01_959.jpg,data/IMG/right_2026_08_28_23_42_01_959.jpg,-0.15,1.0,0.0,30.18656
data/IMG/center_2026_08_28_23_42_02_029.jpg,data/IMG/left_2026_08_28_23_42_02_029.jpg,data/IMG/right_2026_08_28_23_42_02_029.jpg,-0.3,1.0,0.0,30.17192
data/IMG/center_2026_08_28_23_42_02_096.jpg,data/IMG/left_2026_08_28_23_42_02_096.jpg,data/IMG/right_2026_08_28_23_42_02_096.jpg,-0.5000001,1.0,0.0,30.14713
data/IMG/center_2026_08_28_23_42_02_165.jpg,data/IMG/left_2026_08_28_23_42_02_165.jpg,data/IMG/right_2026_08_28_23_42_02_165.jpg,-0.6500001,1.0,0.0,30.12833
data/IMG/center_2026_08_28_23_42_02_652.jpg,data/IMG/left_2026_08_28_23_42_02_652.jpg,data/IMG/right_2026_08_28_23_42_02_652.jpg,-0.15,1.0,0.0,30.18496
data/IMG/center_2026_08_28_23_42_02_720.jpg,data/IMG/left_2026_08_28_23_42_02_720.jpg,data/IMG/right_2026_08_28_23_42_02_720.jpg,-0.35,1.0,0.0,30.16418
data/IMG/center_2026_08_28_23_42_02_790.jpg,data/IMG/left_2026_08_28_23_42_02_790.jpg,data/IMG/right_2026_08_28_23_42_02_790.jpg,-0.5000001,1.0,0.0,30.14569
data/IMG/center_2026_08_28_23_42_03_130.jpg,data/IMG/left_2026_08_28_23_42_03_130.jpg,data/IMG/right_2026_08_28_23_42_03_130.jpg,-0.05,1.0,0.0,30.18954
data/IMG/center_2026_08_28_23_42_03_199.jpg,data/IMG/left_2026_08_28_23_42_03_199.jpg,data/IMG/right_2026_08_28_23_42_03_199.jpg,-0.25,1.0,0.0,30.17568
data/IMG/center_2026_08_28_23_42_03_268.jpg,data/IMG/left_2026_08_28_23_42_03_268.jpg,data/IMG/right_2026_08_28_23_42_03_268.jpg,-0.4,1.0,0.0,30.15815
data/IMG/center_2026_08_28_23_42_03_681.jpg,data/IMG/left_2026_08_28_23_42_03_681.jpg,data/IMG/right_2026_08_28_23_42_03_681.jpg,-0.2,1.0,0.0,30.18275
data/IMG/center_2026_08_28_23_42_03_750.jpg,data/IMG/left_2026_08_28_23_42_03_750.jpg,data/IMG/right_2026_08_28_23_42_03_750.jpg,-0.35,1.0,0.0,30.16416
data/IMG/center_2026_08_28_23_42_03_822.jpg,data/IMG/left_2026_08_28_23_42_03_822.jpg,data/IMG/right_2026_08_28_23_42_03_822.jpg,-0.5500001,1.0,0.0,30.14031
data/IMG/center_2026_08_28_23_42_04_235.jpg,data/IMG/left_2026_08_28_23_42_04_235.jpg,data/IMG/right_2026_08_28_23_42_04_235.jpg,-0.1,1.0,0.0,30.18966
data/IMG/center_2026_08_28_23_42_04_304.jpg,data/IMG/left_2026_08_28_23_42_04_304.jpg,data/IMG/right_2026_08_28_23_42_04_304.jpg,-0.25,1.0,0.0,30.17561
data/IMG/center_2026_08_28_23_42_04_370.jpg,data/IMG/left_2026_08_28_23_42_04_370.jpg,data/IMG/right_2026_08_28_23_42_04_370.jpg,-0.4,1.0,0.0,30.1586
data/IMG/center_2026_08_28_23_42_04_991.jpg,data/IMG/left_2026_08_28_23_42_04_991.jpg,data/IMG/right_2026_08_28_23_42_04_991.jpg,-0.1,1.0,0.0,30.18771
data/IMG/center_2026_08_28_23_42_05_059.jpg,data/IMG/left_2026_08_28_23_42_05_059.jpg,data/IMG/right_2026_08_28_23_42_05_059.jpg,-0.3,1.0,0.0,30.16933
data/IMG/center_2026_08_28_23_42_05_545.jpg,data/IMG/left_2026_08_28_23_42_05_545.jpg,data/IMG/right_2026_08_28_23_42_05_545.jpg,0.0,1.0,0.0,30.19031
data/IMG/center_2026_08_28_23_42_05_612.jpg,data/IMG/left_2026_08_28_23_42_05_612.jpg,data/IMG/right_2026_08_28_23_42_05_612.jpg,-0.1,1.0,0.0,30.1878
data/IMG/center_2026_08_28_23_42_05_682.jpg,data/IMG/left_2026_08_28_23_42_05_682.jpg,data/IMG/right_2026_08_28_23_42_05_682.jpg,-0.3,1.0,0.0,30.16941
data/IMG/center_2026_08_28_23_42_05_749.jpg,data/IMG/left_2026_08_28_23_42_05_749.jpg,data/IMG/right_2026_08_28_23_42_05_749.jpg,-0.45,1.0,0.0,30.15153
data/IMG/center_2026_08_28_23_42_06_502.jpg,data/IMG/left_2026_08_28_23_42_06_502.jpg,data/IMG/right_2026_08_28_23_42_06_502.jpg,-0.05,1.0,0.0,30.18969
data/IMG/center_2026_08_28_23_42_06_570.jpg,data/IMG/left_2026_08_28_23_42_06_570.jpg,data/IMG/right_2026_08_28_23_42_06_570.jpg,-0.2,1.0,0.0,30.17977
data/IMG/center_2026_08_28_23_42_06_637.jpg,data/IMG/left_2026_08_28_23_42_06_637.jpg,data/IMG/right_2026_08_28_23_42_06_637.jpg,-0.4,1.0,0.0,30.15741
data/IMG/center_2026_08_28_23_42_06_979.jpg,data/IMG/left_2026_08_28_23_42_06_979.jpg,data/IMG/right_2026_08_28_23_42_06_979.jpg,-0.15,1.0,0.0,30.1855
data/IMG/center_2026_08_28_23_42_07_046.jpg,data/IMG/left_2026_08_28_23_42_07_046.jpg,data/IMG/right_2026_08_28_23_42_07_046.jpg,-0.3,1.0,0.0,30.17066
data/IMG/center_2026_08_28_23_42_07_182.jpg,data/IMG/left_2026_08_28_23_42_07_182.jpg,data/IMG/right_2026_08_28_23_42_07_182.jpg,0.0,1.0,0.0,30.18926
data/IMG/center_2026_08_28_23_42_07_728.jpg,data/IMG/left_2026_08_28_23_42_07_728.jpg,data/IMG/right_2026_08_28_23_42_07_728.jpg,-0.05,1.0,0.0,30.18969
data/IMG/center_2026_08_28_23_42_07_796.jpg,data/IMG/left_2026_08_28_23_42_07_796.jpg,data/IMG/right_2026_08_28_23_42_07_796.jpg,-0.25,1.0,0.0,30.17475
data/IMG/center_2026_08_28_23_42_07_866.jpg,data/IMG/left_2026_08_28_23_42_07_866.jpg,data/IMG/right_2026_08_28_23_42_07_866.jpg,-0.4,1.0,0.0,30.15766
data/IMG/center_2026_08_28_23_42_08_347.jpg,data/IMG/left_2026_08_28_23_42_08_347.jpg,data/IMG/right_2026_08_28_23_42_08_347.jpg,0.0,1.0,0.0,30.19032
data/IMG/center_2026_08_28_23_42_08_417.jpg,data/IMG/left_2026_08_28_23_42_08_417.jpg,data/IMG/right_2026_08_28_23_42_08_417.jpg,0.0,1.0,0.0,30.19029
data/IMG/center_2026_08_28_23_42_09_111.jpg,data/IMG/left_2026_08_28_23_42_09_111.jpg,data/IMG/right_2026_08_28_23_42_09_111.jpg,-0.15,1.0,0.0,30.18429
data/IMG/center_2026_08_28_23_42_09_180.jpg,data/IMG/left_2026_08_28_23_42_09_180.jpg,data/IMG/right_2026_08_28_23_42_09_180.jpg,-0.35,1.0,0.0,30.16345
data/IMG/center_2026_08_28_23_42_09_524.jpg,data/IMG/left_2026_08_28_23_42_09_524.jpg,data/IMG/right_2026_08_28_23_42_09_524.jpg,-0.1,1.0,0.0,30.18866
data/IMG/center_2026_08_28_23_42_09_595.jpg,data/IMG/left_2026_08_28_23_42_09_595.jpg,data/IMG/right_2026_08_28_23_42_09_595.jpg,-0.3,1.0,0.0,30.17064
data/IMG/center_2026_08_28_23_42_10_345.jpg,data/IMG/left_2026_08_28_23_42_10_345.jpg,data/IMG/right_2026_08_28_23_42_10_345.jpg,-0.15,1.0,0.0,30.18421
data/IMG/center_2026_08_28_23_42_10_413.jpg,data/IMG/left_2026_08_28_23_42_10_413.jpg,data/IMG/right_2026_08_28_23_42_10_413.jpg,-0.3,1.0,0.0,30.16923
data/IMG/center_2026_08_28_23_42_10_482.jpg,data/IMG/left_2026_08_28_23_42_10_482.jpg,data/IMG/right_2026_08_28_23_42_10_482.jpg,-0.5000001,1.0,0.0,30.14534
data/IMG/center_2026_08_29_20_13_14_362.jpg,data/IMG/left_2026_08_29_20_13_14_362.jpg,data/IMG/right_2026_08_29_20_13_14_362.jpg,0.0,1.0,0.0,11.05957
data/IMG/center_2026_08_29_20_13_14_431.jpg,data/IMG/left_2026_08_29_20_13_14_431.jpg,data/IMG/right_2026_08_29_20_13_14_431.jpg,0.05,1.0,0.0,12.06659
data/IMG/center_2026_08_29_20_13_14_502.jpg,data/IMG/left_2026_08_29_20_13_14_502.jpg,data/IMG/right_2026_08_29_20_13_14_502.jpg,0.2,1.0,0.0,12.55915
data/IMG/center_2026_08_29_20_13_14_775.jpg,data/IMG/left_2026_08_29_20_13_14_775.jpg,data/IMG/right_2026_08_29_20_13_14_775.jpg,0.1,1.0,0.0,15.40761
data/IMG/center_2026_08_29_20_13_15_250.jpg,data/IMG/left_2026_08_29_20_13_15_250.jpg,data/IMG/right_2026_08_29_20_13_15_250.jpg,0.1,1.0,0.0,20.46337
data/IMG/center_2026_08_29_20_13_15_317.jpg,data/IMG/left_2026_08_29_20_13_15_317.jpg,data/IMG/right_2026_08_29_20_13_15_317.jpg,0.25,1.0,0.0,21.12658
data/IMG/center_2026_08_29_20_13_15_387.jpg,data/IMG/left_2026_08_29_20_13_15_387.jpg,data/IMG/right_2026_08_29_20_13_15_387.jpg,0.45,1.0,0.0,21.82211
data/IMG/center_2026_08_29_20_13_15_594.jpg,data/IMG/left_2026_08_29_20_13_15_594.jpg,data/IMG/right_2026_08_29_20_13_15_594.jpg,0.0,1.0,0.0,23.74398
data/IMG/center_2026_08_29_20_13_15_730.jpg,data/IMG/left_2026_08_29_20_13_15_730.jpg,data/IMG/right_2026_08_29_20_13_15_730.jpg,0.2,1.0,0.0,25.07893
data/IMG/center_2026_08_29_20_13_15_800.jpg,data/IMG/left_2026_08_29_20_13_15_800.jpg,data/IMG/right_2026_08_29_20_13_15_800.jpg,0.35,1.0,0.0,25.60224
data/IMG/center_2026_08_29_20_13_16_139.jpg,data/IMG/left_2026_08_29_20_13_16_139.jpg,data/IMG/right_2026_08_29_20_13_16_139.jpg,0.1,1.0,0.0,28.74979
data/IMG/center_2026_08_29_20_13_17_169.jpg,data/IMG/left_2026_08_29_20_13_17_169.jpg,data/IMG/right_2026_08_29_20_13_17_169.jpg,0.05,1.0,0.0,30.18984
data/IMG/center_2026_08_29_20_13_17_239.jpg,data/IMG/left_2026_08_29_20_13_17_239.jpg,data/IMG/right_2026_08_29_20_13_17_239.jpg,0.2,1.0,0.0,30.18032
data/IMG/center_2026_08_29_20_13_18_540.jpg,data/IMG/left_2026_08_29_20_13_18_540.jpg,data/IMG/right_2026_08_29_20_13_18_540.jpg,-0.05,1.0,0.0,30.18975
data/IMG/center_2026_08_29_20_13_18_608.jpg,data/IMG/left_2026_08_29_20_13_18_608.jpg,data/IMG/right_2026_08_29_20_13_18_608.jpg,-0.25,1.0,0.0,30.17474
data/IMG/center_2026_08_29_20_13_18_948.jpg,data/IMG/left_2026_08_29_20_13_18_948.jpg,data/IMG/right_2026_08_29_20_13_18_948.jpg,0.2,1.0,0.0,30.17885
data/IMG/center_2026_08_29_20_13_20_444.jpg,data/IMG/left_2026_08_29_20_13_20_444.jpg,data/IMG/right_2026_08_29_20_13_20_444.jpg,-0.15,1.0,0.0,30.18426
data/IMG/center_2026_08_29_20_13_20_510.jpg,data/IMG/left_2026_08_29_20_13_20_510.jpg,data/IMG/right_2026_08_29_20_13_20_510.jpg,-0.3,1.0,0.0,30.16923
data/IMG/center_2026_08_29_20_13_20_714.jpg,data/IMG/left_2026_08_29_20_13_20_714.jpg,data/IMG/right_2026_08_29_20_13_20_714.jpg,0.0,1.0,0.0,30.19055
data/IMG/center_2026_08_29_20_13_20_850.jpg,data/IMG/left_2026_08_29_20_13_20_850.jpg,data/IMG/right_2026_08_29_20_13_20_850.jpg,-0.1,1.0,0.0,30.18807
data/IMG/center_2026_08_29_20_13_20_916.jpg,data/IMG/left_2026_08_29_20_13_20_916.jpg,data/IMG/right_2026_08_29_20_13_20_916.jpg,-0.25,1.0,0.0,30.17538
data/IMG/center_2026_08_29_20_13_20_985.jpg,data/IMG/left_2026_08_29_20_13_20_985.jpg,data/IMG/right_2026_08_29_20_13_20_985.jpg,-0.45,1.0,0.0,30.15191
data/IMG/center_2026_08_29_20_13_21_051.jpg,data/IMG/left_2026_08_29_20_13_21_051.jpg,data/IMG/right_2026_08_29_20_13_21_051.jpg,0.0,1.0,0.0,30.18614
data/IMG/center_2026_08_29_20_13_21_387.jpg,data/IMG/left_2026_08_29_20_13_21_387.jpg,data/IMG/right_2026_08_29_20_13_21_387.jpg,-0.05,1.0,0.0,30.18986
data/IMG/center_2026_08_29_20_13_21_455.jpg,data/IMG/left_2026_08_29_20_13_21_455.jpg,data/IMG/right_2026_08_29_20_13_21_455.jpg,-0.2,1.0,0.0,30.18048
data/IMG/center_2026_08_29_20_13_21_522.jpg,data/IMG/left_2026_08_29_20_13_21_522.jpg,data/IMG/right_2026_08_29_20_13_21_522.jpg,-0.35,1.0,0.0,30.164
data/IMG/center_2026_08_29_20_13_21_590.jpg,data/IMG/left_2026_08_29_20_13_21_590.jpg,data/IMG/right_2026_08_29_20_13_21_590.jpg,-0.5500001,1.0,0.0,30.13931
data/IMG/center_2026_08_29_20_13_21_864.jpg,data/IMG/left_2026_08_29_20_13_21_864.jpg,data/IMG/right_2026_08_29_20_13_21_864.jpg,-0.2,1.0,0.0,30.18279
data/IMG/center_2026_08_29_20_13_21_930.jpg,data/IMG/left_2026_08_29_20_13_21_930.jpg,data/IMG/right_2026_08_29_20_13_21_930.jpg,-0.35,1.0,0.0,30.16623
data/IMG/center_2026_08_29_20_13_22_000.jpg,data/IMG/left_2026_08_29_20_13_22_000.jpg,data/IMG/right_2026_08_29_20_13_22_000.jpg,-0.5000001,1.0,0.0,30.1472
data/IMG/center_2026_08_29_20_13_22_067.jpg,data/IMG/left_2026_08_29_20_13_22_067.jpg,data/IMG/right_2026_08_29_20_13_22_067.jpg,-0.7,1.0,0.0,30.12229
data/IMG/center_2026_08_29_20_13_22_408.jpg,data/IMG/left_2026_08_29_20_13_22_408.jpg,data/IMG/right_2026_08_29_20_13_22_408.jpg,-0.2,1.0,0.0,30.18199
data/IMG/center_2026_08_29_20_13_22_475.jpg,data/IMG/left_2026_08_29_20_13_22_475.jpg,data/IMG/right_2026_08_29_20_13_22_475.jpg,-0.35,1.0,0.0,30.16516
data/IMG/center_2026_08_29_20_13_22_543.jpg,data/IMG/left_2026_08_29_20_13_22_543.jpg,data/IMG/right_2026_08_29_20_13_22_543.jpg,-0.5500001,1.0,0.0,30.14059
data/IMG/center_2026_08_29_20_13_22_612.jpg,data/IMG/left_2026_08_29_20_13_22_612.jpg,data/IMG/right_2026_08_29_20_13_22_612.jpg,-0.7,1.0,0.0,30.122
data/IMG/center_2026_08_29_20_13_22_679.jpg,data/IMG/left_2026_08_29_20_13_22_679.jpg,data/IMG/right_2026_08_29_20_13_22_679.jpg,-0.8500001,1.0,0.0,30.10602
data/IMG/center_2026_08_29_20_13_23_020.jpg,data/IMG/left_2026_08_29_20_13_23_020.jpg,data/IMG/right_2026_08_29_20_13_23_020.jpg,-0.15,1.0,0.0,30.18722
data/IMG/center_2026_08_29_20_13_23_089.jpg,data/IMG/left_2026_08_29_20_13_23_089.jpg,data/IMG/right_2026_08_29_20_13_23_089.jpg,-0.35,1.0,0.0,30.1667
data/IMG/center_2026_08_29_20_13_23_159.jpg,data/IMG/left_2026_08_29_20_13_23_159.jpg,data/IMG/right_2026_08_29_20_13_23_159.jpg,-0.5000001,1.0,0.0,30.14768
data/IMG/center_2026_08_29_20_13_23_227.jpg,data/IMG/left_2026_08_29_20_13_23_227.jpg,data/IMG/right_2026_08_29_20_13_23_227.jpg,-0.7,1.0,0.0,30.12294
data/IMG/center_2026_08_29_20_13_23_500.jpg,data/IMG/left_2026_08_29_20_13_23_500.jpg,data/IMG/right_2026_08_29_20_13_23_500.jpg,-0.15,1.0,0.0,30.18768
data/IMG/center_2026_08_29_20_13_23_570.jpg,data/IMG/left_2026_08_29_20_13_23_570.jpg,data/IMG/right_2026_08_29_20_13_23_570.jpg,-0.35,1.0,0.0,30.16731
data/IMG/center_2026_08_29_20_13_23_639.jpg,data/IMG/left_2026_08_29_20_13_23_639.jpg,data/IMG/right_2026_08_29_20_13_23_639.jpg,-0.5000001,1.0,0.0,30.14812
data/IMG/center_2026_08_29_20_13_23_844.jpg,data/IMG/left_2026_08_29_20_13_23_844.jpg,data/IMG/right_2026_08_29_20_13_23_844.jpg,-0.15,1.0,0.0,30.18696
data/IMG/center_2026_08_29_20_13_23_911.jpg,data/IMG/left_2026_08_29_20_13_23_911.jpg,data/IMG/right_2026_08_29_20_13_23_911.jpg,-0.3,1.0,0.0,30.17299
data/IMG/center_2026_08_29_20_13_23_978.jpg,data/IMG/left_2026_08_29_20_13_23_978.jpg,data/IMG/right_2026_08_29_20_13_23_978.jpg,-0.45,1.0,0.0,30.15434
data/IMG/center_2026_08_29_20_13_24_050.jpg,data/IMG/left_2026_08_29_20_13_24_050.jpg,data/IMG/right_2026_08_29_20_13_24_050.jpg,-0.6500001,1.0,0.0,30.12884
data/IMG/center_2026_08_29_20_13_24_456.jpg,data/IMG/left_2026_08_29_20_13_24_456.jpg,data/IMG/right_2026_08_29_20_13_24_456.jpg,-0.1,1.0,0.0,30.1885
data/IMG/center_2026_08_29_20_13_24_527.jpg,data/IMG/left_2026_08_29_20_13_24_527.jpg,data/IMG/right_2026_08_29_20_13_24_527.jpg,-0.3,1.0,0.0,30.17034
data/IMG/center_2026_08_29_20_13_24_597.jpg,data/IMG/left_2026_08_29_20_13_24_597.jpg,data/IMG/right_2026_08_29_20_13_24_597.jpg,-0.45,1.0,0.0,30.15198
data/IMG/center_2026_08_29_20_13_25_009.jpg,data/IMG/left_2026_08_29_20_13_25_009.jpg,data/IMG/right_2026_08_29_20_13_25_009.jpg,-0.1,1.0,0.0,30.18811
data/IMG/center_2026_08_29_20_13_26_031.jpg,data/IMG/left_2026_08_29_20_13_26_031.jpg,data/IMG/right_2026_08_29_20_13_26_031.jpg,-0.2,1.0,0.0,30.17982
data/IMG/center_2026_08_29_20_13_26_238.jpg,data/IMG/left_2026_08_29_20_13_26_238.jpg,data/IMG/right_2026_08_29_20_13_26_238.jpg,0.0,1.0,0.0,30.19025
data/IMG/center_2026_08_29_20_13_26_788.jpg,data/IMG/left_2026_08_29_20_13_26_788.jpg,data/IMG/right_2026_08_29_20_13_26_788.jpg,0.0,1.0,0.0,30.19027
data/IMG/center_2026_08_29_20_13_27_836.jpg,data/IMG/left_2026_08_29_20_13_27_836.jpg,data/IMG/right_2026_08_29_20_13_27_836.jpg,0.05,1.0,0.0,30.18974
data/IMG/center_2026_08_29_20_13_28_113.jpg,data/IMG/left_2026_08_29_20_13_28_113.jpg,data/IMG/right_2026_08_29_20_13_28_113.jpg,0.0,1.0,0.0,30.19027
data/IMG/center_2026_08_29_20_13_28_460.jpg,data/IMG/left_2026_08_29_20_13_28_460.jpg,data/IMG/right_2026_08_29_20_13_28_460.jpg,0.05,1.0,0.0,30.18972
data/IMG/center_2026_08_29_20_13_28_530.jpg,data/IMG/left_2026_08_29_20_13_28_530.jpg,data/IMG/right_2026_08_29_20_13_28_530.jpg,0.25,1.0,0.0,30.17478
data/IMG/center_2026_08_29_20_13_29_766.jpg,data/IMG/left_2026_08_29_20_13_29_766.jpg,data/IMG/right_2026_08_29_20_13_29_766.jpg,0.2,1.0,0.0,30.17981
data/IMG/center_2026_08_29_20_13_30_037.jpg,data/IMG/left_2026_08_29_20_13_30_037.jpg,data/IMG/right_2026_08_29_20_13_30_037.jpg,0.0,1.0,0.0,30.19023
data/IMG/center_2026_08_29_20_13_30_106.jpg,data/IMG/left_2026_08_29_20_13_30_106.jpg,data/IMG/right_2026_08_29_20_13_30_106.jpg,0.1,1.0,0.0,30.18825
data/IMG/center_2026_08_29_20_13_30_174.jpg,data/IMG/left_2026_08_29_20_13_30_174.jpg,data/IMG/right_2026_08_29_20_13_30_174.jpg,0.25,1.0,0.0,30.17571
data/IMG/center_2026_08_29_20_13_30_513.jpg,data/IMG/left_2026_08_29_20_13_30_513.jpg,data/IMG/right_2026_08_29_20_13_30_513.jpg,0.15,1.0,0.0,30.18528
data/IMG/center_2026_08_29_20_13_30_579.jpg,data/IMG/left_2026_08_29_20_13_30_579.jpg,data/IMG/right_2026_08_29_20_13_30_579.jpg,0.3,1.0,0.0,30.1703
data/IMG/center_2026_08_29_20_13_31_267.jpg,data/IMG/left_2026_08_29_20_13_31_267.jpg,data/IMG/right_2026_08_29_20_13_31_267.jpg,0.15,1.0,0.0,30.18423
data/IMG/center_2026_08_29_20_13_31_336.jpg,data/IMG/left_2026_08_29_20_13_31_336.jpg,data/IMG/right_2026_08_29_20_13_31_336.jpg,0.3,1.0,0.0,30.16926
data/IMG/center_2026_08_29_20_13_31_406.jpg,data/IMG/left_2026_08_29_20_13_31_406.jpg,data/IMG/right_2026_08_29_20_13_31_406.jpg,0.5000001,1.0,0.0,30.14534
data/IMG/center_2026_08_29_20_13_31_678.jpg,data/IMG/left_2026_08_29_20_13_31_678.jpg,data/IMG/right_2026_08_29_20_13_31_678.jpg,0.15,1.0,0.0,30.18649
data/IMG/center_2026_08_29_20_13_31_747.jpg,data/IMG/left_2026_08_29_20_13_31_747.jpg,data/IMG/right_2026_08_29_20_13_31_747.jpg,0.35,1.0,0.0,30.16591
data/IMG/center_2026_08_29_20_13_31_816.jpg,data/IMG/left_2026_08_29_20_13_31_816.jpg,data/IMG/right_2026_08_29_20_13_31_816.jpg,0.5000001,1.0,0.0,30.14718
data/IMG/center_2026_08_29_20_13_31_886.jpg,data/IMG/left_2026_08_29_20_13_31_886.jpg,data/IMG/right_2026_08_29_20_13_31_886.jpg,0.7,1.0,0.0,30.12197
data/IMG/center_2026_08_29_20_13_31_953.jpg,data/IMG/left_2026_08_29_20_13_31_953.jpg,data/IMG/right_2026_08_29_20_13_31_953.jpg,0.8500001,1.0,0.0,30.10593
data/IMG/center_2026_08_29_20_13_32_361.jpg,data/IMG/left_2026_08_29_20_13_32_361.jpg,data/IMG/right_2026_08_29_20_13_32_361.jpg,0.1,1.0,0.0,30.18855
data/IMG/center_2026_08_29_20_13_32_429.jpg,data/IMG/left_2026_08_29_20_13_32_429.jpg,data/IMG/right_2026_08_29_20_13_32_429.jpg,0.3,1.0,0.0,30.17044
data/IMG/center_2026_08_29_20_13_32_500.jpg,data/IMG/left_2026_08_29_20_13_32_500.jpg,data/IMG/right_2026_08_29_20_13_32_500.jpg,0.45,1.0,0.0,30.15265
data/IMG/center_2026_08_29_20_13_32_570.jpg,data/IMG/left_2026_08_29_20_13_32_570.jpg,data/IMG/right_2026_08_29_20_13_32_570.jpg,0.6500001,1.0,0.0,30.12749
data/IMG/center_2026_08_29_20_13_32_706.jpg,data/IMG/left_2026_08_29_20_13_32_706.jpg,data/IMG/right_2026_08_29_20_13_32_706.jpg,0.05,1.0,0.0,30.18946
data/IMG/center_2026_08_29_20_13_32_773.jpg,data/IMG/left_2026_08_29_20_13_32_773.jpg,data/IMG/right_2026_08_29_20_13_32_773.jpg,0.2,1.0,0.0,30.18655
data/IMG/center_2026_08_29_20_13_32_842.jpg,data/IMG/left_2026_08_29_20_13_32_842.jpg,data/IMG/right_2026_08_29_20_13_32_842.jpg,0.35,1.0,0.0,30.17048
data/IMG/center_2026_08_29_20_13_32_909.jpg,data/IMG/left_2026_08_29_20_13_32_909.jpg,data/IMG/right_2026_08_29_20_13_32_909.jpg,0.5500001,1.0,0.0,30.14398
data/IMG/center_2026_08_29_20_13_32_976.jpg,data/IMG/left_2026_08_29_20_13_32_976.jpg,data/IMG/right_2026_08_29_20_13_32_976.jpg,0.7,1.0,0.0,30.12437
data/IMG/center_2026_08_29_20_13_33_112.jpg,data/IMG/left_2026_08_29_20_13_33_112.jpg,data/IMG/right_2026_08_29_20_13_33_112.jpg,0.05,1.0,0.0,30.18961
data/IMG/center_2026_08_29_20_13_33_181.jpg,data/IMG/left_2026_08_29_20_13_33_181.jpg,data/IMG/right_2026_08_29_20_13_33_181.jpg,0.2,1.0,0.0,30.18758
data/IMG/center_2026_08_29_20_13_33_250.jpg,data/IMG/left_2026_08_29_20_13_33_250.jpg,data/IMG/right_2026_08_29_20_13_33_250.jpg,0.4,1.0,0.0,30.16493
data/IMG/center_2026_08_29_20_13_33_523.jpg,data/IMG/left_2026_08_29_20_13_33_523.jpg,data/IMG/right_2026_08_29_20_13_33_523.jpg,0.05,1.0,0.0,30.18998
data/IMG/center_2026_08_29_20_13_33_592.jpg,data/IMG/left_2026_08_29_20_13_33_592.jpg,data/IMG/right_2026_08_29_20_13_33_592.jpg,0.2,1.0,0.0,30.18106
data/IMG/center_2026_08_29_20_13_33_661.jpg,data/IMG/left_2026_08_29_20_13_33_661.jpg,data/IMG/right_2026_08_29_20_13_33_661.jpg,0.35,1.0,0.0,30.16459
data/IMG/center_2026_08_29_20_13_33_728.jpg,data/IMG/left_2026_08_29_20_13_33_728.jpg,data/IMG/right_2026_08_29_20_13_33_728.jpg,0.5500001,1.0,0.0,30.13986
data/IMG/center_2026_08_29_20_13_33_797.jpg,data/IMG/left_2026_08_29_20_13_33_797.jpg,data/IMG/right_2026_08_29_20_13_33_797.jpg,0.7,1.0,0.0,30.12133
data/IMG/center_2026_08_29_20_13_33_933.jpg,data/IMG/left_2026_08_29_20_13_33_933.jpg,data/IMG/right_2026_08_29_20_13_33_933.jpg,0.05,1.0,0.0,30.18974
data/IMG/center_2026_08_29_20_13_34_001.jpg,data/IMG/left_2026_08_29_20_13_34_001.jpg,data/IMG/right_2026_08_29_20_13_34_001.jpg,0.2,1.0,0.0,30.18706
data/IMG/center_2026_08_29_20_13_34_069.jpg,data/IMG/left_2026_08_29_20_13_34_069.jpg,data/IMG/right_2026_08_29_20_13_34_069.jpg,0.4,1.0,0.0,30.16475
data/IMG/center_2026_08_29_20_13_34_135.jpg,data/IMG/left_2026_08_29_20_13_34_135.jpg,data/IMG/right_2026_08_29_20_13_34_135.jpg,0.5500001,1.0,0.0,30.14461
data/IMG/center_2026_08_29_20_13_34_612.jpg,data/IMG/left_2026_08_29_20_13_34_612.jpg,data/IMG/right_2026_08_29_20_13_34_612.jpg,0.0,1.0,0.0,30.19022
data/IMG/center_2026_08_29_20_13_34_745.jpg,data/IMG/left_2026_08_29_20_13_34_745.jpg,data/IMG/right_2026_08_29_20_13_34_745.jpg,0.2,1.0,0.0,30.18025
data/IMG/center_2026_08_29_20_13_34_949.jpg,data/IMG/left_2026_08_29_20_13_34_949.jpg,data/IMG/right_2026_08_29_20_13_34_949.jpg,0.0,1.0,0.0,30.19029
data/IMG/center_2026_08_29_20_13_35_016.jpg,data/IMG/left_2026_08_29_20_13_35_016.jpg,data/IMG/right_2026_08_29_20_13_35_016.jpg,0.05,1.0,0.0,30.18996
data/IMG/center_2026_08_29_20_13_35_085.jpg,data/IMG/left_2026_08_29_20_13_35_085.jpg,data/IMG/right_2026_08_29_20_13_35_085.jpg,0.25,1.0,0.0,30.17519
data/IMG/center_2026_08_29_20_13_35_152.jpg,data/IMG/left_2026_08_29_20_13_35_152.jpg,data/IMG/right_2026_08_29_20_13_35_152.jpg,0.4,1.0,0.0,30.15784
data/IMG/center_2026_08_29_20_13_35_558.jpg,data/IMG/left_2026_08_29_20_13_35_558.jpg,data/IMG/right_2026_08_29_20_13_35_558.jpg,0.05,1.0,0.0,30.18987
data/IMG/center_2026_08_29_20_13_35_626.jpg,data/IMG/left_2026_08_29_20_13_35_626.jpg,data/IMG/right_2026_08_29_20_13_35_626.jpg,0.25,1.0,0.0,30.17554
data/IMG/center_2026_08_29_20_13_36_440.jpg,data/IMG/left_2026_08_29_20_13_36_440.jpg,data/IMG/right_2026_08_29_20_13_36_440.jpg,0.0,1.0,0.0,30.19029
data/IMG/center_2026_08_29_20_13_36_508.jpg,data/IMG/left_2026_08_29_20_13_36_508.jpg,data/IMG/right_2026_08_29_20_13_36_508.jpg,0.1,1.0,0.0,30.18767
data/IMG/center_2026_08_29_20_13_36_575.jpg,data/IMG/left_2026_08_29_20_13_36_575.jpg,data/IMG/right_2026_08_29_20_13_36_575.jpg,0.25,1.0,0.0,30.17472
data/IMG/center_2026_08_29_20_13_37_319.jpg,data/IMG/left_2026_08_29_20_13_37_319.jpg,data/IMG/right_2026_08_29_20_13_37_319.jpg,0.1,1.0,0.0,30.18766
data/IMG/center_2026_08_29_20_13_37_588.jpg,data/IMG/left_2026_08_29_20_13_37_588.jpg,data/IMG/right_2026_08_29_20_13_37_588.jpg,0.05,1.0,0.0,30.18979
data/IMG/center_2026_08_29_20_13_37_656.jpg,data/IMG/left_2026_08_29_20_13_37_656.jpg,data/IMG/right_2026_08_29_20_13_37_656.jpg,0.2,1.0,0.0,30.18015
data/IMG/center_2026_08_29_20_13_39_480.jpg,data/IMG/left_2026_08_29_20_13_39_480.jpg,data/IMG/right_2026_08_29_20_13_39_480.jpg,0.0,1.0,0.0,30.19064
data/IMG/center_2026_08_29_20_13_41_441.jpg,data/IMG/left_2026_08_29_20_13_41_441.jpg,data/IMG/right_2026_08_29_20_13_41_441.jpg,0.0,1.0,0.0,30.19065
data/IMG/center_2026_08_29_20_13_42_052.jpg,data/IMG/left_2026_08_29_20_13_42_052.jpg,data/IMG/right_2026_08_29_20_13_42_052.jpg,0.0,1.0,0.0,30.19064
data/IMG/center_2026_08_29_20_13_42_187.jpg,data/IMG/left_2026_08_29_20_13_42_187.jpg,data/IMG/right_2026_08_29_20_13_42_187.jpg,0.0,1.0,0.0,30.19063
data/IMG/center_2026_08_29_20_13_44_221.jpg,data/IMG/left_2026_08_29_20_13_44_221.jpg,data/IMG/right_2026_08_29_20_13_44_221.jpg,0.0,1.0,0.0,30.19064
data/IMG/center_2026_08_29_20_13_44_562.jpg,data/IMG/left_2026_08_29_20_13_44_562.jpg,data/IMG/right_2026_08_29_20_13_44_562.jpg,0.0,1.0,0.0,30.19064
data/IMG/center_2026_08_29_20_13_45_719.jpg,data/IMG/left_2026_08_29_20_13_45_719.jpg,data/IMG/right_2026_08_29_20_13_45_719.jpg,0.15,1.0,0.0,30.18468
data/IMG/center_2026_08_29_20_13_45_787.jpg,data/IMG/left_2026_08_29_20_13_45_787.jpg,data/IMG/right_2026_08_29_20_13_45_787.jpg,0.35,1.0,0.0,30.16405
data/IMG/center_2026_08_29_20_13_46_058.jpg,data/IMG/left_2026_08_29_20_13_46_058.jpg,data/IMG/right_2026_08_29_20_13_46_058.jpg,0.0,1.0,0.0,29.96817
data/IMG/center_2026_08_29_20_13_46_127.jpg,data/IMG/left_2026_08_29_20_13_46_127.jpg,data/IMG/right_2026_08_29_20_13_46_127.jpg,0.15,1.0,0.0,30.19407
data/IMG/center_2026_08_29_20_13_46_197.jpg,data/IMG/left_2026_08_29_20_13_46_197.jpg,data/IMG/right_2026_08_29_20_13_46_197.jpg,0.3,1.0,0.0,30.17424
data/IMG/center_2026_08_29_20_13_46_941.jpg,data/IMG/left_2026_08_29_20_13_46_941.jpg,data/IMG/right_2026_08_29_20_13_46_941.jpg,0.1,1.0,0.0,30.18761
data/IMG/center_2026_08_29_20_13_48_096.jpg,data/IMG/left_2026_08_29_20_13_48_096.jpg,data/IMG/right_2026_08_29_20_13_48_096.jpg,0.1,1.0,0.0,30.18767
data/IMG/center_2026_08_29_20_13_48_710.jpg,data/IMG/left_2026_08_29_20_13_48_710.jpg,data/IMG/right_2026_08_29_20_13_48_710.jpg,0.0,1.0,0.0,30.1903
data/IMG/center_2026_08_29_20_13_48_983.jpg,data/IMG/left_2026_08_29_20_13_48_983.jpg,data/IMG/right_2026_08_29_20_13_48_983.jpg,0.15,1.0,0.0,30.18427
data/IMG/center_2026_08_29_20_13_49_052.jpg,data/IMG/left_2026_08_29_20_13_49_052.jpg,data/IMG/right_2026_08_29_20_13_49_052.jpg,0.3,1.0,0.0,30.16925
data/IMG/center_2026_08_29_20_13_49_119.jpg,data/IMG/left_2026_08_29_20_13_49_119.jpg,data/IMG/right_2026_08_29_20_13_49_119.jpg,0.45,1.0,0.0,30.15148
data/IMG/center_2026_08_29_20_13_49_798.jpg,data/IMG/left_2026_08_29_20_13_49_798.jpg,data/IMG/right_2026_08_29_20_13_49_798.jpg,-0.15,1.0,0.0,30.18422
data/IMG/center_2026_08_29_20_13_50_411.jpg,data/IMG/left_2026_08_29_20_13_50_411.jpg,data/IMG/right_2026_08_29_20_13_50_411.jpg,0.0,1.0,0.0,30.19027
data/IMG/center_2026_08_29_20_13_50_613.jpg,data/IMG/left_2026_08_29_20_13_50_613.jpg,data/IMG/right_2026_08_29_20_13_50_613.jpg,0.0,1.0,0.0,30.19033
data/IMG/center_2026_08_29_20_13_50_680.jpg,data/IMG/left_2026_08_29_20_13_50_680.jpg,data/IMG/right_2026_08_29_20_13_50_680.jpg,0.0,1.0,0.0,30.19028
data/IMG/center_2026_08_29_20_13_51_493.jpg,data/IMG/left_2026_08_29_20_13_51_493.jpg,data/IMG/right_2026_08_29_20_13_51_493.jpg,0.15,1.0,0.0,30.18424
data/IMG/center_2026_08_29_20_13_51_560.jpg,data/IMG/left_2026_08_29_20_13_51_560.jpg,data/IMG/right_2026_08_29_20_13_51_560.jpg,0.3,1.0,0.0,30.16928
data/IMG/center_2026_08_29_20_13_51_627.jpg,data/IMG/left_2026_08_29_20_13_51_627.jpg,data/IMG/right_2026_08_29_20_13_51_627.jpg,0.5000001,1.0,0.0,30.14535
data/IMG/center_2026_08_29_20_13_51_696.jpg,data/IMG/left_2026_08_29_20_13_51_696.jpg,data/IMG/right_2026_08_29_20_13_51_696.jpg,0.0,1.0,0.0,30.18532
data/IMG/center_2026_08_29_20_13_52_036.jpg,data/IMG/left_2026_08_29_20_13_52_036.jpg,data/IMG/right_2026_08_29_20_13_52_036.jpg,0.05,1.0,0.0,30.18975
data/IMG/center_2026_08_29_20_13_52_106.jpg,data/IMG/left_2026_08_29_20_13_52_106.jpg,data/IMG/right_2026_08_29_20_13_52_106.jpg,0.25,1.0,0.0,30.17533
data/IMG/center_2026_08_29_20_13_52_173.jpg,data/IMG/left_2026_08_29_20_13_52_173.jpg,data/IMG/right_2026_08_29_20_13_52_173.jpg,0.4,1.0,0.0,30.15793
data/IMG/center_2026_08_29_20_13_53_125.jpg,data/IMG/left_2026_08_29_20_13_53_125.jpg,data/IMG/right_2026_08_29_20_13_53_125.jpg,0.05,1.0,0.0,30.1897
data/IMG/center_2026_08_29_20_13_53_192.jpg,data/IMG/left_2026_08_29_20_13_53_192.jpg,data/IMG/right_2026_08_29_20_13_53_192.jpg,0.2,1.0,0.0,30.17979
data/IMG/center_2026_08_29_20_13_53_262.jpg,data/IMG/left_2026_08_29_20_13_53_262.jpg,data/IMG/right_2026_08_29_20_13_53_262.jpg,0.35,1.0,0.0,30.16374
data/IMG/center_2026_08_29_20_13_53_606.jpg,data/IMG/left_2026_08_29_20_13_53_606.jpg,data/IMG/right_2026_08_29_20_13_53_606.jpg,0.1,1.0,0.0,30.18825
data/IMG/center_2026_08_29_20_13_53_673.jpg,data/IMG/left_2026_08_29_20_13_53_673.jpg,data/IMG/right_2026_08_29_20_13_53_673.jpg,0.25,1.0,0.0,30.17563
data/IMG/center_2026_08_29_20_13_53_740.jpg,data/IMG/left_2026_08_29_20_13_53_740.jpg,data/IMG/right_2026_08_29_20_13_53_740.jpg,0.4,1.0,0.0,30.1582
data/IMG/center_2026_08_29_20_13_54_153.jpg,data/IMG/left_2026_08_29_20_13_54_153.jpg,data/IMG/right_2026_08_29_20_13_54_153.jpg,0.05,1.0,0.0,30.18934
data/IMG/center_2026_08_29_20_13_54_220.jpg,data/IMG/left_2026_08_29_20_13_54_220.jpg,data/IMG/right_2026_08_29_20_13_54_220.jpg,0.2,1.0,0.0,30.18013
data/IMG/center_2026_08_29_20_13_54_290.jpg,data/IMG/left_2026_08_29_20_13_54_290.jpg,data/IMG/right_2026_08_29_20_13_54_290.jpg,0.4,1.0,0.0,30.15771
data/IMG/center_2026_08_29_20_13_54_358.jpg,data/IMG/left_2026_08_29_20_13_54_358.jpg,data/IMG/right_2026_08_29_20_13_54_358.jpg,0.5500001,1.0,0.0,30.13936
data/IMG/center_2026_08_29_20_13_54_428.jpg,data/IMG/left_2026_08_29_20_13_54_428.jpg,data/IMG/right_2026_08_29_20_13_54_428.jpg,0.7500002,1.0,0.0,30.11469
data/IMG/center_2026_08_29_20_13_54_497.jpg,data/IMG/left_2026_08_29_20_13_54_497.jpg,data/IMG/right_2026_08_29_20_13_54_497.jpg,0.0,1.0,0.0,30.17328
data/IMG/center_2026_08_29_20_13_55_585.jpg,data/IMG/left_2026_08_29_20_13_55_585.jpg,data/IMG/right_2026_08_29_20_13_55_585.jpg,0.0,1.0,0.0,30.1903
data/IMG/center_2026_08_29_20_13_55_926.jpg,data/IMG/left_2026_08_29_20_13_55_926.jpg,data/IMG/right_2026_08_29_20_13_55_926.jpg,0.1,1.0,0.0,30.18718
data/IMG/center_2026_08_29_20_13_55_994.jpg,data/IMG/left_2026_08_29_20_13_55_994.jpg,data/IMG/right_2026_08_29_20_13_55_994.jpg,0.25,1.0,0.0,30.17483
data/IMG/center_2026_08_29_20_13_56_063.jpg,data/IMG/left_2026_08_29_20_13_56_063.jpg,data/IMG/right_2026_08_29_20_13_56_063.jpg,0.45,1.0,0.0,30.15148
data/IMG/center_2026_08_29_20_13_56_131.jpg,data/IMG/left_2026_08_29_20_13_56_131.jpg,data/IMG/right_2026_08_29_20_13_56_131.jpg,0.6000001,1.0,0.0,30.1331
data/IMG/center_2026_08_29_20_13_56_408.jpg,data/IMG/left_2026_08_29_20_13_56_408.jpg,data/IMG/right_2026_08_29_20_13_56_408.jpg,0.05,1.0,0.0,30.19011
data/IMG/center_2026_08_29_20_13_56_476.jpg,data/IMG/left_2026_08_29_20_13_56_476.jpg,data/IMG/right_2026_08_29_20_13_56_476.jpg,0.2,1.0,0.0,30.18192
data/IMG/center_2026_08_29_20_13_56_543.jpg,data/IMG/left_2026_08_29_20_13_56_543.jpg,data/IMG/right_2026_08_29_20_13_56_543.jpg,0.4,1.0,0.0,30.15925
data/IMG/center_2026_08_29_20_13_56_950.jpg,data/IMG/left_2026_08_29_20_13_56_950.jpg,data/IMG/right_2026_08_29_20_13_56_950.jpg,0.0,1.0,0.0,30.1903
data/IMG/center_2026_08_29_20_13_57_020.jpg,data/IMG/left_2026_08_29_20_13_57_020.jpg,data/IMG/right_2026_08_29_20_13_57_020.jpg,0.15,1.0,0.0,30.18478
data/IMG/center_2026_08_29_20_13_57_087.jpg,data/IMG/left_2026_08_29_20_13_57_087.jpg,data/IMG/right_2026_08_29_20_13_57_087.jpg,0.35,1.0,0.0,30.16394
data/IMG/center_2026_08_29_20_13_57_295.jpg,data/IMG/left_2026_08_29_20_13_57_295.jpg,data/IMG/right_2026_08_29_20_13_57_295.jpg,0.0,1.0,0.0,30.19028
data/IMG/center_2026_08_29_20_13_57_362.jpg,data/IMG/left_2026_08_29_20_13_57_362.jpg,data/IMG/right_2026_08_29_20_13_57_362.jpg,0.1,1.0,0.0,30.18859
data/IMG/center_2026_08_29_20_13_57_429.jpg,data/IMG/left_2026_08_29_20_13_57_429.jpg,data/IMG/right_2026_08_29_20_13_57_429.jpg,0.3,1.0,0.0,30.17056
data/IMG/center_2026_08_29_20_13_57_496.jpg,data/IMG/left_2026_08_29_20_13_57_496.jpg,data/IMG/right_2026_08_29_20_13_57_496.jpg,0.45,1.0,0.0,30.15249
data/IMG/center_2026_08_29_20_13_57_840.jpg,data/IMG/left_2026_08_29_20_13_57_840.jpg,data/IMG/right_2026_08_29_20_13_57_840.jpg,0.05,1.0,0.0,30.18989
data/IMG/center_2026_08_29_20_13_57_909.jpg,data/IMG/left_2026_08_29_20_13_57_909.jpg,data/IMG/right_2026_08_29_20_13_57_909.jpg,0.25,1.0,0.0,30.17554
data/IMG/center_2026_08_29_20_13_57_978.jpg,data/IMG/left_2026_08_29_20_13_57_978.jpg,data/IMG/right_2026_08_29_20_13_57_978.jpg,0.4,1.0,0.0,30.1582
data/IMG/center_2026_08_29_20_13_58_389.jpg,data/IMG/left_2026_08_29_20_13_58_389.jpg,data/IMG/right_2026_08_29_20_13_58_389.jpg,0.1,1.0,0.0,30.18838
data/IMG/center_2026_08_29_20_13_58_457.jpg,data/IMG/left_2026_08_29_20_13_58_457.jpg,data/IMG/right_2026_08_29_20_13_58_457.jpg,0.25,1.0,0.0,30.1758
data/IMG/center_2026_08_29_20_13_58_872.jpg,data/IMG/left_2026_08_29_20_13_58_872.jpg,data/IMG/right_2026_08_29_20_13_58_872.jpg,0.2,1.0,0.0,30.18061
data/IMG/center_2026_08_29_20_13_58_942.jpg,data/IMG/left_2026_08_29_20_13_58_942.jpg,data/IMG/right_2026_08_29_20_13_58_942.jpg,0.35,1.0,0.0,30.16404
data/IMG/center_2026_08_29_20_13_59_291.jpg,data/IMG/left_2026_08_29_20_13_59_291.jpg,data/IMG/right_2026_08_29_20_13_59_291.jpg,0.15,1.0,0.0,30.18473
data/IMG/center_2026_08_29_20_13_59_358.jpg,data/IMG/left_2026_08_29_20_13_59_358.jpg,data/IMG/right_2026_08_29_20_13_59_358.jpg,0.3,1.0,0.0,30.16993
data/IMG/center_2026_08_29_20_13_59_771.jpg,data/IMG/left_2026_08_29_20_13_59_771.jpg,data/IMG/right_2026_08_29_20_13_59_771.jpg,0.05,1.0,0.0,30.18988
data/IMG/center_2026_08_29_20_13_59_841.jpg,data/IMG/left_2026_08_29_20_13_59_841.jpg,data/IMG/right_2026_08_29_20_13_59_841.jpg,0.2,1.0,0.0,30.18022
data/IMG/center_2026_08_29_20_13_59_908.jpg,data/IMG/left_2026_08_29_20_13_59_908.jpg,data/IMG/right_2026_08_29_20_13_59_908.jpg,0.4,1.0,0.0,30.15774
data/IMG/center_2026_08_29_20_14_00_249.jpg,data/IMG/left_2026_08_29_20_14_00_249.jpg,data/IMG/right_2026_08_29_20_14_00_249.jpg,0.0,1.0,0.0,30.19032
data/IMG/center_2026_08_29_20_14_00_387.jpg,data/IMG/left_2026_08_29_20_14_00_387.jpg,data/IMG/right_2026_08_29_20_14_00_387.jpg,0.15,1.0,0.0,30.18454
data/IMG/center_2026_08_29_20_14_00_520.jpg,data/IMG/left_2026_08_29_20_14_00_520.jpg,data/IMG/right_2026_08_29_20_14_00_520.jpg,0.0,1.0,0.0,30.19016
data/IMG/center_2026_08_29_20_14_00_591.jpg,data/IMG/left_2026_08_29_20_14_00_591.jpg,data/IMG/right_2026_08_29_20_14_00_591.jpg,0.0,1.0,0.0,30.19025
data/IMG/center_2026_08_29_20_14_00_870.jpg,data/IMG/left_2026_08_29_20_14_00_870.jpg,data/IMG/right_2026_08_29_20_14_00_870.jpg,0.05,1.0,0.0,30.18935
data/IMG/center_2026_08_29_20_14_00_937.jpg,data/IMG/left_2026_08_29_20_14_00_937.jpg,data/IMG/right_2026_08_29_20_14_00_937.jpg,0.2,1.0,0.0,30.17995
data/IMG/center_2026_08_29_20_14_01_350.jpg,data/IMG/left_2026_08_29_20_14_01_350.jpg,data/IMG/right_2026_08_29_20_14_01_350.jpg,0.15,1.0,0.0,30.18448
data/IMG/center_2026_08_29_20_14_01_417.jpg,data/IMG/left_2026_08_29_20_14_01_417.jpg,data/IMG/right_2026_08_29_20_14_01_417.jpg,0.3,1.0,0.0,30.16952
data/IMG/center_2026_08_29_20_14_02_440.jpg,data/IMG/left_2026_08_29_20_14_02_440.jpg,data/IMG/right_2026_08_29_20_14_02_440.jpg,0.15,1.0,0.0,30.18422
data/IMG/center_2026_08_29_20_14_02_508.jpg,data/IMG/left_2026_08_29_20_14_02_508.jpg,data/IMG/right_2026_08_29_20_14_02_508.jpg,0.35,1.0,0.0,30.16344
data/IMG/center_2026_08_29_20_14_02_576.jpg,data/IMG/left_2026_08_29_20_14_02_576.jpg,data/IMG/right_2026_08_29_20_14_02_576.jpg,0.5000001,1.0,0.0,30.14536
data/IMG/center_2026_08_29_20_14_04_836.jpg,data/IMG/left_2026_08_29_20_14_04_836.jpg,data/IMG/right_2026_08_29_20_14_04_836.jpg,0.15,1.0,0.0,30.18407
data/IMG/center_2026_08_29_20_14_04_903.jpg,data/IMG/left_2026_08_29_20_14_04_903.jpg,data/IMG/right_2026_08_29_20_14_04_903.jpg,0.35,1.0,0.0,30.16363
data/IMG/center_2026_08_29_20_14_04_972.jpg,data/IMG/left_2026_08_29_20_14_04_972.jpg,data/IMG/right_2026_08_29_20_14_04_972.jpg,0.5000001,1.0,0.0,30.14576
data/IMG/center_2026_08_29_20_14_05_039.jpg,data/IMG/left_2026_08_29_20_14_05_039.jpg,data/IMG/right_2026_08_29_20_14_05_039.jpg,0.6500001,1.0,0.0,30.12736
data/IMG/center_2026_08_29_20_14_07_224.jpg,data/IMG/left_2026_08_29_20_14_07_224.jpg,data/IMG/right_2026_08_29_20_14_07_224.jpg,0.0,1.0,0.0,30.19032
data/IMG/center_2026_08_29_20_14_08_450.jpg,data/IMG/left_2026_08_29_20_14_08_450.jpg,data/IMG/right_2026_08_29_20_14_08_450.jpg,0.15,1.0,0.0,30.18424
data/IMG/center_2026_08_29_20_14_08_518.jpg,data/IMG/left_2026_08_29_20_14_08_518.jpg,data/IMG/right_2026_08_29_20_14_08_518.jpg,0.3,1.0,0.0,30.16923
data/IMG/center_2026_08_29_20_14_09_400.jpg,data/IMG/left_2026_08_29_20_14_09_400.jpg,data/IMG/right_2026_08_29_20_14_09_400.jpg,0.15,1.0,0.0,30.18418
data/IMG/center_2026_08_29_20_14_09_467.jpg,data/IMG/left_2026_08_29_20_14_09_467.jpg,data/IMG/right_2026_08_29_20_14_09_467.jpg,0.35,1.0,0.0,30.1634
data/IMG/center_2026_08_29_20_14_09_534.jpg,data/IMG/left_2026_08_29_20_14_09_534.jpg,data/IMG/right_2026_08_29_20_14_09_534.jpg,0.0,1.0,0.0,30.18913
data/IMG/center_2026_08_29_20_14_11_104.jpg,data/IMG/left_2026_08_29_20_14_11_104.jpg,data/IMG/right_2026_08_29_20_14_11_104.jpg,0.0,1.0,0.0,30.19028
data/IMG/center_2026_08_29_20_14_11_449.jpg,data/IMG/left_2026_08_29_20_14_11_449.jpg,data/IMG/right_2026_08_29_20_14_11_449.jpg,0.0,1.0,0.0,30.19031
data/IMG/center_2026_08_29_20_14_12_605.jpg,data/IMG/left_2026_08_29_20_14_12_605.jpg,data/IMG/right_2026_08_29_20_14_12_605.jpg,0.0,1.0,0.0,30.19029
data/IMG/center_2026_08_29_20_14_12_810.jpg,data/IMG/left_2026_08_29_20_14_12_810.jpg,data/IMG/right_2026_08_29_20_14_12_810.jpg,0.05,1.0,0.0,30.18973
data/IMG/center_2026_08_29_20_14_12_879.jpg,data/IMG/left_2026_08_29_20_14_12_879.jpg,data/IMG/right_2026_08_29_20_14_12_879.jpg,0.2,1.0,0.0,30.17983
data/IMG/center_2026_08_29_20_14_12_946.jpg,data/IMG/left_2026_08_29_20_14_12_946.jpg,data/IMG/right_2026_08_29_20_14_12_946.jpg,0.4,1.0,0.0,30.15753
data/IMG/center_2026_08_29_20_14_13_286.jpg,data/IMG/left_2026_08_29_20_14_13_286.jpg,data/IMG/right_2026_08_29_20_14_13_286.jpg,0.0,1.0,0.0,30.19027
data/IMG/center_2026_08_29_20_14_13_830.jpg,data/IMG/left_2026_08_29_20_14_13_830.jpg,data/IMG/right_2026_08_29_20_14_13_830.jpg,-0.15,1.0,0.0,30.18427
data/IMG/center_2026_08_29_20_14_14_648.jpg,data/IMG/left_2026_08_29_20_14_14_648.jpg,data/IMG/right_2026_08_29_20_14_14_648.jpg,0.0,1.0,0.0,30.1903
data/IMG/center_2026_08_29_20_14_15_466.jpg,data/IMG/left_2026_08_29_20_14_15_466.jpg,data/IMG/right_2026_08_29_20_14_15_466.jpg,0.05,1.0,0.0,30.18972
data/IMG/center_2026_08_29_20_14_15_536.jpg,data/IMG/left_2026_08_29_20_14_15_536.jpg,data/IMG/right_2026_08_29_20_14_15_536.jpg,0.2,1.0,0.0,30.17984
data/IMG/center_2026_08_29_20_14_17_578.jpg,data/IMG/left_2026_08_29_20_14_17_578.jpg,data/IMG/right_2026_08_29_20_14_17_578.jpg,0.0,1.0,0.0,30.18965
data/IMG/center_2026_08_29_20_14_17_989.jpg,data/IMG/left_2026_08_29_20_14_17_989.jpg,data/IMG/right_2026_08_29_20_14_17_989.jpg,0.1,1.0,0.0,30.18757
data/IMG/center_2026_08_29_20_14_18_059.jpg,data/IMG/left_2026_08_29_20_14_18_059.jpg,data/IMG/right_2026_08_29_20_14_18_059.jpg,0.25,1.0,0.0,30.17492
data/IMG/center_2026_08_29_20_14_18_126.jpg,data/IMG/left_2026_08_29_20_14_18_126.jpg,data/IMG/right_2026_08_29_20_14_18_126.jpg,0.45,1.0,0.0,30.15195
data/IMG/center_2026_08_29_20_14_18_329.jpg,data/IMG/left_2026_08_29_20_14_18_329.jpg,data/IMG/right_2026_08_29_20_14_18_329.jpg,0.0,1.0,0.0,30.18966
data/IMG/center_2026_08_29_20_14_19_628.jpg,data/IMG/left_2026_08_29_20_14_19_628.jpg,data/IMG/right_2026_08_29_20_14_19_628.jpg,0.0,1.0,0.0,30.19029
data/IMG/center_2026_08_29_20_14_21_130.jpg,data/IMG/left_2026_08_29_20_14_21_130.jpg,data/IMG/right_2026_08_29_20_14_21_130.jpg,0.15,1.0,0.0,30.18424
data/IMG/center_2026_08_29_20_14_21_198.jpg,data/IMG/left_2026_08_29_20_14_21_198.jpg,data/IMG/right_2026_08_29_20_14_21_198.jpg,0.3,1.0,0.0,30.16947
data/IMG/center_2026_08_29_20_14_21_268.jpg,data/IMG/left_2026_08_29_20_14_21_268.jpg,data/IMG/right_2026_08_29_20_14_21_268.jpg,0.5000001,1.0,0.0,30.14567
data/IMG/center_2026_08_29_20_14_21_336.jpg,data/IMG/left_2026_08_29_20_14_21_336.jpg,data/IMG/right_2026_08_29_20_14_21_336.jpg,0.6500001,1.0,0.0,30.12742
data/IMG/center_2026_08_29_20_14_22_025.jpg,data/IMG/left_2026_08_29_20_14_22_025.jpg,data/IMG/right_2026_08_29_20_14_22_025.jpg,-0.2,1.0,0.0,30.17987
data/IMG/center_2026_08_29_20_14_25_464.jpg,data/IMG/left_2026_08_29_20_14_25_464.jpg,data/IMG/right_2026_08_29_20_14_25_464.jpg,0.0,1.0,0.0,30.1903
data/IMG/center_2026_08_29_20_14_25_667.jpg,data/IMG/left_2026_08_29_20_14_25_667.jpg,data/IMG/right_2026_08_29_20_14_25_667.jpg,0.2,1.0,0.0,30.17985
data/IMG/center_2026_08_29_20_14_25_734.jpg,data/IMG/left_2026_08_29_20_14_25_734.jpg,data/IMG/right_2026_08_29_20_14_25_734.jpg,0.35,1.0,0.0,30.1637
data/IMG/center_2026_08_29_20_14_25_803.jpg,data/IMG/left_2026_08_29_20_14_25_803.jpg,data/IMG/right_2026_08_29_20_14_25_803.jpg,0.5500001,1.0,0.0,30.13928
data/IMG/center_2026_08_29_20_14_26_146.jpg,data/IMG/left_2026_08_29_20_14_26_146.jpg,data/IMG/right_2026_08_29_20_14_26_146.jpg,0.0,1.0,0.0,30.19001
data/IMG/center_2026_08_29_20_14_26_828.jpg,data/IMG/left_2026_08_29_20_14_26_828.jpg,data/IMG/right_2026_08_29_20_14_26_828.jpg,0.15,1.0,0.0,30.18427
data/IMG/center_2026_08_29_20_14_26_896.jpg,data/IMG/left_2026_08_29_20_14_26_896.jpg,data/IMG/right_2026_08_29_20_14_26_896.jpg,0.3,1.0,0.0,30.16953
data/IMG/center_2026_08_29_20_14_26_963.jpg,data/IMG/left_2026_08_29_20_14_26_963.jpg,data/IMG/right_2026_08_29_20_14_26_963.jpg,0.45,1.0,0.0,30.15201
data/IMG/center_2026_08_29_20_14_27_920.jpg,data/IMG/left_2026_08_29_20_14_27_920.jpg,data/IMG/right_2026_08_29_20_14_27_920.jpg,0.1,1.0,0.0,30.18771
data/IMG/center_2026_08_29_20_14_27_987.jpg,data/IMG/left_2026_08_29_20_14_27_987.jpg,data/IMG/right_2026_08_29_20_14_27_987.jpg,0.3,1.0,0.0,30.16943
data/IMG/center_2026_08_29_20_14_28_054.jpg,data/IMG/left_2026_08_29_20_14_28_054.jpg,data/IMG/right_2026_08_29_20_14_28_054.jpg,0.45,1.0,0.0,30.15197
data/IMG/center_2026_08_29_20_14_28_462.jpg,data/IMG/left_2026_08_29_20_14_28_462.jpg,data/IMG/right_2026_08_29_20_14_28_462.jpg,0.0,1.0,0.0,30.1903
data/IMG/center_2026_08_29_20_14_28_948.jpg,data/IMG/left_2026_08_29_20_14_28_948.jpg,data/IMG/right_2026_08_29_20_14_28_948.jpg,0.0,1.0,0.0,30.19029
data/IMG/center_2026_08_29_20_14_29_909.jpg,data/IMG/left_2026_08_29_20_14_29_909.jpg,data/IMG/right_2026_08_29_20_14_29_909.jpg,0.15,1.0,0.0,30.18421
data/IMG/center_2026_08_29_20_14_29_978.jpg,data/IMG/left_2026_08_29_20_14_29_978.jpg,data/IMG/right_2026_08_29_20_14_29_978.jpg,0.3,1.0,0.0,30.16922
data/IMG/center_2026_08_29_20_14_30_048.jpg,data/IMG/left_2026_08_29_20_14_30_048.jpg,data/IMG/right_2026_08_29_20_14_30_048.jpg,0.5000001,1.0,0.0,30.14537
data/IMG/center_2026_08_29_20_14_30_116.jpg,data/IMG/left_2026_08_29_20_14_30_116.jpg,data/IMG/right_2026_08_29_20_14_30_116.jpg,0.6500001,1.0,0.0,30.12706
data/IMG/center_2026_08_29_20_14_30_462.jpg,data/IMG/left_2026_08_29_20_14_30_462.jpg,data/IMG/right_2026_08_29_20_14_30_462.jpg,0.0,1.0,0.0,30.19023
data/IMG/center_2026_08_29_20_14_31_150.jpg,data/IMG/left_2026_08_29_20_14_31_150.jpg,data/IMG/right_2026_08_29_20_14_31_150.jpg,0.15,1.0,0.0,30.18417
data/IMG/center_2026_08_29_20_14_31_218.jpg,data/IMG/left_2026_08_29_20_14_31_218.jpg,data/IMG/right_2026_08_29_20_14_31_218.jpg,0.3,1.0,0.0,30.16918
data/IMG/center_2026_08_29_20_14_31_285.jpg,data/IMG/left_2026_08_29_20_14_31_285.jpg,data/IMG/right_2026_08_29_20_14_31_285.jpg,0.5000001,1.0,0.0,30.14533
data/IMG/center_2026_08_29_20_14_31_628.jpg,data/IMG/left_2026_08_29_20_14_31_628.jpg,data/IMG/right_2026_08_29_20_14_31_628.jpg,0.0,1.0,0.0,30.19026
data/IMG/center_2026_08_29_20_14_32_246.jpg,data/IMG/left_2026_08_29_20_14_32_246.jpg,data/IMG/right_2026_08_29_20_14_32_246.jpg,0.0,1.0,0.0,30.19017
data/IMG/center_2026_08_29_20_14_32_384.jpg,data/IMG/left_2026_08_29_20_14_32_384.jpg,data/IMG/right_2026_08_29_20_14_32_384.jpg,0.1,1.0,0.0,30.18763
data/IMG/center_2026_08_29_20_14_32_451.jpg,data/IMG/left_2026_08_29_20_14_32_451.jpg,data/IMG/right_2026_08_29_20_14_32_451.jpg,0.25,1.0,0.0,30.17444
data/IMG/center_2026_08_29_20_14_32_518.jpg,data/IMG/left_2026_08_29_20_14_32_518.jpg,data/IMG/right_2026_08_29_20_14_32_518.jpg,0.4,1.0,0.0,30.15746
data/IMG/center_2026_08_29_20_14_32_588.jpg,data/IMG/left_2026_08_29_20_14_32_588.jpg,data/IMG/right_2026_08_29_20_14_32_588.jpg,0.6000001,1.0,0.0,30.13311
data/IMG/center_2026_08_29_20_14_33_825.jpg,data/IMG/left_2026_08_29_20_14_33_825.jpg,data/IMG/right_2026_08_29_20_14_33_825.jpg,0.1,1.0,0.0,30.18766
data/IMG/center_2026_08_29_20_14_33_891.jpg,data/IMG/left_2026_08_29_20_14_33_891.jpg,data/IMG/right_2026_08_29_20_14_33_891.jpg,0.25,1.0,0.0,30.17473
data/IMG/center_2026_08_29_20_14_33_962.jpg,data/IMG/left_2026_08_29_20_14_33_962.jpg,data/IMG/right_2026_08_29_20_14_33_962.jpg,0.4,1.0,0.0,30.15818
data/IMG/center_2026_08_29_20_14_34_030.jpg,data/IMG/left_2026_08_29_20_14_34_030.jpg,data/IMG/right_2026_08_29_20_14_34_030.jpg,0.6000001,1.0,0.0,30.13313
data/IMG/center_2026_08_29_20_14_34_097.jpg,data/IMG/left_2026_08_29_20_14_34_097.jpg,data/IMG/right_2026_08_29_20_14_34_097.jpg,0.0,1.0,0.0,30.18257
data/IMG/center_2026_08_29_20_14_34_509.jpg,data/IMG/left_2026_08_29_20_14_34_509.jpg,data/IMG/right_2026_08_29_20_14_34_509.jpg,0.0,1.0,0.0,30.19031
data/IMG/center_2026_08_29_20_14_34_716.jpg,data/IMG/left_2026_08_29_20_14_34_716.jpg,data/IMG/right_2026_08_29_20_14_34_716.jpg,0.05,1.0,0.0,30.19049
data/IMG/center_2026_08_29_20_14_34_783.jpg,data/IMG/left_2026_08_29_20_14_34_783.jpg,data/IMG/right_2026_08_29_20_14_34_783.jpg,0.25,1.0,0.0,30.17469
data/IMG/center_2026_08_29_20_14_34_850.jpg,data/IMG/left_2026_08_29_20_14_34_850.jpg,data/IMG/right_2026_08_29_20_14_34_850.jpg,0.4,1.0,0.0,30.15744
data/IMG/center_2026_08_29_20_14_34_917.jpg,data/IMG/left_2026_08_29_20_14_34_917.jpg,data/IMG/right_2026_08_29_20_14_34_917.jpg,0.5500001,1.0,0.0,30.13909
data/IMG/center_2026_08_29_20_14_35_473.jpg,data/IMG/left_2026_08_29_20_14_35_473.jpg,data/IMG/right_2026_08_29_20_14_35_473.jpg,0.0,1.0,0.0,30.1902
data/IMG/center_2026_08_29_20_14_35_821.jpg,data/IMG/left_2026_08_29_20_14_35_821.jpg,data/IMG/right_2026_08_29_20_14_35_821.jpg,0.15,1.0,0.0,30.18419
data/IMG/center_2026_08_29_20_14_35_889.jpg,data/IMG/left_2026_08_29_20_14_35_889.jpg,data/IMG/right_2026_08_29_20_14_35_889.jpg,0.35,1.0,0.0,30.16337
data/IMG/center_2026_08_29_20_14_35_959.jpg,data/IMG/left_2026_08_29_20_14_35_959.jpg,data/IMG/right_2026_08_29_20_14_35_959.jpg,0.5000001,1.0,0.0,30.14531
data/IMG/center_2026_08_29_20_14_36_026.jpg,data/IMG/left_2026_08_29_20_14_36_026.jpg,data/IMG/right_2026_08_29_20_14_36_026.jpg,0.7,1.0,0.0,30.12156
data/IMG/center_2026_08_29_20_14_36_094.jpg,data/IMG/left_2026_08_29_20_14_36_094.jpg,data/IMG/right_2026_08_29_20_14_36_094.jpg,0.8500001,1.0,0.0,30.10483
data/IMG/center_2026_08_29_20_14_36_161.jpg,data/IMG/left_2026_08_29_20_14_36_161.jpg,data/IMG/right_2026_08_29_20_14_36_161.jpg,0.0,1.0,0.0,30.16239
data/IMG/center_2026_08_29_20_14_36_234.jpg,data/IMG/left_2026_08_29_20_14_36_234.jpg,data/IMG/right_2026_08_29_20_14_36_234.jpg,0.1,1.0,0.0,30.18751
data/IMG/center_2026_08_29_20_14_36_372.jpg,data/IMG/left_2026_08_29_20_14_36_372.jpg,data/IMG/right_2026_08_29_20_14_36_372.jpg,0.0,1.0,0.0,30.18969
data/IMG/center_2026_08_29_20_14_36_922.jpg,data/IMG/left_2026_08_29_20_14_36_922.jpg,data/IMG/right_2026_08_29_20_14_36_922.jpg,0.1,1.0,0.0,30.1876
data/IMG/center_2026_08_29_20_14_36_994.jpg,data/IMG/left_2026_08_29_20_14_36_994.jpg,data/IMG/right_2026_08_29_20_14_36_994.jpg,0.3,1.0,0.0,30.16913
data/IMG/center_2026_08_29_20_14_37_060.jpg,data/IMG/left_2026_08_29_20_14_37_060.jpg,data/IMG/right_2026_08_29_20_14_37_060.jpg,0.45,1.0,0.0,30.15132
data/IMG/center_2026_08_29_20_14_37_133.jpg,data/IMG/left_2026_08_29_20_14_37_133.jpg,data/IMG/right_2026_08_29_20_14_37_133.jpg,0.6500001,1.0,0.0,30.12633
data/IMG/center_2026_08_29_20_14_37_200.jpg,data/IMG/left_2026_08_29_20_14_37_200.jpg,data/IMG/right_2026_08_29_20_14_37_200.jpg,0.8000001,1.0,0.0,30.10995
data/IMG/center_2026_08_29_20_14_37_267.jpg,data/IMG/left_2026_08_29_20_14_37_267.jpg,data/IMG/right_2026_08_29_20_14_37_267.jpg,1.0,1.0,0.0,30.09308
data/IMG/center_2026_08_29_20_14_38_106.jpg,data/IMG/left_2026_08_29_20_14_38_106.jpg,data/IMG/right_2026_08_29_20_14_38_106.jpg,0.2,1.0,0.0,30.17989
data/IMG/center_2026_08_29_20_14_38_176.jpg,data/IMG/left_2026_08_29_20_14_38_176.jpg,data/IMG/right_2026_08_29_20_14_38_176.jpg,0.35,1.0,0.0,30.16331
data/IMG/center_2026_08_29_20_14_38_244.jpg,data/IMG/left_2026_08_29_20_14_38_244.jpg,data/IMG/right_2026_08_29_20_14_38_244.jpg,0.5500001,1.0,0.0,30.1391
data/IMG/center_2026_08_29_20_14_38_311.jpg,data/IMG/left_2026_08_29_20_14_38_311.jpg,data/IMG/right_2026_08_29_20_14_38_311.jpg,0.7,1.0,0.0,30.121
data/IMG/center_2026_08_29_20_14_38_379.jpg,data/IMG/left_2026_08_29_20_14_38_379.jpg,data/IMG/right_2026_08_29_20_14_38_379.jpg,0.8500001,1.0,0.0,30.10495
data/IMG/center_2026_08_29_20_14_38_868.jpg,data/IMG/left_2026_08_29_20_14_38_868.jpg,data/IMG/right_2026_08_29_20_14_38_868.jpg,0.05,1.0,0.0,30.18975
data/IMG/center_2026_08_29_20_14_38_939.jpg,data/IMG/left_2026_08_29_20_14_38_939.jpg,data/IMG/right_2026_08_29_20_14_38_939.jpg,0.2,1.0,0.0,30.18014
data/IMG/center_2026_08_29_20_14_39_008.jpg,data/IMG/left_2026_08_29_20_14_39_008.jpg,data/IMG/right_2026_08_29_20_14_39_008.jpg,0.4,1.0,0.0,30.15766
data/IMG/center_2026_08_29_20_14_39_078.jpg,data/IMG/left_2026_08_29_20_14_39_078.jpg,data/IMG/right_2026_08_29_20_14_39_078.jpg,0.5500001,1.0,0.0,30.13927
data/IMG/center_2026_08_29_20_14_39_145.jpg,data/IMG/left_2026_08_29_20_14_39_145.jpg,data/IMG/right_2026_08_29_20_14_39_145.jpg,0.0,1.0,0.0,30.18307
data/IMG/center_2026_08_29_20_14_39_700.jpg,data/IMG/left_2026_08_29_20_14_39_700.jpg,data/IMG/right_2026_08_29_20_14_39_700.jpg,0.1,1.0,0.0,30.18771
data/IMG/center_2026_08_29_20_14_39_771.jpg,data/IMG/left_2026_08_29_20_14_39_771.jpg,data/IMG/right_2026_08_29_20_14_39_771.jpg,0.3,1.0,0.0,30.16938
data/IMG/center_2026_08_29_20_14_39_841.jpg,data/IMG/left_2026_08_29_20_14_39_841.jpg,data/IMG/right_2026_08_29_20_14_39_841.jpg,0.45,1.0,0.0,30.15142
data/IMG/center_2026_08_29_20_14_40_941.jpg,data/IMG/left_2026_08_29_20_14_40_941.jpg,data/IMG/right_2026_08_29_20_14_40_941.jpg,0.15,1.0,0.0,30.18419
data/IMG/center_2026_08_29_20_14_41_080.jpg,data/IMG/left_2026_08_29_20_14_41_080.jpg,data/IMG/right_2026_08_29_20_14_41_080.jpg,0.0,1.0,0.0,30.19019
data/IMG/center_2026_08_29_20_14_41_968.jpg,data/IMG/left_2026_08_29_20_14_41_968.jpg,data/IMG/right_2026_08_29_20_14_41_968.jpg,0.0,1.0,0.0,30.19029
data/IMG/center_2026_08_29_20_14_45_027.jpg,data/IMG/left_2026_08_29_20_14_45_027.jpg,data/IMG/right_2026_08_29_20_14_45_027.jpg,-0.1,1.0,0.0,30.18781
data/IMG/center_2026_08_29_20_14_45_096.jpg,data/IMG/left_2026_08_29_20_14_45_096.jpg,data/IMG/right_2026_08_29_20_14_45_096.jpg,-0.25,1.0,0.0,30.17475
data/IMG/center_2026_08_29_20_14_45_162.jpg,data/IMG/left_2026_08_29_20_14_45_162.jpg,data/IMG/right_2026_08_29_20_14_45_162.jpg,-0.4,1.0,0.0,30.15752
data/IMG/center_2026_08_29_20_14_45_231.jpg,data/IMG/left_2026_08_29_20_14_45_231.jpg,data/IMG/right_2026_08_29_20_14_45_231.jpg,-0.6000001,1.0,0.0,30.13317
data/IMG/center_2026_08_29_20_14_45_298.jpg,data/IMG/left_2026_08_29_20_14_45_298.jpg,data/IMG/right_2026_08_29_20_14_45_298.jpg,-0.7500002,1.0,0.0,30.11465
data/IMG/center_2026_08_29_20_14_46_042.jpg,data/IMG/left_2026_08_29_20_14_46_042.jpg,data/IMG/right_2026_08_29_20_14_46_042.jpg,-0.05,1.0,0.0,30.18968
data/IMG/center_2026_08_29_20_14_46_109.jpg,data/IMG/left_2026_08_29_20_14_46_109.jpg,data/IMG/right_2026_08_29_20_14_46_109.jpg,-0.25,1.0,0.0,30.17459
data/IMG/center_2026_08_29_20_14_46_178.jpg,data/IMG/left_2026_08_29_20_14_46_178.jpg,data/IMG/right_2026_08_29_20_14_46_178.jpg,-0.4,1.0,0.0,30.15741
data/IMG/center_2026_08_29_20_14_46_245.jpg,data/IMG/left_2026_08_29_20_14_46_245.jpg,data/IMG/right_2026_08_29_20_14_46_245.jpg,-0.6000001,1.0,0.0,30.13308
data/IMG/center_2026_08_29_20_14_46_313.jpg,data/IMG/left_2026_08_29_20_14_46_313.jpg,data/IMG/right_2026_08_29_20_14_46_313.jpg,-0.7500002,1.0,0.0,30.11525
data/IMG/center_2026_08_29_20_14_46_788.jpg,data/IMG/left_2026_08_29_20_14_46_788.jpg,data/IMG/right_2026_08_29_20_14_46_788.jpg,-0.15,1.0,0.0,30.18568
data/IMG/center_2026_08_29_20_14_46_857.jpg,data/IMG/left_2026_08_29_20_14_46_857.jpg,data/IMG/right_2026_08_29_20_14_46_857.jpg,-0.3,1.0,0.0,30.16983
data/IMG/center_2026_08_29_20_14_46_924.jpg,data/IMG/left_2026_08_29_20_14_46_924.jpg,data/IMG/right_2026_08_29_20_14_46_924.jpg,-0.5000001,1.0,0.0,30.14256
data/IMG/center_2026_08_29_20_14_46_990.jpg,data/IMG/left_2026_08_29_20_14_46_990.jpg,data/IMG/right_2026_08_29_20_14_46_990.jpg,-0.6500001,1.0,0.0,30.12746
data/IMG/center_2026_08_29_20_14_47_057.jpg,data/IMG/left_2026_08_29_20_14_47_057.jpg,data/IMG/right_2026_08_29_20_14_47_057.jpg,-0.8000001,1.0,0.0,30.10867
data/IMG/center_2026_08_29_20_14_47_260.jpg,data/IMG/left_2026_08_29_20_14_47_260.jpg,data/IMG/right_2026_08_29_20_14_47_260.jpg,0.0,1.0,0.0,30.18873
data/IMG/center_2026_08_29_20_14_47_396.jpg,data/IMG/left_2026_08_29_20_14_47_396.jpg,data/IMG/right_2026_08_29_20_14_47_396.jpg,-0.05,1.0,0.0,30.19116
data/IMG/center_2026_08_29_20_14_47_467.jpg,data/IMG/left_2026_08_29_20_14_47_467.jpg,data/IMG/right_2026_08_29_20_14_47_467.jpg,-0.25,1.0,0.0,30.17684
data/IMG/center_2026_08_29_20_14_47_534.jpg,data/IMG/left_2026_08_29_20_14_47_534.jpg,data/IMG/right_2026_08_29_20_14_47_534.jpg,-0.4,1.0,0.0,30.15989
data/IMG/center_2026_08_29_20_14_47_603.jpg,data/IMG/left_2026_08_29_20_14_47_603.jpg,data/IMG/right_2026_08_29_20_14_47_603.jpg,-0.6000001,1.0,0.0,30.13378
data/IMG/center_2026_08_29_20_14_47_670.jpg,data/IMG/left_2026_08_29_20_14_47_670.jpg,data/IMG/right_2026_08_29_20_14_47_670.jpg,-0.7500002,1.0,0.0,30.11495
data/IMG/center_2026_08_29_20_14_48_150.jpg,data/IMG/left_2026_08_29_20_14_48_150.jpg,data/IMG/right_2026_08_29_20_14_48_150.jpg,-0.15,1.0,0.0,30.18524
data/IMG/center_2026_08_29_20_14_48_221.jpg,data/IMG/left_2026_08_29_20_14_48_221.jpg,data/IMG/right_2026_08_29_20_14_48_221.jpg,-0.3,1.0,0.0,30.17018
data/IMG/center_2026_08_29_20_14_48_291.jpg,data/IMG/left_2026_08_29_20_14_48_291.jpg,data/IMG/right_2026_08_29_20_14_48_291.jpg,-0.5000001,1.0,0.0,30.14591
data/IMG/center_2026_08_29_20_14_48_565.jpg,data/IMG/left_2026_08_29_20_14_48_565.jpg,data/IMG/right_2026_08_29_20_14_48_565.jpg,-0.1,1.0,0.0,30.18943
data/IMG/center_2026_08_29_20_14_48_634.jpg,data/IMG/left_2026_08_29_20_14_48_634.jpg,data/IMG/right_2026_08_29_20_14_48_634.jpg,-0.25,1.0,0.0,30.17732
data/IMG/center_2026_08_29_20_14_48_701.jpg,data/IMG/left_2026_08_29_20_14_48_701.jpg,data/IMG/right_2026_08_29_20_14_48_701.jpg,-0.4,1.0,0.0,30.15959
data/IMG/center_2026_08_29_20_14_48_768.jpg,data/IMG/left_2026_08_29_20_14_48_768.jpg,data/IMG/right_2026_08_29_20_14_48_768.jpg,-0.6000001,1.0,0.0,30.13444
data/IMG/center_2026_08_29_20_14_49_252.jpg,data/IMG/left_2026_08_29_20_14_49_252.jpg,data/IMG/right_2026_08_29_20_14_49_252.jpg,-0.2,1.0,0.0,30.18053
data/IMG/center_2026_08_29_20_14_49_881.jpg,data/IMG/left_2026_08_29_20_14_49_881.jpg,data/IMG/right_2026_08_29_20_14_49_881.jpg,-0.15,1.0,0.0,30.18421
data/IMG/center_2026_08_29_20_14_52_722.jpg,data/IMG/left_2026_08_29_20_14_52_722.jpg,data/IMG/right_2026_08_29_20_14_52_722.jpg,0.0,1.0,0.0,30.19034
data/IMG/center_2026_08_29_20_14_54_104.jpg,data/IMG/left_2026_08_29_20_14_54_104.jpg,data/IMG/right_2026_08_29_20_14_54_104.jpg,0.2,1.0,0.0,30.17984
data/IMG/center_2026_08_29_20_14_54_174.jpg,data/IMG/left_2026_08_29_20_14_54_174.jpg,data/IMG/right_2026_08_29_20_14_54_174.jpg,0.35,1.0,0.0,30.16349
data/IMG/center_2026_08_29_20_14_54_241.jpg,data/IMG/left_2026_08_29_20_14_54_241.jpg,data/IMG/right_2026_08_29_20_14_54_241.jpg,0.5000001,1.0,0.0,30.14565
data/IMG/center_2026_08_29_20_14_54_784.jpg,data/IMG/left_2026_08_29_20_14_54_784.jpg,data/IMG/right_2026_08_29_20_14_54_784.jpg,0.1,1.0,0.0,30.18782
data/IMG/center_2026_08_29_20_14_54_853.jpg,data/IMG/left_2026_08_29_20_14_54_853.jpg,data/IMG/right_2026_08_29_20_14_54_853.jpg,0.25,1.0,0.0,30.1748
data/IMG/center_2026_08_29_20_14_54_923.jpg,data/IMG/left_2026_08_29_20_14_54_923.jpg,data/IMG/right_2026_08_29_20_14_54_923.jpg,0.4,1.0,0.0,30.15762
data/IMG/center_2026_08_29_20_14_54_989.jpg,data/IMG/left_2026_08_29_20_14_54_989.jpg,data/IMG/right_2026_08_29_20_14_54_989.jpg,0.6000001,1.0,0.0,30.13317
data/IMG/center_2026_08_29_20_14_55_262.jpg,data/IMG/left_2026_08_29_20_14_55_262.jpg,data/IMG/right_2026_08_29_20_14_55_262.jpg,0.0,1.0,0.0,30.19021
data/IMG/center_2026_08_29_20_14_55_466.jpg,data/IMG/left_2026_08_29_20_14_55_466.jpg,data/IMG/right_2026_08_29_20_14_55_466.jpg,0.15,1.0,0.0,30.18451
data/IMG/center_2026_08_29_20_14_55_534.jpg,data/IMG/left_2026_08_29_20_14_55_534.jpg,data/IMG/right_2026_08_29_20_14_55_534.jpg,0.3,1.0,0.0,30.16961
data/IMG/center_2026_08_29_20_14_55_602.jpg,data/IMG/left_2026_08_29_20_14_55_602.jpg,data/IMG/right_2026_08_29_20_14_55_602.jpg,0.45,1.0,0.0,30.15173
data/IMG/center_2026_08_29_20_14_56_007.jpg,data/IMG/left_2026_08_29_20_14_56_007.jpg,data/IMG/right_2026_08_29_20_14_56_007.jpg,0.1,1.0,0.0,30.1882
data/IMG/center_2026_08_29_20_14_56_074.jpg,data/IMG/left_2026_08_29_20_14_56_074.jpg,data/IMG/right_2026_08_29_20_14_56_074.jpg,0.25,1.0,0.0,30.17538
data/IMG/center_2026_08_29_20_14_56_142.jpg,data/IMG/left_2026_08_29_20_14_56_142.jpg,data/IMG/right_2026_08_29_20_14_56_142.jpg,0.4,1.0,0.0,30.158
data/IMG/center_2026_08_29_20_14_56_212.jpg,data/IMG/left_2026_08_29_20_14_56_212.jpg,data/IMG/right_2026_08_29_20_14_56_212.jpg,0.6000001,1.0,0.0,30.13336
data/IMG/center_2026_08_29_20_14_56_279.jpg,data/IMG/left_2026_08_29_20_14_56_279.jpg,data/IMG/right_2026_08_29_20_14_56_279.jpg,0.7500002,1.0,0.0,30.1148
data/IMG/center_2026_08_29_20_14_56_690.jpg,data/IMG/left_2026_08_29_20_14_56_690.jpg,data/IMG/right_2026_08_29_20_14_56_690.jpg,0.2,1.0,0.0,30.18116
data/IMG/center_2026_08_29_20_14_56_758.jpg,data/IMG/left_2026_08_29_20_14_56_758.jpg,data/IMG/right_2026_08_29_20_14_56_758.jpg,0.35,1.0,0.0,30.16429
data/IMG/center_2026_08_29_20_14_56_826.jpg,data/IMG/left_2026_08_29_20_14_56_826.jpg,data/IMG/right_2026_08_29_20_14_56_826.jpg,0.5500001,1.0,0.0,30.13987
data/IMG/center_2026_08_29_20_14_56_896.jpg,data/IMG/left_2026_08_29_20_14_56_896.jpg,data/IMG/right_2026_08_29_20_14_56_896.jpg,0.7,1.0,0.0,30.12148
data/IMG/center_2026_08_29_20_14_56_963.jpg,data/IMG/left_2026_08_29_20_14_56_963.jpg,data/IMG/right_2026_08_29_20_14_56_963.jpg,0.9000002,1.0,0.0,30.10113
data/IMG/center_2026_08_29_20_14_57_033.jpg,data/IMG/left_2026_08_29_20_14_57_033.jpg,data/IMG/right_2026_08_29_20_14_57_033.jpg,1.0,1.0,0.0,30.09623
data/IMG/center_2026_08_29_20_14_57_851.jpg,data/IMG/left_2026_08_29_20_14_57_851.jpg,data/IMG/right_2026_08_29_20_14_57_851.jpg,0.1,1.0,0.0,30.1876
data/IMG/center_2026_08_29_20_14_57_920.jpg,data/IMG/left_2026_08_29_20_14_57_920.jpg,data/IMG/right_2026_08_29_20_14_57_920.jpg,0.25,1.0,0.0,30.17486
data/IMG/center_2026_08_29_20_14_57_989.jpg,data/IMG/left_2026_08_29_20_14_57_989.jpg,data/IMG/right_2026_08_29_20_14_57_989.jpg,0.45,1.0,0.0,30.15114
data/IMG/center_2026_08_29_20_14_58_329.jpg,data/IMG/left_2026_08_29_20_14_58_329.jpg,data/IMG/right_2026_08_29_20_14_58_329.jpg,0.1,1.0,0.0,30.18912
data/IMG/center_2026_08_29_20_14_58_396.jpg,data/IMG/left_2026_08_29_20_14_58_396.jpg,data/IMG/right_2026_08_29_20_14_58_396.jpg,0.25,1.0,0.0,30.17746
data/IMG/center_2026_08_29_20_14_58_464.jpg,data/IMG/left_2026_08_29_20_14_58_464.jpg,data/IMG/right_2026_08_29_20_14_58_464.jpg,0.45,1.0,0.0,30.1524
data/IMG/center_2026_08_29_20_14_58_531.jpg,data/IMG/left_2026_08_29_20_14_58_531.jpg,data/IMG/right_2026_08_29_20_14_58_531.jpg,0.6000001,1.0,0.0,30.13384
data/IMG/center_2026_08_29_20_14_58_941.jpg,data/IMG/left_2026_08_29_20_14_58_941.jpg,data/IMG/right_2026_08_29_20_14_58_941.jpg,0.05,1.0,0.0,30.18996
data/IMG/center_2026_08_29_20_14_59_008.jpg,data/IMG/left_2026_08_29_20_14_59_008.jpg,data/IMG/right_2026_08_29_20_14_59_008.jpg,0.25,1.0,0.0,30.17561
data/IMG/center_2026_08_29_20_14_59_076.jpg,data/IMG/left_2026_08_29_20_14_59_076.jpg,data/IMG/right_2026_08_29_20_14_59_076.jpg,0.4,1.0,0.0,30.15843
data/IMG/center_2026_08_29_20_14_59_350.jpg,data/IMG/left_2026_08_29_20_14_59_350.jpg,data/IMG/right_2026_08_29_20_14_59_350.jpg,0.0,1.0,0.0,30.1903
data/IMG/center_2026_08_29_20_14_59_620.jpg,data/IMG/left_2026_08_29_20_14_59_620.jpg,data/IMG/right_2026_08_29_20_14_59_620.jpg,0.05,1.0,0.0,30.18971
data/IMG/center_2026_08_29_20_14_59_689.jpg,data/IMG/left_2026_08_29_20_14_59_689.jpg,data/IMG/right_2026_08_29_20_14_59_689.jpg,0.25,1.0,0.0,30.17479
data/IMG/center_2026_08_29_20_14_59_758.jpg,data/IMG/left_2026_08_29_20_14_59_758.jpg,data/IMG/right_2026_08_29_20_14_59_758.jpg,0.4,1.0,0.0,30.1575
data/IMG/center_2026_08_29_20_15_00_163.jpg,data/IMG/left_2026_08_29_20_15_00_163.jpg,data/IMG/right_2026_08_29_20_15_00_163.jpg,0.05,1.0,0.0,30.18992
data/IMG/center_2026_08_29_20_15_00_230.jpg,data/IMG/left_2026_08_29_20_15_00_230.jpg,data/IMG/right_2026_08_29_20_15_00_230.jpg,0.2,1.0,0.0,30.18072
data/IMG/center_2026_08_29_20_15_00_300.jpg,data/IMG/left_2026_08_29_20_15_00_300.jpg,data/IMG/right_2026_08_29_20_15_00_300.jpg,0.35,1.0,0.0,30.16423
data/IMG/center_2026_08_29_20_15_00_368.jpg,data/IMG/left_2026_08_29_20_15_00_368.jpg,data/IMG/right_2026_08_29_20_15_00_368.jpg,0.5500001,1.0,0.0,30.13969
data/IMG/center_2026_08_29_20_15_00_777.jpg,data/IMG/left_2026_08_29_20_15_00_777.jpg,data/IMG/right_2026_08_29_20_15_00_777.jpg,0.0,1.0,0.0,30.19031
data/IMG/center_2026_08_29_20_15_00_845.jpg,data/IMG/left_2026_08_29_20_15_00_845.jpg,data/IMG/right_2026_08_29_20_15_00_845.jpg,0.0,1.0,0.0,30.19031
data/IMG/center_2026_08_29_20_15_03_746.jpg,data/IMG/left_2026_08_29_20_15_03_746.jpg,data/IMG/right_2026_08_29_20_15_03_746.jpg,0.0,1.0,0.0,30.19063
data/IMG/center_2026_08_29_20_15_06_725.jpg,data/IMG/left_2026_08_29_20_15_06_725.jpg,data/IMG/right_2026_08_29_20_15_06_725.jpg,0.0,1.0,0.0,30.19063
data/IMG/center_2026_08_29_20_15_08_634.jpg,data/IMG/left_2026_08_29_20_15_08_634.jpg,data/IMG/right_2026_08_29_20_15_08_634.jpg,0.0,1.0,0.0,30.19062
data/IMG/center_2026_08_29_20_15_09_934.jpg,data/IMG/left_2026_08_29_20_15_09_934.jpg,data/IMG/right_2026_08_29_20_15_09_934.jpg,0.1,1.0,0.0,30.18807
data/IMG/center_2026_08_29_20_15_10_003.jpg,data/IMG/left_2026_08_29_20_15_10_003.jpg,data/IMG/right_2026_08_29_20_15_10_003.jpg,0.3,1.0,0.0,30.16978
data/IMG/center_2026_08_29_20_15_10_071.jpg,data/IMG/left_2026_08_29_20_15_10_071.jpg,data/IMG/right_2026_08_29_20_15_10_071.jpg,0.45,1.0,0.0,30.15213
data/IMG/center_2026_08_29_20_15_11_297.jpg,data/IMG/left_2026_08_29_20_15_11_297.jpg,data/IMG/right_2026_08_29_20_15_11_297.jpg,0.05,1.0,0.0,30.18974
data/IMG/center_2026_08_29_20_15_11_364.jpg,data/IMG/left_2026_08_29_20_15_11_364.jpg,data/IMG/right_2026_08_29_20_15_11_364.jpg,0.25,1.0,0.0,30.17475
data/IMG/center_2026_08_29_20_15_12_999.jpg,data/IMG/left_2026_08_29_20_15_12_999.jpg,data/IMG/right_2026_08_29_20_15_12_999.jpg,0.0,1.0,0.0,30.19029
data/IMG/center_2026_08_29_20_15_13_540.jpg,data/IMG/left_2026_08_29_20_15_13_540.jpg,data/IMG/right_2026_08_29_20_15_13_540.jpg,0.05,1.0,0.0,30.18968
data/IMG/center_2026_08_29_20_15_13_607.jpg,data/IMG/left_2026_08_29_20_15_13_607.jpg,data/IMG/right_2026_08_29_20_15_13_607.jpg,0.25,1.0,0.0,30.175
data/IMG/center_2026_08_29_20_15_13_674.jpg,data/IMG/left_2026_08_29_20_15_13_674.jpg,data/IMG/right_2026_08_29_20_15_13_674.jpg,0.4,1.0,0.0,30.1575
data/IMG/center_2026_08_29_20_15_13_743.jpg,data/IMG/left_2026_08_29_20_15_13_743.jpg,data/IMG/right_2026_08_29_20_15_13_743.jpg,0.6000001,1.0,0.0,30.13315
data/IMG/center_2026_08_29_20_15_14_150.jpg,data/IMG/left_2026_08_29_20_15_14_150.jpg,data/IMG/right_2026_08_29_20_15_14_150.jpg,0.0,1.0,0.0,30.19028
data/IMG/center_2026_08_29_20_15_16_461.jpg,data/IMG/left_2026_08_29_20_15_16_461.jpg,data/IMG/right_2026_08_29_20_15_16_461.jpg,0.15,1.0,0.0,30.18427
data/IMG/center_2026_08_29_20_15_16_530.jpg,data/IMG/left_2026_08_29_20_15_16_530.jpg,data/IMG/right_2026_08_29_20_15_16_530.jpg,0.35,1.0,0.0,30.16346
data/IMG/center_2026_08_29_20_15_16_599.jpg,data/IMG/left_2026_08_29_20_15_16_599.jpg,data/IMG/right_2026_08_29_20_15_16_599.jpg,0.5000001,1.0,0.0,30.14541
data/IMG/center_2026_08_29_20_15_16_666.jpg,data/IMG/left_2026_08_29_20_15_16_666.jpg,data/IMG/right_2026_08_29_20_15_16_666.jpg,0.7,1.0,0.0,30.12106
data/IMG/center_2026_08_29_20_15_18_510.jpg,data/IMG/left_2026_08_29_20_15_18_510.jpg,data/IMG/right_2026_08_29_20_15_18_510.jpg,0.05,1.0,0.0,30.18944
data/IMG/center_2026_08_29_20_15_18_577.jpg,data/IMG/left_2026_08_29_20_15_18_577.jpg,data/IMG/right_2026_08_29_20_15_18_577.jpg,0.2,1.0,0.0,30.17963
data/IMG/center_2026_08_29_20_15_18_646.jpg,data/IMG/left_2026_08_29_20_15_18_646.jpg,data/IMG/right_2026_08_29_20_15_18_646.jpg,0.4,1.0,0.0,30.15745
data/IMG/center_2026_08_29_20_15_18_713.jpg,data/IMG/left_2026_08_29_20_15_18_713.jpg,data/IMG/right_2026_08_29_20_15_18_713.jpg,0.5500001,1.0,0.0,30.13921
data/IMG/center_2026_08_29_20_15_19_527.jpg,data/IMG/left_2026_08_29_20_15_19_527.jpg,data/IMG/right_2026_08_29_20_15_19_527.jpg,0.0,1.0,0.0,30.19031
data/IMG/center_2026_08_29_20_15_19_595.jpg,data/IMG/left_2026_08_29_20_15_19_595.jpg,data/IMG/right_2026_08_29_20_15_19_595.jpg,0.05,1.0,0.0,30.18964
data/IMG/center_2026_08_29_20_15_19_665.jpg,data/IMG/left_2026_08_29_20_15_19_665.jpg,data/IMG/right_2026_08_29_20_15_19_665.jpg,0.25,1.0,0.0,30.17448
data/IMG/center_2026_08_29_20_15_19_734.jpg,data/IMG/left_2026_08_29_20_15_19_734.jpg,data/IMG/right_2026_08_29_20_15_19_734.jpg,0.4,1.0,0.0,30.15729
data/IMG/center_2026_08_29_20_15_19_803.jpg,data/IMG/left_2026_08_29_20_15_19_803.jpg,data/IMG/right_2026_08_29_20_15_19_803.jpg,0.6000001,1.0,0.0,30.13303
data/IMG/center_2026_08_29_20_15_19_871.jpg,data/IMG/left_2026_08_29_20_15_19_871.jpg,data/IMG/right_2026_08_29_20_15_19_871.jpg,0.7500002,1.0,0.0,30.11451
data/IMG/center_2026_08_29_20_15_19_940.jpg,data/IMG/left_2026_08_29_20_15_19_940.jpg,data/IMG/right_2026_08_29_20_15_19_940.jpg,0.9000002,1.0,0.0,30.10093
data/IMG/center_2026_08_29_20_15_20_834.jpg,data/IMG/left_2026_08_29_20_15_20_834.jpg,data/IMG/right_2026_08_29_20_15_20_834.jpg,0.0,1.0,0.0,30.19066
data/IMG/center_2026_08_29_20_15_21_174.jpg,data/IMG/left_2026_08_29_20_15_21_174.jpg,data/IMG/right_2026_08_29_20_15_21_174.jpg,0.1,1.0,0.0,30.18766
data/IMG/center_2026_08_29_20_15_21_244.jpg,data/IMG/left_2026_08_29_20_15_21_244.jpg,data/IMG/right_2026_08_29_20_15_21_244.jpg,0.3,1.0,0.0,30.16923
data/IMG/center_2026_08_29_20_15_21_311.jpg,data/IMG/left_2026_08_29_20_15_21_311.jpg,data/IMG/right_2026_08_29_20_15_21_311.jpg,0.45,1.0,0.0,30.15147
data/IMG/center_2026_08_29_20_15_21_381.jpg,data/IMG/left_2026_08_29_20_15_21_381.jpg,data/IMG/right_2026_08_29_20_15_21_381.jpg,0.6000001,1.0,0.0,30.1331
data/IMG/center_2026_08_29_20_15_21_448.jpg,data/IMG/left_2026_08_29_20_15_21_448.jpg,data/IMG/right_2026_08_29_20_15_21_448.jpg,0.8000001,1.0,0.0,30.11013
data/IMG/center_2026_08_29_20_15_22_687.jpg,data/IMG/left_2026_08_29_20_15_22_687.jpg,data/IMG/right_2026_08_29_20_15_22_687.jpg,0.2,1.0,0.0,30.17986
data/IMG/center_2026_08_29_20_15_22_758.jpg,data/IMG/left_2026_08_29_20_15_22_758.jpg,data/IMG/right_2026_08_29_20_15_22_758.jpg,0.35,1.0,0.0,30.16342
data/IMG/center_2026_08_29_20_15_22_828.jpg,data/IMG/left_2026_08_29_20_15_22_828.jpg,data/IMG/right_2026_08_29_20_15_22_828.jpg,0.5500001,1.0,0.0,30.13925
data/IMG/center_2026_08_29_20_15_22_895.jpg,data/IMG/left_2026_08_29_20_15_22_895.jpg,data/IMG/right_2026_08_29_20_15_22_895.jpg,0.7,1.0,0.0,30.12094
data/IMG/center_2026_08_29_20_15_24_124.jpg,data/IMG/left_2026_08_29_20_15_24_124.jpg,data/IMG/right_2026_08_29_20_15_24_124.jpg,0.2,1.0,0.0,30.17957
data/IMG/center_2026_08_29_20_15_24_192.jpg,data/IMG/left_2026_08_29_20_15_24_192.jpg,data/IMG/right_2026_08_29_20_15_24_192.jpg,0.35,1.0,0.0,30.16343
data/IMG/center_2026_08_29_20_15_24_262.jpg,data/IMG/left_2026_08_29_20_15_24_262.jpg,data/IMG/right_2026_08_29_20_15_24_262.jpg,0.5000001,1.0,0.0,30.14532
data/IMG/center_2026_08_29_20_15_24_334.jpg,data/IMG/left_2026_08_29_20_15_24_334.jpg,data/IMG/right_2026_08_29_20_15_24_334.jpg,0.7,1.0,0.0,30.12102
data/IMG/center_2026_08_29_20_15_25_021.jpg,data/IMG/left_2026_08_29_20_15_25_021.jpg,data/IMG/right_2026_08_29_20_15_25_021.jpg,0.0,1.0,0.0,30.19028
data/IMG/center_2026_08_29_20_15_26_531.jpg,data/IMG/left_2026_08_29_20_15_26_531.jpg,data/IMG/right_2026_08_29_20_15_26_531.jpg,0.1,1.0,0.0,30.18771
data/IMG/center_2026_08_29_20_15_26_600.jpg,data/IMG/left_2026_08_29_20_15_26_600.jpg,data/IMG/right_2026_08_29_20_15_26_600.jpg,0.25,1.0,0.0,30.17476
data/IMG/center_2026_08_29_20_15_26_668.jpg,data/IMG/left_2026_08_29_20_15_26_668.jpg,data/IMG/right_2026_08_29_20_15_26_668.jpg,0.45,1.0,0.0,30.15148
data/IMG/center_2026_08_29_20_15_27_350.jpg,data/IMG/left_2026_08_29_20_15_27_350.jpg,data/IMG/right_2026_08_29_20_15_27_350.jpg,0.15,1.0,0.0,30.18426
data/IMG/center_2026_08_29_20_15_27_420.jpg,data/IMG/left_2026_08_29_20_15_27_420.jpg,data/IMG/right_2026_08_29_20_15_27_420.jpg,0.3,1.0,0.0,30.16919
data/IMG/center_2026_08_29_20_15_27_487.jpg,data/IMG/left_2026_08_29_20_15_27_487.jpg,data/IMG/right_2026_08_29_20_15_27_487.jpg,0.5000001,1.0,0.0,30.14536
data/IMG/center_2026_08_29_20_15_28_176.jpg,data/IMG/left_2026_08_29_20_15_28_176.jpg,data/IMG/right_2026_08_29_20_15_28_176.jpg,0.0,1.0,0.0,30.19041
data/IMG/center_2026_08_29_20_15_29_070.jpg,data/IMG/left_2026_08_29_20_15_29_070.jpg,data/IMG/right_2026_08_29_20_15_29_070.jpg,-0.05,1.0,0.0,30.18962
data/IMG/center_2026_08_29_20_15_29_139.jpg,data/IMG/left_2026_08_29_20_15_29_139.jpg,data/IMG/right_2026_08_29_20_15_29_139.jpg,-0.2,1.0,0.0,30.17971
data/IMG/center_2026_08_29_20_15_29_622.jpg,data/IMG/left_2026_08_29_20_15_29_622.jpg,data/IMG/right_2026_08_29_20_15_29_622.jpg,0.0,1.0,0.0,30.19042
data/IMG/center_2026_08_29_20_15_31_461.jpg,data/IMG/left_2026_08_29_20_15_31_461.jpg,data/IMG/right_2026_08_29_20_15_31_461.jpg,0.15,1.0,0.0,30.18423
data/IMG/center_2026_08_29_20_15_31_531.jpg,data/IMG/left_2026_08_29_20_15_31_531.jpg,data/IMG/right_2026_08_29_20_15_31_531.jpg,0.35,1.0,0.0,30.16348
data/IMG/center_2026_08_29_20_15_31_597.jpg,data/IMG/left_2026_08_29_20_15_31_597.jpg,data/IMG/right_2026_08_29_20_15_31_597.jpg,0.5000001,1.0,0.0,30.14536
data/IMG/center_2026_08_29_20_15_31_666.jpg,data/IMG/left_2026_08_29_20_15_31_666.jpg,data/IMG/right_2026_08_29_20_15_31_666.jpg,0.0,1.0,0.0,30.17025
data/IMG/center_2026_08_29_20_15_33_034.jpg,data/IMG/left_2026_08_29_20_15_33_034.jpg,data/IMG/right_2026_08_29_20_15_33_034.jpg,0.0,1.0,0.0,30.19031
data/IMG/center_2026_08_29_20_15_36_107.jpg,data/IMG/left_2026_08_29_20_15_36_107.jpg,data/IMG/right_2026_08_29_20_15_36_107.jpg,0.0,1.0,0.0,30.1903
data/IMG/center_2026_08_29_20_15_36_310.jpg,data/IMG/left_2026_08_29_20_15_36_310.jpg,data/IMG/right_2026_08_29_20_15_36_310.jpg,0.05,1.0,0.0,30.18972
data/IMG/center_2026_08_29_20_15_36_379.jpg,data/IMG/left_2026_08_29_20_15_36_379.jpg,data/IMG/right_2026_08_29_20_15_36_379.jpg,0.2,1.0,0.0,30.17983
data/IMG/center_2026_08_29_20_15_36_446.jpg,data/IMG/left_2026_08_29_20_15_36_446.jpg,data/IMG/right_2026_08_29_20_15_36_446.jpg,0.4,1.0,0.0,30.15749
data/IMG/center_2026_08_29_20_15_36_513.jpg,data/IMG/left_2026_08_29_20_15_36_513.jpg,data/IMG/right_2026_08_29_20_15_36_513.jpg,0.0,1.0,0.0,30.18759
data/IMG/center_2026_08_29_20_15_36_649.jpg,data/IMG/left_2026_08_29_20_15_36_649.jpg,data/IMG/right_2026_08_29_20_15_36_649.jpg,0.0,1.0,0.0,30.18998
data/IMG/center_2026_08_29_20_15_38_697.jpg,data/IMG/left_2026_08_29_20_15_38_697.jpg,data/IMG/right_2026_08_29_20_15_38_697.jpg,0.1,1.0,0.0,30.18718
data/IMG/center_2026_08_29_20_15_38_765.jpg,data/IMG/left_2026_08_29_20_15_38_765.jpg,data/IMG/right_2026_08_29_20_15_38_765.jpg,0.3,1.0,0.0,30.16943
data/IMG/center_2026_08_29_20_15_38_833.jpg,data/IMG/left_2026_08_29_20_15_38_833.jpg,data/IMG/right_2026_08_29_20_15_38_833.jpg,0.45,1.0,0.0,30.15196
data/IMG/center_2026_08_29_20_15_41_628.jpg,data/IMG/left_2026_08_29_20_15_41_628.jpg,data/IMG/right_2026_08_29_20_15_41_628.jpg,0.2,1.0,0.0,30.17983
data/IMG/center_2026_08_29_20_15_41_696.jpg,data/IMG/left_2026_08_29_20_15_41_696.jpg,data/IMG/right_2026_08_29_20_15_41_696.jpg,0.35,1.0,0.0,30.1642
data/IMG/center_2026_08_29_20_15_44_020.jpg,data/IMG/left_2026_08_29_20_15_44_020.jpg,data/IMG/right_2026_08_29_20_15_44_020.jpg,0.15,1.0,0.0,30.18423
data/IMG/center_2026_08_29_20_15_44_090.jpg,data/IMG/left_2026_08_29_20_15_44_090.jpg,data/IMG/right_2026_08_29_20_15_44_090.jpg,0.35,1.0,0.0,30.16321
data/IMG/center_2026_08_29_20_15_45_181.jpg,data/IMG/left_2026_08_29_20_15_45_181.jpg,data/IMG/right_2026_08_29_20_15_45_181.jpg,0.0,1.0,0.0,30.19029
data/IMG/center_2026_08_29_20_15_46_068.jpg,data/IMG/left_2026_08_29_20_15_46_068.jpg,data/IMG/right_2026_08_29_20_15_46_068.jpg,0.05,1.0,0.0,30.18953
data/IMG/center_2026_08_29_20_15_46_137.jpg,data/IMG/left_2026_08_29_20_15_46_137.jpg,data/IMG/right_2026_08_29_20_15_46_137.jpg,0.2,1.0,0.0,30.17991
data/IMG/center_2026_08_29_20_15_46_205.jpg,data/IMG/left_2026_08_29_20_15_46_205.jpg,data/IMG/right_2026_08_29_20_15_46_205.jpg,0.4,1.0,0.0,30.15786
data/IMG/center_2026_08_29_20_15_48_535.jpg,data/IMG/left_2026_08_29_20_15_48_535.jpg,data/IMG/right_2026_08_29_20_15_48_535.jpg,0.15,1.0,0.0,30.18424
data/IMG/center_2026_08_29_20_15_48_602.jpg,data/IMG/left_2026_08_29_20_15_48_602.jpg,data/IMG/right_2026_08_29_20_15_48_602.jpg,0.3,1.0,0.0,30.16925
data/IMG/center_2026_08_29_20_15_48_670.jpg,data/IMG/left_2026_08_29_20_15_48_670.jpg,data/IMG/right_2026_08_29_20_15_48_670.jpg,0.5000001,1.0,0.0,30.14537
data/IMG/center_2026_08_29_20_15_48_738.jpg,data/IMG/left_2026_08_29_20_15_48_738.jpg,data/IMG/right_2026_08_29_20_15_48_738.jpg,0.6500001,1.0,0.0,30.12708
data/IMG/center_2026_08_29_20_15_49_634.jpg,data/IMG/left_2026_08_29_20_15_49_634.jpg,data/IMG/right_2026_08_29_20_15_49_634.jpg,0.0,1.0,0.0,30.19031
data/IMG/center_2026_08_29_20_15_49_973.jpg,data/IMG/left_2026_08_29_20_15_49_973.jpg,data/IMG/right_2026_08_29_20_15_49_973.jpg,0.0,1.0,0.0,30.19002
data/IMG/center_2026_08_29_20_15_51_066.jpg,data/IMG/left_2026_08_29_20_15_51_066.jpg,data/IMG/right_2026_08_29_20_15_51_066.jpg,0.0,1.0,0.0,30.19038
data/IMG/center_2026_08_29_20_15_51_880.jpg,data/IMG/left_2026_08_29_20_15_51_880.jpg,data/IMG/right_2026_08_29_20_15_51_880.jpg,0.05,1.0,0.0,30.18971
data/IMG/center_2026_08_29_20_15_51_950.jpg,data/IMG/left_2026_08_29_20_15_51_950.jpg,data/IMG/right_2026_08_29_20_15_51_950.jpg,0.25,1.0,0.0,30.17473
data/IMG/center_2026_08_29_20_15_52_017.jpg,data/IMG/left_2026_08_29_20_15_52_017.jpg,data/IMG/right_2026_08_29_20_15_52_017.jpg,0.4,1.0,0.0,30.15748
data/IMG/center_2026_08_29_20_15_52_087.jpg,data/IMG/left_2026_08_29_20_15_52_087.jpg,data/IMG/right_2026_08_29_20_15_52_087.jpg,0.6000001,1.0,0.0,30.13313
data/IMG/center_2026_08_29_20_15_52_154.jpg,data/IMG/left_2026_08_29_20_15_52_154.jpg,data/IMG/right_2026_08_29_20_15_52_154.jpg,0.7500002,1.0,0.0,30.11463
data/IMG/center_2026_08_29_20_15_53_726.jpg,data/IMG/left_2026_08_29_20_15_53_726.jpg,data/IMG/right_2026_08_29_20_15_53_726.jpg,0.05,1.0,0.0,30.18957
data/IMG/center_2026_08_29_20_15_53_796.jpg,data/IMG/left_2026_08_29_20_15_53_796.jpg,data/IMG/right_2026_08_29_20_15_53_796.jpg,0.2,1.0,0.0,30.17983
data/IMG/center_2026_08_29_20_15_53_863.jpg,data/IMG/left_2026_08_29_20_15_53_863.jpg,data/IMG/right_2026_08_29_20_15_53_863.jpg,0.4,1.0,0.0,30.15754
data/IMG/center_2026_08_29_20_15_53_931.jpg,data/IMG/left_2026_08_29_20_15_53_931.jpg,data/IMG/right_2026_08_29_20_15_53_931.jpg,0.5500001,1.0,0.0,30.13926
data/IMG/center_2026_08_29_20_15_53_998.jpg,data/IMG/left_2026_08_29_20_15_53_998.jpg,data/IMG/right_2026_08_29_20_15_53_998.jpg,0.7,1.0,0.0,30.12105
data/IMG/center_2026_08_29_20_15_55_517.jpg,data/IMG/left_2026_08_29_20_15_55_517.jpg,data/IMG/right_2026_08_29_20_15_55_517.jpg,0.15,1.0,0.0,30.1842
data/IMG/center_2026_08_29_20_15_55_587.jpg,data/IMG/left_2026_08_29_20_15_55_587.jpg,data/IMG/right_2026_08_29_20_15_55_587.jpg,0.35,1.0,0.0,30.16348
data/IMG/center_2026_08_29_20_15_55_656.jpg,data/IMG/left_2026_08_29_20_15_55_656.jpg,data/IMG/right_2026_08_29_20_15_55_656.jpg,0.5000001,1.0,0.0,30.14599
data/IMG/center_2026_08_29_20_15_55_724.jpg,data/IMG/left_2026_08_29_20_15_55_724.jpg,data/IMG/right_2026_08_29_20_15_55_724.jpg,0.0,1.0,0.0,30.184
data/IMG/center_2026_08_29_20_15_56_409.jpg,data/IMG/left_2026_08_29_20_15_56_409.jpg,data/IMG/right_2026_08_29_20_15_56_409.jpg,0.2,1.0,0.0,30.17986
data/IMG/center_2026_08_29_20_15_56_476.jpg,data/IMG/left_2026_08_29_20_15_56_476.jpg,data/IMG/right_2026_08_29_20_15_56_476.jpg,0.35,1.0,0.0,30.16342
data/IMG/center_2026_08_29_20_15_56_544.jpg,data/IMG/left_2026_08_29_20_15_56_544.jpg,data/IMG/right_2026_08_29_20_15_56_544.jpg,0.5500001,1.0,0.0,30.13888
data/IMG/center_2026_08_29_20_15_56_956.jpg,data/IMG/left_2026_08_29_20_15_56_956.jpg,data/IMG/right_2026_08_29_20_15_56_956.jpg,0.0,1.0,0.0,30.1903
data/IMG/center_2026_08_29_20_15_57_780.jpg,data/IMG/left_2026_08_29_20_15_57_780.jpg,data/IMG/right_2026_08_29_20_15_57_780.jpg,0.15,1.0,0.0,30.18422
data/IMG/center_2026_08_29_20_15_57_850.jpg,data/IMG/left_2026_08_29_20_15_57_850.jpg,data/IMG/right_2026_08_29_20_15_57_850.jpg,0.35,1.0,0.0,30.16343
data/IMG/center_2026_08_29_20_15_57_920.jpg,data/IMG/left_2026_08_29_20_15_57_920.jpg,data/IMG/right_2026_08_29_20_15_57_920.jpg,0.5000001,1.0,0.0,30.14539
data/IMG/center_2026_08_29_20_15_58_877.jpg,data/IMG/left_2026_08_29_20_15_58_877.jpg,data/IMG/right_2026_08_29_20_15_58_877.jpg,0.05,1.0,0.0,30.18962
data/IMG/center_2026_08_29_20_15_58_946.jpg,data/IMG/left_2026_08_29_20_15_58_946.jpg,data/IMG/right_2026_08_29_20_15_58_946.jpg,0.25,1.0,0.0,30.1747
data/IMG/center_2026_08_29_20_15_59_014.jpg,data/IMG/left_2026_08_29_20_15_59_014.jpg,data/IMG/right_2026_08_29_20_15_59_014.jpg,0.4,1.0,0.0,30.15759
data/IMG/center_2026_08_29_20_15_59_084.jpg,data/IMG/left_2026_08_29_20_15_59_084.jpg,data/IMG/right_2026_08_29_20_15_59_084.jpg,0.6000001,1.0,0.0,30.13304
data/IMG/center_2026_08_29_20_15_59_150.jpg,data/IMG/left_2026_08_29_20_15_59_150.jpg,data/IMG/right_2026_08_29_20_15_59_150.jpg,0.7500002,1.0,0.0,30.11458
data/IMG/center_2026_08_29_20_15_59_969.jpg,data/IMG/left_2026_08_29_20_15_59_969.jpg,data/IMG/right_2026_08_29_20_15_59_969.jpg,0.15,1.0,0.0,30.18411
data/IMG/center_2026_08_29_20_16_00_038.jpg,data/IMG/left_2026_08_29_20_16_00_038.jpg,data/IMG/right_2026_08_29_20_16_00_038.jpg,0.3,1.0,0.0,30.16916
data/IMG/center_2026_08_29_20_16_00_105.jpg,data/IMG/left_2026_08_29_20_16_00_105.jpg,data/IMG/right_2026_08_29_20_16_00_105.jpg,0.5000001,1.0,0.0,30.14486
data/IMG/center_2026_08_29_20_16_00_172.jpg,data/IMG/left_2026_08_29_20_16_00_172.jpg,data/IMG/right_2026_08_29_20_16_00_172.jpg,0.6500001,1.0,0.0,30.12681
data/IMG/center_2026_08_29_20_16_00_244.jpg,data/IMG/left_2026_08_29_20_16_00_244.jpg,data/IMG/right_2026_08_29_20_16_00_244.jpg,0.8500001,1.0,0.0,30.10501
data/IMG/center_2026_08_29_20_16_00_794.jpg,data/IMG/left_2026_08_29_20_16_00_794.jpg,data/IMG/right_2026_08_29_20_16_00_794.jpg,0.15,1.0,0.0,30.18449
data/IMG/center_2026_08_29_20_16_00_867.jpg,data/IMG/left_2026_08_29_20_16_00_867.jpg,data/IMG/right_2026_08_29_20_16_00_867.jpg,0.35,1.0,0.0,30.16344
data/IMG/center_2026_08_29_20_16_00_934.jpg,data/IMG/left_2026_08_29_20_16_00_934.jpg,data/IMG/right_2026_08_29_20_16_00_934.jpg,0.5000001,1.0,0.0,30.14549
data/IMG/center_2026_08_29_20_16_01_002.jpg,data/IMG/left_2026_08_29_20_16_01_002.jpg,data/IMG/right_2026_08_29_20_16_01_002.jpg,0.6500001,1.0,0.0,30.12714
data/IMG/center_2026_08_29_20_16_01_072.jpg,data/IMG/left_2026_08_29_20_16_01_072.jpg,data/IMG/right_2026_08_29_20_16_01_072.jpg,0.8500001,1.0,0.0,30.10526
data/IMG/center_2026_08_29_20_16_01_832.jpg,data/IMG/left_2026_08_29_20_16_01_832.jpg,data/IMG/right_2026_08_29_20_16_01_832.jpg,0.2,1.0,0.0,30.17975
data/IMG/center_2026_08_29_20_16_01_904.jpg,data/IMG/left_2026_08_29_20_16_01_904.jpg,data/IMG/right_2026_08_29_20_16_01_904.jpg,0.4,1.0,0.0,30.15742
data/IMG/center_2026_08_29_20_16_01_974.jpg,data/IMG/left_2026_08_29_20_16_01_974.jpg,data/IMG/right_2026_08_29_20_16_01_974.jpg,0.5500001,1.0,0.0,30.13912
data/IMG/center_2026_08_29_20_16_02_045.jpg,data/IMG/left_2026_08_29_20_16_02_045.jpg,data/IMG/right_2026_08_29_20_16_02_045.jpg,0.7500002,1.0,0.0,30.11456
data/IMG/center_2026_08_29_20_16_02_117.jpg,data/IMG/left_2026_08_29_20_16_02_117.jpg,data/IMG/right_2026_08_29_20_16_02_117.jpg,0.0,1.0,0.0,30.17526
data/IMG/center_2026_08_29_20_16_02_394.jpg,data/IMG/left_2026_08_29_20_16_02_394.jpg,data/IMG/right_2026_08_29_20_16_02_394.jpg,0.05,1.0,0.0,30.18951
data/IMG/center_2026_08_29_20_16_02_464.jpg,data/IMG/left_2026_08_29_20_16_02_464.jpg,data/IMG/right_2026_08_29_20_16_02_464.jpg,0.25,1.0,0.0,30.17638
data/IMG/center_2026_08_29_20_16_02_534.jpg,data/IMG/left_2026_08_29_20_16_02_534.jpg,data/IMG/right_2026_08_29_20_16_02_534.jpg,0.4,1.0,0.0,30.15877
data/IMG/center_2026_08_29_20_16_02_601.jpg,data/IMG/left_2026_08_29_20_16_02_601.jpg,data/IMG/right_2026_08_29_20_16_02_601.jpg,0.5500001,1.0,0.0,30.14006
data/IMG/center_2026_08_29_20_16_02_668.jpg,data/IMG/left_2026_08_29_20_16_02_668.jpg,data/IMG/right_2026_08_29_20_16_02_668.jpg,0.7500002,1.0,0.0,30.11508
data/IMG/center_2026_08_29_20_16_02_740.jpg,data/IMG/left_2026_08_29_20_16_02_740.jpg,data/IMG/right_2026_08_29_20_16_02_740.jpg,0.0,1.0,0.0,30.17564
data/IMG/center_2026_08_29_20_16_03_222.jpg,data/IMG/left_2026_08_29_20_16_03_222.jpg,data/IMG/right_2026_08_29_20_16_03_222.jpg,0.15,1.0,0.0,30.18447
data/IMG/center_2026_08_29_20_16_03_289.jpg,data/IMG/left_2026_08_29_20_16_03_289.jpg,data/IMG/right_2026_08_29_20_16_03_289.jpg,0.35,1.0,0.0,30.1638
data/IMG/center_2026_08_29_20_16_03_767.jpg,data/IMG/left_2026_08_29_20_16_03_767.jpg,data/IMG/right_2026_08_29_20_16_03_767.jpg,0.05,1.0,0.0,30.18974
data/IMG/center_2026_08_29_20_16_03_834.jpg,data/IMG/left_2026_08_29_20_16_03_834.jpg,data/IMG/right_2026_08_29_20_16_03_834.jpg,0.2,1.0,0.0,30.18028
data/IMG/center_2026_08_29_20_16_03_905.jpg,data/IMG/left_2026_08_29_20_16_03_905.jpg,data/IMG/right_2026_08_29_20_16_03_905.jpg,0.4,1.0,0.0,30.15774
data/IMG/center_2026_08_29_20_16_04_112.jpg,data/IMG/left_2026_08_29_20_16_04_112.jpg,data/IMG/right_2026_08_29_20_16_04_112.jpg,0.0,1.0,0.0,30.19019
data/IMG/center_2026_08_29_20_16_04_251.jpg,data/IMG/left_2026_08_29_20_16_04_251.jpg,data/IMG/right_2026_08_29_20_16_04_251.jpg,0.05,1.0,0.0,30.18992
data/IMG/center_2026_08_29_20_16_04_321.jpg,data/IMG/left_2026_08_29_20_16_04_321.jpg,data/IMG/right_2026_08_29_20_16_04_321.jpg,0.2,1.0,0.0,30.18054
data/IMG/center_2026_08_29_20_16_04_389.jpg,data/IMG/left_2026_08_29_20_16_04_389.jpg,data/IMG/right_2026_08_29_20_16_04_389.jpg,0.4,1.0,0.0,30.15805
data/IMG/center_2026_08_29_20_16_07_180.jpg,data/IMG/left_2026_08_29_20_16_07_180.jpg,data/IMG/right_2026_08_29_20_16_07_180.jpg,-0.15,1.0,0.0,30.18444
data/IMG/center_2026_08_29_20_16_07_250.jpg,data/IMG/left_2026_08_29_20_16_07_250.jpg,data/IMG/right_2026_08_29_20_16_07_250.jpg,-0.35,1.0,0.0,30.16412
data/IMG/center_2026_08_29_20_16_09_021.jpg,data/IMG/left_2026_08_29_20_16_09_021.jpg,data/IMG/right_2026_08_29_20_16_09_021.jpg,-0.15,1.0,0.0,30.18424
data/IMG/center_2026_08_29_20_16_09_088.jpg,data/IMG/left_2026_08_29_20_16_09_088.jpg,data/IMG/right_2026_08_29_20_16_09_088.jpg,-0.35,1.0,0.0,30.16367
data/IMG/center_2026_08_29_20_16_09_157.jpg,data/IMG/left_2026_08_29_20_16_09_157.jpg,data/IMG/right_2026_08_29_20_16_09_157.jpg,-0.5000001,1.0,0.0,30.14539
data/IMG/center_2026_08_29_20_16_09_904.jpg,data/IMG/left_2026_08_29_20_16_09_904.jpg,data/IMG/right_2026_08_29_20_16_09_904.jpg,-0.15,1.0,0.0,30.18386
data/IMG/center_2026_08_29_20_16_09_970.jpg,data/IMG/left_2026_08_29_20_16_09_970.jpg,data/IMG/right_2026_08_29_20_16_09_970.jpg,-0.3,1.0,0.0,30.16893
data/IMG/center_2026_08_29_20_16_10_039.jpg,data/IMG/left_2026_08_29_20_16_10_039.jpg,data/IMG/right_2026_08_29_20_16_10_039.jpg,-0.45,1.0,0.0,30.15141
data/IMG/center_2026_08_29_20_16_10_105.jpg,data/IMG/left_2026_08_29_20_16_10_105.jpg,data/IMG/right_2026_08_29_20_16_10_105.jpg,-0.6500001,1.0,0.0,30.12702
data/IMG/center_2026_08_29_20_16_10_442.jpg,data/IMG/left_2026_08_29_20_16_10_442.jpg,data/IMG/right_2026_08_29_20_16_10_442.jpg,-0.05,1.0,0.0,30.18974
data/IMG/center_2026_08_29_20_16_10_511.jpg,data/IMG/left_2026_08_29_20_16_10_511.jpg,data/IMG/right_2026_08_29_20_16_10_511.jpg,-0.25,1.0,0.0,30.17634
data/IMG/center_2026_08_29_20_16_10_577.jpg,data/IMG/left_2026_08_29_20_16_10_577.jpg,data/IMG/right_2026_08_29_20_16_10_577.jpg,-0.4,1.0,0.0,30.15875
data/IMG/center_2026_08_29_20_16_10_644.jpg,data/IMG/left_2026_08_29_20_16_10_644.jpg,data/IMG/right_2026_08_29_20_16_10_644.jpg,-0.6000001,1.0,0.0,30.13386
data/IMG/center_2026_08_29_20_16_10_711.jpg,data/IMG/left_2026_08_29_20_16_10_711.jpg,data/IMG/right_2026_08_29_20_16_10_711.jpg,-0.7500002,1.0,0.0,30.11512
data/IMG/center_2026_08_29_20_16_10_778.jpg,data/IMG/left_2026_08_29_20_16_10_778.jpg,data/IMG/right_2026_08_29_20_16_10_778.jpg,-0.9000002,1.0,0.0,30.10109
data/IMG/center_2026_08_29_20_16_11_255.jpg,data/IMG/left_2026_08_29_20_16_11_255.jpg,data/IMG/right_2026_08_29_20_16_11_255.jpg,-0.15,1.0,0.0,30.18538
data/IMG/center_2026_08_29_20_16_11_323.jpg,data/IMG/left_2026_08_29_20_16_11_323.jpg,data/IMG/right_2026_08_29_20_16_11_323.jpg,-0.3,1.0,0.0,30.16949
data/IMG/center_2026_08_29_20_16_11_392.jpg,data/IMG/left_2026_08_29_20_16_11_392.jpg,data/IMG/right_2026_08_29_20_16_11_392.jpg,-0.5000001,1.0,0.0,30.14503
data/IMG/center_2026_08_29_20_16_11_461.jpg,data/IMG/left_2026_08_29_20_16_11_461.jpg,data/IMG/right_2026_08_29_20_16_11_461.jpg,-0.6500001,1.0,0.0,30.129
data/IMG/center_2026_08_29_20_16_11_530.jpg,data/IMG/left_2026_08_29_20_16_11_530.jpg,data/IMG/right_2026_08_29_20_16_11_530.jpg,-0.8500001,1.0,0.0,30.10552
data/IMG/center_2026_08_29_20_16_12_009.jpg,data/IMG/left_2026_08_29_20_16_12_009.jpg,data/IMG/right_2026_08_29_20_16_12_009.jpg,-0.15,1.0,0.0,30.18507
data/IMG/center_2026_08_29_20_16_12_078.jpg,data/IMG/left_2026_08_29_20_16_12_078.jpg,data/IMG/right_2026_08_29_20_16_12_078.jpg,-0.3,1.0,0.0,30.17001
data/IMG/center_2026_08_29_20_16_12_148.jpg,data/IMG/left_2026_08_29_20_16_12_148.jpg,data/IMG/right_2026_08_29_20_16_12_148.jpg,-0.5000001,1.0,0.0,30.14579
data/IMG/center_2026_08_29_20_16_12_217.jpg,data/IMG/left_2026_08_29_20_16_12_217.jpg,data/IMG/right_2026_08_29_20_16_12_217.jpg,-0.6500001,1.0,0.0,30.12749
data/IMG/center_2026_08_29_20_16_12_630.jpg,data/IMG/left_2026_08_29_20_16_12_630.jpg,data/IMG/right_2026_08_29_20_16_12_630.jpg,-0.05,1.0,0.0,30.19001
data/IMG/center_2026_08_29_20_16_12_700.jpg,data/IMG/left_2026_08_29_20_16_12_700.jpg,data/IMG/right_2026_08_29_20_16_12_700.jpg,-0.2,1.0,0.0,30.1811
data/IMG/center_2026_08_29_20_16_12_769.jpg,data/IMG/left_2026_08_29_20_16_12_769.jpg,data/IMG/right_2026_08_29_20_16_12_769.jpg,-0.4,1.0,0.0,30.15858
data/IMG/center_2026_08_29_20_16_13_250.jpg,data/IMG/left_2026_08_29_20_16_13_250.jpg,data/IMG/right_2026_08_29_20_16_13_250.jpg,-0.15,1.0,0.0,30.18455
data/IMG/center_2026_08_29_20_16_13_527.jpg,data/IMG/left_2026_08_29_20_16_13_527.jpg,data/IMG/right_2026_08_29_20_16_13_527.jpg,0.0,1.0,0.0,30.1903
data/IMG/center_2026_08_29_20_16_13_737.jpg,data/IMG/left_2026_08_29_20_16_13_737.jpg,data/IMG/right_2026_08_29_20_16_13_737.jpg,-0.15,1.0,0.0,30.18445
data/IMG/center_2026_08_29_20_16_13_808.jpg,data/IMG/left_2026_08_29_20_16_13_808.jpg,data/IMG/right_2026_08_29_20_16_13_808.jpg,-0.35,1.0,0.0,30.16364
data/IMG/center_2026_08_29_20_16_13_946.jpg,data/IMG/left_2026_08_29_20_16_13_946.jpg,data/IMG/right_2026_08_29_20_16_13_946.jpg,0.0,1.0,0.0,30.18998
data/IMG/center_2026_08_29_20_16_16_253.jpg,data/IMG/left_2026_08_29_20_16_16_253.jpg,data/IMG/right_2026_08_29_20_16_16_253.jpg,0.0,1.0,0.0,30.19029
data/IMG/center_2026_08_29_20_16_17_434.jpg,data/IMG/left_2026_08_29_20_16_17_434.jpg,data/IMG/right_2026_08_29_20_16_17_434.jpg,0.0,1.0,0.0,30.19028
data/IMG/center_2026_08_29_20_16_17_504.jpg,data/IMG/left_2026_08_29_20_16_17_504.jpg,data/IMG/right_2026_08_29_20_16_17_504.jpg,0.0,1.0,0.0,30.19031
data/IMG/center_2026_08_29_20_16_17_708.jpg,data/IMG/left_2026_08_29_20_16_17_708.jpg,data/IMG/right_2026_08_29_20_16_17_708.jpg,0.05,1.0,0.0,30.18974
data/IMG/center_2026_08_29_20_16_17_778.jpg,data/IMG/left_2026_08_29_20_16_17_778.jpg,data/IMG/right_2026_08_29_20_16_17_778.jpg,0.2,1.0,0.0,30.17985
data/IMG/center_2026_08_29_20_16_17_845.jpg,data/IMG/left_2026_08_29_20_16_17_845.jpg,data/IMG/right_2026_08_29_20_16_17_845.jpg,0.4,1.0,0.0,30.1577
data/IMG/center_2026_08_29_20_16_17_912.jpg,data/IMG/left_2026_08_29_20_16_17_912.jpg,data/IMG/right_2026_08_29_20_16_17_912.jpg,0.5500001,1.0,0.0,30.13926
data/IMG/center_2026_08_29_20_16_18_806.jpg,data/IMG/left_2026_08_29_20_16_18_806.jpg,data/IMG/right_2026_08_29_20_16_18_806.jpg,0.15,1.0,0.0,30.18417
data/IMG/center_2026_08_29_20_16_18_873.jpg,data/IMG/left_2026_08_29_20_16_18_873.jpg,data/IMG/right_2026_08_29_20_16_18_873.jpg,0.3,1.0,0.0,30.16921
data/IMG/center_2026_08_29_20_16_18_942.jpg,data/IMG/left_2026_08_29_20_16_18_942.jpg,data/IMG/right_2026_08_29_20_16_18_942.jpg,0.45,1.0,0.0,30.15128
data/IMG/center_2026_08_29_20_16_19_010.jpg,data/IMG/left_2026_08_29_20_16_19_010.jpg,data/IMG/right_2026_08_29_20_16_19_010.jpg,0.6500001,1.0,0.0,30.12702
data/IMG/center_2026_08_29_20_16_19_146.jpg,data/IMG/left_2026_08_29_20_16_19_146.jpg,data/IMG/right_2026_08_29_20_16_19_146.jpg,0.0,1.0,0.0,30.18686
data/IMG/center_2026_08_29_20_16_19_898.jpg,data/IMG/left_2026_08_29_20_16_19_898.jpg,data/IMG/right_2026_08_29_20_16_19_898.jpg,0.15,1.0,0.0,30.18459
data/IMG/center_2026_08_29_20_16_19_968.jpg,data/IMG/left_2026_08_29_20_16_19_968.jpg,data/IMG/right_2026_08_29_20_16_19_968.jpg,0.35,1.0,0.0,30.1634
data/IMG/center_2026_08_29_20_16_20_038.jpg,data/IMG/left_2026_08_29_20_16_20_038.jpg,data/IMG/right_2026_08_29_20_16_20_038.jpg,0.5000001,1.0,0.0,30.14532
data/IMG/center_2026_08_29_20_16_20_107.jpg,data/IMG/left_2026_08_29_20_16_20_107.jpg,data/IMG/right_2026_08_29_20_16_20_107.jpg,0.7,1.0,0.0,30.12105
data/IMG/center_2026_08_29_20_16_20_583.jpg,data/IMG/left_2026_08_29_20_16_20_583.jpg,data/IMG/right_2026_08_29_20_16_20_583.jpg,0.1,1.0,0.0,30.18822
data/IMG/center_2026_08_29_20_16_20_653.jpg,data/IMG/left_2026_08_29_20_16_20_653.jpg,data/IMG/right_2026_08_29_20_16_20_653.jpg,0.25,1.0,0.0,30.17551
data/IMG/center_2026_08_29_20_16_20_722.jpg,data/IMG/left_2026_08_29_20_16_20_722.jpg,data/IMG/right_2026_08_29_20_16_20_722.jpg,0.4,1.0,0.0,30.15805
data/IMG/center_2026_08_29_20_16_20_789.jpg,data/IMG/left_2026_08_29_20_16_20_789.jpg,data/IMG/right_2026_08_29_20_16_20_789.jpg,0.6000001,1.0,0.0,30.13351
data/IMG/center_2026_08_29_20_16_20_856.jpg,data/IMG/left_2026_08_29_20_16_20_856.jpg,data/IMG/right_2026_08_29_20_16_20_856.jpg,0.7500002,1.0,0.0,30.11526
data/IMG/center_2026_08_29_20_16_21_269.jpg,data/IMG/left_2026_08_29_20_16_21_269.jpg,data/IMG/right_2026_08_29_20_16_21_269.jpg,0.05,1.0,0.0,30.1899
data/IMG/center_2026_08_29_20_16_21_339.jpg,data/IMG/left_2026_08_29_20_16_21_339.jpg,data/IMG/right_2026_08_29_20_16_21_339.jpg,0.2,1.0,0.0,30.18086
data/IMG/center_2026_08_29_20_16_21_406.jpg,data/IMG/left_2026_08_29_20_16_21_406.jpg,data/IMG/right_2026_08_29_20_16_21_406.jpg,0.4,1.0,0.0,30.15823
data/IMG/center_2026_08_29_20_16_21_476.jpg,data/IMG/left_2026_08_29_20_16_21_476.jpg,data/IMG/right_2026_08_29_20_16_21_476.jpg,0.5500001,1.0,0.0,30.13939
data/IMG/center_2026_08_29_20_16_21_542.jpg,data/IMG/left_2026_08_29_20_16_21_542.jpg,data/IMG/right_2026_08_29_20_16_21_542.jpg,0.7,1.0,0.0,30.12127
data/IMG/center_2026_08_29_20_16_22_019.jpg,data/IMG/left_2026_08_29_20_16_22_019.jpg,data/IMG/right_2026_08_29_20_16_22_019.jpg,0.05,1.0,0.0,30.18995
data/IMG/center_2026_08_29_20_16_22_089.jpg,data/IMG/left_2026_08_29_20_16_22_089.jpg,data/IMG/right_2026_08_29_20_16_22_089.jpg,0.25,1.0,0.0,30.17545
data/IMG/center_2026_08_29_20_16_22_156.jpg,data/IMG/left_2026_08_29_20_16_22_156.jpg,data/IMG/right_2026_08_29_20_16_22_156.jpg,0.4,1.0,0.0,30.1581
data/IMG/center_2026_08_29_20_16_22_225.jpg,data/IMG/left_2026_08_29_20_16_22_225.jpg,data/IMG/right_2026_08_29_20_16_22_225.jpg,0.6000001,1.0,0.0,30.1334
data/IMG/center_2026_08_29_20_16_22_293.jpg,data/IMG/left_2026_08_29_20_16_22_293.jpg,data/IMG/right_2026_08_29_20_16_22_293.jpg,0.7500002,1.0,0.0,30.11472
data/IMG/center_2026_08_29_20_16_22_911.jpg,data/IMG/left_2026_08_29_20_16_22_911.jpg,data/IMG/right_2026_08_29_20_16_22_911.jpg,0.1,1.0,0.0,30.18761
data/IMG/center_2026_08_29_20_16_22_979.jpg,data/IMG/left_2026_08_29_20_16_22_979.jpg,data/IMG/right_2026_08_29_20_16_22_979.jpg,0.25,1.0,0.0,30.17478
data/IMG/center_2026_08_29_20_16_23_050.jpg,data/IMG/left_2026_08_29_20_16_23_050.jpg,data/IMG/right_2026_08_29_20_16_23_050.jpg,0.45,1.0,0.0,30.15139
data/IMG/center_2026_08_29_20_16_23_119.jpg,data/IMG/left_2026_08_29_20_16_23_119.jpg,data/IMG/right_2026_08_29_20_16_23_119.jpg,0.6000001,1.0,0.0,30.13291
data/IMG/center_2026_08_29_20_16_23_525.jpg,data/IMG/left_2026_08_29_20_16_23_525.jpg,data/IMG/right_2026_08_29_20_16_23_525.jpg,0.0,1.0,0.0,30.19031
data/IMG/center_2026_08_29_20_16_23_592.jpg,data/IMG/left_2026_08_29_20_16_23_592.jpg,data/IMG/right_2026_08_29_20_16_23_592.jpg,0.05,1.0,0.0,30.18952
data/IMG/center_2026_08_29_20_16_23_660.jpg,data/IMG/left_2026_08_29_20_16_23_660.jpg,data/IMG/right_2026_08_29_20_16_23_660.jpg,0.2,1.0,0.0,30.1802
data/IMG/center_2026_08_29_20_16_23_727.jpg,data/IMG/left_2026_08_29_20_16_23_727.jpg,data/IMG/right_2026_08_29_20_16_23_727.jpg,0.4,1.0,0.0,30.15775
data/IMG/center_2026_08_29_20_16_23_794.jpg,data/IMG/left_2026_08_29_20_16_23_794.jpg,data/IMG/right_2026_08_29_20_16_23_794.jpg,0.5500001,1.0,0.0,30.13938
data/IMG/center_2026_08_29_20_16_24_066.jpg,data/IMG/left_2026_08_29_20_16_24_066.jpg,data/IMG/right_2026_08_29_20_16_24_066.jpg,0.0,1.0,0.0,30.19044
data/IMG/center_2026_08_29_20_16_25_014.jpg,data/IMG/left_2026_08_29_20_16_25_014.jpg,data/IMG/right_2026_08_29_20_16_25_014.jpg,0.05,1.0,0.0,30.18971
data/IMG/center_2026_08_29_20_16_26_499.jpg,data/IMG/left_2026_08_29_20_16_26_499.jpg,data/IMG/right_2026_08_29_20_16_26_499.jpg,0.05,1.0,0.0,30.19978
data/IMG/center_2026_08_29_20_16_26_568.jpg,data/IMG/left_2026_08_29_20_16_26_568.jpg,data/IMG/right_2026_08_29_20_16_26_568.jpg,0.25,1.0,0.0,30.06693
data/IMG/center_2026_08_29_20_16_26_636.jpg,data/IMG/left_2026_08_29_20_16_26_636.jpg,data/IMG/right_2026_08_29_20_16_26_636.jpg,0.4,1.0,0.0,30.19337
data/IMG/center_2026_08_29_20_16_26_907.jpg,data/IMG/left_2026_08_29_20_16_26_907.jpg,data/IMG/right_2026_08_29_20_16_26_907.jpg,0.0,1.0,0.0,30.19029
data/IMG/center_2026_08_29_20_16_28_125.jpg,data/IMG/left_2026_08_29_20_16_28_125.jpg,data/IMG/right_2026_08_29_20_16_28_125.jpg,0.0,1.0,0.0,30.19062
data/IMG/center_2026_08_29_20_16_30_429.jpg,data/IMG/left_2026_08_29_20_16_30_429.jpg,data/IMG/right_2026_08_29_20_16_30_429.jpg,0.0,1.0,0.0,30.19066
data/IMG/center_2026_08_29_20_16_33_218.jpg,data/IMG/left_2026_08_29_20_16_33_218.jpg,data/IMG/right_2026_08_29_20_16_33_218.jpg,0.0,1.0,0.0,30.19063
data/IMG/center_2026_08_29_20_16_34_372.jpg,data/IMG/left_2026_08_29_20_16_34_372.jpg,data/IMG/right_2026_08_29_20_16_34_372.jpg,0.15,1.0,0.0,30.21016
data/IMG/center_2026_08_29_20_16_34_441.jpg,data/IMG/left_2026_08_29_20_16_34_441.jpg,data/IMG/right_2026_08_29_20_16_34_441.jpg,0.3,1.0,0.0,30.06861
data/IMG/center_2026_08_29_20_16_35_596.jpg,data/IMG/left_2026_08_29_20_16_35_596.jpg,data/IMG/right_2026_08_29_20_16_35_596.jpg,0.05,1.0,0.0,30.1897
data/IMG/center_2026_08_29_20_16_35_663.jpg,data/IMG/left_2026_08_29_20_16_35_663.jpg,data/IMG/right_2026_08_29_20_16_35_663.jpg,0.25,1.0,0.0,30.17473
data/IMG/center_2026_08_29_20_16_35_733.jpg,data/IMG/left_2026_08_29_20_16_35_733.jpg,data/IMG/right_2026_08_29_20_16_35_733.jpg,0.4,1.0,0.0,30.15748
data/IMG/center_2026_08_29_20_16_35_801.jpg,data/IMG/left_2026_08_29_20_16_35_801.jpg,data/IMG/right_2026_08_29_20_16_35_801.jpg,0.5500001,1.0,0.0,30.13924
data/IMG/center_2026_08_29_20_16_36_073.jpg,data/IMG/left_2026_08_29_20_16_36_073.jpg,data/IMG/right_2026_08_29_20_16_36_073.jpg,0.0,1.0,0.0,30.19025
data/IMG/center_2026_08_29_20_16_36_550.jpg,data/IMG/left_2026_08_29_20_16_36_550.jpg,data/IMG/right_2026_08_29_20_16_36_550.jpg,-0.2,1.0,0.0,30.17986
data/IMG/center_2026_08_29_20_16_36_617.jpg,data/IMG/left_2026_08_29_20_16_36_617.jpg,data/IMG/right_2026_08_29_20_16_36_617.jpg,-0.35,1.0,0.0,30.16355
data/IMG/center_2026_08_29_20_16_36_823.jpg,data/IMG/left_2026_08_29_20_16_36_823.jpg,data/IMG/right_2026_08_29_20_16_36_823.jpg,0.0,1.0,0.0,30.19008
data/IMG/center_2026_08_29_20_16_38_654.jpg,data/IMG/left_2026_08_29_20_16_38_654.jpg,data/IMG/right_2026_08_29_20_16_38_654.jpg,0.1,1.0,0.0,30.18768
data/IMG/center_2026_08_29_20_16_38_723.jpg,data/IMG/left_2026_08_29_20_16_38_723.jpg,data/IMG/right_2026_08_29_20_16_38_723.jpg,0.3,1.0,0.0,30.16927
data/IMG/center_2026_08_29_20_16_38_790.jpg,data/IMG/left_2026_08_29_20_16_38_790.jpg,data/IMG/right_2026_08_29_20_16_38_790.jpg,0.45,1.0,0.0,30.15163
data/IMG/center_2026_08_29_20_16_38_856.jpg,data/IMG/left_2026_08_29_20_16_38_856.jpg,data/IMG/right_2026_08_29_20_16_38_856.jpg,0.6000001,1.0,0.0,30.1331
data/IMG/center_2026_08_29_20_16_39_394.jpg,data/IMG/left_2026_08_29_20_16_39_394.jpg,data/IMG/right_2026_08_29_20_16_39_394.jpg,0.05,1.0,0.0,30.18965
data/IMG/center_2026_08_29_20_16_39_462.jpg,data/IMG/left_2026_08_29_20_16_39_462.jpg,data/IMG/right_2026_08_29_20_16_39_462.jpg,0.2,1.0,0.0,30.17992
data/IMG/center_2026_08_29_20_16_39_533.jpg,data/IMG/left_2026_08_29_20_16_39_533.jpg,data/IMG/right_2026_08_29_20_16_39_533.jpg,0.4,1.0,0.0,30.15755
data/IMG/center_2026_08_29_20_16_41_367.jpg,data/IMG/left_2026_08_29_20_16_41_367.jpg,data/IMG/right_2026_08_29_20_16_41_367.jpg,0.15,1.0,0.0,30.18424
data/IMG/center_2026_08_29_20_16_41_434.jpg,data/IMG/left_2026_08_29_20_16_41_434.jpg,data/IMG/right_2026_08_29_20_16_41_434.jpg,0.3,1.0,0.0,30.16928
data/IMG/center_2026_08_29_20_16_41_502.jpg,data/IMG/left_2026_08_29_20_16_41_502.jpg,data/IMG/right_2026_08_29_20_16_41_502.jpg,0.45,1.0,0.0,30.15149
data/IMG/center_2026_08_29_20_16_42_256.jpg,data/IMG/left_2026_08_29_20_16_42_256.jpg,data/IMG/right_2026_08_29_20_16_42_256.jpg,0.1,1.0,0.0,30.18766
data/IMG/center_2026_08_29_20_16_42_323.jpg,data/IMG/left_2026_08_29_20_16_42_323.jpg,data/IMG/right_2026_08_29_20_16_42_323.jpg,0.3,1.0,0.0,30.16895
data/IMG/center_2026_08_29_20_16_42_390.jpg,data/IMG/left_2026_08_29_20_16_42_390.jpg,data/IMG/right_2026_08_29_20_16_42_390.jpg,0.45,1.0,0.0,30.1514
data/IMG/center_2026_08_29_20_16_42_460.jpg,data/IMG/left_2026_08_29_20_16_42_460.jpg,data/IMG/right_2026_08_29_20_16_42_460.jpg,0.6000001,1.0,0.0,30.13307
data/IMG/center_2026_08_29_20_16_43_280.jpg,data/IMG/left_2026_08_29_20_16_43_280.jpg,data/IMG/right_2026_08_29_20_16_43_280.jpg,0.0,1.0,0.0,30.19027
data/IMG/center_2026_08_29_20_16_43_350.jpg,data/IMG/left_2026_08_29_20_16_43_350.jpg,data/IMG/right_2026_08_29_20_16_43_350.jpg,0.1,1.0,0.0,30.18764
data/IMG/center_2026_08_29_20_16_43_417.jpg,data/IMG/left_2026_08_29_20_16_43_417.jpg,data/IMG/right_2026_08_29_20_16_43_417.jpg,0.25,1.0,0.0,30.17466
data/IMG/center_2026_08_29_20_16_43_484.jpg,data/IMG/left_2026_08_29_20_16_43_484.jpg,data/IMG/right_2026_08_29_20_16_43_484.jpg,0.45,1.0,0.0,30.15143
data/IMG/center_2026_08_29_20_16_43_552.jpg,data/IMG/left_2026_08_29_20_16_43_552.jpg,data/IMG/right_2026_08_29_20_16_43_552.jpg,0.6000001,1.0,0.0,30.13312
data/IMG/center_2026_08_29_20_16_44_570.jpg,data/IMG/left_2026_08_29_20_16_44_570.jpg,data/IMG/right_2026_08_29_20_16_44_570.jpg,0.2,1.0,0.0,30.17976
data/IMG/center_2026_08_29_20_16_44_640.jpg,data/IMG/left_2026_08_29_20_16_44_640.jpg,data/IMG/right_2026_08_29_20_16_44_640.jpg,0.35,1.0,0.0,30.16339
data/IMG/center_2026_08_29_20_16_44_707.jpg,data/IMG/left_2026_08_29_20_16_44_707.jpg,data/IMG/right_2026_08_29_20_16_44_707.jpg,0.5500001,1.0,0.0,30.13918
data/IMG/center_2026_08_29_20_16_44_775.jpg,data/IMG/left_2026_08_29_20_16_44_775.jpg,data/IMG/right_2026_08_29_20_16_44_775.jpg,0.7,1.0,0.0,30.12094
data/IMG/center_2026_08_29_20_16_44_845.jpg,data/IMG/left_2026_08_29_20_16_44_845.jpg,data/IMG/right_2026_08_29_20_16_44_845.jpg,0.9000002,1.0,0.0,30.10095
data/IMG/center_2026_08_29_20_16_45_596.jpg,data/IMG/left_2026_08_29_20_16_45_596.jpg,data/IMG/right_2026_08_29_20_16_45_596.jpg,0.0,1.0,0.0,30.19024
data/IMG/center_2026_08_29_20_16_46_348.jpg,data/IMG/left_2026_08_29_20_16_46_348.jpg,data/IMG/right_2026_08_29_20_16_46_348.jpg,0.05,1.0,0.0,30.18972
data/IMG/center_2026_08_29_20_16_46_417.jpg,data/IMG/left_2026_08_29_20_16_46_417.jpg,data/IMG/right_2026_08_29_20_16_46_417.jpg,0.2,1.0,0.0,30.17963
data/IMG/center_2026_08_29_20_16_46_487.jpg,data/IMG/left_2026_08_29_20_16_46_487.jpg,data/IMG/right_2026_08_29_20_16_46_487.jpg,0.4,1.0,0.0,30.15751
data/IMG/center_2026_08_29_20_16_46_554.jpg,data/IMG/left_2026_08_29_20_16_46_554.jpg,data/IMG/right_2026_08_29_20_16_46_554.jpg,0.5500001,1.0,0.0,30.13929
data/IMG/center_2026_08_29_20_16_47_172.jpg,data/IMG/left_2026_08_29_20_16_47_172.jpg,data/IMG/right_2026_08_29_20_16_47_172.jpg,0.1,1.0,0.0,30.18775
data/IMG/center_2026_08_29_20_16_47_241.jpg,data/IMG/left_2026_08_29_20_16_47_241.jpg,data/IMG/right_2026_08_29_20_16_47_241.jpg,0.25,1.0,0.0,30.17475
data/IMG/center_2026_08_29_20_16_47_308.jpg,data/IMG/left_2026_08_29_20_16_47_308.jpg,data/IMG/right_2026_08_29_20_16_47_308.jpg,0.45,1.0,0.0,30.15143
data/IMG/center_2026_08_29_20_16_47_925.jpg,data/IMG/left_2026_08_29_20_16_47_925.jpg,data/IMG/right_2026_08_29_20_16_47_925.jpg,0.1,1.0,0.0,30.18767
data/IMG/center_2026_08_29_20_16_47_993.jpg,data/IMG/left_2026_08_29_20_16_47_993.jpg,data/IMG/right_2026_08_29_20_16_47_993.jpg,0.25,1.0,0.0,30.17476
data/IMG/center_2026_08_29_20_16_48_062.jpg,data/IMG/left_2026_08_29_20_16_48_062.jpg,data/IMG/right_2026_08_29_20_16_48_062.jpg,0.4,1.0,0.0,30.15757
data/IMG/center_2026_08_29_20_16_48_134.jpg,data/IMG/left_2026_08_29_20_16_48_134.jpg,data/IMG/right_2026_08_29_20_16_48_134.jpg,0.6000001,1.0,0.0,30.1331
data/IMG/center_2026_08_29_20_16_49_584.jpg,data/IMG/left_2026_08_29_20_16_49_584.jpg,data/IMG/right_2026_08_29_20_16_49_584.jpg,0.2,1.0,0.0,30.17984
data/IMG/center_2026_08_29_20_16_49_651.jpg,data/IMG/left_2026_08_29_20_16_49_651.jpg,data/IMG/right_2026_08_29_20_16_49_651.jpg,0.35,1.0,0.0,30.16345
data/IMG/center_2026_08_29_20_16_50_267.jpg,data/IMG/left_2026_08_29_20_16_50_267.jpg,data/IMG/right_2026_08_29_20_16_50_267.jpg,0.15,1.0,0.0,30.18435
data/IMG/center_2026_08_29_20_16_50_335.jpg,data/IMG/left_2026_08_29_20_16_50_335.jpg,data/IMG/right_2026_08_29_20_16_50_335.jpg,0.3,1.0,0.0,30.16932
data/IMG/center_2026_08_29_20_16_52_257.jpg,data/IMG/left_2026_08_29_20_16_52_257.jpg,data/IMG/right_2026_08_29_20_16_52_257.jpg,0.15,1.0,0.0,30.18427
data/IMG/center_2026_08_29_20_16_52_326.jpg,data/IMG/left_2026_08_29_20_16_52_326.jpg,data/IMG/right_2026_08_29_20_16_52_326.jpg,0.35,1.0,0.0,30.16328
data/IMG/center_2026_08_29_20_16_52_393.jpg,data/IMG/left_2026_08_29_20_16_52_393.jpg,data/IMG/right_2026_08_29_20_16_52_393.jpg,0.5000001,1.0,0.0,30.14541
data/IMG/center_2026_08_29_20_16_53_634.jpg,data/IMG/left_2026_08_29_20_16_53_634.jpg,data/IMG/right_2026_08_29_20_16_53_634.jpg,0.0,1.0,0.0,30.1903
data/IMG/center_2026_08_29_20_16_53_703.jpg,data/IMG/left_2026_08_29_20_16_53_703.jpg,data/IMG/right_2026_08_29_20_16_53_703.jpg,0.2,1.0,0.0,30.17984
data/IMG/center_2026_08_29_20_16_53_772.jpg,data/IMG/left_2026_08_29_20_16_53_772.jpg,data/IMG/right_2026_08_29_20_16_53_772.jpg,0.35,1.0,0.0,30.16346
data/IMG/center_2026_08_29_20_16_53_842.jpg,data/IMG/left_2026_08_29_20_16_53_842.jpg,data/IMG/right_2026_08_29_20_16_53_842.jpg,0.5000001,1.0,0.0,30.14537
data/IMG/center_2026_08_29_20_16_54_320.jpg,data/IMG/left_2026_08_29_20_16_54_320.jpg,data/IMG/right_2026_08_29_20_16_54_320.jpg,0.0,1.0,0.0,30.19028
data/IMG/center_2026_08_29_20_16_57_519.jpg,data/IMG/left_2026_08_29_20_16_57_519.jpg,data/IMG/right_2026_08_29_20_16_57_519.jpg,0.05,1.0,0.0,30.18972
data/IMG/center_2026_08_29_20_16_57_586.jpg,data/IMG/left_2026_08_29_20_16_57_586.jpg,data/IMG/right_2026_08_29_20_16_57_586.jpg,0.25,1.0,0.0,30.17477
data/IMG/center_2026_08_29_20_16_57_655.jpg,data/IMG/left_2026_08_29_20_16_57_655.jpg,data/IMG/right_2026_08_29_20_16_57_655.jpg,0.4,1.0,0.0,30.15754
data/IMG/center_2026_08_29_20_16_57_725.jpg,data/IMG/left_2026_08_29_20_16_57_725.jpg,data/IMG/right_2026_08_29_20_16_57_725.jpg,0.6000001,1.0,0.0,30.13315
data/IMG/center_2026_08_29_20_16_58_540.jpg,data/IMG/left_2026_08_29_20_16_58_540.jpg,data/IMG/right_2026_08_29_20_16_58_540.jpg,0.0,1.0,0.0,30.19032
data/IMG/center_2026_08_29_20_16_59_627.jpg,data/IMG/left_2026_08_29_20_16_59_627.jpg,data/IMG/right_2026_08_29_20_16_59_627.jpg,-0.15,1.0,0.0,30.18433
data/IMG/center_2026_08_29_20_16_59_694.jpg,data/IMG/left_2026_08_29_20_16_59_694.jpg,data/IMG/right_2026_08_29_20_16_59_694.jpg,-0.3,1.0,0.0,30.16958
data/IMG/center_2026_08_29_20_17_02_076.jpg,data/IMG/left_2026_08_29_20_17_02_076.jpg,data/IMG/right_2026_08_29_20_17_02_076.jpg,0.15,1.0,0.0,30.18424
data/IMG/center_2026_08_29_20_17_02_145.jpg,data/IMG/left_2026_08_29_20_17_02_145.jpg,data/IMG/right_2026_08_29_20_17_02_145.jpg,0.35,1.0,0.0,30.16347
data/IMG/center_2026_08_29_20_17_02_623.jpg,data/IMG/left_2026_08_29_20_17_02_623.jpg,data/IMG/right_2026_08_29_20_17_02_623.jpg,0.1,1.0,0.0,30.18787
data/IMG/center_2026_08_29_20_17_03_028.jpg,data/IMG/left_2026_08_29_20_17_03_028.jpg,data/IMG/right_2026_08_29_20_17_03_028.jpg,0.15,1.0,0.0,30.18461
data/IMG/center_2026_08_29_20_17_03_781.jpg,data/IMG/left_2026_08_29_20_17_03_781.jpg,data/IMG/right_2026_08_29_20_17_03_781.jpg,0.0,1.0,0.0,30.19028
data/IMG/center_2026_08_29_20_17_04_326.jpg,data/IMG/left_2026_08_29_20_17_04_326.jpg,data/IMG/right_2026_08_29_20_17_04_326.jpg,0.0,1.0,0.0,30.1903
data/IMG/center_2026_08_29_20_17_04_667.jpg,data/IMG/left_2026_08_29_20_17_04_667.jpg,data/IMG/right_2026_08_29_20_17_04_667.jpg,0.1,1.0,0.0,30.18767
data/IMG/center_2026_08_29_20_17_04_734.jpg,data/IMG/left_2026_08_29_20_17_04_734.jpg,data/IMG/right_2026_08_29_20_17_04_734.jpg,0.25,1.0,0.0,30.17477
data/IMG/center_2026_08_29_20_17_04_804.jpg,data/IMG/left_2026_08_29_20_17_04_804.jpg,data/IMG/right_2026_08_29_20_17_04_804.jpg,0.45,1.0,0.0,30.15145
data/IMG/center_2026_08_29_20_17_05_212.jpg,data/IMG/left_2026_08_29_20_17_05_212.jpg,data/IMG/right_2026_08_29_20_17_05_212.jpg,0.0,1.0,0.0,30.19032
data/IMG/center_2026_08_29_20_17_08_225.jpg,data/IMG/left_2026_08_29_20_17_08_225.jpg,data/IMG/right_2026_08_29_20_17_08_225.jpg,0.1,1.0,0.0,30.18767
data/IMG/center_2026_08_29_20_17_08_292.jpg,data/IMG/left_2026_08_29_20_17_08_292.jpg,data/IMG/right_2026_08_29_20_17_08_292.jpg,0.25,1.0,0.0,30.17478
data/IMG/center_2026_08_29_20_17_08_362.jpg,data/IMG/left_2026_08_29_20_17_08_362.jpg,data/IMG/right_2026_08_29_20_17_08_362.jpg,0.4,1.0,0.0,30.15753
data/IMG/center_2026_08_29_20_17_08_909.jpg,data/IMG/left_2026_08_29_20_17_08_909.jpg,data/IMG/right_2026_08_29_20_17_08_909.jpg,0.15,1.0,0.0,30.18435
data/IMG/center_2026_08_29_20_17_08_978.jpg,data/IMG/left_2026_08_29_20_17_08_978.jpg,data/IMG/right_2026_08_29_20_17_08_978.jpg,0.3,1.0,0.0,30.16935
data/IMG/center_2026_08_29_20_17_11_433.jpg,data/IMG/left_2026_08_29_20_17_11_433.jpg,data/IMG/right_2026_08_29_20_17_11_433.jpg,0.0,1.0,0.0,30.19054
data/IMG/center_2026_08_29_20_17_11_500.jpg,data/IMG/left_2026_08_29_20_17_11_500.jpg,data/IMG/right_2026_08_29_20_17_11_500.jpg,0.0,1.0,0.0,30.19033
data/IMG/center_2026_08_29_20_17_12_870.jpg,data/IMG/left_2026_08_29_20_17_12_870.jpg,data/IMG/right_2026_08_29_20_17_12_870.jpg,0.2,1.0,0.0,30.17984
data/IMG/center_2026_08_29_20_17_12_939.jpg,data/IMG/left_2026_08_29_20_17_12_939.jpg,data/IMG/right_2026_08_29_20_17_12_939.jpg,0.35,1.0,0.0,30.16351
data/IMG/center_2026_08_29_20_17_13_007.jpg,data/IMG/left_2026_08_29_20_17_13_007.jpg,data/IMG/right_2026_08_29_20_17_13_007.jpg,0.5500001,1.0,0.0,30.13926
data/IMG/center_2026_08_29_20_17_14_037.jpg,data/IMG/left_2026_08_29_20_17_14_037.jpg,data/IMG/right_2026_08_29_20_17_14_037.jpg,0.0,1.0,0.0,30.1903
data/IMG/center_2026_08_29_20_17_14_108.jpg,data/IMG/left_2026_08_29_20_17_14_108.jpg,data/IMG/right_2026_08_29_20_17_14_108.jpg,0.1,1.0,0.0,30.18764
data/IMG/center_2026_08_29_20_17_14_174.jpg,data/IMG/left_2026_08_29_20_17_14_174.jpg,data/IMG/right_2026_08_29_20_17_14_174.jpg,0.25,1.0,0.0,30.17473
data/IMG/center_2026_08_29_20_17_14_245.jpg,data/IMG/left_2026_08_29_20_17_14_245.jpg,data/IMG/right_2026_08_29_20_17_14_245.jpg,0.45,1.0,0.0,30.15144
data/IMG/center_2026_08_29_20_17_15_487.jpg,data/IMG/left_2026_08_29_20_17_15_487.jpg,data/IMG/right_2026_08_29_20_17_15_487.jpg,0.0,1.0,0.0,30.19011
data/IMG/center_2026_08_29_20_17_16_781.jpg,data/IMG/left_2026_08_29_20_17_16_781.jpg,data/IMG/right_2026_08_29_20_17_16_781.jpg,0.15,1.0,0.0,30.18388
data/IMG/center_2026_08_29_20_17_16_850.jpg,data/IMG/left_2026_08_29_20_17_16_850.jpg,data/IMG/right_2026_08_29_20_17_16_850.jpg,0.35,1.0,0.0,30.16348
data/IMG/center_2026_08_29_20_17_16_917.jpg,data/IMG/left_2026_08_29_20_17_16_917.jpg,data/IMG/right_2026_08_29_20_17_16_917.jpg,0.5000001,1.0,0.0,30.14538
data/IMG/center_2026_08_29_20_17_16_987.jpg,data/IMG/left_2026_08_29_20_17_16_987.jpg,data/IMG/right_2026_08_29_20_17_16_987.jpg,0.7,1.0,0.0,30.12104
data/IMG/center_2026_08_29_20_17_17_673.jpg,data/IMG/left_2026_08_29_20_17_17_673.jpg,data/IMG/right_2026_08_29_20_17_17_673.jpg,0.0,1.0,0.0,30.19025
data/IMG/center_2026_08_29_20_17_18_220.jpg,data/IMG/left_2026_08_29_20_17_18_220.jpg,data/IMG/right_2026_08_29_20_17_18_220.jpg,0.0,1.0,0.0,30.19034
data/IMG/center_2026_08_29_20_17_18_630.jpg,data/IMG/left_2026_08_29_20_17_18_630.jpg,data/IMG/right_2026_08_29_20_17_18_630.jpg,0.15,1.0,0.0,30.18397
data/IMG/center_2026_08_29_20_17_18_697.jpg,data/IMG/left_2026_08_29_20_17_18_697.jpg,data/IMG/right_2026_08_29_20_17_18_697.jpg,0.3,1.0,0.0,30.16929
data/IMG/center_2026_08_29_20_17_18_767.jpg,data/IMG/left_2026_08_29_20_17_18_767.jpg,data/IMG/right_2026_08_29_20_17_18_767.jpg,0.5000001,1.0,0.0,30.1454
data/IMG/center_2026_08_29_20_17_18_836.jpg,data/IMG/left_2026_08_29_20_17_18_836.jpg,data/IMG/right_2026_08_29_20_17_18_836.jpg,0.6500001,1.0,0.0,30.12718
data/IMG/center_2026_08_29_20_17_19_385.jpg,data/IMG/left_2026_08_29_20_17_19_385.jpg,data/IMG/right_2026_08_29_20_17_19_385.jpg,0.0,1.0,0.0,30.19028
data/IMG/center_2026_08_29_20_17_20_206.jpg,data/IMG/left_2026_08_29_20_17_20_206.jpg,data/IMG/right_2026_08_29_20_17_20_206.jpg,0.15,1.0,0.0,30.18422
data/IMG/center_2026_08_29_20_17_20_276.jpg,data/IMG/left_2026_08_29_20_17_20_276.jpg,data/IMG/right_2026_08_29_20_17_20_276.jpg,0.3,1.0,0.0,30.16925
data/IMG/center_2026_08_29_20_17_20_346.jpg,data/IMG/left_2026_08_29_20_17_20_346.jpg,data/IMG/right_2026_08_29_20_17_20_346.jpg,0.5000001,1.0,0.0,30.1454
data/IMG/center_2026_08_29_20_17_21_098.jpg,data/IMG/left_2026_08_29_20_17_21_098.jpg,data/IMG/right_2026_08_29_20_17_21_098.jpg,0.15,1.0,0.0,30.18419
data/IMG/center_2026_08_29_20_17_21_167.jpg,data/IMG/left_2026_08_29_20_17_21_167.jpg,data/IMG/right_2026_08_29_20_17_21_167.jpg,0.35,1.0,0.0,30.16343
data/IMG/center_2026_08_29_20_17_21_237.jpg,data/IMG/left_2026_08_29_20_17_21_237.jpg,data/IMG/right_2026_08_29_20_17_21_237.jpg,0.5000001,1.0,0.0,30.14533
data/IMG/center_2026_08_29_20_17_22_130.jpg,data/IMG/left_2026_08_29_20_17_22_130.jpg,data/IMG/right_2026_08_29_20_17_22_130.jpg,0.0,1.0,0.0,30.19029
data/IMG/center_2026_08_29_20_17_22_335.jpg,data/IMG/left_2026_08_29_20_17_22_335.jpg,data/IMG/right_2026_08_29_20_17_22_335.jpg,0.05,1.0,0.0,30.18971
data/IMG/center_2026_08_29_20_17_22_402.jpg,data/IMG/left_2026_08_29_20_17_22_402.jpg,data/IMG/right_2026_08_29_20_17_22_402.jpg,0.2,1.0,0.0,30.18065
data/IMG/center_2026_08_29_20_17_22_469.jpg,data/IMG/left_2026_08_29_20_17_22_469.jpg,data/IMG/right_2026_08_29_20_17_22_469.jpg,0.4,1.0,0.0,30.1575
data/IMG/center_2026_08_29_20_17_22_536.jpg,data/IMG/left_2026_08_29_20_17_22_536.jpg,data/IMG/right_2026_08_29_20_17_22_536.jpg,0.5500001,1.0,0.0,30.13921
data/IMG/center_2026_08_29_20_17_22_605.jpg,data/IMG/left_2026_08_29_20_17_22_605.jpg,data/IMG/right_2026_08_29_20_17_22_605.jpg,0.7500002,1.0,0.0,30.11465
data/IMG/center_2026_08_29_20_17_23_718.jpg,data/IMG/left_2026_08_29_20_17_23_718.jpg,data/IMG/right_2026_08_29_20_17_23_718.jpg,0.1,1.0,0.0,30.18762
data/IMG/center_2026_08_29_20_17_23_788.jpg,data/IMG/left_2026_08_29_20_17_23_788.jpg,data/IMG/right_2026_08_29_20_17_23_788.jpg,0.3,1.0,0.0,30.16921
data/IMG/center_2026_08_29_20_17_23_855.jpg,data/IMG/left_2026_08_29_20_17_23_855.jpg,data/IMG/right_2026_08_29_20_17_23_855.jpg,0.45,1.0,0.0,30.15209
data/IMG/center_2026_08_29_20_17_23_926.jpg,data/IMG/left_2026_08_29_20_17_23_926.jpg,data/IMG/right_2026_08_29_20_17_23_926.jpg,0.6500001,1.0,0.0,30.12703
data/IMG/center_2026_08_29_20_17_23_993.jpg,data/IMG/left_2026_08_29_20_17_23_993.jpg,data/IMG/right_2026_08_29_20_17_23_993.jpg,0.8000001,1.0,0.0,30.11009
data/IMG/center_2026_08_29_20_17_24_555.jpg,data/IMG/left_2026_08_29_20_17_24_555.jpg,data/IMG/right_2026_08_29_20_17_24_555.jpg,0.0,1.0,0.0,30.19024
data/IMG/center_2026_08_29_20_17_24_625.jpg,data/IMG/left_2026_08_29_20_17_24_625.jpg,data/IMG/right_2026_08_29_20_17_24_625.jpg,0.05,1.0,0.0,30.18969
data/IMG/center_2026_08_29_20_17_24_694.jpg,data/IMG/left_2026_08_29_20_17_24_694.jpg,data/IMG/right_2026_08_29_20_17_24_694.jpg,0.2,1.0,0.0,30.17978
data/IMG/center_2026_08_29_20_17_24_762.jpg,data/IMG/left_2026_08_29_20_17_24_762.jpg,data/IMG/right_2026_08_29_20_17_24_762.jpg,0.35,1.0,0.0,30.16338
data/IMG/center_2026_08_29_20_17_24_832.jpg,data/IMG/left_2026_08_29_20_17_24_832.jpg,data/IMG/right_2026_08_29_20_17_24_832.jpg,0.5500001,1.0,0.0,30.1388
data/IMG/center_2026_08_29_20_17_24_900.jpg,data/IMG/left_2026_08_29_20_17_24_900.jpg,data/IMG/right_2026_08_29_20_17_24_900.jpg,0.7,1.0,0.0,30.12083
data/IMG/center_2026_08_29_20_17_24_970.jpg,data/IMG/left_2026_08_29_20_17_24_970.jpg,data/IMG/right_2026_08_29_20_17_24_970.jpg,0.9000002,1.0,0.0,30.10091
data/IMG/center_2026_08_29_20_17_25_319.jpg,data/IMG/left_2026_08_29_20_17_25_319.jpg,data/IMG/right_2026_08_29_20_17_25_319.jpg,0.0,1.0,0.0,30.19017
data/IMG/center_2026_08_29_20_17_25_389.jpg,data/IMG/left_2026_08_29_20_17_25_389.jpg,data/IMG/right_2026_08_29_20_17_25_389.jpg,0.1,1.0,0.0,30.18845
data/IMG/center_2026_08_29_20_17_25_460.jpg,data/IMG/left_2026_08_29_20_17_25_460.jpg,data/IMG/right_2026_08_29_20_17_25_460.jpg,0.25,1.0,0.0,30.17583
data/IMG/center_2026_08_29_20_17_25_528.jpg,data/IMG/left_2026_08_29_20_17_25_528.jpg,data/IMG/right_2026_08_29_20_17_25_528.jpg,0.45,1.0,0.0,30.152
data/IMG/center_2026_08_29_20_17_25_594.jpg,data/IMG/left_2026_08_29_20_17_25_594.jpg,data/IMG/right_2026_08_29_20_17_25_594.jpg,0.6000001,1.0,0.0,30.13358
data/IMG/center_2026_08_29_20_17_25_663.jpg,data/IMG/left_2026_08_29_20_17_25_663.jpg,data/IMG/right_2026_08_29_20_17_25_663.jpg,0.8000001,1.0,0.0,30.11035
data/IMG/center_2026_08_29_20_17_25_734.jpg,data/IMG/left_2026_08_29_20_17_25_734.jpg,data/IMG/right_2026_08_29_20_17_25_734.jpg,0.9500002,1.0,0.0,30.09737
data/IMG/center_2026_08_29_20_17_26_639.jpg,data/IMG/left_2026_08_29_20_17_26_639.jpg,data/IMG/right_2026_08_29_20_17_26_639.jpg,0.1,1.0,0.0,30.18763
data/IMG/center_2026_08_29_20_17_26_711.jpg,data/IMG/left_2026_08_29_20_17_26_711.jpg,data/IMG/right_2026_08_29_20_17_26_711.jpg,0.3,1.0,0.0,30.16916
data/IMG/center_2026_08_29_20_17_26_782.jpg,data/IMG/left_2026_08_29_20_17_26_782.jpg,data/IMG/right_2026_08_29_20_17_26_782.jpg,0.45,1.0,0.0,30.15137
data/IMG/center_2026_08_29_20_17_26_849.jpg,data/IMG/left_2026_08_29_20_17_26_849.jpg,data/IMG/right_2026_08_29_20_17_26_849.jpg,0.6500001,1.0,0.0,30.12686
data/IMG/center_2026_08_29_20_17_27_190.jpg,data/IMG/left_2026_08_29_20_17_27_190.jpg,data/IMG/right_2026_08_29_20_17_27_190.jpg,0.0,1.0,0.0,30.19025
data/IMG/center_2026_08_29_20_17_27_469.jpg,data/IMG/left_2026_08_29_20_17_27_469.jpg,data/IMG/right_2026_08_29_20_17_27_469.jpg,0.2,1.0,0.0,30.18003
data/IMG/center_2026_08_29_20_17_27_535.jpg,data/IMG/left_2026_08_29_20_17_27_535.jpg,data/IMG/right_2026_08_29_20_17_27_535.jpg,0.35,1.0,0.0,30.16357
data/IMG/center_2026_08_29_20_17_27_602.jpg,data/IMG/left_2026_08_29_20_17_27_602.jpg,data/IMG/right_2026_08_29_20_17_27_602.jpg,0.5000001,1.0,0.0,30.14585
data/IMG/center_2026_08_29_20_17_27_876.jpg,data/IMG/left_2026_08_29_20_17_27_876.jpg,data/IMG/right_2026_08_29_20_17_27_876.jpg,0.0,1.0,0.0,30.19027
data/IMG/center_2026_08_29_20_17_28_567.jpg,data/IMG/left_2026_08_29_20_17_28_567.jpg,data/IMG/right_2026_08_29_20_17_28_567.jpg,0.2,1.0,0.0,30.17992
data/IMG/center_2026_08_29_20_17_28_634.jpg,data/IMG/left_2026_08_29_20_17_28_634.jpg,data/IMG/right_2026_08_29_20_17_28_634.jpg,0.35,1.0,0.0,30.16342
data/IMG/center_2026_08_29_20_17_29_461.jpg,data/IMG/left_2026_08_29_20_17_29_461.jpg,data/IMG/right_2026_08_29_20_17_29_461.jpg,0.15,1.0,0.0,30.18423
data/IMG/center_2026_08_29_20_17_32_330.jpg,data/IMG/left_2026_08_29_20_17_32_330.jpg,data/IMG/right_2026_08_29_20_17_32_330.jpg,-0.1,1.0,0.0,30.18765
data/IMG/center_2026_08_29_20_17_32_400.jpg,data/IMG/left_2026_08_29_20_17_32_400.jpg,data/IMG/right_2026_08_29_20_17_32_400.jpg,-0.25,1.0,0.0,30.17464
data/IMG/center_2026_08_29_20_17_33_011.jpg,data/IMG/left_2026_08_29_20_17_33_011.jpg,data/IMG/right_2026_08_29_20_17_33_011.jpg,-0.1,1.0,0.0,30.18826
data/IMG/center_2026_08_29_20_17_33_077.jpg,data/IMG/left_2026_08_29_20_17_33_077.jpg,data/IMG/right_2026_08_29_20_17_33_077.jpg,-0.25,1.0,0.0,30.1749
data/IMG/center_2026_08_29_20_17_33_144.jpg,data/IMG/left_2026_08_29_20_17_33_144.jpg,data/IMG/right_2026_08_29_20_17_33_144.jpg,-0.45,1.0,0.0,30.15167
data/IMG/center_2026_08_29_20_17_33_213.jpg,data/IMG/left_2026_08_29_20_17_33_213.jpg,data/IMG/right_2026_08_29_20_17_33_213.jpg,-0.6000001,1.0,0.0,30.13352
data/IMG/center_2026_08_29_20_17_34_091.jpg,data/IMG/left_2026_08_29_20_17_34_091.jpg,data/IMG/right_2026_08_29_20_17_34_091.jpg,-0.05,1.0,0.0,30.18952
data/IMG/center_2026_08_29_20_17_34_159.jpg,data/IMG/left_2026_08_29_20_17_34_159.jpg,data/IMG/right_2026_08_29_20_17_34_159.jpg,-0.2,1.0,0.0,30.17975
data/IMG/center_2026_08_29_20_17_34_226.jpg,data/IMG/left_2026_08_29_20_17_34_226.jpg,data/IMG/right_2026_08_29_20_17_34_226.jpg,-0.4,1.0,0.0,30.15747
data/IMG/center_2026_08_29_20_17_34_293.jpg,data/IMG/left_2026_08_29_20_17_34_293.jpg,data/IMG/right_2026_08_29_20_17_34_293.jpg,-0.5500001,1.0,0.0,30.13927
data/IMG/center_2026_08_29_20_17_34_360.jpg,data/IMG/left_2026_08_29_20_17_34_360.jpg,data/IMG/right_2026_08_29_20_17_34_360.jpg,-0.7,1.0,0.0,30.12094
data/IMG/center_2026_08_29_20_17_34_836.jpg,data/IMG/left_2026_08_29_20_17_34_836.jpg,data/IMG/right_2026_08_29_20_17_34_836.jpg,-0.1,1.0,0.0,30.18822
data/IMG/center_2026_08_29_20_17_34_905.jpg,data/IMG/left_2026_08_29_20_17_34_905.jpg,data/IMG/right_2026_08_29_20_17_34_905.jpg,-0.3,1.0,0.0,30.1693
data/IMG/center_2026_08_29_20_17_34_971.jpg,data/IMG/left_2026_08_29_20_17_34_971.jpg,data/IMG/right_2026_08_29_20_17_34_971.jpg,-0.45,1.0,0.0,30.15172
data/IMG/center_2026_08_29_20_17_35_038.jpg,data/IMG/left_2026_08_29_20_17_35_038.jpg,data/IMG/right_2026_08_29_20_17_35_038.jpg,-0.6000001,1.0,0.0,30.13339
data/IMG/center_2026_08_29_20_17_35_105.jpg,data/IMG/left_2026_08_29_20_17_35_105.jpg,data/IMG/right_2026_08_29_20_17_35_105.jpg,-0.8000001,1.0,0.0,30.11029
data/IMG/center_2026_08_29_20_17_35_375.jpg,data/IMG/left_2026_08_29_20_17_35_375.jpg,data/IMG/right_2026_08_29_20_17_35_375.jpg,0.0,1.0,0.0,30.19107
data/IMG/center_2026_08_29_20_17_35_512.jpg,data/IMG/left_2026_08_29_20_17_35_512.jpg,data/IMG/right_2026_08_29_20_17_35_512.jpg,-0.1,1.0,0.0,30.18791
data/IMG/center_2026_08_29_20_17_35_581.jpg,data/IMG/left_2026_08_29_20_17_35_581.jpg,data/IMG/right_2026_08_29_20_17_35_581.jpg,-0.25,1.0,0.0,30.17715
data/IMG/center_2026_08_29_20_17_35_648.jpg,data/IMG/left_2026_08_29_20_17_35_648.jpg,data/IMG/right_2026_08_29_20_17_35_648.jpg,-0.45,1.0,0.0,30.15212
data/IMG/center_2026_08_29_20_17_35_717.jpg,data/IMG/left_2026_08_29_20_17_35_717.jpg,data/IMG/right_2026_08_29_20_17_35_717.jpg,-0.6000001,1.0,0.0,30.13414
data/IMG/center_2026_08_29_20_17_35_784.jpg,data/IMG/left_2026_08_29_20_17_35_784.jpg,data/IMG/right_2026_08_29_20_17_35_784.jpg,-0.8000001,1.0,0.0,30.11011
data/IMG/center_2026_08_29_20_17_35_853.jpg,data/IMG/left_2026_08_29_20_17_35_853.jpg,data/IMG/right_2026_08_29_20_17_35_853.jpg,-0.9500002,1.0,0.0,30.09723
data/IMG/center_2026_08_29_20_17_36_192.jpg,data/IMG/left_2026_08_29_20_17_36_192.jpg,data/IMG/right_2026_08_29_20_17_36_192.jpg,-0.1,1.0,0.0,30.18991
data/IMG/center_2026_08_29_20_17_36_262.jpg,data/IMG/left_2026_08_29_20_17_36_262.jpg,data/IMG/right_2026_08_29_20_17_36_262.jpg,-0.25,1.0,0.0,30.17828
data/IMG/center_2026_08_29_20_17_36_329.jpg,data/IMG/left_2026_08_29_20_17_36_329.jpg,data/IMG/right_2026_08_29_20_17_36_329.jpg,-0.45,1.0,0.0,30.15463
data/IMG/center_2026_08_29_20_17_36_397.jpg,data/IMG/left_2026_08_29_20_17_36_397.jpg,data/IMG/right_2026_08_29_20_17_36_397.jpg,-0.6000001,1.0,0.0,30.1349
data/IMG/center_2026_08_29_20_17_36_602.jpg,data/IMG/left_2026_08_29_20_17_36_602.jpg,data/IMG/right_2026_08_29_20_17_36_602.jpg,-0.05,1.0,0.0,30.18975
data/IMG/center_2026_08_29_20_17_36_672.jpg,data/IMG/left_2026_08_29_20_17_36_672.jpg,data/IMG/right_2026_08_29_20_17_36_672.jpg,-0.25,1.0,0.0,30.17879
data/IMG/center_2026_08_29_20_17_36_742.jpg,data/IMG/left_2026_08_29_20_17_36_742.jpg,data/IMG/right_2026_08_29_20_17_36_742.jpg,-0.4,1.0,0.0,30.16086
data/IMG/center_2026_08_29_20_17_37_018.jpg,data/IMG/left_2026_08_29_20_17_37_018.jpg,data/IMG/right_2026_08_29_20_17_37_018.jpg,0.0,1.0,0.0,30.19017
data/IMG/center_2026_08_29_20_17_37_222.jpg,data/IMG/left_2026_08_29_20_17_37_222.jpg,data/IMG/right_2026_08_29_20_17_37_222.jpg,-0.1,1.0,0.0,30.18808
data/IMG/center_2026_08_29_20_17_37_291.jpg,data/IMG/left_2026_08_29_20_17_37_291.jpg,data/IMG/right_2026_08_29_20_17_37_291.jpg,-0.3,1.0,0.0,30.17004
data/IMG/center_2026_08_29_20_17_39_584.jpg,data/IMG/left_2026_08_29_20_17_39_584.jpg,data/IMG/right_2026_08_29_20_17_39_584.jpg,0.0,1.0,0.0,30.1903
data/IMG/center_2026_08_29_20_17_39_865.jpg,data/IMG/left_2026_08_29_20_17_39_865.jpg,data/IMG/right_2026_08_29_20_17_39_865.jpg,0.0,1.0,0.0,30.19036
data/IMG/center_2026_08_29_20_17_41_878.jpg,data/IMG/left_2026_08_29_20_17_41_878.jpg,data/IMG/right_2026_08_29_20_17_41_878.jpg,0.0,1.0,0.0,30.19043
data/IMG/center_2026_08_29_20_17_42_361.jpg,data/IMG/left_2026_08_29_20_17_42_361.jpg,data/IMG/right_2026_08_29_20_17_42_361.jpg,0.05,1.0,0.0,30.18962
data/IMG/center_2026_08_29_20_17_42_428.jpg,data/IMG/left_2026_08_29_20_17_42_428.jpg,data/IMG/right_2026_08_29_20_17_42_428.jpg,0.25,1.0,0.0,30.17491
data/IMG/center_2026_08_29_20_17_42_495.jpg,data/IMG/left_2026_08_29_20_17_42_495.jpg,data/IMG/right_2026_08_29_20_17_42_495.jpg,0.4,1.0,0.0,30.15745
data/IMG/center_2026_08_29_20_17_42_563.jpg,data/IMG/left_2026_08_29_20_17_42_563.jpg,data/IMG/right_2026_08_29_20_17_42_563.jpg,0.6000001,1.0,0.0,30.13313
data/IMG/center_2026_08_29_20_17_42_631.jpg,data/IMG/left_2026_08_29_20_17_42_631.jpg,data/IMG/right_2026_08_29_20_17_42_631.jpg,0.7500002,1.0,0.0,30.11451
data/IMG/center_2026_08_29_20_17_42_975.jpg,data/IMG/left_2026_08_29_20_17_42_975.jpg,data/IMG/right_2026_08_29_20_17_42_975.jpg,0.0,1.0,0.0,30.19074
data/IMG/center_2026_08_29_20_17_43_859.jpg,data/IMG/left_2026_08_29_20_17_43_859.jpg,data/IMG/right_2026_08_29_20_17_43_859.jpg,0.1,1.0,0.0,30.18728
data/IMG/center_2026_08_29_20_17_43_928.jpg,data/IMG/left_2026_08_29_20_17_43_928.jpg,data/IMG/right_2026_08_29_20_17_43_928.jpg,0.3,1.0,0.0,30.16918
data/IMG/center_2026_08_29_20_17_43_995.jpg,data/IMG/left_2026_08_29_20_17_43_995.jpg,data/IMG/right_2026_08_29_20_17_43_995.jpg,0.45,1.0,0.0,30.15152
data/IMG/center_2026_08_29_20_17_44_065.jpg,data/IMG/left_2026_08_29_20_17_44_065.jpg,data/IMG/right_2026_08_29_20_17_44_065.jpg,0.6500001,1.0,0.0,30.1267
data/IMG/center_2026_08_29_20_17_44_134.jpg,data/IMG/left_2026_08_29_20_17_44_134.jpg,data/IMG/right_2026_08_29_20_17_44_134.jpg,0.8000001,1.0,0.0,30.11001
data/IMG/center_2026_08_29_20_17_44_203.jpg,data/IMG/left_2026_08_29_20_17_44_203.jpg,data/IMG/right_2026_08_29_20_17_44_203.jpg,0.0,1.0,0.0,30.17958
data/IMG/center_2026_08_29_20_17_44_546.jpg,data/IMG/left_2026_08_29_20_17_44_546.jpg,data/IMG/right_2026_08_29_20_17_44_546.jpg,0.05,1.0,0.0,30.1903
data/IMG/center_2026_08_29_20_17_44_613.jpg,data/IMG/left_2026_08_29_20_17_44_613.jpg,data/IMG/right_2026_08_29_20_17_44_613.jpg,0.2,1.0,0.0,30.18094
data/IMG/center_2026_08_29_20_17_44_680.jpg,data/IMG/left_2026_08_29_20_17_44_680.jpg,data/IMG/right_2026_08_29_20_17_44_680.jpg,0.35,1.0,0.0,30.16392
data/IMG/center_2026_08_29_20_17_44_750.jpg,data/IMG/left_2026_08_29_20_17_44_750.jpg,data/IMG/right_2026_08_29_20_17_44_750.jpg,0.5500001,1.0,0.0,30.13955
data/IMG/center_2026_08_29_20_17_44_817.jpg,data/IMG/left_2026_08_29_20_17_44_817.jpg,data/IMG/right_2026_08_29_20_17_44_817.jpg,0.7,1.0,0.0,30.12125
data/IMG/center_2026_08_29_20_17_45_156.jpg,data/IMG/left_2026_08_29_20_17_45_156.jpg,data/IMG/right_2026_08_29_20_17_45_156.jpg,0.1,1.0,0.0,30.18905
data/IMG/center_2026_08_29_20_17_45_227.jpg,data/IMG/left_2026_08_29_20_17_45_227.jpg,data/IMG/right_2026_08_29_20_17_45_227.jpg,0.3,1.0,0.0,30.17121
data/IMG/center_2026_08_29_20_17_45_296.jpg,data/IMG/left_2026_08_29_20_17_45_296.jpg,data/IMG/right_2026_08_29_20_17_45_296.jpg,0.45,1.0,0.0,30.15314
data/IMG/center_2026_08_29_20_17_45_367.jpg,data/IMG/left_2026_08_29_20_17_45_367.jpg,data/IMG/right_2026_08_29_20_17_45_367.jpg,0.6500001,1.0,0.0,30.12804
data/IMG/center_2026_08_29_20_17_45_433.jpg,data/IMG/left_2026_08_29_20_17_45_433.jpg,data/IMG/right_2026_08_29_20_17_45_433.jpg,0.8000001,1.0,0.0,30.11069
data/IMG/center_2026_08_29_20_17_45_703.jpg,data/IMG/left_2026_08_29_20_17_45_703.jpg,data/IMG/right_2026_08_29_20_17_45_703.jpg,0.05,1.0,0.0,30.19025
data/IMG/center_2026_08_29_20_17_45_770.jpg,data/IMG/left_2026_08_29_20_17_45_770.jpg,data/IMG/right_2026_08_29_20_17_45_770.jpg,0.2,1.0,0.0,30.18243
data/IMG/center_2026_08_29_20_17_45_839.jpg,data/IMG/left_2026_08_29_20_17_45_839.jpg,data/IMG/right_2026_08_29_20_17_45_839.jpg,0.35,1.0,0.0,30.16614
data/IMG/center_2026_08_29_20_17_45_908.jpg,data/IMG/left_2026_08_29_20_17_45_908.jpg,data/IMG/right_2026_08_29_20_17_45_908.jpg,0.5500001,1.0,0.0,30.14096
data/IMG/center_2026_08_29_20_17_45_976.jpg,data/IMG/left_2026_08_29_20_17_45_976.jpg,data/IMG/right_2026_08_29_20_17_45_976.jpg,0.7,1.0,0.0,30.12214
data/IMG/center_2026_08_29_20_17_46_320.jpg,data/IMG/left_2026_08_29_20_17_46_320.jpg,data/IMG/right_2026_08_29_20_17_46_320.jpg,0.05,1.0,0.0,30.1903
data/IMG/center_2026_08_29_20_17_46_387.jpg,data/IMG/left_2026_08_29_20_17_46_387.jpg,data/IMG/right_2026_08_29_20_17_46_387.jpg,0.25,1.0,0.0,30.17802
data/IMG/center_2026_08_29_20_17_46_456.jpg,data/IMG/left_2026_08_29_20_17_46_456.jpg,data/IMG/right_2026_08_29_20_17_46_456.jpg,0.4,1.0,0.0,30.16029
data/IMG/center_2026_08_29_20_17_46_524.jpg,data/IMG/left_2026_08_29_20_17_46_524.jpg,data/IMG/right_2026_08_29_20_17_46_524.jpg,0.6000001,1.0,0.0,30.13479
data/IMG/center_2026_08_29_20_17_46_590.jpg,data/IMG/left_2026_08_29_20_17_46_590.jpg,data/IMG/right_2026_08_29_20_17_46_590.jpg,0.7500002,1.0,0.0,30.11539
data/IMG/center_2026_08_29_20_17_46_796.jpg,data/IMG/left_2026_08_29_20_17_46_796.jpg,data/IMG/right_2026_08_29_20_17_46_796.jpg,0.0,1.0,0.0,30.18989
data/IMG/center_2026_08_29_20_17_47_542.jpg,data/IMG/left_2026_08_29_20_17_47_542.jpg,data/IMG/right_2026_08_29_20_17_47_542.jpg,0.15,1.0,0.0,30.18417
data/IMG/center_2026_08_29_20_17_47_609.jpg,data/IMG/left_2026_08_29_20_17_47_609.jpg,data/IMG/right_2026_08_29_20_17_47_609.jpg,0.35,1.0,0.0,30.1634
data/IMG/center_2026_08_29_20_17_48_083.jpg,data/IMG/left_2026_08_29_20_17_48_083.jpg,data/IMG/right_2026_08_29_20_17_48_083.jpg,0.0,1.0,0.0,30.19032
data/IMG/center_2026_08_29_20_17_48_220.jpg,data/IMG/left_2026_08_29_20_17_48_220.jpg,data/IMG/right_2026_08_29_20_17_48_220.jpg,0.1,1.0,0.0,30.18779
data/IMG/center_2026_08_29_20_17_48_287.jpg,data/IMG/left_2026_08_29_20_17_48_287.jpg,data/IMG/right_2026_08_29_20_17_48_287.jpg,0.3,1.0,0.0,30.16933
data/IMG/center_2026_08_29_20_17_49_301.jpg,data/IMG/left_2026_08_29_20_17_49_301.jpg,data/IMG/right_2026_08_29_20_17_49_301.jpg,0.15,1.0,0.0,30.18423
data/IMG/center_2026_08_29_20_17_49_368.jpg,data/IMG/left_2026_08_29_20_17_49_368.jpg,data/IMG/right_2026_08_29_20_17_49_368.jpg,0.35,1.0,0.0,30.16343
data/IMG/center_2026_08_29_20_17_49_435.jpg,data/IMG/left_2026_08_29_20_17_49_435.jpg,data/IMG/right_2026_08_29_20_17_49_435.jpg,0.5000001,1.0,0.0,30.14537
data/IMG/center_2026_08_29_20_17_51_127.jpg,data/IMG/left_2026_08_29_20_17_51_127.jpg,data/IMG/right_2026_08_29_20_17_51_127.jpg,0.0,1.0,0.0,30.19056
data/IMG/center_2026_08_29_20_17_51_603.jpg,data/IMG/left_2026_08_29_20_17_51_603.jpg,data/IMG/right_2026_08_29_20_17_51_603.jpg,0.0,1.0,0.0,30.19061
data/IMG/center_2026_08_29_20_17_51_875.jpg,data/IMG/left_2026_08_29_20_17_51_875.jpg,data/IMG/right_2026_08_29_20_17_51_875.jpg,0.0,1.0,0.0,30.19063
data/IMG/center_2026_08_29_20_17_53_904.jpg,data/IMG/left_2026_08_29_20_17_53_904.jpg,data/IMG/right_2026_08_29_20_17_53_904.jpg,0.0,1.0,0.0,30.19064
data/IMG/center_2026_08_29_20_17_53_972.jpg,data/IMG/left_2026_08_29_20_17_53_972.jpg,data/IMG/right_2026_08_29_20_17_53_972.jpg,0.0,1.0,0.0,30.19063
data/IMG/center_2026_08_29_20_17_55_260.jpg,data/IMG/left_2026_08_29_20_17_55_260.jpg,data/IMG/right_2026_08_29_20_17_55_260.jpg,0.0,1.0,0.0,30.19065
data/IMG/center_2026_08_29_20_17_56_207.jpg,data/IMG/left_2026_08_29_20_17_56_207.jpg,data/IMG/right_2026_08_29_20_17_56_207.jpg,0.0,1.0,0.0,30.19062
data/IMG/center_2026_08_29_20_17_57_774.jpg,data/IMG/left_2026_08_29_20_17_57_774.jpg,data/IMG/right_2026_08_29_20_17_57_774.jpg,0.0,1.0,0.0,30.19062
data/IMG/center_2026_08_29_20_17_58_044.jpg,data/IMG/left_2026_08_29_20_17_58_044.jpg,data/IMG/right_2026_08_29_20_17_58_044.jpg,0.1,1.0,0.0,30.18807
data/IMG/center_2026_08_29_20_17_58_110.jpg,data/IMG/left_2026_08_29_20_17_58_110.jpg,data/IMG/right_2026_08_29_20_17_58_110.jpg,0.25,1.0,0.0,30.17528
data/IMG/center_2026_08_29_20_17_58_179.jpg,data/IMG/left_2026_08_29_20_17_58_179.jpg,data/IMG/right_2026_08_29_20_17_58_179.jpg,0.4,1.0,0.0,30.15813
data/IMG/center_2026_08_29_20_17_58_383.jpg,data/IMG/left_2026_08_29_20_17_58_383.jpg,data/IMG/right_2026_08_29_20_17_58_383.jpg,0.0,1.0,0.0,30.19055
data/IMG/center_2026_08_29_20_17_58_450.jpg,data/IMG/left_2026_08_29_20_17_58_450.jpg,data/IMG/right_2026_08_29_20_17_58_450.jpg,0.0,1.0,0.0,30.21608
data/IMG/center_2026_08_29_20_17_58_990.jpg,data/IMG/left_2026_08_29_20_17_58_990.jpg,data/IMG/right_2026_08_29_20_17_58_990.jpg,0.15,1.0,0.0,30.184
data/IMG/center_2026_08_29_20_17_59_333.jpg,data/IMG/left_2026_08_29_20_17_59_333.jpg,data/IMG/right_2026_08_29_20_17_59_333.jpg,0.0,1.0,0.0,30.19029
data/IMG/center_2026_08_29_20_17_59_403.jpg,data/IMG/left_2026_08_29_20_17_59_403.jpg,data/IMG/right_2026_08_29_20_17_59_403.jpg,0.0,1.0,0.0,30.19033
data/IMG/center_2026_08_29_20_17_59_812.jpg,data/IMG/left_2026_08_29_20_17_59_812.jpg,data/IMG/right_2026_08_29_20_17_59_812.jpg,0.0,1.0,0.0,30.19031
data/IMG/center_2026_08_29_20_18_00_152.jpg,data/IMG/left_2026_08_29_20_18_00_152.jpg,data/IMG/right_2026_08_29_20_18_00_152.jpg,0.0,1.0,0.0,30.1903
data/IMG/center_2026_08_29_20_18_00_627.jpg,data/IMG/left_2026_08_29_20_18_00_627.jpg,data/IMG/right_2026_08_29_20_18_00_627.jpg,0.0,1.0,0.0,30.1903
data/IMG/center_2026_08_29_20_18_00_765.jpg,data/IMG/left_2026_08_29_20_18_00_765.jpg,data/IMG/right_2026_08_29_20_18_00_765.jpg,0.1,1.0,0.0,30.18767
data/IMG/center_2026_08_29_20_18_00_834.jpg,data/IMG/left_2026_08_29_20_18_00_834.jpg,data/IMG/right_2026_08_29_20_18_00_834.jpg,0.25,1.0,0.0,30.17478
data/IMG/center_2026_08_29_20_18_00_903.jpg,data/IMG/left_2026_08_29_20_18_00_903.jpg,data/IMG/right_2026_08_29_20_18_00_903.jpg,0.45,1.0,0.0,30.15148
data/IMG/center_2026_08_29_20_18_03_283.jpg,data/IMG/left_2026_08_29_20_18_03_283.jpg,data/IMG/right_2026_08_29_20_18_03_283.jpg,0.2,1.0,0.0,30.17984
data/IMG/center_2026_08_29_20_18_03_352.jpg,data/IMG/left_2026_08_29_20_18_03_352.jpg,data/IMG/right_2026_08_29_20_18_03_352.jpg,0.35,1.0,0.0,30.16345
data/IMG/center_2026_08_29_20_18_03_827.jpg,data/IMG/left_2026_08_29_20_18_03_827.jpg,data/IMG/right_2026_08_29_20_18_03_827.jpg,0.1,1.0,0.0,30.18788
data/IMG/center_2026_08_29_20_18_03_894.jpg,data/IMG/left_2026_08_29_20_18_03_894.jpg,data/IMG/right_2026_08_29_20_18_03_894.jpg,0.25,1.0,0.0,30.17503
data/IMG/center_2026_08_29_20_18_03_963.jpg,data/IMG/left_2026_08_29_20_18_03_963.jpg,data/IMG/right_2026_08_29_20_18_03_963.jpg,0.45,1.0,0.0,30.15161
data/IMG/center_2026_08_29_20_18_04_512.jpg,data/IMG/left_2026_08_29_20_18_04_512.jpg,data/IMG/right_2026_08_29_20_18_04_512.jpg,0.2,1.0,0.0,30.18013
data/IMG/center_2026_08_29_20_18_05_267.jpg,data/IMG/left_2026_08_29_20_18_05_267.jpg,data/IMG/right_2026_08_29_20_18_05_267.jpg,0.2,1.0,0.0,30.17978
data/IMG/center_2026_08_29_20_18_05_334.jpg,data/IMG/left_2026_08_29_20_18_05_334.jpg,data/IMG/right_2026_08_29_20_18_05_334.jpg,0.35,1.0,0.0,30.16343
data/IMG/center_2026_08_29_20_18_05_883.jpg,data/IMG/left_2026_08_29_20_18_05_883.jpg,data/IMG/right_2026_08_29_20_18_05_883.jpg,0.1,1.0,0.0,30.18747
data/IMG/center_2026_08_29_20_18_05_953.jpg,data/IMG/left_2026_08_29_20_18_05_953.jpg,data/IMG/right_2026_08_29_20_18_05_953.jpg,0.25,1.0,0.0,30.17488
data/IMG/center_2026_08_29_20_18_06_020.jpg,data/IMG/left_2026_08_29_20_18_06_020.jpg,data/IMG/right_2026_08_29_20_18_06_020.jpg,0.4,1.0,0.0,30.15765
data/IMG/center_2026_08_29_20_18_06_157.jpg,data/IMG/left_2026_08_29_20_18_06_157.jpg,data/IMG/right_2026_08_29_20_18_06_157.jpg,0.0,1.0,0.0,30.18654
data/IMG/center_2026_08_29_20_18_06_293.jpg,data/IMG/left_2026_08_29_20_18_06_293.jpg,data/IMG/right_2026_08_29_20_18_06_293.jpg,0.0,1.0,0.0,30.19009
data/IMG/center_2026_08_29_20_18_06_981.jpg,data/IMG/left_2026_08_29_20_18_06_981.jpg,data/IMG/right_2026_08_29_20_18_06_981.jpg,0.1,1.0,0.0,30.18759
data/IMG/center_2026_08_29_20_18_07_048.jpg,data/IMG/left_2026_08_29_20_18_07_048.jpg,data/IMG/right_2026_08_29_20_18_07_048.jpg,0.3,1.0,0.0,30.16954
data/IMG/center_2026_08_29_20_18_07_117.jpg,data/IMG/left_2026_08_29_20_18_07_117.jpg,data/IMG/right_2026_08_29_20_18_07_117.jpg,0.45,1.0,0.0,30.15142
data/IMG/center_2026_08_29_20_18_07_527.jpg,data/IMG/left_2026_08_29_20_18_07_527.jpg,data/IMG/right_2026_08_29_20_18_07_527.jpg,0.1,1.0,0.0,30.18828
data/IMG/center_2026_08_29_20_18_07_594.jpg,data/IMG/left_2026_08_29_20_18_07_594.jpg,data/IMG/right_2026_08_29_20_18_07_594.jpg,0.25,1.0,0.0,30.17572
data/IMG/center_2026_08_29_20_18_08_140.jpg,data/IMG/left_2026_08_29_20_18_08_140.jpg,data/IMG/right_2026_08_29_20_18_08_140.jpg,0.1,1.0,0.0,30.1878
data/IMG/center_2026_08_29_20_18_08_208.jpg,data/IMG/left_2026_08_29_20_18_08_208.jpg,data/IMG/right_2026_08_29_20_18_08_208.jpg,0.3,1.0,0.0,30.16944
data/IMG/center_2026_08_29_20_18_08_275.jpg,data/IMG/left_2026_08_29_20_18_08_275.jpg,data/IMG/right_2026_08_29_20_18_08_275.jpg,0.45,1.0,0.0,30.15158
data/IMG/center_2026_08_29_20_18_08_885.jpg,data/IMG/left_2026_08_29_20_18_08_885.jpg,data/IMG/right_2026_08_29_20_18_08_885.jpg,0.05,1.0,0.0,30.18971
data/IMG/center_2026_08_29_20_18_08_954.jpg,data/IMG/left_2026_08_29_20_18_08_954.jpg,data/IMG/right_2026_08_29_20_18_08_954.jpg,0.2,1.0,0.0,30.17985
data/IMG/center_2026_08_29_20_18_09_022.jpg,data/IMG/left_2026_08_29_20_18_09_022.jpg,data/IMG/right_2026_08_29_20_18_09_022.jpg,0.35,1.0,0.0,30.16346
data/IMG/center_2026_08_29_20_18_09_092.jpg,data/IMG/left_2026_08_29_20_18_09_092.jpg,data/IMG/right_2026_08_29_20_18_09_092.jpg,0.5500001,1.0,0.0,30.13922
data/IMG/center_2026_08_29_20_18_09_159.jpg,data/IMG/left_2026_08_29_20_18_09_159.jpg,data/IMG/right_2026_08_29_20_18_09_159.jpg,0.7,1.0,0.0,30.12093
data/IMG/center_2026_08_29_20_18_09_711.jpg,data/IMG/left_2026_08_29_20_18_09_711.jpg,data/IMG/right_2026_08_29_20_18_09_711.jpg,0.1,1.0,0.0,30.18784
data/IMG/center_2026_08_29_20_18_09_782.jpg,data/IMG/left_2026_08_29_20_18_09_782.jpg,data/IMG/right_2026_08_29_20_18_09_782.jpg,0.25,1.0,0.0,30.17488
data/IMG/center_2026_08_29_20_18_09_850.jpg,data/IMG/left_2026_08_29_20_18_09_850.jpg,data/IMG/right_2026_08_29_20_18_09_850.jpg,0.45,1.0,0.0,30.15154
data/IMG/center_2026_08_29_20_18_09_920.jpg,data/IMG/left_2026_08_29_20_18_09_920.jpg,data/IMG/right_2026_08_29_20_18_09_920.jpg,0.6000001,1.0,0.0,30.13313
data/IMG/center_2026_08_29_20_18_11_434.jpg,data/IMG/left_2026_08_29_20_18_11_434.jpg,data/IMG/right_2026_08_29_20_18_11_434.jpg,0.1,1.0,0.0,30.18766
data/IMG/center_2026_08_29_20_18_11_502.jpg,data/IMG/left_2026_08_29_20_18_11_502.jpg,data/IMG/right_2026_08_29_20_18_11_502.jpg,0.25,1.0,0.0,30.17476
data/IMG/center_2026_08_29_20_18_11_572.jpg,data/IMG/left_2026_08_29_20_18_11_572.jpg,data/IMG/right_2026_08_29_20_18_11_572.jpg,0.45,1.0,0.0,30.1515
data/IMG/center_2026_08_29_20_18_11_639.jpg,data/IMG/left_2026_08_29_20_18_11_639.jpg,data/IMG/right_2026_08_29_20_18_11_639.jpg,0.6000001,1.0,0.0,30.13317
data/IMG/center_2026_08_29_20_18_11_984.jpg,data/IMG/left_2026_08_29_20_18_11_984.jpg,data/IMG/right_2026_08_29_20_18_11_984.jpg,0.0,1.0,0.0,30.19028
data/IMG/center_2026_08_29_20_18_12_738.jpg,data/IMG/left_2026_08_29_20_18_12_738.jpg,data/IMG/right_2026_08_29_20_18_12_738.jpg,0.15,1.0,0.0,30.18421
data/IMG/center_2026_08_29_20_18_12_808.jpg,data/IMG/left_2026_08_29_20_18_12_808.jpg,data/IMG/right_2026_08_29_20_18_12_808.jpg,0.35,1.0,0.0,30.16342
data/IMG/center_2026_08_29_20_18_12_875.jpg,data/IMG/left_2026_08_29_20_18_12_875.jpg,data/IMG/right_2026_08_29_20_18_12_875.jpg,0.5000001,1.0,0.0,30.14538
data/IMG/center_2026_08_29_20_18_13_904.jpg,data/IMG/left_2026_08_29_20_18_13_904.jpg,data/IMG/right_2026_08_29_20_18_13_904.jpg,0.0,1.0,0.0,30.19035
data/IMG/center_2026_08_29_20_18_14_044.jpg,data/IMG/left_2026_08_29_20_18_14_044.jpg,data/IMG/right_2026_08_29_20_18_14_044.jpg,0.05,1.0,0.0,30.18975
data/IMG/center_2026_08_29_20_18_14_113.jpg,data/IMG/left_2026_08_29_20_18_14_113.jpg,data/IMG/right_2026_08_29_20_18_14_113.jpg,0.2,1.0,0.0,30.17984
data/IMG/center_2026_08_29_20_18_14_184.jpg,data/IMG/left_2026_08_29_20_18_14_184.jpg,data/IMG/right_2026_08_29_20_18_14_184.jpg,0.4,1.0,0.0,30.15749
data/IMG/center_2026_08_29_20_18_14_253.jpg,data/IMG/left_2026_08_29_20_18_14_253.jpg,data/IMG/right_2026_08_29_20_18_14_253.jpg,0.5500001,1.0,0.0,30.13929
data/IMG/center_2026_08_29_20_18_15_414.jpg,data/IMG/left_2026_08_29_20_18_15_414.jpg,data/IMG/right_2026_08_29_20_18_15_414.jpg,0.15,1.0,0.0,30.18421
data/IMG/center_2026_08_29_20_18_15_484.jpg,data/IMG/left_2026_08_29_20_18_15_484.jpg,data/IMG/right_2026_08_29_20_18_15_484.jpg,0.35,1.0,0.0,30.16344
data/IMG/center_2026_08_29_20_18_15_553.jpg,data/IMG/left_2026_08_29_20_18_15_553.jpg,data/IMG/right_2026_08_29_20_18_15_553.jpg,0.5000001,1.0,0.0,30.14536
data/IMG/center_2026_08_29_20_18_15_621.jpg,data/IMG/left_2026_08_29_20_18_15_621.jpg,data/IMG/right_2026_08_29_20_18_15_621.jpg,0.0,1.0,0.0,30.18537
data/IMG/center_2026_08_29_20_18_18_766.jpg,data/IMG/left_2026_08_29_20_18_18_766.jpg,data/IMG/right_2026_08_29_20_18_18_766.jpg,0.15,1.0,0.0,30.18424
data/IMG/center_2026_08_29_20_18_18_833.jpg,data/IMG/left_2026_08_29_20_18_18_833.jpg,data/IMG/right_2026_08_29_20_18_18_833.jpg,0.3,1.0,0.0,30.16928
data/IMG/center_2026_08_29_20_18_18_902.jpg,data/IMG/left_2026_08_29_20_18_18_902.jpg,data/IMG/right_2026_08_29_20_18_18_902.jpg,0.45,1.0,0.0,30.15151
data/IMG/center_2026_08_29_20_18_19_513.jpg,data/IMG/left_2026_08_29_20_18_19_513.jpg,data/IMG/right_2026_08_29_20_18_19_513.jpg,0.1,1.0,0.0,30.1877
data/IMG/center_2026_08_29_20_18_19_583.jpg,data/IMG/left_2026_08_29_20_18_19_583.jpg,data/IMG/right_2026_08_29_20_18_19_583.jpg,0.3,1.0,0.0,30.16924
data/IMG/center_2026_08_29_20_18_19_653.jpg,data/IMG/left_2026_08_29_20_18_19_653.jpg,data/IMG/right_2026_08_29_20_18_19_653.jpg,0.45,1.0,0.0,30.15146
data/IMG/center_2026_08_29_20_18_22_034.jpg,data/IMG/left_2026_08_29_20_18_22_034.jpg,data/IMG/right_2026_08_29_20_18_22_034.jpg,0.0,1.0,0.0,30.19028
data/IMG/center_2026_08_29_20_18_22_581.jpg,data/IMG/left_2026_08_29_20_18_22_581.jpg,data/IMG/right_2026_08_29_20_18_22_581.jpg,0.0,1.0,0.0,30.19034
data/IMG/center_2026_08_29_20_18_23_607.jpg,data/IMG/left_2026_08_29_20_18_23_607.jpg,data/IMG/right_2026_08_29_20_18_23_607.jpg,0.15,1.0,0.0,30.18422
data/IMG/center_2026_08_29_20_18_23_675.jpg,data/IMG/left_2026_08_29_20_18_23_675.jpg,data/IMG/right_2026_08_29_20_18_23_675.jpg,0.3,1.0,0.0,30.16925
data/IMG/center_2026_08_29_20_18_23_742.jpg,data/IMG/left_2026_08_29_20_18_23_742.jpg,data/IMG/right_2026_08_29_20_18_23_742.jpg,0.45,1.0,0.0,30.15146
data/IMG/center_2026_08_29_20_18_24_897.jpg,data/IMG/left_2026_08_29_20_18_24_897.jpg,data/IMG/right_2026_08_29_20_18_24_897.jpg,0.0,1.0,0.0,30.19028
data/IMG/center_2026_08_29_20_18_25_302.jpg,data/IMG/left_2026_08_29_20_18_25_302.jpg,data/IMG/right_2026_08_29_20_18_25_302.jpg,0.1,1.0,0.0,30.18773
data/IMG/center_2026_08_29_20_18_25_369.jpg,data/IMG/left_2026_08_29_20_18_25_369.jpg,data/IMG/right_2026_08_29_20_18_25_369.jpg,0.3,1.0,0.0,30.16926
data/IMG/center_2026_08_29_20_18_25_438.jpg,data/IMG/left_2026_08_29_20_18_25_438.jpg,data/IMG/right_2026_08_29_20_18_25_438.jpg,0.45,1.0,0.0,30.15146
data/IMG/center_2026_08_29_20_18_31_013.jpg,data/IMG/left_2026_08_29_20_18_31_013.jpg,data/IMG/right_2026_08_29_20_18_31_013.jpg,0.15,1.0,0.0,30.18441
data/IMG/center_2026_08_29_20_18_31_084.jpg,data/IMG/left_2026_08_29_20_18_31_084.jpg,data/IMG/right_2026_08_29_20_18_31_084.jpg,0.35,1.0,0.0,30.16329
data/IMG/center_2026_08_29_20_18_31_153.jpg,data/IMG/left_2026_08_29_20_18_31_153.jpg,data/IMG/right_2026_08_29_20_18_31_153.jpg,0.5000001,1.0,0.0,30.14562
data/IMG/center_2026_08_29_20_18_32_308.jpg,data/IMG/left_2026_08_29_20_18_32_308.jpg,data/IMG/right_2026_08_29_20_18_32_308.jpg,0.05,1.0,0.0,30.18965
data/IMG/center_2026_08_29_20_18_32_375.jpg,data/IMG/left_2026_08_29_20_18_32_375.jpg,data/IMG/right_2026_08_29_20_18_32_375.jpg,0.2,1.0,0.0,30.1801
data/IMG/center_2026_08_29_20_18_32_444.jpg,data/IMG/left_2026_08_29_20_18_32_444.jpg,data/IMG/right_2026_08_29_20_18_32_444.jpg,0.4,1.0,0.0,30.15853
data/IMG/center_2026_08_29_20_18_33_954.jpg,data/IMG/left_2026_08_29_20_18_33_954.jpg,data/IMG/right_2026_08_29_20_18_33_954.jpg,0.1,1.0,0.0,30.18767
data/IMG/center_2026_08_29_20_18_34_024.jpg,data/IMG/left_2026_08_29_20_18_34_024.jpg,data/IMG/right_2026_08_29_20_18_34_024.jpg,0.3,1.0,0.0,30.16924
data/IMG/center_2026_08_29_20_18_34_091.jpg,data/IMG/left_2026_08_29_20_18_34_091.jpg,data/IMG/right_2026_08_29_20_18_34_091.jpg,0.45,1.0,0.0,30.15147
data/IMG/center_2026_08_29_20_18_34_159.jpg,data/IMG/left_2026_08_29_20_18_34_159.jpg,data/IMG/right_2026_08_29_20_18_34_159.jpg,0.0,1.0,0.0,30.18649
data/IMG/center_2026_08_29_20_18_36_830.jpg,data/IMG/left_2026_08_29_20_18_36_830.jpg,data/IMG/right_2026_08_29_20_18_36_830.jpg,0.15,1.0,0.0,30.18424
data/IMG/center_2026_08_29_20_18_36_900.jpg,data/IMG/left_2026_08_29_20_18_36_900.jpg,data/IMG/right_2026_08_29_20_18_36_900.jpg,0.3,1.0,0.0,30.16928
data/IMG/center_2026_08_29_20_18_37_452.jpg,data/IMG/left_2026_08_29_20_18_37_452.jpg,data/IMG/right_2026_08_29_20_18_37_452.jpg,0.0,1.0,0.0,30.19028
data/IMG/center_2026_08_29_20_18_38_548.jpg,data/IMG/left_2026_08_29_20_18_38_548.jpg,data/IMG/right_2026_08_29_20_18_38_548.jpg,0.0,1.0,0.0,30.19036
data/IMG/center_2026_08_29_20_18_38_618.jpg,data/IMG/left_2026_08_29_20_18_38_618.jpg,data/IMG/right_2026_08_29_20_18_38_618.jpg,0.15,1.0,0.0,30.18421
data/IMG/center_2026_08_29_20_18_38_688.jpg,data/IMG/left_2026_08_29_20_18_38_688.jpg,data/IMG/right_2026_08_29_20_18_38_688.jpg,0.35,1.0,0.0,30.16331
data/IMG/center_2026_08_29_20_18_38_755.jpg,data/IMG/left_2026_08_29_20_18_38_755.jpg,data/IMG/right_2026_08_29_20_18_38_755.jpg,0.5000001,1.0,0.0,30.14531
data/IMG/center_2026_08_29_20_18_39_037.jpg,data/IMG/left_2026_08_29_20_18_39_037.jpg,data/IMG/right_2026_08_29_20_18_39_037.jpg,0.0,1.0,0.0,30.18998
data/IMG/center_2026_08_29_20_18_40_267.jpg,data/IMG/left_2026_08_29_20_18_40_267.jpg,data/IMG/right_2026_08_29_20_18_40_267.jpg,0.2,1.0,0.0,30.17983
data/IMG/center_2026_08_29_20_18_40_337.jpg,data/IMG/left_2026_08_29_20_18_40_337.jpg,data/IMG/right_2026_08_29_20_18_40_337.jpg,0.35,1.0,0.0,30.16341
data/IMG/center_2026_08_29_20_18_40_405.jpg,data/IMG/left_2026_08_29_20_18_40_405.jpg,data/IMG/right_2026_08_29_20_18_40_405.jpg,0.5500001,1.0,0.0,30.13922
data/IMG/center_2026_08_29_20_18_41_787.jpg,data/IMG/left_2026_08_29_20_18_41_787.jpg,data/IMG/right_2026_08_29_20_18_41_787.jpg,0.2,1.0,0.0,30.17982
data/IMG/center_2026_08_29_20_18_41_856.jpg,data/IMG/left_2026_08_29_20_18_41_856.jpg,data/IMG/right_2026_08_29_20_18_41_856.jpg,0.35,1.0,0.0,30.16345
data/IMG/center_2026_08_29_20_18_41_923.jpg,data/IMG/left_2026_08_29_20_18_41_923.jpg,data/IMG/right_2026_08_29_20_18_41_923.jpg,0.5500001,1.0,0.0,30.13986
data/IMG/center_2026_08_29_20_18_41_992.jpg,data/IMG/left_2026_08_29_20_18_41_992.jpg,data/IMG/right_2026_08_29_20_18_41_992.jpg,0.0,1.0,0.0,30.18062
data/IMG/center_2026_08_29_20_18_42_948.jpg,data/IMG/left_2026_08_29_20_18_42_948.jpg,data/IMG/right_2026_08_29_20_18_42_948.jpg,0.15,1.0,0.0,30.18414
data/IMG/center_2026_08_29_20_18_43_016.jpg,data/IMG/left_2026_08_29_20_18_43_016.jpg,data/IMG/right_2026_08_29_20_18_43_016.jpg,0.3,1.0,0.0,30.16918
data/IMG/center_2026_08_29_20_18_43_085.jpg,data/IMG/left_2026_08_29_20_18_43_085.jpg,data/IMG/right_2026_08_29_20_18_43_085.jpg,0.5000001,1.0,0.0,30.1453
data/IMG/center_2026_08_29_20_18_43_152.jpg,data/IMG/left_2026_08_29_20_18_43_152.jpg,data/IMG/right_2026_08_29_20_18_43_152.jpg,0.6500001,1.0,0.0,30.12704
data/IMG/center_2026_08_29_20_18_44_589.jpg,data/IMG/left_2026_08_29_20_18_44_589.jpg,data/IMG/right_2026_08_29_20_18_44_589.jpg,0.2,1.0,0.0,30.18047
data/IMG/center_2026_08_29_20_18_44_656.jpg,data/IMG/left_2026_08_29_20_18_44_656.jpg,data/IMG/right_2026_08_29_20_18_44_656.jpg,0.35,1.0,0.0,30.16342
data/IMG/center_2026_08_29_20_18_44_723.jpg,data/IMG/left_2026_08_29_20_18_44_723.jpg,data/IMG/right_2026_08_29_20_18_44_723.jpg,0.5500001,1.0,0.0,30.13923
data/IMG/center_2026_08_29_20_18_44_790.jpg,data/IMG/left_2026_08_29_20_18_44_790.jpg,data/IMG/right_2026_08_29_20_18_44_790.jpg,0.7,1.0,0.0,30.12062
data/IMG/center_2026_08_29_20_18_45_819.jpg,data/IMG/left_2026_08_29_20_18_45_819.jpg,data/IMG/right_2026_08_29_20_18_45_819.jpg,0.0,1.0,0.0,30.19029
data/IMG/center_2026_08_29_20_18_46_301.jpg,data/IMG/left_2026_08_29_20_18_46_301.jpg,data/IMG/right_2026_08_29_20_18_46_301.jpg,0.05,1.0,0.0,30.19008
data/IMG/center_2026_08_29_20_18_46_371.jpg,data/IMG/left_2026_08_29_20_18_46_371.jpg,data/IMG/right_2026_08_29_20_18_46_371.jpg,0.25,1.0,0.0,30.17474
data/IMG/center_2026_08_29_20_18_46_442.jpg,data/IMG/left_2026_08_29_20_18_46_442.jpg,data/IMG/right_2026_08_29_20_18_46_442.jpg,0.4,1.0,0.0,30.15751
data/IMG/center_2026_08_29_20_18_46_512.jpg,data/IMG/left_2026_08_29_20_18_46_512.jpg,data/IMG/right_2026_08_29_20_18_46_512.jpg,0.6000001,1.0,0.0,30.13319
data/IMG/center_2026_08_29_20_18_46_852.jpg,data/IMG/left_2026_08_29_20_18_46_852.jpg,data/IMG/right_2026_08_29_20_18_46_852.jpg,0.0,1.0,0.0,30.19031
data/IMG/center_2026_08_29_20_18_47_271.jpg,data/IMG/left_2026_08_29_20_18_47_271.jpg,data/IMG/right_2026_08_29_20_18_47_271.jpg,0.15,1.0,0.0,30.18411
data/IMG/center_2026_08_29_20_18_47_338.jpg,data/IMG/left_2026_08_29_20_18_47_338.jpg,data/IMG/right_2026_08_29_20_18_47_338.jpg,0.3,1.0,0.0,30.16917
data/IMG/center_2026_08_29_20_18_47_405.jpg,data/IMG/left_2026_08_29_20_18_47_405.jpg,data/IMG/right_2026_08_29_20_18_47_405.jpg,0.5000001,1.0,0.0,30.14531
data/IMG/center_2026_08_29_20_18_47_472.jpg,data/IMG/left_2026_08_29_20_18_47_472.jpg,data/IMG/right_2026_08_29_20_18_47_472.jpg,0.6500001,1.0,0.0,30.12707
data/IMG/center_2026_08_29_20_18_48_088.jpg,data/IMG/left_2026_08_29_20_18_48_088.jpg,data/IMG/right_2026_08_29_20_18_48_088.jpg,0.1,1.0,0.0,30.18771
data/IMG/center_2026_08_29_20_18_48_159.jpg,data/IMG/left_2026_08_29_20_18_48_159.jpg,data/IMG/right_2026_08_29_20_18_48_159.jpg,0.25,1.0,0.0,30.17477
data/IMG/center_2026_08_29_20_18_48_226.jpg,data/IMG/left_2026_08_29_20_18_48_226.jpg,data/IMG/right_2026_08_29_20_18_48_226.jpg,0.45,1.0,0.0,30.15144
data/IMG/center_2026_08_29_20_18_48_294.jpg,data/IMG/left_2026_08_29_20_18_48_294.jpg,data/IMG/right_2026_08_29_20_18_48_294.jpg,0.6000001,1.0,0.0,30.13312
data/IMG/center_2026_08_29_20_18_48_849.jpg,data/IMG/left_2026_08_29_20_18_48_849.jpg,data/IMG/right_2026_08_29_20_18_48_849.jpg,0.15,1.0,0.0,30.18447
data/IMG/center_2026_08_29_20_18_48_919.jpg,data/IMG/left_2026_08_29_20_18_48_919.jpg,data/IMG/right_2026_08_29_20_18_48_919.jpg,0.3,1.0,0.0,30.17058
data/IMG/center_2026_08_29_20_18_48_989.jpg,data/IMG/left_2026_08_29_20_18_48_989.jpg,data/IMG/right_2026_08_29_20_18_48_989.jpg,0.5000001,1.0,0.0,30.14536
data/IMG/center_2026_08_29_20_18_49_056.jpg,data/IMG/left_2026_08_29_20_18_49_056.jpg,data/IMG/right_2026_08_29_20_18_49_056.jpg,0.6500001,1.0,0.0,30.12702
data/IMG/center_2026_08_29_20_18_49_123.jpg,data/IMG/left_2026_08_29_20_18_49_123.jpg,data/IMG/right_2026_08_29_20_18_49_123.jpg,0.8000001,1.0,0.0,30.10952
data/IMG/center_2026_08_29_20_18_49_608.jpg,data/IMG/left_2026_08_29_20_18_49_608.jpg,data/IMG/right_2026_08_29_20_18_49_608.jpg,0.2,1.0,0.0,30.18144
data/IMG/center_2026_08_29_20_18_49_678.jpg,data/IMG/left_2026_08_29_20_18_49_678.jpg,data/IMG/right_2026_08_29_20_18_49_678.jpg,0.35,1.0,0.0,30.16479
data/IMG/center_2026_08_29_20_18_49_745.jpg,data/IMG/left_2026_08_29_20_18_49_745.jpg,data/IMG/right_2026_08_29_20_18_49_745.jpg,0.5500001,1.0,0.0,30.13999
data/IMG/center_2026_08_29_20_18_50_228.jpg,data/IMG/left_2026_08_29_20_18_50_228.jpg,data/IMG/right_2026_08_29_20_18_50_228.jpg,0.1,1.0,0.0,30.18809
data/IMG/center_2026_08_29_20_18_50_298.jpg,data/IMG/left_2026_08_29_20_18_50_298.jpg,data/IMG/right_2026_08_29_20_18_50_298.jpg,0.25,1.0,0.0,30.17534
data/IMG/center_2026_08_29_20_18_50_366.jpg,data/IMG/left_2026_08_29_20_18_50_366.jpg,data/IMG/right_2026_08_29_20_18_50_366.jpg,0.45,1.0,0.0,30.15176
data/IMG/center_2026_08_29_20_18_50_434.jpg,data/IMG/left_2026_08_29_20_18_50_434.jpg,data/IMG/right_2026_08_29_20_18_50_434.jpg,0.6000001,1.0,0.0,30.13331
data/IMG/center_2026_08_29_20_18_50_503.jpg,data/IMG/left_2026_08_29_20_18_50_503.jpg,data/IMG/right_2026_08_29_20_18_50_503.jpg,0.8000001,1.0,0.0,30.11018
data/IMG/center_2026_08_29_20_18_51_472.jpg,data/IMG/left_2026_08_29_20_18_51_472.jpg,data/IMG/right_2026_08_29_20_18_51_472.jpg,0.15,1.0,0.0,30.18416
data/IMG/center_2026_08_29_20_18_51_544.jpg,data/IMG/left_2026_08_29_20_18_51_544.jpg,data/IMG/right_2026_08_29_20_18_51_544.jpg,0.35,1.0,0.0,30.16338
data/IMG/center_2026_08_29_20_18_51_615.jpg,data/IMG/left_2026_08_29_20_18_51_615.jpg,data/IMG/right_2026_08_29_20_18_51_615.jpg,0.5000001,1.0,0.0,30.14526
data/IMG/center_2026_08_29_20_18_51_682.jpg,data/IMG/left_2026_08_29_20_18_51_682.jpg,data/IMG/right_2026_08_29_20_18_51_682.jpg,0.6500001,1.0,0.0,30.12698
data/IMG/center_2026_08_29_20_18_52_168.jpg,data/IMG/left_2026_08_29_20_18_52_168.jpg,data/IMG/right_2026_08_29_20_18_52_168.jpg,0.05,1.0,0.0,30.18976
data/IMG/center_2026_08_29_20_18_52_234.jpg,data/IMG/left_2026_08_29_20_18_52_234.jpg,data/IMG/right_2026_08_29_20_18_52_234.jpg,0.2,1.0,0.0,30.18011
data/IMG/center_2026_08_29_20_18_52_301.jpg,data/IMG/left_2026_08_29_20_18_52_301.jpg,data/IMG/right_2026_08_29_20_18_52_301.jpg,0.35,1.0,0.0,30.16392
data/IMG/center_2026_08_29_20_18_54_015.jpg,data/IMG/left_2026_08_29_20_18_54_015.jpg,data/IMG/right_2026_08_29_20_18_54_015.jpg,0.0,1.0,0.0,30.19033
data/IMG/center_2026_08_29_20_18_55_034.jpg,data/IMG/left_2026_08_29_20_18_55_034.jpg,data/IMG/right_2026_08_29_20_18_55_034.jpg,0.0,1.0,0.0,30.19029
data/IMG/center_2026_08_29_20_18_55_239.jpg,data/IMG/left_2026_08_29_20_18_55_239.jpg,data/IMG/right_2026_08_29_20_18_55_239.jpg,0.0,1.0,0.0,30.1903
data/IMG/center_2026_08_29_20_18_55_717.jpg,data/IMG/left_2026_08_29_20_18_55_717.jpg,data/IMG/right_2026_08_29_20_18_55_717.jpg,0.0,1.0,0.0,30.1903
data/IMG/center_2026_08_29_20_18_56_055.jpg,data/IMG/left_2026_08_29_20_18_56_055.jpg,data/IMG/right_2026_08_29_20_18_56_055.jpg,0.0,1.0,0.0,30.19029
data/IMG/center_2026_08_29_20_18_56_802.jpg,data/IMG/left_2026_08_29_20_18_56_802.jpg,data/IMG/right_2026_08_29_20_18_56_802.jpg,0.0,1.0,0.0,30.19027
data/IMG/center_2026_08_29_20_18_56_871.jpg,data/IMG/left_2026_08_29_20_18_56_871.jpg,data/IMG/right_2026_08_29_20_18_56_871.jpg,-0.1,1.0,0.0,30.18766
data/IMG/center_2026_08_29_20_18_56_940.jpg,data/IMG/left_2026_08_29_20_18_56_940.jpg,data/IMG/right_2026_08_29_20_18_56_940.jpg,-0.25,1.0,0.0,30.17478
data/IMG/center_2026_08_29_20_18_57_007.jpg,data/IMG/left_2026_08_29_20_18_57_007.jpg,data/IMG/right_2026_08_29_20_18_57_007.jpg,-0.45,1.0,0.0,30.15147
data/IMG/center_2026_08_29_20_18_57_746.jpg,data/IMG/left_2026_08_29_20_18_57_746.jpg,data/IMG/right_2026_08_29_20_18_57_746.jpg,-0.05,1.0,0.0,30.18968
data/IMG/center_2026_08_29_20_18_57_814.jpg,data/IMG/left_2026_08_29_20_18_57_814.jpg,data/IMG/right_2026_08_29_20_18_57_814.jpg,-0.2,1.0,0.0,30.17978
data/IMG/center_2026_08_29_20_18_57_881.jpg,data/IMG/left_2026_08_29_20_18_57_881.jpg,data/IMG/right_2026_08_29_20_18_57_881.jpg,-0.35,1.0,0.0,30.16308
data/IMG/center_2026_08_29_20_18_57_950.jpg,data/IMG/left_2026_08_29_20_18_57_950.jpg,data/IMG/right_2026_08_29_20_18_57_950.jpg,-0.5500001,1.0,0.0,30.13919
data/IMG/center_2026_08_29_20_18_58_355.jpg,data/IMG/left_2026_08_29_20_18_58_355.jpg,data/IMG/right_2026_08_29_20_18_58_355.jpg,-0.15,1.0,0.0,30.18503
data/IMG/center_2026_08_29_20_18_58_425.jpg,data/IMG/left_2026_08_29_20_18_58_425.jpg,data/IMG/right_2026_08_29_20_18_58_425.jpg,-0.35,1.0,0.0,30.16418
data/IMG/center_2026_08_29_20_18_58_491.jpg,data/IMG/left_2026_08_29_20_18_58_491.jpg,data/IMG/right_2026_08_29_20_18_58_491.jpg,-0.5000001,1.0,0.0,30.14589
data/IMG/center_2026_08_29_20_18_58_558.jpg,data/IMG/left_2026_08_29_20_18_58_558.jpg,data/IMG/right_2026_08_29_20_18_58_558.jpg,-0.6500001,1.0,0.0,30.12745
data/IMG/center_2026_08_29_20_18_58_626.jpg,data/IMG/left_2026_08_29_20_18_58_626.jpg,data/IMG/right_2026_08_29_20_18_58_626.jpg,-0.8500001,1.0,0.0,30.10573
data/IMG/center_2026_08_29_20_18_59_103.jpg,data/IMG/left_2026_08_29_20_18_59_103.jpg,data/IMG/right_2026_08_29_20_18_59_103.jpg,-0.1,1.0,0.0,30.18909
data/IMG/center_2026_08_29_20_18_59_169.jpg,data/IMG/left_2026_08_29_20_18_59_169.jpg,data/IMG/right_2026_08_29_20_18_59_169.jpg,-0.25,1.0,0.0,30.17449
data/IMG/center_2026_08_29_20_18_59_237.jpg,data/IMG/left_2026_08_29_20_18_59_237.jpg,data/IMG/right_2026_08_29_20_18_59_237.jpg,-0.4,1.0,0.0,30.15723
data/IMG/center_2026_08_29_20_18_59_305.jpg,data/IMG/left_2026_08_29_20_18_59_305.jpg,data/IMG/right_2026_08_29_20_18_59_305.jpg,-0.6000001,1.0,0.0,30.13332
data/IMG/center_2026_08_29_20_18_59_374.jpg,data/IMG/left_2026_08_29_20_18_59_374.jpg,data/IMG/right_2026_08_29_20_18_59_374.jpg,-0.7500002,1.0,0.0,30.11397
data/IMG/center_2026_08_29_20_18_59_713.jpg,data/IMG/left_2026_08_29_20_18_59_713.jpg,data/IMG/right_2026_08_29_20_18_59_713.jpg,-0.1,1.0,0.0,30.19014
data/IMG/center_2026_08_29_20_18_59_783.jpg,data/IMG/left_2026_08_29_20_18_59_783.jpg,data/IMG/right_2026_08_29_20_18_59_783.jpg,-0.3,1.0,0.0,30.17149
data/IMG/center_2026_08_29_20_18_59_850.jpg,data/IMG/left_2026_08_29_20_18_59_850.jpg,data/IMG/right_2026_08_29_20_18_59_850.jpg,-0.45,1.0,0.0,30.15441
data/IMG/center_2026_08_29_20_18_59_918.jpg,data/IMG/left_2026_08_29_20_18_59_918.jpg,data/IMG/right_2026_08_29_20_18_59_918.jpg,-0.6000001,1.0,0.0,30.13368
data/IMG/center_2026_08_29_20_18_59_987.jpg,data/IMG/left_2026_08_29_20_18_59_987.jpg,data/IMG/right_2026_08_29_20_18_59_987.jpg,-0.8000001,1.0,0.0,30.1103
data/IMG/center_2026_08_29_20_19_00_054.jpg,data/IMG/left_2026_08_29_20_19_00_054.jpg,data/IMG/right_2026_08_29_20_19_00_054.jpg,-0.9500002,1.0,0.0,30.10095
data/IMG/center_2026_08_29_20_19_00_187.jpg,data/IMG/left_2026_08_29_20_19_00_187.jpg,data/IMG/right_2026_08_29_20_19_00_187.jpg,0.0,1.0,0.0,30.18053
data/IMG/center_2026_08_29_20_19_00_464.jpg,data/IMG/left_2026_08_29_20_19_00_464.jpg,data/IMG/right_2026_08_29_20_19_00_464.jpg,-0.05,1.0,0.0,30.19008
data/IMG/center_2026_08_29_20_19_00_534.jpg,data/IMG/left_2026_08_29_20_19_00_534.jpg,data/IMG/right_2026_08_29_20_19_00_534.jpg,-0.2,1.0,0.0,30.18125
data/IMG/center_2026_08_29_20_19_00_602.jpg,data/IMG/left_2026_08_29_20_19_00_602.jpg,data/IMG/right_2026_08_29_20_19_00_602.jpg,-0.35,1.0,0.0,30.16439
data/IMG/center_2026_08_29_20_19_01_086.jpg,data/IMG/left_2026_08_29_20_19_01_086.jpg,data/IMG/right_2026_08_29_20_19_01_086.jpg,-0.15,1.0,0.0,30.18451
data/IMG/center_2026_08_29_20_19_01_154.jpg,data/IMG/left_2026_08_29_20_19_01_154.jpg,data/IMG/right_2026_08_29_20_19_01_154.jpg,-0.3,1.0,0.0,30.16953
data/IMG/center_2026_08_29_20_19_01_223.jpg,data/IMG/left_2026_08_29_20_19_01_223.jpg,data/IMG/right_2026_08_29_20_19_01_223.jpg,-0.5000001,1.0,0.0,30.14551
data/IMG/center_2026_08_29_20_19_01_705.jpg,data/IMG/left_2026_08_29_20_19_01_705.jpg,data/IMG/right_2026_08_29_20_19_01_705.jpg,-0.1,1.0,0.0,30.18777
data/IMG/center_2026_08_29_20_19_01_776.jpg,data/IMG/left_2026_08_29_20_19_01_776.jpg,data/IMG/right_2026_08_29_20_19_01_776.jpg,-0.25,1.0,0.0,30.17504
data/IMG/center_2026_08_29_20_19_01_843.jpg,data/IMG/left_2026_08_29_20_19_01_843.jpg,data/IMG/right_2026_08_29_20_19_01_843.jpg,-0.45,1.0,0.0,30.15164
data/IMG/center_2026_08_29_20_19_04_910.jpg,data/IMG/left_2026_08_29_20_19_04_910.jpg,data/IMG/right_2026_08_29_20_19_04_910.jpg,0.1,1.0,0.0,30.18768
data/IMG/center_2026_08_29_20_19_04_977.jpg,data/IMG/left_2026_08_29_20_19_04_977.jpg,data/IMG/right_2026_08_29_20_19_04_977.jpg,0.25,1.0,0.0,30.17475
data/IMG/center_2026_08_29_20_19_05_255.jpg,data/IMG/left_2026_08_29_20_19_05_255.jpg,data/IMG/right_2026_08_29_20_19_05_255.jpg,0.0,1.0,0.0,30.1902
data/IMG/center_2026_08_29_20_19_05_811.jpg,data/IMG/left_2026_08_29_20_19_05_811.jpg,data/IMG/right_2026_08_29_20_19_05_811.jpg,0.0,1.0,0.0,30.19035
data/IMG/center_2026_08_29_20_19_06_087.jpg,data/IMG/left_2026_08_29_20_19_06_087.jpg,data/IMG/right_2026_08_29_20_19_06_087.jpg,0.15,1.0,0.0,30.18425
data/IMG/center_2026_08_29_20_19_06_156.jpg,data/IMG/left_2026_08_29_20_19_06_156.jpg,data/IMG/right_2026_08_29_20_19_06_156.jpg,0.3,1.0,0.0,30.16921
data/IMG/center_2026_08_29_20_19_06_225.jpg,data/IMG/left_2026_08_29_20_19_06_225.jpg,data/IMG/right_2026_08_29_20_19_06_225.jpg,0.5000001,1.0,0.0,30.14536
data/IMG/center_2026_08_29_20_19_07_046.jpg,data/IMG/left_2026_08_29_20_19_07_046.jpg,data/IMG/right_2026_08_29_20_19_07_046.jpg,0.0,1.0,0.0,30.1903
data/IMG/center_2026_08_29_20_19_07_456.jpg,data/IMG/left_2026_08_29_20_19_07_456.jpg,data/IMG/right_2026_08_29_20_19_07_456.jpg,0.05,1.0,0.0,30.18973
data/IMG/center_2026_08_29_20_19_07_523.jpg,data/IMG/left_2026_08_29_20_19_07_523.jpg,data/IMG/right_2026_08_29_20_19_07_523.jpg,0.25,1.0,0.0,30.17476
data/IMG/center_2026_08_29_20_19_07_590.jpg,data/IMG/left_2026_08_29_20_19_07_590.jpg,data/IMG/right_2026_08_29_20_19_07_590.jpg,0.4,1.0,0.0,30.15775
data/IMG/center_2026_08_29_20_19_07_659.jpg,data/IMG/left_2026_08_29_20_19_07_659.jpg,data/IMG/right_2026_08_29_20_19_07_659.jpg,0.5500001,1.0,0.0,30.13926
data/IMG/center_2026_08_29_20_19_07_726.jpg,data/IMG/left_2026_08_29_20_19_07_726.jpg,data/IMG/right_2026_08_29_20_19_07_726.jpg,0.7500002,1.0,0.0,30.11455
data/IMG/center_2026_08_29_20_19_08_273.jpg,data/IMG/left_2026_08_29_20_19_08_273.jpg,data/IMG/right_2026_08_29_20_19_08_273.jpg,0.1,1.0,0.0,30.18784
data/IMG/center_2026_08_29_20_19_08_340.jpg,data/IMG/left_2026_08_29_20_19_08_340.jpg,data/IMG/right_2026_08_29_20_19_08_340.jpg,0.25,1.0,0.0,30.17495
data/IMG/center_2026_08_29_20_19_08_407.jpg,data/IMG/left_2026_08_29_20_19_08_407.jpg,data/IMG/right_2026_08_29_20_19_08_407.jpg,0.45,1.0,0.0,30.15155
data/IMG/center_2026_08_29_20_19_08_750.jpg,data/IMG/left_2026_08_29_20_19_08_750.jpg,data/IMG/right_2026_08_29_20_19_08_750.jpg,0.1,1.0,0.0,30.18807
data/IMG/center_2026_08_29_20_19_08_819.jpg,data/IMG/left_2026_08_29_20_19_08_819.jpg,data/IMG/right_2026_08_29_20_19_08_819.jpg,0.25,1.0,0.0,30.17579
data/IMG/center_2026_08_29_20_19_08_888.jpg,data/IMG/left_2026_08_29_20_19_08_888.jpg,data/IMG/right_2026_08_29_20_19_08_888.jpg,0.45,1.0,0.0,30.15215
data/IMG/center_2026_08_29_20_19_08_957.jpg,data/IMG/left_2026_08_29_20_19_08_957.jpg,data/IMG/right_2026_08_29_20_19_08_957.jpg,0.6000001,1.0,0.0,30.13347
data/IMG/center_2026_08_29_20_19_09_024.jpg,data/IMG/left_2026_08_29_20_19_09_024.jpg,data/IMG/right_2026_08_29_20_19_09_024.jpg,0.8000001,1.0,0.0,30.11033
data/IMG/center_2026_08_29_20_19_09_367.jpg,data/IMG/left_2026_08_29_20_19_09_367.jpg,data/IMG/right_2026_08_29_20_19_09_367.jpg,0.1,1.0,0.0,30.18894
data/IMG/center_2026_08_29_20_19_09_436.jpg,data/IMG/left_2026_08_29_20_19_09_436.jpg,data/IMG/right_2026_08_29_20_19_09_436.jpg,0.25,1.0,0.0,30.17688
data/IMG/center_2026_08_29_20_19_09_506.jpg,data/IMG/left_2026_08_29_20_19_09_506.jpg,data/IMG/right_2026_08_29_20_19_09_506.jpg,0.45,1.0,0.0,30.15289
data/IMG/center_2026_08_29_20_19_09_576.jpg,data/IMG/left_2026_08_29_20_19_09_576.jpg,data/IMG/right_2026_08_29_20_19_09_576.jpg,0.6000001,1.0,0.0,30.134
data/IMG/center_2026_08_29_20_19_09_645.jpg,data/IMG/left_2026_08_29_20_19_09_645.jpg,data/IMG/right_2026_08_29_20_19_09_645.jpg,0.8000001,1.0,0.0,30.11054
data/IMG/center_2026_08_29_20_19_09_917.jpg,data/IMG/left_2026_08_29_20_19_09_917.jpg,data/IMG/right_2026_08_29_20_19_09_917.jpg,0.15,1.0,0.0,30.18791
data/IMG/center_2026_08_29_20_19_09_986.jpg,data/IMG/left_2026_08_29_20_19_09_986.jpg,data/IMG/right_2026_08_29_20_19_09_986.jpg,0.35,1.0,0.0,30.16812
data/IMG/center_2026_08_29_20_19_10_054.jpg,data/IMG/left_2026_08_29_20_19_10_054.jpg,data/IMG/right_2026_08_29_20_19_10_054.jpg,0.5000001,1.0,0.0,30.14861
data/IMG/center_2026_08_29_20_19_10_121.jpg,data/IMG/left_2026_08_29_20_19_10_121.jpg,data/IMG/right_2026_08_29_20_19_10_121.jpg,0.6500001,1.0,0.0,30.12939
data/IMG/center_2026_08_29_20_19_10_394.jpg,data/IMG/left_2026_08_29_20_19_10_394.jpg,data/IMG/right_2026_08_29_20_19_10_394.jpg,0.1,1.0,0.0,30.1899
data/IMG/center_2026_08_29_20_19_10_463.jpg,data/IMG/left_2026_08_29_20_19_10_463.jpg,data/IMG/right_2026_08_29_20_19_10_463.jpg,0.3,1.0,0.0,30.17217
data/IMG/center_2026_08_29_20_19_10_533.jpg,data/IMG/left_2026_08_29_20_19_10_533.jpg,data/IMG/right_2026_08_29_20_19_10_533.jpg,0.45,1.0,0.0,30.15403
data/IMG/center_2026_08_29_20_19_10_600.jpg,data/IMG/left_2026_08_29_20_19_10_600.jpg,data/IMG/right_2026_08_29_20_19_10_600.jpg,0.6000001,1.0,0.0,30.13476
data/IMG/center_2026_08_29_20_19_10_668.jpg,data/IMG/left_2026_08_29_20_19_10_668.jpg,data/IMG/right_2026_08_29_20_19_10_668.jpg,0.8000001,1.0,0.0,30.11142
data/IMG/center_2026_08_29_20_19_10_737.jpg,data/IMG/left_2026_08_29_20_19_10_737.jpg,data/IMG/right_2026_08_29_20_19_10_737.jpg,0.9500002,1.0,0.0,30.09604
data/IMG/center_2026_08_29_20_19_10_806.jpg,data/IMG/left_2026_08_29_20_19_10_806.jpg,data/IMG/right_2026_08_29_20_19_10_806.jpg,0.0,1.0,0.0,30.17647
data/IMG/center_2026_08_29_20_19_11_421.jpg,data/IMG/left_2026_08_29_20_19_11_421.jpg,data/IMG/right_2026_08_29_20_19_11_421.jpg,0.0,1.0,0.0,30.18986
data/IMG/center_2026_08_29_20_19_12_709.jpg,data/IMG/left_2026_08_29_20_19_12_709.jpg,data/IMG/right_2026_08_29_20_19_12_709.jpg,0.15,1.0,0.0,30.18423
data/IMG/center_2026_08_29_20_19_12_778.jpg,data/IMG/left_2026_08_29_20_19_12_778.jpg,data/IMG/right_2026_08_29_20_19_12_778.jpg,0.3,1.0,0.0,30.16929
data/IMG/center_2026_08_29_20_19_12_846.jpg,data/IMG/left_2026_08_29_20_19_12_846.jpg,data/IMG/right_2026_08_29_20_19_12_846.jpg,0.5000001,1.0,0.0,30.14538
data/IMG/center_2026_08_29_20_19_13_053.jpg,data/IMG/left_2026_08_29_20_19_13_053.jpg,data/IMG/right_2026_08_29_20_19_13_053.jpg,0.0,1.0,0.0,30.18932
data/IMG/center_2026_08_29_20_19_14_205.jpg,data/IMG/left_2026_08_29_20_19_14_205.jpg,data/IMG/right_2026_08_29_20_19_14_205.jpg,0.2,1.0,0.0,30.17987
data/IMG/center_2026_08_29_20_19_15_014.jpg,data/IMG/left_2026_08_29_20_19_15_014.jpg,data/IMG/right_2026_08_29_20_19_15_014.jpg,0.0,1.0,0.0,30.19307
data/IMG/center_2026_08_29_20_19_15_351.jpg,data/IMG/left_2026_08_29_20_19_15_351.jpg,data/IMG/right_2026_08_29_20_19_15_351.jpg,0.05,1.0,0.0,30.18994
data/IMG/center_2026_08_29_20_19_17_717.jpg,data/IMG/left_2026_08_29_20_19_17_717.jpg,data/IMG/right_2026_08_29_20_19_17_717.jpg,0.15,1.0,0.0,30.18465
data/IMG/center_2026_08_29_20_19_18_325.jpg,data/IMG/left_2026_08_29_20_19_18_325.jpg,data/IMG/right_2026_08_29_20_19_18_325.jpg,0.0,1.0,0.0,30.19067
data/IMG/center_2026_08_29_20_19_23_151.jpg,data/IMG/left_2026_08_29_20_19_23_151.jpg,data/IMG/right_2026_08_29_20_19_23_151.jpg,0.05,1.0,0.0,30.18968
data/IMG/center_2026_08_29_20_19_23_220.jpg,data/IMG/left_2026_08_29_20_19_23_220.jpg,data/IMG/right_2026_08_29_20_19_23_220.jpg,0.2,1.0,0.0,30.17968
data/IMG/center_2026_08_29_20_19_23_289.jpg,data/IMG/left_2026_08_29_20_19_23_289.jpg,data/IMG/right_2026_08_29_20_19_23_289.jpg,0.4,1.0,0.0,30.15742
data/IMG/center_2026_08_29_20_19_24_981.jpg,data/IMG/left_2026_08_29_20_19_24_981.jpg,data/IMG/right_2026_08_29_20_19_24_981.jpg,0.05,1.0,0.0,30.18973
data/IMG/center_2026_08_29_20_19_25_050.jpg,data/IMG/left_2026_08_29_20_19_25_050.jpg,data/IMG/right_2026_08_29_20_19_25_050.jpg,0.25,1.0,0.0,30.17475
data/IMG/center_2026_08_29_20_19_25_117.jpg,data/IMG/left_2026_08_29_20_19_25_117.jpg,data/IMG/right_2026_08_29_20_19_25_117.jpg,0.4,1.0,0.0,30.15751
data/IMG/center_2026_08_29_20_19_25_591.jpg,data/IMG/left_2026_08_29_20_19_25_591.jpg,data/IMG/right_2026_08_29_20_19_25_591.jpg,0.0,1.0,0.0,30.1903
data/IMG/center_2026_08_29_20_19_26_410.jpg,data/IMG/left_2026_08_29_20_19_26_410.jpg,data/IMG/right_2026_08_29_20_19_26_410.jpg,0.0,1.0,0.0,30.19031
data/IMG/center_2026_08_29_20_19_26_617.jpg,data/IMG/left_2026_08_29_20_19_26_617.jpg,data/IMG/right_2026_08_29_20_19_26_617.jpg,0.0,1.0,0.0,30.19031
data/IMG/center_2026_08_29_20_19_26_685.jpg,data/IMG/left_2026_08_29_20_19_26_685.jpg,data/IMG/right_2026_08_29_20_19_26_685.jpg,0.2,1.0,0.0,30.17983
data/IMG/center_2026_08_29_20_19_26_752.jpg,data/IMG/left_2026_08_29_20_19_26_752.jpg,data/IMG/right_2026_08_29_20_19_26_752.jpg,0.35,1.0,0.0,30.16344
data/IMG/center_2026_08_29_20_19_26_819.jpg,data/IMG/left_2026_08_29_20_19_26_819.jpg,data/IMG/right_2026_08_29_20_19_26_819.jpg,0.5000001,1.0,0.0,30.1454
data/IMG/center_2026_08_29_20_19_27_841.jpg,data/IMG/left_2026_08_29_20_19_27_841.jpg,data/IMG/right_2026_08_29_20_19_27_841.jpg,0.0,1.0,0.0,30.19034
data/IMG/center_2026_08_29_20_19_27_977.jpg,data/IMG/left_2026_08_29_20_19_27_977.jpg,data/IMG/right_2026_08_29_20_19_27_977.jpg,0.0,1.0,0.0,30.19029
data/IMG/center_2026_08_29_20_19_28_184.jpg,data/IMG/left_2026_08_29_20_19_28_184.jpg,data/IMG/right_2026_08_29_20_19_28_184.jpg,0.05,1.0,0.0,30.18971
data/IMG/center_2026_08_29_20_19_28_252.jpg,data/IMG/left_2026_08_29_20_19_28_252.jpg,data/IMG/right_2026_08_29_20_19_28_252.jpg,0.2,1.0,0.0,30.17986
data/IMG/center_2026_08_29_20_19_28_319.jpg,data/IMG/left_2026_08_29_20_19_28_319.jpg,data/IMG/right_2026_08_29_20_19_28_319.jpg,0.35,1.0,0.0,30.16346
data/IMG/center_2026_08_29_20_19_29_750.jpg,data/IMG/left_2026_08_29_20_19_29_750.jpg,data/IMG/right_2026_08_29_20_19_29_750.jpg,0.2,1.0,0.0,30.17984
data/IMG/center_2026_08_29_20_19_29_819.jpg,data/IMG/left_2026_08_29_20_19_29_819.jpg,data/IMG/right_2026_08_29_20_19_29_819.jpg,0.35,1.0,0.0,30.16346
data/IMG/center_2026_08_29_20_19_30_770.jpg,data/IMG/left_2026_08_29_20_19_30_770.jpg,data/IMG/right_2026_08_29_20_19_30_770.jpg,0.1,1.0,0.0,30.18719
data/IMG/center_2026_08_29_20_19_30_840.jpg,data/IMG/left_2026_08_29_20_19_30_840.jpg,data/IMG/right_2026_08_29_20_19_30_840.jpg,0.25,1.0,0.0,30.17462
data/IMG/center_2026_08_29_20_19_30_907.jpg,data/IMG/left_2026_08_29_20_19_30_907.jpg,data/IMG/right_2026_08_29_20_19_30_907.jpg,0.45,1.0,0.0,30.15139
data/IMG/center_2026_08_29_20_19_30_975.jpg,data/IMG/left_2026_08_29_20_19_30_975.jpg,data/IMG/right_2026_08_29_20_19_30_975.jpg,0.6000001,1.0,0.0,30.13306
data/IMG/center_2026_08_29_20_19_31_453.jpg,data/IMG/left_2026_08_29_20_19_31_453.jpg,data/IMG/right_2026_08_29_20_19_31_453.jpg,0.0,1.0,0.0,30.19006
data/IMG/center_2026_08_29_20_19_31_724.jpg,data/IMG/left_2026_08_29_20_19_31_724.jpg,data/IMG/right_2026_08_29_20_19_31_724.jpg,0.1,1.0,0.0,30.18761
data/IMG/center_2026_08_29_20_19_31_794.jpg,data/IMG/left_2026_08_29_20_19_31_794.jpg,data/IMG/right_2026_08_29_20_19_31_794.jpg,0.25,1.0,0.0,30.17467
data/IMG/center_2026_08_29_20_19_31_861.jpg,data/IMG/left_2026_08_29_20_19_31_861.jpg,data/IMG/right_2026_08_29_20_19_31_861.jpg,0.4,1.0,0.0,30.15742
data/IMG/center_2026_08_29_20_19_32_407.jpg,data/IMG/left_2026_08_29_20_19_32_407.jpg,data/IMG/right_2026_08_29_20_19_32_407.jpg,0.2,1.0,0.0,30.18021
data/IMG/center_2026_08_29_20_19_32_477.jpg,data/IMG/left_2026_08_29_20_19_32_477.jpg,data/IMG/right_2026_08_29_20_19_32_477.jpg,0.35,1.0,0.0,30.16375
data/IMG/center_2026_08_29_20_19_32_544.jpg,data/IMG/left_2026_08_29_20_19_32_544.jpg,data/IMG/right_2026_08_29_20_19_32_544.jpg,0.5500001,1.0,0.0,30.13939
data/IMG/center_2026_08_29_20_19_32_612.jpg,data/IMG/left_2026_08_29_20_19_32_612.jpg,data/IMG/right_2026_08_29_20_19_32_612.jpg,0.7,1.0,0.0,30.12152
data/IMG/center_2026_08_29_20_19_33_359.jpg,data/IMG/left_2026_08_29_20_19_33_359.jpg,data/IMG/right_2026_08_29_20_19_33_359.jpg,0.0,1.0,0.0,30.19033
data/IMG/center_2026_08_29_20_19_33_429.jpg,data/IMG/left_2026_08_29_20_19_33_429.jpg,data/IMG/right_2026_08_29_20_19_33_429.jpg,0.15,1.0,0.0,30.18419
data/IMG/center_2026_08_29_20_19_33_501.jpg,data/IMG/left_2026_08_29_20_19_33_501.jpg,data/IMG/right_2026_08_29_20_19_33_501.jpg,0.3,1.0,0.0,30.16914
data/IMG/center_2026_08_29_20_19_34_054.jpg,data/IMG/left_2026_08_29_20_19_34_054.jpg,data/IMG/right_2026_08_29_20_19_34_054.jpg,0.05,1.0,0.0,30.18973
data/IMG/center_2026_08_29_20_19_34_122.jpg,data/IMG/left_2026_08_29_20_19_34_122.jpg,data/IMG/right_2026_08_29_20_19_34_122.jpg,0.2,1.0,0.0,30.17995
data/IMG/center_2026_08_29_20_19_34_189.jpg,data/IMG/left_2026_08_29_20_19_34_189.jpg,data/IMG/right_2026_08_29_20_19_34_189.jpg,0.4,1.0,0.0,30.15757
data/IMG/center_2026_08_29_20_19_34_258.jpg,data/IMG/left_2026_08_29_20_19_34_258.jpg,data/IMG/right_2026_08_29_20_19_34_258.jpg,0.5500001,1.0,0.0,30.13928
data/IMG/center_2026_08_29_20_19_35_148.jpg,data/IMG/left_2026_08_29_20_19_35_148.jpg,data/IMG/right_2026_08_29_20_19_35_148.jpg,0.15,1.0,0.0,30.18417
data/IMG/center_2026_08_29_20_19_35_217.jpg,data/IMG/left_2026_08_29_20_19_35_217.jpg,data/IMG/right_2026_08_29_20_19_35_217.jpg,0.3,1.0,0.0,30.16918
data/IMG/center_2026_08_29_20_19_35_284.jpg,data/IMG/left_2026_08_29_20_19_35_284.jpg,data/IMG/right_2026_08_29_20_19_35_284.jpg,0.5000001,1.0,0.0,30.14526
data/IMG/center_2026_08_29_20_19_35_700.jpg,data/IMG/left_2026_08_29_20_19_35_700.jpg,data/IMG/right_2026_08_29_20_19_35_700.jpg,0.0,1.0,0.0,30.19036
data/IMG/center_2026_08_29_20_19_36_178.jpg,data/IMG/left_2026_08_29_20_19_36_178.jpg,data/IMG/right_2026_08_29_20_19_36_178.jpg,0.05,1.0,0.0,30.18967
data/IMG/center_2026_08_29_20_19_36_246.jpg,data/IMG/left_2026_08_29_20_19_36_246.jpg,data/IMG/right_2026_08_29_20_19_36_246.jpg,0.25,1.0,0.0,30.17463
data/IMG/center_2026_08_29_20_19_36_313.jpg,data/IMG/left_2026_08_29_20_19_36_313.jpg,data/IMG/right_2026_08_29_20_19_36_313.jpg,0.4,1.0,0.0,30.15743
data/IMG/center_2026_08_29_20_19_37_759.jpg,data/IMG/left_2026_08_29_20_19_37_759.jpg,data/IMG/right_2026_08_29_20_19_37_759.jpg,0.15,1.0,0.0,30.18419
data/IMG/center_2026_08_29_20_19_37_827.jpg,data/IMG/left_2026_08_29_20_19_37_827.jpg,data/IMG/right_2026_08_29_20_19_37_827.jpg,0.35,1.0,0.0,30.16349
data/IMG/center_2026_08_29_20_19_38_587.jpg,data/IMG/left_2026_08_29_20_19_38_587.jpg,data/IMG/right_2026_08_29_20_19_38_587.jpg,0.1,1.0,0.0,30.18764
data/IMG/center_2026_08_29_20_19_38_654.jpg,data/IMG/left_2026_08_29_20_19_38_654.jpg,data/IMG/right_2026_08_29_20_19_38_654.jpg,0.25,1.0,0.0,30.17473
data/IMG/center_2026_08_29_20_19_38_724.jpg,data/IMG/left_2026_08_29_20_19_38_724.jpg,data/IMG/right_2026_08_29_20_19_38_724.jpg,0.45,1.0,0.0,30.15146
data/IMG/center_2026_08_29_20_19_38_998.jpg,data/IMG/left_2026_08_29_20_19_38_998.jpg,data/IMG/right_2026_08_29_20_19_38_998.jpg,0.0,1.0,0.0,30.19016
data/IMG/center_2026_08_29_20_19_39_207.jpg,data/IMG/left_2026_08_29_20_19_39_207.jpg,data/IMG/right_2026_08_29_20_19_39_207.jpg,0.15,1.0,0.0,30.18467
data/IMG/center_2026_08_29_20_19_39_275.jpg,data/IMG/left_2026_08_29_20_19_39_275.jpg,data/IMG/right_2026_08_29_20_19_39_275.jpg,0.3,1.0,0.0,30.16966
data/IMG/center_2026_08_29_20_19_39_345.jpg,data/IMG/left_2026_08_29_20_19_39_345.jpg,data/IMG/right_2026_08_29_20_19_39_345.jpg,0.5000001,1.0,0.0,30.14581
data/IMG/center_2026_08_29_20_19_39_688.jpg,data/IMG/left_2026_08_29_20_19_39_688.jpg,data/IMG/right_2026_08_29_20_19_39_688.jpg,0.0,1.0,0.0,30.19029
data/IMG/center_2026_08_29_20_19_39_965.jpg,data/IMG/left_2026_08_29_20_19_39_965.jpg,data/IMG/right_2026_08_29_20_19_39_965.jpg,0.0,1.0,0.0,30.19035
data/IMG/center_2026_08_29_20_19_40_650.jpg,data/IMG/left_2026_08_29_20_19_40_650.jpg,data/IMG/right_2026_08_29_20_19_40_650.jpg,0.0,1.0,0.0,30.19015
data/IMG/center_2026_08_29_20_19_42_562.jpg,data/IMG/left_2026_08_29_20_19_42_562.jpg,data/IMG/right_2026_08_29_20_19_42_562.jpg,0.15,1.0,0.0,30.18426
data/IMG/center_2026_08_29_20_19_42_629.jpg,data/IMG/left_2026_08_29_20_19_42_629.jpg,data/IMG/right_2026_08_29_20_19_42_629.jpg,0.35,1.0,0.0,30.16349
data/IMG/center_2026_08_29_20_19_42_696.jpg,data/IMG/left_2026_08_29_20_19_42_696.jpg,data/IMG/right_2026_08_29_20_19_42_696.jpg,0.5000001,1.0,0.0,30.14537
data/IMG/center_2026_08_29_20_19_42_901.jpg,data/IMG/left_2026_08_29_20_19_42_901.jpg,data/IMG/right_2026_08_29_20_19_42_901.jpg,0.0,1.0,0.0,30.18852
data/IMG/center_2026_08_29_20_19_43_655.jpg,data/IMG/left_2026_08_29_20_19_43_655.jpg,data/IMG/right_2026_08_29_20_19_43_655.jpg,-0.05,1.0,0.0,30.18978
data/IMG/center_2026_08_29_20_19_43_928.jpg,data/IMG/left_2026_08_29_20_19_43_928.jpg,data/IMG/right_2026_08_29_20_19_43_928.jpg,0.0,1.0,0.0,30.19028
data/IMG/center_2026_08_29_20_19_44_950.jpg,data/IMG/left_2026_08_29_20_19_44_950.jpg,data/IMG/right_2026_08_29_20_19_44_950.jpg,0.0,1.0,0.0,30.19034
data/IMG/center_2026_08_29_20_19_45_152.jpg,data/IMG/left_2026_08_29_20_19_45_152.jpg,data/IMG/right_2026_08_29_20_19_45_152.jpg,0.0,1.0,0.0,30.19031
data/IMG/center_2026_08_29_20_19_45_766.jpg,data/IMG/left_2026_08_29_20_19_45_766.jpg,data/IMG/right_2026_08_29_20_19_45_766.jpg,0.0,1.0,0.0,30.1903
data/IMG/center_2026_08_29_20_19_46_510.jpg,data/IMG/left_2026_08_29_20_19_46_510.jpg,data/IMG/right_2026_08_29_20_19_46_510.jpg,0.0,1.0,0.0,30.19027
data/IMG/center_2026_08_29_20_19_46_715.jpg,data/IMG/left_2026_08_29_20_19_46_715.jpg,data/IMG/right_2026_08_29_20_19_46_715.jpg,0.15,1.0,0.0,30.18423
data/IMG/center_2026_08_29_20_19_46_781.jpg,data/IMG/left_2026_08_29_20_19_46_781.jpg,data/IMG/right_2026_08_29_20_19_46_781.jpg,0.3,1.0,0.0,30.16925
data/IMG/center_2026_08_29_20_19_46_851.jpg,data/IMG/left_2026_08_29_20_19_46_851.jpg,data/IMG/right_2026_08_29_20_19_46_851.jpg,0.5000001,1.0,0.0,30.14539
data/IMG/center_2026_08_29_20_19_48_693.jpg,data/IMG/left_2026_08_29_20_19_48_693.jpg,data/IMG/right_2026_08_29_20_19_48_693.jpg,0.0,1.0,0.0,30.19032
data/IMG/center_2026_08_29_20_19_49_655.jpg,data/IMG/left_2026_08_29_20_19_49_655.jpg,data/IMG/right_2026_08_29_20_19_49_655.jpg,0.0,1.0,0.0,30.19031
data/IMG/center_2026_08_29_20_19_49_860.jpg,data/IMG/left_2026_08_29_20_19_49_860.jpg,data/IMG/right_2026_08_29_20_19_49_860.jpg,0.1,1.0,0.0,30.18768
data/IMG/center_2026_08_29_20_19_49_927.jpg,data/IMG/left_2026_08_29_20_19_49_927.jpg,data/IMG/right_2026_08_29_20_19_49_927.jpg,0.3,1.0,0.0,30.16928
data/IMG/center_2026_08_29_20_19_51_428.jpg,data/IMG/left_2026_08_29_20_19_51_428.jpg,data/IMG/right_2026_08_29_20_19_51_428.jpg,0.15,1.0,0.0,30.18421
data/IMG/center_2026_08_29_20_19_51_497.jpg,data/IMG/left_2026_08_29_20_19_51_497.jpg,data/IMG/right_2026_08_29_20_19_51_497.jpg,0.3,1.0,0.0,30.16926
data/IMG/center_2026_08_29_20_19_52_729.jpg,data/IMG/left_2026_08_29_20_19_52_729.jpg,data/IMG/right_2026_08_29_20_19_52_729.jpg,0.0,1.0,0.0,30.19029
data/IMG/center_2026_08_29_20_19_55_543.jpg,data/IMG/left_2026_08_29_20_19_55_543.jpg,data/IMG/right_2026_08_29_20_19_55_543.jpg,0.0,1.0,0.0,30.1903
data/IMG/center_2026_08_29_20_19_55_677.jpg,data/IMG/left_2026_08_29_20_19_55_677.jpg,data/IMG/right_2026_08_29_20_19_55_677.jpg,0.0,1.0,0.0,30.19031
data/IMG/center_2026_08_29_20_19_56_017.jpg,data/IMG/left_2026_08_29_20_19_56_017.jpg,data/IMG/right_2026_08_29_20_19_56_017.jpg,0.1,1.0,0.0,30.18768
data/IMG/center_2026_08_29_20_19_56_085.jpg,data/IMG/left_2026_08_29_20_19_56_085.jpg,data/IMG/right_2026_08_29_20_19_56_085.jpg,0.3,1.0,0.0,30.16926
data/IMG/center_2026_08_29_20_19_56_154.jpg,data/IMG/left_2026_08_29_20_19_56_154.jpg,data/IMG/right_2026_08_29_20_19_56_154.jpg,0.45,1.0,0.0,30.15148
data/IMG/center_2026_08_29_20_19_58_881.jpg,data/IMG/left_2026_08_29_20_19_58_881.jpg,data/IMG/right_2026_08_29_20_19_58_881.jpg,0.15,1.0,0.0,30.18424
data/IMG/center_2026_08_29_20_19_58_951.jpg,data/IMG/left_2026_08_29_20_19_58_951.jpg,data/IMG/right_2026_08_29_20_19_58_951.jpg,0.35,1.0,0.0,30.16347
data/IMG/center_2026_08_29_20_19_59_020.jpg,data/IMG/left_2026_08_29_20_19_59_020.jpg,data/IMG/right_2026_08_29_20_19_59_020.jpg,0.5000001,1.0,0.0,30.14538
data/IMG/center_2026_08_29_20_20_01_988.jpg,data/IMG/left_2026_08_29_20_20_01_988.jpg,data/IMG/right_2026_08_29_20_20_01_988.jpg,0.1,1.0,0.0,30.18767
data/IMG/center_2026_08_29_20_20_02_055.jpg,data/IMG/left_2026_08_29_20_20_02_055.jpg,data/IMG/right_2026_08_29_20_20_02_055.jpg,0.25,1.0,0.0,30.17478
data/IMG/center_2026_08_29_20_20_02_124.jpg,data/IMG/left_2026_08_29_20_20_02_124.jpg,data/IMG/right_2026_08_29_20_20_02_124.jpg,0.45,1.0,0.0,30.15149
data/IMG/center_2026_08_29_20_20_03_572.jpg,data/IMG/left_2026_08_29_20_20_03_572.jpg,data/IMG/right_2026_08_29_20_20_03_572.jpg,0.15,1.0,0.0,30.18424
data/IMG/center_2026_08_29_20_20_03_642.jpg,data/IMG/left_2026_08_29_20_20_03_642.jpg,data/IMG/right_2026_08_29_20_20_03_642.jpg,0.3,1.0,0.0,30.16924
data/IMG/center_2026_08_29_20_20_03_709.jpg,data/IMG/left_2026_08_29_20_20_03_709.jpg,data/IMG/right_2026_08_29_20_20_03_709.jpg,0.5000001,1.0,0.0,30.14536
data/IMG/center_2026_08_29_20_20_03_846.jpg,data/IMG/left_2026_08_29_20_20_03_846.jpg,data/IMG/right_2026_08_29_20_20_03_846.jpg,0.0,1.0,0.0,30.18673
data/IMG/center_2026_08_29_20_20_04_529.jpg,data/IMG/left_2026_08_29_20_20_04_529.jpg,data/IMG/right_2026_08_29_20_20_04_529.jpg,0.0,1.0,0.0,30.19031
data/IMG/center_2026_08_29_20_20_05_016.jpg,data/IMG/left_2026_08_29_20_20_05_016.jpg,data/IMG/right_2026_08_29_20_20_05_016.jpg,0.0,1.0,0.0,30.1903
data/IMG/center_2026_08_29_20_20_05_151.jpg,data/IMG/left_2026_08_29_20_20_05_151.jpg,data/IMG/right_2026_08_29_20_20_05_151.jpg,0.05,1.0,0.0,30.19022
data/IMG/center_2026_08_29_20_20_05_220.jpg,data/IMG/left_2026_08_29_20_20_05_220.jpg,data/IMG/right_2026_08_29_20_20_05_220.jpg,0.2,1.0,0.0,30.17982
data/IMG/center_2026_08_29_20_20_05_288.jpg,data/IMG/left_2026_08_29_20_20_05_288.jpg,data/IMG/right_2026_08_29_20_20_05_288.jpg,0.4,1.0,0.0,30.15751
data/IMG/center_2026_08_29_20_20_05_357.jpg,data/IMG/left_2026_08_29_20_20_05_357.jpg,data/IMG/right_2026_08_29_20_20_05_357.jpg,0.5500001,1.0,0.0,30.13923
data/IMG/center_2026_08_29_20_20_06_324.jpg,data/IMG/left_2026_08_29_20_20_06_324.jpg,data/IMG/right_2026_08_29_20_20_06_324.jpg,0.0,1.0,0.0,30.19032
data/IMG/center_2026_08_29_20_20_06_531.jpg,data/IMG/left_2026_08_29_20_20_06_531.jpg,data/IMG/right_2026_08_29_20_20_06_531.jpg,0.2,1.0,0.0,30.17981
data/IMG/center_2026_08_29_20_20_06_602.jpg,data/IMG/left_2026_08_29_20_20_06_602.jpg,data/IMG/right_2026_08_29_20_20_06_602.jpg,0.35,1.0,0.0,30.16342
data/IMG/center_2026_08_29_20_20_06_670.jpg,data/IMG/left_2026_08_29_20_20_06_670.jpg,data/IMG/right_2026_08_29_20_20_06_670.jpg,0.5500001,1.0,0.0,30.13924
data/IMG/center_2026_08_29_20_20_07_150.jpg,data/IMG/left_2026_08_29_20_20_07_150.jpg,data/IMG/right_2026_08_29_20_20_07_150.jpg,0.0,1.0,0.0,30.19034
data/IMG/center_2026_08_29_20_20_08_183.jpg,data/IMG/left_2026_08_29_20_20_08_183.jpg,data/IMG/right_2026_08_29_20_20_08_183.jpg,0.2,1.0,0.0,30.17984
data/IMG/center_2026_08_29_20_20_08_250.jpg,data/IMG/left_2026_08_29_20_20_08_250.jpg,data/IMG/right_2026_08_29_20_20_08_250.jpg,0.35,1.0,0.0,30.16346
data/IMG/center_2026_08_29_20_20_08_317.jpg,data/IMG/left_2026_08_29_20_20_08_317.jpg,data/IMG/right_2026_08_29_20_20_08_317.jpg,0.5000001,1.0,0.0,30.14541
data/IMG/center_2026_08_29_20_20_09_151.jpg,data/IMG/left_2026_08_29_20_20_09_151.jpg,data/IMG/right_2026_08_29_20_20_09_151.jpg,0.0,1.0,0.0,30.19027
data/IMG/center_2026_08_29_20_20_09_218.jpg,data/IMG/left_2026_08_29_20_20_09_218.jpg,data/IMG/right_2026_08_29_20_20_09_218.jpg,0.0,1.0,0.0,30.1903
data/IMG/center_2026_08_29_20_20_09_422.jpg,data/IMG/left_2026_08_29_20_20_09_422.jpg,data/IMG/right_2026_08_29_20_20_09_422.jpg,0.15,1.0,0.0,30.18419
data/IMG/center_2026_08_29_20_20_09_490.jpg,data/IMG/left_2026_08_29_20_20_09_490.jpg,data/IMG/right_2026_08_29_20_20_09_490.jpg,0.35,1.0,0.0,30.1634
data/IMG/center_2026_08_29_20_20_09_558.jpg,data/IMG/left_2026_08_29_20_20_09_558.jpg,data/IMG/right_2026_08_29_20_20_09_558.jpg,0.5000001,1.0,0.0,30.14534
data/IMG/center_2026_08_29_20_20_09_629.jpg,data/IMG/left_2026_08_29_20_20_09_629.jpg,data/IMG/right_2026_08_29_20_20_09_629.jpg,0.7,1.0,0.0,30.12104
data/IMG/center_2026_08_29_20_20_10_727.jpg,data/IMG/left_2026_08_29_20_20_10_727.jpg,data/IMG/right_2026_08_29_20_20_10_727.jpg,0.05,1.0,0.0,30.19078
data/IMG/center_2026_08_29_20_20_10_794.jpg,data/IMG/left_2026_08_29_20_20_10_794.jpg,data/IMG/right_2026_08_29_20_20_10_794.jpg,0.2,1.0,0.0,30.18005
data/IMG/center_2026_08_29_20_20_10_861.jpg,data/IMG/left_2026_08_29_20_20_10_861.jpg,data/IMG/right_2026_08_29_20_20_10_861.jpg,0.35,1.0,0.0,30.16328
data/IMG/center_2026_08_29_20_20_10_928.jpg,data/IMG/left_2026_08_29_20_20_10_928.jpg,data/IMG/right_2026_08_29_20_20_10_928.jpg,0.5500001,1.0,0.0,30.1392
data/IMG/center_2026_08_29_20_20_11_268.jpg,data/IMG/left_2026_08_29_20_20_11_268.jpg,data/IMG/right_2026_08_29_20_20_11_268.jpg,0.0,1.0,0.0,30.19095
data/IMG/center_2026_08_29_20_20_11_681.jpg,data/IMG/left_2026_08_29_20_20_11_681.jpg,data/IMG/right_2026_08_29_20_20_11_681.jpg,0.0,1.0,0.0,30.19026
data/IMG/center_2026_08_29_20_20_11_890.jpg,data/IMG/left_2026_08_29_20_20_11_890.jpg,data/IMG/right_2026_08_29_20_20_11_890.jpg,0.2,1.0,0.0,30.17972
data/IMG/center_2026_08_29_20_20_11_957.jpg,data/IMG/left_2026_08_29_20_20_11_957.jpg,data/IMG/right_2026_08_29_20_20_11_957.jpg,0.35,1.0,0.0,30.16411
data/IMG/center_2026_08_29_20_20_12_024.jpg,data/IMG/left_2026_08_29_20_20_12_024.jpg,data/IMG/right_2026_08_29_20_20_12_024.jpg,0.5500001,1.0,0.0,30.13913
data/IMG/center_2026_08_29_20_20_12_091.jpg,data/IMG/left_2026_08_29_20_20_12_091.jpg,data/IMG/right_2026_08_29_20_20_12_091.jpg,0.7,1.0,0.0,30.12095
data/IMG/center_2026_08_29_20_20_12_578.jpg,data/IMG/left_2026_08_29_20_20_12_578.jpg,data/IMG/right_2026_08_29_20_20_12_578.jpg,0.05,1.0,0.0,30.18982
data/IMG/center_2026_08_29_20_20_12_648.jpg,data/IMG/left_2026_08_29_20_20_12_648.jpg,data/IMG/right_2026_08_29_20_20_12_648.jpg,0.25,1.0,0.0,30.17511
data/IMG/center_2026_08_29_20_20_12_718.jpg,data/IMG/left_2026_08_29_20_20_12_718.jpg,data/IMG/right_2026_08_29_20_20_12_718.jpg,0.4,1.0,0.0,30.15791
data/IMG/center_2026_08_29_20_20_12_787.jpg,data/IMG/left_2026_08_29_20_20_12_787.jpg,data/IMG/right_2026_08_29_20_20_12_787.jpg,0.6000001,1.0,0.0,30.13361
data/IMG/center_2026_08_29_20_20_12_854.jpg,data/IMG/left_2026_08_29_20_20_12_854.jpg,data/IMG/right_2026_08_29_20_20_12_854.jpg,0.7500002,1.0,0.0,30.1146
data/IMG/center_2026_08_29_20_20_13_061.jpg,data/IMG/left_2026_08_29_20_20_13_061.jpg,data/IMG/right_2026_08_29_20_20_13_061.jpg,0.0,1.0,0.0,30.18713
data/IMG/center_2026_08_29_20_20_13_411.jpg,data/IMG/left_2026_08_29_20_20_13_411.jpg,data/IMG/right_2026_08_29_20_20_13_411.jpg,0.0,1.0,0.0,30.19072
data/IMG/center_2026_08_29_20_20_13_478.jpg,data/IMG/left_2026_08_29_20_20_13_478.jpg,data/IMG/right_2026_08_29_20_20_13_478.jpg,0.15,1.0,0.0,30.18426
data/IMG/center_2026_08_29_20_20_13_551.jpg,data/IMG/left_2026_08_29_20_20_13_551.jpg,data/IMG/right_2026_08_29_20_20_13_551.jpg,0.35,1.0,0.0,30.16299
data/IMG/center_2026_08_29_20_20_13_622.jpg,data/IMG/left_2026_08_29_20_20_13_622.jpg,data/IMG/right_2026_08_29_20_20_13_622.jpg,0.5000001,1.0,0.0,30.14742
data/IMG/center_2026_08_29_20_20_13_694.jpg,data/IMG/left_2026_08_29_20_20_13_694.jpg,data/IMG/right_2026_08_29_20_20_13_694.jpg,0.7,1.0,0.0,30.12027
data/IMG/center_2026_08_29_20_20_14_248.jpg,data/IMG/left_2026_08_29_20_20_14_248.jpg,data/IMG/right_2026_08_29_20_20_14_248.jpg,0.2,1.0,0.0,30.17932
data/IMG/center_2026_08_29_20_20_14_315.jpg,data/IMG/left_2026_08_29_20_20_14_315.jpg,data/IMG/right_2026_08_29_20_20_14_315.jpg,0.35,1.0,0.0,30.16393
data/IMG/center_2026_08_29_20_20_14_384.jpg,data/IMG/left_2026_08_29_20_20_14_384.jpg,data/IMG/right_2026_08_29_20_20_14_384.jpg,0.5500001,1.0,0.0,30.13965
data/IMG/center_2026_08_29_20_20_14_451.jpg,data/IMG/left_2026_08_29_20_20_14_451.jpg,data/IMG/right_2026_08_29_20_20_14_451.jpg,0.7,1.0,0.0,30.12115
data/IMG/center_2026_08_29_20_20_14_735.jpg,data/IMG/left_2026_08_29_20_20_14_735.jpg,data/IMG/right_2026_08_29_20_20_14_735.jpg,0.0,1.0,0.0,30.19027
data/IMG/center_2026_08_29_20_20_15_011.jpg,data/IMG/left_2026_08_29_20_20_15_011.jpg,data/IMG/right_2026_08_29_20_20_15_011.jpg,0.1,1.0,0.0,30.1878
data/IMG/center_2026_08_29_20_20_15_085.jpg,data/IMG/left_2026_08_29_20_20_15_085.jpg,data/IMG/right_2026_08_29_20_20_15_085.jpg,0.3,1.0,0.0,30.16937
data/IMG/center_2026_08_29_20_20_15_156.jpg,data/IMG/left_2026_08_29_20_20_15_156.jpg,data/IMG/right_2026_08_29_20_20_15_156.jpg,0.45,1.0,0.0,30.15145
data/IMG/center_2026_08_29_20_20_15_223.jpg,data/IMG/left_2026_08_29_20_20_15_223.jpg,data/IMG/right_2026_08_29_20_20_15_223.jpg,0.6500001,1.0,0.0,30.12701
data/IMG/center_2026_08_29_20_20_15_644.jpg,data/IMG/left_2026_08_29_20_20_15_644.jpg,data/IMG/right_2026_08_29_20_20_15_644.jpg,0.2,1.0,0.0,30.18068
data/IMG/center_2026_08_29_20_20_15_711.jpg,data/IMG/left_2026_08_29_20_20_15_711.jpg,data/IMG/right_2026_08_29_20_20_15_711.jpg,0.35,1.0,0.0,30.16441
data/IMG/center_2026_08_29_20_20_15_781.jpg,data/IMG/left_2026_08_29_20_20_15_781.jpg,data/IMG/right_2026_08_29_20_20_15_781.jpg,0.5000001,1.0,0.0,30.14599
data/IMG/center_2026_08_29_20_20_16_471.jpg,data/IMG/left_2026_08_29_20_20_16_471.jpg,data/IMG/right_2026_08_29_20_20_16_471.jpg,0.15,1.0,0.0,30.18423
data/IMG/center_2026_08_29_20_20_16_542.jpg,data/IMG/left_2026_08_29_20_20_16_542.jpg,data/IMG/right_2026_08_29_20_20_16_542.jpg,0.3,1.0,0.0,30.1692
data/IMG/center_2026_08_29_20_20_16_612.jpg,data/IMG/left_2026_08_29_20_20_16_612.jpg,data/IMG/right_2026_08_29_20_20_16_612.jpg,0.5000001,1.0,0.0,30.1453
data/IMG/center_2026_08_29_20_20_21_475.jpg,data/IMG/left_2026_08_29_20_20_21_475.jpg,data/IMG/right_2026_08_29_20_20_21_475.jpg,-0.1,1.0,0.0,30.18769
data/IMG/center_2026_08_29_20_20_21_542.jpg,data/IMG/left_2026_08_29_20_20_21_542.jpg,data/IMG/right_2026_08_29_20_20_21_542.jpg,-0.25,1.0,0.0,30.17476
data/IMG/center_2026_08_29_20_20_21_611.jpg,data/IMG/left_2026_08_29_20_20_21_611.jpg,data/IMG/right_2026_08_29_20_20_21_611.jpg,-0.45,1.0,0.0,30.15148
data/IMG/center_2026_08_29_20_20_21_677.jpg,data/IMG/left_2026_08_29_20_20_21_677.jpg,data/IMG/right_2026_08_29_20_20_21_677.jpg,-0.6000001,1.0,0.0,30.13316
data/IMG/center_2026_08_29_20_20_22_425.jpg,data/IMG/left_2026_08_29_20_20_22_425.jpg,data/IMG/right_2026_08_29_20_20_22_425.jpg,-0.1,1.0,0.0,30.18762
data/IMG/center_2026_08_29_20_20_22_493.jpg,data/IMG/left_2026_08_29_20_20_22_493.jpg,data/IMG/right_2026_08_29_20_20_22_493.jpg,-0.25,1.0,0.0,30.17463
data/IMG/center_2026_08_29_20_20_22_562.jpg,data/IMG/left_2026_08_29_20_20_22_562.jpg,data/IMG/right_2026_08_29_20_20_22_562.jpg,-0.4,1.0,0.0,30.15744
data/IMG/center_2026_08_29_20_20_22_629.jpg,data/IMG/left_2026_08_29_20_20_22_629.jpg,data/IMG/right_2026_08_29_20_20_22_629.jpg,-0.6000001,1.0,0.0,30.13308
data/IMG/center_2026_08_29_20_20_22_697.jpg,data/IMG/left_2026_08_29_20_20_22_697.jpg,data/IMG/right_2026_08_29_20_20_22_697.jpg,-0.7500002,1.0,0.0,30.11469
data/IMG/center_2026_08_29_20_20_23_105.jpg,data/IMG/left_2026_08_29_20_20_23_105.jpg,data/IMG/right_2026_08_29_20_20_23_105.jpg,-0.15,1.0,0.0,30.18492
data/IMG/center_2026_08_29_20_20_23_173.jpg,data/IMG/left_2026_08_29_20_20_23_173.jpg,data/IMG/right_2026_08_29_20_20_23_173.jpg,-0.3,1.0,0.0,30.17033
data/IMG/center_2026_08_29_20_20_23_240.jpg,data/IMG/left_2026_08_29_20_20_23_240.jpg,data/IMG/right_2026_08_29_20_20_23_240.jpg,-0.45,1.0,0.0,30.15201
data/IMG/center_2026_08_29_20_20_23_307.jpg,data/IMG/left_2026_08_29_20_20_23_307.jpg,data/IMG/right_2026_08_29_20_20_23_307.jpg,-0.6500001,1.0,0.0,30.12632
data/IMG/center_2026_08_29_20_20_23_376.jpg,data/IMG/left_2026_08_29_20_20_23_376.jpg,data/IMG/right_2026_08_29_20_20_23_376.jpg,-0.8000001,1.0,0.0,30.11002
data/IMG/center_2026_08_29_20_20_23_784.jpg,data/IMG/left_2026_08_29_20_20_23_784.jpg,data/IMG/right_2026_08_29_20_20_23_784.jpg,-0.1,1.0,0.0,30.19076
data/IMG/center_2026_08_29_20_20_23_853.jpg,data/IMG/left_2026_08_29_20_20_23_853.jpg,data/IMG/right_2026_08_29_20_20_23_853.jpg,-0.25,1.0,0.0,30.17597
data/IMG/center_2026_08_29_20_20_23_920.jpg,data/IMG/left_2026_08_29_20_20_23_920.jpg,data/IMG/right_2026_08_29_20_20_23_920.jpg,-0.4,1.0,0.0,30.15764
data/IMG/center_2026_08_29_20_20_23_987.jpg,data/IMG/left_2026_08_29_20_20_23_987.jpg,data/IMG/right_2026_08_29_20_20_23_987.jpg,-0.6000001,1.0,0.0,30.13327
data/IMG/center_2026_08_29_20_20_24_056.jpg,data/IMG/left_2026_08_29_20_20_24_056.jpg,data/IMG/right_2026_08_29_20_20_24_056.jpg,-0.7500002,1.0,0.0,30.11439
data/IMG/center_2026_08_29_20_20_24_471.jpg,data/IMG/left_2026_08_29_20_20_24_471.jpg,data/IMG/right_2026_08_29_20_20_24_471.jpg,-0.05,1.0,0.0,30.19003
data/IMG/center_2026_08_29_20_20_24_537.jpg,data/IMG/left_2026_08_29_20_20_24_537.jpg,data/IMG/right_2026_08_29_20_20_24_537.jpg,-0.2,1.0,0.0,30.18176
data/IMG/center_2026_08_29_20_20_24_605.jpg,data/IMG/left_2026_08_29_20_20_24_605.jpg,data/IMG/right_2026_08_29_20_20_24_605.jpg,-0.4,1.0,0.0,30.15878
data/IMG/center_2026_08_29_20_20_24_675.jpg,data/IMG/left_2026_08_29_20_20_24_675.jpg,data/IMG/right_2026_08_29_20_20_24_675.jpg,-0.5500001,1.0,0.0,30.14009
data/IMG/center_2026_08_29_20_20_24_742.jpg,data/IMG/left_2026_08_29_20_20_24_742.jpg,data/IMG/right_2026_08_29_20_20_24_742.jpg,-0.7,1.0,0.0,30.1216
data/IMG/center_2026_08_29_20_20_24_950.jpg,data/IMG/left_2026_08_29_20_20_24_950.jpg,data/IMG/right_2026_08_29_20_20_24_950.jpg,-0.1,1.0,0.0,30.19052
data/IMG/center_2026_08_29_20_20_25_019.jpg,data/IMG/left_2026_08_29_20_20_25_019.jpg,data/IMG/right_2026_08_29_20_20_25_019.jpg,-0.25,1.0,0.0,30.17903
data/IMG/center_2026_08_29_20_20_25_089.jpg,data/IMG/left_2026_08_29_20_20_25_089.jpg,data/IMG/right_2026_08_29_20_20_25_089.jpg,-0.45,1.0,0.0,30.15527
data/IMG/center_2026_08_29_20_20_25_156.jpg,data/IMG/left_2026_08_29_20_20_25_156.jpg,data/IMG/right_2026_08_29_20_20_25_156.jpg,-0.6000001,1.0,0.0,30.13582
data/IMG/center_2026_08_29_20_20_25_364.jpg,data/IMG/left_2026_08_29_20_20_25_364.jpg,data/IMG/right_2026_08_29_20_20_25_364.jpg,0.0,1.0,0.0,30.18989
data/IMG/center_2026_08_29_20_20_27_500.jpg,data/IMG/left_2026_08_29_20_20_27_500.jpg,data/IMG/right_2026_08_29_20_20_27_500.jpg,0.0,1.0,0.0,30.1903
data/IMG/center_2026_08_29_20_20_27_568.jpg,data/IMG/left_2026_08_29_20_20_27_568.jpg,data/IMG/right_2026_08_29_20_20_27_568.jpg,0.0,1.0,0.0,30.19034
data/IMG/center_2026_08_29_20_20_28_689.jpg,data/IMG/left_2026_08_29_20_20_28_689.jpg,data/IMG/right_2026_08_29_20_20_28_689.jpg,0.0,1.0,0.0,30.19036
data/IMG/center_2026_08_29_20_20_30_338.jpg,data/IMG/left_2026_08_29_20_20_30_338.jpg,data/IMG/right_2026_08_29_20_20_30_338.jpg,0.05,1.0,0.0,30.18971
data/IMG/center_2026_08_29_20_20_30_408.jpg,data/IMG/left_2026_08_29_20_20_30_408.jpg,data/IMG/right_2026_08_29_20_20_30_408.jpg,0.25,1.0,0.0,30.17497
data/IMG/center_2026_08_29_20_20_30_478.jpg,data/IMG/left_2026_08_29_20_20_30_478.jpg,data/IMG/right_2026_08_29_20_20_30_478.jpg,0.4,1.0,0.0,30.15754
data/IMG/center_2026_08_29_20_20_30_547.jpg,data/IMG/left_2026_08_29_20_20_30_547.jpg,data/IMG/right_2026_08_29_20_20_30_547.jpg,0.6000001,1.0,0.0,30.13316
data/IMG/center_2026_08_29_20_20_30_615.jpg,data/IMG/left_2026_08_29_20_20_30_615.jpg,data/IMG/right_2026_08_29_20_20_30_615.jpg,0.0,1.0,0.0,30.17747
data/IMG/center_2026_08_29_20_20_31_503.jpg,data/IMG/left_2026_08_29_20_20_31_503.jpg,data/IMG/right_2026_08_29_20_20_31_503.jpg,0.1,1.0,0.0,30.18751
data/IMG/center_2026_08_29_20_20_31_570.jpg,data/IMG/left_2026_08_29_20_20_31_570.jpg,data/IMG/right_2026_08_29_20_20_31_570.jpg,0.25,1.0,0.0,30.17469
data/IMG/center_2026_08_29_20_20_31_637.jpg,data/IMG/left_2026_08_29_20_20_31_637.jpg,data/IMG/right_2026_08_29_20_20_31_637.jpg,0.4,1.0,0.0,30.15746
data/IMG/center_2026_08_29_20_20_31_707.jpg,data/IMG/left_2026_08_29_20_20_31_707.jpg,data/IMG/right_2026_08_29_20_20_31_707.jpg,0.6000001,1.0,0.0,30.13316
data/IMG/center_2026_08_29_20_20_32_392.jpg,data/IMG/left_2026_08_29_20_20_32_392.jpg,data/IMG/right_2026_08_29_20_20_32_392.jpg,0.15,1.0,0.0,30.18423
data/IMG/center_2026_08_29_20_20_32_459.jpg,data/IMG/left_2026_08_29_20_20_32_459.jpg,data/IMG/right_2026_08_29_20_20_32_459.jpg,0.3,1.0,0.0,30.16922
data/IMG/center_2026_08_29_20_20_32_528.jpg,data/IMG/left_2026_08_29_20_20_32_528.jpg,data/IMG/right_2026_08_29_20_20_32_528.jpg,0.5000001,1.0,0.0,30.14523
data/IMG/center_2026_08_29_20_20_32_595.jpg,data/IMG/left_2026_08_29_20_20_32_595.jpg,data/IMG/right_2026_08_29_20_20_32_595.jpg,0.6500001,1.0,0.0,30.12685
data/IMG/center_2026_08_29_20_20_33_004.jpg,data/IMG/left_2026_08_29_20_20_33_004.jpg,data/IMG/right_2026_08_29_20_20_33_004.jpg,0.05,1.0,0.0,30.18995
data/IMG/center_2026_08_29_20_20_33_071.jpg,data/IMG/left_2026_08_29_20_20_33_071.jpg,data/IMG/right_2026_08_29_20_20_33_071.jpg,0.2,1.0,0.0,30.18085
data/IMG/center_2026_08_29_20_20_33_138.jpg,data/IMG/left_2026_08_29_20_20_33_138.jpg,data/IMG/right_2026_08_29_20_20_33_138.jpg,0.35,1.0,0.0,30.16438
data/IMG/center_2026_08_29_20_20_33_207.jpg,data/IMG/left_2026_08_29_20_20_33_207.jpg,data/IMG/right_2026_08_29_20_20_33_207.jpg,0.5500001,1.0,0.0,30.1394
data/IMG/center_2026_08_29_20_20_33_276.jpg,data/IMG/left_2026_08_29_20_20_33_276.jpg,data/IMG/right_2026_08_29_20_20_33_276.jpg,0.7,1.0,0.0,30.12134
data/IMG/center_2026_08_29_20_20_33_345.jpg,data/IMG/left_2026_08_29_20_20_33_345.jpg,data/IMG/right_2026_08_29_20_20_33_345.jpg,0.9000002,1.0,0.0,30.101
data/IMG/center_2026_08_29_20_20_33_551.jpg,data/IMG/left_2026_08_29_20_20_33_551.jpg,data/IMG/right_2026_08_29_20_20_33_551.jpg,0.1,1.0,0.0,30.19192
data/IMG/center_2026_08_29_20_20_33_619.jpg,data/IMG/left_2026_08_29_20_20_33_619.jpg,data/IMG/right_2026_08_29_20_20_33_619.jpg,0.25,1.0,0.0,30.18326
data/IMG/center_2026_08_29_20_20_33_687.jpg,data/IMG/left_2026_08_29_20_20_33_687.jpg,data/IMG/right_2026_08_29_20_20_33_687.jpg,0.45,1.0,0.0,30.15886
data/IMG/center_2026_08_29_20_20_33_756.jpg,data/IMG/left_2026_08_29_20_20_33_756.jpg,data/IMG/right_2026_08_29_20_20_33_756.jpg,0.6000001,1.0,0.0,30.138
data/IMG/center_2026_08_29_20_20_34_161.jpg,data/IMG/left_2026_08_29_20_20_34_161.jpg,data/IMG/right_2026_08_29_20_20_34_161.jpg,0.1,1.0,0.0,30.18846
data/IMG/center_2026_08_29_20_20_34_230.jpg,data/IMG/left_2026_08_29_20_20_34_230.jpg,data/IMG/right_2026_08_29_20_20_34_230.jpg,0.3,1.0,0.0,30.1702
data/IMG/center_2026_08_29_20_20_34_298.jpg,data/IMG/left_2026_08_29_20_20_34_298.jpg,data/IMG/right_2026_08_29_20_20_34_298.jpg,0.45,1.0,0.0,30.15211
data/IMG/center_2026_08_29_20_20_34_365.jpg,data/IMG/left_2026_08_29_20_20_34_365.jpg,data/IMG/right_2026_08_29_20_20_34_365.jpg,0.6500001,1.0,0.0,30.12748
data/IMG/center_2026_08_29_20_20_34_434.jpg,data/IMG/left_2026_08_29_20_20_34_434.jpg,data/IMG/right_2026_08_29_20_20_34_434.jpg,0.8000001,1.0,0.0,30.11034
data/IMG/center_2026_08_29_20_20_34_707.jpg,data/IMG/left_2026_08_29_20_20_34_707.jpg,data/IMG/right_2026_08_29_20_20_34_707.jpg,0.0,1.0,0.0,30.19032
data/IMG/center_2026_08_29_20_20_34_844.jpg,data/IMG/left_2026_08_29_20_20_34_844.jpg,data/IMG/right_2026_08_29_20_20_34_844.jpg,0.2,1.0,0.0,30.18091
data/IMG/center_2026_08_29_20_20_34_913.jpg,data/IMG/left_2026_08_29_20_20_34_913.jpg,data/IMG/right_2026_08_29_20_20_34_913.jpg,0.35,1.0,0.0,30.16468
data/IMG/center_2026_08_29_20_20_34_981.jpg,data/IMG/left_2026_08_29_20_20_34_981.jpg,data/IMG/right_2026_08_29_20_20_34_981.jpg,0.5000001,1.0,0.0,30.14619
data/IMG/center_2026_08_29_20_20_35_050.jpg,data/IMG/left_2026_08_29_20_20_35_050.jpg,data/IMG/right_2026_08_29_20_20_35_050.jpg,0.0,1.0,0.0,30.18074
data/IMG/center_2026_08_29_20_20_35_728.jpg,data/IMG/left_2026_08_29_20_20_35_728.jpg,data/IMG/right_2026_08_29_20_20_35_728.jpg,0.1,1.0,0.0,30.18769
data/IMG/center_2026_08_29_20_20_35_795.jpg,data/IMG/left_2026_08_29_20_20_35_795.jpg,data/IMG/right_2026_08_29_20_20_35_795.jpg,0.25,1.0,0.0,30.17473
data/IMG/center_2026_08_29_20_20_35_864.jpg,data/IMG/left_2026_08_29_20_20_35_864.jpg,data/IMG/right_2026_08_29_20_20_35_864.jpg,0.45,1.0,0.0,30.15138
data/IMG/center_2026_08_29_20_20_35_930.jpg,data/IMG/left_2026_08_29_20_20_35_930.jpg,data/IMG/right_2026_08_29_20_20_35_930.jpg,0.6000001,1.0,0.0,30.13276
data_recovery/IMG/center_2026_08_31_13_11_53_058.jpg,data_recovery/IMG/left_2026_08_31_13_11_53_058.jpg,data_recovery/IMG/right_2026_08_31_13_11_53_058.jpg,0.0,0.6998098,0.0,1.493594
data_recovery/IMG/center_2026_08_31_13_11_53_332.jpg,data_recovery/IMG/left_2026_08_31_13_11_53_332.jpg,data_recovery/IMG/right_2026_08_31_13_11_53_332.jpg,-0.05,1.0,0.0,4.634985
data_recovery/IMG/center_2026_08_31_13_11_53_401.jpg,data_recovery/IMG/left_2026_08_31_13_11_53_401.jpg,data_recovery/IMG/right_2026_08_31_13_11_53_401.jpg,-0.2,1.0,0.0,5.325829
data_recovery/IMG/center_2026_08_31_13_11_53_744.jpg,data_recovery/IMG/left_2026_08_31_13_11_53_744.jpg,data_recovery/IMG/right_2026_08_31_13_11_53_744.jpg,-0.1,1.0,0.0,9.195654
data_recovery/IMG/center_2026_08_31_13_11_53_811.jpg,data_recovery/IMG/left_2026_08_31_13_11_53_811.jpg,data_recovery/IMG/right_2026_08_31_13_11_53_811.jpg,-0.3,1.0,0.0,10.06439
data_recovery/IMG/center_2026_08_31_13_11_53_878.jpg,data_recovery/IMG/left_2026_08_31_13_11_53_878.jpg,data_recovery/IMG/right_2026_08_31_13_11_53_878.jpg,-0.45,1.0,0.0,10.69129
data_recovery/IMG/center_2026_08_31_13_11_54_151.jpg,data_recovery/IMG/left_2026_08_31_13_11_54_151.jpg,data_recovery/IMG/right_2026_08_31_13_11_54_151.jpg,0.0,1.0,0.0,13.71676
data_recovery/IMG/center_2026_08_31_13_11_54_492.jpg,data_recovery/IMG/left_2026_08_31_13_11_54_492.jpg,data_recovery/IMG/right_2026_08_31_13_11_54_492.jpg,-0.2,1.0,0.0,17.28716
data_recovery/IMG/center_2026_08_31_13_11_54_561.jpg,data_recovery/IMG/left_2026_08_31_13_11_54_561.jpg,data_recovery/IMG/right_2026_08_31_13_11_54_561.jpg,-0.35,1.0,0.0,17.88681
data_recovery/IMG/center_2026_08_31_13_11_54_768.jpg,data_recovery/IMG/left_2026_08_31_13_11_54_768.jpg,data_recovery/IMG/right_2026_08_31_13_11_54_768.jpg,0.0,1.0,0.0,20.08747
data_recovery/IMG/center_2026_08_31_13_11_55_044.jpg,data_recovery/IMG/left_2026_08_31_13_11_55_044.jpg,data_recovery/IMG/right_2026_08_31_13_11_55_044.jpg,-0.15,1.0,0.0,22.68761
data_recovery/IMG/center_2026_08_31_13_11_55_111.jpg,data_recovery/IMG/left_2026_08_31_13_11_55_111.jpg,data_recovery/IMG/right_2026_08_31_13_11_55_111.jpg,-0.35,1.0,0.0,23.41113
data_recovery/IMG/center_2026_08_31_13_11_56_004.jpg,data_recovery/IMG/left_2026_08_31_13_11_56_004.jpg,data_recovery/IMG/right_2026_08_31_13_11_56_004.jpg,-0.05,1.0,0.0,30.18966
data_recovery/IMG/center_2026_08_31_13_11_56_071.jpg,data_recovery/IMG/left_2026_08_31_13_11_56_071.jpg,data_recovery/IMG/right_2026_08_31_13_11_56_071.jpg,-0.25,1.0,0.0,30.17477
data_recovery/IMG/center_2026_08_31_13_11_56_139.jpg,data_recovery/IMG/left_2026_08_31_13_11_56_139.jpg,data_recovery/IMG/right_2026_08_31_13_11_56_139.jpg,-0.4,1.0,0.0,30.15757
data_recovery/IMG/center_2026_08_31_13_11_56_821.jpg,data_recovery/IMG/left_2026_08_31_13_11_56_821.jpg,data_recovery/IMG/right_2026_08_31_13_11_56_821.jpg,-0.15,0.7346492,0.0,30.0443
data_recovery/IMG/center_2026_08_31_13_11_56_888.jpg,data_recovery/IMG/left_2026_08_31_13_11_56_888.jpg,data_recovery/IMG/right_2026_08_31_13_11_56_888.jpg,-0.35,0.9815311,0.0,30.14489
data_recovery/IMG/center_2026_08_31_13_11_57_632.jpg,data_recovery/IMG/left_2026_08_31_13_11_57_632.jpg,data_recovery/IMG/right_2026_08_31_13_11_57_632.jpg,-0.15,0.0,0.0,28.78389
data_recovery/IMG/center_2026_08_31_13_11_57_699.jpg,data_recovery/IMG/left_2026_08_31_13_11_57_699.jpg,data_recovery/IMG/right_2026_08_31_13_11_57_699.jpg,-0.3,0.0,0.0,28.56567
data_recovery/IMG/center_2026_08_31_13_11_58_105.jpg,data_recovery/IMG/left_2026_08_31_13_11_58_105.jpg,data_recovery/IMG/right_2026_08_31_13_11_58_105.jpg,-0.05,0.0,0.0,27.36648
data_recovery/IMG/center_2026_08_31_13_11_58_174.jpg,data_recovery/IMG/left_2026_08_31_13_11_58_174.jpg,data_recovery/IMG/right_2026_08_31_13_11_58_174.jpg,-0.25,0.1899297,0.0,27.18194
data_recovery/IMG/center_2026_08_31_13_11_58_243.jpg,data_recovery/IMG/left_2026_08_31_13_11_58_243.jpg,data_recovery/IMG/right_2026_08_31_13_11_58_243.jpg,-0.4,0.2563409,0.0,27.14684
data_recovery/IMG/center_2026_08_31_13_11_58_723.jpg,data_recovery/IMG/left_2026_08_31_13_11_58_723.jpg,data_recovery/IMG/right_2026_08_31_13_11_58_723.jpg,0.0,0.01600814,0.0,25.94433
data_recovery/IMG/center_2026_08_31_13_11_58_792.jpg,data_recovery/IMG/left_2026_08_31_13_11_58_792.jpg,data_recovery/IMG/right_2026_08_31_13_11_58_792.jpg,0.0,0.2559421,0.0,25.85796
data_recovery/IMG/center_2026_08_31_13_11_58_928.jpg,data_recovery/IMG/left_2026_08_31_13_11_58_928.jpg,data_recovery/IMG/right_2026_08_31_13_11_58_928.jpg,-0.05,0.6734251,0.0,26.26828
data_recovery/IMG/center_2026_08_31_13_11_58_998.jpg,data_recovery/IMG/left_2026_08_31_13_11_58_998.jpg,data_recovery/IMG/right_2026_08_31_13_11_58_998.jpg,-0.2,0.8553182,0.0,26.64054
data_recovery/IMG/center_2026_08_31_13_11_59_068.jpg,data_recovery/IMG/left_2026_08_31_13_11_59_068.jpg,data_recovery/IMG/right_2026_08_31_13_11_59_068.jpg,-0.4,0.991978,0.0,27.26008
data_recovery/IMG/center_2026_08_31_13_11_59_609.jpg,data_recovery/IMG/left_2026_08_31_13_11_59_609.jpg,data_recovery/IMG/right_2026_08_31_13_11_59_609.jpg,0.0,0.1238941,0.0,27.74726
data_recovery/IMG/center_2026_08_31_13_11_59_744.jpg,data_recovery/IMG/left_2026_08_31_13_11_59_744.jpg,data_recovery/IMG/right_2026_08_31_13_11_59_744.jpg,-0.15,0.485703,0.0,27.83348
data_recovery/IMG/center_2026_08_31_13_11_59_813.jpg,data_recovery/IMG/left_2026_08_31_13_11_59_813.jpg,data_recovery/IMG/right_2026_08_31_13_11_59_813.jpg,-0.35,0.720579,0.0,28.11966
data_recovery/IMG/center_2026_08_31_13_11_59_881.jpg,data_recovery/IMG/left_2026_08_31_13_11_59_881.jpg,data_recovery/IMG/right_2026_08_31_13_11_59_881.jpg,-0.5000001,0.6143249,0.0,28.35311
data_recovery/IMG/center_2026_08_31_13_12_00_220.jpg,data_recovery/IMG/left_2026_08_31_13_12_00_220.jpg,data_recovery/IMG/right_2026_08_31_13_12_00_220.jpg,-0.1,0.0,0.0,28.08086
data_recovery/IMG/center_2026_08_31_13_12_00_289.jpg,data_recovery/IMG/left_2026_08_31_13_12_00_289.jpg,data_recovery/IMG/right_2026_08_31_13_12_00_289.jpg,-0.3,0.0,0.0,27.81163
data_recovery/IMG/center_2026_08_31_13_12_00_900.jpg,data_recovery/IMG/left_2026_08_31_13_12_00_900.jpg,data_recovery/IMG/right_2026_08_31_13_12_00_900.jpg,-0.15,0.0,0.0,26.13709
data_recovery/IMG/center_2026_08_31_13_12_00_967.jpg,data_recovery/IMG/left_2026_08_31_13_12_00_967.jpg,data_recovery/IMG/right_2026_08_31_13_12_00_967.jpg,-0.35,0.0,0.0,25.86115
data_recovery/IMG/center_2026_08_31_13_12_01_036.jpg,data_recovery/IMG/left_2026_08_31_13_12_01_036.jpg,data_recovery/IMG/right_2026_08_31_13_12_01_036.jpg,-0.5000001,0.0,0.0,25.60392
data_recovery/IMG/center_2026_08_31_13_12_01_442.jpg,data_recovery/IMG/left_2026_08_31_13_12_01_442.jpg,data_recovery/IMG/right_2026_08_31_13_12_01_442.jpg,-0.05,0.0,0.0,24.56172
data_recovery/IMG/center_2026_08_31_13_12_01_509.jpg,data_recovery/IMG/left_2026_08_31_13_12_01_509.jpg,data_recovery/IMG/right_2026_08_31_13_12_01_509.jpg,-0.25,0.0,0.0,24.33531
data_recovery/IMG/center_2026_08_31_13_12_01_578.jpg,data_recovery/IMG/left_2026_08_31_13_12_01_578.jpg,data_recovery/IMG/right_2026_08_31_13_12_01_578.jpg,-0.4,0.0,0.0,24.12147
data_recovery/IMG/center_2026_08_31_13_12_01_715.jpg,data_recovery/IMG/left_2026_08_31_13_12_01_715.jpg,data_recovery/IMG/right_2026_08_31_13_12_01_715.jpg,0.0,0.0,0.0,23.68891
data_recovery/IMG/center_2026_08_31_13_12_01_986.jpg,data_recovery/IMG/left_2026_08_31_13_12_01_986.jpg,data_recovery/IMG/right_2026_08_31_13_12_01_986.jpg,-0.2,0.7535759,0.0,24.13468
data_recovery/IMG/center_2026_08_31_13_12_02_053.jpg,data_recovery/IMG/left_2026_08_31_13_12_02_053.jpg,data_recovery/IMG/right_2026_08_31_13_12_02_053.jpg,-0.35,0.8422834,0.0,24.54604
data_recovery/IMG/center_2026_08_31_13_12_02_120.jpg,data_recovery/IMG/left_2026_08_31_13_12_02_120.jpg,data_recovery/IMG/right_2026_08_31_13_12_02_120.jpg,-0.5000001,0.6704103,0.0,24.85484
data_recovery/IMG/center_2026_08_31_13_12_02_189.jpg,data_recovery/IMG/left_2026_08_31_13_12_02_189.jpg,data_recovery/IMG/right_2026_08_31_13_12_02_189.jpg,0.0,0.4274193,0.0,25.16887
data_recovery/IMG/center_2026_08_31_13_12_02_663.jpg,data_recovery/IMG/left_2026_08_31_13_12_02_663.jpg,data_recovery/IMG/right_2026_08_31_13_12_02_663.jpg,-0.05,0.3465929,0.0,24.62331
data_recovery/IMG/center_2026_08_31_13_12_02_732.jpg,data_recovery/IMG/left_2026_08_31_13_12_02_732.jpg,data_recovery/IMG/right_2026_08_31_13_12_02_732.jpg,-0.25,0.5916027,0.0,24.84306
data_recovery/IMG/center_2026_08_31_13_12_02_798.jpg,data_recovery/IMG/left_2026_08_31_13_12_02_798.jpg,data_recovery/IMG/right_2026_08_31_13_12_02_798.jpg,-0.4,0.768258,0.0,25.11362
data_recovery/IMG/center_2026_08_31_13_12_02_866.jpg,data_recovery/IMG/left_2026_08_31_13_12_02_866.jpg,data_recovery/IMG/right_2026_08_31_13_12_02_866.jpg,-0.6000001,0.9915658,0.0,25.60508
data_recovery/IMG/center_2026_08_31_13_12_03_346.jpg,data_recovery/IMG/left_2026_08_31_13_12_03_346.jpg,data_recovery/IMG/right_2026_08_31_13_12_03_346.jpg,-0.15,0.421434,0.0,26.62982
data_recovery/IMG/center_2026_08_31_13_12_03_415.jpg,data_recovery/IMG/left_2026_08_31_13_12_03_415.jpg,data_recovery/IMG/right_2026_08_31_13_12_03_415.jpg,-0.3,0.6065608,0.0,26.79483
data_recovery/IMG/center_2026_08_31_13_12_03_481.jpg,data_recovery/IMG/left_2026_08_31_13_12_03_481.jpg,data_recovery/IMG/right_2026_08_31_13_12_03_481.jpg,-0.45,0.7856158,0.0,27.04437
data_recovery/IMG/center_2026_08_31_13_12_03_818.jpg,data_recovery/IMG/left_2026_08_31_13_12_03_818.jpg,data_recovery/IMG/right_2026_08_31_13_12_03_818.jpg,-0.05,0.2923031,0.0,29.04814
data_recovery/IMG/center_2026_08_31_13_12_03_884.jpg,data_recovery/IMG/left_2026_08_31_13_12_03_884.jpg,data_recovery/IMG/right_2026_08_31_13_12_03_884.jpg,-0.2,0.1141179,0.0,29.01473
data_recovery/IMG/center_2026_08_31_13_12_03_953.jpg,data_recovery/IMG/left_2026_08_31_13_12_03_953.jpg,data_recovery/IMG/right_2026_08_31_13_12_03_953.jpg,-0.4,0.2621862,0.0,28.82522
data_recovery/IMG/center_2026_08_31_13_12_04_022.jpg,data_recovery/IMG/left_2026_08_31_13_12_04_022.jpg,data_recovery/IMG/right_2026_08_31_13_12_04_022.jpg,-0.5500001,0.4361771,0.0,28.77417
data_recovery/IMG/center_2026_08_31_13_12_04_091.jpg,data_recovery/IMG/left_2026_08_31_13_12_04_091.jpg,data_recovery/IMG/right_2026_08_31_13_12_04_091.jpg,-0.7500002,0.6738069,0.0,28.82722
data_recovery/IMG/center_2026_08_31_13_12_04_568.jpg,data_recovery/IMG/left_2026_08_31_13_12_04_568.jpg,data_recovery/IMG/right_2026_08_31_13_12_04_568.jpg,0.0,0.2997761,0.0,30.024
data_recovery/IMG/center_2026_08_31_13_12_05_251.jpg,data_recovery/IMG/left_2026_08_31_13_12_05_251.jpg,data_recovery/IMG/right_2026_08_31_13_12_05_251.jpg,0.0,1.0,0.0,30.19056
data_recovery/IMG/center_2026_08_31_13_12_05_592.jpg,data_recovery/IMG/left_2026_08_31_13_12_05_592.jpg,data_recovery/IMG/right_2026_08_31_13_12_05_592.jpg,-0.15,1.0,0.0,30.18403
data_recovery/IMG/center_2026_08_31_13_12_05_662.jpg,data_recovery/IMG/left_2026_08_31_13_12_05_662.jpg,data_recovery/IMG/right_2026_08_31_13_12_05_662.jpg,-0.3,1.0,0.0,30.17101
data_recovery/IMG/center_2026_08_31_13_12_06_207.jpg,data_recovery/IMG/left_2026_08_31_13_12_06_207.jpg,data_recovery/IMG/right_2026_08_31_13_12_06_207.jpg,-0.2,0.6011709,0.0,30.06795
data_recovery/IMG/center_2026_08_31_13_12_06_275.jpg,data_recovery/IMG/left_2026_08_31_13_12_06_275.jpg,data_recovery/IMG/right_2026_08_31_13_12_06_275.jpg,-0.35,0.7755009,0.0,30.09584
data_recovery/IMG/center_2026_08_31_13_12_06_343.jpg,data_recovery/IMG/left_2026_08_31_13_12_06_343.jpg,data_recovery/IMG/right_2026_08_31_13_12_06_343.jpg,-0.5000001,0.95761,0.0,30.12306
data_recovery/IMG/center_2026_08_31_13_12_07_235.jpg,data_recovery/IMG/left_2026_08_31_13_12_07_235.jpg,data_recovery/IMG/right_2026_08_31_13_12_07_235.jpg,-0.05,1.0,0.0,30.18967
data_recovery/IMG/center_2026_08_31_13_12_07_306.jpg,data_recovery/IMG/left_2026_08_31_13_12_07_306.jpg,data_recovery/IMG/right_2026_08_31_13_12_07_306.jpg,-0.25,1.0,0.0,30.17477
data_recovery/IMG/center_2026_08_31_13_12_07_372.jpg,data_recovery/IMG/left_2026_08_31_13_12_07_372.jpg,data_recovery/IMG/right_2026_08_31_13_12_07_372.jpg,0.0,1.0,0.0,30.18295
data_recovery/IMG/center_2026_08_31_13_12_08_061.jpg,data_recovery/IMG/left_2026_08_31_13_12_08_061.jpg,data_recovery/IMG/right_2026_08_31_13_12_08_061.jpg,-0.05,1.0,0.0,30.18986
data_recovery/IMG/center_2026_08_31_13_12_08_131.jpg,data_recovery/IMG/left_2026_08_31_13_12_08_131.jpg,data_recovery/IMG/right_2026_08_31_13_12_08_131.jpg,-0.25,1.0,0.0,30.17472
data_recovery/IMG/center_2026_08_31_13_12_08_200.jpg,data_recovery/IMG/left_2026_08_31_13_12_08_200.jpg,data_recovery/IMG/right_2026_08_31_13_12_08_200.jpg,-0.4,1.0,0.0,30.15751
data_recovery/IMG/center_2026_08_31_13_12_08_956.jpg,data_recovery/IMG/left_2026_08_31_13_12_08_956.jpg,data_recovery/IMG/right_2026_08_31_13_12_08_956.jpg,-0.15,1.0,0.0,30.18428
data_recovery/IMG/center_2026_08_31_13_12_09_026.jpg,data_recovery/IMG/left_2026_08_31_13_12_09_026.jpg,data_recovery/IMG/right_2026_08_31_13_12_09_026.jpg,-0.35,1.0,0.0,30.16344
data_recovery/IMG/center_2026_08_31_13_12_09_920.jpg,data_recovery/IMG/left_2026_08_31_13_12_09_920.jpg,data_recovery/IMG/right_2026_08_31_13_12_09_920.jpg,-0.15,1.0,0.0,30.18418
data_recovery/IMG/center_2026_08_31_13_14_10_990.jpg,data_recovery/IMG/left_2026_08_31_13_14_10_990.jpg,data_recovery/IMG/right_2026_08_31_13_14_10_990.jpg,0.0,1.0,0.0,8.839013
data_recovery/IMG/center_2026_08_31_13_14_12_090.jpg,data_recovery/IMG/left_2026_08_31_13_14_12_090.jpg,data_recovery/IMG/right_2026_08_31_13_14_12_090.jpg,-0.1,1.0,0.0,20.51104
data_recovery/IMG/center_2026_08_31_13_14_12_159.jpg,data_recovery/IMG/left_2026_08_31_13_14_12_159.jpg,data_recovery/IMG/right_2026_08_31_13_14_12_159.jpg,-0.3,1.0,0.0,21.28555
data_recovery/IMG/center_2026_08_31_13_14_12_843.jpg,data_recovery/IMG/left_2026_08_31_13_14_12_843.jpg,data_recovery/IMG/right_2026_08_31_13_14_12_843.jpg,-0.1,1.0,0.0,27.87409
data_recovery/IMG/center_2026_08_31_13_14_12_911.jpg,data_recovery/IMG/left_2026_08_31_13_14_12_911.jpg,data_recovery/IMG/right_2026_08_31_13_14_12_911.jpg,-0.3,1.0,0.0,28.56742
data_recovery/IMG/center_2026_08_31_13_14_13_808.jpg,data_recovery/IMG/left_2026_08_31_13_14_13_808.jpg,data_recovery/IMG/right_2026_08_31_13_14_13_808.jpg,-0.15,1.0,0.0,30.18421
data_recovery/IMG/center_2026_08_31_13_14_14_626.jpg,data_recovery/IMG/left_2026_08_31_13_14_14_626.jpg,data_recovery/IMG/right_2026_08_31_13_14_14_626.jpg,-0.15,1.0,0.0,30.18424
data_recovery/IMG/center_2026_08_31_13_14_14_693.jpg,data_recovery/IMG/left_2026_08_31_13_14_14_693.jpg,data_recovery/IMG/right_2026_08_31_13_14_14_693.jpg,-0.35,1.0,0.0,30.16345
data_recovery/IMG/center_2026_08_31_13_14_15_779.jpg,data_recovery/IMG/left_2026_08_31_13_14_15_779.jpg,data_recovery/IMG/right_2026_08_31_13_14_15_779.jpg,-0.2,1.0,0.0,30.17983
data_recovery/IMG/center_2026_08_31_13_14_15_847.jpg,data_recovery/IMG/left_2026_08_31_13_14_15_847.jpg,data_recovery/IMG/right_2026_08_31_13_14_15_847.jpg,-0.35,1.0,0.0,30.16345
data_recovery/IMG/center_2026_08_31_13_14_16_324.jpg,data_recovery/IMG/left_2026_08_31_13_14_16_324.jpg,data_recovery/IMG/right_2026_08_31_13_14_16_324.jpg,-0.15,1.0,0.0,30.18462
data_recovery/IMG/center_2026_08_31_13_14_16_392.jpg,data_recovery/IMG/left_2026_08_31_13_14_16_392.jpg,data_recovery/IMG/right_2026_08_31_13_14_16_392.jpg,-0.35,1.0,0.0,30.16367
data_recovery/IMG/center_2026_08_31_13_14_17_213.jpg,data_recovery/IMG/left_2026_08_31_13_14_17_213.jpg,data_recovery/IMG/right_2026_08_31_13_14_17_213.jpg,-0.2,1.0,0.0,30.17981
data_recovery/IMG/center_2026_08_31_13_14_17_280.jpg,data_recovery/IMG/left_2026_08_31_13_14_17_280.jpg,data_recovery/IMG/right_2026_08_31_13_14_17_280.jpg,-0.35,1.0,0.0,30.16368
data_recovery/IMG/center_2026_08_31_13_14_18_099.jpg,data_recovery/IMG/left_2026_08_31_13_14_18_099.jpg,data_recovery/IMG/right_2026_08_31_13_14_18_099.jpg,-0.15,1.0,0.0,30.18333
data_recovery/IMG/center_2026_08_31_13_14_18_165.jpg,data_recovery/IMG/left_2026_08_31_13_14_18_165.jpg,data_recovery/IMG/right_2026_08_31_13_14_18_165.jpg,-0.3,1.0,0.0,30.16931
data_recovery/IMG/center_2026_08_31_13_14_18_301.jpg,data_recovery/IMG/left_2026_08_31_13_14_18_301.jpg,data_recovery/IMG/right_2026_08_31_13_14_18_301.jpg,0.0,1.0,0.0,30.18916
data_recovery/IMG/center_2026_08_31_13_14_18_571.jpg,data_recovery/IMG/left_2026_08_31_13_14_18_571.jpg,data_recovery/IMG/right_2026_08_31_13_14_18_571.jpg,-0.1,1.0,0.0,30.1881
data_recovery/IMG/center_2026_08_31_13_14_18_640.jpg,data_recovery/IMG/left_2026_08_31_13_14_18_640.jpg,data_recovery/IMG/right_2026_08_31_13_14_18_640.jpg,-0.25,1.0,0.0,30.17537
data_recovery/IMG/center_2026_08_31_13_14_18_707.jpg,data_recovery/IMG/left_2026_08_31_13_14_18_707.jpg,data_recovery/IMG/right_2026_08_31_13_14_18_707.jpg,-0.4,1.0,0.0,30.15798
data_recovery/IMG/center_2026_08_31_13_14_19_253.jpg,data_recovery/IMG/left_2026_08_31_13_14_19_253.jpg,data_recovery/IMG/right_2026_08_31_13_14_19_253.jpg,-0.1,1.0,0.0,30.188
data_recovery/IMG/center_2026_08_31_13_14_19_321.jpg,data_recovery/IMG/left_2026_08_31_13_14_19_321.jpg,data_recovery/IMG/right_2026_08_31_13_14_19_321.jpg,-0.25,1.0,0.0,30.17486
data_recovery/IMG/center_2026_08_31_13_14_19_389.jpg,data_recovery/IMG/left_2026_08_31_13_14_19_389.jpg,data_recovery/IMG/right_2026_08_31_13_14_19_389.jpg,-0.4,1.0,0.0,30.1576
data_recovery/IMG/center_2026_08_31_13_14_19_798.jpg,data_recovery/IMG/left_2026_08_31_13_14_19_798.jpg,data_recovery/IMG/right_2026_08_31_13_14_19_798.jpg,0.0,1.0,0.0,30.18976
data_recovery/IMG/center_2026_08_31_13_14_20_273.jpg,data_recovery/IMG/left_2026_08_31_13_14_20_273.jpg,data_recovery/IMG/right_2026_08_31_13_14_20_273.jpg,-0.05,1.0,0.0,30.18967
data_recovery/IMG/center_2026_08_31_13_14_20_342.jpg,data_recovery/IMG/left_2026_08_31_13_14_20_342.jpg,data_recovery/IMG/right_2026_08_31_13_14_20_342.jpg,-0.2,1.0,0.0,30.17976
data_recovery/IMG/center_2026_08_31_13_14_20_409.jpg,data_recovery/IMG/left_2026_08_31_13_14_20_409.jpg,data_recovery/IMG/right_2026_08_31_13_14_20_409.jpg,-0.35,1.0,0.0,30.16345
data_recovery/IMG/center_2026_08_31_13_14_20_816.jpg,data_recovery/IMG/left_2026_08_31_13_14_20_816.jpg,data_recovery/IMG/right_2026_08_31_13_14_20_816.jpg,-0.2,1.0,0.0,30.18125
data_recovery/IMG/center_2026_08_31_13_14_20_884.jpg,data_recovery/IMG/left_2026_08_31_13_14_20_884.jpg,data_recovery/IMG/right_2026_08_31_13_14_20_884.jpg,-0.35,1.0,0.0,30.16473
data_recovery/IMG/center_2026_08_31_13_14_20_951.jpg,data_recovery/IMG/left_2026_08_31_13_14_20_951.jpg,data_recovery/IMG/right_2026_08_31_13_14_20_951.jpg,-0.5500001,1.0,0.0,30.14008
data_recovery/IMG/center_2026_08_31_13_14_21_290.jpg,data_recovery/IMG/left_2026_08_31_13_14_21_290.jpg,data_recovery/IMG/right_2026_08_31_13_14_21_290.jpg,0.0,1.0,0.0,30.19063
data_recovery/IMG/center_2026_08_31_13_14_21_701.jpg,data_recovery/IMG/left_2026_08_31_13_14_21_701.jpg,data_recovery/IMG/right_2026_08_31_13_14_21_701.jpg,-0.15,1.0,0.0,30.18422
data_recovery/IMG/center_2026_08_31_13_14_21_770.jpg,data_recovery/IMG/left_2026_08_31_13_14_21_770.jpg,data_recovery/IMG/right_2026_08_31_13_14_21_770.jpg,-0.35,1.0,0.0,30.16342
data_recovery/IMG/center_2026_08_31_13_14_21_837.jpg,data_recovery/IMG/left_2026_08_31_13_14_21_837.jpg,data_recovery/IMG/right_2026_08_31_13_14_21_837.jpg,0.0,1.0,0.0,30.17934
data_recovery/IMG/center_2026_08_31_13_14_22_108.jpg,data_recovery/IMG/left_2026_08_31_13_14_22_108.jpg,data_recovery/IMG/right_2026_08_31_13_14_22_108.jpg,-0.1,1.0,0.0,30.1888
data_recovery/IMG/center_2026_08_31_13_14_22_175.jpg,data_recovery/IMG/left_2026_08_31_13_14_22_175.jpg,data_recovery/IMG/right_2026_08_31_13_14_22_175.jpg,-0.3,1.0,0.0,30.17091
data_recovery/IMG/center_2026_08_31_13_14_22_243.jpg,data_recovery/IMG/left_2026_08_31_13_14_22_243.jpg,data_recovery/IMG/right_2026_08_31_13_14_22_243.jpg,-0.45,1.0,0.0,30.15273
data_recovery/IMG/center_2026_08_31_13_14_22_582.jpg,data_recovery/IMG/left_2026_08_31_13_14_22_582.jpg,data_recovery/IMG/right_2026_08_31_13_14_22_582.jpg,-0.15,1.0,0.0,30.18553
data_recovery/IMG/center_2026_08_31_13_14_22_651.jpg,data_recovery/IMG/left_2026_08_31_13_14_22_651.jpg,data_recovery/IMG/right_2026_08_31_13_14_22_651.jpg,-0.35,1.0,0.0,30.16493
data_recovery/IMG/center_2026_08_31_13_14_22_718.jpg,data_recovery/IMG/left_2026_08_31_13_14_22_718.jpg,data_recovery/IMG/right_2026_08_31_13_14_22_718.jpg,-0.5000001,1.0,0.0,30.14639
data_recovery/IMG/center_2026_08_31_13_14_23_057.jpg,data_recovery/IMG/left_2026_08_31_13_14_23_057.jpg,data_recovery/IMG/right_2026_08_31_13_14_23_057.jpg,-0.1,1.0,0.0,30.18847
data_recovery/IMG/center_2026_08_31_13_14_23_125.jpg,data_recovery/IMG/left_2026_08_31_13_14_23_125.jpg,data_recovery/IMG/right_2026_08_31_13_14_23_125.jpg,-0.25,1.0,0.0,30.17584
data_recovery/IMG/center_2026_08_31_13_14_23_666.jpg,data_recovery/IMG/left_2026_08_31_13_14_23_666.jpg,data_recovery/IMG/right_2026_08_31_13_14_23_666.jpg,-0.15,1.0,0.0,30.18449
data_recovery/IMG/center_2026_08_31_13_14_23_735.jpg,data_recovery/IMG/left_2026_08_31_13_14_23_735.jpg,data_recovery/IMG/right_2026_08_31_13_14_23_735.jpg,-0.35,1.0,0.0,30.16366
data_recovery/IMG/center_2026_08_31_13_14_23_802.jpg,data_recovery/IMG/left_2026_08_31_13_14_23_802.jpg,data_recovery/IMG/right_2026_08_31_13_14_23_802.jpg,0.0,1.0,0.0,30.18907
data_recovery/IMG/center_2026_08_31_13_14_24_281.jpg,data_recovery/IMG/left_2026_08_31_13_14_24_281.jpg,data_recovery/IMG/right_2026_08_31_13_14_24_281.jpg,-0.05,1.0,0.0,30.18974
data_recovery/IMG/center_2026_08_31_13_14_24_351.jpg,data_recovery/IMG/left_2026_08_31_13_14_24_351.jpg,data_recovery/IMG/right_2026_08_31_13_14_24_351.jpg,-0.25,1.0,0.0,30.17481
data_recovery/IMG/center_2026_08_31_13_14_24_418.jpg,data_recovery/IMG/left_2026_08_31_13_14_24_418.jpg,data_recovery/IMG/right_2026_08_31_13_14_24_418.jpg,-0.4,1.0,0.0,30.15759
data_recovery/IMG/center_2026_08_31_13_14_24_487.jpg,data_recovery/IMG/left_2026_08_31_13_14_24_487.jpg,data_recovery/IMG/right_2026_08_31_13_14_24_487.jpg,0.0,1.0,0.0,30.18748
data_recovery/IMG/center_2026_08_31_13_14_24_693.jpg,data_recovery/IMG/left_2026_08_31_13_14_24_693.jpg,data_recovery/IMG/right_2026_08_31_13_14_24_693.jpg,0.0,1.0,0.0,30.19026
data_recovery/IMG/center_2026_08_31_13_14_24_829.jpg,data_recovery/IMG/left_2026_08_31_13_14_24_829.jpg,data_recovery/IMG/right_2026_08_31_13_14_24_829.jpg,-0.1,1.0,0.0,30.18794
data_recovery/IMG/center_2026_08_31_13_14_24_896.jpg,data_recovery/IMG/left_2026_08_31_13_14_24_896.jpg,data_recovery/IMG/right_2026_08_31_13_14_24_896.jpg,-0.3,1.0,0.0,30.16974
data_recovery/IMG/center_2026_08_31_13_14_24_963.jpg,data_recovery/IMG/left_2026_08_31_13_14_24_963.jpg,data_recovery/IMG/right_2026_08_31_13_14_24_963.jpg,-0.45,1.0,0.0,30.15183
data_recovery/IMG/center_2026_08_31_13_14_25_440.jpg,data_recovery/IMG/left_2026_08_31_13_14_25_440.jpg,data_recovery/IMG/right_2026_08_31_13_14_25_440.jpg,-0.15,1.0,0.0,30.18452
data_recovery/IMG/center_2026_08_31_13_14_25_507.jpg,data_recovery/IMG/left_2026_08_31_13_14_25_507.jpg,data_recovery/IMG/right_2026_08_31_13_14_25_507.jpg,-0.3,1.0,0.0,30.16975
data_recovery/IMG/center_2026_08_31_13_14_26_257.jpg,data_recovery/IMG/left_2026_08_31_13_14_26_257.jpg,data_recovery/IMG/right_2026_08_31_13_14_26_257.jpg,0.0,1.0,0.0,30.19039
data_recovery/IMG/center_2026_08_31_13_14_26_667.jpg,data_recovery/IMG/left_2026_08_31_13_14_26_667.jpg,data_recovery/IMG/right_2026_08_31_13_14_26_667.jpg,-0.1,1.0,0.0,30.18762
data_recovery/IMG/center_2026_08_31_13_14_26_735.jpg,data_recovery/IMG/left_2026_08_31_13_14_26_735.jpg,data_recovery/IMG/right_2026_08_31_13_14_26_735.jpg,-0.3,1.0,0.0,30.16921
data_recovery/IMG/center_2026_08_31_13_14_27_211.jpg,data_recovery/IMG/left_2026_08_31_13_14_27_211.jpg,data_recovery/IMG/right_2026_08_31_13_14_27_211.jpg,-0.2,1.0,0.0,30.1802
data_recovery/IMG/center_2026_08_31_13_14_27_280.jpg,data_recovery/IMG/left_2026_08_31_13_14_27_280.jpg,data_recovery/IMG/right_2026_08_31_13_14_27_280.jpg,-0.35,1.0,0.0,30.16381
data_recovery/IMG/center_2026_08_31_13_14_28_446.jpg,data_recovery/IMG/left_2026_08_31_13_14_28_446.jpg,data_recovery/IMG/right_2026_08_31_13_14_28_446.jpg,-0.05,1.0,0.0,30.18972
data_recovery/IMG/center_2026_08_31_13_14_28_514.jpg,data_recovery/IMG/left_2026_08_31_13_14_28_514.jpg,data_recovery/IMG/right_2026_08_31_13_14_28_514.jpg,-0.25,1.0,0.0,30.17469
data_recovery/IMG/center_2026_08_31_13_14_29_197.jpg,data_recovery/IMG/left_2026_08_31_13_14_29_197.jpg,data_recovery/IMG/right_2026_08_31_13_14_29_197.jpg,-0.1,1.0,0.0,30.18766
data_recovery/IMG/center_2026_08_31_13_14_29_266.jpg,data_recovery/IMG/left_2026_08_31_13_14_29_266.jpg,data_recovery/IMG/right_2026_08_31_13_14_29_266.jpg,-0.25,1.0,0.0,30.17475
data_recovery/IMG/center_2026_08_31_13_14_31_041.jpg,data_recovery/IMG/left_2026_08_31_13_14_31_041.jpg,data_recovery/IMG/right_2026_08_31_13_14_31_041.jpg,0.0,1.0,0.0,30.19031
data_recovery/IMG/center_2026_08_31_13_14_31_108.jpg,data_recovery/IMG/left_2026_08_31_13_14_31_108.jpg,data_recovery/IMG/right_2026_08_31_13_14_31_108.jpg,0.0,1.0,0.0,30.19028
data_recovery/IMG/center_2026_08_31_13_16_01_054.jpg,data_recovery/IMG/left_2026_08_31_13_16_01_054.jpg,data_recovery/IMG/right_2026_08_31_13_16_01_054.jpg,-0.05,1.0,0.0,25.2182
data_recovery/IMG/center_2026_08_31_13_16_01_121.jpg,data_recovery/IMG/left_2026_08_31_13_16_01_121.jpg,data_recovery/IMG/right_2026_08_31_13_16_01_121.jpg,-0.25,1.0,0.0,25.95151
data_recovery/IMG/center_2026_08_31_13_16_01_189.jpg,data_recovery/IMG/left_2026_08_31_13_16_01_189.jpg,data_recovery/IMG/right_2026_08_31_13_16_01_189.jpg,0.0,1.0,0.0,26.49814
data_recovery/IMG/center_2026_08_31_13_16_02_279.jpg,data_recovery/IMG/left_2026_08_31_13_16_02_279.jpg,data_recovery/IMG/right_2026_08_31_13_16_02_279.jpg,-0.15,1.0,0.0,30.18422
data_recovery/IMG/center_2026_08_31_13_16_02_347.jpg,data_recovery/IMG/left_2026_08_31_13_16_02_347.jpg,data_recovery/IMG/right_2026_08_31_13_16_02_347.jpg,-0.3,1.0,0.0,30.1693
data_recovery/IMG/center_2026_08_31_13_16_02_756.jpg,data_recovery/IMG/left_2026_08_31_13_16_02_756.jpg,data_recovery/IMG/right_2026_08_31_13_16_02_756.jpg,-0.05,1.0,0.0,30.18985
data_recovery/IMG/center_2026_08_31_13_16_02_823.jpg,data_recovery/IMG/left_2026_08_31_13_16_02_823.jpg,data_recovery/IMG/right_2026_08_31_13_16_02_823.jpg,-0.25,1.0,0.0,30.17542
data_recovery/IMG/center_2026_08_31_13_16_03_231.jpg,data_recovery/IMG/left_2026_08_31_13_16_03_231.jpg,data_recovery/IMG/right_2026_08_31_13_16_03_231.jpg,0.0,1.0,0.0,30.19029
data_recovery/IMG/center_2026_08_31_13_16_03_437.jpg,data_recovery/IMG/left_2026_08_31_13_16_03_437.jpg,data_recovery/IMG/right_2026_08_31_13_16_03_437.jpg,-0.1,1.0,0.0,30.18747
data_recovery/IMG/center_2026_08_31_13_16_03_506.jpg,data_recovery/IMG/left_2026_08_31_13_16_03_506.jpg,data_recovery/IMG/right_2026_08_31_13_16_03_506.jpg,-0.3,1.0,0.0,30.16927
data_recovery/IMG/center_2026_08_31_13_16_04_459.jpg,data_recovery/IMG/left_2026_08_31_13_16_04_459.jpg,data_recovery/IMG/right_2026_08_31_13_16_04_459.jpg,-0.2,1.0,0.0,30.17967
data_recovery/IMG/center_2026_08_31_13_16_04_528.jpg,data_recovery/IMG/left_2026_08_31_13_16_04_528.jpg,data_recovery/IMG/right_2026_08_31_13_16_04_528.jpg,-0.35,1.0,0.0,30.16346
data_recovery/IMG/center_2026_08_31_13_16_04_664.jpg,data_recovery/IMG/left_2026_08_31_13_16_04_664.jpg,data_recovery/IMG/right_2026_08_31_13_16_04_664.jpg,0.0,1.0,0.0,30.19
data_recovery/IMG/center_2026_08_31_13_16_05_137.jpg,data_recovery/IMG/left_2026_08_31_13_16_05_137.jpg,data_recovery/IMG/right_2026_08_31_13_16_05_137.jpg,-0.1,1.0,0.0,30.18773
data_recovery/IMG/center_2026_08_31_13_16_05_204.jpg,data_recovery/IMG/left_2026_08_31_13_16_05_204.jpg,data_recovery/IMG/right_2026_08_31_13_16_05_204.jpg,-0.3,1.0,0.0,30.16931
data_recovery/IMG/center_2026_08_31_13_16_05_547.jpg,data_recovery/IMG/left_2026_08_31_13_16_05_547.jpg,data_recovery/IMG/right_2026_08_31_13_16_05_547.jpg,0.0,1.0,0.0,30.19032
data_recovery/IMG/center_2026_08_31_13_16_05_681.jpg,data_recovery/IMG/left_2026_08_31_13_16_05_681.jpg,data_recovery/IMG/right_2026_08_31_13_16_05_681.jpg,-0.05,1.0,0.0,30.18975
data_recovery/IMG/center_2026_08_31_13_16_05_750.jpg,data_recovery/IMG/left_2026_08_31_13_16_05_750.jpg,data_recovery/IMG/right_2026_08_31_13_16_05_750.jpg,-0.2,1.0,0.0,30.17997
data_recovery/IMG/center_2026_08_31_13_16_05_817.jpg,data_recovery/IMG/left_2026_08_31_13_16_05_817.jpg,data_recovery/IMG/right_2026_08_31_13_16_05_817.jpg,-0.35,1.0,0.0,30.16356
data_recovery/IMG/center_2026_08_31_13_16_06_291.jpg,data_recovery/IMG/left_2026_08_31_13_16_06_291.jpg,data_recovery/IMG/right_2026_08_31_13_16_06_291.jpg,-0.1,1.0,0.0,30.18781
data_recovery/IMG/center_2026_08_31_13_16_06_361.jpg,data_recovery/IMG/left_2026_08_31_13_16_06_361.jpg,data_recovery/IMG/right_2026_08_31_13_16_06_361.jpg,-0.3,1.0,0.0,30.16922
data_recovery/IMG/center_2026_08_31_13_16_06_428.jpg,data_recovery/IMG/left_2026_08_31_13_16_06_428.jpg,data_recovery/IMG/right_2026_08_31_13_16_06_428.jpg,-0.45,1.0,0.0,30.15156
data_recovery/IMG/center_2026_08_31_13_16_06_972.jpg,data_recovery/IMG/left_2026_08_31_13_16_06_972.jpg,data_recovery/IMG/right_2026_08_31_13_16_06_972.jpg,-0.05,1.0,0.0,30.18979
data_recovery/IMG/center_2026_08_31_13_16_07_040.jpg,data_recovery/IMG/left_2026_08_31_13_16_07_040.jpg,data_recovery/IMG/right_2026_08_31_13_16_07_040.jpg,-0.25,1.0,0.0,30.17486
data_recovery/IMG/center_2026_08_31_13_16_07_108.jpg,data_recovery/IMG/left_2026_08_31_13_16_07_108.jpg,data_recovery/IMG/right_2026_08_31_13_16_07_108.jpg,-0.4,1.0,0.0,30.1576
data_recovery/IMG/center_2026_08_31_13_16_07_177.jpg,data_recovery/IMG/left_2026_08_31_13_16_07_177.jpg,data_recovery/IMG/right_2026_08_31_13_16_07_177.jpg,-0.5500001,1.0,0.0,30.13906
data_recovery/IMG/center_2026_08_31_13_16_07_855.jpg,data_recovery/IMG/left_2026_08_31_13_16_07_855.jpg,data_recovery/IMG/right_2026_08_31_13_16_07_855.jpg,-0.15,1.0,0.0,30.1843
data_recovery/IMG/center_2026_08_31_13_16_07_925.jpg,data_recovery/IMG/left_2026_08_31_13_16_07_925.jpg,data_recovery/IMG/right_2026_08_31_13_16_07_925.jpg,-0.35,1.0,0.0,30.16347
data_recovery/IMG/center_2026_08_31_13_16_07_994.jpg,data_recovery/IMG/left_2026_08_31_13_16_07_994.jpg,data_recovery/IMG/right_2026_08_31_13_16_07_994.jpg,0.0,1.0,0.0,30.18911
data_recovery/IMG/center_2026_08_31_13_16_08_333.jpg,data_recovery/IMG/left_2026_08_31_13_16_08_333.jpg,data_recovery/IMG/right_2026_08_31_13_16_08_333.jpg,-0.05,1.0,0.0,30.18982
data_recovery/IMG/center_2026_08_31_13_16_08_402.jpg,data_recovery/IMG/left_2026_08_31_13_16_08_402.jpg,data_recovery/IMG/right_2026_08_31_13_16_08_402.jpg,-0.25,1.0,0.0,30.17527
data_recovery/IMG/center_2026_08_31_13_16_08_471.jpg,data_recovery/IMG/left_2026_08_31_13_16_08_471.jpg,data_recovery/IMG/right_2026_08_31_13_16_08_471.jpg,-0.4,1.0,0.0,30.15792
data_recovery/IMG/center_2026_08_31_13_16_08_744.jpg,data_recovery/IMG/left_2026_08_31_13_16_08_744.jpg,data_recovery/IMG/right_2026_08_31_13_16_08_744.jpg,0.0,1.0,0.0,30.19036
data_recovery/IMG/center_2026_08_31_13_16_09_078.jpg,data_recovery/IMG/left_2026_08_31_13_16_09_078.jpg,data_recovery/IMG/right_2026_08_31_13_16_09_078.jpg,-0.15,1.0,0.0,30.18424
data_recovery/IMG/center_2026_08_31_13_16_09_147.jpg,data_recovery/IMG/left_2026_08_31_13_16_09_147.jpg,data_recovery/IMG/right_2026_08_31_13_16_09_147.jpg,-0.3,1.0,0.0,30.16924
data_recovery/IMG/center_2026_08_31_13_16_09_488.jpg,data_recovery/IMG/left_2026_08_31_13_16_09_488.jpg,data_recovery/IMG/right_2026_08_31_13_16_09_488.jpg,-0.1,1.0,0.0,30.1885
data_recovery/IMG/center_2026_08_31_13_16_09_557.jpg,data_recovery/IMG/left_2026_08_31_13_16_09_557.jpg,data_recovery/IMG/right_2026_08_31_13_16_09_557.jpg,-0.25,1.0,0.0,30.17601
data_recovery/IMG/center_2026_08_31_13_16_09_623.jpg,data_recovery/IMG/left_2026_08_31_13_16_09_623.jpg,data_recovery/IMG/right_2026_08_31_13_16_09_623.jpg,-0.45,1.0,0.0,30.15237
data_recovery/IMG/center_2026_08_31_13_16_09_896.jpg,data_recovery/IMG/left_2026_08_31_13_16_09_896.jpg,data_recovery/IMG/right_2026_08_31_13_16_09_896.jpg,-0.05,1.0,0.0,30.19012
data_recovery/IMG/center_2026_08_31_13_16_09_964.jpg,data_recovery/IMG/left_2026_08_31_13_16_09_964.jpg,data_recovery/IMG/right_2026_08_31_13_16_09_964.jpg,-0.25,1.0,0.0,30.17704
data_recovery/IMG/center_2026_08_31_13_16_10_032.jpg,data_recovery/IMG/left_2026_08_31_13_16_10_032.jpg,data_recovery/IMG/right_2026_08_31_13_16_10_032.jpg,-0.4,1.0,0.0,30.15944
data_recovery/IMG/center_2026_08_31_13_16_10_301.jpg,data_recovery/IMG/left_2026_08_31_13_16_10_301.jpg,data_recovery/IMG/right_2026_08_31_13_16_10_301.jpg,0.0,1.0,0.0,30.1903
data_recovery/IMG/center_2026_08_31_13_16_10_368.jpg,data_recovery/IMG/left_2026_08_31_13_16_10_368.jpg,data_recovery/IMG/right_2026_08_31_13_16_10_368.jpg,-0.15,1.0,0.0,30.18509
data_recovery/IMG/center_2026_08_31_13_16_10_437.jpg,data_recovery/IMG/left_2026_08_31_13_16_10_437.jpg,data_recovery/IMG/right_2026_08_31_13_16_10_437.jpg,-0.3,1.0,0.0,30.17019
data_recovery/IMG/center_2026_08_31_13_16_10_503.jpg,data_recovery/IMG/left_2026_08_31_13_16_10_503.jpg,data_recovery/IMG/right_2026_08_31_13_16_10_503.jpg,-0.5000001,1.0,0.0,30.14601
data_recovery/IMG/center_2026_08_31_13_16_10_775.jpg,data_recovery/IMG/left_2026_08_31_13_16_10_775.jpg,data_recovery/IMG/right_2026_08_31_13_16_10_775.jpg,-0.05,1.0,0.0,30.19002
data_recovery/IMG/center_2026_08_31_13_16_10_842.jpg,data_recovery/IMG/left_2026_08_31_13_16_10_842.jpg,data_recovery/IMG/right_2026_08_31_13_16_10_842.jpg,-0.25,1.0,0.0,30.17671
data_recovery/IMG/center_2026_08_31_13_16_10_909.jpg,data_recovery/IMG/left_2026_08_31_13_16_10_909.jpg,data_recovery/IMG/right_2026_08_31_13_16_10_909.jpg,-0.4,1.0,0.0,30.15906
data_recovery/IMG/center_2026_08_31_13_16_11_251.jpg,data_recovery/IMG/left_2026_08_31_13_16_11_251.jpg,data_recovery/IMG/right_2026_08_31_13_16_11_251.jpg,-0.1,1.0,0.0,30.18877
data_recovery/IMG/center_2026_08_31_13_16_11_320.jpg,data_recovery/IMG/left_2026_08_31_13_16_11_320.jpg,data_recovery/IMG/right_2026_08_31_13_16_11_320.jpg,-0.3,1.0,0.0,30.17078
data_recovery/IMG/center_2026_08_31_13_16_11_387.jpg,data_recovery/IMG/left_2026_08_31_13_16_11_387.jpg,data_recovery/IMG/right_2026_08_31_13_16_11_387.jpg,-0.45,1.0,0.0,30.15221
data_recovery/IMG/center_2026_08_31_13_16_11_936.jpg,data_recovery/IMG/left_2026_08_31_13_16_11_936.jpg,data_recovery/IMG/right_2026_08_31_13_16_11_936.jpg,0.0,1.0,0.0,30.19029
data_recovery/IMG/center_2026_08_31_13_16_12_281.jpg,data_recovery/IMG/left_2026_08_31_13_16_12_281.jpg,data_recovery/IMG/right_2026_08_31_13_16_12_281.jpg,-0.15,1.0,0.0,30.18413
data_recovery/IMG/center_2026_08_31_13_16_12_351.jpg,data_recovery/IMG/left_2026_08_31_13_16_12_351.jpg,data_recovery/IMG/right_2026_08_31_13_16_12_351.jpg,-0.3,1.0,0.0,30.16926
data_recovery/IMG/center_2026_08_31_13_16_12_419.jpg,data_recovery/IMG/left_2026_08_31_13_16_12_419.jpg,data_recovery/IMG/right_2026_08_31_13_16_12_419.jpg,-0.5000001,1.0,0.0,30.14533
data_recovery/IMG/center_2026_08_31_13_16_13_096.jpg,data_recovery/IMG/left_2026_08_31_13_16_13_096.jpg,data_recovery/IMG/right_2026_08_31_13_16_13_096.jpg,-0.1,1.0,0.0,30.18769
data_recovery/IMG/center_2026_08_31_13_16_13_163.jpg,data_recovery/IMG/left_2026_08_31_13_16_13_163.jpg,data_recovery/IMG/right_2026_08_31_13_16_13_163.jpg,-0.3,1.0,0.0,30.16927
data_recovery/IMG/center_2026_08_31_13_16_13_573.jpg,data_recovery/IMG/left_2026_08_31_13_16_13_573.jpg,data_recovery/IMG/right_2026_08_31_13_16_13_573.jpg,-0.05,1.0,0.0,30.18977
data_recovery/IMG/center_2026_08_31_13_16_13_642.jpg,data_recovery/IMG/left_2026_08_31_13_16_13_642.jpg,data_recovery/IMG/right_2026_08_31_13_16_13_642.jpg,-0.25,1.0,0.0,30.17508
data_recovery/IMG/center_2026_08_31_13_16_13_709.jpg,data_recovery/IMG/left_2026_08_31_13_16_13_709.jpg,data_recovery/IMG/right_2026_08_31_13_16_13_709.jpg,-0.4,1.0,0.0,30.15773
data_recovery/IMG/center_2026_08_31_13_16_14_600.jpg,data_recovery/IMG/left_2026_08_31_13_16_14_600.jpg,data_recovery/IMG/right_2026_08_31_13_16_14_600.jpg,-0.15,1.0,0.0,30.18422
data_recovery/IMG/center_2026_08_31_13_16_14_670.jpg,data_recovery/IMG/left_2026_08_31_13_16_14_670.jpg,data_recovery/IMG/right_2026_08_31_13_16_14_670.jpg,-0.3,1.0,0.0,30.16928
data_recovery/IMG/center_2026_08_31_13_16_14_739.jpg,data_recovery/IMG/left_2026_08_31_13_16_14_739.jpg,data_recovery/IMG/right_2026_08_31_13_16_14_739.jpg,-0.5000001,1.0,0.0,30.14533
data_recovery/IMG/center_2026_08_31_13_16_15_568.jpg,data_recovery/IMG/left_2026_08_31_13_16_15_568.jpg,data_recovery/IMG/right_2026_08_31_13_16_15_568.jpg,-0.05,1.0,0.0,30.18965
data_recovery/IMG/center_2026_08_31_13_16_15_635.jpg,data_recovery/IMG/left_2026_08_31_13_16_15_635.jpg,data_recovery/IMG/right_2026_08_31_13_16_15_635.jpg,-0.2,1.0,0.0,30.17978
data_recovery/IMG/center_2026_08_31_13_16_15_775.jpg,data_recovery/IMG/left_2026_08_31_13_16_15_775.jpg,data_recovery/IMG/right_2026_08_31_13_16_15_775.jpg,0.0,1.0,0.0,30.18962
data_recovery/IMG/center_2026_08_31_13_16_17_085.jpg,data_recovery/IMG/left_2026_08_31_13_16_17_085.jpg,data_recovery/IMG/right_2026_08_31_13_16_17_085.jpg,-0.2,1.0,0.0,30.17982
data_recovery/IMG/center_2026_08_31_13_16_17_154.jpg,data_recovery/IMG/left_2026_08_31_13_16_17_154.jpg,data_recovery/IMG/right_2026_08_31_13_16_17_154.jpg,-0.35,1.0,0.0,30.16345
data_recovery/IMG/center_2026_08_31_13_16_19_011.jpg,data_recovery/IMG/left_2026_08_31_13_16_19_011.jpg,data_recovery/IMG/right_2026_08_31_13_16_19_011.jpg,0.0,1.0,0.0,30.1903
data_recovery/IMG/center_2026_08_31_13_17_00_468.jpg,data_recovery/IMG/left_2026_08_31_13_17_00_468.jpg,data_recovery/IMG/right_2026_08_31_13_17_00_468.jpg,0.0,1.0,0.0,10.2601
data_recovery/IMG/center_2026_08_31_13_17_01_283.jpg,data_recovery/IMG/left_2026_08_31_13_17_01_283.jpg,data_recovery/IMG/right_2026_08_31_13_17_01_283.jpg,0.0,1.0,0.0,19.0063
data_recovery/IMG/center_2026_08_31_13_17_02_173.jpg,data_recovery/IMG/left_2026_08_31_13_17_02_173.jpg,data_recovery/IMG/right_2026_08_31_13_17_02_173.jpg,-0.15,1.0,0.0,27.61311
data_recovery/IMG/center_2026_08_31_13_17_02_987.jpg,data_recovery/IMG/left_2026_08_31_13_17_02_987.jpg,data_recovery/IMG/right_2026_08_31_13_17_02_987.jpg,0.0,1.0,0.0,30.19028
data_recovery/IMG/center_2026_08_31_13_17_03_124.jpg,data_recovery/IMG/left_2026_08_31_13_17_03_124.jpg,data_recovery/IMG/right_2026_08_31_13_17_03_124.jpg,-0.05,1.0,0.0,30.18969
data_recovery/IMG/center_2026_08_31_13_17_03_192.jpg,data_recovery/IMG/left_2026_08_31_13_17_03_192.jpg,data_recovery/IMG/right_2026_08_31_13_17_03_192.jpg,-0.2,1.0,0.0,30.17978
data_recovery/IMG/center_2026_08_31_13_17_03_810.jpg,data_recovery/IMG/left_2026_08_31_13_17_03_810.jpg,data_recovery/IMG/right_2026_08_31_13_17_03_810.jpg,-0.15,1.0,0.0,30.18428
data_recovery/IMG/center_2026_08_31_13_17_03_880.jpg,data_recovery/IMG/left_2026_08_31_13_17_03_880.jpg,data_recovery/IMG/right_2026_08_31_13_17_03_880.jpg,-0.35,1.0,0.0,30.16354
data_recovery/IMG/center_2026_08_31_13_17_04_906.jpg,data_recovery/IMG/left_2026_08_31_13_17_04_906.jpg,data_recovery/IMG/right_2026_08_31_13_17_04_906.jpg,-0.15,1.0,0.0,30.18422
data_recovery/IMG/center_2026_08_31_13_17_05_323.jpg,data_recovery/IMG/left_2026_08_31_13_17_05_323.jpg,data_recovery/IMG/right_2026_08_31_13_17_05_323.jpg,-0.05,1.0,0.0,30.1896
data_recovery/IMG/center_2026_08_31_13_17_05_390.jpg,data_recovery/IMG/left_2026_08_31_13_17_05_390.jpg,data_recovery/IMG/right_2026_08_31_13_17_05_390.jpg,-0.2,1.0,0.0,30.17996
data_recovery/IMG/center_2026_08_31_13_17_05_600.jpg,data_recovery/IMG/left_2026_08_31_13_17_05_600.jpg,data_recovery/IMG/right_2026_08_31_13_17_05_600.jpg,0.0,1.0,0.0,30.19012
data_recovery/IMG/center_2026_08_31_13_17_05_804.jpg,data_recovery/IMG/left_2026_08_31_13_17_05_804.jpg,data_recovery/IMG/right_2026_08_31_13_17_05_804.jpg,0.0,1.0,0.0,30.19027
data_recovery/IMG/center_2026_08_31_13_17_06_146.jpg,data_recovery/IMG/left_2026_08_31_13_17_06_146.jpg,data_recovery/IMG/right_2026_08_31_13_17_06_146.jpg,-0.1,1.0,0.0,30.18771
data_recovery/IMG/center_2026_08_31_13_17_06_214.jpg,data_recovery/IMG/left_2026_08_31_13_17_06_214.jpg,data_recovery/IMG/right_2026_08_31_13_17_06_214.jpg,-0.25,1.0,0.0,30.17476
data_recovery/IMG/center_2026_08_31_13_17_06_617.jpg,data_recovery/IMG/left_2026_08_31_13_17_06_617.jpg,data_recovery/IMG/right_2026_08_31_13_17_06_617.jpg,-0.15,1.0,0.0,30.18514
data_recovery/IMG/center_2026_08_31_13_17_06_687.jpg,data_recovery/IMG/left_2026_08_31_13_17_06_687.jpg,data_recovery/IMG/right_2026_08_31_13_17_06_687.jpg,-0.35,1.0,0.0,30.16439
data_recovery/IMG/center_2026_08_31_13_17_07_573.jpg,data_recovery/IMG/left_2026_08_31_13_17_07_573.jpg,data_recovery/IMG/right_2026_08_31_13_17_07_573.jpg,-0.15,1.0,0.0,30.18417
data_recovery/IMG/center_2026_08_31_13_17_07_640.jpg,data_recovery/IMG/left_2026_08_31_13_17_07_640.jpg,data_recovery/IMG/right_2026_08_31_13_17_07_640.jpg,-0.35,1.0,0.0,30.16345
data_recovery/IMG/center_2026_08_31_13_17_07_909.jpg,data_recovery/IMG/left_2026_08_31_13_17_07_909.jpg,data_recovery/IMG/right_2026_08_31_13_17_07_909.jpg,0.0,1.0,0.0,30.1902
data_recovery/IMG/center_2026_08_31_13_17_08_589.jpg,data_recovery/IMG/left_2026_08_31_13_17_08_589.jpg,data_recovery/IMG/right_2026_08_31_13_17_08_589.jpg,-0.05,1.0,0.0,30.1897
data_recovery/IMG/center_2026_08_31_13_17_08_659.jpg,data_recovery/IMG/left_2026_08_31_13_17_08_659.jpg,data_recovery/IMG/right_2026_08_31_13_17_08_659.jpg,-0.25,1.0,0.0,30.17475
data_recovery/IMG/center_2026_08_31_13_17_08_725.jpg,data_recovery/IMG/left_2026_08_31_13_17_08_725.jpg,data_recovery/IMG/right_2026_08_31_13_17_08_725.jpg,-0.4,1.0,0.0,30.15747
data_recovery/IMG/center_2026_08_31_13_17_09_270.jpg,data_recovery/IMG/left_2026_08_31_13_17_09_270.jpg,data_recovery/IMG/right_2026_08_31_13_17_09_270.jpg,-0.15,1.0,0.0,30.18445
data_recovery/IMG/center_2026_08_31_13_17_09_337.jpg,data_recovery/IMG/left_2026_08_31_13_17_09_337.jpg,data_recovery/IMG/right_2026_08_31_13_17_09_337.jpg,-0.3,1.0,0.0,30.16943
data_recovery/IMG/center_2026_08_31_13_17_09_406.jpg,data_recovery/IMG/left_2026_08_31_13_17_09_406.jpg,data_recovery/IMG/right_2026_08_31_13_17_09_406.jpg,-0.5000001,1.0,0.0,30.14545
data_recovery/IMG/center_2026_08_31_13_17_09_473.jpg,data_recovery/IMG/left_2026_08_31_13_17_09_473.jpg,data_recovery/IMG/right_2026_08_31_13_17_09_473.jpg,-0.6500001,1.0,0.0,30.12717
data_recovery/IMG/center_2026_08_31_13_17_10_218.jpg,data_recovery/IMG/left_2026_08_31_13_17_10_218.jpg,data_recovery/IMG/right_2026_08_31_13_17_10_218.jpg,-0.05,1.0,0.0,30.1897
data_recovery/IMG/center_2026_08_31_13_17_10_286.jpg,data_recovery/IMG/left_2026_08_31_13_17_10_286.jpg,data_recovery/IMG/right_2026_08_31_13_17_10_286.jpg,-0.2,1.0,0.0,30.17979
data_recovery/IMG/center_2026_08_31_13_17_10_353.jpg,data_recovery/IMG/left_2026_08_31_13_17_10_353.jpg,data_recovery/IMG/right_2026_08_31_13_17_10_353.jpg,-0.35,1.0,0.0,30.16342
data_recovery/IMG/center_2026_08_31_13_17_11_035.jpg,data_recovery/IMG/left_2026_08_31_13_17_11_035.jpg,data_recovery/IMG/right_2026_08_31_13_17_11_035.jpg,-0.1,1.0,0.0,30.18768
data_recovery/IMG/center_2026_08_31_13_17_11_103.jpg,data_recovery/IMG/left_2026_08_31_13_17_11_103.jpg,data_recovery/IMG/right_2026_08_31_13_17_11_103.jpg,-0.3,1.0,0.0,30.16929
data_recovery/IMG/center_2026_08_31_13_17_11_170.jpg,data_recovery/IMG/left_2026_08_31_13_17_11_170.jpg,data_recovery/IMG/right_2026_08_31_13_17_11_170.jpg,-0.45,1.0,0.0,30.15168
data_recovery/IMG/center_2026_08_31_13_17_11_237.jpg,data_recovery/IMG/left_2026_08_31_13_17_11_237.jpg,data_recovery/IMG/right_2026_08_31_13_17_11_237.jpg,-0.6000001,1.0,0.0,30.13306
data_recovery/IMG/center_2026_08_31_13_17_11_913.jpg,data_recovery/IMG/left_2026_08_31_13_17_11_913.jpg,data_recovery/IMG/right_2026_08_31_13_17_11_913.jpg,-0.1,1.0,0.0,30.18763
data_recovery/IMG/center_2026_08_31_13_17_11_982.jpg,data_recovery/IMG/left_2026_08_31_13_17_11_982.jpg,data_recovery/IMG/right_2026_08_31_13_17_11_982.jpg,-0.3,1.0,0.0,30.16917
data_recovery/IMG/center_2026_08_31_13_17_12_049.jpg,data_recovery/IMG/left_2026_08_31_13_17_12_049.jpg,data_recovery/IMG/right_2026_08_31_13_17_12_049.jpg,-0.45,1.0,0.0,30.15135
data_recovery/IMG/center_2026_08_31_13_17_12_593.jpg,data_recovery/IMG/left_2026_08_31_13_17_12_593.jpg,data_recovery/IMG/right_2026_08_31_13_17_12_593.jpg,-0.05,1.0,0.0,30.18973
data_recovery/IMG/center_2026_08_31_13_17_12_660.jpg,data_recovery/IMG/left_2026_08_31_13_17_12_660.jpg,data_recovery/IMG/right_2026_08_31_13_17_12_660.jpg,-0.25,1.0,0.0,30.1749
data_recovery/IMG/center_2026_08_31_13_17_12_727.jpg,data_recovery/IMG/left_2026_08_31_13_17_12_727.jpg,data_recovery/IMG/right_2026_08_31_13_17_12_727.jpg,-0.4,1.0,0.0,30.15762
data_recovery/IMG/center_2026_08_31_13_17_12_795.jpg,data_recovery/IMG/left_2026_08_31_13_17_12_795.jpg,data_recovery/IMG/right_2026_08_31_13_17_12_795.jpg,-0.5500001,1.0,0.0,30.1393
data_recovery/IMG/center_2026_08_31_13_17_13_274.jpg,data_recovery/IMG/left_2026_08_31_13_17_13_274.jpg,data_recovery/IMG/right_2026_08_31_13_17_13_274.jpg,-0.15,1.0,0.0,30.18454
data_recovery/IMG/center_2026_08_31_13_17_13_342.jpg,data_recovery/IMG/left_2026_08_31_13_17_13_342.jpg,data_recovery/IMG/right_2026_08_31_13_17_13_342.jpg,-0.35,1.0,0.0,30.1639
data_recovery/IMG/center_2026_08_31_13_17_13_409.jpg,data_recovery/IMG/left_2026_08_31_13_17_13_409.jpg,data_recovery/IMG/right_2026_08_31_13_17_13_409.jpg,-0.5000001,1.0,0.0,30.14556
data_recovery/IMG/center_2026_08_31_13_17_14_027.jpg,data_recovery/IMG/left_2026_08_31_13_17_14_027.jpg,data_recovery/IMG/right_2026_08_31_13_17_14_027.jpg,-0.2,1.0,0.0,30.18022
data_recovery/IMG/center_2026_08_31_13_17_14_094.jpg,data_recovery/IMG/left_2026_08_31_13_17_14_094.jpg,data_recovery/IMG/right_2026_08_31_13_17_14_094.jpg,-0.35,1.0,0.0,30.1636
data_recovery/IMG/center_2026_08_31_13_17_14_164.jpg,data_recovery/IMG/left_2026_08_31_13_17_14_164.jpg,data_recovery/IMG/right_2026_08_31_13_17_14_164.jpg,-0.5500001,1.0,0.0,30.13933
data_recovery/IMG/center_2026_08_31_13_17_15_258.jpg,data_recovery/IMG/left_2026_08_31_13_17_15_258.jpg,data_recovery/IMG/right_2026_08_31_13_17_15_258.jpg,0.0,1.0,0.0,30.19043
data_recovery/IMG/center_2026_08_31_13_17_15_880.jpg,data_recovery/IMG/left_2026_08_31_13_17_15_880.jpg,data_recovery/IMG/right_2026_08_31_13_17_15_880.jpg,-0.1,1.0,0.0,30.18771
data_recovery/IMG/center_2026_08_31_13_17_15_947.jpg,data_recovery/IMG/left_2026_08_31_13_17_15_947.jpg,data_recovery/IMG/right_2026_08_31_13_17_15_947.jpg,-0.25,1.0,0.0,30.17477
data_recovery/IMG/center_2026_08_31_13_17_16_014.jpg,data_recovery/IMG/left_2026_08_31_13_17_16_014.jpg,data_recovery/IMG/right_2026_08_31_13_17_16_014.jpg,-0.4,1.0,0.0,30.15754
data_recovery/IMG/center_2026_08_31_13_17_16_084.jpg,data_recovery/IMG/left_2026_08_31_13_17_16_084.jpg,data_recovery/IMG/right_2026_08_31_13_17_16_084.jpg,-0.6000001,1.0,0.0,30.13312
data_recovery/IMG/center_2026_08_31_13_17_16_841.jpg,data_recovery/IMG/left_2026_08_31_13_17_16_841.jpg,data_recovery/IMG/right_2026_08_31_13_17_16_841.jpg,-0.1,1.0,0.0,30.18765
data_recovery/IMG/center_2026_08_31_13_17_16_908.jpg,data_recovery/IMG/left_2026_08_31_13_17_16_908.jpg,data_recovery/IMG/right_2026_08_31_13_17_16_908.jpg,-0.25,1.0,0.0,30.17469
data_recovery/IMG/center_2026_08_31_13_17_18_428.jpg,data_recovery/IMG/left_2026_08_31_13_17_18_428.jpg,data_recovery/IMG/right_2026_08_31_13_17_18_428.jpg,0.0,1.0,0.0,30.19034
data_recovery/IMG/center_2026_08_31_13_17_18_700.jpg,data_recovery/IMG/left_2026_08_31_13_17_18_700.jpg,data_recovery/IMG/right_2026_08_31_13_17_18_700.jpg,-0.1,1.0,0.0,30.18769
data_recovery/IMG/center_2026_08_31_13_17_18_768.jpg,data_recovery/IMG/left_2026_08_31_13_17_18_768.jpg,data_recovery/IMG/right_2026_08_31_13_17_18_768.jpg,-0.25,1.0,0.0,30.17474
data_recovery/IMG/center_2026_08_31_13_17_18_836.jpg,data_recovery/IMG/left_2026_08_31_13_17_18_836.jpg,data_recovery/IMG/right_2026_08_31_13_17_18_836.jpg,-0.4,1.0,0.0,30.1575
data_recovery/IMG/center_2026_08_31_13_17_19_867.jpg,data_recovery/IMG/left_2026_08_31_13_17_19_867.jpg,data_recovery/IMG/right_2026_08_31_13_17_19_867.jpg,0.0,1.0,0.0,30.19028
data_recovery/IMG/center_2026_08_31_13_17_20_348.jpg,data_recovery/IMG/left_2026_08_31_13_17_20_348.jpg,data_recovery/IMG/right_2026_08_31_13_17_20_348.jpg,-0.1,1.0,0.0,30.18758
data_recovery/IMG/center_2026_08_31_13_17_20_414.jpg,data_recovery/IMG/left_2026_08_31_13_17_20_414.jpg,data_recovery/IMG/right_2026_08_31_13_17_20_414.jpg,-0.25,1.0,0.0,30.17473
data_recovery/IMG/center_2026_08_31_13_17_20_961.jpg,data_recovery/IMG/left_2026_08_31_13_17_20_961.jpg,data_recovery/IMG/right_2026_08_31_13_17_20_961.jpg,-0.2,1.0,0.0,30.18011
data_recovery/IMG/center_2026_08_31_13_18_07_431.jpg,data_recovery/IMG/left_2026_08_31_13_18_07_431.jpg,data_recovery/IMG/right_2026_08_31_13_18_07_431.jpg,-0.05,1.0,0.0,30.08619
data_recovery/IMG/center_2026_08_31_13_18_07_499.jpg,data_recovery/IMG/left_2026_08_31_13_18_07_499.jpg,data_recovery/IMG/right_2026_08_31_13_18_07_499.jpg,-0.25,1.0,0.0,30.1748
data_recovery/IMG/center_2026_08_31_13_18_08_524.jpg,data_recovery/IMG/left_2026_08_31_13_18_08_524.jpg,data_recovery/IMG/right_2026_08_31_13_18_08_524.jpg,0.0,1.0,0.0,30.1903
data_recovery/IMG/center_2026_08_31_13_18_08_725.jpg,data_recovery/IMG/left_2026_08_31_13_18_08_725.jpg,data_recovery/IMG/right_2026_08_31_13_18_08_725.jpg,-0.15,1.0,0.0,30.18419
data_recovery/IMG/center_2026_08_31_13_18_09_276.jpg,data_recovery/IMG/left_2026_08_31_13_18_09_276.jpg,data_recovery/IMG/right_2026_08_31_13_18_09_276.jpg,-0.15,1.0,0.0,30.18435
data_recovery/IMG/center_2026_08_31_13_18_10_031.jpg,data_recovery/IMG/left_2026_08_31_13_18_10_031.jpg,data_recovery/IMG/right_2026_08_31_13_18_10_031.jpg,-0.1,1.0,0.0,30.18773
data_recovery/IMG/center_2026_08_31_13_18_10_101.jpg,data_recovery/IMG/left_2026_08_31_13_18_10_101.jpg,data_recovery/IMG/right_2026_08_31_13_18_10_101.jpg,-0.3,1.0,0.0,30.16924
data_recovery/IMG/center_2026_08_31_13_18_10_577.jpg,data_recovery/IMG/left_2026_08_31_13_18_10_577.jpg,data_recovery/IMG/right_2026_08_31_13_18_10_577.jpg,0.0,1.0,0.0,30.19028
data_recovery/IMG/center_2026_08_31_13_18_11_801.jpg,data_recovery/IMG/left_2026_08_31_13_18_11_801.jpg,data_recovery/IMG/right_2026_08_31_13_18_11_801.jpg,-0.05,1.0,0.0,30.18974
data_recovery/IMG/center_2026_08_31_13_18_11_871.jpg,data_recovery/IMG/left_2026_08_31_13_18_11_871.jpg,data_recovery/IMG/right_2026_08_31_13_18_11_871.jpg,-0.2,1.0,0.0,30.17989
data_recovery/IMG/center_2026_08_31_13_18_11_938.jpg,data_recovery/IMG/left_2026_08_31_13_18_11_938.jpg,data_recovery/IMG/right_2026_08_31_13_18_11_938.jpg,-0.4,1.0,0.0,30.1575
data_recovery/IMG/center_2026_08_31_13_18_12_005.jpg,data_recovery/IMG/left_2026_08_31_13_18_12_005.jpg,data_recovery/IMG/right_2026_08_31_13_18_12_005.jpg,-0.5500001,1.0,0.0,30.13929
data_recovery/IMG/center_2026_08_31_13_18_12_832.jpg,data_recovery/IMG/left_2026_08_31_13_18_12_832.jpg,data_recovery/IMG/right_2026_08_31_13_18_12_832.jpg,0.0,1.0,0.0,30.19032
data_recovery/IMG/center_2026_08_31_13_18_13_169.jpg,data_recovery/IMG/left_2026_08_31_13_18_13_169.jpg,data_recovery/IMG/right_2026_08_31_13_18_13_169.jpg,0.0,1.0,0.0,30.19026
data_recovery/IMG/center_2026_08_31_13_18_13_377.jpg,data_recovery/IMG/left_2026_08_31_13_18_13_377.jpg,data_recovery/IMG/right_2026_08_31_13_18_13_377.jpg,-0.15,1.0,0.0,30.18418
data_recovery/IMG/center_2026_08_31_13_18_13_446.jpg,data_recovery/IMG/left_2026_08_31_13_18_13_446.jpg,data_recovery/IMG/right_2026_08_31_13_18_13_446.jpg,-0.35,1.0,0.0,30.16352
data_recovery/IMG/center_2026_08_31_13_18_13_514.jpg,data_recovery/IMG/left_2026_08_31_13_18_13_514.jpg,data_recovery/IMG/right_2026_08_31_13_18_13_514.jpg,-0.5000001,1.0,0.0,30.14556
data_recovery/IMG/center_2026_08_31_13_18_14_874.jpg,data_recovery/IMG/left_2026_08_31_13_18_14_874.jpg,data_recovery/IMG/right_2026_08_31_13_18_14_874.jpg,0.0,1.0,0.0,30.19029
data_recovery/IMG/center_2026_08_31_13_18_15_081.jpg,data_recovery/IMG/left_2026_08_31_13_18_15_081.jpg,data_recovery/IMG/right_2026_08_31_13_18_15_081.jpg,-0.15,1.0,0.0,30.18422
data_recovery/IMG/center_2026_08_31_13_18_15_149.jpg,data_recovery/IMG/left_2026_08_31_13_18_15_149.jpg,data_recovery/IMG/right_2026_08_31_13_18_15_149.jpg,-0.3,1.0,0.0,30.16933
data_recovery/IMG/center_2026_08_31_13_18_15_217.jpg,data_recovery/IMG/left_2026_08_31_13_18_15_217.jpg,data_recovery/IMG/right_2026_08_31_13_18_15_217.jpg,-0.45,1.0,0.0,30.15128
data_recovery/IMG/center_2026_08_31_13_18_15_898.jpg,data_recovery/IMG/left_2026_08_31_13_18_15_898.jpg,data_recovery/IMG/right_2026_08_31_13_18_15_898.jpg,-0.05,1.0,0.0,30.18969
data_recovery/IMG/center_2026_08_31_13_18_15_964.jpg,data_recovery/IMG/left_2026_08_31_13_18_15_964.jpg,data_recovery/IMG/right_2026_08_31_13_18_15_964.jpg,-0.2,1.0,0.0,30.17981
data_recovery/IMG/center_2026_08_31_13_18_16_032.jpg,data_recovery/IMG/left_2026_08_31_13_18_16_032.jpg,data_recovery/IMG/right_2026_08_31_13_18_16_032.jpg,-0.35,1.0,0.0,30.16394
data_recovery/IMG/center_2026_08_31_13_18_16_506.jpg,data_recovery/IMG/left_2026_08_31_13_18_16_506.jpg,data_recovery/IMG/right_2026_08_31_13_18_16_506.jpg,-0.1,1.0,0.0,30.18803
data_recovery/IMG/center_2026_08_31_13_18_16_576.jpg,data_recovery/IMG/left_2026_08_31_13_18_16_576.jpg,data_recovery/IMG/right_2026_08_31_13_18_16_576.jpg,-0.25,1.0,0.0,30.17531
data_recovery/IMG/center_2026_08_31_13_18_16_642.jpg,data_recovery/IMG/left_2026_08_31_13_18_16_642.jpg,data_recovery/IMG/right_2026_08_31_13_18_16_642.jpg,-0.45,1.0,0.0,30.15184
data_recovery/IMG/center_2026_08_31_13_18_17_184.jpg,data_recovery/IMG/left_2026_08_31_13_18_17_184.jpg,data_recovery/IMG/right_2026_08_31_13_18_17_184.jpg,-0.2,1.0,0.0,30.18016
data_recovery/IMG/center_2026_08_31_13_18_17_251.jpg,data_recovery/IMG/left_2026_08_31_13_18_17_251.jpg,data_recovery/IMG/right_2026_08_31_13_18_17_251.jpg,-0.35,1.0,0.0,30.1637
data_recovery/IMG/center_2026_08_31_13_18_17_318.jpg,data_recovery/IMG/left_2026_08_31_13_18_17_318.jpg,data_recovery/IMG/right_2026_08_31_13_18_17_318.jpg,-0.5500001,1.0,0.0,30.13939
data_recovery/IMG/center_2026_08_31_13_18_17_656.jpg,data_recovery/IMG/left_2026_08_31_13_18_17_656.jpg,data_recovery/IMG/right_2026_08_31_13_18_17_656.jpg,0.0,1.0,0.0,30.1903
data_recovery/IMG/center_2026_08_31_13_18_18_264.jpg,data_recovery/IMG/left_2026_08_31_13_18_18_264.jpg,data_recovery/IMG/right_2026_08_31_13_18_18_264.jpg,-0.2,1.0,0.0,30.17962
data_recovery/IMG/center_2026_08_31_13_18_18_334.jpg,data_recovery/IMG/left_2026_08_31_13_18_18_334.jpg,data_recovery/IMG/right_2026_08_31_13_18_18_334.jpg,-0.35,1.0,0.0,30.16344
data_recovery/IMG/center_2026_08_31_13_18_18_536.jpg,data_recovery/IMG/left_2026_08_31_13_18_18_536.jpg,data_recovery/IMG/right_2026_08_31_13_18_18_536.jpg,0.0,1.0,0.0,30.1894
data_recovery/IMG/center_2026_08_31_13_18_18_603.jpg,data_recovery/IMG/left_2026_08_31_13_18_18_603.jpg,data_recovery/IMG/right_2026_08_31_13_18_18_603.jpg,0.0,1.0,0.0,30.19016
data_recovery/IMG/center_2026_08_31_13_18_18_875.jpg,data_recovery/IMG/left_2026_08_31_13_18_18_875.jpg,data_recovery/IMG/right_2026_08_31_13_18_18_875.jpg,-0.15,1.0,0.0,30.18457
data_recovery/IMG/center_2026_08_31_13_18_18_942.jpg,data_recovery/IMG/left_2026_08_31_13_18_18_942.jpg,data_recovery/IMG/right_2026_08_31_13_18_18_942.jpg,-0.35,1.0,0.0,30.1636
data_recovery/IMG/center_2026_08_31_13_18_19_009.jpg,data_recovery/IMG/left_2026_08_31_13_18_19_009.jpg,data_recovery/IMG/right_2026_08_31_13_18_19_009.jpg,-0.5000001,1.0,0.0,30.14557
data_recovery/IMG/center_2026_08_31_13_18_19_417.jpg,data_recovery/IMG/left_2026_08_31_13_18_19_417.jpg,data_recovery/IMG/right_2026_08_31_13_18_19_417.jpg,0.0,1.0,0.0,30.19033
data_recovery/IMG/center_2026_08_31_13_18_19_485.jpg,data_recovery/IMG/left_2026_08_31_13_18_19_485.jpg,data_recovery/IMG/right_2026_08_31_13_18_19_485.jpg,-0.15,1.0,0.0,30.18467
data_recovery/IMG/center_2026_08_31_13_18_19_554.jpg,data_recovery/IMG/left_2026_08_31_13_18_19_554.jpg,data_recovery/IMG/right_2026_08_31_13_18_19_554.jpg,-0.3,1.0,0.0,30.16974
data_recovery/IMG/center_2026_08_31_13_18_19_622.jpg,data_recovery/IMG/left_2026_08_31_13_18_19_622.jpg,data_recovery/IMG/right_2026_08_31_13_18_19_622.jpg,-0.5000001,1.0,0.0,30.14564
data_recovery/IMG/center_2026_08_31_13_18_20_234.jpg,data_recovery/IMG/left_2026_08_31_13_18_20_234.jpg,data_recovery/IMG/right_2026_08_31_13_18_20_234.jpg,-0.1,1.0,0.0,30.18773
data_recovery/IMG/center_2026_08_31_13_18_20_303.jpg,data_recovery/IMG/left_2026_08_31_13_18_20_303.jpg,data_recovery/IMG/right_2026_08_31_13_18_20_303.jpg,-0.3,1.0,0.0,30.16929
data_recovery/IMG/center_2026_08_31_13_18_20_370.jpg,data_recovery/IMG/left_2026_08_31_13_18_20_370.jpg,data_recovery/IMG/right_2026_08_31_13_18_20_370.jpg,-0.45,1.0,0.0,30.15148
data_recovery/IMG/center_2026_08_31_13_18_20_439.jpg,data_recovery/IMG/left_2026_08_31_13_18_20_439.jpg,data_recovery/IMG/right_2026_08_31_13_18_20_439.jpg,-0.6500001,1.0,0.0,30.12662
data_recovery/IMG/center_2026_08_31_13_18_21_258.jpg,data_recovery/IMG/left_2026_08_31_13_18_21_258.jpg,data_recovery/IMG/right_2026_08_31_13_18_21_258.jpg,-0.05,1.0,0.0,30.18971
data_recovery/IMG/center_2026_08_31_13_18_21_328.jpg,data_recovery/IMG/left_2026_08_31_13_18_21_328.jpg,data_recovery/IMG/right_2026_08_31_13_18_21_328.jpg,-0.2,1.0,0.0,30.17974
data_recovery/IMG/center_2026_08_31_13_18_21_395.jpg,data_recovery/IMG/left_2026_08_31_13_18_21_395.jpg,data_recovery/IMG/right_2026_08_31_13_18_21_395.jpg,-0.35,1.0,0.0,30.16338
data_recovery/IMG/center_2026_08_31_13_18_21_462.jpg,data_recovery/IMG/left_2026_08_31_13_18_21_462.jpg,data_recovery/IMG/right_2026_08_31_13_18_21_462.jpg,-0.5500001,1.0,0.0,30.13924
data_recovery/IMG/center_2026_08_31_13_18_22_963.jpg,data_recovery/IMG/left_2026_08_31_13_18_22_963.jpg,data_recovery/IMG/right_2026_08_31_13_18_22_963.jpg,0.0,1.0,0.0,30.1903
data_recovery/IMG/center_2026_08_31_13_18_23_101.jpg,data_recovery/IMG/left_2026_08_31_13_18_23_101.jpg,data_recovery/IMG/right_2026_08_31_13_18_23_101.jpg,-0.15,1.0,0.0,30.18426
data_recovery/IMG/center_2026_08_31_13_18_23_168.jpg,data_recovery/IMG/left_2026_08_31_13_18_23_168.jpg,data_recovery/IMG/right_2026_08_31_13_18_23_168.jpg,-0.3,1.0,0.0,30.16927
data_recovery/IMG/center_2026_08_31_13_18_23_236.jpg,data_recovery/IMG/left_2026_08_31_13_18_23_236.jpg,data_recovery/IMG/right_2026_08_31_13_18_23_236.jpg,-0.45,1.0,0.0,30.15147
data_recovery/IMG/center_2026_08_31_13_18_23_580.jpg,data_recovery/IMG/left_2026_08_31_13_18_23_580.jpg,data_recovery/IMG/right_2026_08_31_13_18_23_580.jpg,0.0,1.0,0.0,30.19028
data_recovery/IMG/center_2026_08_31_13_18_23_995.jpg,data_recovery/IMG/left_2026_08_31_13_18_23_995.jpg,data_recovery/IMG/right_2026_08_31_13_18_23_995.jpg,0.0,1.0,0.0,30.19031
data_recovery/IMG/center_2026_08_31_13_18_24_270.jpg,data_recovery/IMG/left_2026_08_31_13_18_24_270.jpg,data_recovery/IMG/right_2026_08_31_13_18_24_270.jpg,-0.15,1.0,0.0,30.1842
data_recovery/IMG/center_2026_08_31_13_18_24_338.jpg,data_recovery/IMG/left_2026_08_31_13_18_24_338.jpg,data_recovery/IMG/right_2026_08_31_13_18_24_338.jpg,-0.35,1.0,0.0,30.16342
data_recovery/IMG/center_2026_08_31_13_18_24_682.jpg,data_recovery/IMG/left_2026_08_31_13_18_24_682.jpg,data_recovery/IMG/right_2026_08_31_13_18_24_682.jpg,0.0,1.0,0.0,30.19024
data_recovery/IMG/center_2026_08_31_13_18_24_886.jpg,data_recovery/IMG/left_2026_08_31_13_18_24_886.jpg,data_recovery/IMG/right_2026_08_31_13_18_24_886.jpg,0.0,1.0,0.0,30.19033
data_recovery/IMG/center_2026_08_31_13_18_25_301.jpg,data_recovery/IMG/left_2026_08_31_13_18_25_301.jpg,data_recovery/IMG/right_2026_08_31_13_18_25_301.jpg,-0.15,1.0,0.0,30.18419
data_recovery/IMG/center_2026_08_31_13_18_25_367.jpg,data_recovery/IMG/left_2026_08_31_13_18_25_367.jpg,data_recovery/IMG/right_2026_08_31_13_18_25_367.jpg,-0.3,1.0,0.0,30.16922
data_recovery/IMG/center_2026_08_31_13_18_25_434.jpg,data_recovery/IMG/left_2026_08_31_13_18_25_434.jpg,data_recovery/IMG/right_2026_08_31_13_18_25_434.jpg,-0.45,1.0,0.0,30.15143
data_recovery/IMG/center_2026_08_31_13_18_26_604.jpg,data_recovery/IMG/left_2026_08_31_13_18_26_604.jpg,data_recovery/IMG/right_2026_08_31_13_18_26_604.jpg,0.0,1.0,0.0,30.19029
data_recovery/IMG/center_2026_08_31_13_18_27_013.jpg,data_recovery/IMG/left_2026_08_31_13_18_27_013.jpg,data_recovery/IMG/right_2026_08_31_13_18_27_013.jpg,-0.05,1.0,0.0,30.18973
data_recovery/IMG/center_2026_08_31_13_18_27_084.jpg,data_recovery/IMG/left_2026_08_31_13_18_27_084.jpg,data_recovery/IMG/right_2026_08_31_13_18_27_084.jpg,-0.25,1.0,0.0,30.17478
data_recovery/IMG/center_2026_08_31_13_18_27_151.jpg,data_recovery/IMG/left_2026_08_31_13_18_27_151.jpg,data_recovery/IMG/right_2026_08_31_13_18_27_151.jpg,-0.4,1.0,0.0,30.1575
data_recovery/IMG/center_2026_08_31_13_18_27_426.jpg,data_recovery/IMG/left_2026_08_31_13_18_27_426.jpg,data_recovery/IMG/right_2026_08_31_13_18_27_426.jpg,0.0,1.0,0.0,30.1901
data_track2_recovery/IMG/center_2026_08_31_19_24_10_780.jpg,data_track2_recovery/IMG/left_2026_08_31_19_24_10_780.jpg,data_track2_recovery/IMG/right_2026_08_31_19_24_10_780.jpg,-0.2,0.3940051,0.0,0.3823617
data_track2_recovery/IMG/center_2026_08_31_19_24_10_847.jpg,data_track2_recovery/IMG/left_2026_08_31_19_24_10_847.jpg,data_track2_recovery/IMG/right_2026_08_31_19_24_10_847.jpg,-0.35,0.5778719,0.0,0.7358258
data_track2_recovery/IMG/center_2026_08_31_19_24_10_917.jpg,data_track2_recovery/IMG/left_2026_08_31_19_24_10_917.jpg,data_track2_recovery/IMG/right_2026_08_31_19_24_10_917.jpg,-0.5500001,0.8179082,0.0,1.358405
data_track2_recovery/IMG/center_2026_08_31_19_24_10_983.jpg,data_track2_recovery/IMG/left_2026_08_31_19_24_10_983.jpg,data_track2_recovery/IMG/right_2026_08_31_19_24_10_983.jpg,-0.7,0.9939601,0.0,2.036871
data_track2_recovery/IMG/center_2026_08_31_19_24_11_324.jpg,data_track2_recovery/IMG/left_2026_08_31_19_24_11_324.jpg,data_track2_recovery/IMG/right_2026_08_31_19_24_11_324.jpg,-0.05,1.0,0.0,5.997426
data_track2_recovery/IMG/center_2026_08_31_19_24_11_391.jpg,data_track2_recovery/IMG/left_2026_08_31_19_24_11_391.jpg,data_track2_recovery/IMG/right_2026_08_31_19_24_11_391.jpg,-0.2,1.0,0.0,6.678782
data_track2_recovery/IMG/center_2026_08_31_19_24_11_457.jpg,data_track2_recovery/IMG/left_2026_08_31_19_24_11_457.jpg,data_track2_recovery/IMG/right_2026_08_31_19_24_11_457.jpg,0.0,1.0,0.0,7.573979
data_track2_recovery/IMG/center_2026_08_31_19_24_12_077.jpg,data_track2_recovery/IMG/left_2026_08_31_19_24_12_077.jpg,data_track2_recovery/IMG/right_2026_08_31_19_24_12_077.jpg,0.15,1.0,0.0,14.27781
data_track2_recovery/IMG/center_2026_08_31_19_24_12_491.jpg,data_track2_recovery/IMG/left_2026_08_31_19_24_12_491.jpg,data_track2_recovery/IMG/right_2026_08_31_19_24_12_491.jpg,0.1,1.0,0.0,18.5002
data_track2_recovery/IMG/center_2026_08_31_19_24_12_560.jpg,data_track2_recovery/IMG/left_2026_08_31_19_24_12_560.jpg,data_track2_recovery/IMG/right_2026_08_31_19_24_12_560.jpg,0.3,1.0,0.0,19.29572
data_track2_recovery/IMG/center_2026_08_31_19_24_12_628.jpg,data_track2_recovery/IMG/left_2026_08_31_19_24_12_628.jpg,data_track2_recovery/IMG/right_2026_08_31_19_24_12_628.jpg,0.45,1.0,0.0,19.96247
data_track2_recovery/IMG/center_2026_08_31_19_24_12_696.jpg,data_track2_recovery/IMG/left_2026_08_31_19_24_12_696.jpg,data_track2_recovery/IMG/right_2026_08_31_19_24_12_696.jpg,0.6500001,1.0,0.0,20.66857
data_track2_recovery/IMG/center_2026_08_31_19_24_12_971.jpg,data_track2_recovery/IMG/left_2026_08_31_19_24_12_971.jpg,data_track2_recovery/IMG/right_2026_08_31_19_24_12_971.jpg,0.1,0.38059,0.0,20.71253
data_track2_recovery/IMG/center_2026_08_31_19_24_13_039.jpg,data_track2_recovery/IMG/left_2026_08_31_19_24_13_039.jpg,data_track2_recovery/IMG/right_2026_08_31_19_24_13_039.jpg,0.3,0.1372839,0.0,20.0881
data_track2_recovery/IMG/center_2026_08_31_19_24_13_105.jpg,data_track2_recovery/IMG/left_2026_08_31_19_24_13_105.jpg,data_track2_recovery/IMG/right_2026_08_31_19_24_13_105.jpg,0.45,0.0,0.0,19.73037
data_track2_recovery/IMG/center_2026_08_31_19_24_13_446.jpg,data_track2_recovery/IMG/left_2026_08_31_19_24_13_446.jpg,data_track2_recovery/IMG/right_2026_08_31_19_24_13_446.jpg,0.15,0.9213899,0.0,17.61848
data_track2_recovery/IMG/center_2026_08_31_19_24_13_513.jpg,data_track2_recovery/IMG/left_2026_08_31_19_24_13_513.jpg,data_track2_recovery/IMG/right_2026_08_31_19_24_13_513.jpg,0.3,1.0,0.0,17.61933
data_track2_recovery/IMG/center_2026_08_31_19_24_13_582.jpg,data_track2_recovery/IMG/left_2026_08_31_19_24_13_582.jpg,data_track2_recovery/IMG/right_2026_08_31_19_24_13_582.jpg,0.5000001,1.0,0.0,17.87477
data_track2_recovery/IMG/center_2026_08_31_19_24_13_651.jpg,data_track2_recovery/IMG/left_2026_08_31_19_24_13_651.jpg,data_track2_recovery/IMG/right_2026_08_31_19_24_13_651.jpg,0.6500001,0.932227,0.0,18.39183
data_track2_recovery/IMG/center_2026_08_31_19_24_13_785.jpg,data_track2_recovery/IMG/left_2026_08_31_19_24_13_785.jpg,data_track2_recovery/IMG/right_2026_08_31_19_24_13_785.jpg,0.15,0.7055235,0.0,18.55829
data_track2_recovery/IMG/center_2026_08_31_19_24_13_855.jpg,data_track2_recovery/IMG/left_2026_08_31_19_24_13_855.jpg,data_track2_recovery/IMG/right_2026_08_31_19_24_13_855.jpg,0.35,0.9385903,0.0,18.92563
data_track2_recovery/IMG/center_2026_08_31_19_24_14_465.jpg,data_track2_recovery/IMG/left_2026_08_31_19_24_14_465.jpg,data_track2_recovery/IMG/right_2026_08_31_19_24_14_465.jpg,-0.05,0.4734967,0.0,20.95342
data_track2_recovery/IMG/center_2026_08_31_19_24_14_534.jpg,data_track2_recovery/IMG/left_2026_08_31_19_24_14_534.jpg,data_track2_recovery/IMG/right_2026_08_31_19_24_14_534.jpg,-0.25,0.2335387,0.0,20.66324
data_track2_recovery/IMG/center_2026_08_31_19_24_14_604.jpg,data_track2_recovery/IMG/left_2026_08_31_19_24_14_604.jpg,data_track2_recovery/IMG/right_2026_08_31_19_24_14_604.jpg,-0.4,0.0493629,0.0,20.14179
data_track2_recovery/IMG/center_2026_08_31_19_24_14_671.jpg,data_track2_recovery/IMG/left_2026_08_31_19_24_14_671.jpg,data_track2_recovery/IMG/right_2026_08_31_19_24_14_671.jpg,-0.5500001,0.0,0.0,19.69535
data_track2_recovery/IMG/center_2026_08_31_19_24_14_876.jpg,data_track2_recovery/IMG/left_2026_08_31_19_24_14_876.jpg,data_track2_recovery/IMG/right_2026_08_31_19_24_14_876.jpg,-0.1,0.3063147,0.0,18.2491
data_track2_recovery/IMG/center_2026_08_31_19_24_14_943.jpg,data_track2_recovery/IMG/left_2026_08_31_19_24_14_943.jpg,data_track2_recovery/IMG/right_2026_08_31_19_24_14_943.jpg,-0.25,0.1415459,0.0,17.87296
data_track2_recovery/IMG/center_2026_08_31_19_24_15_011.jpg,data_track2_recovery/IMG/left_2026_08_31_19_24_15_011.jpg,data_track2_recovery/IMG/right_2026_08_31_19_24_15_011.jpg,-0.4,0.0,0.0,17.51645
data_track2_recovery/IMG/center_2026_08_31_19_24_15_080.jpg,data_track2_recovery/IMG/left_2026_08_31_19_24_15_080.jpg,data_track2_recovery/IMG/right_2026_08_31_19_24_15_080.jpg,-0.6000001,0.0,0.0,17.06949
data_track2_recovery/IMG/center_2026_08_31_19_24_15_213.jpg,data_track2_recovery/IMG/left_2026_08_31_19_24_15_213.jpg,data_track2_recovery/IMG/right_2026_08_31_19_24_15_213.jpg,0.05,0.0,0.0,16.47655
data_track2_recovery/IMG/center_2026_08_31_19_24_15_282.jpg,data_track2_recovery/IMG/left_2026_08_31_19_24_15_282.jpg,data_track2_recovery/IMG/right_2026_08_31_19_24_15_282.jpg,0.25,0.0,0.0,16.25487
data_track2_recovery/IMG/center_2026_08_31_19_24_15_351.jpg,data_track2_recovery/IMG/left_2026_08_31_19_24_15_351.jpg,data_track2_recovery/IMG/right_2026_08_31_19_24_15_351.jpg,0.4,0.0,0.0,15.96417
data_track2_recovery/IMG/center_2026_08_31_19_24_15_694.jpg,data_track2_recovery/IMG/left_2026_08_31_19_24_15_694.jpg,data_track2_recovery/IMG/right_2026_08_31_19_24_15_694.jpg,0.05,0.8849369,0.0,16.65637
data_track2_recovery/IMG/center_2026_08_31_19_24_15_762.jpg,data_track2_recovery/IMG/left_2026_08_31_19_24_15_762.jpg,data_track2_recovery/IMG/right_2026_08_31_19_24_15_762.jpg,0.2,0.7679973,0.0,17.23124
data_track2_recovery/IMG/center_2026_08_31_19_24_15_829.jpg,data_track2_recovery/IMG/left_2026_08_31_19_24_15_829.jpg,data_track2_recovery/IMG/right_2026_08_31_19_24_15_829.jpg,0.35,0.5853542,0.0,17.48237
data_track2_recovery/IMG/center_2026_08_31_19_24_16_306.jpg,data_track2_recovery/IMG/left_2026_08_31_19_24_16_306.jpg,data_track2_recovery/IMG/right_2026_08_31_19_24_16_306.jpg,0.15,1.0,0.0,20.80225
data_track2_recovery/IMG/center_2026_08_31_19_24_16_375.jpg,data_track2_recovery/IMG/left_2026_08_31_19_24_16_375.jpg,data_track2_recovery/IMG/right_2026_08_31_19_24_16_375.jpg,0.35,1.0,0.0,21.55978
data_track2_recovery/IMG/center_2026_08_31_19_24_16_443.jpg,data_track2_recovery/IMG/left_2026_08_31_19_24_16_443.jpg,data_track2_recovery/IMG/right_2026_08_31_19_24_16_443.jpg,0.5000001,1.0,0.0,22.1175
data_track2_recovery/IMG/center_2026_08_31_19_24_16_510.jpg,data_track2_recovery/IMG/left_2026_08_31_19_24_16_510.jpg,data_track2_recovery/IMG/right_2026_08_31_19_24_16_510.jpg,0.6500001,1.0,0.0,22.55126
data_track2_recovery/IMG/center_2026_08_31_19_24_16_577.jpg,data_track2_recovery/IMG/left_2026_08_31_19_24_16_577.jpg,data_track2_recovery/IMG/right_2026_08_31_19_24_16_577.jpg,0.8500001,1.0,0.0,23.1105
data_track2_recovery/IMG/center_2026_08_31_19_24_16_644.jpg,data_track2_recovery/IMG/left_2026_08_31_19_24_16_644.jpg,data_track2_recovery/IMG/right_2026_08_31_19_24_16_644.jpg,1.0,1.0,0.0,23.48358
data_track2_recovery/IMG/center_2026_08_31_19_24_16_777.jpg,data_track2_recovery/IMG/left_2026_08_31_19_24_16_777.jpg,data_track2_recovery/IMG/right_2026_08_31_19_24_16_777.jpg,0.05,1.0,0.0,24.67916
data_track2_recovery/IMG/center_2026_08_31_19_24_16_844.jpg,data_track2_recovery/IMG/left_2026_08_31_19_24_16_844.jpg,data_track2_recovery/IMG/right_2026_08_31_19_24_16_844.jpg,0.2,1.0,0.0,25.25926
data_track2_recovery/IMG/center_2026_08_31_19_24_17_119.jpg,data_track2_recovery/IMG/left_2026_08_31_19_24_17_119.jpg,data_track2_recovery/IMG/right_2026_08_31_19_24_17_119.jpg,0.05,1.0,0.0,27.89199
data_track2_recovery/IMG/center_2026_08_31_19_24_17_185.jpg,data_track2_recovery/IMG/left_2026_08_31_19_24_17_185.jpg,data_track2_recovery/IMG/right_2026_08_31_19_24_17_185.jpg,0.2,1.0,0.0,28.43495
data_track2_recovery/IMG/center_2026_08_31_19_24_17_254.jpg,data_track2_recovery/IMG/left_2026_08_31_19_24_17_254.jpg,data_track2_recovery/IMG/right_2026_08_31_19_24_17_254.jpg,0.4,1.0,0.0,29.08827
data_track2_recovery/IMG/center_2026_08_31_19_24_17_321.jpg,data_track2_recovery/IMG/left_2026_08_31_19_24_17_321.jpg,data_track2_recovery/IMG/right_2026_08_31_19_24_17_321.jpg,0.5500001,1.0,0.0,29.51492
data_track2_recovery/IMG/center_2026_08_31_19_24_17_389.jpg,data_track2_recovery/IMG/left_2026_08_31_19_24_17_389.jpg,data_track2_recovery/IMG/right_2026_08_31_19_24_17_389.jpg,0.7,1.0,0.0,29.8855
data_track2_recovery/IMG/center_2026_08_31_19_24_17_457.jpg,data_track2_recovery/IMG/left_2026_08_31_19_24_17_457.jpg,data_track2_recovery/IMG/right_2026_08_31_19_24_17_457.jpg,0.9000002,1.0,0.0,30.101
data_track2_recovery/IMG/center_2026_08_31_19_24_17_660.jpg,data_track2_recovery/IMG/left_2026_08_31_19_24_17_660.jpg,data_track2_recovery/IMG/right_2026_08_31_19_24_17_660.jpg,0.2,1.0,0.0,30.19191
data_track2_recovery/IMG/center_2026_08_31_19_24_17_797.jpg,data_track2_recovery/IMG/left_2026_08_31_19_24_17_797.jpg,data_track2_recovery/IMG/right_2026_08_31_19_24_17_797.jpg,0.1,1.0,0.0,30.19133
data_track2_recovery/IMG/center_2026_08_31_19_24_17_864.jpg,data_track2_recovery/IMG/left_2026_08_31_19_24_17_864.jpg,data_track2_recovery/IMG/right_2026_08_31_19_24_17_864.jpg,0.25,1.0,0.0,30.18196
data_track2_recovery/IMG/center_2026_08_31_19_24_17_931.jpg,data_track2_recovery/IMG/left_2026_08_31_19_24_17_931.jpg,data_track2_recovery/IMG/right_2026_08_31_19_24_17_931.jpg,0.4,1.0,0.0,30.16372
data_track2_recovery/IMG/center_2026_08_31_19_24_18_000.jpg,data_track2_recovery/IMG/left_2026_08_31_19_24_18_000.jpg,data_track2_recovery/IMG/right_2026_08_31_19_24_18_000.jpg,0.6000001,1.0,0.0,30.13709
data_track2_recovery/IMG/center_2026_08_31_19_24_18_067.jpg,data_track2_recovery/IMG/left_2026_08_31_19_24_18_067.jpg,data_track2_recovery/IMG/right_2026_08_31_19_24_18_067.jpg,0.7500002,1.0,0.0,30.11743
data_track2_recovery/IMG/center_2026_08_31_19_24_18_206.jpg,data_track2_recovery/IMG/left_2026_08_31_19_24_18_206.jpg,data_track2_recovery/IMG/right_2026_08_31_19_24_18_206.jpg,0.05,1.0,0.0,30.18937
data_track2_recovery/IMG/center_2026_08_31_19_24_18_276.jpg,data_track2_recovery/IMG/left_2026_08_31_19_24_18_276.jpg,data_track2_recovery/IMG/right_2026_08_31_19_24_18_276.jpg,0.25,1.0,0.0,30.18388
data_track2_recovery/IMG/center_2026_08_31_19_24_18_342.jpg,data_track2_recovery/IMG/left_2026_08_31_19_24_18_342.jpg,data_track2_recovery/IMG/right_2026_08_31_19_24_18_342.jpg,0.4,1.0,0.0,30.16571
data_track2_recovery/IMG/center_2026_08_31_19_24_19_228.jpg,data_track2_recovery/IMG/left_2026_08_31_19_24_19_228.jpg,data_track2_recovery/IMG/right_2026_08_31_19_24_19_228.jpg,0.15,1.0,0.0,30.1842
data_track2_recovery/IMG/center_2026_08_31_19_24_19_296.jpg,data_track2_recovery/IMG/left_2026_08_31_19_24_19_296.jpg,data_track2_recovery/IMG/right_2026_08_31_19_24_19_296.jpg,0.35,1.0,0.0,30.16339
data_track2_recovery/IMG/center_2026_08_31_19_24_19_362.jpg,data_track2_recovery/IMG/left_2026_08_31_19_24_19_362.jpg,data_track2_recovery/IMG/right_2026_08_31_19_24_19_362.jpg,0.5000001,1.0,0.0,30.14551
data_track2_recovery/IMG/center_2026_08_31_19_24_19_429.jpg,data_track2_recovery/IMG/left_2026_08_31_19_24_19_429.jpg,data_track2_recovery/IMG/right_2026_08_31_19_24_19_429.jpg,0.6500001,1.0,0.0,30.12681
data_track2_recovery/IMG/center_2026_08_31_19_24_19_565.jpg,data_track2_recovery/IMG/left_2026_08_31_19_24_19_565.jpg,data_track2_recovery/IMG/right_2026_08_31_19_24_19_565.jpg,0.05,1.0,0.0,30.1899
data_track2_recovery/IMG/center_2026_08_31_19_24_19_634.jpg,data_track2_recovery/IMG/left_2026_08_31_19_24_19_634.jpg,data_track2_recovery/IMG/right_2026_08_31_19_24_19_634.jpg,0.25,1.0,0.0,30.18215
data_track2_recovery/IMG/center_2026_08_31_19_24_19_701.jpg,data_track2_recovery/IMG/left_2026_08_31_19_24_19_701.jpg,data_track2_recovery/IMG/right_2026_08_31_19_24_19_701.jpg,0.4,1.0,0.0,30.16398
data_track2_recovery/IMG/center_2026_08_31_19_24_19_770.jpg,data_track2_recovery/IMG/left_2026_08_31_19_24_19_770.jpg,data_track2_recovery/IMG/right_2026_08_31_19_24_19_770.jpg,0.5500001,1.0,0.0,30.14406
data_track2_recovery/IMG/center_2026_08_31_19_24_19_838.jpg,data_track2_recovery/IMG/left_2026_08_31_19_24_19_838.jpg,data_track2_recovery/IMG/right_2026_08_31_19_24_19_838.jpg,0.7500002,1.0,0.0,30.11786
data_track2_recovery/IMG/center_2026_08_31_19_24_19_904.jpg,data_track2_recovery/IMG/left_2026_08_31_19_24_19_904.jpg,data_track2_recovery/IMG/right_2026_08_31_19_24_19_904.jpg,0.9000002,1.0,0.0,30.10229
data_track2_recovery/IMG/center_2026_08_31_19_24_20_108.jpg,data_track2_recovery/IMG/left_2026_08_31_19_24_20_108.jpg,data_track2_recovery/IMG/right_2026_08_31_19_24_20_108.jpg,-0.15,1.0,0.0,30.17082
data_track2_recovery/IMG/center_2026_08_31_19_24_20_178.jpg,data_track2_recovery/IMG/left_2026_08_31_19_24_20_178.jpg,data_track2_recovery/IMG/right_2026_08_31_19_24_20_178.jpg,-0.35,1.0,0.0,30.15166
data_track2_recovery/IMG/center_2026_08_31_19_24_20_245.jpg,data_track2_recovery/IMG/left_2026_08_31_19_24_20_245.jpg,data_track2_recovery/IMG/right_2026_08_31_19_24_20_245.jpg,-0.5000001,1.0,0.0,30.13635
data_track2_recovery/IMG/center_2026_08_31_19_24_20_315.jpg,data_track2_recovery/IMG/left_2026_08_31_19_24_20_315.jpg,data_track2_recovery/IMG/right_2026_08_31_19_24_20_315.jpg,-0.7,1.0,0.0,30.11584
data_track2_recovery/IMG/center_2026_08_31_19_24_20_383.jpg,data_track2_recovery/IMG/left_2026_08_31_19_24_20_383.jpg,data_track2_recovery/IMG/right_2026_08_31_19_24_20_383.jpg,-0.8500001,1.0,0.0,30.10329
data_track2_recovery/IMG/center_2026_08_31_19_24_20_657.jpg,data_track2_recovery/IMG/left_2026_08_31_19_24_20_657.jpg,data_track2_recovery/IMG/right_2026_08_31_19_24_20_657.jpg,-0.1,1.0,0.0,30.19113
data_track2_recovery/IMG/center_2026_08_31_19_24_20_864.jpg,data_track2_recovery/IMG/left_2026_08_31_19_24_20_864.jpg,data_track2_recovery/IMG/right_2026_08_31_19_24_20_864.jpg,0.05,1.0,0.0,30.18923
data_track2_recovery/IMG/center_2026_08_31_19_24_20_930.jpg,data_track2_recovery/IMG/left_2026_08_31_19_24_20_930.jpg,data_track2_recovery/IMG/right_2026_08_31_19_24_20_930.jpg,0.2,1.0,0.0,30.17804
data_track2_recovery/IMG/center_2026_08_31_19_24_20_999.jpg,data_track2_recovery/IMG/left_2026_08_31_19_24_20_999.jpg,data_track2_recovery/IMG/right_2026_08_31_19_24_20_999.jpg,0.4,0.780679,0.0,30.11224
data_track2_recovery/IMG/center_2026_08_31_19_24_21_338.jpg,data_track2_recovery/IMG/left_2026_08_31_19_24_21_338.jpg,data_track2_recovery/IMG/right_2026_08_31_19_24_21_338.jpg,0.05,0.7191699,0.0,30.10143
data_track2_recovery/IMG/center_2026_08_31_19_24_21_406.jpg,data_track2_recovery/IMG/left_2026_08_31_19_24_21_406.jpg,data_track2_recovery/IMG/right_2026_08_31_19_24_21_406.jpg,0.2,0.6125317,0.0,30.0725
data_track2_recovery/IMG/center_2026_08_31_19_24_21_475.jpg,data_track2_recovery/IMG/left_2026_08_31_19_24_21_475.jpg,data_track2_recovery/IMG/right_2026_08_31_19_24_21_475.jpg,0.4,0.3710828,0.0,29.96168
data_track2_recovery/IMG/center_2026_08_31_19_24_21_542.jpg,data_track2_recovery/IMG/left_2026_08_31_19_24_21_542.jpg,data_track2_recovery/IMG/right_2026_08_31_19_24_21_542.jpg,0.5500001,0.1862285,0.0,29.81592
data_track2_recovery/IMG/center_2026_08_31_19_24_21_612.jpg,data_track2_recovery/IMG/left_2026_08_31_19_24_21_612.jpg,data_track2_recovery/IMG/right_2026_08_31_19_24_21_612.jpg,0.7,0.01168251,0.0,29.20962
data_track2_recovery/IMG/center_2026_08_31_19_24_21_816.jpg,data_track2_recovery/IMG/left_2026_08_31_19_24_21_816.jpg,data_track2_recovery/IMG/right_2026_08_31_19_24_21_816.jpg,0.15,0.537288,0.0,28.50837
data_track2_recovery/IMG/center_2026_08_31_19_24_21_885.jpg,data_track2_recovery/IMG/left_2026_08_31_19_24_21_885.jpg,data_track2_recovery/IMG/right_2026_08_31_19_24_21_885.jpg,0.3,0.7187791,0.0,28.33479
data_track2_recovery/IMG/center_2026_08_31_19_24_21_955.jpg,data_track2_recovery/IMG/left_2026_08_31_19_24_21_955.jpg,data_track2_recovery/IMG/right_2026_08_31_19_24_21_955.jpg,0.5000001,0.953373,0.0,28.47259
data_track2_recovery/IMG/center_2026_08_31_19_24_22_024.jpg,data_track2_recovery/IMG/left_2026_08_31_19_24_22_024.jpg,data_track2_recovery/IMG/right_2026_08_31_19_24_22_024.jpg,0.6500001,0.8971362,0.0,28.57189
data_track2_recovery/IMG/center_2026_08_31_19_24_22_226.jpg,data_track2_recovery/IMG/left_2026_08_31_19_24_22_226.jpg,data_track2_recovery/IMG/right_2026_08_31_19_24_22_226.jpg,0.1,0.3893683,0.0,28.45763
data_track2_recovery/IMG/center_2026_08_31_19_24_22_296.jpg,data_track2_recovery/IMG/left_2026_08_31_19_24_22_296.jpg,data_track2_recovery/IMG/right_2026_08_31_19_24_22_296.jpg,0.3,0.6317892,0.0,28.30629
data_track2_recovery/IMG/center_2026_08_31_19_24_22_365.jpg,data_track2_recovery/IMG/left_2026_08_31_19_24_22_365.jpg,data_track2_recovery/IMG/right_2026_08_31_19_24_22_365.jpg,0.45,0.8045592,0.0,28.31919
data_track2_recovery/IMG/center_2026_08_31_19_24_22_435.jpg,data_track2_recovery/IMG/left_2026_08_31_19_24_22_435.jpg,data_track2_recovery/IMG/right_2026_08_31_19_24_22_435.jpg,0.6500001,0.9882551,0.0,28.41213
data_track2_recovery/IMG/center_2026_08_31_19_24_22_639.jpg,data_track2_recovery/IMG/left_2026_08_31_19_24_22_639.jpg,data_track2_recovery/IMG/right_2026_08_31_19_24_22_639.jpg,0.1,0.388324,0.0,28.43808
data_track2_recovery/IMG/center_2026_08_31_19_24_22_706.jpg,data_track2_recovery/IMG/left_2026_08_31_19_24_22_706.jpg,data_track2_recovery/IMG/right_2026_08_31_19_24_22_706.jpg,0.25,0.1999031,0.0,28.13465
data_track2_recovery/IMG/center_2026_08_31_19_24_22_910.jpg,data_track2_recovery/IMG/left_2026_08_31_19_24_22_910.jpg,data_track2_recovery/IMG/right_2026_08_31_19_24_22_910.jpg,0.1,0.0,0.0,26.72183
data_track2_recovery/IMG/center_2026_08_31_19_24_22_980.jpg,data_track2_recovery/IMG/left_2026_08_31_19_24_22_980.jpg,data_track2_recovery/IMG/right_2026_08_31_19_24_22_980.jpg,0.3,0.0,0.0,26.12956
data_track2_recovery/IMG/center_2026_08_31_19_24_23_049.jpg,data_track2_recovery/IMG/left_2026_08_31_19_24_23_049.jpg,data_track2_recovery/IMG/right_2026_08_31_19_24_23_049.jpg,0.45,0.0,0.0,25.64702
data_track2_recovery/IMG/center_2026_08_31_19_24_23_116.jpg,data_track2_recovery/IMG/left_2026_08_31_19_24_23_116.jpg,data_track2_recovery/IMG/right_2026_08_31_19_24_23_116.jpg,0.6500001,0.0,0.0,24.97587
data_track2_recovery/IMG/center_2026_08_31_19_24_23_183.jpg,data_track2_recovery/IMG/left_2026_08_31_19_24_23_183.jpg,data_track2_recovery/IMG/right_2026_08_31_19_24_23_183.jpg,0.8000001,0.0,0.0,24.40705
data_track2_recovery/IMG/center_2026_08_31_19_24_23_255.jpg,data_track2_recovery/IMG/left_2026_08_31_19_24_23_255.jpg,data_track2_recovery/IMG/right_2026_08_31_19_24_23_255.jpg,1.0,0.0,0.0,23.69042
data_track2_recovery/IMG/center_2026_08_31_19_24_23_465.jpg,data_track2_recovery/IMG/left_2026_08_31_19_24_23_465.jpg,data_track2_recovery/IMG/right_2026_08_31_19_24_23_465.jpg,0.05,0.0,0.0,22.49286
data_track2_recovery/IMG/center_2026_08_31_19_24_23_532.jpg,data_track2_recovery/IMG/left_2026_08_31_19_24_23_532.jpg,data_track2_recovery/IMG/right_2026_08_31_19_24_23_532.jpg,0.2,0.0,0.0,22.22927
data_track2_recovery/IMG/center_2026_08_31_19_24_23_605.jpg,data_track2_recovery/IMG/left_2026_08_31_19_24_23_605.jpg,data_track2_recovery/IMG/right_2026_08_31_19_24_23_605.jpg,0.4,0.03169513,0.0,21.86913
data_track2_recovery/IMG/center_2026_08_31_19_24_23_672.jpg,data_track2_recovery/IMG/left_2026_08_31_19_24_23_672.jpg,data_track2_recovery/IMG/right_2026_08_31_19_24_23_672.jpg,0.5500001,0.1993228,0.0,21.62148
data_track2_recovery/IMG/center_2026_08_31_19_24_23_884.jpg,data_track2_recovery/IMG/left_2026_08_31_19_24_23_884.jpg,data_track2_recovery/IMG/right_2026_08_31_19_24_23_884.jpg,0.05,0.8700868,0.0,22.08164
data_track2_recovery/IMG/center_2026_08_31_19_24_23_956.jpg,data_track2_recovery/IMG/left_2026_08_31_19_24_23_956.jpg,data_track2_recovery/IMG/right_2026_08_31_19_24_23_956.jpg,0.25,1.0,0.0,22.38515
data_track2_recovery/IMG/center_2026_08_31_19_24_24_027.jpg,data_track2_recovery/IMG/left_2026_08_31_19_24_24_027.jpg,data_track2_recovery/IMG/right_2026_08_31_19_24_24_027.jpg,0.4,1.0,0.0,22.99018
data_track2_recovery/IMG/center_2026_08_31_19_24_24_100.jpg,data_track2_recovery/IMG/left_2026_08_31_19_24_24_100.jpg,data_track2_recovery/IMG/right_2026_08_31_19_24_24_100.jpg,0.6000001,1.0,0.0,23.56405
data_track2_recovery/IMG/center_2026_08_31_19_24_24_169.jpg,data_track2_recovery/IMG/left_2026_08_31_19_24_24_169.jpg,data_track2_recovery/IMG/right_2026_08_31_19_24_24_169.jpg,0.7500002,1.0,0.0,23.91134
data_track2_recovery/IMG/center_2026_08_31_19_24_24_240.jpg,data_track2_recovery/IMG/left_2026_08_31_19_24_24_240.jpg,data_track2_recovery/IMG/right_2026_08_31_19_24_24_240.jpg,0.9500002,0.9610121,0.0,24.15682
data_track2_recovery/IMG/center_2026_08_31_19_24_24_305.jpg,data_track2_recovery/IMG/left_2026_08_31_19_24_24_305.jpg,data_track2_recovery/IMG/right_2026_08_31_19_24_24_305.jpg,1.0,0.7836909,0.0,24.15329
data_track2_recovery/IMG/center_2026_08_31_19_24_24_375.jpg,data_track2_recovery/IMG/left_2026_08_31_19_24_24_375.jpg,data_track2_recovery/IMG/right_2026_08_31_19_24_24_375.jpg,1.0,0.552079,0.0,24.29098
data_track2_recovery/IMG/center_2026_08_31_19_24_24_448.jpg,data_track2_recovery/IMG/left_2026_08_31_19_24_24_448.jpg,data_track2_recovery/IMG/right_2026_08_31_19_24_24_448.jpg,1.0,0.6924851,0.0,24.26001
data_track2_recovery/IMG/center_2026_08_31_19_24_24_667.jpg,data_track2_recovery/IMG/left_2026_08_31_19_24_24_667.jpg,data_track2_recovery/IMG/right_2026_08_31_19_24_24_667.jpg,-0.1,1.0,0.0,25.04535
data_track2_recovery/IMG/center_2026_08_31_19_24_24_736.jpg,data_track2_recovery/IMG/left_2026_08_31_19_24_24_736.jpg,data_track2_recovery/IMG/right_2026_08_31_19_24_24_736.jpg,-0.3,1.0,0.0,25.08568
data_track2_recovery/IMG/center_2026_08_31_19_24_25_085.jpg,data_track2_recovery/IMG/left_2026_08_31_19_24_25_085.jpg,data_track2_recovery/IMG/right_2026_08_31_19_24_25_085.jpg,0.1,1.0,0.0,26.66301
data_track2_recovery/IMG/center_2026_08_31_19_24_25_155.jpg,data_track2_recovery/IMG/left_2026_08_31_19_24_25_155.jpg,data_track2_recovery/IMG/right_2026_08_31_19_24_25_155.jpg,0.3,0.8680121,0.0,26.89641
data_track2_recovery/IMG/center_2026_08_31_19_24_25_223.jpg,data_track2_recovery/IMG/left_2026_08_31_19_24_25_223.jpg,data_track2_recovery/IMG/right_2026_08_31_19_24_25_223.jpg,0.45,0.6820241,0.0,26.90155
data_track2_recovery/IMG/center_2026_08_31_19_24_25_291.jpg,data_track2_recovery/IMG/left_2026_08_31_19_24_25_291.jpg,data_track2_recovery/IMG/right_2026_08_31_19_24_25_291.jpg,0.6000001,0.4954361,0.0,26.7829
data_track2_recovery/IMG/center_2026_08_31_19_24_25_358.jpg,data_track2_recovery/IMG/left_2026_08_31_19_24_25_358.jpg,data_track2_recovery/IMG/right_2026_08_31_19_24_25_358.jpg,0.8000001,0.258454,0.0,26.27407
data_track2_recovery/IMG/center_2026_08_31_19_24_25_425.jpg,data_track2_recovery/IMG/left_2026_08_31_19_24_25_425.jpg,data_track2_recovery/IMG/right_2026_08_31_19_24_25_425.jpg,0.9500002,0.07607198,0.0,25.75262
data_track2_recovery/IMG/center_2026_08_31_19_24_25_567.jpg,data_track2_recovery/IMG/left_2026_08_31_19_24_25_567.jpg,data_track2_recovery/IMG/right_2026_08_31_19_24_25_567.jpg,0.05,0.0,0.0,24.49815
data_track2_recovery/IMG/center_2026_08_31_19_24_25_636.jpg,data_track2_recovery/IMG/left_2026_08_31_19_24_25_636.jpg,data_track2_recovery/IMG/right_2026_08_31_19_24_25_636.jpg,0.25,0.0,0.0,23.9861
data_track2_recovery/IMG/center_2026_08_31_19_24_25_706.jpg,data_track2_recovery/IMG/left_2026_08_31_19_24_25_706.jpg,data_track2_recovery/IMG/right_2026_08_31_19_24_25_706.jpg,0.4,0.0,0.0,23.55687
data_track2_recovery/IMG/center_2026_08_31_19_24_25_982.jpg,data_track2_recovery/IMG/left_2026_08_31_19_24_25_982.jpg,data_track2_recovery/IMG/right_2026_08_31_19_24_25_982.jpg,0.2,0.7274548,0.0,22.79294
data_track2_recovery/IMG/center_2026_08_31_19_24_26_049.jpg,data_track2_recovery/IMG/left_2026_08_31_19_24_26_049.jpg,data_track2_recovery/IMG/right_2026_08_31_19_24_26_049.jpg,0.35,0.9113399,0.0,22.87648
data_track2_recovery/IMG/center_2026_08_31_19_24_26_121.jpg,data_track2_recovery/IMG/left_2026_08_31_19_24_26_121.jpg,data_track2_recovery/IMG/right_2026_08_31_19_24_26_121.jpg,0.5500001,1.0,0.0,23.38981
data_track2_recovery/IMG/center_2026_08_31_19_24_26_188.jpg,data_track2_recovery/IMG/left_2026_08_31_19_24_26_188.jpg,data_track2_recovery/IMG/right_2026_08_31_19_24_26_188.jpg,0.7,1.0,0.0,23.67181
data_track2_recovery/IMG/center_2026_08_31_19_24_26_255.jpg,data_track2_recovery/IMG/left_2026_08_31_19_24_26_255.jpg,data_track2_recovery/IMG/right_2026_08_31_19_24_26_255.jpg,0.9000002,1.0,0.0,23.95498
data_track2_recovery/IMG/center_2026_08_31_19_24_26_458.jpg,data_track2_recovery/IMG/left_2026_08_31_19_24_26_458.jpg,data_track2_recovery/IMG/right_2026_08_31_19_24_26_458.jpg,0.15,1.0,0.0,25.44631
data_track2_recovery/IMG/center_2026_08_31_19_24_26_529.jpg,data_track2_recovery/IMG/left_2026_08_31_19_24_26_529.jpg,data_track2_recovery/IMG/right_2026_08_31_19_24_26_529.jpg,0.3,1.0,0.0,25.71925
data_track2_recovery/IMG/center_2026_08_31_19_24_26_876.jpg,data_track2_recovery/IMG/left_2026_08_31_19_24_26_876.jpg,data_track2_recovery/IMG/right_2026_08_31_19_24_26_876.jpg,0.2,1.0,0.0,29.19654
data_track2_recovery/IMG/center_2026_08_31_19_24_26_943.jpg,data_track2_recovery/IMG/left_2026_08_31_19_24_26_943.jpg,data_track2_recovery/IMG/right_2026_08_31_19_24_26_943.jpg,0.35,1.0,0.0,29.68889
data_track2_recovery/IMG/center_2026_08_31_19_24_27_010.jpg,data_track2_recovery/IMG/left_2026_08_31_19_24_27_010.jpg,data_track2_recovery/IMG/right_2026_08_31_19_24_27_010.jpg,0.5000001,1.0,0.0,30.12629
data_track2_recovery/IMG/center_2026_08_31_19_24_27_079.jpg,data_track2_recovery/IMG/left_2026_08_31_19_24_27_079.jpg,data_track2_recovery/IMG/right_2026_08_31_19_24_27_079.jpg,0.7,0.8059422,0.0,30.08591
data_track2_recovery/IMG/center_2026_08_31_19_24_27_148.jpg,data_track2_recovery/IMG/left_2026_08_31_19_24_27_148.jpg,data_track2_recovery/IMG/right_2026_08_31_19_24_27_148.jpg,0.8500001,0.61393,0.0,30.01732
data_track2_recovery/IMG/center_2026_08_31_19_24_27_219.jpg,data_track2_recovery/IMG/left_2026_08_31_19_24_27_219.jpg,data_track2_recovery/IMG/right_2026_08_31_19_24_27_219.jpg,1.0,0.3869951,0.0,29.87835
data_track2_recovery/IMG/center_2026_08_31_19_24_27_359.jpg,data_track2_recovery/IMG/left_2026_08_31_19_24_27_359.jpg,data_track2_recovery/IMG/right_2026_08_31_19_24_27_359.jpg,0.05,0.0,0.0,29.4919
data_track2_recovery/IMG/center_2026_08_31_19_24_27_426.jpg,data_track2_recovery/IMG/left_2026_08_31_19_24_27_426.jpg,data_track2_recovery/IMG/right_2026_08_31_19_24_27_426.jpg,0.2,0.0,0.0,29.32049
data_track2_recovery/IMG/center_2026_08_31_19_24_27_496.jpg,data_track2_recovery/IMG/left_2026_08_31_19_24_27_496.jpg,data_track2_recovery/IMG/right_2026_08_31_19_24_27_496.jpg,0.4,0.0,0.0,29.07021
data_track2_recovery/IMG/center_2026_08_31_19_24_27_566.jpg,data_track2_recovery/IMG/left_2026_08_31_19_24_27_566.jpg,data_track2_recovery/IMG/right_2026_08_31_19_24_27_566.jpg,0.5500001,0.0,0.0,28.8168
data_track2_recovery/IMG/center_2026_08_31_19_24_27_637.jpg,data_track2_recovery/IMG/left_2026_08_31_19_24_27_637.jpg,data_track2_recovery/IMG/right_2026_08_31_19_24_27_637.jpg,0.7500002,0.0,0.0,28.38299
data_track2_recovery/IMG/center_2026_08_31_19_24_27_704.jpg,data_track2_recovery/IMG/left_2026_08_31_19_24_27_704.jpg,data_track2_recovery/IMG/right_2026_08_31_19_24_27_704.jpg,0.9000002,0.0,0.0,27.99505
data_track2_recovery/IMG/center_2026_08_31_19_24_27_771.jpg,data_track2_recovery/IMG/left_2026_08_31_19_24_27_771.jpg,data_track2_recovery/IMG/right_2026_08_31_19_24_27_771.jpg,1.0,0.0,0.0,27.57162
data_track2_recovery/IMG/center_2026_08_31_19_24_27_841.jpg,data_track2_recovery/IMG/left_2026_08_31_19_24_27_841.jpg,data_track2_recovery/IMG/right_2026_08_31_19_24_27_841.jpg,1.0,0.0,0.0,27.08067
data_track2_recovery/IMG/center_2026_08_31_19_24_27_909.jpg,data_track2_recovery/IMG/left_2026_08_31_19_24_27_909.jpg,data_track2_recovery/IMG/right_2026_08_31_19_24_27_909.jpg,1.0,0.0,0.0,26.77203
data_track2_recovery/IMG/center_2026_08_31_19_24_28_182.jpg,data_track2_recovery/IMG/left_2026_08_31_19_24_28_182.jpg,data_track2_recovery/IMG/right_2026_08_31_19_24_28_182.jpg,-0.1,0.0,0.0,25.79957
data_track2_recovery/IMG/center_2026_08_31_19_24_28_249.jpg,data_track2_recovery/IMG/left_2026_08_31_19_24_28_249.jpg,data_track2_recovery/IMG/right_2026_08_31_19_24_28_249.jpg,-0.25,0.0,0.0386821,25.60183
data_track2_recovery/IMG/center_2026_08_31_19_24_28_317.jpg,data_track2_recovery/IMG/left_2026_08_31_19_24_28_317.jpg,data_track2_recovery/IMG/right_2026_08_31_19_24_28_317.jpg,-0.45,0.0,0.27573,23.83862
data_track2_recovery/IMG/center_2026_08_31_19_24_28_520.jpg,data_track2_recovery/IMG/left_2026_08_31_19_24_28_520.jpg,data_track2_recovery/IMG/right_2026_08_31_19_24_28_520.jpg,-0.15,0.0,0.8747488,20.44848
data_track2_recovery/IMG/center_2026_08_31_19_24_28_588.jpg,data_track2_recovery/IMG/left_2026_08_31_19_24_28_588.jpg,data_track2_recovery/IMG/right_2026_08_31_19_24_28_588.jpg,-0.3,0.0,1.0,19.42682
data_track2_recovery/IMG/center_2026_08_31_19_24_28_656.jpg,data_track2_recovery/IMG/left_2026_08_31_19_24_28_656.jpg,data_track2_recovery/IMG/right_2026_08_31_19_24_28_656.jpg,-0.5000001,0.0,0.9636968,18.02353
data_track2_recovery/IMG/center_2026_08_31_19_24_28_857.jpg,data_track2_recovery/IMG/left_2026_08_31_19_24_28_857.jpg,data_track2_recovery/IMG/right_2026_08_31_19_24_28_857.jpg,-0.05,0.2315547,0.0,15.09029
data_track2_recovery/IMG/center_2026_08_31_19_24_28_926.jpg,data_track2_recovery/IMG/left_2026_08_31_19_24_28_926.jpg,data_track2_recovery/IMG/right_2026_08_31_19_24_28_926.jpg,-0.2,0.417429,0.0,15.71788
data_track2_recovery/IMG/center_2026_08_31_19_24_28_993.jpg,data_track2_recovery/IMG/left_2026_08_31_19_24_28_993.jpg,data_track2_recovery/IMG/right_2026_08_31_19_24_28_993.jpg,-0.35,0.5977349,0.0,15.67393
data_track2_recovery/IMG/center_2026_08_31_19_24_29_060.jpg,data_track2_recovery/IMG/left_2026_08_31_19_24_29_060.jpg,data_track2_recovery/IMG/right_2026_08_31_19_24_29_060.jpg,-0.5500001,0.829869,0.0,16.13253
data_track2_recovery/IMG/center_2026_08_31_19_24_29_129.jpg,data_track2_recovery/IMG/left_2026_08_31_19_24_29_129.jpg,data_track2_recovery/IMG/right_2026_08_31_19_24_29_129.jpg,-0.7,1.0,0.0,16.78223
data_track2_recovery/IMG/center_2026_08_31_19_24_29_196.jpg,data_track2_recovery/IMG/left_2026_08_31_19_24_29_196.jpg,data_track2_recovery/IMG/right_2026_08_31_19_24_29_196.jpg,-0.9000002,1.0,0.0,17.43693
data_track2_recovery/IMG/center_2026_08_31_19_24_29_263.jpg,data_track2_recovery/IMG/left_2026_08_31_19_24_29_263.jpg,data_track2_recovery/IMG/right_2026_08_31_19_24_29_263.jpg,-1.0,1.0,0.0,17.75945
data_track2_recovery/IMG/center_2026_08_31_19_24_29_330.jpg,data_track2_recovery/IMG/left_2026_08_31_19_24_29_330.jpg,data_track2_recovery/IMG/right_2026_08_31_19_24_29_330.jpg,-1.0,1.0,0.0,18.40337
data_track2_recovery/IMG/center_2026_08_31_19_24_29_398.jpg,data_track2_recovery/IMG/left_2026_08_31_19_24_29_398.jpg,data_track2_recovery/IMG/right_2026_08_31_19_24_29_398.jpg,-1.0,1.0,0.0,19.11626
data_track2_recovery/IMG/center_2026_08_31_19_24_29_741.jpg,data_track2_recovery/IMG/left_2026_08_31_19_24_29_741.jpg,data_track2_recovery/IMG/right_2026_08_31_19_24_29_741.jpg,-0.05,1.0,0.0,22.12598
data_track2_recovery/IMG/center_2026_08_31_19_24_29_811.jpg,data_track2_recovery/IMG/left_2026_08_31_19_24_29_811.jpg,data_track2_recovery/IMG/right_2026_08_31_19_24_29_811.jpg,-0.2,1.0,0.0,22.7317
data_track2_recovery/IMG/center_2026_08_31_19_24_29_878.jpg,data_track2_recovery/IMG/left_2026_08_31_19_24_29_878.jpg,data_track2_recovery/IMG/right_2026_08_31_19_24_29_878.jpg,-0.4,1.0,0.0,23.44911
data_track2_recovery/IMG/center_2026_08_31_19_24_29_945.jpg,data_track2_recovery/IMG/left_2026_08_31_19_24_29_945.jpg,data_track2_recovery/IMG/right_2026_08_31_19_24_29_945.jpg,-0.5500001,0.9351939,0.0,23.92973
data_track2_recovery/IMG/center_2026_08_31_19_24_30_016.jpg,data_track2_recovery/IMG/left_2026_08_31_19_24_30_016.jpg,data_track2_recovery/IMG/right_2026_08_31_19_24_30_016.jpg,-0.7500002,0.7000028,0.0,24.33747
data_track2_recovery/IMG/center_2026_08_31_19_24_30_088.jpg,data_track2_recovery/IMG/left_2026_08_31_19_24_30_088.jpg,data_track2_recovery/IMG/right_2026_08_31_19_24_30_088.jpg,-0.9000002,0.5496489,0.0,24.43755
data_track2_recovery/IMG/center_2026_08_31_19_24_30_158.jpg,data_track2_recovery/IMG/left_2026_08_31_19_24_30_158.jpg,data_track2_recovery/IMG/right_2026_08_31_19_24_30_158.jpg,-1.0,0.5589458,0.0,24.53294
data_track2_recovery/IMG/center_2026_08_31_19_24_30_226.jpg,data_track2_recovery/IMG/left_2026_08_31_19_24_30_226.jpg,data_track2_recovery/IMG/right_2026_08_31_19_24_30_226.jpg,-1.0,0.3798876,0.0,24.57164
data_track2_recovery/IMG/center_2026_08_31_19_24_30_297.jpg,data_track2_recovery/IMG/left_2026_08_31_19_24_30_297.jpg,data_track2_recovery/IMG/right_2026_08_31_19_24_30_297.jpg,-1.0,0.1323816,0.0,24.47792
data_track2_recovery/IMG/center_2026_08_31_19_24_30_365.jpg,data_track2_recovery/IMG/left_2026_08_31_19_24_30_365.jpg,data_track2_recovery/IMG/right_2026_08_31_19_24_30_365.jpg,-1.0,0.2020117,0.0,24.31802
data_track2_recovery/IMG/center_2026_08_31_19_24_30_432.jpg,data_track2_recovery/IMG/left_2026_08_31_19_24_30_432.jpg,data_track2_recovery/IMG/right_2026_08_31_19_24_30_432.jpg,-1.0,0.3891759,0.0,24.29299
data_track2_recovery/IMG/center_2026_08_31_19_24_30_638.jpg,data_track2_recovery/IMG/left_2026_08_31_19_24_30_638.jpg,data_track2_recovery/IMG/right_2026_08_31_19_24_30_638.jpg,-0.2,1.0,0.0,25.40148
data_track2_recovery/IMG/center_2026_08_31_19_24_30_709.jpg,data_track2_recovery/IMG/left_2026_08_31_19_24_30_709.jpg,data_track2_recovery/IMG/right_2026_08_31_19_24_30_709.jpg,-0.35,1.0,0.0,25.99283
data_track2_recovery/IMG/center_2026_08_31_19_24_30_779.jpg,data_track2_recovery/IMG/left_2026_08_31_19_24_30_779.jpg,data_track2_recovery/IMG/right_2026_08_31_19_24_30_779.jpg,-0.5500001,1.0,0.0,26.69205
data_track2_recovery/IMG/center_2026_08_31_19_24_30_848.jpg,data_track2_recovery/IMG/left_2026_08_31_19_24_30_848.jpg,data_track2_recovery/IMG/right_2026_08_31_19_24_30_848.jpg,-0.7,1.0,0.0,27.13714
data_track2_recovery/IMG/center_2026_08_31_19_24_30_915.jpg,data_track2_recovery/IMG/left_2026_08_31_19_24_30_915.jpg,data_track2_recovery/IMG/right_2026_08_31_19_24_30_915.jpg,-0.9000002,1.0,0.0,27.62921
data_track2_recovery/IMG/center_2026_08_31_19_24_30_982.jpg,data_track2_recovery/IMG/left_2026_08_31_19_24_30_982.jpg,data_track2_recovery/IMG/right_2026_08_31_19_24_30_982.jpg,-1.0,1.0,0.0,27.94665
data_track2_recovery/IMG/center_2026_08_31_19_24_31_049.jpg,data_track2_recovery/IMG/left_2026_08_31_19_24_31_049.jpg,data_track2_recovery/IMG/right_2026_08_31_19_24_31_049.jpg,-1.0,1.0,0.0,28.30192
data_track2_recovery/IMG/center_2026_08_31_19_24_31_119.jpg,data_track2_recovery/IMG/left_2026_08_31_19_24_31_119.jpg,data_track2_recovery/IMG/right_2026_08_31_19_24_31_119.jpg,-1.0,1.0,0.0,28.83476
data_track2_recovery/IMG/center_2026_08_31_19_24_31_256.jpg,data_track2_recovery/IMG/left_2026_08_31_19_24_31_256.jpg,data_track2_recovery/IMG/right_2026_08_31_19_24_31_256.jpg,0.05,1.0,0.0,29.93696
data_track2_recovery/IMG/center_2026_08_31_19_24_31_325.jpg,data_track2_recovery/IMG/left_2026_08_31_19_24_31_325.jpg,data_track2_recovery/IMG/right_2026_08_31_19_24_31_325.jpg,0.2,1.0,0.0,30.15525
data_track2_recovery/IMG/center_2026_08_31_19_24_31_394.jpg,data_track2_recovery/IMG/left_2026_08_31_19_24_31_394.jpg,data_track2_recovery/IMG/right_2026_08_31_19_24_31_394.jpg,0.4,1.0,0.0,30.13796
data_track2_recovery/IMG/center_2026_08_31_19_24_31_462.jpg,data_track2_recovery/IMG/left_2026_08_31_19_24_31_462.jpg,data_track2_recovery/IMG/right_2026_08_31_19_24_31_462.jpg,0.5500001,1.0,0.0,30.1248
data_track2_recovery/IMG/center_2026_08_31_19_24_31_531.jpg,data_track2_recovery/IMG/left_2026_08_31_19_24_31_531.jpg,data_track2_recovery/IMG/right_2026_08_31_19_24_31_531.jpg,0.7,1.0,0.0,30.11203
data_track2_recovery/IMG/center_2026_08_31_19_24_31_598.jpg,data_track2_recovery/IMG/left_2026_08_31_19_24_31_598.jpg,data_track2_recovery/IMG/right_2026_08_31_19_24_31_598.jpg,0.9000002,1.0,0.0,30.09504
data_track2_recovery/IMG/center_2026_08_31_19_24_31_671.jpg,data_track2_recovery/IMG/left_2026_08_31_19_24_31_671.jpg,data_track2_recovery/IMG/right_2026_08_31_19_24_31_671.jpg,1.0,1.0,0.0,30.08415
data_track2_recovery/IMG/center_2026_08_31_19_24_31_741.jpg,data_track2_recovery/IMG/left_2026_08_31_19_24_31_741.jpg,data_track2_recovery/IMG/right_2026_08_31_19_24_31_741.jpg,1.0,0.8602151,0.0,30.07409
data_track2_recovery/IMG/center_2026_08_31_19_24_31_810.jpg,data_track2_recovery/IMG/left_2026_08_31_19_24_31_810.jpg,data_track2_recovery/IMG/right_2026_08_31_19_24_31_810.jpg,-0.1,0.6688123,0.0,30.0841
data_track2_recovery/IMG/center_2026_08_31_19_24_31_878.jpg,data_track2_recovery/IMG/left_2026_08_31_19_24_31_878.jpg,data_track2_recovery/IMG/right_2026_08_31_19_24_31_878.jpg,-0.3,0.4318963,0.0,30.00606
data_track2_recovery/IMG/center_2026_08_31_19_24_32_081.jpg,data_track2_recovery/IMG/left_2026_08_31_19_24_32_081.jpg,data_track2_recovery/IMG/right_2026_08_31_19_24_32_081.jpg,-0.1,0.627547,0.0,30.07761
data_track2_recovery/IMG/center_2026_08_31_19_24_32_154.jpg,data_track2_recovery/IMG/left_2026_08_31_19_24_32_154.jpg,data_track2_recovery/IMG/right_2026_08_31_19_24_32_154.jpg,-0.3,0.860587,0.0,30.12389
data_track2_recovery/IMG/center_2026_08_31_19_24_32_221.jpg,data_track2_recovery/IMG/left_2026_08_31_19_24_32_221.jpg,data_track2_recovery/IMG/right_2026_08_31_19_24_32_221.jpg,-0.45,1.0,0.0,30.15103
data_track2_recovery/IMG/center_2026_08_31_19_24_32_288.jpg,data_track2_recovery/IMG/left_2026_08_31_19_24_32_288.jpg,data_track2_recovery/IMG/right_2026_08_31_19_24_32_288.jpg,-0.6000001,0.9648999,0.0,30.13198
data_track2_recovery/IMG/center_2026_08_31_19_24_32_355.jpg,data_track2_recovery/IMG/left_2026_08_31_19_24_32_355.jpg,data_track2_recovery/IMG/right_2026_08_31_19_24_32_355.jpg,-0.8000001,0.7293941,0.0,30.04994
data_track2_recovery/IMG/center_2026_08_31_19_24_32_427.jpg,data_track2_recovery/IMG/left_2026_08_31_19_24_32_427.jpg,data_track2_recovery/IMG/right_2026_08_31_19_24_32_427.jpg,-0.9500002,0.5491511,0.0,29.98991
data_track2_recovery/IMG/center_2026_08_31_19_24_32_494.jpg,data_track2_recovery/IMG/left_2026_08_31_19_24_32_494.jpg,data_track2_recovery/IMG/right_2026_08_31_19_24_32_494.jpg,-1.0,0.3637332,0.0,29.87598
data_track2_recovery/IMG/center_2026_08_31_19_24_32_561.jpg,data_track2_recovery/IMG/left_2026_08_31_19_24_32_561.jpg,data_track2_recovery/IMG/right_2026_08_31_19_24_32_561.jpg,-1.0,0.1285689,0.0,29.59187
data_track2_recovery/IMG/center_2026_08_31_19_24_32_630.jpg,data_track2_recovery/IMG/left_2026_08_31_19_24_32_630.jpg,data_track2_recovery/IMG/right_2026_08_31_19_24_32_630.jpg,-1.0,0.1467282,0.0,29.31216
data_track2_recovery/IMG/center_2026_08_31_19_24_32_978.jpg,data_track2_recovery/IMG/left_2026_08_31_19_24_32_978.jpg,data_track2_recovery/IMG/right_2026_08_31_19_24_32_978.jpg,-0.1,1.0,0.0,30.18992
data_track2_recovery/IMG/center_2026_08_31_19_24_33_046.jpg,data_track2_recovery/IMG/left_2026_08_31_19_24_33_046.jpg,data_track2_recovery/IMG/right_2026_08_31_19_24_33_046.jpg,-0.25,1.0,0.0,30.17868
data_track2_recovery/IMG/center_2026_08_31_19_24_33_113.jpg,data_track2_recovery/IMG/left_2026_08_31_19_24_33_113.jpg,data_track2_recovery/IMG/right_2026_08_31_19_24_33_113.jpg,-0.4,0.88204,0.0,30.13928
data_track2_recovery/IMG/center_2026_08_31_19_24_33_185.jpg,data_track2_recovery/IMG/left_2026_08_31_19_24_33_185.jpg,data_track2_recovery/IMG/right_2026_08_31_19_24_33_185.jpg,-0.6000001,0.6489668,0.0,30.05456
data_track2_recovery/IMG/center_2026_08_31_19_24_33_255.jpg,data_track2_recovery/IMG/left_2026_08_31_19_24_33_255.jpg,data_track2_recovery/IMG/right_2026_08_31_19_24_33_255.jpg,-0.8000001,0.5997275,0.0,29.99445
data_track2_recovery/IMG/center_2026_08_31_19_24_33_393.jpg,data_track2_recovery/IMG/left_2026_08_31_19_24_33_393.jpg,data_track2_recovery/IMG/right_2026_08_31_19_24_33_393.jpg,-0.05,0.9639515,0.0,30.16369
data_track2_recovery/IMG/center_2026_08_31_19_24_33_465.jpg,data_track2_recovery/IMG/left_2026_08_31_19_24_33_465.jpg,data_track2_recovery/IMG/right_2026_08_31_19_24_33_465.jpg,-0.25,1.0,0.0,30.18604
data_track2_recovery/IMG/center_2026_08_31_19_24_33_532.jpg,data_track2_recovery/IMG/left_2026_08_31_19_24_33_532.jpg,data_track2_recovery/IMG/right_2026_08_31_19_24_33_532.jpg,-0.4,1.0,0.0,30.1682
data_track2_recovery/IMG/center_2026_08_31_19_24_33_671.jpg,data_track2_recovery/IMG/left_2026_08_31_19_24_33_671.jpg,data_track2_recovery/IMG/right_2026_08_31_19_24_33_671.jpg,-0.05,1.0,0.0,30.19002
data_track2_recovery/IMG/center_2026_08_31_19_24_33_743.jpg,data_track2_recovery/IMG/left_2026_08_31_19_24_33_743.jpg,data_track2_recovery/IMG/right_2026_08_31_19_24_33_743.jpg,-0.25,1.0,0.0,30.18089
data_track2_recovery/IMG/center_2026_08_31_19_24_33_810.jpg,data_track2_recovery/IMG/left_2026_08_31_19_24_33_810.jpg,data_track2_recovery/IMG/right_2026_08_31_19_24_33_810.jpg,-0.4,0.879091,0.0,30.14384
data_track2_recovery/IMG/center_2026_08_31_19_24_33_877.jpg,data_track2_recovery/IMG/left_2026_08_31_19_24_33_877.jpg,data_track2_recovery/IMG/right_2026_08_31_19_24_33_877.jpg,-0.6000001,0.630982,0.0,30.05515
data_track2_recovery/IMG/center_2026_08_31_19_24_33_947.jpg,data_track2_recovery/IMG/left_2026_08_31_19_24_33_947.jpg,data_track2_recovery/IMG/right_2026_08_31_19_24_33_947.jpg,-0.7500002,0.4491851,0.0,29.99109
data_track2_recovery/IMG/center_2026_08_31_19_24_34_018.jpg,data_track2_recovery/IMG/left_2026_08_31_19_24_34_018.jpg,data_track2_recovery/IMG/right_2026_08_31_19_24_34_018.jpg,-0.9500002,0.2214731,0.0,29.75834
data_track2_recovery/IMG/center_2026_08_31_19_24_34_087.jpg,data_track2_recovery/IMG/left_2026_08_31_19_24_34_087.jpg,data_track2_recovery/IMG/right_2026_08_31_19_24_34_087.jpg,-1.0,0.02829719,0.0,29.41138
data_track2_recovery/IMG/center_2026_08_31_19_24_34_433.jpg,data_track2_recovery/IMG/left_2026_08_31_19_24_34_433.jpg,data_track2_recovery/IMG/right_2026_08_31_19_24_34_433.jpg,-0.05,0.7583578,0.0,29.14927
data_track2_recovery/IMG/center_2026_08_31_19_24_34_499.jpg,data_track2_recovery/IMG/left_2026_08_31_19_24_34_499.jpg,data_track2_recovery/IMG/right_2026_08_31_19_24_34_499.jpg,-0.25,0.9965608,0.0,29.73562
data_track2_recovery/IMG/center_2026_08_31_19_24_34_570.jpg,data_track2_recovery/IMG/left_2026_08_31_19_24_34_570.jpg,data_track2_recovery/IMG/right_2026_08_31_19_24_34_570.jpg,-0.4,1.0,0.0,30.15919
data_track2_recovery/IMG/center_2026_08_31_19_24_34_641.jpg,data_track2_recovery/IMG/left_2026_08_31_19_24_34_641.jpg,data_track2_recovery/IMG/right_2026_08_31_19_24_34_641.jpg,-0.6000001,1.0,0.0,30.13592
data_track2_recovery/IMG/center_2026_08_31_19_24_34_711.jpg,data_track2_recovery/IMG/left_2026_08_31_19_24_34_711.jpg,data_track2_recovery/IMG/right_2026_08_31_19_24_34_711.jpg,-0.7500002,1.0,0.0,30.11674
data_track2_recovery/IMG/center_2026_08_31_19_24_35_331.jpg,data_track2_recovery/IMG/left_2026_08_31_19_24_35_331.jpg,data_track2_recovery/IMG/right_2026_08_31_19_24_35_331.jpg,0.1,0.7240121,0.0,30.13093
data_track2_recovery/IMG/center_2026_08_31_19_24_35_399.jpg,data_track2_recovery/IMG/left_2026_08_31_19_24_35_399.jpg,data_track2_recovery/IMG/right_2026_08_31_19_24_35_399.jpg,0.3,0.4858363,0.0,30.04996
data_track2_recovery/IMG/center_2026_08_31_19_24_35_467.jpg,data_track2_recovery/IMG/left_2026_08_31_19_24_35_467.jpg,data_track2_recovery/IMG/right_2026_08_31_19_24_35_467.jpg,0.45,0.3060549,0.0,29.98564
data_track2_recovery/IMG/center_2026_08_31_19_24_35_744.jpg,data_track2_recovery/IMG/left_2026_08_31_19_24_35_744.jpg,data_track2_recovery/IMG/right_2026_08_31_19_24_35_744.jpg,0.05,0.0,0.0,29.22847
data_track2_recovery/IMG/center_2026_08_31_19_24_35_814.jpg,data_track2_recovery/IMG/left_2026_08_31_19_24_35_814.jpg,data_track2_recovery/IMG/right_2026_08_31_19_24_35_814.jpg,0.25,0.0,0.0,28.9695
data_track2_recovery/IMG/center_2026_08_31_19_24_35_884.jpg,data_track2_recovery/IMG/left_2026_08_31_19_24_35_884.jpg,data_track2_recovery/IMG/right_2026_08_31_19_24_35_884.jpg,0.4,0.0,0.0,28.72596
data_track2_recovery/IMG/center_2026_08_31_19_24_35_951.jpg,data_track2_recovery/IMG/left_2026_08_31_19_24_35_951.jpg,data_track2_recovery/IMG/right_2026_08_31_19_24_35_951.jpg,0.5500001,0.0,0.0,28.43235
data_track2_recovery/IMG/center_2026_08_31_19_24_36_020.jpg,data_track2_recovery/IMG/left_2026_08_31_19_24_36_020.jpg,data_track2_recovery/IMG/right_2026_08_31_19_24_36_020.jpg,0.7500002,0.0,0.0,27.96548
data_track2_recovery/IMG/center_2026_08_31_19_24_36_087.jpg,data_track2_recovery/IMG/left_2026_08_31_19_24_36_087.jpg,data_track2_recovery/IMG/right_2026_08_31_19_24_36_087.jpg,0.9000002,0.0,0.0,27.56412
data_track2_recovery/IMG/center_2026_08_31_19_24_36_154.jpg,data_track2_recovery/IMG/left_2026_08_31_19_24_36_154.jpg,data_track2_recovery/IMG/right_2026_08_31_19_24_36_154.jpg,1.0,0.0,0.0,26.99822
data_track2_recovery/IMG/center_2026_08_31_19_24_36_708.jpg,data_track2_recovery/IMG/left_2026_08_31_19_24_36_708.jpg,data_track2_recovery/IMG/right_2026_08_31_19_24_36_708.jpg,0.05,0.6132599,0.0,26.1366
data_track2_recovery/IMG/center_2026_08_31_19_24_36_775.jpg,data_track2_recovery/IMG/left_2026_08_31_19_24_36_775.jpg,data_track2_recovery/IMG/right_2026_08_31_19_24_36_775.jpg,0.25,0.8511028,0.0,26.59704
data_track2_recovery/IMG/center_2026_08_31_19_24_36_845.jpg,data_track2_recovery/IMG/left_2026_08_31_19_24_36_845.jpg,data_track2_recovery/IMG/right_2026_08_31_19_24_36_845.jpg,0.4,1.0,0.0,27.04256
data_track2_recovery/IMG/center_2026_08_31_19_24_36_916.jpg,data_track2_recovery/IMG/left_2026_08_31_19_24_36_916.jpg,data_track2_recovery/IMG/right_2026_08_31_19_24_36_916.jpg,0.6000001,0.788206,0.0,27.5468
data_track2_recovery/IMG/center_2026_08_31_19_24_36_984.jpg,data_track2_recovery/IMG/left_2026_08_31_19_24_36_984.jpg,data_track2_recovery/IMG/right_2026_08_31_19_24_36_984.jpg,0.7500002,0.7863638,0.0,27.73055
data_track2_recovery/IMG/center_2026_08_31_19_24_37_054.jpg,data_track2_recovery/IMG/left_2026_08_31_19_24_37_054.jpg,data_track2_recovery/IMG/right_2026_08_31_19_24_37_054.jpg,0.9500002,1.0,0.0,28.05361
data_track2_recovery/IMG/center_2026_08_31_19_24_37_123.jpg,data_track2_recovery/IMG/left_2026_08_31_19_24_37_123.jpg,data_track2_recovery/IMG/right_2026_08_31_19_24_37_123.jpg,1.0,1.0,0.0,28.35299
data_track2_recovery/IMG/center_2026_08_31_19_24_37_397.jpg,data_track2_recovery/IMG/left_2026_08_31_19_24_37_397.jpg,data_track2_recovery/IMG/right_2026_08_31_19_24_37_397.jpg,0.15,1.0,0.0,30.19151
data_track2_recovery/IMG/center_2026_08_31_19_24_37_604.jpg,data_track2_recovery/IMG/left_2026_08_31_19_24_37_604.jpg,data_track2_recovery/IMG/right_2026_08_31_19_24_37_604.jpg,0.15,1.0,0.0,30.18776
data_track2_recovery/IMG/center_2026_08_31_19_24_38_090.jpg,data_track2_recovery/IMG/left_2026_08_31_19_24_38_090.jpg,data_track2_recovery/IMG/right_2026_08_31_19_24_38_090.jpg,-0.15,0.0,0.1566271,28.65346
data_track2_recovery/IMG/center_2026_08_31_19_24_38_159.jpg,data_track2_recovery/IMG/left_2026_08_31_19_24_38_159.jpg,data_track2_recovery/IMG/right_2026_08_31_19_24_38_159.jpg,-0.35,0.0,0.4002628,27.16475
data_track2_recovery/IMG/center_2026_08_31_19_26_22_980.jpg,data_track2_recovery/IMG/left_2026_08_31_19_26_22_980.jpg,data_track2_recovery/IMG/right_2026_08_31_19_26_22_980.jpg,0.0,1.0,0.0,4.125988
data_track2_recovery/IMG/center_2026_08_31_19_26_23_183.jpg,data_track2_recovery/IMG/left_2026_08_31_19_26_23_183.jpg,data_track2_recovery/IMG/right_2026_08_31_19_26_23_183.jpg,0.05,1.0,0.0,6.44347
data_track2_recovery/IMG/center_2026_08_31_19_26_23_253.jpg,data_track2_recovery/IMG/left_2026_08_31_19_26_23_253.jpg,data_track2_recovery/IMG/right_2026_08_31_19_26_23_253.jpg,0.25,1.0,0.0,7.344434
data_track2_recovery/IMG/center_2026_08_31_19_26_23_322.jpg,data_track2_recovery/IMG/left_2026_08_31_19_26_23_322.jpg,data_track2_recovery/IMG/right_2026_08_31_19_26_23_322.jpg,0.4,1.0,0.0,8.001126
data_track2_recovery/IMG/center_2026_08_31_19_26_23_592.jpg,data_track2_recovery/IMG/left_2026_08_31_19_26_23_592.jpg,data_track2_recovery/IMG/right_2026_08_31_19_26_23_592.jpg,0.15,1.0,0.0,11.08884
data_track2_recovery/IMG/center_2026_08_31_19_26_23_661.jpg,data_track2_recovery/IMG/left_2026_08_31_19_26_23_661.jpg,data_track2_recovery/IMG/right_2026_08_31_19_26_23_661.jpg,0.3,1.0,0.0,11.55723
data_track2_recovery/IMG/center_2026_08_31_19_26_23_731.jpg,data_track2_recovery/IMG/left_2026_08_31_19_26_23_731.jpg,data_track2_recovery/IMG/right_2026_08_31_19_26_23_731.jpg,0.5000001,1.0,0.0,12.39537
data_track2_recovery/IMG/center_2026_08_31_19_26_23_797.jpg,data_track2_recovery/IMG/left_2026_08_31_19_26_23_797.jpg,data_track2_recovery/IMG/right_2026_08_31_19_26_23_797.jpg,0.6500001,1.0,0.0,13.18644
data_track2_recovery/IMG/center_2026_08_31_19_26_23_867.jpg,data_track2_recovery/IMG/left_2026_08_31_19_26_23_867.jpg,data_track2_recovery/IMG/right_2026_08_31_19_26_23_867.jpg,0.8000001,1.0,0.0,13.53305
data_track2_recovery/IMG/center_2026_08_31_19_26_24_000.jpg,data_track2_recovery/IMG/left_2026_08_31_19_26_24_000.jpg,data_track2_recovery/IMG/right_2026_08_31_19_26_24_000.jpg,0.05,1.0,0.0,15.12894
data_track2_recovery/IMG/center_2026_08_31_19_26_24_069.jpg,data_track2_recovery/IMG/left_2026_08_31_19_26_24_069.jpg,data_track2_recovery/IMG/right_2026_08_31_19_26_24_069.jpg,0.2,1.0,0.0,15.44408
data_track2_recovery/IMG/center_2026_08_31_19_26_24_136.jpg,data_track2_recovery/IMG/left_2026_08_31_19_26_24_136.jpg,data_track2_recovery/IMG/right_2026_08_31_19_26_24_136.jpg,0.4,1.0,0.0,16.22471
data_track2_recovery/IMG/center_2026_08_31_19_26_24_203.jpg,data_track2_recovery/IMG/left_2026_08_31_19_26_24_203.jpg,data_track2_recovery/IMG/right_2026_08_31_19_26_24_203.jpg,0.5500001,1.0,0.0,16.74083
data_track2_recovery/IMG/center_2026_08_31_19_26_24_272.jpg,data_track2_recovery/IMG/left_2026_08_31_19_26_24_272.jpg,data_track2_recovery/IMG/right_2026_08_31_19_26_24_272.jpg,0.7500002,1.0,0.0,17.38947
data_track2_recovery/IMG/center_2026_08_31_19_26_24_545.jpg,data_track2_recovery/IMG/left_2026_08_31_19_26_24_545.jpg,data_track2_recovery/IMG/right_2026_08_31_19_26_24_545.jpg,0.1,1.0,0.0,18.75811
data_track2_recovery/IMG/center_2026_08_31_19_26_24_613.jpg,data_track2_recovery/IMG/left_2026_08_31_19_26_24_613.jpg,data_track2_recovery/IMG/right_2026_08_31_19_26_24_613.jpg,0.3,1.0,0.0,19.21714
data_track2_recovery/IMG/center_2026_08_31_19_26_24_679.jpg,data_track2_recovery/IMG/left_2026_08_31_19_26_24_679.jpg,data_track2_recovery/IMG/right_2026_08_31_19_26_24_679.jpg,0.45,1.0,0.0,19.67661
data_track2_recovery/IMG/center_2026_08_31_19_26_24_883.jpg,data_track2_recovery/IMG/left_2026_08_31_19_26_24_883.jpg,data_track2_recovery/IMG/right_2026_08_31_19_26_24_883.jpg,0.1,1.0,0.0,20.29542
data_track2_recovery/IMG/center_2026_08_31_19_26_24_954.jpg,data_track2_recovery/IMG/left_2026_08_31_19_26_24_954.jpg,data_track2_recovery/IMG/right_2026_08_31_19_26_24_954.jpg,0.3,1.0,0.0,20.57422
data_track2_recovery/IMG/center_2026_08_31_19_26_25_023.jpg,data_track2_recovery/IMG/left_2026_08_31_19_26_25_023.jpg,data_track2_recovery/IMG/right_2026_08_31_19_26_25_023.jpg,0.45,1.0,0.0,20.68346
data_track2_recovery/IMG/center_2026_08_31_19_26_25_634.jpg,data_track2_recovery/IMG/left_2026_08_31_19_26_25_634.jpg,data_track2_recovery/IMG/right_2026_08_31_19_26_25_634.jpg,-0.15,1.0,0.0,23.21929
data_track2_recovery/IMG/center_2026_08_31_19_26_25_703.jpg,data_track2_recovery/IMG/left_2026_08_31_19_26_25_703.jpg,data_track2_recovery/IMG/right_2026_08_31_19_26_25_703.jpg,-0.3,1.0,0.0,23.28754
data_track2_recovery/IMG/center_2026_08_31_19_26_25_769.jpg,data_track2_recovery/IMG/left_2026_08_31_19_26_25_769.jpg,data_track2_recovery/IMG/right_2026_08_31_19_26_25_769.jpg,-0.45,1.0,0.0,23.58987
data_track2_recovery/IMG/center_2026_08_31_19_26_25_836.jpg,data_track2_recovery/IMG/left_2026_08_31_19_26_25_836.jpg,data_track2_recovery/IMG/right_2026_08_31_19_26_25_836.jpg,-0.6500001,1.0,0.0,23.72866
data_track2_recovery/IMG/center_2026_08_31_19_26_25_905.jpg,data_track2_recovery/IMG/left_2026_08_31_19_26_25_905.jpg,data_track2_recovery/IMG/right_2026_08_31_19_26_25_905.jpg,-0.8000001,1.0,0.0,23.76836
data_track2_recovery/IMG/center_2026_08_31_19_26_26_247.jpg,data_track2_recovery/IMG/left_2026_08_31_19_26_26_247.jpg,data_track2_recovery/IMG/right_2026_08_31_19_26_26_247.jpg,0.15,0.422863,0.0,23.50103
data_track2_recovery/IMG/center_2026_08_31_19_26_26_315.jpg,data_track2_recovery/IMG/left_2026_08_31_19_26_26_315.jpg,data_track2_recovery/IMG/right_2026_08_31_19_26_26_315.jpg,0.35,0.179857,0.0,23.04173
data_track2_recovery/IMG/center_2026_08_31_19_26_26_383.jpg,data_track2_recovery/IMG/left_2026_08_31_19_26_26_383.jpg,data_track2_recovery/IMG/right_2026_08_31_19_26_26_383.jpg,0.5000001,0.0019418,0.0,22.70646
data_track2_recovery/IMG/center_2026_08_31_19_26_26_520.jpg,data_track2_recovery/IMG/left_2026_08_31_19_26_26_520.jpg,data_track2_recovery/IMG/right_2026_08_31_19_26_26_520.jpg,0.0,0.1568849,0.0,22.31245
data_track2_recovery/IMG/center_2026_08_31_19_26_26_655.jpg,data_track2_recovery/IMG/left_2026_08_31_19_26_26_655.jpg,data_track2_recovery/IMG/right_2026_08_31_19_26_26_655.jpg,0.2,0.4976131,0.0,22.927
data_track2_recovery/IMG/center_2026_08_31_19_26_26_724.jpg,data_track2_recovery/IMG/left_2026_08_31_19_26_26_724.jpg,data_track2_recovery/IMG/right_2026_08_31_19_26_26_724.jpg,0.35,0.3170013,0.0,22.995
data_track2_recovery/IMG/center_2026_08_31_19_26_26_791.jpg,data_track2_recovery/IMG/left_2026_08_31_19_26_26_791.jpg,data_track2_recovery/IMG/right_2026_08_31_19_26_26_791.jpg,0.5500001,0.07853436,0.0,22.77246
data_track2_recovery/IMG/center_2026_08_31_19_26_26_859.jpg,data_track2_recovery/IMG/left_2026_08_31_19_26_26_859.jpg,data_track2_recovery/IMG/right_2026_08_31_19_26_26_859.jpg,0.7,0.0,0.0,22.72012
data_track2_recovery/IMG/center_2026_08_31_19_26_26_926.jpg,data_track2_recovery/IMG/left_2026_08_31_19_26_26_926.jpg,data_track2_recovery/IMG/right_2026_08_31_19_26_26_926.jpg,0.8500001,0.06304801,0.0,22.19607
data_track2_recovery/IMG/center_2026_08_31_19_26_26_993.jpg,data_track2_recovery/IMG/left_2026_08_31_19_26_26_993.jpg,data_track2_recovery/IMG/right_2026_08_31_19_26_26_993.jpg,1.0,0.302148,0.0,21.94082
data_track2_recovery/IMG/center_2026_08_31_19_26_27_061.jpg,data_track2_recovery/IMG/left_2026_08_31_19_26_27_061.jpg,data_track2_recovery/IMG/right_2026_08_31_19_26_27_061.jpg,1.0,0.488745,0.0,22.04412
data_track2_recovery/IMG/center_2026_08_31_19_26_27_128.jpg,data_track2_recovery/IMG/left_2026_08_31_19_26_27_128.jpg,data_track2_recovery/IMG/right_2026_08_31_19_26_27_128.jpg,1.0,0.4014208,0.0,22.03394
data_track2_recovery/IMG/center_2026_08_31_19_26_27_195.jpg,data_track2_recovery/IMG/left_2026_08_31_19_26_27_195.jpg,data_track2_recovery/IMG/right_2026_08_31_19_26_27_195.jpg,1.0,0.1642828,0.0,22.01238
data_track2_recovery/IMG/center_2026_08_31_19_26_27_397.jpg,data_track2_recovery/IMG/left_2026_08_31_19_26_27_397.jpg,data_track2_recovery/IMG/right_2026_08_31_19_26_27_397.jpg,0.0,0.5874209,0.0,22.0682
data_track2_recovery/IMG/center_2026_08_31_19_26_27_466.jpg,data_track2_recovery/IMG/left_2026_08_31_19_26_27_466.jpg,data_track2_recovery/IMG/right_2026_08_31_19_26_27_466.jpg,-0.1,0.7740358,0.0,22.49077
data_track2_recovery/IMG/center_2026_08_31_19_26_27_533.jpg,data_track2_recovery/IMG/left_2026_08_31_19_26_27_533.jpg,data_track2_recovery/IMG/right_2026_08_31_19_26_27_533.jpg,-0.3,1.0,0.0,23.06967
data_track2_recovery/IMG/center_2026_08_31_19_26_27_603.jpg,data_track2_recovery/IMG/left_2026_08_31_19_26_27_603.jpg,data_track2_recovery/IMG/right_2026_08_31_19_26_27_603.jpg,-0.45,1.0,0.0,23.53031
data_track2_recovery/IMG/center_2026_08_31_19_26_27_739.jpg,data_track2_recovery/IMG/left_2026_08_31_19_26_27_739.jpg,data_track2_recovery/IMG/right_2026_08_31_19_26_27_739.jpg,0.2,0.824806,0.0,24.7864
data_track2_recovery/IMG/center_2026_08_31_19_26_27_807.jpg,data_track2_recovery/IMG/left_2026_08_31_19_26_27_807.jpg,data_track2_recovery/IMG/right_2026_08_31_19_26_27_807.jpg,0.35,0.6429758,0.0,25.09948
data_track2_recovery/IMG/center_2026_08_31_19_26_28_143.jpg,data_track2_recovery/IMG/left_2026_08_31_19_26_28_143.jpg,data_track2_recovery/IMG/right_2026_08_31_19_26_28_143.jpg,0.1,1.0,0.0,27.49848
data_track2_recovery/IMG/center_2026_08_31_19_26_28_212.jpg,data_track2_recovery/IMG/left_2026_08_31_19_26_28_212.jpg,data_track2_recovery/IMG/right_2026_08_31_19_26_28_212.jpg,0.3,1.0,0.0,28.19848
data_track2_recovery/IMG/center_2026_08_31_19_26_28_279.jpg,data_track2_recovery/IMG/left_2026_08_31_19_26_28_279.jpg,data_track2_recovery/IMG/right_2026_08_31_19_26_28_279.jpg,0.45,1.0,0.0,28.66562
data_track2_recovery/IMG/center_2026_08_31_19_26_28_347.jpg,data_track2_recovery/IMG/left_2026_08_31_19_26_28_347.jpg,data_track2_recovery/IMG/right_2026_08_31_19_26_28_347.jpg,0.6000001,1.0,0.0,29.07852
data_track2_recovery/IMG/center_2026_08_31_19_26_28_415.jpg,data_track2_recovery/IMG/left_2026_08_31_19_26_28_415.jpg,data_track2_recovery/IMG/right_2026_08_31_19_26_28_415.jpg,0.8000001,1.0,0.0,29.54375
data_track2_recovery/IMG/center_2026_08_31_19_26_28_616.jpg,data_track2_recovery/IMG/left_2026_08_31_19_26_28_616.jpg,data_track2_recovery/IMG/right_2026_08_31_19_26_28_616.jpg,0.2,1.0,0.0,30.18875
data_track2_recovery/IMG/center_2026_08_31_19_26_28_686.jpg,data_track2_recovery/IMG/left_2026_08_31_19_26_28_686.jpg,data_track2_recovery/IMG/right_2026_08_31_19_26_28_686.jpg,0.35,1.0,0.0,30.17322
data_track2_recovery/IMG/center_2026_08_31_19_26_28_753.jpg,data_track2_recovery/IMG/left_2026_08_31_19_26_28_753.jpg,data_track2_recovery/IMG/right_2026_08_31_19_26_28_753.jpg,0.5500001,1.0,0.0,30.14589
data_track2_recovery/IMG/center_2026_08_31_19_26_28_820.jpg,data_track2_recovery/IMG/left_2026_08_31_19_26_28_820.jpg,data_track2_recovery/IMG/right_2026_08_31_19_26_28_820.jpg,0.7,1.0,0.0,30.12568
data_track2_recovery/IMG/center_2026_08_31_19_26_28_889.jpg,data_track2_recovery/IMG/left_2026_08_31_19_26_28_889.jpg,data_track2_recovery/IMG/right_2026_08_31_19_26_28_889.jpg,0.8500001,1.0,0.0,30.10815
data_track2_recovery/IMG/center_2026_08_31_19_26_29_025.jpg,data_track2_recovery/IMG/left_2026_08_31_19_26_29_025.jpg,data_track2_recovery/IMG/right_2026_08_31_19_26_29_025.jpg,0.05,1.0,0.0,30.1889
data_track2_recovery/IMG/center_2026_08_31_19_26_29_094.jpg,data_track2_recovery/IMG/left_2026_08_31_19_26_29_094.jpg,data_track2_recovery/IMG/right_2026_08_31_19_26_29_094.jpg,0.25,1.0,0.0,30.18582
data_track2_recovery/IMG/center_2026_08_31_19_26_29_161.jpg,data_track2_recovery/IMG/left_2026_08_31_19_26_29_161.jpg,data_track2_recovery/IMG/right_2026_08_31_19_26_29_161.jpg,0.4,1.0,0.0,30.16758
data_track2_recovery/IMG/center_2026_08_31_19_26_29_299.jpg,data_track2_recovery/IMG/left_2026_08_31_19_26_29_299.jpg,data_track2_recovery/IMG/right_2026_08_31_19_26_29_299.jpg,0.0,1.0,0.0,30.18829
data_track2_recovery/IMG/center_2026_08_31_19_26_29_916.jpg,data_track2_recovery/IMG/left_2026_08_31_19_26_29_916.jpg,data_track2_recovery/IMG/right_2026_08_31_19_26_29_916.jpg,0.1,0.608749,0.0,30.09937
data_track2_recovery/IMG/center_2026_08_31_19_26_29_983.jpg,data_track2_recovery/IMG/left_2026_08_31_19_26_29_983.jpg,data_track2_recovery/IMG/right_2026_08_31_19_26_29_983.jpg,0.25,0.4230908,0.0,30.03875
data_track2_recovery/IMG/center_2026_08_31_19_26_30_053.jpg,data_track2_recovery/IMG/left_2026_08_31_19_26_30_053.jpg,data_track2_recovery/IMG/right_2026_08_31_19_26_30_053.jpg,0.45,0.1806878,0.0,29.93514
data_track2_recovery/IMG/center_2026_08_31_19_26_30_327.jpg,data_track2_recovery/IMG/left_2026_08_31_19_26_30_327.jpg,data_track2_recovery/IMG/right_2026_08_31_19_26_30_327.jpg,0.15,0.0,0.0,29.21184
data_track2_recovery/IMG/center_2026_08_31_19_26_30_394.jpg,data_track2_recovery/IMG/left_2026_08_31_19_26_30_394.jpg,data_track2_recovery/IMG/right_2026_08_31_19_26_30_394.jpg,0.35,0.0,0.0,28.91593
data_track2_recovery/IMG/center_2026_08_31_19_26_30_461.jpg,data_track2_recovery/IMG/left_2026_08_31_19_26_30_461.jpg,data_track2_recovery/IMG/right_2026_08_31_19_26_30_461.jpg,0.5000001,0.0,0.0,28.63738
data_track2_recovery/IMG/center_2026_08_31_19_26_30_530.jpg,data_track2_recovery/IMG/left_2026_08_31_19_26_30_530.jpg,data_track2_recovery/IMG/right_2026_08_31_19_26_30_530.jpg,0.7,0.0,0.0,28.18934
data_track2_recovery/IMG/center_2026_08_31_19_26_30_803.jpg,data_track2_recovery/IMG/left_2026_08_31_19_26_30_803.jpg,data_track2_recovery/IMG/right_2026_08_31_19_26_30_803.jpg,0.15,0.7515271,0.0,28.34171
data_track2_recovery/IMG/center_2026_08_31_19_26_30_870.jpg,data_track2_recovery/IMG/left_2026_08_31_19_26_30_870.jpg,data_track2_recovery/IMG/right_2026_08_31_19_26_30_870.jpg,0.35,0.9867239,0.0,28.90112
data_track2_recovery/IMG/center_2026_08_31_19_26_30_939.jpg,data_track2_recovery/IMG/left_2026_08_31_19_26_30_939.jpg,data_track2_recovery/IMG/right_2026_08_31_19_26_30_939.jpg,0.5000001,1.0,0.0,29.35813
data_track2_recovery/IMG/center_2026_08_31_19_26_31_623.jpg,data_track2_recovery/IMG/left_2026_08_31_19_26_31_623.jpg,data_track2_recovery/IMG/right_2026_08_31_19_26_31_623.jpg,-0.1,0.8496729,0.0,30.16046
data_track2_recovery/IMG/center_2026_08_31_19_26_31_691.jpg,data_track2_recovery/IMG/left_2026_08_31_19_26_31_691.jpg,data_track2_recovery/IMG/right_2026_08_31_19_26_31_691.jpg,-0.3,0.6141911,0.0,30.08107
data_track2_recovery/IMG/center_2026_08_31_19_26_31_759.jpg,data_track2_recovery/IMG/left_2026_08_31_19_26_31_759.jpg,data_track2_recovery/IMG/right_2026_08_31_19_26_31_759.jpg,-0.45,0.4335879,0.0,30.01921
data_track2_recovery/IMG/center_2026_08_31_19_26_32_444.jpg,data_track2_recovery/IMG/left_2026_08_31_19_26_32_444.jpg,data_track2_recovery/IMG/right_2026_08_31_19_26_32_444.jpg,0.1,0.7713239,0.0,29.34023
data_track2_recovery/IMG/center_2026_08_31_19_26_32_511.jpg,data_track2_recovery/IMG/left_2026_08_31_19_26_32_511.jpg,data_track2_recovery/IMG/right_2026_08_31_19_26_32_511.jpg,0.3,0.6785367,0.0,29.7764
data_track2_recovery/IMG/center_2026_08_31_19_26_32_580.jpg,data_track2_recovery/IMG/left_2026_08_31_19_26_32_580.jpg,data_track2_recovery/IMG/right_2026_08_31_19_26_32_580.jpg,0.45,0.4943697,0.0,29.79631
data_track2_recovery/IMG/center_2026_08_31_19_26_32_647.jpg,data_track2_recovery/IMG/left_2026_08_31_19_26_32_647.jpg,data_track2_recovery/IMG/right_2026_08_31_19_26_32_647.jpg,0.6000001,0.3197608,0.0,29.56412
data_track2_recovery/IMG/center_2026_08_31_19_26_32_714.jpg,data_track2_recovery/IMG/left_2026_08_31_19_26_32_714.jpg,data_track2_recovery/IMG/right_2026_08_31_19_26_32_714.jpg,0.8000001,0.07679093,0.0,29.23408
data_track2_recovery/IMG/center_2026_08_31_19_26_32_982.jpg,data_track2_recovery/IMG/left_2026_08_31_19_26_32_982.jpg,data_track2_recovery/IMG/right_2026_08_31_19_26_32_982.jpg,-0.05,0.0,0.0,27.5249
data_track2_recovery/IMG/center_2026_08_31_19_26_33_050.jpg,data_track2_recovery/IMG/left_2026_08_31_19_26_33_050.jpg,data_track2_recovery/IMG/right_2026_08_31_19_26_33_050.jpg,-0.2,0.0,0.0,27.02502
data_track2_recovery/IMG/center_2026_08_31_19_26_33_253.jpg,data_track2_recovery/IMG/left_2026_08_31_19_26_33_253.jpg,data_track2_recovery/IMG/right_2026_08_31_19_26_33_253.jpg,0.15,0.5915819,0.0,26.12873
data_track2_recovery/IMG/center_2026_08_31_19_26_33_323.jpg,data_track2_recovery/IMG/left_2026_08_31_19_26_33_323.jpg,data_track2_recovery/IMG/right_2026_08_31_19_26_33_323.jpg,0.3,0.6659435,0.0,26.0908
data_track2_recovery/IMG/center_2026_08_31_19_26_33_665.jpg,data_track2_recovery/IMG/left_2026_08_31_19_26_33_665.jpg,data_track2_recovery/IMG/right_2026_08_31_19_26_33_665.jpg,0.15,0.3888212,0.0,24.70833
data_track2_recovery/IMG/center_2026_08_31_19_26_33_733.jpg,data_track2_recovery/IMG/left_2026_08_31_19_26_33_733.jpg,data_track2_recovery/IMG/right_2026_08_31_19_26_33_733.jpg,0.35,0.4695754,0.0,24.50087
data_track2_recovery/IMG/center_2026_08_31_19_26_33_800.jpg,data_track2_recovery/IMG/left_2026_08_31_19_26_33_800.jpg,data_track2_recovery/IMG/right_2026_08_31_19_26_33_800.jpg,0.5000001,0.2880392,0.0,24.27643
data_track2_recovery/IMG/center_2026_08_31_19_26_33_868.jpg,data_track2_recovery/IMG/left_2026_08_31_19_26_33_868.jpg,data_track2_recovery/IMG/right_2026_08_31_19_26_33_868.jpg,0.6500001,0.1074514,0.0,23.81517
data_track2_recovery/IMG/center_2026_08_31_19_26_33_938.jpg,data_track2_recovery/IMG/left_2026_08_31_19_26_33_938.jpg,data_track2_recovery/IMG/right_2026_08_31_19_26_33_938.jpg,0.8500001,0.0,0.0,23.03645
data_track2_recovery/IMG/center_2026_08_31_19_26_34_148.jpg,data_track2_recovery/IMG/left_2026_08_31_19_26_34_148.jpg,data_track2_recovery/IMG/right_2026_08_31_19_26_34_148.jpg,0.15,0.0,0.0,21.56819
data_track2_recovery/IMG/center_2026_08_31_19_26_34_216.jpg,data_track2_recovery/IMG/left_2026_08_31_19_26_34_216.jpg,data_track2_recovery/IMG/right_2026_08_31_19_26_34_216.jpg,0.35,0.0,0.0,20.92128
data_track2_recovery/IMG/center_2026_08_31_19_26_34_284.jpg,data_track2_recovery/IMG/left_2026_08_31_19_26_34_284.jpg,data_track2_recovery/IMG/right_2026_08_31_19_26_34_284.jpg,0.5000001,0.06486619,0.0,20.47594
data_track2_recovery/IMG/center_2026_08_31_19_26_34_354.jpg,data_track2_recovery/IMG/left_2026_08_31_19_26_34_354.jpg,data_track2_recovery/IMG/right_2026_08_31_19_26_34_354.jpg,0.7,0.3140759,0.0,19.99411
data_track2_recovery/IMG/center_2026_08_31_19_26_34_425.jpg,data_track2_recovery/IMG/left_2026_08_31_19_26_34_425.jpg,data_track2_recovery/IMG/right_2026_08_31_19_26_34_425.jpg,0.8500001,0.4959601,0.0,19.79938
data_track2_recovery/IMG/center_2026_08_31_19_26_34_631.jpg,data_track2_recovery/IMG/left_2026_08_31_19_26_34_631.jpg,data_track2_recovery/IMG/right_2026_08_31_19_26_34_631.jpg,0.15,0.7258562,0.0,19.75125
data_track2_recovery/IMG/center_2026_08_31_19_26_34_703.jpg,data_track2_recovery/IMG/left_2026_08_31_19_26_34_703.jpg,data_track2_recovery/IMG/right_2026_08_31_19_26_34_703.jpg,0.3,0.9094652,0.0,19.96179
data_track2_recovery/IMG/center_2026_08_31_19_26_34_775.jpg,data_track2_recovery/IMG/left_2026_08_31_19_26_34_775.jpg,data_track2_recovery/IMG/right_2026_08_31_19_26_34_775.jpg,0.5000001,1.0,0.0,20.50735
data_track2_recovery/IMG/center_2026_08_31_19_26_34_842.jpg,data_track2_recovery/IMG/left_2026_08_31_19_26_34_842.jpg,data_track2_recovery/IMG/right_2026_08_31_19_26_34_842.jpg,0.6500001,1.0,0.0,20.84944
data_track2_recovery/IMG/center_2026_08_31_19_26_34_911.jpg,data_track2_recovery/IMG/left_2026_08_31_19_26_34_911.jpg,data_track2_recovery/IMG/right_2026_08_31_19_26_34_911.jpg,0.8500001,1.0,0.0,21.21298
data_track2_recovery/IMG/center_2026_08_31_19_26_34_981.jpg,data_track2_recovery/IMG/left_2026_08_31_19_26_34_981.jpg,data_track2_recovery/IMG/right_2026_08_31_19_26_34_981.jpg,1.0,1.0,0.0,21.49639
data_track2_recovery/IMG/center_2026_08_31_19_26_35_260.jpg,data_track2_recovery/IMG/left_2026_08_31_19_26_35_260.jpg,data_track2_recovery/IMG/right_2026_08_31_19_26_35_260.jpg,0.2,1.0,0.0,23.51677
data_track2_recovery/IMG/center_2026_08_31_19_26_35_330.jpg,data_track2_recovery/IMG/left_2026_08_31_19_26_35_330.jpg,data_track2_recovery/IMG/right_2026_08_31_19_26_35_330.jpg,0.35,1.0,0.0,24.08684
data_track2_recovery/IMG/center_2026_08_31_19_26_35_545.jpg,data_track2_recovery/IMG/left_2026_08_31_19_26_35_545.jpg,data_track2_recovery/IMG/right_2026_08_31_19_26_35_545.jpg,0.1,1.0,0.0,25.63275
data_track2_recovery/IMG/center_2026_08_31_19_26_35_617.jpg,data_track2_recovery/IMG/left_2026_08_31_19_26_35_617.jpg,data_track2_recovery/IMG/right_2026_08_31_19_26_35_617.jpg,0.3,1.0,0.0,26.27344
data_track2_recovery/IMG/center_2026_08_31_19_26_35_684.jpg,data_track2_recovery/IMG/left_2026_08_31_19_26_35_684.jpg,data_track2_recovery/IMG/right_2026_08_31_19_26_35_684.jpg,0.45,0.9642969,0.0,26.48207
data_track2_recovery/IMG/center_2026_08_31_19_26_35_754.jpg,data_track2_recovery/IMG/left_2026_08_31_19_26_35_754.jpg,data_track2_recovery/IMG/right_2026_08_31_19_26_35_754.jpg,0.6500001,0.718927,0.0,26.75386
data_track2_recovery/IMG/center_2026_08_31_19_26_35_823.jpg,data_track2_recovery/IMG/left_2026_08_31_19_26_35_823.jpg,data_track2_recovery/IMG/right_2026_08_31_19_26_35_823.jpg,0.8000001,0.5319849,0.0,26.67795
data_track2_recovery/IMG/center_2026_08_31_19_26_35_892.jpg,data_track2_recovery/IMG/left_2026_08_31_19_26_35_892.jpg,data_track2_recovery/IMG/right_2026_08_31_19_26_35_892.jpg,1.0,0.3057667,0.0,26.15131
data_track2_recovery/IMG/center_2026_08_31_19_26_35_961.jpg,data_track2_recovery/IMG/left_2026_08_31_19_26_35_961.jpg,data_track2_recovery/IMG/right_2026_08_31_19_26_35_961.jpg,1.0,0.2327051,0.0,25.74166
data_track2_recovery/IMG/center_2026_08_31_19_26_36_032.jpg,data_track2_recovery/IMG/left_2026_08_31_19_26_36_032.jpg,data_track2_recovery/IMG/right_2026_08_31_19_26_36_032.jpg,1.0,0.4636662,0.0,25.43869
data_track2_recovery/IMG/center_2026_08_31_19_26_36_105.jpg,data_track2_recovery/IMG/left_2026_08_31_19_26_36_105.jpg,data_track2_recovery/IMG/right_2026_08_31_19_26_36_105.jpg,1.0,0.6575112,0.0,25.26771
data_track2_recovery/IMG/center_2026_08_31_19_26_36_523.jpg,data_track2_recovery/IMG/left_2026_08_31_19_26_36_523.jpg,data_track2_recovery/IMG/right_2026_08_31_19_26_36_523.jpg,0.15,1.0,0.0,26.82205
data_track2_recovery/IMG/center_2026_08_31_19_26_36_729.jpg,data_track2_recovery/IMG/left_2026_08_31_19_26_36_729.jpg,data_track2_recovery/IMG/right_2026_08_31_19_26_36_729.jpg,0.15,0.8767958,0.0,27.63013
data_track2_recovery/IMG/center_2026_08_31_19_26_36_800.jpg,data_track2_recovery/IMG/left_2026_08_31_19_26_36_800.jpg,data_track2_recovery/IMG/right_2026_08_31_19_26_36_800.jpg,0.35,0.6304989,0.0,27.66752
data_track2_recovery/IMG/center_2026_08_31_19_26_36_871.jpg,data_track2_recovery/IMG/left_2026_08_31_19_26_36_871.jpg,data_track2_recovery/IMG/right_2026_08_31_19_26_36_871.jpg,0.5500001,0.400399,0.0,27.4569
data_track2_recovery/IMG/center_2026_08_31_19_26_37_149.jpg,data_track2_recovery/IMG/left_2026_08_31_19_26_37_149.jpg,data_track2_recovery/IMG/right_2026_08_31_19_26_37_149.jpg,0.05,0.2952422,0.0,26.04473
data_track2_recovery/IMG/center_2026_08_31_19_26_37_217.jpg,data_track2_recovery/IMG/left_2026_08_31_19_26_37_217.jpg,data_track2_recovery/IMG/right_2026_08_31_19_26_37_217.jpg,0.25,0.4650632,0.0,25.78893
data_track2_recovery/IMG/center_2026_08_31_19_26_37_284.jpg,data_track2_recovery/IMG/left_2026_08_31_19_26_37_284.jpg,data_track2_recovery/IMG/right_2026_08_31_19_26_37_284.jpg,0.4,0.2793242,0.0,25.70342
data_track2_recovery/IMG/center_2026_08_31_19_26_37_354.jpg,data_track2_recovery/IMG/left_2026_08_31_19_26_37_354.jpg,data_track2_recovery/IMG/right_2026_08_31_19_26_37_354.jpg,0.6000001,0.03668725,0.0,25.21349
data_track2_recovery/IMG/center_2026_08_31_19_26_37_559.jpg,data_track2_recovery/IMG/left_2026_08_31_19_26_37_559.jpg,data_track2_recovery/IMG/right_2026_08_31_19_26_37_559.jpg,0.2,0.483849,0.0,24.53703
data_track2_recovery/IMG/center_2026_08_31_19_26_37_626.jpg,data_track2_recovery/IMG/left_2026_08_31_19_26_37_626.jpg,data_track2_recovery/IMG/right_2026_08_31_19_26_37_626.jpg,0.35,0.6659489,0.0,24.60151
data_track2_recovery/IMG/center_2026_08_31_19_26_37_698.jpg,data_track2_recovery/IMG/left_2026_08_31_19_26_37_698.jpg,data_track2_recovery/IMG/right_2026_08_31_19_26_37_698.jpg,0.5500001,0.9001797,0.0,24.86595
data_track2_recovery/IMG/center_2026_08_31_19_26_37_765.jpg,data_track2_recovery/IMG/left_2026_08_31_19_26_37_765.jpg,data_track2_recovery/IMG/right_2026_08_31_19_26_37_765.jpg,0.7,0.9309907,0.0,25.21888
data_track2_recovery/IMG/center_2026_08_31_19_26_37_837.jpg,data_track2_recovery/IMG/left_2026_08_31_19_26_37_837.jpg,data_track2_recovery/IMG/right_2026_08_31_19_26_37_837.jpg,0.9000002,0.6987847,0.0,25.35893
data_track2_recovery/IMG/center_2026_08_31_19_26_37_909.jpg,data_track2_recovery/IMG/left_2026_08_31_19_26_37_909.jpg,data_track2_recovery/IMG/right_2026_08_31_19_26_37_909.jpg,1.0,0.6157357,0.0,25.36084
data_track2_recovery/IMG/center_2026_08_31_19_26_38_258.jpg,data_track2_recovery/IMG/left_2026_08_31_19_26_38_258.jpg,data_track2_recovery/IMG/right_2026_08_31_19_26_38_258.jpg,0.1,1.0,0.0,28.34894
data_track2_recovery/IMG/center_2026_08_31_19_26_38_326.jpg,data_track2_recovery/IMG/left_2026_08_31_19_26_38_326.jpg,data_track2_recovery/IMG/right_2026_08_31_19_26_38_326.jpg,0.25,0.9523182,0.0,28.88004
data_track2_recovery/IMG/center_2026_08_31_19_26_38_393.jpg,data_track2_recovery/IMG/left_2026_08_31_19_26_38_393.jpg,data_track2_recovery/IMG/right_2026_08_31_19_26_38_393.jpg,0.45,0.7158911,0.0,29.36227
data_track2_recovery/IMG/center_2026_08_31_19_26_38_463.jpg,data_track2_recovery/IMG/left_2026_08_31_19_26_38_463.jpg,data_track2_recovery/IMG/right_2026_08_31_19_26_38_463.jpg,0.6000001,0.5340971,0.0,29.49967
data_track2_recovery/IMG/center_2026_08_31_19_26_38_534.jpg,data_track2_recovery/IMG/left_2026_08_31_19_26_38_534.jpg,data_track2_recovery/IMG/right_2026_08_31_19_26_38_534.jpg,0.8000001,0.2932032,0.0,29.40534
data_track2_recovery/IMG/center_2026_08_31_19_26_38_672.jpg,data_track2_recovery/IMG/left_2026_08_31_19_26_38_672.jpg,data_track2_recovery/IMG/right_2026_08_31_19_26_38_672.jpg,0.0,0.0,0.0,29.10451
data_track2_recovery/IMG/center_2026_08_31_19_26_38_739.jpg,data_track2_recovery/IMG/left_2026_08_31_19_26_38_739.jpg,data_track2_recovery/IMG/right_2026_08_31_19_26_38_739.jpg,0.1,0.0,0.0,28.92732
data_track2_recovery/IMG/center_2026_08_31_19_26_38_808.jpg,data_track2_recovery/IMG/left_2026_08_31_19_26_38_808.jpg,data_track2_recovery/IMG/right_2026_08_31_19_26_38_808.jpg,0.25,0.0,0.0,28.74027
data_track2_recovery/IMG/center_2026_08_31_19_26_38_876.jpg,data_track2_recovery/IMG/left_2026_08_31_19_26_38_876.jpg,data_track2_recovery/IMG/right_2026_08_31_19_26_38_876.jpg,0.45,0.0,0.0,28.42132
data_track2_recovery/IMG/center_2026_08_31_19_26_38_943.jpg,data_track2_recovery/IMG/left_2026_08_31_19_26_38_943.jpg,data_track2_recovery/IMG/right_2026_08_31_19_26_38_943.jpg,0.6000001,0.0,0.0,28.12089
data_track2_recovery/IMG/center_2026_08_31_19_26_39_013.jpg,data_track2_recovery/IMG/left_2026_08_31_19_26_39_013.jpg,data_track2_recovery/IMG/right_2026_08_31_19_26_39_013.jpg,0.8000001,0.0,0.0,27.64337
data_track2_recovery/IMG/center_2026_08_31_19_26_39_080.jpg,data_track2_recovery/IMG/left_2026_08_31_19_26_39_080.jpg,data_track2_recovery/IMG/right_2026_08_31_19_26_39_080.jpg,0.9500002,0.0,0.0,27.23481
data_track2_recovery/IMG/center_2026_08_31_19_26_39_150.jpg,data_track2_recovery/IMG/left_2026_08_31_19_26_39_150.jpg,data_track2_recovery/IMG/right_2026_08_31_19_26_39_150.jpg,1.0,0.0,0.0,26.8169
data_track2_recovery/IMG/center_2026_08_31_19_26_39_220.jpg,data_track2_recovery/IMG/left_2026_08_31_19_26_39_220.jpg,data_track2_recovery/IMG/right_2026_08_31_19_26_39_220.jpg,1.0,0.0,0.0,26.35218
data_track2_recovery/IMG/center_2026_08_31_19_26_39_288.jpg,data_track2_recovery/IMG/left_2026_08_31_19_26_39_288.jpg,data_track2_recovery/IMG/right_2026_08_31_19_26_39_288.jpg,1.0,0.0,0.0,26.06099
data_track2_recovery/IMG/center_2026_08_31_19_26_39_357.jpg,data_track2_recovery/IMG/left_2026_08_31_19_26_39_357.jpg,data_track2_recovery/IMG/right_2026_08_31_19_26_39_357.jpg,1.0,0.0,0.0,25.7205
data_track2_recovery/IMG/center_2026_08_31_19_26_39_426.jpg,data_track2_recovery/IMG/left_2026_08_31_19_26_39_426.jpg,data_track2_recovery/IMG/right_2026_08_31_19_26_39_426.jpg,1.0,0.0,0.0,25.48745
data_track2_recovery/IMG/center_2026_08_31_19_26_39_560.jpg,data_track2_recovery/IMG/left_2026_08_31_19_26_39_560.jpg,data_track2_recovery/IMG/right_2026_08_31_19_26_39_560.jpg,-0.05,0.0,0.0,24.88961
data_track2_recovery/IMG/center_2026_08_31_19_26_39_629.jpg,data_track2_recovery/IMG/left_2026_08_31_19_26_39_629.jpg,data_track2_recovery/IMG/right_2026_08_31_19_26_39_629.jpg,-0.2,0.0,0.0,24.70326
data_track2_recovery/IMG/center_2026_08_31_19_26_39_898.jpg,data_track2_recovery/IMG/left_2026_08_31_19_26_39_898.jpg,data_track2_recovery/IMG/right_2026_08_31_19_26_39_898.jpg,-0.1,0.479991,0.0,24.28779
data_track2_recovery/IMG/center_2026_08_31_19_26_39_967.jpg,data_track2_recovery/IMG/left_2026_08_31_19_26_39_967.jpg,data_track2_recovery/IMG/right_2026_08_31_19_26_39_967.jpg,-0.25,0.66177,0.0,24.5055
data_track2_recovery/IMG/center_2026_08_31_19_26_40_034.jpg,data_track2_recovery/IMG/left_2026_08_31_19_26_40_034.jpg,data_track2_recovery/IMG/right_2026_08_31_19_26_40_034.jpg,-0.45,0.5649358,0.0,24.85936
data_track2_recovery/IMG/center_2026_08_31_19_26_40_103.jpg,data_track2_recovery/IMG/left_2026_08_31_19_26_40_103.jpg,data_track2_recovery/IMG/right_2026_08_31_19_26_40_103.jpg,-0.6000001,0.3813508,0.0,24.93361
data_track2_recovery/IMG/center_2026_08_31_19_26_40_171.jpg,data_track2_recovery/IMG/left_2026_08_31_19_26_40_171.jpg,data_track2_recovery/IMG/right_2026_08_31_19_26_40_171.jpg,-0.8000001,0.1476449,0.0,24.75771
data_track2_recovery/IMG/center_2026_08_31_19_26_40_376.jpg,data_track2_recovery/IMG/left_2026_08_31_19_26_40_376.jpg,data_track2_recovery/IMG/right_2026_08_31_19_26_40_376.jpg,-0.1,0.7284833,0.0,25.02067
data_track2_recovery/IMG/center_2026_08_31_19_26_40_445.jpg,data_track2_recovery/IMG/left_2026_08_31_19_26_40_445.jpg,data_track2_recovery/IMG/right_2026_08_31_19_26_40_445.jpg,-0.25,0.7803655,0.0,25.45896
data_track2_recovery/IMG/center_2026_08_31_19_26_40_515.jpg,data_track2_recovery/IMG/left_2026_08_31_19_26_40_515.jpg,data_track2_recovery/IMG/right_2026_08_31_19_26_40_515.jpg,-0.45,0.5403564,0.0,25.83445
data_track2_recovery/IMG/center_2026_08_31_19_26_40_582.jpg,data_track2_recovery/IMG/left_2026_08_31_19_26_40_582.jpg,data_track2_recovery/IMG/right_2026_08_31_19_26_40_582.jpg,-0.6000001,0.3642654,0.0,25.899
data_track2_recovery/IMG/center_2026_08_31_19_26_40_649.jpg,data_track2_recovery/IMG/left_2026_08_31_19_26_40_649.jpg,data_track2_recovery/IMG/right_2026_08_31_19_26_40_649.jpg,-0.7500002,0.1821864,0.0,25.78809
data_track2_recovery/IMG/center_2026_08_31_19_26_40_720.jpg,data_track2_recovery/IMG/left_2026_08_31_19_26_40_720.jpg,data_track2_recovery/IMG/right_2026_08_31_19_26_40_720.jpg,-0.9500002,0.0,0.0,25.36239
data_track2_recovery/IMG/center_2026_08_31_19_26_40_787.jpg,data_track2_recovery/IMG/left_2026_08_31_19_26_40_787.jpg,data_track2_recovery/IMG/right_2026_08_31_19_26_40_787.jpg,-1.0,0.0,0.0,24.98163
data_track2_recovery/IMG/center_2026_08_31_19_26_40_855.jpg,data_track2_recovery/IMG/left_2026_08_31_19_26_40_855.jpg,data_track2_recovery/IMG/right_2026_08_31_19_26_40_855.jpg,-1.0,0.0,0.0,24.56924
data_track2_recovery/IMG/center_2026_08_31_19_26_40_922.jpg,data_track2_recovery/IMG/left_2026_08_31_19_26_40_922.jpg,data_track2_recovery/IMG/right_2026_08_31_19_26_40_922.jpg,-1.0,0.0,0.0,24.31206
data_track2_recovery/IMG/center_2026_08_31_19_26_41_195.jpg,data_track2_recovery/IMG/left_2026_08_31_19_26_41_195.jpg,data_track2_recovery/IMG/right_2026_08_31_19_26_41_195.jpg,0.0,0.137028,0.0,23.39572
data_track2_recovery/IMG/center_2026_08_31_19_26_41_266.jpg,data_track2_recovery/IMG/left_2026_08_31_19_26_41_266.jpg,data_track2_recovery/IMG/right_2026_08_31_19_26_41_266.jpg,-0.1,0.3236911,0.0,23.29873
data_track2_recovery/IMG/center_2026_08_31_19_26_41_337.jpg,data_track2_recovery/IMG/left_2026_08_31_19_26_41_337.jpg,data_track2_recovery/IMG/right_2026_08_31_19_26_41_337.jpg,-0.3,0.2379091,0.0,23.44202
data_track2_recovery/IMG/center_2026_08_31_19_26_41_403.jpg,data_track2_recovery/IMG/left_2026_08_31_19_26_41_403.jpg,data_track2_recovery/IMG/right_2026_08_31_19_26_41_403.jpg,-0.45,0.06176126,0.0,23.42584
data_track2_recovery/IMG/center_2026_08_31_19_26_41_472.jpg,data_track2_recovery/IMG/left_2026_08_31_19_26_41_472.jpg,data_track2_recovery/IMG/right_2026_08_31_19_26_41_472.jpg,-0.6500001,0.0,0.0,23.09707
data_track2_recovery/IMG/center_2026_08_31_19_26_41_541.jpg,data_track2_recovery/IMG/left_2026_08_31_19_26_41_541.jpg,data_track2_recovery/IMG/right_2026_08_31_19_26_41_541.jpg,-0.8000001,0.0,0.0,22.69003
data_track2_recovery/IMG/center_2026_08_31_19_26_41_611.jpg,data_track2_recovery/IMG/left_2026_08_31_19_26_41_611.jpg,data_track2_recovery/IMG/right_2026_08_31_19_26_41_611.jpg,-1.0,0.0,0.0,22.23321
data_track2_recovery/IMG/center_2026_08_31_19_26_41_679.jpg,data_track2_recovery/IMG/left_2026_08_31_19_26_41_679.jpg,data_track2_recovery/IMG/right_2026_08_31_19_26_41_679.jpg,-1.0,0.0,0.0,22.01954
data_track2_recovery/IMG/center_2026_08_31_19_26_41_748.jpg,data_track2_recovery/IMG/left_2026_08_31_19_26_41_748.jpg,data_track2_recovery/IMG/right_2026_08_31_19_26_41_748.jpg,-1.0,0.0,0.0,21.60063
data_track2_recovery/IMG/center_2026_08_31_19_26_41_815.jpg,data_track2_recovery/IMG/left_2026_08_31_19_26_41_815.jpg,data_track2_recovery/IMG/right_2026_08_31_19_26_41_815.jpg,-1.0,0.0,0.0,21.30374
data_track2_recovery/IMG/center_2026_08_31_19_26_41_885.jpg,data_track2_recovery/IMG/left_2026_08_31_19_26_41_885.jpg,data_track2_recovery/IMG/right_2026_08_31_19_26_41_885.jpg,-1.0,0.0,0.0,21.28844
data_track2_recovery/IMG/center_2026_08_31_19_26_41_955.jpg,data_track2_recovery/IMG/left_2026_08_31_19_26_41_955.jpg,data_track2_recovery/IMG/right_2026_08_31_19_26_41_955.jpg,-1.0,0.0,0.0,21.06704
data_track2_recovery/IMG/center_2026_08_31_19_26_42_023.jpg,data_track2_recovery/IMG/left_2026_08_31_19_26_42_023.jpg,data_track2_recovery/IMG/right_2026_08_31_19_26_42_023.jpg,-1.0,0.0,0.0,20.66128
data_track2_recovery/IMG/center_2026_08_31_19_26_42_226.jpg,data_track2_recovery/IMG/left_2026_08_31_19_26_42_226.jpg,data_track2_recovery/IMG/right_2026_08_31_19_26_42_226.jpg,-0.15,0.2660758,0.0,20.16195
data_track2_recovery/IMG/center_2026_08_31_19_26_42_297.jpg,data_track2_recovery/IMG/left_2026_08_31_19_26_42_297.jpg,data_track2_recovery/IMG/right_2026_08_31_19_26_42_297.jpg,-0.35,0.4996948,0.0,20.39953
data_track2_recovery/IMG/center_2026_08_31_19_26_42_365.jpg,data_track2_recovery/IMG/left_2026_08_31_19_26_42_365.jpg,data_track2_recovery/IMG/right_2026_08_31_19_26_42_365.jpg,-0.5000001,0.6863909,0.0,20.82853
data_track2_recovery/IMG/center_2026_08_31_19_26_42_437.jpg,data_track2_recovery/IMG/left_2026_08_31_19_26_42_437.jpg,data_track2_recovery/IMG/right_2026_08_31_19_26_42_437.jpg,-0.7,0.9173849,0.0,21.28656
data_track2_recovery/IMG/center_2026_08_31_19_26_42_505.jpg,data_track2_recovery/IMG/left_2026_08_31_19_26_42_505.jpg,data_track2_recovery/IMG/right_2026_08_31_19_26_42_505.jpg,-0.8500001,1.0,0.0,21.6442
data_track2_recovery/IMG/center_2026_08_31_19_26_42_574.jpg,data_track2_recovery/IMG/left_2026_08_31_19_26_42_574.jpg,data_track2_recovery/IMG/right_2026_08_31_19_26_42_574.jpg,-1.0,1.0,0.0,22.18857
data_track2_recovery/IMG/center_2026_08_31_19_26_42_645.jpg,data_track2_recovery/IMG/left_2026_08_31_19_26_42_645.jpg,data_track2_recovery/IMG/right_2026_08_31_19_26_42_645.jpg,-1.0,1.0,0.0,22.66053
data_track2_recovery/IMG/center_2026_08_31_19_26_42_788.jpg,data_track2_recovery/IMG/left_2026_08_31_19_26_42_788.jpg,data_track2_recovery/IMG/right_2026_08_31_19_26_42_788.jpg,0.1,1.0,0.0,23.76714
data_track2_recovery/IMG/center_2026_08_31_19_26_42_856.jpg,data_track2_recovery/IMG/left_2026_08_31_19_26_42_856.jpg,data_track2_recovery/IMG/right_2026_08_31_19_26_42_856.jpg,0.3,1.0,0.0,24.37359
data_track2_recovery/IMG/center_2026_08_31_19_26_42_923.jpg,data_track2_recovery/IMG/left_2026_08_31_19_26_42_923.jpg,data_track2_recovery/IMG/right_2026_08_31_19_26_42_923.jpg,0.45,1.0,0.0,24.79198
data_track2_recovery/IMG/center_2026_08_31_19_26_42_990.jpg,data_track2_recovery/IMG/left_2026_08_31_19_26_42_990.jpg,data_track2_recovery/IMG/right_2026_08_31_19_26_42_990.jpg,0.6000001,1.0,0.0,25.17812
data_track2_recovery/IMG/center_2026_08_31_19_26_43_057.jpg,data_track2_recovery/IMG/left_2026_08_31_19_26_43_057.jpg,data_track2_recovery/IMG/right_2026_08_31_19_26_43_057.jpg,0.8000001,0.764221,0.0,25.53192
data_track2_recovery/IMG/center_2026_08_31_19_26_43_128.jpg,data_track2_recovery/IMG/left_2026_08_31_19_26_43_128.jpg,data_track2_recovery/IMG/right_2026_08_31_19_26_43_128.jpg,0.9500002,0.5836511,0.0,25.60003
data_track2_recovery/IMG/center_2026_08_31_19_26_43_199.jpg,data_track2_recovery/IMG/left_2026_08_31_19_26_43_199.jpg,data_track2_recovery/IMG/right_2026_08_31_19_26_43_199.jpg,1.0,0.6901841,0.0,25.58056
data_track2_recovery/IMG/center_2026_08_31_19_26_43_268.jpg,data_track2_recovery/IMG/left_2026_08_31_19_26_43_268.jpg,data_track2_recovery/IMG/right_2026_08_31_19_26_43_268.jpg,1.0,0.8626212,0.0,25.78437
data_track2_recovery/IMG/center_2026_08_31_19_26_43_409.jpg,data_track2_recovery/IMG/left_2026_08_31_19_26_43_409.jpg,data_track2_recovery/IMG/right_2026_08_31_19_26_43_409.jpg,-0.15,1.0,0.0,26.77835
data_track2_recovery/IMG/center_2026_08_31_19_26_43_481.jpg,data_track2_recovery/IMG/left_2026_08_31_19_26_43_481.jpg,data_track2_recovery/IMG/right_2026_08_31_19_26_43_481.jpg,-0.35,1.0,0.0,27.32177
data_track2_recovery/IMG/center_2026_08_31_19_26_43_548.jpg,data_track2_recovery/IMG/left_2026_08_31_19_26_43_548.jpg,data_track2_recovery/IMG/right_2026_08_31_19_26_43_548.jpg,-0.5000001,1.0,0.0,27.69196
data_track2_recovery/IMG/center_2026_08_31_19_26_43_620.jpg,data_track2_recovery/IMG/left_2026_08_31_19_26_43_620.jpg,data_track2_recovery/IMG/right_2026_08_31_19_26_43_620.jpg,-0.7,1.0,0.0,28.13114
data_track2_recovery/IMG/center_2026_08_31_19_26_43_692.jpg,data_track2_recovery/IMG/left_2026_08_31_19_26_43_692.jpg,data_track2_recovery/IMG/right_2026_08_31_19_26_43_692.jpg,-0.9000002,1.0,0.0,28.50551
data_track2_recovery/IMG/center_2026_08_31_19_26_43_764.jpg,data_track2_recovery/IMG/left_2026_08_31_19_26_43_764.jpg,data_track2_recovery/IMG/right_2026_08_31_19_26_43_764.jpg,-1.0,1.0,0.0,28.74343
data_track2_recovery/IMG/center_2026_08_31_19_26_43_831.jpg,data_track2_recovery/IMG/left_2026_08_31_19_26_43_831.jpg,data_track2_recovery/IMG/right_2026_08_31_19_26_43_831.jpg,-1.0,1.0,0.0,29.08321
data_track2_recovery/IMG/center_2026_08_31_19_26_43_898.jpg,data_track2_recovery/IMG/left_2026_08_31_19_26_43_898.jpg,data_track2_recovery/IMG/right_2026_08_31_19_26_43_898.jpg,-1.0,1.0,0.0,29.37716
data_track2_recovery/IMG/center_2026_08_31_19_26_44_245.jpg,data_track2_recovery/IMG/left_2026_08_31_19_26_44_245.jpg,data_track2_recovery/IMG/right_2026_08_31_19_26_44_245.jpg,-0.1,1.0,0.0,30.1911
data_track2_recovery/IMG/center_2026_08_31_19_26_44_316.jpg,data_track2_recovery/IMG/left_2026_08_31_19_26_44_316.jpg,data_track2_recovery/IMG/right_2026_08_31_19_26_44_316.jpg,-0.3,1.0,0.0,30.17533
data_track2_recovery/IMG/center_2026_08_31_19_26_44_387.jpg,data_track2_recovery/IMG/left_2026_08_31_19_26_44_387.jpg,data_track2_recovery/IMG/right_2026_08_31_19_26_44_387.jpg,-0.45,1.0,0.0,30.15622
data_track2_recovery/IMG/center_2026_08_31_19_26_44_456.jpg,data_track2_recovery/IMG/left_2026_08_31_19_26_44_456.jpg,data_track2_recovery/IMG/right_2026_08_31_19_26_44_456.jpg,-0.6500001,1.0,0.0,30.12999
data_track2_recovery/IMG/center_2026_08_31_19_26_44_526.jpg,data_track2_recovery/IMG/left_2026_08_31_19_26_44_526.jpg,data_track2_recovery/IMG/right_2026_08_31_19_26_44_526.jpg,-0.8000001,1.0,0.0,30.11174
data_track2_recovery/IMG/center_2026_08_31_19_26_44_595.jpg,data_track2_recovery/IMG/left_2026_08_31_19_26_44_595.jpg,data_track2_recovery/IMG/right_2026_08_31_19_26_44_595.jpg,-1.0,1.0,0.0,30.09395
data_track2_recovery/IMG/center_2026_08_31_19_26_44_943.jpg,data_track2_recovery/IMG/left_2026_08_31_19_26_44_943.jpg,data_track2_recovery/IMG/right_2026_08_31_19_26_44_943.jpg,-0.15,1.0,0.0,30.18705
data_track2_recovery/IMG/center_2026_08_31_19_26_45_015.jpg,data_track2_recovery/IMG/left_2026_08_31_19_26_45_015.jpg,data_track2_recovery/IMG/right_2026_08_31_19_26_45_015.jpg,-0.35,1.0,0.0,30.16651
data_track2_recovery/IMG/center_2026_08_31_19_26_45_087.jpg,data_track2_recovery/IMG/left_2026_08_31_19_26_45_087.jpg,data_track2_recovery/IMG/right_2026_08_31_19_26_45_087.jpg,-0.5000001,1.0,0.0,30.14772
data_track2_recovery/IMG/center_2026_08_31_19_26_45_159.jpg,data_track2_recovery/IMG/left_2026_08_31_19_26_45_159.jpg,data_track2_recovery/IMG/right_2026_08_31_19_26_45_159.jpg,-0.7,1.0,0.0,30.12242
data_track2_recovery/IMG/center_2026_08_31_19_26_45_225.jpg,data_track2_recovery/IMG/left_2026_08_31_19_26_45_225.jpg,data_track2_recovery/IMG/right_2026_08_31_19_26_45_225.jpg,-0.8500001,1.0,0.0,30.10612
data_track2_recovery/IMG/center_2026_08_31_19_26_45_366.jpg,data_track2_recovery/IMG/left_2026_08_31_19_26_45_366.jpg,data_track2_recovery/IMG/right_2026_08_31_19_26_45_366.jpg,-0.1,1.0,0.0,30.19206
data_track2_recovery/IMG/center_2026_08_31_19_26_45_435.jpg,data_track2_recovery/IMG/left_2026_08_31_19_26_45_435.jpg,data_track2_recovery/IMG/right_2026_08_31_19_26_45_435.jpg,-0.3,1.0,0.0,30.18543
data_track2_recovery/IMG/center_2026_08_31_19_26_45_505.jpg,data_track2_recovery/IMG/left_2026_08_31_19_26_45_505.jpg,data_track2_recovery/IMG/right_2026_08_31_19_26_45_505.jpg,-0.45,1.0,0.0,30.16544
data_track2_recovery/IMG/center_2026_08_31_19_26_45_710.jpg,data_track2_recovery/IMG/left_2026_08_31_19_26_45_710.jpg,data_track2_recovery/IMG/right_2026_08_31_19_26_45_710.jpg,-0.1,1.0,0.0,30.19109
data_track2_recovery/IMG/center_2026_08_31_19_26_45_777.jpg,data_track2_recovery/IMG/left_2026_08_31_19_26_45_777.jpg,data_track2_recovery/IMG/right_2026_08_31_19_26_45_777.jpg,-0.3,1.0,0.0,30.17565
data_track2_recovery/IMG/center_2026_08_31_19_26_45_847.jpg,data_track2_recovery/IMG/left_2026_08_31_19_26_45_847.jpg,data_track2_recovery/IMG/right_2026_08_31_19_26_45_847.jpg,-0.45,1.0,0.0,30.15661
data_track2_recovery/IMG/center_2026_08_31_19_26_45_914.jpg,data_track2_recovery/IMG/left_2026_08_31_19_26_45_914.jpg,data_track2_recovery/IMG/right_2026_08_31_19_26_45_914.jpg,-0.6500001,1.0,0.0,30.13023
data_track2_recovery/IMG/center_2026_08_31_19_26_45_982.jpg,data_track2_recovery/IMG/left_2026_08_31_19_26_45_982.jpg,data_track2_recovery/IMG/right_2026_08_31_19_26_45_982.jpg,-0.8000001,1.0,0.0,30.11173
data_track2_recovery/IMG/center_2026_08_31_19_26_46_048.jpg,data_track2_recovery/IMG/left_2026_08_31_19_26_46_048.jpg,data_track2_recovery/IMG/right_2026_08_31_19_26_46_048.jpg,-0.9500002,1.0,0.0,30.09793
data_track2_recovery/IMG/center_2026_08_31_19_26_46_529.jpg,data_track2_recovery/IMG/left_2026_08_31_19_26_46_529.jpg,data_track2_recovery/IMG/right_2026_08_31_19_26_46_529.jpg,0.05,1.0,0.0,30.18956
data_track2_recovery/IMG/center_2026_08_31_19_26_46_598.jpg,data_track2_recovery/IMG/left_2026_08_31_19_26_46_598.jpg,data_track2_recovery/IMG/right_2026_08_31_19_26_46_598.jpg,0.25,1.0,0.0,30.17356
data_track2_recovery/IMG/center_2026_08_31_19_26_46_670.jpg,data_track2_recovery/IMG/left_2026_08_31_19_26_46_670.jpg,data_track2_recovery/IMG/right_2026_08_31_19_26_46_670.jpg,0.4,1.0,0.0,30.15671
data_track2_recovery/IMG/center_2026_08_31_19_26_46_740.jpg,data_track2_recovery/IMG/left_2026_08_31_19_26_46_740.jpg,data_track2_recovery/IMG/right_2026_08_31_19_26_46_740.jpg,0.6000001,1.0,0.0,30.13279
data_track2_recovery/IMG/center_2026_08_31_19_26_46_809.jpg,data_track2_recovery/IMG/left_2026_08_31_19_26_46_809.jpg,data_track2_recovery/IMG/right_2026_08_31_19_26_46_809.jpg,0.7500002,1.0,0.0,30.11471
data_track2_recovery/IMG/center_2026_08_31_19_26_47_222.jpg,data_track2_recovery/IMG/left_2026_08_31_19_26_47_222.jpg,data_track2_recovery/IMG/right_2026_08_31_19_26_47_222.jpg,0.1,1.0,0.0,30.18846
data_track2_recovery/IMG/center_2026_08_31_19_26_47_429.jpg,data_track2_recovery/IMG/left_2026_08_31_19_26_47_429.jpg,data_track2_recovery/IMG/right_2026_08_31_19_26_47_429.jpg,0.15,1.0,0.0,30.18502
data_track2_recovery/IMG/center_2026_08_31_19_26_47_498.jpg,data_track2_recovery/IMG/left_2026_08_31_19_26_47_498.jpg,data_track2_recovery/IMG/right_2026_08_31_19_26_47_498.jpg,0.35,1.0,0.0,30.16423
data_track2_recovery/IMG/center_2026_08_31_19_26_47_565.jpg,data_track2_recovery/IMG/left_2026_08_31_19_26_47_565.jpg,data_track2_recovery/IMG/right_2026_08_31_19_26_47_565.jpg,0.5000001,1.0,0.0,30.14597
data_track2_recovery/IMG/center_2026_08_31_19_26_47_701.jpg,data_track2_recovery/IMG/left_2026_08_31_19_26_47_701.jpg,data_track2_recovery/IMG/right_2026_08_31_19_26_47_701.jpg,0.15,1.0,0.0,30.19047
data_track2_recovery/IMG/center_2026_08_31_19_26_47_768.jpg,data_track2_recovery/IMG/left_2026_08_31_19_26_47_768.jpg,data_track2_recovery/IMG/right_2026_08_31_19_26_47_768.jpg,0.3,1.0,0.0,30.17884
data_track2_recovery/IMG/center_2026_08_31_19_26_47_835.jpg,data_track2_recovery/IMG/left_2026_08_31_19_26_47_835.jpg,data_track2_recovery/IMG/right_2026_08_31_19_26_47_835.jpg,0.5000001,1.0,0.0,30.15252
data_track2_recovery/IMG/center_2026_08_31_19_26_47_905.jpg,data_track2_recovery/IMG/left_2026_08_31_19_26_47_905.jpg,data_track2_recovery/IMG/right_2026_08_31_19_26_47_905.jpg,0.6500001,1.0,0.0,30.13201
data_track2_recovery/IMG/center_2026_08_31_19_26_47_974.jpg,data_track2_recovery/IMG/left_2026_08_31_19_26_47_974.jpg,data_track2_recovery/IMG/right_2026_08_31_19_26_47_974.jpg,0.8500001,1.0,0.0,30.10796
data_track2_recovery/IMG/center_2026_08_31_19_26_48_041.jpg,data_track2_recovery/IMG/left_2026_08_31_19_26_48_041.jpg,data_track2_recovery/IMG/right_2026_08_31_19_26_48_041.jpg,1.0,1.0,0.0,30.09449
data_track2_recovery/IMG/center_2026_08_31_19_26_48_525.jpg,data_track2_recovery/IMG/left_2026_08_31_19_26_48_525.jpg,data_track2_recovery/IMG/right_2026_08_31_19_26_48_525.jpg,0.15,1.0,0.0,30.18555
data_track2_recovery/IMG/center_2026_08_31_19_26_48_592.jpg,data_track2_recovery/IMG/left_2026_08_31_19_26_48_592.jpg,data_track2_recovery/IMG/right_2026_08_31_19_26_48_592.jpg,0.35,1.0,0.0,30.16497
data_track2_recovery/IMG/center_2026_08_31_19_26_48_658.jpg,data_track2_recovery/IMG/left_2026_08_31_19_26_48_658.jpg,data_track2_recovery/IMG/right_2026_08_31_19_26_48_658.jpg,0.5000001,1.0,0.0,30.14617
data_track2_recovery/IMG/center_2026_08_31_19_26_48_730.jpg,data_track2_recovery/IMG/left_2026_08_31_19_26_48_730.jpg,data_track2_recovery/IMG/right_2026_08_31_19_26_48_730.jpg,0.6500001,1.0,0.0,30.1275
data_track2_recovery/IMG/center_2026_08_31_19_26_49_216.jpg,data_track2_recovery/IMG/left_2026_08_31_19_26_49_216.jpg,data_track2_recovery/IMG/right_2026_08_31_19_26_49_216.jpg,-0.1,1.0,0.0,30.18739
data_track2_recovery/IMG/center_2026_08_31_19_26_49_287.jpg,data_track2_recovery/IMG/left_2026_08_31_19_26_49_287.jpg,data_track2_recovery/IMG/right_2026_08_31_19_26_49_287.jpg,-0.25,1.0,0.0,30.17441
data_track2_recovery/IMG/center_2026_08_31_19_26_49_498.jpg,data_track2_recovery/IMG/left_2026_08_31_19_26_49_498.jpg,data_track2_recovery/IMG/right_2026_08_31_19_26_49_498.jpg,0.1,1.0,0.0,30.1867
data_track2_recovery/IMG/center_2026_08_31_19_26_49_571.jpg,data_track2_recovery/IMG/left_2026_08_31_19_26_49_571.jpg,data_track2_recovery/IMG/right_2026_08_31_19_26_49_571.jpg,0.3,1.0,0.0,30.1679
data_track2_recovery/IMG/center_2026_08_31_19_27_12_822.jpg,data_track2_recovery/IMG/left_2026_08_31_19_27_12_822.jpg,data_track2_recovery/IMG/right_2026_08_31_19_27_12_822.jpg,0.0,0.875526,0.0,2.877898
data_track2_recovery/IMG/center_2026_08_31_19_27_13_363.jpg,data_track2_recovery/IMG/left_2026_08_31_19_27_13_363.jpg,data_track2_recovery/IMG/right_2026_08_31_19_27_13_363.jpg,0.15,1.0,0.0,8.992495
data_track2_recovery/IMG/center_2026_08_31_19_27_13_430.jpg,data_track2_recovery/IMG/left_2026_08_31_19_27_13_430.jpg,data_track2_recovery/IMG/right_2026_08_31_19_27_13_430.jpg,0.3,1.0,0.0,9.513787
data_track2_recovery/IMG/center_2026_08_31_19_27_13_633.jpg,data_track2_recovery/IMG/left_2026_08_31_19_27_13_633.jpg,data_track2_recovery/IMG/right_2026_08_31_19_27_13_633.jpg,0.15,1.0,0.0,11.53824
data_track2_recovery/IMG/center_2026_08_31_19_27_13_703.jpg,data_track2_recovery/IMG/left_2026_08_31_19_27_13_703.jpg,data_track2_recovery/IMG/right_2026_08_31_19_27_13_703.jpg,0.35,1.0,0.0,12.20651
data_track2_recovery/IMG/center_2026_08_31_19_27_13_772.jpg,data_track2_recovery/IMG/left_2026_08_31_19_27_13_772.jpg,data_track2_recovery/IMG/right_2026_08_31_19_27_13_772.jpg,0.5000001,1.0,0.0,12.64772
data_track2_recovery/IMG/center_2026_08_31_19_27_13_841.jpg,data_track2_recovery/IMG/left_2026_08_31_19_27_13_841.jpg,data_track2_recovery/IMG/right_2026_08_31_19_27_13_841.jpg,0.7,1.0,0.0,13.3516
data_track2_recovery/IMG/center_2026_08_31_19_27_14_042.jpg,data_track2_recovery/IMG/left_2026_08_31_19_27_14_042.jpg,data_track2_recovery/IMG/right_2026_08_31_19_27_14_042.jpg,0.15,1.0,0.0,14.1052
data_track2_recovery/IMG/center_2026_08_31_19_27_14_109.jpg,data_track2_recovery/IMG/left_2026_08_31_19_27_14_109.jpg,data_track2_recovery/IMG/right_2026_08_31_19_27_14_109.jpg,0.3,1.0,0.0,14.49835
data_track2_recovery/IMG/center_2026_08_31_19_27_14_179.jpg,data_track2_recovery/IMG/left_2026_08_31_19_27_14_179.jpg,data_track2_recovery/IMG/right_2026_08_31_19_27_14_179.jpg,0.5000001,1.0,0.0,14.65243
data_track2_recovery/IMG/center_2026_08_31_19_27_14_246.jpg,data_track2_recovery/IMG/left_2026_08_31_19_27_14_246.jpg,data_track2_recovery/IMG/right_2026_08_31_19_27_14_246.jpg,0.6500001,1.0,0.0,15.12695
data_track2_recovery/IMG/center_2026_08_31_19_27_14_314.jpg,data_track2_recovery/IMG/left_2026_08_31_19_27_14_314.jpg,data_track2_recovery/IMG/right_2026_08_31_19_27_14_314.jpg,0.8000001,1.0,0.0,14.96261
data_track2_recovery/IMG/center_2026_08_31_19_27_14_382.jpg,data_track2_recovery/IMG/left_2026_08_31_19_27_14_382.jpg,data_track2_recovery/IMG/right_2026_08_31_19_27_14_382.jpg,1.0,1.0,0.0,15.18312
data_track2_recovery/IMG/center_2026_08_31_19_27_14_521.jpg,data_track2_recovery/IMG/left_2026_08_31_19_27_14_521.jpg,data_track2_recovery/IMG/right_2026_08_31_19_27_14_521.jpg,0.05,1.0,0.0,15.70515
data_track2_recovery/IMG/center_2026_08_31_19_27_14_587.jpg,data_track2_recovery/IMG/left_2026_08_31_19_27_14_587.jpg,data_track2_recovery/IMG/right_2026_08_31_19_27_14_587.jpg,0.2,1.0,0.0,15.85424
data_track2_recovery/IMG/center_2026_08_31_19_27_14_657.jpg,data_track2_recovery/IMG/left_2026_08_31_19_27_14_657.jpg,data_track2_recovery/IMG/right_2026_08_31_19_27_14_657.jpg,0.35,1.0,0.0,16.19981
data_track2_recovery/IMG/center_2026_08_31_19_27_15_204.jpg,data_track2_recovery/IMG/left_2026_08_31_19_27_15_204.jpg,data_track2_recovery/IMG/right_2026_08_31_19_27_15_204.jpg,-0.1,1.0,0.0,19.14011
data_track2_recovery/IMG/center_2026_08_31_19_27_15_272.jpg,data_track2_recovery/IMG/left_2026_08_31_19_27_15_272.jpg,data_track2_recovery/IMG/right_2026_08_31_19_27_15_272.jpg,-0.25,1.0,0.0,19.49962
data_track2_recovery/IMG/center_2026_08_31_19_27_15_612.jpg,data_track2_recovery/IMG/left_2026_08_31_19_27_15_612.jpg,data_track2_recovery/IMG/right_2026_08_31_19_27_15_612.jpg,-0.05,1.0,0.0,20.8516
data_track2_recovery/IMG/center_2026_08_31_19_27_15_680.jpg,data_track2_recovery/IMG/left_2026_08_31_19_27_15_680.jpg,data_track2_recovery/IMG/right_2026_08_31_19_27_15_680.jpg,-0.25,1.0,0.0,21.19793
data_track2_recovery/IMG/center_2026_08_31_19_27_15_747.jpg,data_track2_recovery/IMG/left_2026_08_31_19_27_15_747.jpg,data_track2_recovery/IMG/right_2026_08_31_19_27_15_747.jpg,-0.4,1.0,0.0,21.30545
data_track2_recovery/IMG/center_2026_08_31_19_27_15_814.jpg,data_track2_recovery/IMG/left_2026_08_31_19_27_15_814.jpg,data_track2_recovery/IMG/right_2026_08_31_19_27_15_814.jpg,-0.5500001,1.0,0.0,21.29066
data_track2_recovery/IMG/center_2026_08_31_19_27_16_091.jpg,data_track2_recovery/IMG/left_2026_08_31_19_27_16_091.jpg,data_track2_recovery/IMG/right_2026_08_31_19_27_16_091.jpg,-0.15,1.0,0.0,21.76194
data_track2_recovery/IMG/center_2026_08_31_19_27_16_160.jpg,data_track2_recovery/IMG/left_2026_08_31_19_27_16_160.jpg,data_track2_recovery/IMG/right_2026_08_31_19_27_16_160.jpg,-0.35,1.0,0.0,21.48838
data_track2_recovery/IMG/center_2026_08_31_19_27_16_227.jpg,data_track2_recovery/IMG/left_2026_08_31_19_27_16_227.jpg,data_track2_recovery/IMG/right_2026_08_31_19_27_16_227.jpg,-0.5000001,1.0,0.0,21.37678
data_track2_recovery/IMG/center_2026_08_31_19_27_16_362.jpg,data_track2_recovery/IMG/left_2026_08_31_19_27_16_362.jpg,data_track2_recovery/IMG/right_2026_08_31_19_27_16_362.jpg,0.2,1.0,0.0,22.21156
data_track2_recovery/IMG/center_2026_08_31_19_27_16_429.jpg,data_track2_recovery/IMG/left_2026_08_31_19_27_16_429.jpg,data_track2_recovery/IMG/right_2026_08_31_19_27_16_429.jpg,0.35,1.0,0.0,22.70331
data_track2_recovery/IMG/center_2026_08_31_19_27_16_636.jpg,data_track2_recovery/IMG/left_2026_08_31_19_27_16_636.jpg,data_track2_recovery/IMG/right_2026_08_31_19_27_16_636.jpg,0.1,1.0,0.0,24.45322
data_track2_recovery/IMG/center_2026_08_31_19_27_16_705.jpg,data_track2_recovery/IMG/left_2026_08_31_19_27_16_705.jpg,data_track2_recovery/IMG/right_2026_08_31_19_27_16_705.jpg,0.3,1.0,0.0,25.35713
data_track2_recovery/IMG/center_2026_08_31_19_27_17_045.jpg,data_track2_recovery/IMG/left_2026_08_31_19_27_17_045.jpg,data_track2_recovery/IMG/right_2026_08_31_19_27_17_045.jpg,0.05,1.0,0.0,29.24015
data_track2_recovery/IMG/center_2026_08_31_19_27_17_114.jpg,data_track2_recovery/IMG/left_2026_08_31_19_27_17_114.jpg,data_track2_recovery/IMG/right_2026_08_31_19_27_17_114.jpg,0.2,1.0,0.0,29.74723
data_track2_recovery/IMG/center_2026_08_31_19_27_17_182.jpg,data_track2_recovery/IMG/left_2026_08_31_19_27_17_182.jpg,data_track2_recovery/IMG/right_2026_08_31_19_27_17_182.jpg,0.4,1.0,0.0,30.15862
data_track2_recovery/IMG/center_2026_08_31_19_27_17_249.jpg,data_track2_recovery/IMG/left_2026_08_31_19_27_17_249.jpg,data_track2_recovery/IMG/right_2026_08_31_19_27_17_249.jpg,0.5500001,1.0,0.0,30.13953
data_track2_recovery/IMG/center_2026_08_31_19_27_17_453.jpg,data_track2_recovery/IMG/left_2026_08_31_19_27_17_453.jpg,data_track2_recovery/IMG/right_2026_08_31_19_27_17_453.jpg,0.1,1.0,0.0,30.19119
data_track2_recovery/IMG/center_2026_08_31_19_27_17_520.jpg,data_track2_recovery/IMG/left_2026_08_31_19_27_17_520.jpg,data_track2_recovery/IMG/right_2026_08_31_19_27_17_520.jpg,0.3,1.0,0.0,30.17669
data_track2_recovery/IMG/center_2026_08_31_19_27_17_588.jpg,data_track2_recovery/IMG/left_2026_08_31_19_27_17_588.jpg,data_track2_recovery/IMG/right_2026_08_31_19_27_17_588.jpg,0.45,1.0,0.0,30.15746
data_track2_recovery/IMG/center_2026_08_31_19_27_17_655.jpg,data_track2_recovery/IMG/left_2026_08_31_19_27_17_655.jpg,data_track2_recovery/IMG/right_2026_08_31_19_27_17_655.jpg,0.6000001,1.0,0.0,30.13749
data_track2_recovery/IMG/center_2026_08_31_19_27_17_724.jpg,data_track2_recovery/IMG/left_2026_08_31_19_27_17_724.jpg,data_track2_recovery/IMG/right_2026_08_31_19_27_17_724.jpg,0.8000001,1.0,0.0,30.11226
data_track2_recovery/IMG/center_2026_08_31_19_27_17_792.jpg,data_track2_recovery/IMG/left_2026_08_31_19_27_17_792.jpg,data_track2_recovery/IMG/right_2026_08_31_19_27_17_792.jpg,0.9500002,1.0,0.0,30.09785
data_track2_recovery/IMG/center_2026_08_31_19_27_17_860.jpg,data_track2_recovery/IMG/left_2026_08_31_19_27_17_860.jpg,data_track2_recovery/IMG/right_2026_08_31_19_27_17_860.jpg,1.0,1.0,0.0,30.10792
data_track2_recovery/IMG/center_2026_08_31_19_27_18_197.jpg,data_track2_recovery/IMG/left_2026_08_31_19_27_18_197.jpg,data_track2_recovery/IMG/right_2026_08_31_19_27_18_197.jpg,0.05,1.0,0.0,30.19051
data_track2_recovery/IMG/center_2026_08_31_19_27_18_266.jpg,data_track2_recovery/IMG/left_2026_08_31_19_27_18_266.jpg,data_track2_recovery/IMG/right_2026_08_31_19_27_18_266.jpg,0.25,1.0,0.0,30.18073
data_track2_recovery/IMG/center_2026_08_31_19_27_18_674.jpg,data_track2_recovery/IMG/left_2026_08_31_19_27_18_674.jpg,data_track2_recovery/IMG/right_2026_08_31_19_27_18_674.jpg,0.05,1.0,0.0,30.18977
data_track2_recovery/IMG/center_2026_08_31_19_27_18_742.jpg,data_track2_recovery/IMG/left_2026_08_31_19_27_18_742.jpg,data_track2_recovery/IMG/right_2026_08_31_19_27_18_742.jpg,0.25,1.0,0.0,30.17507
data_track2_recovery/IMG/center_2026_08_31_19_27_19_220.jpg,data_track2_recovery/IMG/left_2026_08_31_19_27_19_220.jpg,data_track2_recovery/IMG/right_2026_08_31_19_27_19_220.jpg,0.15,1.0,0.0,30.18449
data_track2_recovery/IMG/center_2026_08_31_19_27_19_288.jpg,data_track2_recovery/IMG/left_2026_08_31_19_27_19_288.jpg,data_track2_recovery/IMG/right_2026_08_31_19_27_19_288.jpg,0.3,1.0,0.0,30.16945
data_track2_recovery/IMG/center_2026_08_31_19_27_19_355.jpg,data_track2_recovery/IMG/left_2026_08_31_19_27_19_355.jpg,data_track2_recovery/IMG/right_2026_08_31_19_27_19_355.jpg,0.45,1.0,0.0,30.15176
data_track2_recovery/IMG/center_2026_08_31_19_27_19_625.jpg,data_track2_recovery/IMG/left_2026_08_31_19_27_19_625.jpg,data_track2_recovery/IMG/right_2026_08_31_19_27_19_625.jpg,0.15,1.0,0.0,30.18597
data_track2_recovery/IMG/center_2026_08_31_19_27_19_694.jpg,data_track2_recovery/IMG/left_2026_08_31_19_27_19_694.jpg,data_track2_recovery/IMG/right_2026_08_31_19_27_19_694.jpg,0.3,1.0,0.0,30.17123
data_track2_recovery/IMG/center_2026_08_31_19_27_19_964.jpg,data_track2_recovery/IMG/left_2026_08_31_19_27_19_964.jpg,data_track2_recovery/IMG/right_2026_08_31_19_27_19_964.jpg,0.2,1.0,0.0,30.18365
data_track2_recovery/IMG/center_2026_08_31_19_27_20_033.jpg,data_track2_recovery/IMG/left_2026_08_31_19_27_20_033.jpg,data_track2_recovery/IMG/right_2026_08_31_19_27_20_033.jpg,0.35,1.0,0.0,30.16702
data_track2_recovery/IMG/center_2026_08_31_19_27_20_100.jpg,data_track2_recovery/IMG/left_2026_08_31_19_27_20_100.jpg,data_track2_recovery/IMG/right_2026_08_31_19_27_20_100.jpg,0.5500001,1.0,0.0,30.14178
data_track2_recovery/IMG/center_2026_08_31_19_27_20_167.jpg,data_track2_recovery/IMG/left_2026_08_31_19_27_20_167.jpg,data_track2_recovery/IMG/right_2026_08_31_19_27_20_167.jpg,0.7,1.0,0.0,30.12275
data_track2_recovery/IMG/center_2026_08_31_19_27_20_234.jpg,data_track2_recovery/IMG/left_2026_08_31_19_27_20_234.jpg,data_track2_recovery/IMG/right_2026_08_31_19_27_20_234.jpg,0.8500001,1.0,0.0,30.10639
data_track2_recovery/IMG/center_2026_08_31_19_27_20_440.jpg,data_track2_recovery/IMG/left_2026_08_31_19_27_20_440.jpg,data_track2_recovery/IMG/right_2026_08_31_19_27_20_440.jpg,0.2,1.0,0.0,30.18838
data_track2_recovery/IMG/center_2026_08_31_19_27_20_923.jpg,data_track2_recovery/IMG/left_2026_08_31_19_27_20_923.jpg,data_track2_recovery/IMG/right_2026_08_31_19_27_20_923.jpg,-0.05,1.0,0.0,30.18981
data_track2_recovery/IMG/center_2026_08_31_19_27_20_989.jpg,data_track2_recovery/IMG/left_2026_08_31_19_27_20_989.jpg,data_track2_recovery/IMG/right_2026_08_31_19_27_20_989.jpg,-0.2,1.0,0.0,30.17988
data_track2_recovery/IMG/center_2026_08_31_19_27_21_939.jpg,data_track2_recovery/IMG/left_2026_08_31_19_27_21_939.jpg,data_track2_recovery/IMG/right_2026_08_31_19_27_21_939.jpg,0.2,1.0,0.0,30.18587
data_track2_recovery/IMG/center_2026_08_31_19_27_22_008.jpg,data_track2_recovery/IMG/left_2026_08_31_19_27_22_008.jpg,data_track2_recovery/IMG/right_2026_08_31_19_27_22_008.jpg,0.35,1.0,0.0,30.21762
data_track2_recovery/IMG/center_2026_08_31_19_27_22_076.jpg,data_track2_recovery/IMG/left_2026_08_31_19_27_22_076.jpg,data_track2_recovery/IMG/right_2026_08_31_19_27_22_076.jpg,0.5000001,1.0,0.0,29.9981
data_track2_recovery/IMG/center_2026_08_31_19_27_22_143.jpg,data_track2_recovery/IMG/left_2026_08_31_19_27_22_143.jpg,data_track2_recovery/IMG/right_2026_08_31_19_27_22_143.jpg,0.0,1.0,0.0,30.13437
data_track2_recovery/IMG/center_2026_08_31_19_27_22_348.jpg,data_track2_recovery/IMG/left_2026_08_31_19_27_22_348.jpg,data_track2_recovery/IMG/right_2026_08_31_19_27_22_348.jpg,0.15,1.0,0.0,30.13763
data_track2_recovery/IMG/center_2026_08_31_19_27_22_620.jpg,data_track2_recovery/IMG/left_2026_08_31_19_27_22_620.jpg,data_track2_recovery/IMG/right_2026_08_31_19_27_22_620.jpg,0.1,1.0,0.0,29.89361
data_track2_recovery/IMG/center_2026_08_31_19_27_22_686.jpg,data_track2_recovery/IMG/left_2026_08_31_19_27_22_686.jpg,data_track2_recovery/IMG/right_2026_08_31_19_27_22_686.jpg,0.25,1.0,0.0,30.09739
data_track2_recovery/IMG/center_2026_08_31_19_27_22_753.jpg,data_track2_recovery/IMG/left_2026_08_31_19_27_22_753.jpg,data_track2_recovery/IMG/right_2026_08_31_19_27_22_753.jpg,0.4,1.0,0.0,29.90398
data_track2_recovery/IMG/center_2026_08_31_19_27_22_821.jpg,data_track2_recovery/IMG/left_2026_08_31_19_27_22_821.jpg,data_track2_recovery/IMG/right_2026_08_31_19_27_22_821.jpg,0.6000001,1.0,0.0,29.85715
data_track2_recovery/IMG/center_2026_08_31_19_27_23_028.jpg,data_track2_recovery/IMG/left_2026_08_31_19_27_23_028.jpg,data_track2_recovery/IMG/right_2026_08_31_19_27_23_028.jpg,0.15,0.873247,0.0,30.05368
data_track2_recovery/IMG/center_2026_08_31_19_27_23_094.jpg,data_track2_recovery/IMG/left_2026_08_31_19_27_23_094.jpg,data_track2_recovery/IMG/right_2026_08_31_19_27_23_094.jpg,0.3,0.697474,0.0,30.04168
data_track2_recovery/IMG/center_2026_08_31_19_27_23_228.jpg,data_track2_recovery/IMG/left_2026_08_31_19_27_23_228.jpg,data_track2_recovery/IMG/right_2026_08_31_19_27_23_228.jpg,0.05,0.802495,0.0,29.86436
data_track2_recovery/IMG/center_2026_08_31_19_27_23_296.jpg,data_track2_recovery/IMG/left_2026_08_31_19_27_23_296.jpg,data_track2_recovery/IMG/right_2026_08_31_19_27_23_296.jpg,0.2,0.9798248,0.0,30.08677
data_track2_recovery/IMG/center_2026_08_31_19_27_23_367.jpg,data_track2_recovery/IMG/left_2026_08_31_19_27_23_367.jpg,data_track2_recovery/IMG/right_2026_08_31_19_27_23_367.jpg,0.4,1.0,0.0,30.08243
data_track2_recovery/IMG/center_2026_08_31_19_27_23_437.jpg,data_track2_recovery/IMG/left_2026_08_31_19_27_23_437.jpg,data_track2_recovery/IMG/right_2026_08_31_19_27_23_437.jpg,0.5500001,1.0,0.0,30.07071
data_track2_recovery/IMG/center_2026_08_31_19_27_23_508.jpg,data_track2_recovery/IMG/left_2026_08_31_19_27_23_508.jpg,data_track2_recovery/IMG/right_2026_08_31_19_27_23_508.jpg,0.7500002,1.0,0.0,30.04351
data_track2_recovery/IMG/center_2026_08_31_19_27_23_575.jpg,data_track2_recovery/IMG/left_2026_08_31_19_27_23_575.jpg,data_track2_recovery/IMG/right_2026_08_31_19_27_23_575.jpg,0.9000002,0.8431298,0.0,30.04985
data_track2_recovery/IMG/center_2026_08_31_19_27_23_642.jpg,data_track2_recovery/IMG/left_2026_08_31_19_27_23_642.jpg,data_track2_recovery/IMG/right_2026_08_31_19_27_23_642.jpg,1.0,0.599224,0.0,29.8447
data_track2_recovery/IMG/center_2026_08_31_19_27_23_709.jpg,data_track2_recovery/IMG/left_2026_08_31_19_27_23_709.jpg,data_track2_recovery/IMG/right_2026_08_31_19_27_23_709.jpg,1.0,0.4935006,0.0,29.69923
data_track2_recovery/IMG/center_2026_08_31_19_27_23_776.jpg,data_track2_recovery/IMG/left_2026_08_31_19_27_23_776.jpg,data_track2_recovery/IMG/right_2026_08_31_19_27_23_776.jpg,1.0,0.6764616,0.0,29.55028
data_track2_recovery/IMG/center_2026_08_31_19_27_23_847.jpg,data_track2_recovery/IMG/left_2026_08_31_19_27_23_847.jpg,data_track2_recovery/IMG/right_2026_08_31_19_27_23_847.jpg,0.0,0.9200737,0.0,29.61978
data_track2_recovery/IMG/center_2026_08_31_19_27_24_057.jpg,data_track2_recovery/IMG/left_2026_08_31_19_27_24_057.jpg,data_track2_recovery/IMG/right_2026_08_31_19_27_24_057.jpg,0.05,1.0,0.0,30.12805
data_track2_recovery/IMG/center_2026_08_31_19_27_24_123.jpg,data_track2_recovery/IMG/left_2026_08_31_19_27_24_123.jpg,data_track2_recovery/IMG/right_2026_08_31_19_27_24_123.jpg,0.25,1.0,0.0,30.13501
data_track2_recovery/IMG/center_2026_08_31_19_27_24_190.jpg,data_track2_recovery/IMG/left_2026_08_31_19_27_24_190.jpg,data_track2_recovery/IMG/right_2026_08_31_19_27_24_190.jpg,0.4,1.0,0.0,30.27189
data_track2_recovery/IMG/center_2026_08_31_19_27_24_404.jpg,data_track2_recovery/IMG/left_2026_08_31_19_27_24_404.jpg,data_track2_recovery/IMG/right_2026_08_31_19_27_24_404.jpg,0.0,1.0,0.0,30.2053
data_track2_recovery/IMG/center_2026_08_31_19_27_24_547.jpg,data_track2_recovery/IMG/left_2026_08_31_19_27_24_547.jpg,data_track2_recovery/IMG/right_2026_08_31_19_27_24_547.jpg,0.15,1.0,0.0,30.09151
data_track2_recovery/IMG/center_2026_08_31_19_27_24_620.jpg,data_track2_recovery/IMG/left_2026_08_31_19_27_24_620.jpg,data_track2_recovery/IMG/right_2026_08_31_19_27_24_620.jpg,0.35,1.0,0.0,29.97391
data_track2_recovery/IMG/center_2026_08_31_19_27_24_687.jpg,data_track2_recovery/IMG/left_2026_08_31_19_27_24_687.jpg,data_track2_recovery/IMG/right_2026_08_31_19_27_24_687.jpg,0.5000001,1.0,0.0,30.04231
data_track2_recovery/IMG/center_2026_08_31_19_27_24_760.jpg,data_track2_recovery/IMG/left_2026_08_31_19_27_24_760.jpg,data_track2_recovery/IMG/right_2026_08_31_19_27_24_760.jpg,0.7,1.0,0.0,30.21512
data_track2_recovery/IMG/center_2026_08_31_19_27_24_832.jpg,data_track2_recovery/IMG/left_2026_08_31_19_27_24_832.jpg,data_track2_recovery/IMG/right_2026_08_31_19_27_24_832.jpg,0.8500001,1.0,0.0,29.84901
data_track2_recovery/IMG/center_2026_08_31_19_27_24_904.jpg,data_track2_recovery/IMG/left_2026_08_31_19_27_24_904.jpg,data_track2_recovery/IMG/right_2026_08_31_19_27_24_904.jpg,1.0,1.0,0.0,29.88592
data_track2_recovery/IMG/center_2026_08_31_19_27_24_971.jpg,data_track2_recovery/IMG/left_2026_08_31_19_27_24_971.jpg,data_track2_recovery/IMG/right_2026_08_31_19_27_24_971.jpg,1.0,1.0,0.0,29.72271
data_track2_recovery/IMG/center_2026_08_31_19_27_25_604.jpg,data_track2_recovery/IMG/left_2026_08_31_19_27_25_604.jpg,data_track2_recovery/IMG/right_2026_08_31_19_27_25_604.jpg,0.0,1.0,0.0,30.13503
data_track2_recovery/IMG/center_2026_08_31_19_27_25_745.jpg,data_track2_recovery/IMG/left_2026_08_31_19_27_25_745.jpg,data_track2_recovery/IMG/right_2026_08_31_19_27_25_745.jpg,0.1,1.0,0.0,30.00187
data_track2_recovery/IMG/center_2026_08_31_19_27_25_814.jpg,data_track2_recovery/IMG/left_2026_08_31_19_27_25_814.jpg,data_track2_recovery/IMG/right_2026_08_31_19_27_25_814.jpg,0.25,1.0,0.0,30.16929
data_track2_recovery/IMG/center_2026_08_31_19_27_25_955.jpg,data_track2_recovery/IMG/left_2026_08_31_19_27_25_955.jpg,data_track2_recovery/IMG/right_2026_08_31_19_27_25_955.jpg,0.0,1.0,0.0,30.03897
data_track2_recovery/IMG/center_2026_08_31_19_27_26_022.jpg,data_track2_recovery/IMG/left_2026_08_31_19_27_26_022.jpg,data_track2_recovery/IMG/right_2026_08_31_19_27_26_022.jpg,0.1,1.0,0.0,30.06691
data_track2_recovery/IMG/center_2026_08_31_19_27_26_089.jpg,data_track2_recovery/IMG/left_2026_08_31_19_27_26_089.jpg,data_track2_recovery/IMG/right_2026_08_31_19_27_26_089.jpg,0.25,1.0,0.0,30.19404
data_track2_recovery/IMG/center_2026_08_31_19_27_26_156.jpg,data_track2_recovery/IMG/left_2026_08_31_19_27_26_156.jpg,data_track2_recovery/IMG/right_2026_08_31_19_27_26_156.jpg,0.4,1.0,0.0,30.09667
data_track2_recovery/IMG/center_2026_08_31_19_27_26_224.jpg,data_track2_recovery/IMG/left_2026_08_31_19_27_26_224.jpg,data_track2_recovery/IMG/right_2026_08_31_19_27_26_224.jpg,0.6000001,1.0,0.0,30.12316
data_track2_recovery/IMG/center_2026_08_31_19_27_26_293.jpg,data_track2_recovery/IMG/left_2026_08_31_19_27_26_293.jpg,data_track2_recovery/IMG/right_2026_08_31_19_27_26_293.jpg,0.7500002,1.0,0.0,30.03907
data_track2_recovery/IMG/center_2026_08_31_19_27_26_362.jpg,data_track2_recovery/IMG/left_2026_08_31_19_27_26_362.jpg,data_track2_recovery/IMG/right_2026_08_31_19_27_26_362.jpg,0.9500002,0.7639148,0.0,30.16702
data_track2_recovery/IMG/center_2026_08_31_19_27_26_428.jpg,data_track2_recovery/IMG/left_2026_08_31_19_27_26_428.jpg,data_track2_recovery/IMG/right_2026_08_31_19_27_26_428.jpg,1.0,0.5778489,0.0,30.05964
data_track2_recovery/IMG/center_2026_08_31_19_27_26_500.jpg,data_track2_recovery/IMG/left_2026_08_31_19_27_26_500.jpg,data_track2_recovery/IMG/right_2026_08_31_19_27_26_500.jpg,1.0,0.7425219,0.0,30.01109
data_track2_recovery/IMG/center_2026_08_31_19_27_26_639.jpg,data_track2_recovery/IMG/left_2026_08_31_19_27_26_639.jpg,data_track2_recovery/IMG/right_2026_08_31_19_27_26_639.jpg,0.1,1.0,0.0,30.18921
data_track2_recovery/IMG/center_2026_08_31_19_27_26_915.jpg,data_track2_recovery/IMG/left_2026_08_31_19_27_26_915.jpg,data_track2_recovery/IMG/right_2026_08_31_19_27_26_915.jpg,0.1,1.0,0.0,30.18891
data_track2_recovery/IMG/center_2026_08_31_19_27_26_982.jpg,data_track2_recovery/IMG/left_2026_08_31_19_27_26_982.jpg,data_track2_recovery/IMG/right_2026_08_31_19_27_26_982.jpg,0.3,0.984607,0.0,30.17104
data_track2_recovery/IMG/center_2026_08_31_19_27_27_053.jpg,data_track2_recovery/IMG/left_2026_08_31_19_27_27_053.jpg,data_track2_recovery/IMG/right_2026_08_31_19_27_27_053.jpg,0.45,0.813991,0.0,30.11697
data_track2_recovery/IMG/center_2026_08_31_19_27_27_120.jpg,data_track2_recovery/IMG/left_2026_08_31_19_27_27_120.jpg,data_track2_recovery/IMG/right_2026_08_31_19_27_27_120.jpg,0.6500001,0.5701299,0.0,30.03057
data_track2_recovery/IMG/center_2026_08_31_19_27_27_187.jpg,data_track2_recovery/IMG/left_2026_08_31_19_27_27_187.jpg,data_track2_recovery/IMG/right_2026_08_31_19_27_27_187.jpg,0.8000001,0.3874478,0.0,29.96025
data_track2_recovery/IMG/center_2026_08_31_19_27_27_255.jpg,data_track2_recovery/IMG/left_2026_08_31_19_27_27_255.jpg,data_track2_recovery/IMG/right_2026_08_31_19_27_27_255.jpg,0.9500002,0.2071329,0.0,29.75165
data_track2_recovery/IMG/center_2026_08_31_19_27_27_325.jpg,data_track2_recovery/IMG/left_2026_08_31_19_27_27_325.jpg,data_track2_recovery/IMG/right_2026_08_31_19_27_27_325.jpg,1.0,0.0,0.0,29.26039
data_track2_recovery/IMG/center_2026_08_31_19_27_27_537.jpg,data_track2_recovery/IMG/left_2026_08_31_19_27_27_537.jpg,data_track2_recovery/IMG/right_2026_08_31_19_27_27_537.jpg,0.15,0.0,0.0,28.40181
data_track2_recovery/IMG/center_2026_08_31_19_27_27_605.jpg,data_track2_recovery/IMG/left_2026_08_31_19_27_27_605.jpg,data_track2_recovery/IMG/right_2026_08_31_19_27_27_605.jpg,0.35,0.0,0.0,28.1762
data_track2_recovery/IMG/center_2026_08_31_19_27_27_674.jpg,data_track2_recovery/IMG/left_2026_08_31_19_27_27_674.jpg,data_track2_recovery/IMG/right_2026_08_31_19_27_27_674.jpg,0.5000001,0.05640006,0.0,27.95107
data_track2_recovery/IMG/center_2026_08_31_19_27_27_744.jpg,data_track2_recovery/IMG/left_2026_08_31_19_27_27_744.jpg,data_track2_recovery/IMG/right_2026_08_31_19_27_27_744.jpg,0.7,0.2978818,0.0,27.71243
data_track2_recovery/IMG/center_2026_08_31_19_27_27_813.jpg,data_track2_recovery/IMG/left_2026_08_31_19_27_27_813.jpg,data_track2_recovery/IMG/right_2026_08_31_19_27_27_813.jpg,0.8500001,0.4760789,0.0,27.62064
data_track2_recovery/IMG/center_2026_08_31_19_27_28_089.jpg,data_track2_recovery/IMG/left_2026_08_31_19_27_28_089.jpg,data_track2_recovery/IMG/right_2026_08_31_19_27_28_089.jpg,-0.1,0.0,0.2481508,26.49021
data_track2_recovery/IMG/center_2026_08_31_19_27_28_160.jpg,data_track2_recovery/IMG/left_2026_08_31_19_27_28_160.jpg,data_track2_recovery/IMG/right_2026_08_31_19_27_28_160.jpg,-0.3,0.0,0.4893447,25.01216
data_track2_recovery/IMG/center_2026_08_31_19_27_28_227.jpg,data_track2_recovery/IMG/left_2026_08_31_19_27_28_227.jpg,data_track2_recovery/IMG/right_2026_08_31_19_27_28_227.jpg,-0.45,0.0,0.675018,23.87058
data_track2_recovery/IMG/center_2026_08_31_19_27_28_296.jpg,data_track2_recovery/IMG/left_2026_08_31_19_27_28_296.jpg,data_track2_recovery/IMG/right_2026_08_31_19_27_28_296.jpg,-0.6000001,0.0,0.8477908,22.70492
data_track2_recovery/IMG/center_2026_08_31_19_27_28_365.jpg,data_track2_recovery/IMG/left_2026_08_31_19_27_28_365.jpg,data_track2_recovery/IMG/right_2026_08_31_19_27_28_365.jpg,-0.8000001,0.0,1.0,21.13797
data_track2_recovery/IMG/center_2026_08_31_19_27_28_709.jpg,data_track2_recovery/IMG/left_2026_08_31_19_27_28_709.jpg,data_track2_recovery/IMG/right_2026_08_31_19_27_28_709.jpg,-0.05,0.3667109,0.0,17.1621
data_track2_recovery/IMG/center_2026_08_31_19_27_28_776.jpg,data_track2_recovery/IMG/left_2026_08_31_19_27_28_776.jpg,data_track2_recovery/IMG/right_2026_08_31_19_27_28_776.jpg,-0.2,0.5533648,0.0,17.15654
data_track2_recovery/IMG/center_2026_08_31_19_27_28_846.jpg,data_track2_recovery/IMG/left_2026_08_31_19_27_28_846.jpg,data_track2_recovery/IMG/right_2026_08_31_19_27_28_846.jpg,-0.4,0.7903258,0.0,17.66228
data_track2_recovery/IMG/center_2026_08_31_19_27_28_915.jpg,data_track2_recovery/IMG/left_2026_08_31_19_27_28_915.jpg,data_track2_recovery/IMG/right_2026_08_31_19_27_28_915.jpg,-0.5500001,0.968241,0.0,18.26178
data_track2_recovery/IMG/center_2026_08_31_19_27_28_982.jpg,data_track2_recovery/IMG/left_2026_08_31_19_27_28_982.jpg,data_track2_recovery/IMG/right_2026_08_31_19_27_28_982.jpg,-0.7500002,1.0,0.0,18.90407
data_track2_recovery/IMG/center_2026_08_31_19_27_29_053.jpg,data_track2_recovery/IMG/left_2026_08_31_19_27_29_053.jpg,data_track2_recovery/IMG/right_2026_08_31_19_27_29_053.jpg,-0.9000002,1.0,0.0,19.24442
data_track2_recovery/IMG/center_2026_08_31_19_27_29_123.jpg,data_track2_recovery/IMG/left_2026_08_31_19_27_29_123.jpg,data_track2_recovery/IMG/right_2026_08_31_19_27_29_123.jpg,-1.0,1.0,0.0,19.83024
data_track2_recovery/IMG/center_2026_08_31_19_27_29_193.jpg,data_track2_recovery/IMG/left_2026_08_31_19_27_29_193.jpg,data_track2_recovery/IMG/right_2026_08_31_19_27_29_193.jpg,-1.0,1.0,0.0,20.40169
data_track2_recovery/IMG/center_2026_08_31_19_27_29_262.jpg,data_track2_recovery/IMG/left_2026_08_31_19_27_29_262.jpg,data_track2_recovery/IMG/right_2026_08_31_19_27_29_262.jpg,-1.0,1.0,0.0,21.09113
data_track2_recovery/IMG/center_2026_08_31_19_27_29_331.jpg,data_track2_recovery/IMG/left_2026_08_31_19_27_29_331.jpg,data_track2_recovery/IMG/right_2026_08_31_19_27_29_331.jpg,-1.0,1.0,0.0,21.56634
data_track2_recovery/IMG/center_2026_08_31_19_27_29_398.jpg,data_track2_recovery/IMG/left_2026_08_31_19_27_29_398.jpg,data_track2_recovery/IMG/right_2026_08_31_19_27_29_398.jpg,-1.0,1.0,0.0,22.28931
data_track2_recovery/IMG/center_2026_08_31_19_27_29_601.jpg,data_track2_recovery/IMG/left_2026_08_31_19_27_29_601.jpg,data_track2_recovery/IMG/right_2026_08_31_19_27_29_601.jpg,-0.1,1.0,0.0,24.0055
data_track2_recovery/IMG/center_2026_08_31_19_27_29_671.jpg,data_track2_recovery/IMG/left_2026_08_31_19_27_29_671.jpg,data_track2_recovery/IMG/right_2026_08_31_19_27_29_671.jpg,-0.25,1.0,0.0,24.59258
data_track2_recovery/IMG/center_2026_08_31_19_27_29_739.jpg,data_track2_recovery/IMG/left_2026_08_31_19_27_29_739.jpg,data_track2_recovery/IMG/right_2026_08_31_19_27_29_739.jpg,-0.45,1.0,0.0,25.31578
data_track2_recovery/IMG/center_2026_08_31_19_27_29_810.jpg,data_track2_recovery/IMG/left_2026_08_31_19_27_29_810.jpg,data_track2_recovery/IMG/right_2026_08_31_19_27_29_810.jpg,-0.6000001,1.0,0.0,25.79073
data_track2_recovery/IMG/center_2026_08_31_19_27_29_881.jpg,data_track2_recovery/IMG/left_2026_08_31_19_27_29_881.jpg,data_track2_recovery/IMG/right_2026_08_31_19_27_29_881.jpg,-0.8000001,0.960397,0.0,26.3325
data_track2_recovery/IMG/center_2026_08_31_19_27_29_950.jpg,data_track2_recovery/IMG/left_2026_08_31_19_27_29_950.jpg,data_track2_recovery/IMG/right_2026_08_31_19_27_29_950.jpg,-0.9500002,0.7786001,0.0,26.58969
data_track2_recovery/IMG/center_2026_08_31_19_27_30_017.jpg,data_track2_recovery/IMG/left_2026_08_31_19_27_30_017.jpg,data_track2_recovery/IMG/right_2026_08_31_19_27_30_017.jpg,-1.0,0.607924,0.0,26.6865
data_track2_recovery/IMG/center_2026_08_31_19_27_30_085.jpg,data_track2_recovery/IMG/left_2026_08_31_19_27_30_085.jpg,data_track2_recovery/IMG/right_2026_08_31_19_27_30_085.jpg,-1.0,0.3622029,0.0,26.70089
data_track2_recovery/IMG/center_2026_08_31_19_27_30_155.jpg,data_track2_recovery/IMG/left_2026_08_31_19_27_30_155.jpg,data_track2_recovery/IMG/right_2026_08_31_19_27_30_155.jpg,-1.0,0.2138796,0.0,26.6165
data_track2_recovery/IMG/center_2026_08_31_19_27_30_225.jpg,data_track2_recovery/IMG/left_2026_08_31_19_27_30_225.jpg,data_track2_recovery/IMG/right_2026_08_31_19_27_30_225.jpg,-1.0,0.4558506,0.0,26.58482
data_track2_recovery/IMG/center_2026_08_31_19_27_30_292.jpg,data_track2_recovery/IMG/left_2026_08_31_19_27_30_292.jpg,data_track2_recovery/IMG/right_2026_08_31_19_27_30_292.jpg,-1.0,0.6340927,0.0,26.7242
data_track2_recovery/IMG/center_2026_08_31_19_27_30_504.jpg,data_track2_recovery/IMG/left_2026_08_31_19_27_30_504.jpg,data_track2_recovery/IMG/right_2026_08_31_19_27_30_504.jpg,-0.15,1.0,0.0,28.26654
data_track2_recovery/IMG/center_2026_08_31_19_27_30_571.jpg,data_track2_recovery/IMG/left_2026_08_31_19_27_30_571.jpg,data_track2_recovery/IMG/right_2026_08_31_19_27_30_571.jpg,-0.3,1.0,0.0,28.83191
data_track2_recovery/IMG/center_2026_08_31_19_27_30_640.jpg,data_track2_recovery/IMG/left_2026_08_31_19_27_30_640.jpg,data_track2_recovery/IMG/right_2026_08_31_19_27_30_640.jpg,-0.5000001,1.0,0.0,29.51302
data_track2_recovery/IMG/center_2026_08_31_19_27_31_137.jpg,data_track2_recovery/IMG/left_2026_08_31_19_27_31_137.jpg,data_track2_recovery/IMG/right_2026_08_31_19_27_31_137.jpg,-0.1,1.0,0.0,30.18786
data_track2_recovery/IMG/center_2026_08_31_19_27_31_208.jpg,data_track2_recovery/IMG/left_2026_08_31_19_27_31_208.jpg,data_track2_recovery/IMG/right_2026_08_31_19_27_31_208.jpg,-0.3,1.0,0.0,30.16949
data_track2_recovery/IMG/center_2026_08_31_19_27_31_630.jpg,data_track2_recovery/IMG/left_2026_08_31_19_27_31_630.jpg,data_track2_recovery/IMG/right_2026_08_31_19_27_31_630.jpg,-0.15,1.0,0.0,30.18439
data_track2_recovery/IMG/center_2026_08_31_19_27_31_702.jpg,data_track2_recovery/IMG/left_2026_08_31_19_27_31_702.jpg,data_track2_recovery/IMG/right_2026_08_31_19_27_31_702.jpg,-0.35,1.0,0.0,30.16381
data_track2_recovery/IMG/center_2026_08_31_19_27_31_916.jpg,data_track2_recovery/IMG/left_2026_08_31_19_27_31_916.jpg,data_track2_recovery/IMG/right_2026_08_31_19_27_31_916.jpg,-0.1,1.0,0.0,30.18958
data_track2_recovery/IMG/center_2026_08_31_19_27_31_988.jpg,data_track2_recovery/IMG/left_2026_08_31_19_27_31_988.jpg,data_track2_recovery/IMG/right_2026_08_31_19_27_31_988.jpg,-0.3,1.0,0.0,30.17254
data_track2_recovery/IMG/center_2026_08_31_19_27_32_061.jpg,data_track2_recovery/IMG/left_2026_08_31_19_27_32_061.jpg,data_track2_recovery/IMG/right_2026_08_31_19_27_32_061.jpg,-0.5000001,1.0,0.0,30.14735
data_track2_recovery/IMG/center_2026_08_31_19_27_32_132.jpg,data_track2_recovery/IMG/left_2026_08_31_19_27_32_132.jpg,data_track2_recovery/IMG/right_2026_08_31_19_27_32_132.jpg,-0.6500001,1.0,0.0,30.12875
data_track2_recovery/IMG/center_2026_08_31_19_27_32_204.jpg,data_track2_recovery/IMG/left_2026_08_31_19_27_32_204.jpg,data_track2_recovery/IMG/right_2026_08_31_19_27_32_204.jpg,-0.8500001,1.0,0.0,30.106
data_track2_recovery/IMG/center_2026_08_31_19_27_32_277.jpg,data_track2_recovery/IMG/left_2026_08_31_19_27_32_277.jpg,data_track2_recovery/IMG/right_2026_08_31_19_27_32_277.jpg,-1.0,1.0,0.0,30.09364
data_track2_recovery/IMG/center_2026_08_31_19_27_32_624.jpg,data_track2_recovery/IMG/left_2026_08_31_19_27_32_624.jpg,data_track2_recovery/IMG/right_2026_08_31_19_27_32_624.jpg,-0.15,1.0,0.0,30.1865
data_track2_recovery/IMG/center_2026_08_31_19_27_32_693.jpg,data_track2_recovery/IMG/left_2026_08_31_19_27_32_693.jpg,data_track2_recovery/IMG/right_2026_08_31_19_27_32_693.jpg,-0.3,1.0,0.0,30.17213
data_track2_recovery/IMG/center_2026_08_31_19_27_32_765.jpg,data_track2_recovery/IMG/left_2026_08_31_19_27_32_765.jpg,data_track2_recovery/IMG/right_2026_08_31_19_27_32_765.jpg,-0.5000001,1.0,0.0,30.14717
data_track2_recovery/IMG/center_2026_08_31_19_27_32_837.jpg,data_track2_recovery/IMG/left_2026_08_31_19_27_32_837.jpg,data_track2_recovery/IMG/right_2026_08_31_19_27_32_837.jpg,-0.6500001,1.0,0.0,30.12823
data_track2_recovery/IMG/center_2026_08_31_19_27_32_904.jpg,data_track2_recovery/IMG/left_2026_08_31_19_27_32_904.jpg,data_track2_recovery/IMG/right_2026_08_31_19_27_32_904.jpg,-0.8500001,1.0,0.0,30.10603
data_track2_recovery/IMG/center_2026_08_31_19_27_33_109.jpg,data_track2_recovery/IMG/left_2026_08_31_19_27_33_109.jpg,data_track2_recovery/IMG/right_2026_08_31_19_27_33_109.jpg,-0.05,1.0,0.0,30.19043
data_track2_recovery/IMG/center_2026_08_31_19_27_33_180.jpg,data_track2_recovery/IMG/left_2026_08_31_19_27_33_180.jpg,data_track2_recovery/IMG/right_2026_08_31_19_27_33_180.jpg,-0.25,1.0,0.0,30.18136
data_track2_recovery/IMG/center_2026_08_31_19_27_33_247.jpg,data_track2_recovery/IMG/left_2026_08_31_19_27_33_247.jpg,data_track2_recovery/IMG/right_2026_08_31_19_27_33_247.jpg,-0.4,1.0,0.0,30.1633
data_track2_recovery/IMG/center_2026_08_31_19_27_33_318.jpg,data_track2_recovery/IMG/left_2026_08_31_19_27_33_318.jpg,data_track2_recovery/IMG/right_2026_08_31_19_27_33_318.jpg,-0.6000001,1.0,0.0,30.13663
data_track2_recovery/IMG/center_2026_08_31_19_27_33_387.jpg,data_track2_recovery/IMG/left_2026_08_31_19_27_33_387.jpg,data_track2_recovery/IMG/right_2026_08_31_19_27_33_387.jpg,-0.7500002,1.0,0.0,30.11716
data_track2_recovery/IMG/center_2026_08_31_19_27_33_456.jpg,data_track2_recovery/IMG/left_2026_08_31_19_27_33_456.jpg,data_track2_recovery/IMG/right_2026_08_31_19_27_33_456.jpg,-0.9000002,1.0,0.0,30.10209
data_track2_recovery/IMG/center_2026_08_31_19_27_33_799.jpg,data_track2_recovery/IMG/left_2026_08_31_19_27_33_799.jpg,data_track2_recovery/IMG/right_2026_08_31_19_27_33_799.jpg,-0.15,1.0,0.0,30.18869
data_track2_recovery/IMG/center_2026_08_31_19_27_33_870.jpg,data_track2_recovery/IMG/left_2026_08_31_19_27_33_870.jpg,data_track2_recovery/IMG/right_2026_08_31_19_27_33_870.jpg,-0.3,1.0,0.0,30.17453
data_track2_recovery/IMG/center_2026_08_31_19_27_33_937.jpg,data_track2_recovery/IMG/left_2026_08_31_19_27_33_937.jpg,data_track2_recovery/IMG/right_2026_08_31_19_27_33_937.jpg,-0.45,1.0,0.0,30.15582
data_track2_recovery/IMG/center_2026_08_31_19_27_34_004.jpg,data_track2_recovery/IMG/left_2026_08_31_19_27_34_004.jpg,data_track2_recovery/IMG/right_2026_08_31_19_27_34_004.jpg,-0.6500001,1.0,0.0,30.12957
data_track2_recovery/IMG/center_2026_08_31_19_27_34_074.jpg,data_track2_recovery/IMG/left_2026_08_31_19_27_34_074.jpg,data_track2_recovery/IMG/right_2026_08_31_19_27_34_074.jpg,-0.8000001,1.0,0.0,30.11127
data_track2_recovery/IMG/center_2026_08_31_19_27_34_490.jpg,data_track2_recovery/IMG/left_2026_08_31_19_27_34_490.jpg,data_track2_recovery/IMG/right_2026_08_31_19_27_34_490.jpg,0.1,1.0,0.0,30.18618
data_track2_recovery/IMG/center_2026_08_31_19_27_34_561.jpg,data_track2_recovery/IMG/left_2026_08_31_19_27_34_561.jpg,data_track2_recovery/IMG/right_2026_08_31_19_27_34_561.jpg,0.3,1.0,0.0,30.16724
data_track2_recovery/IMG/center_2026_08_31_19_27_34_628.jpg,data_track2_recovery/IMG/left_2026_08_31_19_27_34_628.jpg,data_track2_recovery/IMG/right_2026_08_31_19_27_34_628.jpg,0.45,1.0,0.0,30.15025
data_track2_recovery/IMG/center_2026_08_31_19_27_34_695.jpg,data_track2_recovery/IMG/left_2026_08_31_19_27_34_695.jpg,data_track2_recovery/IMG/right_2026_08_31_19_27_34_695.jpg,0.6000001,1.0,0.0,30.13229
data_track2_recovery/IMG/center_2026_08_31_19_27_35_378.jpg,data_track2_recovery/IMG/left_2026_08_31_19_27_35_378.jpg,data_track2_recovery/IMG/right_2026_08_31_19_27_35_378.jpg,0.2,1.0,0.0,30.17981
data_track2_recovery/IMG/center_2026_08_31_19_27_35_448.jpg,data_track2_recovery/IMG/left_2026_08_31_19_27_35_448.jpg,data_track2_recovery/IMG/right_2026_08_31_19_27_35_448.jpg,0.35,1.0,0.0,30.16353
data_track2_recovery/IMG/center_2026_08_31_19_27_35_518.jpg,data_track2_recovery/IMG/left_2026_08_31_19_27_35_518.jpg,data_track2_recovery/IMG/right_2026_08_31_19_27_35_518.jpg,0.5000001,1.0,0.0,30.14528
data_track2_recovery/IMG/center_2026_08_31_19_27_35_588.jpg,data_track2_recovery/IMG/left_2026_08_31_19_27_35_588.jpg,data_track2_recovery/IMG/right_2026_08_31_19_27_35_588.jpg,0.7,1.0,0.0,30.12125
data_track2_recovery/IMG/center_2026_08_31_19_27_35_658.jpg,data_track2_recovery/IMG/left_2026_08_31_19_27_35_658.jpg,data_track2_recovery/IMG/right_2026_08_31_19_27_35_658.jpg,0.9000002,1.0,0.0,30.10098
data_track2_recovery/IMG/center_2026_08_31_19_27_35_727.jpg,data_track2_recovery/IMG/left_2026_08_31_19_27_35_727.jpg,data_track2_recovery/IMG/right_2026_08_31_19_27_35_727.jpg,1.0,1.0,0.0,30.09583
data_track2_recovery/IMG/center_2026_08_31_19_27_35_794.jpg,data_track2_recovery/IMG/left_2026_08_31_19_27_35_794.jpg,data_track2_recovery/IMG/right_2026_08_31_19_27_35_794.jpg,1.0,1.0,0.0,30.11115
data_track2_recovery/IMG/center_2026_08_31_19_27_36_482.jpg,data_track2_recovery/IMG/left_2026_08_31_19_27_36_482.jpg,data_track2_recovery/IMG/right_2026_08_31_19_27_36_482.jpg,0.05,1.0,0.0,30.18968
data_track2_recovery/IMG/center_2026_08_31_19_27_36_554.jpg,data_track2_recovery/IMG/left_2026_08_31_19_27_36_554.jpg,data_track2_recovery/IMG/right_2026_08_31_19_27_36_554.jpg,0.2,1.0,0.0,30.17974
data_track2_recovery/IMG/center_2026_08_31_19_27_36_625.jpg,data_track2_recovery/IMG/left_2026_08_31_19_27_36_625.jpg,data_track2_recovery/IMG/right_2026_08_31_19_27_36_625.jpg,0.4,1.0,0.0,30.15733
data_track2_recovery/IMG/center_2026_08_31_19_27_36_696.jpg,data_track2_recovery/IMG/left_2026_08_31_19_27_36_696.jpg,data_track2_recovery/IMG/right_2026_08_31_19_27_36_696.jpg,0.5500001,1.0,0.0,30.13919
data_track2_recovery/IMG/center_2026_08_31_19_27_37_455.jpg,data_track2_recovery/IMG/left_2026_08_31_19_27_37_455.jpg,data_track2_recovery/IMG/right_2026_08_31_19_27_37_455.jpg,0.1,1.0,0.0,30.18764
data_track2_recovery/IMG/center_2026_08_31_19_27_37_526.jpg,data_track2_recovery/IMG/left_2026_08_31_19_27_37_526.jpg,data_track2_recovery/IMG/right_2026_08_31_19_27_37_526.jpg,0.3,1.0,0.0,30.1692
data_track2_recovery/IMG/center_2026_08_31_19_27_37_871.jpg,data_track2_recovery/IMG/left_2026_08_31_19_27_37_871.jpg,data_track2_recovery/IMG/right_2026_08_31_19_27_37_871.jpg,-0.05,1.0,0.0,30.18943
data_track2_recovery/IMG/center_2026_08_31_19_27_37_938.jpg,data_track2_recovery/IMG/left_2026_08_31_19_27_37_938.jpg,data_track2_recovery/IMG/right_2026_08_31_19_27_37_938.jpg,-0.2,1.0,0.0,30.17879
data_track2_recovery/IMG/center_2026_08_31_19_27_38_005.jpg,data_track2_recovery/IMG/left_2026_08_31_19_27_38_005.jpg,data_track2_recovery/IMG/right_2026_08_31_19_27_38_005.jpg,-0.4,1.0,0.0,30.15695
data_track2_recovery/IMG/center_2026_08_31_19_28_15_859.jpg,data_track2_recovery/IMG/left_2026_08_31_19_28_15_859.jpg,data_track2_recovery/IMG/right_2026_08_31_19_28_15_859.jpg,0.0,1.0,0.0,4.1581
data_track2_recovery/IMG/center_2026_08_31_19_28_16_677.jpg,data_track2_recovery/IMG/left_2026_08_31_19_28_16_677.jpg,data_track2_recovery/IMG/right_2026_08_31_19_28_16_677.jpg,0.0,1.0,0.0,13.03271
data_track2_recovery/IMG/center_2026_08_31_19_28_16_744.jpg,data_track2_recovery/IMG/left_2026_08_31_19_28_16_744.jpg,data_track2_recovery/IMG/right_2026_08_31_19_28_16_744.jpg,0.15,1.0,0.0,14.15645
data_track2_recovery/IMG/center_2026_08_31_19_28_16_813.jpg,data_track2_recovery/IMG/left_2026_08_31_19_28_16_813.jpg,data_track2_recovery/IMG/right_2026_08_31_19_28_16_813.jpg,0.3,1.0,0.0,14.59169
data_track2_recovery/IMG/center_2026_08_31_19_28_16_880.jpg,data_track2_recovery/IMG/left_2026_08_31_19_28_16_880.jpg,data_track2_recovery/IMG/right_2026_08_31_19_28_16_880.jpg,0.5000001,1.0,0.0,15.41698
data_track2_recovery/IMG/center_2026_08_31_19_28_17_150.jpg,data_track2_recovery/IMG/left_2026_08_31_19_28_17_150.jpg,data_track2_recovery/IMG/right_2026_08_31_19_28_17_150.jpg,0.05,1.0,0.0,17.99963
data_track2_recovery/IMG/center_2026_08_31_19_28_17_220.jpg,data_track2_recovery/IMG/left_2026_08_31_19_28_17_220.jpg,data_track2_recovery/IMG/right_2026_08_31_19_28_17_220.jpg,0.25,1.0,0.0,18.77814
data_track2_recovery/IMG/center_2026_08_31_19_28_17_288.jpg,data_track2_recovery/IMG/left_2026_08_31_19_28_17_288.jpg,data_track2_recovery/IMG/right_2026_08_31_19_28_17_288.jpg,0.4,1.0,0.0,19.40872
data_track2_recovery/IMG/center_2026_08_31_19_28_17_355.jpg,data_track2_recovery/IMG/left_2026_08_31_19_28_17_355.jpg,data_track2_recovery/IMG/right_2026_08_31_19_28_17_355.jpg,0.5500001,1.0,0.0,19.59126
data_track2_recovery/IMG/center_2026_08_31_19_28_17_560.jpg,data_track2_recovery/IMG/left_2026_08_31_19_28_17_560.jpg,data_track2_recovery/IMG/right_2026_08_31_19_28_17_560.jpg,0.15,1.0,0.0,20.4568
data_track2_recovery/IMG/center_2026_08_31_19_28_17_628.jpg,data_track2_recovery/IMG/left_2026_08_31_19_28_17_628.jpg,data_track2_recovery/IMG/right_2026_08_31_19_28_17_628.jpg,0.3,1.0,0.0,20.74411
data_track2_recovery/IMG/center_2026_08_31_19_28_17_696.jpg,data_track2_recovery/IMG/left_2026_08_31_19_28_17_696.jpg,data_track2_recovery/IMG/right_2026_08_31_19_28_17_696.jpg,0.45,1.0,0.0,21.16153
data_track2_recovery/IMG/center_2026_08_31_19_28_17_765.jpg,data_track2_recovery/IMG/left_2026_08_31_19_28_17_765.jpg,data_track2_recovery/IMG/right_2026_08_31_19_28_17_765.jpg,0.6500001,1.0,0.0,21.64289
data_track2_recovery/IMG/center_2026_08_31_19_28_18_925.jpg,data_track2_recovery/IMG/left_2026_08_31_19_28_18_925.jpg,data_track2_recovery/IMG/right_2026_08_31_19_28_18_925.jpg,-0.2,1.0,0.0,25.54845
data_track2_recovery/IMG/center_2026_08_31_19_28_18_994.jpg,data_track2_recovery/IMG/left_2026_08_31_19_28_18_994.jpg,data_track2_recovery/IMG/right_2026_08_31_19_28_18_994.jpg,-0.35,1.0,0.0,25.33655
data_track2_recovery/IMG/center_2026_08_31_19_28_19_336.jpg,data_track2_recovery/IMG/left_2026_08_31_19_28_19_336.jpg,data_track2_recovery/IMG/right_2026_08_31_19_28_19_336.jpg,-0.1,0.244279,0.0,24.86706
data_track2_recovery/IMG/center_2026_08_31_19_28_19_402.jpg,data_track2_recovery/IMG/left_2026_08_31_19_28_19_402.jpg,data_track2_recovery/IMG/right_2026_08_31_19_28_19_402.jpg,-0.3,0.003966689,0.0,24.89743
data_track2_recovery/IMG/center_2026_08_31_19_28_19_536.jpg,data_track2_recovery/IMG/left_2026_08_31_19_28_19_536.jpg,data_track2_recovery/IMG/right_2026_08_31_19_28_19_536.jpg,0.1,0.0,0.0,24.96836
data_track2_recovery/IMG/center_2026_08_31_19_28_19_603.jpg,data_track2_recovery/IMG/left_2026_08_31_19_28_19_603.jpg,data_track2_recovery/IMG/right_2026_08_31_19_28_19_603.jpg,0.3,0.0,0.0,24.95877
data_track2_recovery/IMG/center_2026_08_31_19_28_19_671.jpg,data_track2_recovery/IMG/left_2026_08_31_19_28_19_671.jpg,data_track2_recovery/IMG/right_2026_08_31_19_28_19_671.jpg,0.45,0.02428794,0.0,24.82394
data_track2_recovery/IMG/center_2026_08_31_19_28_19_805.jpg,data_track2_recovery/IMG/left_2026_08_31_19_28_19_805.jpg,data_track2_recovery/IMG/right_2026_08_31_19_28_19_805.jpg,0.1,0.4436971,0.0,24.77465
data_track2_recovery/IMG/center_2026_08_31_19_28_19_874.jpg,data_track2_recovery/IMG/left_2026_08_31_19_28_19_874.jpg,data_track2_recovery/IMG/right_2026_08_31_19_28_19_874.jpg,0.25,0.6234212,0.0,24.96474
data_track2_recovery/IMG/center_2026_08_31_19_28_20_076.jpg,data_track2_recovery/IMG/left_2026_08_31_19_28_20_076.jpg,data_track2_recovery/IMG/right_2026_08_31_19_28_20_076.jpg,0.05,1.0,0.0,26.58093
data_track2_recovery/IMG/center_2026_08_31_19_28_20_145.jpg,data_track2_recovery/IMG/left_2026_08_31_19_28_20_145.jpg,data_track2_recovery/IMG/right_2026_08_31_19_28_20_145.jpg,0.25,1.0,0.0,27.30889
data_track2_recovery/IMG/center_2026_08_31_19_28_20_213.jpg,data_track2_recovery/IMG/left_2026_08_31_19_28_20_213.jpg,data_track2_recovery/IMG/right_2026_08_31_19_28_20_213.jpg,0.4,1.0,0.0,27.80152
data_track2_recovery/IMG/center_2026_08_31_19_28_20_282.jpg,data_track2_recovery/IMG/left_2026_08_31_19_28_20_282.jpg,data_track2_recovery/IMG/right_2026_08_31_19_28_20_282.jpg,0.6000001,1.0,0.0,28.3753
data_track2_recovery/IMG/center_2026_08_31_19_28_20_349.jpg,data_track2_recovery/IMG/left_2026_08_31_19_28_20_349.jpg,data_track2_recovery/IMG/right_2026_08_31_19_28_20_349.jpg,0.7500002,1.0,0.0,28.74174
data_track2_recovery/IMG/center_2026_08_31_19_28_20_416.jpg,data_track2_recovery/IMG/left_2026_08_31_19_28_20_416.jpg,data_track2_recovery/IMG/right_2026_08_31_19_28_20_416.jpg,0.9000002,1.0,0.0,29.05843
data_track2_recovery/IMG/center_2026_08_31_19_28_20_826.jpg,data_track2_recovery/IMG/left_2026_08_31_19_28_20_826.jpg,data_track2_recovery/IMG/right_2026_08_31_19_28_20_826.jpg,0.1,1.0,0.0,30.18914
data_track2_recovery/IMG/center_2026_08_31_19_28_20_893.jpg,data_track2_recovery/IMG/left_2026_08_31_19_28_20_893.jpg,data_track2_recovery/IMG/right_2026_08_31_19_28_20_893.jpg,0.25,1.0,0.0,30.17686
data_track2_recovery/IMG/center_2026_08_31_19_28_20_961.jpg,data_track2_recovery/IMG/left_2026_08_31_19_28_20_961.jpg,data_track2_recovery/IMG/right_2026_08_31_19_28_20_961.jpg,0.45,1.0,0.0,30.15291
data_track2_recovery/IMG/center_2026_08_31_19_28_21_029.jpg,data_track2_recovery/IMG/left_2026_08_31_19_28_21_029.jpg,data_track2_recovery/IMG/right_2026_08_31_19_28_21_029.jpg,0.6000001,1.0,0.0,30.13425
data_track2_recovery/IMG/center_2026_08_31_19_28_21_097.jpg,data_track2_recovery/IMG/left_2026_08_31_19_28_21_097.jpg,data_track2_recovery/IMG/right_2026_08_31_19_28_21_097.jpg,0.7500002,1.0,0.0,30.11529
data_track2_recovery/IMG/center_2026_08_31_19_28_21_165.jpg,data_track2_recovery/IMG/left_2026_08_31_19_28_21_165.jpg,data_track2_recovery/IMG/right_2026_08_31_19_28_21_165.jpg,0.0,1.0,0.0,30.18192
data_track2_recovery/IMG/center_2026_08_31_19_28_21_303.jpg,data_track2_recovery/IMG/left_2026_08_31_19_28_21_303.jpg,data_track2_recovery/IMG/right_2026_08_31_19_28_21_303.jpg,0.1,1.0,0.0,30.19073
data_track2_recovery/IMG/center_2026_08_31_19_28_21_369.jpg,data_track2_recovery/IMG/left_2026_08_31_19_28_21_369.jpg,data_track2_recovery/IMG/right_2026_08_31_19_28_21_369.jpg,0.25,1.0,0.0,30.18025
data_track2_recovery/IMG/center_2026_08_31_19_28_21_439.jpg,data_track2_recovery/IMG/left_2026_08_31_19_28_21_439.jpg,data_track2_recovery/IMG/right_2026_08_31_19_28_21_439.jpg,0.45,1.0,0.0,30.15544
data_track2_recovery/IMG/center_2026_08_31_19_28_21_508.jpg,data_track2_recovery/IMG/left_2026_08_31_19_28_21_508.jpg,data_track2_recovery/IMG/right_2026_08_31_19_28_21_508.jpg,0.6000001,1.0,0.0,30.13618
data_track2_recovery/IMG/center_2026_08_31_19_28_21_577.jpg,data_track2_recovery/IMG/left_2026_08_31_19_28_21_577.jpg,data_track2_recovery/IMG/right_2026_08_31_19_28_21_577.jpg,0.7500002,1.0,0.0,30.11687
data_track2_recovery/IMG/center_2026_08_31_19_28_21_916.jpg,data_track2_recovery/IMG/left_2026_08_31_19_28_21_916.jpg,data_track2_recovery/IMG/right_2026_08_31_19_28_21_916.jpg,0.15,1.0,0.0,30.18677
data_track2_recovery/IMG/center_2026_08_31_19_28_21_986.jpg,data_track2_recovery/IMG/left_2026_08_31_19_28_21_986.jpg,data_track2_recovery/IMG/right_2026_08_31_19_28_21_986.jpg,0.35,1.0,0.0,30.16604
data_track2_recovery/IMG/center_2026_08_31_19_28_22_594.jpg,data_track2_recovery/IMG/left_2026_08_31_19_28_22_594.jpg,data_track2_recovery/IMG/right_2026_08_31_19_28_22_594.jpg,0.15,1.0,0.0,30.18428
data_track2_recovery/IMG/center_2026_08_31_19_28_22_663.jpg,data_track2_recovery/IMG/left_2026_08_31_19_28_22_663.jpg,data_track2_recovery/IMG/right_2026_08_31_19_28_22_663.jpg,0.35,1.0,0.0,30.16343
data_track2_recovery/IMG/center_2026_08_31_19_28_22_864.jpg,data_track2_recovery/IMG/left_2026_08_31_19_28_22_864.jpg,data_track2_recovery/IMG/right_2026_08_31_19_28_22_864.jpg,0.05,1.0,0.0,30.19022
data_track2_recovery/IMG/center_2026_08_31_19_28_22_933.jpg,data_track2_recovery/IMG/left_2026_08_31_19_28_22_933.jpg,data_track2_recovery/IMG/right_2026_08_31_19_28_22_933.jpg,0.2,1.0,0.0,30.18353
data_track2_recovery/IMG/center_2026_08_31_19_28_23_003.jpg,data_track2_recovery/IMG/left_2026_08_31_19_28_23_003.jpg,data_track2_recovery/IMG/right_2026_08_31_19_28_23_003.jpg,0.4,1.0,0.0,30.16076
data_track2_recovery/IMG/center_2026_08_31_19_28_23_072.jpg,data_track2_recovery/IMG/left_2026_08_31_19_28_23_072.jpg,data_track2_recovery/IMG/right_2026_08_31_19_28_23_072.jpg,0.5500001,1.0,0.0,30.14164
data_track2_recovery/IMG/center_2026_08_31_19_28_23_142.jpg,data_track2_recovery/IMG/left_2026_08_31_19_28_23_142.jpg,data_track2_recovery/IMG/right_2026_08_31_19_28_23_142.jpg,0.7500002,1.0,0.0,30.11616
data_track2_recovery/IMG/center_2026_08_31_19_28_23_210.jpg,data_track2_recovery/IMG/left_2026_08_31_19_28_23_210.jpg,data_track2_recovery/IMG/right_2026_08_31_19_28_23_210.jpg,0.9000002,1.0,0.0,30.10147
data_track2_recovery/IMG/center_2026_08_31_19_28_23_415.jpg,data_track2_recovery/IMG/left_2026_08_31_19_28_23_415.jpg,data_track2_recovery/IMG/right_2026_08_31_19_28_23_415.jpg,0.0,1.0,0.0,30.18786
data_track2_recovery/IMG/center_2026_08_31_19_28_24_236.jpg,data_track2_recovery/IMG/left_2026_08_31_19_28_24_236.jpg,data_track2_recovery/IMG/right_2026_08_31_19_28_24_236.jpg,-0.1,1.0,0.0,30.18774
data_track2_recovery/IMG/center_2026_08_31_19_28_24_303.jpg,data_track2_recovery/IMG/left_2026_08_31_19_28_24_303.jpg,data_track2_recovery/IMG/right_2026_08_31_19_28_24_303.jpg,-0.3,1.0,0.0,30.16939
data_track2_recovery/IMG/center_2026_08_31_19_28_24_372.jpg,data_track2_recovery/IMG/left_2026_08_31_19_28_24_372.jpg,data_track2_recovery/IMG/right_2026_08_31_19_28_24_372.jpg,-0.45,1.0,0.0,30.15162
data_track2_recovery/IMG/center_2026_08_31_19_28_24_509.jpg,data_track2_recovery/IMG/left_2026_08_31_19_28_24_509.jpg,data_track2_recovery/IMG/right_2026_08_31_19_28_24_509.jpg,0.0,1.0,0.0,30.18885
data_track2_recovery/IMG/center_2026_08_31_19_28_24_991.jpg,data_track2_recovery/IMG/left_2026_08_31_19_28_24_991.jpg,data_track2_recovery/IMG/right_2026_08_31_19_28_24_991.jpg,0.15,1.0,0.0,30.14048
data_track2_recovery/IMG/center_2026_08_31_19_28_25_058.jpg,data_track2_recovery/IMG/left_2026_08_31_19_28_25_058.jpg,data_track2_recovery/IMG/right_2026_08_31_19_28_25_058.jpg,0.35,1.0,0.0,30.15506
data_track2_recovery/IMG/center_2026_08_31_19_28_25_194.jpg,data_track2_recovery/IMG/left_2026_08_31_19_28_25_194.jpg,data_track2_recovery/IMG/right_2026_08_31_19_28_25_194.jpg,0.15,1.0,0.0,29.97245
data_track2_recovery/IMG/center_2026_08_31_19_28_25_261.jpg,data_track2_recovery/IMG/left_2026_08_31_19_28_25_261.jpg,data_track2_recovery/IMG/right_2026_08_31_19_28_25_261.jpg,0.35,1.0,0.0,30.13297
data_track2_recovery/IMG/center_2026_08_31_19_28_25_329.jpg,data_track2_recovery/IMG/left_2026_08_31_19_28_25_329.jpg,data_track2_recovery/IMG/right_2026_08_31_19_28_25_329.jpg,0.5000001,1.0,0.0,29.70452
data_track2_recovery/IMG/center_2026_08_31_19_28_25_599.jpg,data_track2_recovery/IMG/left_2026_08_31_19_28_25_599.jpg,data_track2_recovery/IMG/right_2026_08_31_19_28_25_599.jpg,0.1,1.0,0.0,30.05145
data_track2_recovery/IMG/center_2026_08_31_19_28_25_665.jpg,data_track2_recovery/IMG/left_2026_08_31_19_28_25_665.jpg,data_track2_recovery/IMG/right_2026_08_31_19_28_25_665.jpg,0.25,1.0,0.0,30.10083
data_track2_recovery/IMG/center_2026_08_31_19_28_25_938.jpg,data_track2_recovery/IMG/left_2026_08_31_19_28_25_938.jpg,data_track2_recovery/IMG/right_2026_08_31_19_28_25_938.jpg,0.2,1.0,0.0,29.96274
data_track2_recovery/IMG/center_2026_08_31_19_28_26_006.jpg,data_track2_recovery/IMG/left_2026_08_31_19_28_26_006.jpg,data_track2_recovery/IMG/right_2026_08_31_19_28_26_006.jpg,0.35,0.8941121,0.0,30.06255
data_track2_recovery/IMG/center_2026_08_31_19_28_26_074.jpg,data_track2_recovery/IMG/left_2026_08_31_19_28_26_074.jpg,data_track2_recovery/IMG/right_2026_08_31_19_28_26_074.jpg,0.5000001,0.712312,0.0,29.94378
data_track2_recovery/IMG/center_2026_08_31_19_28_26_142.jpg,data_track2_recovery/IMG/left_2026_08_31_19_28_26_142.jpg,data_track2_recovery/IMG/right_2026_08_31_19_28_26_142.jpg,0.7,0.4776791,0.0,29.69552
data_track2_recovery/IMG/center_2026_08_31_19_28_26_349.jpg,data_track2_recovery/IMG/left_2026_08_31_19_28_26_349.jpg,data_track2_recovery/IMG/right_2026_08_31_19_28_26_349.jpg,0.05,1.0,0.0,29.64251
data_track2_recovery/IMG/center_2026_08_31_19_28_26_416.jpg,data_track2_recovery/IMG/left_2026_08_31_19_28_26_416.jpg,data_track2_recovery/IMG/right_2026_08_31_19_28_26_416.jpg,0.2,1.0,0.0,29.9318
data_track2_recovery/IMG/center_2026_08_31_19_28_26_484.jpg,data_track2_recovery/IMG/left_2026_08_31_19_28_26_484.jpg,data_track2_recovery/IMG/right_2026_08_31_19_28_26_484.jpg,0.4,1.0,0.0,30.06481
data_track2_recovery/IMG/center_2026_08_31_19_28_26_551.jpg,data_track2_recovery/IMG/left_2026_08_31_19_28_26_551.jpg,data_track2_recovery/IMG/right_2026_08_31_19_28_26_551.jpg,0.5500001,1.0,0.0,30.04463
data_track2_recovery/IMG/center_2026_08_31_19_28_26_622.jpg,data_track2_recovery/IMG/left_2026_08_31_19_28_26_622.jpg,data_track2_recovery/IMG/right_2026_08_31_19_28_26_622.jpg,0.7500002,1.0,0.0,30.02621
data_track2_recovery/IMG/center_2026_08_31_19_28_26_689.jpg,data_track2_recovery/IMG/left_2026_08_31_19_28_26_689.jpg,data_track2_recovery/IMG/right_2026_08_31_19_28_26_689.jpg,0.9000002,1.0,0.0,30.036
data_track2_recovery/IMG/center_2026_08_31_19_28_26_759.jpg,data_track2_recovery/IMG/left_2026_08_31_19_28_26_759.jpg,data_track2_recovery/IMG/right_2026_08_31_19_28_26_759.jpg,1.0,0.7759751,0.0,29.93682
data_track2_recovery/IMG/center_2026_08_31_19_28_26_825.jpg,data_track2_recovery/IMG/left_2026_08_31_19_28_26_825.jpg,data_track2_recovery/IMG/right_2026_08_31_19_28_26_825.jpg,1.0,0.592576,0.0,29.91017
data_track2_recovery/IMG/center_2026_08_31_19_28_26_893.jpg,data_track2_recovery/IMG/left_2026_08_31_19_28_26_893.jpg,data_track2_recovery/IMG/right_2026_08_31_19_28_26_893.jpg,1.0,0.4093121,0.0,29.75975
data_track2_recovery/IMG/center_2026_08_31_19_28_27_301.jpg,data_track2_recovery/IMG/left_2026_08_31_19_28_27_301.jpg,data_track2_recovery/IMG/right_2026_08_31_19_28_27_301.jpg,0.1,1.0,0.0,30.13431
data_track2_recovery/IMG/center_2026_08_31_19_28_27_372.jpg,data_track2_recovery/IMG/left_2026_08_31_19_28_27_372.jpg,data_track2_recovery/IMG/right_2026_08_31_19_28_27_372.jpg,0.25,1.0,0.0,30.32644
data_track2_recovery/IMG/center_2026_08_31_19_28_27_443.jpg,data_track2_recovery/IMG/left_2026_08_31_19_28_27_443.jpg,data_track2_recovery/IMG/right_2026_08_31_19_28_27_443.jpg,0.45,1.0,0.0,30.09798
data_track2_recovery/IMG/center_2026_08_31_19_28_27_507.jpg,data_track2_recovery/IMG/left_2026_08_31_19_28_27_507.jpg,data_track2_recovery/IMG/right_2026_08_31_19_28_27_507.jpg,0.6000001,1.0,0.0,30.08728
data_track2_recovery/IMG/center_2026_08_31_19_28_27_860.jpg,data_track2_recovery/IMG/left_2026_08_31_19_28_27_860.jpg,data_track2_recovery/IMG/right_2026_08_31_19_28_27_860.jpg,0.15,1.0,0.0,30.0803
data_track2_recovery/IMG/center_2026_08_31_19_28_27_927.jpg,data_track2_recovery/IMG/left_2026_08_31_19_28_27_927.jpg,data_track2_recovery/IMG/right_2026_08_31_19_28_27_927.jpg,0.3,1.0,0.0,29.88623
data_track2_recovery/IMG/center_2026_08_31_19_28_27_994.jpg,data_track2_recovery/IMG/left_2026_08_31_19_28_27_994.jpg,data_track2_recovery/IMG/right_2026_08_31_19_28_27_994.jpg,0.45,1.0,0.0,29.90199
data_track2_recovery/IMG/center_2026_08_31_19_28_28_067.jpg,data_track2_recovery/IMG/left_2026_08_31_19_28_28_067.jpg,data_track2_recovery/IMG/right_2026_08_31_19_28_28_067.jpg,0.6500001,1.0,0.0,30.01059
data_track2_recovery/IMG/center_2026_08_31_19_28_28_140.jpg,data_track2_recovery/IMG/left_2026_08_31_19_28_28_140.jpg,data_track2_recovery/IMG/right_2026_08_31_19_28_28_140.jpg,0.8500001,1.0,0.0,29.90401
data_track2_recovery/IMG/center_2026_08_31_19_28_28_207.jpg,data_track2_recovery/IMG/left_2026_08_31_19_28_28_207.jpg,data_track2_recovery/IMG/right_2026_08_31_19_28_28_207.jpg,1.0,1.0,0.0,29.87983
data_track2_recovery/IMG/center_2026_08_31_19_28_28_421.jpg,data_track2_recovery/IMG/left_2026_08_31_19_28_28_421.jpg,data_track2_recovery/IMG/right_2026_08_31_19_28_28_421.jpg,0.2,1.0,0.0,30.09383
data_track2_recovery/IMG/center_2026_08_31_19_28_28_489.jpg,data_track2_recovery/IMG/left_2026_08_31_19_28_28_489.jpg,data_track2_recovery/IMG/right_2026_08_31_19_28_28_489.jpg,0.35,1.0,0.0,30.08567
data_track2_recovery/IMG/center_2026_08_31_19_28_28_556.jpg,data_track2_recovery/IMG/left_2026_08_31_19_28_28_556.jpg,data_track2_recovery/IMG/right_2026_08_31_19_28_28_556.jpg,0.5000001,1.0,0.0,29.91512
data_track2_recovery/IMG/center_2026_08_31_19_28_28_696.jpg,data_track2_recovery/IMG/left_2026_08_31_19_28_28_696.jpg,data_track2_recovery/IMG/right_2026_08_31_19_28_28_696.jpg,0.05,1.0,0.0,30.06942
data_track2_recovery/IMG/center_2026_08_31_19_28_28_768.jpg,data_track2_recovery/IMG/left_2026_08_31_19_28_28_768.jpg,data_track2_recovery/IMG/right_2026_08_31_19_28_28_768.jpg,0.25,1.0,0.0,30.05955
data_track2_recovery/IMG/center_2026_08_31_19_28_28_840.jpg,data_track2_recovery/IMG/left_2026_08_31_19_28_28_840.jpg,data_track2_recovery/IMG/right_2026_08_31_19_28_28_840.jpg,0.45,1.0,0.0,30.08887
data_track2_recovery/IMG/center_2026_08_31_19_28_28_911.jpg,data_track2_recovery/IMG/left_2026_08_31_19_28_28_911.jpg,data_track2_recovery/IMG/right_2026_08_31_19_28_28_911.jpg,0.6000001,1.0,0.0,30.03662
data_track2_recovery/IMG/center_2026_08_31_19_28_29_118.jpg,data_track2_recovery/IMG/left_2026_08_31_19_28_29_118.jpg,data_track2_recovery/IMG/right_2026_08_31_19_28_29_118.jpg,0.1,1.0,0.0,30.05685
data_track2_recovery/IMG/center_2026_08_31_19_28_29_187.jpg,data_track2_recovery/IMG/left_2026_08_31_19_28_29_187.jpg,data_track2_recovery/IMG/right_2026_08_31_19_28_29_187.jpg,0.25,1.0,0.0,30.20293
data_track2_recovery/IMG/center_2026_08_31_19_28_29_256.jpg,data_track2_recovery/IMG/left_2026_08_31_19_28_29_256.jpg,data_track2_recovery/IMG/right_2026_08_31_19_28_29_256.jpg,0.4,1.0,0.0,30.14169
data_track2_recovery/IMG/center_2026_08_31_19_28_29_327.jpg,data_track2_recovery/IMG/left_2026_08_31_19_28_29_327.jpg,data_track2_recovery/IMG/right_2026_08_31_19_28_29_327.jpg,0.6000001,1.0,0.0,30.15759
data_track2_recovery/IMG/center_2026_08_31_19_28_29_396.jpg,data_track2_recovery/IMG/left_2026_08_31_19_28_29_396.jpg,data_track2_recovery/IMG/right_2026_08_31_19_28_29_396.jpg,0.7500002,1.0,0.0,30.12719
data_track2_recovery/IMG/center_2026_08_31_19_28_29_881.jpg,data_track2_recovery/IMG/left_2026_08_31_19_28_29_881.jpg,data_track2_recovery/IMG/right_2026_08_31_19_28_29_881.jpg,0.2,0.619651,0.0,30.09442
data_track2_recovery/IMG/center_2026_08_31_19_28_29_950.jpg,data_track2_recovery/IMG/left_2026_08_31_19_28_29_950.jpg,data_track2_recovery/IMG/right_2026_08_31_19_28_29_950.jpg,0.35,0.4402298,0.0,30.03405
data_track2_recovery/IMG/center_2026_08_31_19_28_30_159.jpg,data_track2_recovery/IMG/left_2026_08_31_19_28_30_159.jpg,data_track2_recovery/IMG/right_2026_08_31_19_28_30_159.jpg,0.15,0.9453577,0.0,30.16023
data_track2_recovery/IMG/center_2026_08_31_19_28_30_230.jpg,data_track2_recovery/IMG/left_2026_08_31_19_28_30_230.jpg,data_track2_recovery/IMG/right_2026_08_31_19_28_30_230.jpg,0.3,1.0,0.0,30.17142
data_track2_recovery/IMG/center_2026_08_31_19_28_30_299.jpg,data_track2_recovery/IMG/left_2026_08_31_19_28_30_299.jpg,data_track2_recovery/IMG/right_2026_08_31_19_28_30_299.jpg,0.5000001,0.8074242,0.0,30.11036
data_track2_recovery/IMG/center_2026_08_31_19_28_30_367.jpg,data_track2_recovery/IMG/left_2026_08_31_19_28_30_367.jpg,data_track2_recovery/IMG/right_2026_08_31_19_28_30_367.jpg,0.6500001,0.6295,0.0,30.04733
data_track2_recovery/IMG/center_2026_08_31_19_28_30_439.jpg,data_track2_recovery/IMG/left_2026_08_31_19_28_30_439.jpg,data_track2_recovery/IMG/right_2026_08_31_19_28_30_439.jpg,0.8500001,0.3883033,0.0,29.94368
data_track2_recovery/IMG/center_2026_08_31_19_28_30_505.jpg,data_track2_recovery/IMG/left_2026_08_31_19_28_30_505.jpg,data_track2_recovery/IMG/right_2026_08_31_19_28_30_505.jpg,1.0,0.2014363,0.0,29.71793
data_track2_recovery/IMG/center_2026_08_31_19_28_30_574.jpg,data_track2_recovery/IMG/left_2026_08_31_19_28_30_574.jpg,data_track2_recovery/IMG/right_2026_08_31_19_28_30_574.jpg,1.0,0.02321529,0.0,29.37587
data_track2_recovery/IMG/center_2026_08_31_19_28_30_641.jpg,data_track2_recovery/IMG/left_2026_08_31_19_28_30_641.jpg,data_track2_recovery/IMG/right_2026_08_31_19_28_30_641.jpg,1.0,0.0,0.0,28.88094
data_track2_recovery/IMG/center_2026_08_31_19_28_30_708.jpg,data_track2_recovery/IMG/left_2026_08_31_19_28_30_708.jpg,data_track2_recovery/IMG/right_2026_08_31_19_28_30_708.jpg,1.0,0.0,0.0,28.56034
data_track2_recovery/IMG/center_2026_08_31_19_28_31_120.jpg,data_track2_recovery/IMG/left_2026_08_31_19_28_31_120.jpg,data_track2_recovery/IMG/right_2026_08_31_19_28_31_120.jpg,0.1,0.2667507,0.0,27.28223
data_track2_recovery/IMG/center_2026_08_31_19_28_31_190.jpg,data_track2_recovery/IMG/left_2026_08_31_19_28_31_190.jpg,data_track2_recovery/IMG/right_2026_08_31_19_28_31_190.jpg,0.25,0.09037757,0.0,27.23644
data_track2_recovery/IMG/center_2026_08_31_19_28_31_399.jpg,data_track2_recovery/IMG/left_2026_08_31_19_28_31_399.jpg,data_track2_recovery/IMG/right_2026_08_31_19_28_31_399.jpg,-0.05,0.0,0.0,26.61193
data_track2_recovery/IMG/center_2026_08_31_19_28_31_465.jpg,data_track2_recovery/IMG/left_2026_08_31_19_28_31_465.jpg,data_track2_recovery/IMG/right_2026_08_31_19_28_31_465.jpg,-0.2,0.0,0.0,26.42756
data_track2_recovery/IMG/center_2026_08_31_19_28_31_532.jpg,data_track2_recovery/IMG/left_2026_08_31_19_28_31_532.jpg,data_track2_recovery/IMG/right_2026_08_31_19_28_31_532.jpg,-0.35,0.0,0.0,26.20498
data_track2_recovery/IMG/center_2026_08_31_19_28_31_603.jpg,data_track2_recovery/IMG/left_2026_08_31_19_28_31_603.jpg,data_track2_recovery/IMG/right_2026_08_31_19_28_31_603.jpg,-0.5500001,0.0,0.20937,24.7452
data_track2_recovery/IMG/center_2026_08_31_19_28_31_740.jpg,data_track2_recovery/IMG/left_2026_08_31_19_28_31_740.jpg,data_track2_recovery/IMG/right_2026_08_31_19_28_31_740.jpg,-0.05,0.0,0.0,22.13413
data_track2_recovery/IMG/center_2026_08_31_19_28_31_809.jpg,data_track2_recovery/IMG/left_2026_08_31_19_28_31_809.jpg,data_track2_recovery/IMG/right_2026_08_31_19_28_31_809.jpg,-0.2,0.0,0.0,21.64603
data_track2_recovery/IMG/center_2026_08_31_19_28_31_879.jpg,data_track2_recovery/IMG/left_2026_08_31_19_28_31_879.jpg,data_track2_recovery/IMG/right_2026_08_31_19_28_31_879.jpg,-0.4,0.0,0.0,21.40474
data_track2_recovery/IMG/center_2026_08_31_19_28_31_948.jpg,data_track2_recovery/IMG/left_2026_08_31_19_28_31_948.jpg,data_track2_recovery/IMG/right_2026_08_31_19_28_31_948.jpg,-0.5500001,0.0,0.0,21.46894
data_track2_recovery/IMG/center_2026_08_31_19_28_32_016.jpg,data_track2_recovery/IMG/left_2026_08_31_19_28_32_016.jpg,data_track2_recovery/IMG/right_2026_08_31_19_28_32_016.jpg,-0.7,0.1275212,0.0,20.99084
data_track2_recovery/IMG/center_2026_08_31_19_28_32_086.jpg,data_track2_recovery/IMG/left_2026_08_31_19_28_32_086.jpg,data_track2_recovery/IMG/right_2026_08_31_19_28_32_086.jpg,-0.9000002,0.369642,0.0,20.87693
data_track2_recovery/IMG/center_2026_08_31_19_28_32_156.jpg,data_track2_recovery/IMG/left_2026_08_31_19_28_32_156.jpg,data_track2_recovery/IMG/right_2026_08_31_19_28_32_156.jpg,-1.0,0.5505002,0.0,21.04116
data_track2_recovery/IMG/center_2026_08_31_19_28_32_224.jpg,data_track2_recovery/IMG/left_2026_08_31_19_28_32_224.jpg,data_track2_recovery/IMG/right_2026_08_31_19_28_32_224.jpg,-1.0,0.7375592,0.0,21.31269
data_track2_recovery/IMG/center_2026_08_31_19_28_32_294.jpg,data_track2_recovery/IMG/left_2026_08_31_19_28_32_294.jpg,data_track2_recovery/IMG/right_2026_08_31_19_28_32_294.jpg,-1.0,0.5634152,0.0,21.4594
data_track2_recovery/IMG/center_2026_08_31_19_28_32_361.jpg,data_track2_recovery/IMG/left_2026_08_31_19_28_32_361.jpg,data_track2_recovery/IMG/right_2026_08_31_19_28_32_361.jpg,-1.0,0.3261212,0.0,21.61367
data_track2_recovery/IMG/center_2026_08_31_19_28_32_432.jpg,data_track2_recovery/IMG/left_2026_08_31_19_28_32_432.jpg,data_track2_recovery/IMG/right_2026_08_31_19_28_32_432.jpg,-1.0,0.1403042,0.0,21.74652
data_track2_recovery/IMG/center_2026_08_31_19_28_32_500.jpg,data_track2_recovery/IMG/left_2026_08_31_19_28_32_500.jpg,data_track2_recovery/IMG/right_2026_08_31_19_28_32_500.jpg,-1.0,0.3309782,0.0,21.71032
data_track2_recovery/IMG/center_2026_08_31_19_28_32_570.jpg,data_track2_recovery/IMG/left_2026_08_31_19_28_32_570.jpg,data_track2_recovery/IMG/right_2026_08_31_19_28_32_570.jpg,-1.0,0.5137324,0.0,21.69078
data_track2_recovery/IMG/center_2026_08_31_19_28_32_638.jpg,data_track2_recovery/IMG/left_2026_08_31_19_28_32_638.jpg,data_track2_recovery/IMG/right_2026_08_31_19_28_32_638.jpg,-1.0,0.7462202,0.0,22.08659
data_track2_recovery/IMG/center_2026_08_31_19_28_32_842.jpg,data_track2_recovery/IMG/left_2026_08_31_19_28_32_842.jpg,data_track2_recovery/IMG/right_2026_08_31_19_28_32_842.jpg,-0.15,1.0,0.0,23.77328
data_track2_recovery/IMG/center_2026_08_31_19_28_32_911.jpg,data_track2_recovery/IMG/left_2026_08_31_19_28_32_911.jpg,data_track2_recovery/IMG/right_2026_08_31_19_28_32_911.jpg,-0.3,0.8797419,0.0,24.35281
data_track2_recovery/IMG/center_2026_08_31_19_28_32_979.jpg,data_track2_recovery/IMG/left_2026_08_31_19_28_32_979.jpg,data_track2_recovery/IMG/right_2026_08_31_19_28_32_979.jpg,-0.5000001,0.6483638,0.0,24.85911
data_track2_recovery/IMG/center_2026_08_31_19_28_33_048.jpg,data_track2_recovery/IMG/left_2026_08_31_19_28_33_048.jpg,data_track2_recovery/IMG/right_2026_08_31_19_28_33_048.jpg,-0.6500001,0.4689637,0.0,25.01813
data_track2_recovery/IMG/center_2026_08_31_19_28_33_116.jpg,data_track2_recovery/IMG/left_2026_08_31_19_28_33_116.jpg,data_track2_recovery/IMG/right_2026_08_31_19_28_33_116.jpg,-0.8000001,0.2824,0.0,24.9904
data_track2_recovery/IMG/center_2026_08_31_19_28_33_186.jpg,data_track2_recovery/IMG/left_2026_08_31_19_28_33_186.jpg,data_track2_recovery/IMG/right_2026_08_31_19_28_33_186.jpg,-1.0,0.4275941,0.0,24.80089
data_track2_recovery/IMG/center_2026_08_31_19_28_33_253.jpg,data_track2_recovery/IMG/left_2026_08_31_19_28_33_253.jpg,data_track2_recovery/IMG/right_2026_08_31_19_28_33_253.jpg,-1.0,0.5982759,0.0,24.82594
data_track2_recovery/IMG/center_2026_08_31_19_28_33_321.jpg,data_track2_recovery/IMG/left_2026_08_31_19_28_33_321.jpg,data_track2_recovery/IMG/right_2026_08_31_19_28_33_321.jpg,-1.0,0.8084738,0.0,25.12943
data_track2_recovery/IMG/center_2026_08_31_19_28_33_392.jpg,data_track2_recovery/IMG/left_2026_08_31_19_28_33_392.jpg,data_track2_recovery/IMG/right_2026_08_31_19_28_33_392.jpg,-1.0,0.6269469,0.0,25.40776
data_track2_recovery/IMG/center_2026_08_31_19_28_33_460.jpg,data_track2_recovery/IMG/left_2026_08_31_19_28_33_460.jpg,data_track2_recovery/IMG/right_2026_08_31_19_28_33_460.jpg,-1.0,0.5953573,0.0,25.62853
data_track2_recovery/IMG/center_2026_08_31_19_28_33_735.jpg,data_track2_recovery/IMG/left_2026_08_31_19_28_33_735.jpg,data_track2_recovery/IMG/right_2026_08_31_19_28_33_735.jpg,0.1,1.0,0.0,27.45131
data_track2_recovery/IMG/center_2026_08_31_19_28_33_804.jpg,data_track2_recovery/IMG/left_2026_08_31_19_28_33_804.jpg,data_track2_recovery/IMG/right_2026_08_31_19_28_33_804.jpg,0.3,1.0,0.0,28.09792
data_track2_recovery/IMG/center_2026_08_31_19_28_33_872.jpg,data_track2_recovery/IMG/left_2026_08_31_19_28_33_872.jpg,data_track2_recovery/IMG/right_2026_08_31_19_28_33_872.jpg,0.45,1.0,0.0,28.53362
data_track2_recovery/IMG/center_2026_08_31_19_28_33_940.jpg,data_track2_recovery/IMG/left_2026_08_31_19_28_33_940.jpg,data_track2_recovery/IMG/right_2026_08_31_19_28_33_940.jpg,0.6500001,1.0,0.0,29.04366
data_track2_recovery/IMG/center_2026_08_31_19_28_34_007.jpg,data_track2_recovery/IMG/left_2026_08_31_19_28_34_007.jpg,data_track2_recovery/IMG/right_2026_08_31_19_28_34_007.jpg,0.8000001,1.0,0.0,29.37167
data_track2_recovery/IMG/center_2026_08_31_19_28_34_488.jpg,data_track2_recovery/IMG/left_2026_08_31_19_28_34_488.jpg,data_track2_recovery/IMG/right_2026_08_31_19_28_34_488.jpg,-0.1,1.0,0.0,30.18701
data_track2_recovery/IMG/center_2026_08_31_19_28_34_555.jpg,data_track2_recovery/IMG/left_2026_08_31_19_28_34_555.jpg,data_track2_recovery/IMG/right_2026_08_31_19_28_34_555.jpg,-0.25,1.0,0.0,30.1741
data_track2_recovery/IMG/center_2026_08_31_19_28_34_628.jpg,data_track2_recovery/IMG/left_2026_08_31_19_28_34_628.jpg,data_track2_recovery/IMG/right_2026_08_31_19_28_34_628.jpg,-0.45,0.9006882,0.0,30.14057
data_track2_recovery/IMG/center_2026_08_31_19_28_34_695.jpg,data_track2_recovery/IMG/left_2026_08_31_19_28_34_695.jpg,data_track2_recovery/IMG/right_2026_08_31_19_28_34_695.jpg,-0.6000001,0.7654963,0.0,30.07376
data_track2_recovery/IMG/center_2026_08_31_19_28_34_904.jpg,data_track2_recovery/IMG/left_2026_08_31_19_28_34_904.jpg,data_track2_recovery/IMG/right_2026_08_31_19_28_34_904.jpg,-0.2,1.0,0.0,30.19023
data_track2_recovery/IMG/center_2026_08_31_19_28_34_972.jpg,data_track2_recovery/IMG/left_2026_08_31_19_28_34_972.jpg,data_track2_recovery/IMG/right_2026_08_31_19_28_34_972.jpg,-0.35,1.0,0.0,30.17543
data_track2_recovery/IMG/center_2026_08_31_19_28_35_043.jpg,data_track2_recovery/IMG/left_2026_08_31_19_28_35_043.jpg,data_track2_recovery/IMG/right_2026_08_31_19_28_35_043.jpg,-0.5500001,1.0,0.0,30.14773
data_track2_recovery/IMG/center_2026_08_31_19_28_35_113.jpg,data_track2_recovery/IMG/left_2026_08_31_19_28_35_113.jpg,data_track2_recovery/IMG/right_2026_08_31_19_28_35_113.jpg,-0.7,1.0,0.0,30.12698
data_track2_recovery/IMG/center_2026_08_31_19_28_35_185.jpg,data_track2_recovery/IMG/left_2026_08_31_19_28_35_185.jpg,data_track2_recovery/IMG/right_2026_08_31_19_28_35_185.jpg,-0.9000002,1.0,0.0,30.10393
data_track2_recovery/IMG/center_2026_08_31_19_28_35_252.jpg,data_track2_recovery/IMG/left_2026_08_31_19_28_35_252.jpg,data_track2_recovery/IMG/right_2026_08_31_19_28_35_252.jpg,-1.0,1.0,0.0,30.09817
data_track2_recovery/IMG/center_2026_08_31_19_28_35_321.jpg,data_track2_recovery/IMG/left_2026_08_31_19_28_35_321.jpg,data_track2_recovery/IMG/right_2026_08_31_19_28_35_321.jpg,-1.0,0.9510007,0.0,30.09264
data_track2_recovery/IMG/center_2026_08_31_19_28_35_390.jpg,data_track2_recovery/IMG/left_2026_08_31_19_28_35_390.jpg,data_track2_recovery/IMG/right_2026_08_31_19_28_35_390.jpg,-1.0,1.0,0.0,30.13316
data_track2_recovery/IMG/center_2026_08_31_19_28_35_801.jpg,data_track2_recovery/IMG/left_2026_08_31_19_28_35_801.jpg,data_track2_recovery/IMG/right_2026_08_31_19_28_35_801.jpg,-0.05,1.0,0.0,30.19019
data_track2_recovery/IMG/center_2026_08_31_19_28_35_872.jpg,data_track2_recovery/IMG/left_2026_08_31_19_28_35_872.jpg,data_track2_recovery/IMG/right_2026_08_31_19_28_35_872.jpg,-0.2,1.0,0.0,30.18159
data_track2_recovery/IMG/center_2026_08_31_19_28_35_943.jpg,data_track2_recovery/IMG/left_2026_08_31_19_28_35_943.jpg,data_track2_recovery/IMG/right_2026_08_31_19_28_35_943.jpg,-0.4,1.0,0.0,30.15887
data_track2_recovery/IMG/center_2026_08_31_19_28_36_081.jpg,data_track2_recovery/IMG/left_2026_08_31_19_28_36_081.jpg,data_track2_recovery/IMG/right_2026_08_31_19_28_36_081.jpg,-0.1,1.0,0.0,30.19013
data_track2_recovery/IMG/center_2026_08_31_19_28_36_148.jpg,data_track2_recovery/IMG/left_2026_08_31_19_28_36_148.jpg,data_track2_recovery/IMG/right_2026_08_31_19_28_36_148.jpg,-0.25,1.0,0.0,30.17914
data_track2_recovery/IMG/center_2026_08_31_19_28_36_220.jpg,data_track2_recovery/IMG/left_2026_08_31_19_28_36_220.jpg,data_track2_recovery/IMG/right_2026_08_31_19_28_36_220.jpg,-0.45,1.0,0.0,30.15487
data_track2_recovery/IMG/center_2026_08_31_19_28_36_292.jpg,data_track2_recovery/IMG/left_2026_08_31_19_28_36_292.jpg,data_track2_recovery/IMG/right_2026_08_31_19_28_36_292.jpg,-0.6000001,1.0,0.0,30.1356
data_track2_recovery/IMG/center_2026_08_31_19_28_36_360.jpg,data_track2_recovery/IMG/left_2026_08_31_19_28_36_360.jpg,data_track2_recovery/IMG/right_2026_08_31_19_28_36_360.jpg,-0.8000001,1.0,0.0,30.11098
data_track2_recovery/IMG/center_2026_08_31_19_28_36_428.jpg,data_track2_recovery/IMG/left_2026_08_31_19_28_36_428.jpg,data_track2_recovery/IMG/right_2026_08_31_19_28_36_428.jpg,-0.9500002,1.0,0.0,30.09749
data_track2_recovery/IMG/center_2026_08_31_19_28_36_846.jpg,data_track2_recovery/IMG/left_2026_08_31_19_28_36_846.jpg,data_track2_recovery/IMG/right_2026_08_31_19_28_36_846.jpg,-0.2,1.0,0.0,30.18414
data_track2_recovery/IMG/center_2026_08_31_19_28_36_917.jpg,data_track2_recovery/IMG/left_2026_08_31_19_28_36_917.jpg,data_track2_recovery/IMG/right_2026_08_31_19_28_36_917.jpg,-0.4,1.0,0.0,30.16081
data_track2_recovery/IMG/center_2026_08_31_19_28_36_987.jpg,data_track2_recovery/IMG/left_2026_08_31_19_28_36_987.jpg,data_track2_recovery/IMG/right_2026_08_31_19_28_36_987.jpg,-0.5500001,1.0,0.0,30.14154
data_track2_recovery/IMG/center_2026_08_31_19_28_37_057.jpg,data_track2_recovery/IMG/left_2026_08_31_19_28_37_057.jpg,data_track2_recovery/IMG/right_2026_08_31_19_28_37_057.jpg,-0.7500002,1.0,0.0,30.11607
data_track2_recovery/IMG/center_2026_08_31_19_28_37_744.jpg,data_track2_recovery/IMG/left_2026_08_31_19_28_37_744.jpg,data_track2_recovery/IMG/right_2026_08_31_19_28_37_744.jpg,0.1,1.0,0.0,30.18774
data_track2_recovery/IMG/center_2026_08_31_19_28_37_811.jpg,data_track2_recovery/IMG/left_2026_08_31_19_28_37_811.jpg,data_track2_recovery/IMG/right_2026_08_31_19_28_37_811.jpg,0.25,1.0,0.0,30.17488
data_track2_recovery/IMG/center_2026_08_31_19_28_37_877.jpg,data_track2_recovery/IMG/left_2026_08_31_19_28_37_877.jpg,data_track2_recovery/IMG/right_2026_08_31_19_28_37_877.jpg,0.45,1.0,0.0,30.15163
data_track2_recovery/IMG/center_2026_08_31_19_28_38_151.jpg,data_track2_recovery/IMG/left_2026_08_31_19_28_38_151.jpg,data_track2_recovery/IMG/right_2026_08_31_19_28_38_151.jpg,0.1,1.0,0.0,30.18926
data_track2_recovery/IMG/center_2026_08_31_19_28_38_222.jpg,data_track2_recovery/IMG/left_2026_08_31_19_28_38_222.jpg,data_track2_recovery/IMG/right_2026_08_31_19_28_38_222.jpg,0.3,1.0,0.0,30.17197
data_track2_recovery/IMG/center_2026_08_31_19_28_38_291.jpg,data_track2_recovery/IMG/left_2026_08_31_19_28_38_291.jpg,data_track2_recovery/IMG/right_2026_08_31_19_28_38_291.jpg,0.45,1.0,0.0,30.15353
data_track2_recovery/IMG/center_2026_08_31_19_28_38_358.jpg,data_track2_recovery/IMG/left_2026_08_31_19_28_38_358.jpg,data_track2_recovery/IMG/right_2026_08_31_19_28_38_358.jpg,0.6500001,1.0,0.0,30.12834
data_track2_recovery/IMG/center_2026_08_31_19_28_38_425.jpg,data_track2_recovery/IMG/left_2026_08_31_19_28_38_425.jpg,data_track2_recovery/IMG/right_2026_08_31_19_28_38_425.jpg,0.8000001,1.0,0.0,30.111
data_track2_recovery/IMG/center_2026_08_31_19_28_38_494.jpg,data_track2_recovery/IMG/left_2026_08_31_19_28_38_494.jpg,data_track2_recovery/IMG/right_2026_08_31_19_28_38_494.jpg,0.9500002,1.0,0.0,30.09761
data_track2_recovery/IMG/center_2026_08_31_19_28_38_563.jpg,data_track2_recovery/IMG/left_2026_08_31_19_28_38_563.jpg,data_track2_recovery/IMG/right_2026_08_31_19_28_38_563.jpg,1.0,1.0,0.0,30.10592
data_track2_recovery/IMG/center_2026_08_31_19_28_39_040.jpg,data_track2_recovery/IMG/left_2026_08_31_19_28_39_040.jpg,data_track2_recovery/IMG/right_2026_08_31_19_28_39_040.jpg,0.0,1.0,0.0,30.19029
data_track2_recovery/IMG/center_2026_08_31_19_28_39_246.jpg,data_track2_recovery/IMG/left_2026_08_31_19_28_39_246.jpg,data_track2_recovery/IMG/right_2026_08_31_19_28_39_246.jpg,0.05,1.0,0.0,30.18963
data_track2_recovery/IMG/center_2026_08_31_19_28_39_314.jpg,data_track2_recovery/IMG/left_2026_08_31_19_28_39_314.jpg,data_track2_recovery/IMG/right_2026_08_31_19_28_39_314.jpg,0.2,1.0,0.0,30.1797
data_track2_recovery/IMG/center_2026_08_31_19_28_39_381.jpg,data_track2_recovery/IMG/left_2026_08_31_19_28_39_381.jpg,data_track2_recovery/IMG/right_2026_08_31_19_28_39_381.jpg,0.4,1.0,0.0,30.15738
data_track2_recovery/IMG/center_2026_08_31_19_28_39_451.jpg,data_track2_recovery/IMG/left_2026_08_31_19_28_39_451.jpg,data_track2_recovery/IMG/right_2026_08_31_19_28_39_451.jpg,0.5500001,1.0,0.0,30.13917
data_track2_recovery/IMG/center_2026_08_31_19_28_39_519.jpg,data_track2_recovery/IMG/left_2026_08_31_19_28_39_519.jpg,data_track2_recovery/IMG/right_2026_08_31_19_28_39_519.jpg,0.7500002,1.0,0.0,30.11457
data_track2_recovery/IMG/center_2026_08_31_19_28_39_934.jpg,data_track2_recovery/IMG/left_2026_08_31_19_28_39_934.jpg,data_track2_recovery/IMG/right_2026_08_31_19_28_39_934.jpg,0.05,1.0,0.0,30.19019
data_track2_recovery/IMG/center_2026_08_31_19_28_40_004.jpg,data_track2_recovery/IMG/left_2026_08_31_19_28_40_004.jpg,data_track2_recovery/IMG/right_2026_08_31_19_28_40_004.jpg,0.25,1.0,0.0,30.17627
data_track2_recovery/IMG/center_2026_08_31_19_28_40_071.jpg,data_track2_recovery/IMG/left_2026_08_31_19_28_40_071.jpg,data_track2_recovery/IMG/right_2026_08_31_19_28_40_071.jpg,0.4,1.0,0.0,30.15879
data_track2_recovery/IMG/center_2026_08_31_19_28_40_484.jpg,data_track2_recovery/IMG/left_2026_08_31_19_28_40_484.jpg,data_track2_recovery/IMG/right_2026_08_31_19_28_40_484.jpg,0.15,1.0,0.0,30.18464
data_track2_recovery/IMG/center_2026_08_31_19_28_40_551.jpg,data_track2_recovery/IMG/left_2026_08_31_19_28_40_551.jpg,data_track2_recovery/IMG/right_2026_08_31_19_28_40_551.jpg,0.3,1.0,0.0,30.16965
data_track2_recovery/IMG/center_2026_08_31_19_28_40_764.jpg,data_track2_recovery/IMG/left_2026_08_31_19_28_40_764.jpg,data_track2_recovery/IMG/right_2026_08_31_19_28_40_764.jpg,0.0,1.0,0.0,30.1902
data_track2_recovery/IMG/center_2026_08_31_19_28_41_039.jpg,data_track2_recovery/IMG/left_2026_08_31_19_28_41_039.jpg,data_track2_recovery/IMG/right_2026_08_31_19_28_41_039.jpg,-0.2,1.0,0.0,30.17907
data_track2_recovery/IMG/center_2026_08_31_19_28_41_106.jpg,data_track2_recovery/IMG/left_2026_08_31_19_28_41_106.jpg,data_track2_recovery/IMG/right_2026_08_31_19_28_41_106.jpg,-0.35,1.0,0.0,30.16288
data_track2_recovery/IMG/center_2026_08_31_19_28_41_175.jpg,data_track2_recovery/IMG/left_2026_08_31_19_28_41_175.jpg,data_track2_recovery/IMG/right_2026_08_31_19_28_41_175.jpg,-0.5000001,0.9343477,0.0,30.14476
data_track2_recovery/IMG/center_2026_08_31_19_29_13_665.jpg,data_track2_recovery/IMG/left_2026_08_31_19_29_13_665.jpg,data_track2_recovery/IMG/right_2026_08_31_19_29_13_665.jpg,-0.05,1.0,0.0,6.764255
data_track2_recovery/IMG/center_2026_08_31_19_29_13_732.jpg,data_track2_recovery/IMG/left_2026_08_31_19_29_13_732.jpg,data_track2_recovery/IMG/right_2026_08_31_19_29_13_732.jpg,-0.2,1.0,0.0,7.44064
data_track2_recovery/IMG/center_2026_08_31_19_29_14_420.jpg,data_track2_recovery/IMG/left_2026_08_31_19_29_14_420.jpg,data_track2_recovery/IMG/right_2026_08_31_19_29_14_420.jpg,0.1,1.0,0.0,15.00125
data_track2_recovery/IMG/center_2026_08_31_19_29_14_489.jpg,data_track2_recovery/IMG/left_2026_08_31_19_29_14_489.jpg,data_track2_recovery/IMG/right_2026_08_31_19_29_14_489.jpg,0.3,1.0,0.0,15.81387
data_track2_recovery/IMG/center_2026_08_31_19_29_14_825.jpg,data_track2_recovery/IMG/left_2026_08_31_19_29_14_825.jpg,data_track2_recovery/IMG/right_2026_08_31_19_29_14_825.jpg,0.2,1.0,0.0,19.16486
data_track2_recovery/IMG/center_2026_08_31_19_29_14_892.jpg,data_track2_recovery/IMG/left_2026_08_31_19_29_14_892.jpg,data_track2_recovery/IMG/right_2026_08_31_19_29_14_892.jpg,0.35,1.0,0.0,19.86021
data_track2_recovery/IMG/center_2026_08_31_19_29_14_960.jpg,data_track2_recovery/IMG/left_2026_08_31_19_29_14_960.jpg,data_track2_recovery/IMG/right_2026_08_31_19_29_14_960.jpg,0.5000001,1.0,0.0,20.27796
data_track2_recovery/IMG/center_2026_08_31_19_29_15_027.jpg,data_track2_recovery/IMG/left_2026_08_31_19_29_15_027.jpg,data_track2_recovery/IMG/right_2026_08_31_19_29_15_027.jpg,0.7,1.0,0.0,20.93158
data_track2_recovery/IMG/center_2026_08_31_19_29_15_303.jpg,data_track2_recovery/IMG/left_2026_08_31_19_29_15_303.jpg,data_track2_recovery/IMG/right_2026_08_31_19_29_15_303.jpg,0.2,1.0,0.0,23.15929
data_track2_recovery/IMG/center_2026_08_31_19_29_15_370.jpg,data_track2_recovery/IMG/left_2026_08_31_19_29_15_370.jpg,data_track2_recovery/IMG/right_2026_08_31_19_29_15_370.jpg,0.35,1.0,0.0,23.65337
data_track2_recovery/IMG/center_2026_08_31_19_29_15_439.jpg,data_track2_recovery/IMG/left_2026_08_31_19_29_15_439.jpg,data_track2_recovery/IMG/right_2026_08_31_19_29_15_439.jpg,0.5000001,1.0,0.0,23.30724
data_track2_recovery/IMG/center_2026_08_31_19_29_15_506.jpg,data_track2_recovery/IMG/left_2026_08_31_19_29_15_506.jpg,data_track2_recovery/IMG/right_2026_08_31_19_29_15_506.jpg,0.7,1.0,0.0,23.56253
data_track2_recovery/IMG/center_2026_08_31_19_29_15_572.jpg,data_track2_recovery/IMG/left_2026_08_31_19_29_15_572.jpg,data_track2_recovery/IMG/right_2026_08_31_19_29_15_572.jpg,0.8500001,1.0,0.0,23.70678
data_track2_recovery/IMG/center_2026_08_31_19_29_16_123.jpg,data_track2_recovery/IMG/left_2026_08_31_19_29_16_123.jpg,data_track2_recovery/IMG/right_2026_08_31_19_29_16_123.jpg,-0.1,1.0,0.0,25.61582
data_track2_recovery/IMG/center_2026_08_31_19_29_16_189.jpg,data_track2_recovery/IMG/left_2026_08_31_19_29_16_189.jpg,data_track2_recovery/IMG/right_2026_08_31_19_29_16_189.jpg,-0.25,1.0,0.0,25.8853
data_track2_recovery/IMG/center_2026_08_31_19_29_16_256.jpg,data_track2_recovery/IMG/left_2026_08_31_19_29_16_256.jpg,data_track2_recovery/IMG/right_2026_08_31_19_29_16_256.jpg,-0.4,1.0,0.0,25.93663
data_track2_recovery/IMG/center_2026_08_31_19_29_16_459.jpg,data_track2_recovery/IMG/left_2026_08_31_19_29_16_459.jpg,data_track2_recovery/IMG/right_2026_08_31_19_29_16_459.jpg,-0.05,1.0,0.0,26.77377
data_track2_recovery/IMG/center_2026_08_31_19_29_16_528.jpg,data_track2_recovery/IMG/left_2026_08_31_19_29_16_528.jpg,data_track2_recovery/IMG/right_2026_08_31_19_29_16_528.jpg,-0.25,1.0,0.0,27.0457
data_track2_recovery/IMG/center_2026_08_31_19_29_16_597.jpg,data_track2_recovery/IMG/left_2026_08_31_19_29_16_597.jpg,data_track2_recovery/IMG/right_2026_08_31_19_29_16_597.jpg,-0.4,1.0,0.0,27.19621
data_track2_recovery/IMG/center_2026_08_31_19_29_16_871.jpg,data_track2_recovery/IMG/left_2026_08_31_19_29_16_871.jpg,data_track2_recovery/IMG/right_2026_08_31_19_29_16_871.jpg,-0.15,1.0,0.0,27.37857
data_track2_recovery/IMG/center_2026_08_31_19_29_16_939.jpg,data_track2_recovery/IMG/left_2026_08_31_19_29_16_939.jpg,data_track2_recovery/IMG/right_2026_08_31_19_29_16_939.jpg,-0.3,1.0,0.0,27.1221
data_track2_recovery/IMG/center_2026_08_31_19_29_17_076.jpg,data_track2_recovery/IMG/left_2026_08_31_19_29_17_076.jpg,data_track2_recovery/IMG/right_2026_08_31_19_29_17_076.jpg,0.1,0.6390491,0.0,26.70878
data_track2_recovery/IMG/center_2026_08_31_19_29_17_143.jpg,data_track2_recovery/IMG/left_2026_08_31_19_29_17_143.jpg,data_track2_recovery/IMG/right_2026_08_31_19_29_17_143.jpg,0.3,0.4023881,0.0,26.40418
data_track2_recovery/IMG/center_2026_08_31_19_29_17_210.jpg,data_track2_recovery/IMG/left_2026_08_31_19_29_17_210.jpg,data_track2_recovery/IMG/right_2026_08_31_19_29_17_210.jpg,0.45,0.215794,0.0,26.41649
data_track2_recovery/IMG/center_2026_08_31_19_29_17_278.jpg,data_track2_recovery/IMG/left_2026_08_31_19_29_17_278.jpg,data_track2_recovery/IMG/right_2026_08_31_19_29_17_278.jpg,0.6000001,0.04021907,0.0,26.60635
data_track2_recovery/IMG/center_2026_08_31_19_29_17_547.jpg,data_track2_recovery/IMG/left_2026_08_31_19_29_17_547.jpg,data_track2_recovery/IMG/right_2026_08_31_19_29_17_547.jpg,0.1,0.6971519,0.0,28.0439
data_track2_recovery/IMG/center_2026_08_31_19_29_17_615.jpg,data_track2_recovery/IMG/left_2026_08_31_19_29_17_615.jpg,data_track2_recovery/IMG/right_2026_08_31_19_29_17_615.jpg,0.25,0.8775179,0.0,28.40418
data_track2_recovery/IMG/center_2026_08_31_19_29_17_682.jpg,data_track2_recovery/IMG/left_2026_08_31_19_29_17_682.jpg,data_track2_recovery/IMG/right_2026_08_31_19_29_17_682.jpg,0.45,1.0,0.0,28.99645
data_track2_recovery/IMG/center_2026_08_31_19_29_17_749.jpg,data_track2_recovery/IMG/left_2026_08_31_19_29_17_749.jpg,data_track2_recovery/IMG/right_2026_08_31_19_29_17_749.jpg,0.6000001,1.0,0.0,29.40424
data_track2_recovery/IMG/center_2026_08_31_19_29_17_817.jpg,data_track2_recovery/IMG/left_2026_08_31_19_29_17_817.jpg,data_track2_recovery/IMG/right_2026_08_31_19_29_17_817.jpg,0.7500002,1.0,0.0,29.75608
data_track2_recovery/IMG/center_2026_08_31_19_29_17_886.jpg,data_track2_recovery/IMG/left_2026_08_31_19_29_17_886.jpg,data_track2_recovery/IMG/right_2026_08_31_19_29_17_886.jpg,0.9500002,1.0,0.0,30.09607
data_track2_recovery/IMG/center_2026_08_31_19_29_17_953.jpg,data_track2_recovery/IMG/left_2026_08_31_19_29_17_953.jpg,data_track2_recovery/IMG/right_2026_08_31_19_29_17_953.jpg,1.0,1.0,0.0,30.09859
data_track2_recovery/IMG/center_2026_08_31_19_29_18_293.jpg,data_track2_recovery/IMG/left_2026_08_31_19_29_18_293.jpg,data_track2_recovery/IMG/right_2026_08_31_19_29_18_293.jpg,0.1,1.0,0.0,30.18976
data_track2_recovery/IMG/center_2026_08_31_19_29_18_359.jpg,data_track2_recovery/IMG/left_2026_08_31_19_29_18_359.jpg,data_track2_recovery/IMG/right_2026_08_31_19_29_18_359.jpg,0.25,1.0,0.0,30.17828
data_track2_recovery/IMG/center_2026_08_31_19_29_18_426.jpg,data_track2_recovery/IMG/left_2026_08_31_19_29_18_426.jpg,data_track2_recovery/IMG/right_2026_08_31_19_29_18_426.jpg,0.45,1.0,0.0,30.1537
data_track2_recovery/IMG/center_2026_08_31_19_29_18_493.jpg,data_track2_recovery/IMG/left_2026_08_31_19_29_18_493.jpg,data_track2_recovery/IMG/right_2026_08_31_19_29_18_493.jpg,0.6000001,1.0,0.0,30.13473
data_track2_recovery/IMG/center_2026_08_31_19_29_18_562.jpg,data_track2_recovery/IMG/left_2026_08_31_19_29_18_562.jpg,data_track2_recovery/IMG/right_2026_08_31_19_29_18_562.jpg,0.8000001,1.0,0.0,30.11084
data_track2_recovery/IMG/center_2026_08_31_19_29_18_903.jpg,data_track2_recovery/IMG/left_2026_08_31_19_29_18_903.jpg,data_track2_recovery/IMG/right_2026_08_31_19_29_18_903.jpg,0.1,1.0,0.0,30.18887
data_track2_recovery/IMG/center_2026_08_31_19_29_18_969.jpg,data_track2_recovery/IMG/left_2026_08_31_19_29_18_969.jpg,data_track2_recovery/IMG/right_2026_08_31_19_29_18_969.jpg,0.25,1.0,0.0,30.1768
data_track2_recovery/IMG/center_2026_08_31_19_29_19_038.jpg,data_track2_recovery/IMG/left_2026_08_31_19_29_19_038.jpg,data_track2_recovery/IMG/right_2026_08_31_19_29_19_038.jpg,0.4,1.0,0.0,30.15885
data_track2_recovery/IMG/center_2026_08_31_19_29_19_108.jpg,data_track2_recovery/IMG/left_2026_08_31_19_29_19_108.jpg,data_track2_recovery/IMG/right_2026_08_31_19_29_19_108.jpg,0.6000001,1.0,0.0,30.13405
data_track2_recovery/IMG/center_2026_08_31_19_29_19_175.jpg,data_track2_recovery/IMG/left_2026_08_31_19_29_19_175.jpg,data_track2_recovery/IMG/right_2026_08_31_19_29_19_175.jpg,0.7500002,1.0,0.0,30.11525
data_track2_recovery/IMG/center_2026_08_31_19_29_19_517.jpg,data_track2_recovery/IMG/left_2026_08_31_19_29_19_517.jpg,data_track2_recovery/IMG/right_2026_08_31_19_29_19_517.jpg,0.15,1.0,0.0,30.18683
data_track2_recovery/IMG/center_2026_08_31_19_29_19_583.jpg,data_track2_recovery/IMG/left_2026_08_31_19_29_19_583.jpg,data_track2_recovery/IMG/right_2026_08_31_19_29_19_583.jpg,0.35,1.0,0.0,30.16603
data_track2_recovery/IMG/center_2026_08_31_19_29_19_652.jpg,data_track2_recovery/IMG/left_2026_08_31_19_29_19_652.jpg,data_track2_recovery/IMG/right_2026_08_31_19_29_19_652.jpg,0.5000001,1.0,0.0,30.14726
data_track2_recovery/IMG/center_2026_08_31_19_29_20_675.jpg,data_track2_recovery/IMG/left_2026_08_31_19_29_20_675.jpg,data_track2_recovery/IMG/right_2026_08_31_19_29_20_675.jpg,0.05,1.0,0.0,30.18966
data_track2_recovery/IMG/center_2026_08_31_19_29_20_742.jpg,data_track2_recovery/IMG/left_2026_08_31_19_29_20_742.jpg,data_track2_recovery/IMG/right_2026_08_31_19_29_20_742.jpg,0.25,1.0,0.0,30.17473
data_track2_recovery/IMG/center_2026_08_31_19_29_20_810.jpg,data_track2_recovery/IMG/left_2026_08_31_19_29_20_810.jpg,data_track2_recovery/IMG/right_2026_08_31_19_29_20_810.jpg,0.4,1.0,0.0,30.15744
data_track2_recovery/IMG/center_2026_08_31_19_29_20_877.jpg,data_track2_recovery/IMG/left_2026_08_31_19_29_20_877.jpg,data_track2_recovery/IMG/right_2026_08_31_19_29_20_877.jpg,0.5500001,1.0,0.0,30.13931
data_track2_recovery/IMG/center_2026_08_31_19_29_20_944.jpg,data_track2_recovery/IMG/left_2026_08_31_19_29_20_944.jpg,data_track2_recovery/IMG/right_2026_08_31_19_29_20_944.jpg,0.7500002,1.0,0.0,30.11478
data_track2_recovery/IMG/center_2026_08_31_19_29_21_011.jpg,data_track2_recovery/IMG/left_2026_08_31_19_29_21_011.jpg,data_track2_recovery/IMG/right_2026_08_31_19_29_21_011.jpg,0.9000002,1.0,0.0,30.10096
data_track2_recovery/IMG/center_2026_08_31_19_29_21_079.jpg,data_track2_recovery/IMG/left_2026_08_31_19_29_21_079.jpg,data_track2_recovery/IMG/right_2026_08_31_19_29_21_079.jpg,1.0,1.0,0.0,30.09582
data_track2_recovery/IMG/center_2026_08_31_19_29_21_423.jpg,data_track2_recovery/IMG/left_2026_08_31_19_29_21_423.jpg,data_track2_recovery/IMG/right_2026_08_31_19_29_21_423.jpg,-0.2,1.0,0.0,30.17513
data_track2_recovery/IMG/center_2026_08_31_19_29_21_490.jpg,data_track2_recovery/IMG/left_2026_08_31_19_29_21_490.jpg,data_track2_recovery/IMG/right_2026_08_31_19_29_21_490.jpg,-0.35,1.0,0.0,30.15955
data_track2_recovery/IMG/center_2026_08_31_19_29_21_762.jpg,data_track2_recovery/IMG/left_2026_08_31_19_29_21_762.jpg,data_track2_recovery/IMG/right_2026_08_31_19_29_21_762.jpg,-0.2,1.0,0.0,30.18325
data_track2_recovery/IMG/center_2026_08_31_19_29_21_832.jpg,data_track2_recovery/IMG/left_2026_08_31_19_29_21_832.jpg,data_track2_recovery/IMG/right_2026_08_31_19_29_21_832.jpg,-0.35,1.0,0.0,30.1667
data_track2_recovery/IMG/center_2026_08_31_19_29_21_901.jpg,data_track2_recovery/IMG/left_2026_08_31_19_29_21_901.jpg,data_track2_recovery/IMG/right_2026_08_31_19_29_21_901.jpg,-0.5500001,1.0,0.0,30.14153
data_track2_recovery/IMG/center_2026_08_31_19_29_22_789.jpg,data_track2_recovery/IMG/left_2026_08_31_19_29_22_789.jpg,data_track2_recovery/IMG/right_2026_08_31_19_29_22_789.jpg,0.1,1.0,0.0,30.11229
data_track2_recovery/IMG/center_2026_08_31_19_29_22_858.jpg,data_track2_recovery/IMG/left_2026_08_31_19_29_22_858.jpg,data_track2_recovery/IMG/right_2026_08_31_19_29_22_858.jpg,0.25,1.0,0.0,30.04842
data_track2_recovery/IMG/center_2026_08_31_19_29_22_927.jpg,data_track2_recovery/IMG/left_2026_08_31_19_29_22_927.jpg,data_track2_recovery/IMG/right_2026_08_31_19_29_22_927.jpg,0.45,1.0,0.0,30.11907
data_track2_recovery/IMG/center_2026_08_31_19_29_22_994.jpg,data_track2_recovery/IMG/left_2026_08_31_19_29_22_994.jpg,data_track2_recovery/IMG/right_2026_08_31_19_29_22_994.jpg,0.6000001,1.0,0.0,30.02554
data_track2_recovery/IMG/center_2026_08_31_19_29_23_468.jpg,data_track2_recovery/IMG/left_2026_08_31_19_29_23_468.jpg,data_track2_recovery/IMG/right_2026_08_31_19_29_23_468.jpg,0.15,1.0,0.0,30.09001
data_track2_recovery/IMG/center_2026_08_31_19_29_23_537.jpg,data_track2_recovery/IMG/left_2026_08_31_19_29_23_537.jpg,data_track2_recovery/IMG/right_2026_08_31_19_29_23_537.jpg,0.3,1.0,0.0,30.2592
data_track2_recovery/IMG/center_2026_08_31_19_29_23_604.jpg,data_track2_recovery/IMG/left_2026_08_31_19_29_23_604.jpg,data_track2_recovery/IMG/right_2026_08_31_19_29_23_604.jpg,0.5000001,1.0,0.0,29.98377
data_track2_recovery/IMG/center_2026_08_31_19_29_23_672.jpg,data_track2_recovery/IMG/left_2026_08_31_19_29_23_672.jpg,data_track2_recovery/IMG/right_2026_08_31_19_29_23_672.jpg,0.6500001,1.0,0.0,30.05827
data_track2_recovery/IMG/center_2026_08_31_19_29_23_740.jpg,data_track2_recovery/IMG/left_2026_08_31_19_29_23_740.jpg,data_track2_recovery/IMG/right_2026_08_31_19_29_23_740.jpg,0.8000001,1.0,0.0,30.0064
data_track2_recovery/IMG/center_2026_08_31_19_29_23_807.jpg,data_track2_recovery/IMG/left_2026_08_31_19_29_23_807.jpg,data_track2_recovery/IMG/right_2026_08_31_19_29_23_807.jpg,1.0,1.0,0.0,29.91766
data_track2_recovery/IMG/center_2026_08_31_19_29_23_874.jpg,data_track2_recovery/IMG/left_2026_08_31_19_29_23_874.jpg,data_track2_recovery/IMG/right_2026_08_31_19_29_23_874.jpg,1.0,1.0,0.0,29.97082
data_track2_recovery/IMG/center_2026_08_31_19_29_24_360.jpg,data_track2_recovery/IMG/left_2026_08_31_19_29_24_360.jpg,data_track2_recovery/IMG/right_2026_08_31_19_29_24_360.jpg,0.1,1.0,0.0,29.87955
data_track2_recovery/IMG/center_2026_08_31_19_29_24_430.jpg,data_track2_recovery/IMG/left_2026_08_31_19_29_24_430.jpg,data_track2_recovery/IMG/right_2026_08_31_19_29_24_430.jpg,0.3,1.0,0.0,30.00775
data_track2_recovery/IMG/center_2026_08_31_19_29_24_497.jpg,data_track2_recovery/IMG/left_2026_08_31_19_29_24_497.jpg,data_track2_recovery/IMG/right_2026_08_31_19_29_24_497.jpg,0.45,1.0,0.0,30.06843
data_track2_recovery/IMG/center_2026_08_31_19_29_24_570.jpg,data_track2_recovery/IMG/left_2026_08_31_19_29_24_570.jpg,data_track2_recovery/IMG/right_2026_08_31_19_29_24_570.jpg,0.6500001,1.0,0.0,30.11052
data_track2_recovery/IMG/center_2026_08_31_19_29_24_644.jpg,data_track2_recovery/IMG/left_2026_08_31_19_29_24_644.jpg,data_track2_recovery/IMG/right_2026_08_31_19_29_24_644.jpg,0.8500001,1.0,0.0,30.1446
data_track2_recovery/IMG/center_2026_08_31_19_29_24_709.jpg,data_track2_recovery/IMG/left_2026_08_31_19_29_24_709.jpg,data_track2_recovery/IMG/right_2026_08_31_19_29_24_709.jpg,1.0,1.0,0.0,30.12618
data_track2_recovery/IMG/center_2026_08_31_19_29_24_916.jpg,data_track2_recovery/IMG/left_2026_08_31_19_29_24_916.jpg,data_track2_recovery/IMG/right_2026_08_31_19_29_24_916.jpg,0.15,1.0,0.0,30.13692
data_track2_recovery/IMG/center_2026_08_31_19_29_24_988.jpg,data_track2_recovery/IMG/left_2026_08_31_19_29_24_988.jpg,data_track2_recovery/IMG/right_2026_08_31_19_29_24_988.jpg,0.35,1.0,0.0,30.19616
data_track2_recovery/IMG/center_2026_08_31_19_29_25_055.jpg,data_track2_recovery/IMG/left_2026_08_31_19_29_25_055.jpg,data_track2_recovery/IMG/right_2026_08_31_19_29_25_055.jpg,0.5000001,0.836587,0.0,30.13105
data_track2_recovery/IMG/center_2026_08_31_19_29_25_124.jpg,data_track2_recovery/IMG/left_2026_08_31_19_29_25_124.jpg,data_track2_recovery/IMG/right_2026_08_31_19_29_25_124.jpg,0.7,0.592909,0.0,29.9987
data_track2_recovery/IMG/center_2026_08_31_19_29_25_193.jpg,data_track2_recovery/IMG/left_2026_08_31_19_29_25_193.jpg,data_track2_recovery/IMG/right_2026_08_31_19_29_25_193.jpg,0.8500001,0.422833,0.0,29.85726
data_track2_recovery/IMG/center_2026_08_31_19_29_25_264.jpg,data_track2_recovery/IMG/left_2026_08_31_19_29_25_264.jpg,data_track2_recovery/IMG/right_2026_08_31_19_29_25_264.jpg,1.0,0.1732391,0.0,29.15832
data_track2_recovery/IMG/center_2026_08_31_19_29_25_330.jpg,data_track2_recovery/IMG/left_2026_08_31_19_29_25_330.jpg,data_track2_recovery/IMG/right_2026_08_31_19_29_25_330.jpg,1.0,0.0,0.0,28.74082
data_track2_recovery/IMG/center_2026_08_31_19_29_25_750.jpg,data_track2_recovery/IMG/left_2026_08_31_19_29_25_750.jpg,data_track2_recovery/IMG/right_2026_08_31_19_29_25_750.jpg,0.05,1.0,0.0,28.21461
data_track2_recovery/IMG/center_2026_08_31_19_29_25_823.jpg,data_track2_recovery/IMG/left_2026_08_31_19_29_25_823.jpg,data_track2_recovery/IMG/right_2026_08_31_19_29_25_823.jpg,0.25,1.0,0.0,28.5562
data_track2_recovery/IMG/center_2026_08_31_19_29_25_893.jpg,data_track2_recovery/IMG/left_2026_08_31_19_29_25_893.jpg,data_track2_recovery/IMG/right_2026_08_31_19_29_25_893.jpg,0.4,1.0,0.0,28.79013
data_track2_recovery/IMG/center_2026_08_31_19_29_25_963.jpg,data_track2_recovery/IMG/left_2026_08_31_19_29_25_963.jpg,data_track2_recovery/IMG/right_2026_08_31_19_29_25_963.jpg,0.6000001,1.0,0.0,28.92448
data_track2_recovery/IMG/center_2026_08_31_19_29_26_029.jpg,data_track2_recovery/IMG/left_2026_08_31_19_29_26_029.jpg,data_track2_recovery/IMG/right_2026_08_31_19_29_26_029.jpg,0.7500002,1.0,0.0,29.13061
data_track2_recovery/IMG/center_2026_08_31_19_29_26_099.jpg,data_track2_recovery/IMG/left_2026_08_31_19_29_26_099.jpg,data_track2_recovery/IMG/right_2026_08_31_19_29_26_099.jpg,0.9000002,1.0,0.0,29.05762
data_track2_recovery/IMG/center_2026_08_31_19_29_26_167.jpg,data_track2_recovery/IMG/left_2026_08_31_19_29_26_167.jpg,data_track2_recovery/IMG/right_2026_08_31_19_29_26_167.jpg,1.0,1.0,0.0,29.03919
data_track2_recovery/IMG/center_2026_08_31_19_29_26_377.jpg,data_track2_recovery/IMG/left_2026_08_31_19_29_26_377.jpg,data_track2_recovery/IMG/right_2026_08_31_19_29_26_377.jpg,0.05,1.0,0.0,29.75662
data_track2_recovery/IMG/center_2026_08_31_19_29_26_447.jpg,data_track2_recovery/IMG/left_2026_08_31_19_29_26_447.jpg,data_track2_recovery/IMG/right_2026_08_31_19_29_26_447.jpg,0.25,1.0,0.0,30.15773
data_track2_recovery/IMG/center_2026_08_31_19_29_26_790.jpg,data_track2_recovery/IMG/left_2026_08_31_19_29_26_790.jpg,data_track2_recovery/IMG/right_2026_08_31_19_29_26_790.jpg,0.0,0.3333999,0.0,29.95415
data_track2_recovery/IMG/center_2026_08_31_19_29_26_926.jpg,data_track2_recovery/IMG/left_2026_08_31_19_29_26_926.jpg,data_track2_recovery/IMG/right_2026_08_31_19_29_26_926.jpg,0.05,0.440272,0.0,29.57574
data_track2_recovery/IMG/center_2026_08_31_19_29_26_994.jpg,data_track2_recovery/IMG/left_2026_08_31_19_29_26_994.jpg,data_track2_recovery/IMG/right_2026_08_31_19_29_26_994.jpg,0.2,0.6265088,0.0,29.61155
data_track2_recovery/IMG/center_2026_08_31_19_29_27_063.jpg,data_track2_recovery/IMG/left_2026_08_31_19_29_27_063.jpg,data_track2_recovery/IMG/right_2026_08_31_19_29_27_063.jpg,0.4,0.8653027,0.0,29.86212
data_track2_recovery/IMG/center_2026_08_31_19_29_27_133.jpg,data_track2_recovery/IMG/left_2026_08_31_19_29_27_133.jpg,data_track2_recovery/IMG/right_2026_08_31_19_29_27_133.jpg,0.5500001,0.8346189,0.0,30.05183
data_track2_recovery/IMG/center_2026_08_31_19_29_27_202.jpg,data_track2_recovery/IMG/left_2026_08_31_19_29_27_202.jpg,data_track2_recovery/IMG/right_2026_08_31_19_29_27_202.jpg,0.7500002,0.595564,0.0,29.85239
data_track2_recovery/IMG/center_2026_08_31_19_29_27_406.jpg,data_track2_recovery/IMG/left_2026_08_31_19_29_27_406.jpg,data_track2_recovery/IMG/right_2026_08_31_19_29_27_406.jpg,0.1,0.949303,0.0,30.13973
data_track2_recovery/IMG/center_2026_08_31_19_29_27_473.jpg,data_track2_recovery/IMG/left_2026_08_31_19_29_27_473.jpg,data_track2_recovery/IMG/right_2026_08_31_19_29_27_473.jpg,0.25,0.780772,0.0,30.2311
data_track2_recovery/IMG/center_2026_08_31_19_29_27_544.jpg,data_track2_recovery/IMG/left_2026_08_31_19_29_27_544.jpg,data_track2_recovery/IMG/right_2026_08_31_19_29_27_544.jpg,0.45,0.5329208,0.0,30.0495
data_track2_recovery/IMG/center_2026_08_31_19_29_27_614.jpg,data_track2_recovery/IMG/left_2026_08_31_19_29_27_614.jpg,data_track2_recovery/IMG/right_2026_08_31_19_29_27_614.jpg,0.6000001,0.355291,0.0,29.98636
data_track2_recovery/IMG/center_2026_08_31_19_29_27_681.jpg,data_track2_recovery/IMG/left_2026_08_31_19_29_27_681.jpg,data_track2_recovery/IMG/right_2026_08_31_19_29_27_681.jpg,0.8000001,0.1227939,0.0,29.71836
data_track2_recovery/IMG/center_2026_08_31_19_29_27_753.jpg,data_track2_recovery/IMG/left_2026_08_31_19_29_27_753.jpg,data_track2_recovery/IMG/right_2026_08_31_19_29_27_753.jpg,0.9500002,0.0,0.0,29.31104
data_track2_recovery/IMG/center_2026_08_31_19_29_28_029.jpg,data_track2_recovery/IMG/left_2026_08_31_19_29_28_029.jpg,data_track2_recovery/IMG/right_2026_08_31_19_29_28_029.jpg,0.15,0.0,0.0,28.19665
data_track2_recovery/IMG/center_2026_08_31_19_29_28_100.jpg,data_track2_recovery/IMG/left_2026_08_31_19_29_28_100.jpg,data_track2_recovery/IMG/right_2026_08_31_19_29_28_100.jpg,0.3,0.0,0.0,28.00466
data_track2_recovery/IMG/center_2026_08_31_19_29_28_171.jpg,data_track2_recovery/IMG/left_2026_08_31_19_29_28_171.jpg,data_track2_recovery/IMG/right_2026_08_31_19_29_28_171.jpg,0.5000001,0.0,0.0,27.6726
data_track2_recovery/IMG/center_2026_08_31_19_29_28_239.jpg,data_track2_recovery/IMG/left_2026_08_31_19_29_28_239.jpg,data_track2_recovery/IMG/right_2026_08_31_19_29_28_239.jpg,0.6500001,0.0,0.0,27.36304
data_track2_recovery/IMG/center_2026_08_31_19_29_28_310.jpg,data_track2_recovery/IMG/left_2026_08_31_19_29_28_310.jpg,data_track2_recovery/IMG/right_2026_08_31_19_29_28_310.jpg,0.8500001,0.0,0.0,26.87658
data_track2_recovery/IMG/center_2026_08_31_19_29_28_380.jpg,data_track2_recovery/IMG/left_2026_08_31_19_29_28_380.jpg,data_track2_recovery/IMG/right_2026_08_31_19_29_28_380.jpg,1.0,0.0,0.0,26.46437
data_track2_recovery/IMG/center_2026_08_31_19_29_28_450.jpg,data_track2_recovery/IMG/left_2026_08_31_19_29_28_450.jpg,data_track2_recovery/IMG/right_2026_08_31_19_29_28_450.jpg,1.0,0.0,0.0,25.96048
data_track2_recovery/IMG/center_2026_08_31_19_29_28_518.jpg,data_track2_recovery/IMG/left_2026_08_31_19_29_28_518.jpg,data_track2_recovery/IMG/right_2026_08_31_19_29_28_518.jpg,1.0,0.0,0.0,25.65117
data_track2_recovery/IMG/center_2026_08_31_19_29_28_586.jpg,data_track2_recovery/IMG/left_2026_08_31_19_29_28_586.jpg,data_track2_recovery/IMG/right_2026_08_31_19_29_28_586.jpg,1.0,0.0,0.0,25.2997
data_track2_recovery/IMG/center_2026_08_31_19_29_29_265.jpg,data_track2_recovery/IMG/left_2026_08_31_19_29_29_265.jpg,data_track2_recovery/IMG/right_2026_08_31_19_29_29_265.jpg,-0.1,1.0,0.0,26.53061
data_track2_recovery/IMG/center_2026_08_31_19_29_29_332.jpg,data_track2_recovery/IMG/left_2026_08_31_19_29_29_332.jpg,data_track2_recovery/IMG/right_2026_08_31_19_29_29_332.jpg,-0.25,1.0,0.0,27.06634
data_track2_recovery/IMG/center_2026_08_31_19_29_29_398.jpg,data_track2_recovery/IMG/left_2026_08_31_19_29_29_398.jpg,data_track2_recovery/IMG/right_2026_08_31_19_29_29_398.jpg,-0.4,0.936103,0.0,27.55554
data_track2_recovery/IMG/center_2026_08_31_19_29_29_470.jpg,data_track2_recovery/IMG/left_2026_08_31_19_29_29_470.jpg,data_track2_recovery/IMG/right_2026_08_31_19_29_29_470.jpg,-0.6000001,0.7000149,0.0,27.96206
data_track2_recovery/IMG/center_2026_08_31_19_29_29_676.jpg,data_track2_recovery/IMG/left_2026_08_31_19_29_29_676.jpg,data_track2_recovery/IMG/right_2026_08_31_19_29_29_676.jpg,-0.1,0.0,0.168756,27.37947
data_track2_recovery/IMG/center_2026_08_31_19_29_29_744.jpg,data_track2_recovery/IMG/left_2026_08_31_19_29_29_744.jpg,data_track2_recovery/IMG/right_2026_08_31_19_29_29_744.jpg,-0.3,0.0,0.4091159,25.94559
data_track2_recovery/IMG/center_2026_08_31_19_29_29_812.jpg,data_track2_recovery/IMG/left_2026_08_31_19_29_29_812.jpg,data_track2_recovery/IMG/right_2026_08_31_19_29_29_812.jpg,-0.45,0.0,0.590592,24.82826
data_track2_recovery/IMG/center_2026_08_31_19_29_29_882.jpg,data_track2_recovery/IMG/left_2026_08_31_19_29_29_882.jpg,data_track2_recovery/IMG/right_2026_08_31_19_29_29_882.jpg,-0.6500001,0.0,0.824304,23.2828
data_track2_recovery/IMG/center_2026_08_31_19_29_29_948.jpg,data_track2_recovery/IMG/left_2026_08_31_19_29_29_948.jpg,data_track2_recovery/IMG/right_2026_08_31_19_29_29_948.jpg,-0.8000001,0.0,0.8140469,22.10315
data_track2_recovery/IMG/center_2026_08_31_19_29_30_015.jpg,data_track2_recovery/IMG/left_2026_08_31_19_29_30_015.jpg,data_track2_recovery/IMG/right_2026_08_31_19_29_30_015.jpg,-0.9500002,0.0,0.6323158,20.91899
data_track2_recovery/IMG/center_2026_08_31_19_29_30_086.jpg,data_track2_recovery/IMG/left_2026_08_31_19_29_30_086.jpg,data_track2_recovery/IMG/right_2026_08_31_19_29_30_086.jpg,-1.0,0.0,0.3955736,19.37567
data_track2_recovery/IMG/center_2026_08_31_19_29_30_153.jpg,data_track2_recovery/IMG/left_2026_08_31_19_29_30_153.jpg,data_track2_recovery/IMG/right_2026_08_31_19_29_30_153.jpg,-1.0,0.0,0.2137198,18.28434
data_track2_recovery/IMG/center_2026_08_31_19_29_30_224.jpg,data_track2_recovery/IMG/left_2026_08_31_19_29_30_224.jpg,data_track2_recovery/IMG/right_2026_08_31_19_29_30_224.jpg,-1.0,0.1378437,0.0,17.17579
data_track2_recovery/IMG/center_2026_08_31_19_29_30_290.jpg,data_track2_recovery/IMG/left_2026_08_31_19_29_30_290.jpg,data_track2_recovery/IMG/right_2026_08_31_19_29_30_290.jpg,-1.0,0.3159989,0.0,16.96811
data_track2_recovery/IMG/center_2026_08_31_19_29_30_357.jpg,data_track2_recovery/IMG/left_2026_08_31_19_29_30_357.jpg,data_track2_recovery/IMG/right_2026_08_31_19_29_30_357.jpg,-1.0,0.5005049,0.0,17.34589
data_track2_recovery/IMG/center_2026_08_31_19_29_30_424.jpg,data_track2_recovery/IMG/left_2026_08_31_19_29_30_424.jpg,data_track2_recovery/IMG/right_2026_08_31_19_29_30_424.jpg,-1.0,0.7405347,0.0,17.74563
data_track2_recovery/IMG/center_2026_08_31_19_29_30_491.jpg,data_track2_recovery/IMG/left_2026_08_31_19_29_30_491.jpg,data_track2_recovery/IMG/right_2026_08_31_19_29_30_491.jpg,-1.0,0.9136827,0.0,18.0059
data_track2_recovery/IMG/center_2026_08_31_19_29_30_562.jpg,data_track2_recovery/IMG/left_2026_08_31_19_29_30_562.jpg,data_track2_recovery/IMG/right_2026_08_31_19_29_30_562.jpg,-1.0,1.0,0.0,18.79478
data_track2_recovery/IMG/center_2026_08_31_19_29_30_631.jpg,data_track2_recovery/IMG/left_2026_08_31_19_29_30_631.jpg,data_track2_recovery/IMG/right_2026_08_31_19_29_30_631.jpg,-1.0,1.0,0.0,19.49721
data_track2_recovery/IMG/center_2026_08_31_19_29_30_703.jpg,data_track2_recovery/IMG/left_2026_08_31_19_29_30_703.jpg,data_track2_recovery/IMG/right_2026_08_31_19_29_30_703.jpg,-1.0,1.0,0.0,20.23993
data_track2_recovery/IMG/center_2026_08_31_19_29_30_772.jpg,data_track2_recovery/IMG/left_2026_08_31_19_29_30_772.jpg,data_track2_recovery/IMG/right_2026_08_31_19_29_30_772.jpg,-1.0,1.0,0.0,20.70394
data_track2_recovery/IMG/center_2026_08_31_19_29_30_839.jpg,data_track2_recovery/IMG/left_2026_08_31_19_29_30_839.jpg,data_track2_recovery/IMG/right_2026_08_31_19_29_30_839.jpg,-1.0,1.0,0.0,21.32692
data_track2_recovery/IMG/center_2026_08_31_19_29_31_111.jpg,data_track2_recovery/IMG/left_2026_08_31_19_29_31_111.jpg,data_track2_recovery/IMG/right_2026_08_31_19_29_31_111.jpg,-0.15,1.0,0.0,23.78359
data_track2_recovery/IMG/center_2026_08_31_19_29_31_181.jpg,data_track2_recovery/IMG/left_2026_08_31_19_29_31_181.jpg,data_track2_recovery/IMG/right_2026_08_31_19_29_31_181.jpg,-0.35,1.0,0.0,24.52769
data_track2_recovery/IMG/center_2026_08_31_19_29_31_253.jpg,data_track2_recovery/IMG/left_2026_08_31_19_29_31_253.jpg,data_track2_recovery/IMG/right_2026_08_31_19_29_31_253.jpg,-0.5000001,0.9496181,0.0,25.02766
data_track2_recovery/IMG/center_2026_08_31_19_29_31_325.jpg,data_track2_recovery/IMG/left_2026_08_31_19_29_31_325.jpg,data_track2_recovery/IMG/right_2026_08_31_19_29_31_325.jpg,-0.7,0.6993519,0.0,25.45006
data_track2_recovery/IMG/center_2026_08_31_19_29_31_392.jpg,data_track2_recovery/IMG/left_2026_08_31_19_29_31_392.jpg,data_track2_recovery/IMG/right_2026_08_31_19_29_31_392.jpg,-0.8500001,0.5136729,0.0,25.55398
data_track2_recovery/IMG/center_2026_08_31_19_29_31_464.jpg,data_track2_recovery/IMG/left_2026_08_31_19_29_31_464.jpg,data_track2_recovery/IMG/right_2026_08_31_19_29_31_464.jpg,-1.0,0.2823428,0.0,25.4344
data_track2_recovery/IMG/center_2026_08_31_19_29_31_531.jpg,data_track2_recovery/IMG/left_2026_08_31_19_29_31_531.jpg,data_track2_recovery/IMG/right_2026_08_31_19_29_31_531.jpg,-1.0,0.09878492,0.0,25.24244
data_track2_recovery/IMG/center_2026_08_31_19_29_31_597.jpg,data_track2_recovery/IMG/left_2026_08_31_19_29_31_597.jpg,data_track2_recovery/IMG/right_2026_08_31_19_29_31_597.jpg,-1.0,0.134719,0.0,25.01374
data_track2_recovery/IMG/center_2026_08_31_19_29_31_666.jpg,data_track2_recovery/IMG/left_2026_08_31_19_29_31_666.jpg,data_track2_recovery/IMG/right_2026_08_31_19_29_31_666.jpg,-1.0,0.3875948,0.0,24.92598
data_track2_recovery/IMG/center_2026_08_31_19_29_31_737.jpg,data_track2_recovery/IMG/left_2026_08_31_19_29_31_737.jpg,data_track2_recovery/IMG/right_2026_08_31_19_29_31_737.jpg,-1.0,0.5646127,0.0,25.03124
data_track2_recovery/IMG/center_2026_08_31_19_29_31_877.jpg,data_track2_recovery/IMG/left_2026_08_31_19_29_31_877.jpg,data_track2_recovery/IMG/right_2026_08_31_19_29_31_877.jpg,0.15,0.9816669,0.0,25.72925
data_track2_recovery/IMG/center_2026_08_31_19_29_31_949.jpg,data_track2_recovery/IMG/left_2026_08_31_19_29_31_949.jpg,data_track2_recovery/IMG/right_2026_08_31_19_29_31_949.jpg,0.35,1.0,0.0,26.29054
data_track2_recovery/IMG/center_2026_08_31_19_29_32_161.jpg,data_track2_recovery/IMG/left_2026_08_31_19_29_32_161.jpg,data_track2_recovery/IMG/right_2026_08_31_19_29_32_161.jpg,0.2,1.0,0.0,28.19957
data_track2_recovery/IMG/center_2026_08_31_19_29_32_231.jpg,data_track2_recovery/IMG/left_2026_08_31_19_29_32_231.jpg,data_track2_recovery/IMG/right_2026_08_31_19_29_32_231.jpg,0.35,1.0,0.0,28.69188
data_track2_recovery/IMG/center_2026_08_31_19_29_32_301.jpg,data_track2_recovery/IMG/left_2026_08_31_19_29_32_301.jpg,data_track2_recovery/IMG/right_2026_08_31_19_29_32_301.jpg,0.5500001,1.0,0.0,29.26854
data_track2_recovery/IMG/center_2026_08_31_19_29_32_370.jpg,data_track2_recovery/IMG/left_2026_08_31_19_29_32_370.jpg,data_track2_recovery/IMG/right_2026_08_31_19_29_32_370.jpg,0.7,1.0,0.0,29.63803
data_track2_recovery/IMG/center_2026_08_31_19_29_32_438.jpg,data_track2_recovery/IMG/left_2026_08_31_19_29_32_438.jpg,data_track2_recovery/IMG/right_2026_08_31_19_29_32_438.jpg,0.8500001,1.0,0.0,29.95576
data_track2_recovery/IMG/center_2026_08_31_19_29_32_510.jpg,data_track2_recovery/IMG/left_2026_08_31_19_29_32_510.jpg,data_track2_recovery/IMG/right_2026_08_31_19_29_32_510.jpg,1.0,1.0,0.0,30.0957
data_track2_recovery/IMG/center_2026_08_31_19_29_32_650.jpg,data_track2_recovery/IMG/left_2026_08_31_19_29_32_650.jpg,data_track2_recovery/IMG/right_2026_08_31_19_29_32_650.jpg,-0.05,1.0,0.0,30.17799
data_track2_recovery/IMG/center_2026_08_31_19_29_32_718.jpg,data_track2_recovery/IMG/left_2026_08_31_19_29_32_718.jpg,data_track2_recovery/IMG/right_2026_08_31_19_29_32_718.jpg,-0.2,1.0,0.0,30.16285
data_track2_recovery/IMG/center_2026_08_31_19_29_32_785.jpg,data_track2_recovery/IMG/left_2026_08_31_19_29_32_785.jpg,data_track2_recovery/IMG/right_2026_08_31_19_29_32_785.jpg,-0.4,1.0,0.0,30.14457
data_track2_recovery/IMG/center_2026_08_31_19_29_32_856.jpg,data_track2_recovery/IMG/left_2026_08_31_19_29_32_856.jpg,data_track2_recovery/IMG/right_2026_08_31_19_29_32_856.jpg,-0.5500001,1.0,0.0,30.12911
data_track2_recovery/IMG/center_2026_08_31_19_29_32_924.jpg,data_track2_recovery/IMG/left_2026_08_31_19_29_32_924.jpg,data_track2_recovery/IMG/right_2026_08_31_19_29_32_924.jpg,-0.7500002,1.0,0.0,30.1111
data_track2_recovery/IMG/center_2026_08_31_19_29_32_995.jpg,data_track2_recovery/IMG/left_2026_08_31_19_29_32_995.jpg,data_track2_recovery/IMG/right_2026_08_31_19_29_32_995.jpg,-0.9000002,0.8673819,0.0,30.07997
data_track2_recovery/IMG/center_2026_08_31_19_29_33_065.jpg,data_track2_recovery/IMG/left_2026_08_31_19_29_33_065.jpg,data_track2_recovery/IMG/right_2026_08_31_19_29_33_065.jpg,-1.0,0.625879,0.0,30.01384
data_track2_recovery/IMG/center_2026_08_31_19_29_33_274.jpg,data_track2_recovery/IMG/left_2026_08_31_19_29_33_274.jpg,data_track2_recovery/IMG/right_2026_08_31_19_29_33_274.jpg,-0.1,0.03369701,0.0,29.89451
data_track2_recovery/IMG/center_2026_08_31_19_29_33_346.jpg,data_track2_recovery/IMG/left_2026_08_31_19_29_33_346.jpg,data_track2_recovery/IMG/right_2026_08_31_19_29_33_346.jpg,-0.3,0.0,0.0,29.65264
data_track2_recovery/IMG/center_2026_08_31_19_29_33_418.jpg,data_track2_recovery/IMG/left_2026_08_31_19_29_33_418.jpg,data_track2_recovery/IMG/right_2026_08_31_19_29_33_418.jpg,-0.45,0.0,0.0,29.41623
data_track2_recovery/IMG/center_2026_08_31_19_29_33_621.jpg,data_track2_recovery/IMG/left_2026_08_31_19_29_33_621.jpg,data_track2_recovery/IMG/right_2026_08_31_19_29_33_621.jpg,-0.1,0.0,0.0,28.66792
data_track2_recovery/IMG/center_2026_08_31_19_29_33_693.jpg,data_track2_recovery/IMG/left_2026_08_31_19_29_33_693.jpg,data_track2_recovery/IMG/right_2026_08_31_19_29_33_693.jpg,-0.25,0.0,0.0,28.47876
data_track2_recovery/IMG/center_2026_08_31_19_29_33_763.jpg,data_track2_recovery/IMG/left_2026_08_31_19_29_33_763.jpg,data_track2_recovery/IMG/right_2026_08_31_19_29_33_763.jpg,-0.45,0.0,0.0,28.15696
data_track2_recovery/IMG/center_2026_08_31_19_29_33_837.jpg,data_track2_recovery/IMG/left_2026_08_31_19_29_33_837.jpg,data_track2_recovery/IMG/right_2026_08_31_19_29_33_837.jpg,-0.6000001,0.0,0.0,27.856
data_track2_recovery/IMG/center_2026_08_31_19_29_33_907.jpg,data_track2_recovery/IMG/left_2026_08_31_19_29_33_907.jpg,data_track2_recovery/IMG/right_2026_08_31_19_29_33_907.jpg,-0.8000001,0.0,0.0,27.37992
data_track2_recovery/IMG/center_2026_08_31_19_29_33_977.jpg,data_track2_recovery/IMG/left_2026_08_31_19_29_33_977.jpg,data_track2_recovery/IMG/right_2026_08_31_19_29_33_977.jpg,-0.9500002,0.0,0.0,26.97338
data_track2_recovery/IMG/center_2026_08_31_19_29_34_178.jpg,data_track2_recovery/IMG/left_2026_08_31_19_29_34_178.jpg,data_track2_recovery/IMG/right_2026_08_31_19_29_34_178.jpg,-0.1,0.0,0.0,26.3098
data_track2_recovery/IMG/center_2026_08_31_19_29_34_250.jpg,data_track2_recovery/IMG/left_2026_08_31_19_29_34_250.jpg,data_track2_recovery/IMG/right_2026_08_31_19_29_34_250.jpg,-0.3,0.0,0.0,26.08078
data_track2_recovery/IMG/center_2026_08_31_19_29_34_322.jpg,data_track2_recovery/IMG/left_2026_08_31_19_29_34_322.jpg,data_track2_recovery/IMG/right_2026_08_31_19_29_34_322.jpg,-0.5000001,0.0,0.0,25.77361
data_track2_recovery/IMG/center_2026_08_31_19_29_34_393.jpg,data_track2_recovery/IMG/left_2026_08_31_19_29_34_393.jpg,data_track2_recovery/IMG/right_2026_08_31_19_29_34_393.jpg,-0.6500001,0.0,0.0,25.48567
data_track2_recovery/IMG/center_2026_08_31_19_29_34_464.jpg,data_track2_recovery/IMG/left_2026_08_31_19_29_34_464.jpg,data_track2_recovery/IMG/right_2026_08_31_19_29_34_464.jpg,-0.8500001,0.0,0.0,25.0317
data_track2_recovery/IMG/center_2026_08_31_19_29_34_531.jpg,data_track2_recovery/IMG/left_2026_08_31_19_29_34_531.jpg,data_track2_recovery/IMG/right_2026_08_31_19_29_34_531.jpg,-1.0,0.0,0.0,24.64526
data_track2_recovery/IMG/center_2026_08_31_19_29_34_670.jpg,data_track2_recovery/IMG/left_2026_08_31_19_29_34_670.jpg,data_track2_recovery/IMG/right_2026_08_31_19_29_34_670.jpg,-0.05,0.0,0.0,24.16635
data_track2_recovery/IMG/center_2026_08_31_19_29_34_742.jpg,data_track2_recovery/IMG/left_2026_08_31_19_29_34_742.jpg,data_track2_recovery/IMG/right_2026_08_31_19_29_34_742.jpg,-0.25,0.0,0.0,23.97235
data_track2_recovery/IMG/center_2026_08_31_19_29_34_811.jpg,data_track2_recovery/IMG/left_2026_08_31_19_29_34_811.jpg,data_track2_recovery/IMG/right_2026_08_31_19_29_34_811.jpg,-0.4,0.0,0.0,23.78128
data_track2_recovery/IMG/center_2026_08_31_19_29_34_882.jpg,data_track2_recovery/IMG/left_2026_08_31_19_29_34_882.jpg,data_track2_recovery/IMG/right_2026_08_31_19_29_34_882.jpg,-0.6000001,0.2300942,0.0,23.57583
data_track2_recovery/IMG/center_2026_08_31_19_29_34_953.jpg,data_track2_recovery/IMG/left_2026_08_31_19_29_34_953.jpg,data_track2_recovery/IMG/right_2026_08_31_19_29_34_953.jpg,-0.7500002,0.4136671,0.0,23.52241
data_track2_recovery/IMG/center_2026_08_31_19_29_35_020.jpg,data_track2_recovery/IMG/left_2026_08_31_19_29_35_020.jpg,data_track2_recovery/IMG/right_2026_08_31_19_29_35_020.jpg,-0.9000002,0.5852523,0.0,23.53877
data_track2_recovery/IMG/center_2026_08_31_19_29_35_225.jpg,data_track2_recovery/IMG/left_2026_08_31_19_29_35_225.jpg,data_track2_recovery/IMG/right_2026_08_31_19_29_35_225.jpg,-0.2,1.0,0.0,25.11538
data_track2_recovery/IMG/center_2026_08_31_19_29_35_295.jpg,data_track2_recovery/IMG/left_2026_08_31_19_29_35_295.jpg,data_track2_recovery/IMG/right_2026_08_31_19_29_35_295.jpg,-0.35,1.0,0.0,25.67041
data_track2_recovery/IMG/center_2026_08_31_19_29_35_432.jpg,data_track2_recovery/IMG/left_2026_08_31_19_29_35_432.jpg,data_track2_recovery/IMG/right_2026_08_31_19_29_35_432.jpg,-0.05,1.0,0.0,26.89875
data_track2_recovery/IMG/center_2026_08_31_19_29_35_503.jpg,data_track2_recovery/IMG/left_2026_08_31_19_29_35_503.jpg,data_track2_recovery/IMG/right_2026_08_31_19_29_35_503.jpg,-0.25,1.0,0.0,27.64385
data_track2_recovery/IMG/center_2026_08_31_19_29_35_570.jpg,data_track2_recovery/IMG/left_2026_08_31_19_29_35_570.jpg,data_track2_recovery/IMG/right_2026_08_31_19_29_35_570.jpg,-0.4,1.0,0.0,28.1543
data_track2_recovery/IMG/center_2026_08_31_19_29_35_640.jpg,data_track2_recovery/IMG/left_2026_08_31_19_29_35_640.jpg,data_track2_recovery/IMG/right_2026_08_31_19_29_35_640.jpg,-0.5500001,1.0,0.0,28.60623
data_track2_recovery/IMG/center_2026_08_31_19_29_35_707.jpg,data_track2_recovery/IMG/left_2026_08_31_19_29_35_707.jpg,data_track2_recovery/IMG/right_2026_08_31_19_29_35_707.jpg,-0.7500002,1.0,0.0,29.11608
data_track2_recovery/IMG/center_2026_08_31_19_29_36_127.jpg,data_track2_recovery/IMG/left_2026_08_31_19_29_36_127.jpg,data_track2_recovery/IMG/right_2026_08_31_19_29_36_127.jpg,0.15,1.0,0.0,30.18247
data_track2_recovery/IMG/center_2026_08_31_19_29_36_198.jpg,data_track2_recovery/IMG/left_2026_08_31_19_29_36_198.jpg,data_track2_recovery/IMG/right_2026_08_31_19_29_36_198.jpg,0.3,1.0,0.0,30.16739
data_track2_recovery/IMG/center_2026_08_31_19_29_36_270.jpg,data_track2_recovery/IMG/left_2026_08_31_19_29_36_270.jpg,data_track2_recovery/IMG/right_2026_08_31_19_29_36_270.jpg,0.5000001,1.0,0.0,30.14426
data_track2_recovery/IMG/center_2026_08_31_19_29_36_406.jpg,data_track2_recovery/IMG/left_2026_08_31_19_29_36_406.jpg,data_track2_recovery/IMG/right_2026_08_31_19_29_36_406.jpg,0.15,1.0,0.0,30.18902
data_track2_recovery/IMG/center_2026_08_31_19_29_36_477.jpg,data_track2_recovery/IMG/left_2026_08_31_19_29_36_477.jpg,data_track2_recovery/IMG/right_2026_08_31_19_29_36_477.jpg,0.3,1.0,0.0,30.17634
data_track2_recovery/IMG/center_2026_08_31_19_29_36_547.jpg,data_track2_recovery/IMG/left_2026_08_31_19_29_36_547.jpg,data_track2_recovery/IMG/right_2026_08_31_19_29_36_547.jpg,0.5000001,1.0,0.0,30.15076
data_track2_recovery/IMG/center_2026_08_31_19_29_36_756.jpg,data_track2_recovery/IMG/left_2026_08_31_19_29_36_756.jpg,data_track2_recovery/IMG/right_2026_08_31_19_29_36_756.jpg,0.1,1.0,0.0,30.18999
data_track2_recovery/IMG/center_2026_08_31_19_29_36_825.jpg,data_track2_recovery/IMG/left_2026_08_31_19_29_36_825.jpg,data_track2_recovery/IMG/right_2026_08_31_19_29_36_825.jpg,0.3,1.0,0.0,30.1734
data_track2_recovery/IMG/center_2026_08_31_19_29_36_895.jpg,data_track2_recovery/IMG/left_2026_08_31_19_29_36_895.jpg,data_track2_recovery/IMG/right_2026_08_31_19_29_36_895.jpg,0.45,1.0,0.0,30.15465
data_track2_recovery/IMG/center_2026_08_31_19_29_36_964.jpg,data_track2_recovery/IMG/left_2026_08_31_19_29_36_964.jpg,data_track2_recovery/IMG/right_2026_08_31_19_29_36_964.jpg,0.6500001,1.0,0.0,30.12903
data_track2_recovery/IMG/center_2026_08_31_19_29_37_031.jpg,data_track2_recovery/IMG/left_2026_08_31_19_29_37_031.jpg,data_track2_recovery/IMG/right_2026_08_31_19_29_37_031.jpg,0.8000001,1.0,0.0,30.11109
data_track2_recovery/IMG/center_2026_08_31_19_29_37_098.jpg,data_track2_recovery/IMG/left_2026_08_31_19_29_37_098.jpg,data_track2_recovery/IMG/right_2026_08_31_19_29_37_098.jpg,0.9500002,1.0,0.0,30.09756
data_track2_recovery/IMG/center_2026_08_31_19_29_37_507.jpg,data_track2_recovery/IMG/left_2026_08_31_19_29_37_507.jpg,data_track2_recovery/IMG/right_2026_08_31_19_29_37_507.jpg,0.05,1.0,0.0,30.19023
data_track2_recovery/IMG/center_2026_08_31_19_29_37_576.jpg,data_track2_recovery/IMG/left_2026_08_31_19_29_37_576.jpg,data_track2_recovery/IMG/right_2026_08_31_19_29_37_576.jpg,0.2,1.0,0.0,30.18135
data_track2_recovery/IMG/center_2026_08_31_19_29_37_643.jpg,data_track2_recovery/IMG/left_2026_08_31_19_29_37_643.jpg,data_track2_recovery/IMG/right_2026_08_31_19_29_37_643.jpg,0.4,1.0,0.0,30.15878
data_track2_recovery/IMG/center_2026_08_31_19_29_37_712.jpg,data_track2_recovery/IMG/left_2026_08_31_19_29_37_712.jpg,data_track2_recovery/IMG/right_2026_08_31_19_29_37_712.jpg,0.5500001,1.0,0.0,30.14014
data_track2_recovery/IMG/center_2026_08_31_19_29_37_781.jpg,data_track2_recovery/IMG/left_2026_08_31_19_29_37_781.jpg,data_track2_recovery/IMG/right_2026_08_31_19_29_37_781.jpg,0.7500002,1.0,0.0,30.115
data_track2_recovery/IMG/center_2026_08_31_19_29_37_850.jpg,data_track2_recovery/IMG/left_2026_08_31_19_29_37_850.jpg,data_track2_recovery/IMG/right_2026_08_31_19_29_37_850.jpg,0.9000002,1.0,0.0,30.10121
data_track2_recovery/IMG/center_2026_08_31_19_29_38_327.jpg,data_track2_recovery/IMG/left_2026_08_31_19_29_38_327.jpg,data_track2_recovery/IMG/right_2026_08_31_19_29_38_327.jpg,0.15,1.0,0.0,30.18485
data_track2_recovery/IMG/center_2026_08_31_19_29_38_399.jpg,data_track2_recovery/IMG/left_2026_08_31_19_29_38_399.jpg,data_track2_recovery/IMG/right_2026_08_31_19_29_38_399.jpg,0.3,1.0,0.0,30.16996
data_track2_recovery/IMG/center_2026_08_31_19_29_38_466.jpg,data_track2_recovery/IMG/left_2026_08_31_19_29_38_466.jpg,data_track2_recovery/IMG/right_2026_08_31_19_29_38_466.jpg,0.5000001,1.0,0.0,30.14566
data_track2_recovery/IMG/center_2026_08_31_19_29_38_744.jpg,data_track2_recovery/IMG/left_2026_08_31_19_29_38_744.jpg,data_track2_recovery/IMG/right_2026_08_31_19_29_38_744.jpg,0.15,1.0,0.0,30.18611
data_track2_recovery/IMG/center_2026_08_31_19_29_38_813.jpg,data_track2_recovery/IMG/left_2026_08_31_19_29_38_813.jpg,data_track2_recovery/IMG/right_2026_08_31_19_29_38_813.jpg,0.3,1.0,0.0,30.17147
data_track2_recovery/IMG/center_2026_08_31_19_29_39_158.jpg,data_track2_recovery/IMG/left_2026_08_31_19_29_39_158.jpg,data_track2_recovery/IMG/right_2026_08_31_19_29_39_158.jpg,-0.1,1.0,0.0,30.18718
data_track2_recovery/IMG/center_2026_08_31_19_29_39_229.jpg,data_track2_recovery/IMG/left_2026_08_31_19_29_39_229.jpg,data_track2_recovery/IMG/right_2026_08_31_19_29_39_229.jpg,-0.3,1.0,0.0,30.16852
data_track2_recovery/IMG/center_2026_08_31_19_29_39_371.jpg,data_track2_recovery/IMG/left_2026_08_31_19_29_39_371.jpg,data_track2_recovery/IMG/right_2026_08_31_19_29_39_371.jpg,0.15,1.0,0.0,30.18092
