/Users/martin/smart-technologies-ca2/data_track2_recovery/IMG/center_2026_08_31_19_24_10_717.jpg,/Users/martin/smart-technologies-ca2/data_track2_recovery/IMG/left_2026_08_31_19_24_10_717.jpg,/Users/martin/smart-technologies-ca2/data_track2_recovery/IMG/right_2026_08_31_19_24_10_717.jpg,0,0.1537081,0,0.09740155
/Users/martin/smart-technologies-ca2/data_track2_recovery/IMG/center_2026_08_31_19_24_10_780.jpg,/Users/martin/smart-technologies-ca2/data_track2_recovery/IMG/left_2026_08_31_19_24_10_780.jpg,/Users/martin/smart-technologies-ca2/data_track2_recovery/IMG/right_2026_08_31_19_24_10_780.jpg,-0.2,0.3940051,0,0.3823617
/Users/martin/smart-technologies-ca2/data_track2_recovery/IMG/center_2026_08_31_19_24_10_847.jpg,/Users/martin/smart-technologies-ca2/data_track2_recovery/IMG/left_2026_08_31_19_24_10_847.jpg,/Users/martin/smart-technologies-ca2/data_track2_recovery/IMG/right_2026_08_31_19_24_10_847.jpg,-0.35,0.5778719,0,0.7358258
/Users/martin/smart-technologies-ca2/data_track2_recovery/IMG/center_2026_08_31_19_24_10_917.jpg,/Users/martin/smart-technologies-ca2/data_track2_recovery/IMG/left_2026_08_31_19_24_10_917.jpg,/Users/martin/smart-technologies-ca2/data_track2_recovery/IMG/right_2026_08_31_19_24_10_917.jpg,-0.5500001,0.8179082,0,1.358405
/Users/martin/smart-technologies-ca2/data_track2_recovery/IMG/center_2026_08_31_19_24_10_983.jpg,/Users/martin/smart-technologies-ca2/data_track2_recovery/IMG/left_2026_08_31_19_24_10_983.jpg,/Users/martin/smart-technologies-ca2/data_track2_recovery/IMG/right_2026_08_31_19_24_10_983.jpg,-0.7,0.9939601,0,2.036871
/Users/martin/smart-technologies-ca2/data_track2_recovery/IMG/center_2026_08_31_19_24_11_052.jpg,/Users/martin/smart-technologies-ca2/data_track2_recovery/IMG/left_2026_08_31_19_24_11_052.jpg,/Users/martin/smart-technologies-ca2/data_track2_recovery/IMG/right_2026_08_31_19_24_11_052.jpg,0,1,0,2.731392
/Users/martin/smart-technologies-ca2/data_track2_recovery/IMG/center_2026_08_31_19_24_11_119.jpg,/Users/martin/smart-technologies-ca2/data_track2_recovery/IMG/left_2026_08_31_19_24_11_119.jpg,/Users/martin/smart-technologies-ca2/data_track2_recovery/IMG/right_2026_08_31_19_24_11_119.jpg,0,1,0,3.669365
/Users/martin/smart-technologies-ca2/data_track2_recovery/IMG/center_2026_08_31_19_24_11_186.jpg,/Users/martin/smart-technologies-ca2/data_track2_recovery/IMG/left_2026_08_31_19_24_11_186.jpg,/Users/martin/smart-technologies-ca2/data_track2_recovery/IMG/right_2026_08_31_19_24_11_186.jpg,0,1,0,4.374024
/Users/martin/smart-technologies-ca2/data_track2_recovery/IMG/center_2026_08_31_19_24_11_255.jpg,/Users/martin/smart-technologies-ca2/data_track2_recovery/IMG/left_2026_08_31_19_24_11_255.jpg,/Users/martin/smart-technologies-ca2/data_track2_recovery/IMG/right_2026_08_31_19_24_11_255.jpg,0,1,0,5.304591
/Users/martin/smart-technologies-ca2/data_track2_recovery/IMG/center_2026_08_31_19_24_11_324.jpg,/Users/martin/smart-technologies-ca2/data_track2_recovery/IMG/left_2026_08_31_19_24_11_324.jpg,/Users/martin/smart-technologies-ca2/data_track2_recovery/IMG/right_2026_08_31_19_24_11_324.jpg,-0.05,1,0,5.997426
/Users/martin/smart-technologies-ca2/data_track2_recovery/IMG/center_2026_08_31_19_24_11_391.jpg,/Users/martin/smart-technologies-ca2/data_track2_recovery/IMG/left_2026_08_31_19_24_11_391.jpg,/Users/martin/smart-technologies-ca2/data_track2_recovery/IMG/right_2026_08_31_19_24_11_391.jpg,-0.2,1,0,6.678782
/Users/martin/smart-technologies-ca2/data_track2_recovery/IMG/center_2026_08_31_19_24_11_457.jpg,/Users/martin/smart-technologies-ca2/data_track2_recovery/IMG/left_2026_08_31_19_24_11_457.jpg,/Users/martin/smart-technologies-ca2/data_track2_recovery/IMG/right_2026_08_31_19_24_11_457.jpg,0,1,0,7.573979
/Users/martin/smart-technologies-ca2/data_track2_recovery/IMG/center_2026_08_31_19_24_11_527.jpg,/Users/martin/smart-technologies-ca2/data_track2_recovery/IMG/left_2026_08_31_19_24_11_527.jpg,/Users/martin/smart-technologies-ca2/data_track2_recovery/IMG/right_2026_08_31_19_24_11_527.jpg,0,1,0,8.252368
/Users/martin/smart-technologies-ca2/data_track2_recovery/IMG/center_2026_08_31_19_24_11_596.jpg,/Users/martin/smart-technologies-ca2/data_track2_recovery/IMG/left_2026_08_31_19_24_11_596.jpg,/Users/martin/smart-technologies-ca2/data_track2_recovery/IMG/right_2026_08_31_19_24_11_596.jpg,0,1,0,9.152596
/Users/martin/smart-technologies-ca2/data_track2_recovery/IMG/center_2026_08_31_19_24_11_665.jpg,/Users/martin/smart-technologies-ca2/data_track2_recovery/IMG/left_2026_08_31_19_24_11_665.jpg,/Users/martin/smart-technologies-ca2/data_track2_recovery/IMG/right_2026_08_31_19_24_11_665.jpg,0,1,0,9.823329
/Users/martin/smart-technologies-ca2/data_track2_recovery/IMG/center_2026_08_31_19_24_11_735.jpg,/Users/martin/smart-technologies-ca2/data_track2_recovery/IMG/left_2026_08_31_19_24_11_735.jpg,/Users/martin/smart-technologies-ca2/data_track2_recovery/IMG/right_2026_08_31_19_24_11_735.jpg,0,1,0,10.71152
/Users/martin/smart-technologies-ca2/data_track2_recovery/IMG/center_2026_08_31_19_24_11_805.jpg,/Users/martin/smart-technologies-ca2/data_track2_recovery/IMG/left_2026_08_31_19_24_11_805.jpg,/Users/martin/smart-technologies-ca2/data_track2_recovery/IMG/right_2026_08_31_19_24_11_805.jpg,0,1,0,11.37287
/Users/martin/smart-technologies-ca2/data_track2_recovery/IMG/center_2026_08_31_19_24_11_874.jpg,/Users/martin/smart-technologies-ca2/data_track2_recovery/IMG/left_2026_08_31_19_24_11_874.jpg,/Users/martin/smart-technologies-ca2/data_track2_recovery/IMG/right_2026_08_31_19_24_11_874.jpg,0,1,0,11.99946
/Users/martin/smart-technologies-ca2/data_track2_recovery/IMG/center_2026_08_31_19_24_11_943.jpg,/Users/martin/smart-technologies-ca2/data_track2_recovery/IMG/left_2026_08_31_19_24_11_943.jpg,/Users/martin/smart-technologies-ca2/data_track2_recovery/IMG/right_2026_08_31_19_24_11_943.jpg,0,1,0,12.86883
/Users/martin/smart-technologies-ca2/data_track2_recovery/IMG/center_2026_08_31_19_24_12_010.jpg,/Users/martin/smart-technologies-ca2/data_track2_recovery/IMG/left_2026_08_31_19_24_12_010.jpg,/Users/martin/smart-technologies-ca2/data_track2_recovery/IMG/right_2026_08_31_19_24_12_010.jpg,0,1,0,13.50393
/Users/martin/smart-technologies-ca2/data_track2_recovery/IMG/center_2026_08_31_19_24_12_077.jpg,/Users/martin/smart-technologies-ca2/data_track2_recovery/IMG/left_2026_08_31_19_24_12_077.jpg,/Users/martin/smart-technologies-ca2/data_track2_recovery/IMG/right_2026_08_31_19_24_12_077.jpg,0.15,1,0,14.27781
/Users/martin/smart-technologies-ca2/data_track2_recovery/IMG/center_2026_08_31_19_24_12_146.jpg,/Users/martin/smart-technologies-ca2/data_track2_recovery/IMG/left_2026_08_31_19_24_12_146.jpg,/Users/martin/smart-technologies-ca2/data_track2_recovery/IMG/right_2026_08_31_19_24_12_146.jpg,0,1,0,15.14609
/Users/martin/smart-technologies-ca2/data_track2_recovery/IMG/center_2026_08_31_19_24_12_215.jpg,/Users/martin/smart-technologies-ca2/data_track2_recovery/IMG/left_2026_08_31_19_24_12_215.jpg,/Users/martin/smart-technologies-ca2/data_track2_recovery/IMG/right_2026_08_31_19_24_12_215.jpg,0,1,0,15.98792
/Users/martin/smart-technologies-ca2/data_track2_recovery/IMG/center_2026_08_31_19_24_12_284.jpg,/Users/martin/smart-technologies-ca2/data_track2_recovery/IMG/left_2026_08_31_19_24_12_284.jpg,/Users/martin/smart-technologies-ca2/data_track2_recovery/IMG/right_2026_08_31_19_24_12_284.jpg,0,1,0,16.36967
/Users/martin/smart-technologies-ca2/data_track2_recovery/IMG/center_2026_08_31_19_24_12_355.jpg,/Users/martin/smart-technologies-ca2/data_track2_recovery/IMG/left_2026_08_31_19_24_12_355.jpg,/Users/martin/smart-technologies-ca2/data_track2_recovery/IMG/right_2026_08_31_19_24_12_355.jpg,0,1,0,17.23099
/Users/martin/smart-technologies-ca2/data_track2_recovery/IMG/center_2026_08_31_19_24_12_424.jpg,/Users/martin/smart-technologies-ca2/data_track2_recovery/IMG/left_2026_08_31_19_24_12_424.jpg,/Users/martin/smart-technologies-ca2/data_track2_recovery/IMG/right_2026_08_31_19_24_12_424.jpg,0,1,0,18.05836
/Users/martin/smart-technologies-ca2/data_track2_recovery/IMG/center_2026_08_31_19_24_12_491.jpg,/Users/martin/smart-technologies-ca2/data_track2_recovery/IMG/left_2026_08_31_19_24_12_491.jpg,/Users/martin/smart-technologies-ca2/data_track2_recovery/IMG/right_2026_08_31_19_24_12_491.jpg,0.1,1,0,18.5002
/Users/martin/smart-technologies-ca2/data_track2_recovery/IMG/center_2026_08_31_19_24_12_560.jpg,/Users/martin/smart-technologies-ca2/data_track2_recovery/IMG/left_2026_08_31_19_24_12_560.jpg,/Users/martin/smart-technologies-ca2/data_track2_recovery/IMG/right_2026_08_31_19_24_12_560.jpg,0.3,1,0,19.29572
/Users/martin/smart-technologies-ca2/data_track2_recovery/IMG/center_2026_08_31_19_24_12_628.jpg,/Users/martin/smart-technologies-ca2/data_track2_recovery/IMG/left_2026_08_31_19_24_12_628.jpg,/Users/martin/smart-technologies-ca2/data_track2_recovery/IMG/right_2026_08_31_19_24_12_628.jpg,0.45,1,0,19.96247
/Users/martin/smart-technologies-ca2/data_track2_recovery/IMG/center_2026_08_31_19_24_12_696.jpg,/Users/martin/smart-technologies-ca2/data_track2_recovery/IMG/left_2026_08_31_19_24_12_696.jpg,/Users/martin/smart-technologies-ca2/data_track2_recovery/IMG/right_2026_08_31_19_24_12_696.jpg,0.6500001,1,0,20.66857
/Users/martin/smart-technologies-ca2/data_track2_recovery/IMG/center_2026_08_31_19_24_12_765.jpg,/Users/martin/smart-technologies-ca2/data_track2_recovery/IMG/left_2026_08_31_19_24_12_765.jpg,/Users/martin/smart-technologies-ca2/data_track2_recovery/IMG/right_2026_08_31_19_24_12_765.jpg,0,0.979804,0,20.46478
/Users/martin/smart-technologies-ca2/data_track2_recovery/IMG/center_2026_08_31_19_24_12_834.jpg,/Users/martin/smart-technologies-ca2/data_track2_recovery/IMG/left_2026_08_31_19_24_12_834.jpg,/Users/martin/smart-technologies-ca2/data_track2_recovery/IMG/right_2026_08_31_19_24_12_834.jpg,0,0.742588,0,20.96099
/Users/martin/smart-technologies-ca2/data_track2_recovery/IMG/center_2026_08_31_19_24_12_902.jpg,/Users/martin/smart-technologies-ca2/data_track2_recovery/IMG/left_2026_08_31_19_24_12_902.jpg,/Users/martin/smart-technologies-ca2/data_track2_recovery/IMG/right_2026_08_31_19_24_12_902.jpg,0,0.5578511,0,21.25729
/Users/martin/smart-technologies-ca2/data_track2_recovery/IMG/center_2026_08_31_19_24_12_971.jpg,/Users/martin/smart-technologies-ca2/data_track2_recovery/IMG/left_2026_08_31_19_24_12_971.jpg,/Users/martin/smart-technologies-ca2/data_track2_recovery/IMG/right_2026_08_31_19_24_12_971.jpg,0.1,0.38059,0,20.71253
/Users/martin/smart-technologies-ca2/data_track2_recovery/IMG/center_2026_08_31_19_24_13_039.jpg,/Users/martin/smart-technologies-ca2/data_track2_recovery/IMG/left_2026_08_31_19_24_13_039.jpg,/Users/martin/smart-technologies-ca2/data_track2_recovery/IMG/right_2026_08_31_19_24_13_039.jpg,0.3,0.1372839,0,20.0881
/Users/martin/smart-technologies-ca2/data_track2_recovery/IMG/center_2026_08_31_19_24_13_105.jpg,/Users/martin/smart-technologies-ca2/data_track2_recovery/IMG/left_2026_08_31_19_24_13_105.jpg,/Users/martin/smart-technologies-ca2/data_track2_recovery/IMG/right_2026_08_31_19_24_13_105.jpg,0.45,0,0,19.73037
/Users/martin/smart-technologies-ca2/data_track2_recovery/IMG/center_2026_08_31_19_24_13_172.jpg,/Users/martin/smart-technologies-ca2/data_track2_recovery/IMG/left_2026_08_31_19_24_13_172.jpg,/Users/martin/smart-technologies-ca2/data_track2_recovery/IMG/right_2026_08_31_19_24_13_172.jpg,0,0.0736742,0,19.23801
/Users/martin/smart-technologies-ca2/data_track2_recovery/IMG/center_2026_08_31_19_24_13_241.jpg,/Users/martin/smart-technologies-ca2/data_track2_recovery/IMG/left_2026_08_31_19_24_13_241.jpg,/Users/martin/smart-technologies-ca2/data_track2_recovery/IMG/right_2026_08_31_19_24_13_241.jpg,0,0.3151982,0,18.21545
/Users/martin/smart-technologies-ca2/data_track2_recovery/IMG/center_2026_08_31_19_24_13_310.jpg,/Users/martin/smart-technologies-ca2/data_track2_recovery/IMG/left_2026_08_31_19_24_13_310.jpg,/Users/martin/smart-technologies-ca2/data_track2_recovery/IMG/right_2026_08_31_19_24_13_310.jpg,0,0.4957502,0,18.13178
/Users/martin/smart-technologies-ca2/data_track2_recovery/IMG/center_2026_08_31_19_24_13_377.jpg,/Users/martin/smart-technologies-ca2/data_track2_recovery/IMG/left_2026_08_31_19_24_13_377.jpg,/Users/martin/smart-technologies-ca2/data_track2_recovery/IMG/right_2026_08_31_19_24_13_377.jpg,0,0.7300233,0,17.71583
/Users/martin/smart-technologies-ca2/data_track2_recovery/IMG/center_2026_08_31_19_24_13_446.jpg,/Users/martin/smart-technologies-ca2/data_track2_recovery/IMG/left_2026_08_31_19_24_13_446.jpg,/Users/martin/smart-technologies-ca2/data_track2_recovery/IMG/right_2026_08_31_19_24_13_446.jpg,0.15,0.9213899,0,17.61848
/Users/martin/smart-technologies-ca2/data_track2_recovery/IMG/center_2026_08_31_19_24_13_513.jpg,/Users/martin/smart-technologies-ca2/data_track2_recovery/IMG/left_2026_08_31_19_24_13_513.jpg,/Users/martin/smart-technologies-ca2/data_track2_recovery/IMG/right_2026_08_31_19_24_13_513.jpg,0.3,1,0,17.61933
/Users/martin/smart-technologies-ca2/data_track2_recovery/IMG/center_2026_08_31_19_24_13_582.jpg,/Users/martin/smart-technologies-ca2/data_track2_recovery/IMG/left_2026_08_31_19_24_13_582.jpg,/Users/martin/smart-technologies-ca2/data_track2_recovery/IMG/right_2026_08_31_19_24_13_582.jpg,0.5000001,1,0,17.87477
/Users/martin/smart-technologies-ca2/data_track2_recovery/IMG/center_2026_08_31_19_24_13_651.jpg,/Users/martin/smart-technologies-ca2/data_track2_recovery/IMG/left_2026_08_31_19_24_13_651.jpg,/Users/martin/smart-technologies-ca2/data_track2_recovery/IMG/right_2026_08_31_19_24_13_651.jpg,0.6500001,0.932227,0,18.39183
/Users/martin/smart-technologies-ca2/data_track2_recovery/IMG/center_2026_08_31_19_24_13_718.jpg,/Users/martin/smart-technologies-ca2/data_track2_recovery/IMG/left_2026_08_31_19_24_13_718.jpg,/Users/martin/smart-technologies-ca2/data_track2_recovery/IMG/right_2026_08_31_19_24_13_718.jpg,0,0.6908379,0,18.52296
/Users/martin/smart-technologies-ca2/data_track2_recovery/IMG/center_2026_08_31_19_24_13_785.jpg,/Users/martin/smart-technologies-ca2/data_track2_recovery/IMG/left_2026_08_31_19_24_13_785.jpg,/Users/martin/smart-technologies-ca2/data_track2_recovery/IMG/right_2026_08_31_19_24_13_785.jpg,0.15,0.7055235,0,18.55829
/Users/martin/smart-technologies-ca2/data_track2_recovery/IMG/center_2026_08_31_19_24_13_855.jpg,/Users/martin/smart-technologies-ca2/data_track2_recovery/IMG/left_2026_08_31_19_24_13_855.jpg,/Users/martin/smart-technologies-ca2/data_track2_recovery/IMG/right_2026_08_31_19_24_13_855.jpg,0.35,0.9385903,0,18.92563
/Users/martin/smart-technologies-ca2/data_track2_recovery/IMG/center_2026_08_31_19_24_13_921.jpg,/Users/martin/smart-technologies-ca2/data_track2_recovery/IMG/left_2026_08_31_19_24_13_921.jpg,/Users/martin/smart-technologies-ca2/data_track2_recovery/IMG/right_2026_08_31_19_24_13_921.jpg,0,1,0,19.11786
/Users/martin/smart-technologies-ca2/data_track2_recovery/IMG/center_2026_08_31_19_24_13_988.jpg,/Users/martin/smart-technologies-ca2/data_track2_recovery/IMG/left_2026_08_31_19_24_13_988.jpg,/Users/martin/smart-technologies-ca2/data_track2_recovery/IMG/right_2026_08_31_19_24_13_988.jpg,0,1,0,19.45038
/Users/martin/smart-technologies-ca2/data_track2_recovery/IMG/center_2026_08_31_19_24_14_055.jpg,/Users/martin/smart-technologies-ca2/data_track2_recovery/IMG/left_2026_08_31_19_24_14_055.jpg,/Users/martin/smart-technologies-ca2/data_track2_recovery/IMG/right_2026_08_31_19_24_14_055.jpg,0,1,0,19.85675
/Users/martin/smart-technologies-ca2/data_track2_recovery/IMG/center_2026_08_31_19_24_14_123.jpg,/Users/martin/smart-technologies-ca2/data_track2_recovery/IMG/left_2026_08_31_19_24_14_123.jpg,/Users/martin/smart-technologies-ca2/data_track2_recovery/IMG/right_2026_08_31_19_24_14_123.jpg,0,1,0,20.06328
/Users/martin/smart-technologies-ca2/data_track2_recovery/IMG/center_2026_08_31_19_24_14_190.jpg,/Users/martin/smart-technologies-ca2/data_track2_recovery/IMG/left_2026_08_31_19_24_14_190.jpg,/Users/martin/smart-technologies-ca2/data_track2_recovery/IMG/right_2026_08_31_19_24_14_190.jpg,0,1,0,20.42755
/Users/martin/smart-technologies-ca2/data_track2_recovery/IMG/center_2026_08_31_19_24_14_257.jpg,/Users/martin/smart-technologies-ca2/data_track2_recovery/IMG/left_2026_08_31_19_24_14_257.jpg,/Users/martin/smart-technologies-ca2/data_track2_recovery/IMG/right_2026_08_31_19_24_14_257.jpg,0,1,0,20.7853
/Users/martin/smart-technologies-ca2/data_track2_recovery/IMG/center_2026_08_31_19_24_14_326.jpg,/Users/martin/smart-technologies-ca2/data_track2_recovery/IMG/left_2026_08_31_19_24_14_326.jpg,/Users/martin/smart-technologies-ca2/data_track2_recovery/IMG/right_2026_08_31_19_24_14_326.jpg,0,0.8931909,0,20.81758
/Users/martin/smart-technologies-ca2/data_track2_recovery/IMG/center_2026_08_31_19_24_14_396.jpg,/Users/martin/smart-technologies-ca2/data_track2_recovery/IMG/left_2026_08_31_19_24_14_396.jpg,/Users/martin/smart-technologies-ca2/data_track2_recovery/IMG/right_2026_08_31_19_24_14_396.jpg,0,0.649666,0,21.1403
/Users/martin/smart-technologies-ca2/data_track2_recovery/IMG/center_2026_08_31_19_24_14_465.jpg,/Users/martin/smart-technologies-ca2/data_track2_recovery/IMG/left_2026_08_31_19_24_14_465.jpg,/Users/martin/smart-technologies-ca2/data_track2_recovery/IMG/right_2026_08_31_19_24_14_465.jpg,-0.05,0.4734967,0,20.95342
/Users/martin/smart-technologies-ca2/data_track2_recovery/IMG/center_2026_08_31_19_24_14_534.jpg,/Users/martin/smart-technologies-ca2/data_track2_recovery/IMG/left_2026_08_31_19_24_14_534.jpg,/Users/martin/smart-technologies-ca2/data_track2_recovery/IMG/right_2026_08_31_19_24_14_534.jpg,-0.25,0.2335387,0,20.66324
/Users/martin/smart-technologies-ca2/data_track2_recovery/IMG/center_2026_08_31_19_24_14_604.jpg,/Users/martin/smart-technologies-ca2/data_track2_recovery/IMG/left_2026_08_31_19_24_14_604.jpg,/Users/martin/smart-technologies-ca2/data_track2_recovery/IMG/right_2026_08_31_19_24_14_604.jpg,-0.4,0.0493629,0,20.14179
/Users/martin/smart-technologies-ca2/data_track2_recovery/IMG/center_2026_08_31_19_24_14_671.jpg,/Users/martin/smart-technologies-ca2/data_track2_recovery/IMG/left_2026_08_31_19_24_14_671.jpg,/Users/martin/smart-technologies-ca2/data_track2_recovery/IMG/right_2026_08_31_19_24_14_671.jpg,-0.5500001,0,0,19.69535
/Users/martin/smart-technologies-ca2/data_track2_recovery/IMG/center_2026_08_31_19_24_14_739.jpg,/Users/martin/smart-technologies-ca2/data_track2_recovery/IMG/left_2026_08_31_19_24_14_739.jpg,/Users/martin/smart-technologies-ca2/data_track2_recovery/IMG/right_2026_08_31_19_24_14_739.jpg,0,0,0,19.1039
/Users/martin/smart-technologies-ca2/data_track2_recovery/IMG/center_2026_08_31_19_24_14_807.jpg,/Users/martin/smart-technologies-ca2/data_track2_recovery/IMG/left_2026_08_31_19_24_14_807.jpg,/Users/martin/smart-technologies-ca2/data_track2_recovery/IMG/right_2026_08_31_19_24_14_807.jpg,0,0.06509972,0,18.64982
/Users/martin/smart-technologies-ca2/data_track2_recovery/IMG/center_2026_08_31_19_24_14_876.jpg,/Users/martin/smart-technologies-ca2/data_track2_recovery/IMG/left_2026_08_31_19_24_14_876.jpg,/Users/martin/smart-technologies-ca2/data_track2_recovery/IMG/right_2026_08_31_19_24_14_876.jpg,-0.1,0.3063147,0,18.2491
/Users/martin/smart-technologies-ca2/data_track2_recovery/IMG/center_2026_08_31_19_24_14_943.jpg,/Users/martin/smart-technologies-ca2/data_track2_recovery/IMG/left_2026_08_31_19_24_14_943.jpg,/Users/martin/smart-technologies-ca2/data_track2_recovery/IMG/right_2026_08_31_19_24_14_943.jpg,-0.25,0.1415459,0,17.87296
/Users/martin/smart-technologies-ca2/data_track2_recovery/IMG/center_2026_08_31_19_24_15_011.jpg,/Users/martin/smart-technologies-ca2/data_track2_recovery/IMG/left_2026_08_31_19_24_15_011.jpg,/Users/martin/smart-technologies-ca2/data_track2_recovery/IMG/right_2026_08_31_19_24_15_011.jpg,-0.4,0,0,17.51645
/Users/martin/smart-technologies-ca2/data_track2_recovery/IMG/center_2026_08_31_19_24_15_080.jpg,/Users/martin/smart-technologies-ca2/data_track2_recovery/IMG/left_2026_08_31_19_24_15_080.jpg,/Users/martin/smart-technologies-ca2/data_track2_recovery/IMG/right_2026_08_31_19_24_15_080.jpg,-0.6000001,0,0,17.06949
/Users/martin/smart-technologies-ca2/data_track2_recovery/IMG/center_2026_08_31_19_24_15_146.jpg,/Users/martin/smart-technologies-ca2/data_track2_recovery/IMG/left_2026_08_31_19_24_15_146.jpg,/Users/martin/smart-technologies-ca2/data_track2_recovery/IMG/right_2026_08_31_19_24_15_146.jpg,0,0,0,16.94756
/Users/martin/smart-technologies-ca2/data_track2_recovery/IMG/center_2026_08_31_19_24_15_213.jpg,/Users/martin/smart-technologies-ca2/data_track2_recovery/IMG/left_2026_08_31_19_24_15_213.jpg,/Users/martin/smart-technologies-ca2/data_track2_recovery/IMG/right_2026_08_31_19_24_15_213.jpg,0.05,0,0,16.47655
/Users/martin/smart-technologies-ca2/data_track2_recovery/IMG/center_2026_08_31_19_24_15_282.jpg,/Users/martin/smart-technologies-ca2/data_track2_recovery/IMG/left_2026_08_31_19_24_15_282.jpg,/Users/martin/smart-technologies-ca2/data_track2_recovery/IMG/right_2026_08_31_19_24_15_282.jpg,0.25,0,0,16.25487
/Users/martin/smart-technologies-ca2/data_track2_recovery/IMG/center_2026_08_31_19_24_15_351.jpg,/Users/martin/smart-technologies-ca2/data_track2_recovery/IMG/left_2026_08_31_19_24_15_351.jpg,/Users/martin/smart-technologies-ca2/data_track2_recovery/IMG/right_2026_08_31_19_24_15_351.jpg,0.4,0,0,15.96417
/Users/martin/smart-technologies-ca2/data_track2_recovery/IMG/center_2026_08_31_19_24_15_418.jpg,/Users/martin/smart-technologies-ca2/data_track2_recovery/IMG/left_2026_08_31_19_24_15_418.jpg,/Users/martin/smart-technologies-ca2/data_track2_recovery/IMG/right_2026_08_31_19_24_15_418.jpg,0,0.05039728,0,15.67838
/Users/martin/smart-technologies-ca2/data_track2_recovery/IMG/center_2026_08_31_19_24_15_488.jpg,/Users/martin/smart-technologies-ca2/data_track2_recovery/IMG/left_2026_08_31_19_24_15_488.jpg,/Users/martin/smart-technologies-ca2/data_track2_recovery/IMG/right_2026_08_31_19_24_15_488.jpg,0,0.2288221,0,15.83029
/Users/martin/smart-technologies-ca2/data_track2_recovery/IMG/center_2026_08_31_19_24_15_556.jpg,/Users/martin/smart-technologies-ca2/data_track2_recovery/IMG/left_2026_08_31_19_24_15_556.jpg,/Users/martin/smart-technologies-ca2/data_track2_recovery/IMG/right_2026_08_31_19_24_15_556.jpg,0,0.4658461,0,15.97927
/Users/martin/smart-technologies-ca2/data_track2_recovery/IMG/center_2026_08_31_19_24_15_625.jpg,/Users/martin/smart-technologies-ca2/data_track2_recovery/IMG/left_2026_08_31_19_24_15_625.jpg,/Users/martin/smart-technologies-ca2/data_track2_recovery/IMG/right_2026_08_31_19_24_15_625.jpg,0,0.6485342,0,15.98818
/Users/martin/smart-technologies-ca2/data_track2_recovery/IMG/center_2026_08_31_19_24_15_694.jpg,/Users/martin/smart-technologies-ca2/data_track2_recovery/IMG/left_2026_08_31_19_24_15_694.jpg,/Users/martin/smart-technologies-ca2/data_track2_recovery/IMG/right_2026_08_31_19_24_15_694.jpg,0.05,0.8849369,0,16.65637
/Users/martin/smart-technologies-ca2/data_track2_recovery/IMG/center_2026_08_31_19_24_15_762.jpg,/Users/martin/smart-technologies-ca2/data_track2_recovery/IMG/left_2026_08_31_19_24_15_762.jpg,/Users/martin/smart-technologies-ca2/data_track2_recovery/IMG/right_2026_08_31_19_24_15_762.jpg,0.2,0.7679973,0,17.23124
/Users/martin/smart-technologies-ca2/data_track2_recovery/IMG/center_2026_08_31_19_24_15_829.jpg,/Users/martin/smart-technologies-ca2/data_track2_recovery/IMG/left_2026_08_31_19_24_15_829.jpg,/Users/martin/smart-technologies-ca2/data_track2_recovery/IMG/right_2026_08_31_19_24_15_829.jpg,0.35,0.5853542,0,17.48237
/Users/martin/smart-technologies-ca2/data_track2_recovery/IMG/center_2026_08_31_19_24_15_898.jpg,/Users/martin/smart-technologies-ca2/data_track2_recovery/IMG/left_2026_08_31_19_24_15_898.jpg,/Users/martin/smart-technologies-ca2/data_track2_recovery/IMG/right_2026_08_31_19_24_15_898.jpg,0,0.3486543,0,17.70915
/Users/martin/smart-technologies-ca2/data_track2_recovery/IMG/center_2026_08_31_19_24_15_967.jpg,/Users/martin/smart-technologies-ca2/data_track2_recovery/IMG/left_2026_08_31_19_24_15_967.jpg,/Users/martin/smart-technologies-ca2/data_track2_recovery/IMG/right_2026_08_31_19_24_15_967.jpg,0,0.4657949,0,18.04854
/Users/martin/smart-technologies-ca2/data_track2_recovery/IMG/center_2026_08_31_19_24_16_033.jpg,/Users/martin/smart-technologies-ca2/data_track2_recovery/IMG/left_2026_08_31_19_24_16_033.jpg,/Users/martin/smart-technologies-ca2/data_track2_recovery/IMG/right_2026_08_31_19_24_16_033.jpg,0,0.6463319,0,18.07107
/Users/martin/smart-technologies-ca2/data_track2_recovery/IMG/center_2026_08_31_19_24_16_102.jpg,/Users/martin/smart-technologies-ca2/data_track2_recovery/IMG/left_2026_08_31_19_24_16_102.jpg,/Users/martin/smart-technologies-ca2/data_track2_recovery/IMG/right_2026_08_31_19_24_16_102.jpg,0,0.8889989,0,18.72523
/Users/martin/smart-technologies-ca2/data_track2_recovery/IMG/center_2026_08_31_19_24_16_169.jpg,/Users/martin/smart-technologies-ca2/data_track2_recovery/IMG/left_2026_08_31_19_24_16_169.jpg,/Users/martin/smart-technologies-ca2/data_track2_recovery/IMG/right_2026_08_31_19_24_16_169.jpg,0,1,0,19.50836
/Users/martin/smart-technologies-ca2/data_track2_recovery/IMG/center_2026_08_31_19_24_16_237.jpg,/Users/martin/smart-technologies-ca2/data_track2_recovery/IMG/left_2026_08_31_19_24_16_237.jpg,/Users/martin/smart-technologies-ca2/data_track2_recovery/IMG/right_2026_08_31_19_24_16_237.jpg,0,1,0,20.30075
/Users/martin/smart-technologies-ca2/data_track2_recovery/IMG/center_2026_08_31_19_24_16_306.jpg,/Users/martin/smart-technologies-ca2/data_track2_recovery/IMG/left_2026_08_31_19_24_16_306.jpg,/Users/martin/smart-technologies-ca2/data_track2_recovery/IMG/right_2026_08_31_19_24_16_306.jpg,0.15,1,0,20.80225
/Users/martin/smart-technologies-ca2/data_track2_recovery/IMG/center_2026_08_31_19_24_16_375.jpg,/Users/martin/smart-technologies-ca2/data_track2_recovery/IMG/left_2026_08_31_19_24_16_375.jpg,/Users/martin/smart-technologies-ca2/data_track2_recovery/IMG/right_2026_08_31_19_24_16_375.jpg,0.35,1,0,21.55978
/Users/martin/smart-technologies-ca2/data_track2_recovery/IMG/center_2026_08_31_19_24_16_443.jpg,/Users/martin/smart-technologies-ca2/data_track2_recovery/IMG/left_2026_08_31_19_24_16_443.jpg,/Users/martin/smart-technologies-ca2/data_track2_recovery/IMG/right_2026_08_31_19_24_16_443.jpg,0.5000001,1,0,22.1175
/Users/martin/smart-technologies-ca2/data_track2_recovery/IMG/center_2026_08_31_19_24_16_510.jpg,/Users/martin/smart-technologies-ca2/data_track2_recovery/IMG/left_2026_08_31_19_24_16_510.jpg,/Users/martin/smart-technologies-ca2/data_track2_recovery/IMG/right_2026_08_31_19_24_16_510.jpg,0.6500001,1,0,22.55126
/Users/martin/smart-technologies-ca2/data_track2_recovery/IMG/center_2026_08_31_19_24_16_577.jpg,/Users/martin/smart-technologies-ca2/data_track2_recovery/IMG/left_2026_08_31_19_24_16_577.jpg,/Users/martin/smart-technologies-ca2/data_track2_recovery/IMG/right_2026_08_31_19_24_16_577.jpg,0.8500001,1,0,23.1105
/Users/martin/smart-technologies-ca2/data_track2_recovery/IMG/center_2026_08_31_19_24_16_644.jpg,/Users/martin/smart-technologies-ca2/data_track2_recovery/IMG/left_2026_08_31_19_24_16_644.jpg,/Users/martin/smart-technologies-ca2/data_track2_recovery/IMG/right_2026_08_31_19_24_16_644.jpg,1,1,0,23.48358
/Users/martin/smart-technologies-ca2/data_track2_recovery/IMG/center_2026_08_31_19_24_16_711.jpg,/Users/martin/smart-technologies-ca2/data_track2_recovery/IMG/left_2026_08_31_19_24_16_711.jpg,/Users/martin/smart-technologies-ca2/data_track2_recovery/IMG/right_2026_08_31_19_24_16_711.jpg,0,1,0,23.9705
/Users/martin/smart-technologies-ca2/data_track2_recovery/IMG/center_2026_08_31_19_24_16_777.jpg,/Users/martin/smart-technologies-ca2/data_track2_recovery/IMG/left_2026_08_31_19_24_16_777.jpg,/Users/martin/smart-technologies-ca2/data_track2_recovery/IMG/right_2026_08_31_19_24_16_777.jpg,0.05,1,0,24.67916
/Users/martin/smart-technologies-ca2/data_track2_recovery/IMG/center_2026_08_31_19_24_16_844.jpg,/Users/martin/smart-technologies-ca2/data_track2_recovery/IMG/left_2026_08_31_19_24_16_844.jpg,/Users/martin/smart-technologies-ca2/data_track2_recovery/IMG/right_2026_08_31_19_24_16_844.jpg,0.2,1,0,25.25926
/Users/martin/smart-technologies-ca2/data_track2_recovery/IMG/center_2026_08_31_19_24_16_913.jpg,/Users/martin/smart-technologies-ca2/data_track2_recovery/IMG/left_2026_08_31_19_24_16_913.jpg,/Users/martin/smart-technologies-ca2/data_track2_recovery/IMG/right_2026_08_31_19_24_16_913.jpg,0,1,0,25.82348
/Users/martin/smart-technologies-ca2/data_track2_recovery/IMG/center_2026_08_31_19_24_16_982.jpg,/Users/martin/smart-technologies-ca2/data_track2_recovery/IMG/left_2026_08_31_19_24_16_982.jpg,/Users/martin/smart-technologies-ca2/data_track2_recovery/IMG/right_2026_08_31_19_24_16_982.jpg,0,1,0,26.57851
/Users/martin/smart-technologies-ca2/data_track2_recovery/IMG/center_2026_08_31_19_24_17_050.jpg,/Users/martin/smart-technologies-ca2/data_track2_recovery/IMG/left_2026_08_31_19_24_17_050.jpg,/Users/martin/smart-technologies-ca2/data_track2_recovery/IMG/right_2026_08_31_19_24_17_050.jpg,0,1,0,27.14345
/Users/martin/smart-technologies-ca2/data_track2_recovery/IMG/center_2026_08_31_19_24_17_119.jpg,/Users/martin/smart-technologies-ca2/data_track2_recovery/IMG/left_2026_08_31_19_24_17_119.jpg,/Users/martin/smart-technologies-ca2/data_track2_recovery/IMG/right_2026_08_31_19_24_17_119.jpg,0.05,1,0,27.89199
/Users/martin/smart-technologies-ca2/data_track2_recovery/IMG/center_2026_08_31_19_24_17_185.jpg,/Users/martin/smart-technologies-ca2/data_track2_recovery/IMG/left_2026_08_31_19_24_17_185.jpg,/Users/martin/smart-technologies-ca2/data_track2_recovery/IMG/right_2026_08_31_19_24_17_185.jpg,0.2,1,0,28.43495
/Users/martin/smart-technologies-ca2/data_track2_recovery/IMG/center_2026_08_31_19_24_17_254.jpg,/Users/martin/smart-technologies-ca2/data_track2_recovery/IMG/left_2026_08_31_19_24_17_254.jpg,/Users/martin/smart-technologies-ca2/data_track2_recovery/IMG/right_2026_08_31_19_24_17_254.jpg,0.4,1,0,29.08827
/Users/martin/smart-technologies-ca2/data_track2_recovery/IMG/center_2026_08_31_19_24_17_321.jpg,/Users/martin/smart-technologies-ca2/data_track2_recovery/IMG/left_2026_08_31_19_24_17_321.jpg,/Users/martin/smart-technologies-ca2/data_track2_recovery/IMG/right_2026_08_31_19_24_17_321.jpg,0.5500001,1,0,29.51492
/Users/martin/smart-technologies-ca2/data_track2_recovery/IMG/center_2026_08_31_19_24_17_389.jpg,/Users/martin/smart-technologies-ca2/data_track2_recovery/IMG/left_2026_08_31_19_24_17_389.jpg,/Users/martin/smart-technologies-ca2/data_track2_recovery/IMG/right_2026_08_31_19_24_17_389.jpg,0.7,1,0,29.8855
/Users/martin/smart-technologies-ca2/data_track2_recovery/IMG/center_2026_08_31_19_24_17_457.jpg,/Users/martin/smart-technologies-ca2/data_track2_recovery/IMG/left_2026_08_31_19_24_17_457.jpg,/Users/martin/smart-technologies-ca2/data_track2_recovery/IMG/right_2026_08_31_19_24_17_457.jpg,0.9000002,1,0,30.101
/Users/martin/smart-technologies-ca2/data_track2_recovery/IMG/center_2026_08_31_19_24_17_526.jpg,/Users/martin/smart-technologies-ca2/data_track2_recovery/IMG/left_2026_08_31_19_24_17_526.jpg,/Users/martin/smart-technologies-ca2/data_track2_recovery/IMG/right_2026_08_31_19_24_17_526.jpg,0,1,0,30.16211
/Users/martin/smart-technologies-ca2/data_track2_recovery/IMG/center_2026_08_31_19_24_17_593.jpg,/Users/martin/smart-technologies-ca2/data_track2_recovery/IMG/left_2026_08_31_19_24_17_593.jpg,/Users/martin/smart-technologies-ca2/data_track2_recovery/IMG/right_2026_08_31_19_24_17_593.jpg,0,1,0,30.1751
/Users/martin/smart-technologies-ca2/data_track2_recovery/IMG/center_2026_08_31_19_24_17_660.jpg,/Users/martin/smart-technologies-ca2/data_track2_recovery/IMG/left_2026_08_31_19_24_17_660.jpg,/Users/martin/smart-technologies-ca2/data_track2_recovery/IMG/right_2026_08_31_19_24_17_660.jpg,0.2,1,0,30.19191
/Users/martin/smart-technologies-ca2/data_track2_recovery/IMG/center_2026_08_31_19_24_17_729.jpg,/Users/martin/smart-technologies-ca2/data_track2_recovery/IMG/left_2026_08_31_19_24_17_729.jpg,/Users/martin/smart-technologies-ca2/data_track2_recovery/IMG/right_2026_08_31_19_24_17_729.jpg,0,1,0,30.18852
/Users/martin/smart-technologies-ca2/data_track2_recovery/IMG/center_2026_08_31_19_24_17_797.jpg,/Users/martin/smart-technologies-ca2/data_track2_recovery/IMG/left_2026_08_31_19_24_17_797.jpg,/Users/martin/smart-technologies-ca2/data_track2_recovery/IMG/right_2026_08_31_19_24_17_797.jpg,0.1,1,0,30.19133
/Users/martin/smart-technologies-ca2/data_track2_recovery/IMG/center_2026_08_31_19_24_17_864.jpg,/Users/martin/smart-technologies-ca2/data_track2_recovery/IMG/left_2026_08_31_19_24_17_864.jpg,/Users/martin/smart-technologies-ca2/data_track2_recovery/IMG/right_2026_08_31_19_24_17_864.jpg,0.25,1,0,30.18196
/Users/martin/smart-technologies-ca2/data_track2_recovery/IMG/center_2026_08_31_19_24_17_931.jpg,/Users/martin/smart-technologies-ca2/data_track2_recovery/IMG/left_2026_08_31_19_24_17_931.jpg,/Users/martin/smart-technologies-ca2/data_track2_recovery/IMG/right_2026_08_31_19_24_17_931.jpg,0.4,1,0,30.16372
/Users/martin/smart-technologies-ca2/data_track2_recovery/IMG/center_2026_08_31_19_24_18_000.jpg,/Users/martin/smart-technologies-ca2/data_track2_recovery/IMG/left_2026_08_31_19_24_18_000.jpg,/Users/martin/smart-technologies-ca2/data_track2_recovery/IMG/right_2026_08_31_19_24_18_000.jpg,0.6000001,1,0,30.13709
/Users/martin/smart-technologies-ca2/data_track2_recovery/IMG/center_2026_08_31_19_24_18_067.jpg,/Users/martin/smart-technologies-ca2/data_track2_recovery/IMG/left_2026_08_31_19_24_18_067.jpg,/Users/martin/smart-technologies-ca2/data_track2_recovery/IMG/right_2026_08_31_19_24_18_067.jpg,0.7500002,1,0,30.11743
/Users/martin/smart-technologies-ca2/data_track2_recovery/IMG/center_2026_08_31_19_24_18_138.jpg,/Users/martin/smart-technologies-ca2/data_track2_recovery/IMG/left_2026_08_31_19_24_18_138.jpg,/Users/martin/smart-technologies-ca2/data_track2_recovery/IMG/right_2026_08_31_19_24_18_138.jpg,0,1,0,30.18209
/Users/martin/smart-technologies-ca2/data_track2_recovery/IMG/center_2026_08_31_19_24_18_206.jpg,/Users/martin/smart-technologies-ca2/data_track2_recovery/IMG/left_2026_08_31_19_24_18_206.jpg,/Users/martin/smart-technologies-ca2/data_track2_recovery/IMG/right_2026_08_31_19_24_18_206.jpg,0.05,1,0,30.18937
/Users/martin/smart-technologies-ca2/data_track2_recovery/IMG/center_2026_08_31_19_24_18_276.jpg,/Users/martin/smart-technologies-ca2/data_track2_recovery/IMG/left_2026_08_31_19_24_18_276.jpg,/Users/martin/smart-technologies-ca2/data_track2_recovery/IMG/right_2026_08_31_19_24_18_276.jpg,0.25,1,0,30.18388
/Users/martin/smart-technologies-ca2/data_track2_recovery/IMG/center_2026_08_31_19_24_18_342.jpg,/Users/martin/smart-technologies-ca2/data_track2_recovery/IMG/left_2026_08_31_19_24_18_342.jpg,/Users/martin/smart-technologies-ca2/data_track2_recovery/IMG/right_2026_08_31_19_24_18_342.jpg,0.4,1,0,30.16571
/Users/martin/smart-technologies-ca2/data_track2_recovery/IMG/center_2026_08_31_19_24_18_409.jpg,/Users/martin/smart-technologies-ca2/data_track2_recovery/IMG/left_2026_08_31_19_24_18_409.jpg,/Users/martin/smart-technologies-ca2/data_track2_recovery/IMG/right_2026_08_31_19_24_18_409.jpg,0,1,0,30.18763
/Users/martin/smart-technologies-ca2/data_track2_recovery/IMG/center_2026_08_31_19_24_18_478.jpg,/Users/martin/smart-technologies-ca2/data_track2_recovery/IMG/left_2026_08_31_19_24_18_478.jpg,/Users/martin/smart-technologies-ca2/data_track2_recovery/IMG/right_2026_08_31_19_24_18_478.jpg,0,1,0,30.18998
/Users/martin/smart-technologies-ca2/data_track2_recovery/IMG/center_2026_08_31_19_24_18_545.jpg,/Users/martin/smart-technologies-ca2/data_track2_recovery/IMG/left_2026_08_31_19_24_18_545.jpg,/Users/martin/smart-technologies-ca2/data_track2_recovery/IMG/right_2026_08_31_19_24_18_545.jpg,0,1,0,30.19028
/Users/martin/smart-technologies-ca2/data_track2_recovery/IMG/center_2026_08_31_19_24_18_615.jpg,/Users/martin/smart-technologies-ca2/data_track2_recovery/IMG/left_2026_08_31_19_24_18_615.jpg,/Users/martin/smart-technologies-ca2/data_track2_recovery/IMG/right_2026_08_31_19_24_18_615.jpg,0,1,0,30.19028
/Users/martin/smart-technologies-ca2/data_track2_recovery/IMG/center_2026_08_31_19_24_18_681.jpg,/Users/martin/smart-technologies-ca2/data_track2_recovery/IMG/left_2026_08_31_19_24_18_681.jpg,/Users/martin/smart-technologies-ca2/data_track2_recovery/IMG/right_2026_08_31_19_24_18_681.jpg,0,1,0,30.19028
/Users/martin/smart-technologies-ca2/data_track2_recovery/IMG/center_2026_08_31_19_24_18_750.jpg,/Users/martin/smart-technologies-ca2/data_track2_recovery/IMG/left_2026_08_31_19_24_18_750.jpg,/Users/martin/smart-technologies-ca2/data_track2_recovery/IMG/right_2026_08_31_19_24_18_750.jpg,0,1,0,30.19035
/Users/martin/smart-technologies-ca2/data_track2_recovery/IMG/center_2026_08_31_19_24_18_817.jpg,/Users/martin/smart-technologies-ca2/data_track2_recovery/IMG/left_2026_08_31_19_24_18_817.jpg,/Users/martin/smart-technologies-ca2/data_track2_recovery/IMG/right_2026_08_31_19_24_18_817.jpg,0,1,0,30.1904
/Users/martin/smart-technologies-ca2/data_track2_recovery/IMG/center_2026_08_31_19_24_18_884.jpg,/Users/martin/smart-technologies-ca2/data_track2_recovery/IMG/left_2026_08_31_19_24_18_884.jpg,/Users/martin/smart-technologies-ca2/data_track2_recovery/IMG/right_2026_08_31_19_24_18_884.jpg,0,1,0,30.19031
/Users/martin/smart-technologies-ca2/data_track2_recovery/IMG/center_2026_08_31_19_24_18_954.jpg,/Users/martin/smart-technologies-ca2/data_track2_recovery/IMG/left_2026_08_31_19_24_18_954.jpg,/Users/martin/smart-technologies-ca2/data_track2_recovery/IMG/right_2026_08_31_19_24_18_954.jpg,0,1,0,30.1903
/Users/martin/smart-technologies-ca2/data_track2_recovery/IMG/center_2026_08_31_19_24_19_023.jpg,/Users/martin/smart-technologies-ca2/data_track2_recovery/IMG/left_2026_08_31_19_24_19_023.jpg,/Users/martin/smart-technologies-ca2/data_track2_recovery/IMG/right_2026_08_31_19_24_19_023.jpg,0,1,0,30.19027
/Users/martin/smart-technologies-ca2/data_track2_recovery/IMG/center_2026_08_31_19_24_19_090.jpg,/Users/martin/smart-technologies-ca2/data_track2_recovery/IMG/left_2026_08_31_19_24_19_090.jpg,/Users/martin/smart-technologies-ca2/data_track2_recovery/IMG/right_2026_08_31_19_24_19_090.jpg,0,1,0,30.19018
/Users/martin/smart-technologies-ca2/data_track2_recovery/IMG/center_2026_08_31_19_24_19_159.jpg,/Users/martin/smart-technologies-ca2/data_track2_recovery/IMG/left_2026_08_31_19_24_19_159.jpg,/Users/martin/smart-technologies-ca2/data_track2_recovery/IMG/right_2026_08_31_19_24_19_159.jpg,0,1,0,30.19029
/Users/martin/smart-technologies-ca2/data_track2_recovery/IMG/center_2026_08_31_19_24_19_228.jpg,/Users/martin/smart-technologies-ca2/data_track2_recovery/IMG/left_2026_08_31_19_24_19_228.jpg,/Users/martin/smart-technologies-ca2/data_track2_recovery/IMG/right_2026_08_31_19_24_19_228.jpg,0.15,1,0,30.1842
/Users/martin/smart-technologies-ca2/data_track2_recovery/IMG/center_2026_08_31_19_24_19_296.jpg,/Users/martin/smart-technologies-ca2/data_track2_recovery/IMG/left_2026_08_31_19_24_19_296.jpg,/Users/martin/smart-technologies-ca2/data_track2_recovery/IMG/right_2026_08_31_19_24_19_296.jpg,0.35,1,0,30.16339
/Users/martin/smart-technologies-ca2/data_track2_recovery/IMG/center_2026_08_31_19_24_19_362.jpg,/Users/martin/smart-technologies-ca2/data_track2_recovery/IMG/left_2026_08_31_19_24_19_362.jpg,/Users/martin/smart-technologies-ca2/data_track2_recovery/IMG/right_2026_08_31_19_24_19_362.jpg,0.5000001,1,0,30.14551
/Users/martin/smart-technologies-ca2/data_track2_recovery/IMG/center_2026_08_31_19_24_19_429.jpg,/Users/martin/smart-technologies-ca2/data_track2_recovery/IMG/left_2026_08_31_19_24_19_429.jpg,/Users/martin/smart-technologies-ca2/data_track2_recovery/IMG/right_2026_08_31_19_24_19_429.jpg,0.6500001,1,0,30.12681
/Users/martin/smart-technologies-ca2/data_track2_recovery/IMG/center_2026_08_31_19_24_19_498.jpg,/Users/martin/smart-technologies-ca2/data_track2_recovery/IMG/left_2026_08_31_19_24_19_498.jpg,/Users/martin/smart-technologies-ca2/data_track2_recovery/IMG/right_2026_08_31_19_24_19_498.jpg,0,1,0,30.18384
/Users/martin/smart-technologies-ca2/data_track2_recovery/IMG/center_2026_08_31_19_24_19_565.jpg,/Users/martin/smart-technologies-ca2/data_track2_recovery/IMG/left_2026_08_31_19_24_19_565.jpg,/Users/martin/smart-technologies-ca2/data_track2_recovery/IMG/right_2026_08_31_19_24_19_565.jpg,0.05,1,0,30.1899
/Users/martin/smart-technologies-ca2/data_track2_recovery/IMG/center_2026_08_31_19_24_19_634.jpg,/Users/martin/smart-technologies-ca2/data_track2_recovery/IMG/left_2026_08_31_19_24_19_634.jpg,/Users/martin/smart-technologies-ca2/data_track2_recovery/IMG/right_2026_08_31_19_24_19_634.jpg,0.25,1,0,30.18215
/Users/martin/smart-technologies-ca2/data_track2_recovery/IMG/center_2026_08_31_19_24_19_701.jpg,/Users/martin/smart-technologies-ca2/data_track2_recovery/IMG/left_2026_08_31_19_24_19_701.jpg,/Users/martin/smart-technologies-ca2/data_track2_recovery/IMG/right_2026_08_31_19_24_19_701.jpg,0.4,1,0,30.16398
/Users/martin/smart-technologies-ca2/data_track2_recovery/IMG/center_2026_08_31_19_24_19_770.jpg,/Users/martin/smart-technologies-ca2/data_track2_recovery/IMG/left_2026_08_31_19_24_19_770.jpg,/Users/martin/smart-technologies-ca2/data_track2_recovery/IMG/right_2026_08_31_19_24_19_770.jpg,0.5500001,1,0,30.14406
/Users/martin/smart-technologies-ca2/data_track2_recovery/IMG/center_2026_08_31_19_24_19_838.jpg,/Users/martin/smart-technologies-ca2/data_track2_recovery/IMG/left_2026_08_31_19_24_19_838.jpg,/Users/martin/smart-technologies-ca2/data_track2_recovery/IMG/right_2026_08_31_19_24_19_838.jpg,0.7500002,1,0,30.11786
/Users/martin/smart-technologies-ca2/data_track2_recovery/IMG/center_2026_08_31_19_24_19_904.jpg,/Users/martin/smart-technologies-ca2/data_track2_recovery/IMG/left_2026_08_31_19_24_19_904.jpg,/Users/martin/smart-technologies-ca2/data_track2_recovery/IMG/right_2026_08_31_19_24_19_904.jpg,0.9000002,1,0,30.10229
/Users/martin/smart-technologies-ca2/data_track2_recovery/IMG/center_2026_08_31_19_24_19_974.jpg,/Users/martin/smart-technologies-ca2/data_track2_recovery/IMG/left_2026_08_31_19_24_19_974.jpg,/Users/martin/smart-technologies-ca2/data_track2_recovery/IMG/right_2026_08_31_19_24_19_974.jpg,0,1,0,30.17155
/Users/martin/smart-technologies-ca2/data_track2_recovery/IMG/center_2026_08_31_19_24_20_041.jpg,/Users/martin/smart-technologies-ca2/data_track2_recovery/IMG/left_2026_08_31_19_24_20_041.jpg,/Users/martin/smart-technologies-ca2/data_track2_recovery/IMG/right_2026_08_31_19_24_20_041.jpg,0,1,0,30.18218
/Users/martin/smart-technologies-ca2/data_track2_recovery/IMG/center_2026_08_31_19_24_20_108.jpg,/Users/martin/smart-technologies-ca2/data_track2_recovery/IMG/left_2026_08_31_19_24_20_108.jpg,/Users/martin/smart-technologies-ca2/data_track2_recovery/IMG/right_2026_08_31_19_24_20_108.jpg,-0.15,1,0,30.17082
/Users/martin/smart-technologies-ca2/data_track2_recovery/IMG/center_2026_08_31_19_24_20_178.jpg,/Users/martin/smart-technologies-ca2/data_track2_recovery/IMG/left_2026_08_31_19_24_20_178.jpg,/Users/martin/smart-technologies-ca2/data_track2_recovery/IMG/right_2026_08_31_19_24_20_178.jpg,-0.35,1,0,30.15166
/Users/martin/smart-technologies-ca2/data_track2_recovery/IMG/center_2026_08_31_19_24_20_245.jpg,/Users/martin/smart-technologies-ca2/data_track2_recovery/IMG/left_2026_08_31_19_24_20_245.jpg,/Users/martin/smart-technologies-ca2/data_track2_recovery/IMG/right_2026_08_31_19_24_20_245.jpg,-0.5000001,1,0,30.13635
/Users/martin/smart-technologies-ca2/data_track2_recovery/IMG/center_2026_08_31_19_24_20_315.jpg,/Users/martin/smart-technologies-ca2/data_track2_recovery/IMG/left_2026_08_31_19_24_20_315.jpg,/Users/martin/smart-technologies-ca2/data_track2_recovery/IMG/right_2026_08_31_19_24_20_315.jpg,-0.7,1,0,30.11584
/Users/martin/smart-technologies-ca2/data_track2_recovery/IMG/center_2026_08_31_19_24_20_383.jpg,/Users/martin/smart-technologies-ca2/data_track2_recovery/IMG/left_2026_08_31_19_24_20_383.jpg,/Users/martin/smart-technologies-ca2/data_track2_recovery/IMG/right_2026_08_31_19_24_20_383.jpg,-0.8500001,1,0,30.10329
/Users/martin/smart-technologies-ca2/data_track2_recovery/IMG/center_2026_08_31_19_24_20_451.jpg,/Users/martin/smart-technologies-ca2/data_track2_recovery/IMG/left_2026_08_31_19_24_20_451.jpg,/Users/martin/smart-technologies-ca2/data_track2_recovery/IMG/right_2026_08_31_19_24_20_451.jpg,0,1,0,30.15903
/Users/martin/smart-technologies-ca2/data_track2_recovery/IMG/center_2026_08_31_19_24_20_521.jpg,/Users/martin/smart-technologies-ca2/data_track2_recovery/IMG/left_2026_08_31_19_24_20_521.jpg,/Users/martin/smart-technologies-ca2/data_track2_recovery/IMG/right_2026_08_31_19_24_20_521.jpg,0,1,0,30.17741
/Users/martin/smart-technologies-ca2/data_track2_recovery/IMG/center_2026_08_31_19_24_20_590.jpg,/Users/martin/smart-technologies-ca2/data_track2_recovery/IMG/left_2026_08_31_19_24_20_590.jpg,/Users/martin/smart-technologies-ca2/data_track2_recovery/IMG/right_2026_08_31_19_24_20_590.jpg,0,1,0,30.1866
/Users/martin/smart-technologies-ca2/data_track2_recovery/IMG/center_2026_08_31_19_24_20_657.jpg,/Users/martin/smart-technologies-ca2/data_track2_recovery/IMG/left_2026_08_31_19_24_20_657.jpg,/Users/martin/smart-technologies-ca2/data_track2_recovery/IMG/right_2026_08_31_19_24_20_657.jpg,-0.1,1,0,30.19113
/Users/martin/smart-technologies-ca2/data_track2_recovery/IMG/center_2026_08_31_19_24_20_725.jpg,/Users/martin/smart-technologies-ca2/data_track2_recovery/IMG/left_2026_08_31_19_24_20_725.jpg,/Users/martin/smart-technologies-ca2/data_track2_recovery/IMG/right_2026_08_31_19_24_20_725.jpg,0,1,0,30.18925
/Users/martin/smart-technologies-ca2/data_track2_recovery/IMG/center_2026_08_31_19_24_20_795.jpg,/Users/martin/smart-technologies-ca2/data_track2_recovery/IMG/left_2026_08_31_19_24_20_795.jpg,/Users/martin/smart-technologies-ca2/data_track2_recovery/IMG/right_2026_08_31_19_24_20_795.jpg,0,1,0,30.18989
/Users/martin/smart-technologies-ca2/data_track2_recovery/IMG/center_2026_08_31_19_24_20_864.jpg,/Users/martin/smart-technologies-ca2/data_track2_recovery/IMG/left_2026_08_31_19_24_20_864.jpg,/Users/martin/smart-technologies-ca2/data_track2_recovery/IMG/right_2026_08_31_19_24_20_864.jpg,0.05,1,0,30.18923
/Users/martin/smart-technologies-ca2/data_track2_recovery/IMG/center_2026_08_31_19_24_20_930.jpg,/Users/martin/smart-technologies-ca2/data_track2_recovery/IMG/left_2026_08_31_19_24_20_930.jpg,/Users/martin/smart-technologies-ca2/data_track2_recovery/IMG/right_2026_08_31_19_24_20_930.jpg,0.2,1,0,30.17804
/Users/martin/smart-technologies-ca2/data_track2_recovery/IMG/center_2026_08_31_19_24_20_999.jpg,/Users/martin/smart-technologies-ca2/data_track2_recovery/IMG/left_2026_08_31_19_24_20_999.jpg,/Users/martin/smart-technologies-ca2/data_track2_recovery/IMG/right_2026_08_31_19_24_20_999.jpg,0.4,0.780679,0,30.11224
/Users/martin/smart-technologies-ca2/data_track2_recovery/IMG/center_2026_08_31_19_24_21_067.jpg,/Users/martin/smart-technologies-ca2/data_track2_recovery/IMG/left_2026_08_31_19_24_21_067.jpg,/Users/martin/smart-technologies-ca2/data_track2_recovery/IMG/right_2026_08_31_19_24_21_067.jpg,0,0.595912,0,30.09842
/Users/martin/smart-technologies-ca2/data_track2_recovery/IMG/center_2026_08_31_19_24_21_135.jpg,/Users/martin/smart-technologies-ca2/data_track2_recovery/IMG/left_2026_08_31_19_24_21_135.jpg,/Users/martin/smart-technologies-ca2/data_track2_recovery/IMG/right_2026_08_31_19_24_21_135.jpg,0,0.3595271,0,30.04254
/Users/martin/smart-technologies-ca2/data_track2_recovery/IMG/center_2026_08_31_19_24_21_201.jpg,/Users/martin/smart-technologies-ca2/data_track2_recovery/IMG/left_2026_08_31_19_24_21_201.jpg,/Users/martin/smart-technologies-ca2/data_track2_recovery/IMG/right_2026_08_31_19_24_21_201.jpg,0,0.2967849,0,29.94269
/Users/martin/smart-technologies-ca2/data_track2_recovery/IMG/center_2026_08_31_19_24_21_269.jpg,/Users/martin/smart-technologies-ca2/data_track2_recovery/IMG/left_2026_08_31_19_24_21_269.jpg,/Users/martin/smart-technologies-ca2/data_track2_recovery/IMG/right_2026_08_31_19_24_21_269.jpg,0,0.477133,0,30.0322
/Users/martin/smart-technologies-ca2/data_track2_recovery/IMG/center_2026_08_31_19_24_21_338.jpg,/Users/martin/smart-technologies-ca2/data_track2_recovery/IMG/left_2026_08_31_19_24_21_338.jpg,/Users/martin/smart-technologies-ca2/data_track2_recovery/IMG/right_2026_08_31_19_24_21_338.jpg,0.05,0.7191699,0,30.10143
/Users/martin/smart-technologies-ca2/data_track2_recovery/IMG/center_2026_08_31_19_24_21_406.jpg,/Users/martin/smart-technologies-ca2/data_track2_recovery/IMG/left_2026_08_31_19_24_21_406.jpg,/Users/martin/smart-technologies-ca2/data_track2_recovery/IMG/right_2026_08_31_19_24_21_406.jpg,0.2,0.6125317,0,30.0725
/Users/martin/smart-technologies-ca2/data_track2_recovery/IMG/center_2026_08_31_19_24_21_475.jpg,/Users/martin/smart-technologies-ca2/data_track2_recovery/IMG/left_2026_08_31_19_24_21_475.jpg,/Users/martin/smart-technologies-ca2/data_track2_recovery/IMG/right_2026_08_31_19_24_21_475.jpg,0.4,0.3710828,0,29.96168
/Users/martin/smart-technologies-ca2/data_track2_recovery/IMG/center_2026_08_31_19_24_21_542.jpg,/Users/martin/smart-technologies-ca2/data_track2_recovery/IMG/left_2026_08_31_19_24_21_542.jpg,/Users/martin/smart-technologies-ca2/data_track2_recovery/IMG/right_2026_08_31_19_24_21_542.jpg,0.5500001,0.1862285,0,29.81592
/Users/martin/smart-technologies-ca2/data_track2_recovery/IMG/center_2026_08_31_19_24_21_612.jpg,/Users/martin/smart-technologies-ca2/data_track2_recovery/IMG/left_2026_08_31_19_24_21_612.jpg,/Users/martin/smart-technologies-ca2/data_track2_recovery/IMG/right_2026_08_31_19_24_21_612.jpg,0.7,0.01168251,0,29.20962
/Users/martin/smart-technologies-ca2/data_track2_recovery/IMG/center_2026_08_31_19_24_21_679.jpg,/Users/martin/smart-technologies-ca2/data_track2_recovery/IMG/left_2026_08_31_19_24_21_679.jpg,/Users/martin/smart-technologies-ca2/data_track2_recovery/IMG/right_2026_08_31_19_24_21_679.jpg,0,0.1169819,0,28.64554
/Users/martin/smart-technologies-ca2/data_track2_recovery/IMG/center_2026_08_31_19_24_21_748.jpg,/Users/martin/smart-technologies-ca2/data_track2_recovery/IMG/left_2026_08_31_19_24_21_748.jpg,/Users/martin/smart-technologies-ca2/data_track2_recovery/IMG/right_2026_08_31_19_24_21_748.jpg,0,0.2916001,0,28.52244
/Users/martin/smart-technologies-ca2/data_track2_recovery/IMG/center_2026_08_31_19_24_21_816.jpg,/Users/martin/smart-technologies-ca2/data_track2_recovery/IMG/left_2026_08_31_19_24_21_816.jpg,/Users/martin/smart-technologies-ca2/data_track2_recovery/IMG/right_2026_08_31_19_24_21_816.jpg,0.15,0.537288,0,28.50837
/Users/martin/smart-technologies-ca2/data_track2_recovery/IMG/center_2026_08_31_19_24_21_885.jpg,/Users/martin/smart-technologies-ca2/data_track2_recovery/IMG/left_2026_08_31_19_24_21_885.jpg,/Users/martin/smart-technologies-ca2/data_track2_recovery/IMG/right_2026_08_31_19_24_21_885.jpg,0.3,0.7187791,0,28.33479
/Users/martin/smart-technologies-ca2/data_track2_recovery/IMG/center_2026_08_31_19_24_21_955.jpg,/Users/martin/smart-technologies-ca2/data_track2_recovery/IMG/left_2026_08_31_19_24_21_955.jpg,/Users/martin/smart-technologies-ca2/data_track2_recovery/IMG/right_2026_08_31_19_24_21_955.jpg,0.5000001,0.953373,0,28.47259
/Users/martin/smart-technologies-ca2/data_track2_recovery/IMG/center_2026_08_31_19_24_22_024.jpg,/Users/martin/smart-technologies-ca2/data_track2_recovery/IMG/left_2026_08_31_19_24_22_024.jpg,/Users/martin/smart-technologies-ca2/data_track2_recovery/IMG/right_2026_08_31_19_24_22_024.jpg,0.6500001,0.8971362,0,28.57189
/Users/martin/smart-technologies-ca2/data_track2_recovery/IMG/center_2026_08_31_19_24_22_091.jpg,/Users/martin/smart-technologies-ca2/data_track2_recovery/IMG/left_2026_08_31_19_24_22_091.jpg,/Users/martin/smart-technologies-ca2/data_track2_recovery/IMG/right_2026_08_31_19_24_22_091.jpg,0,0.7153389,0,28.70824
/Users/martin/smart-technologies-ca2/data_track2_recovery/IMG/center_2026_08_31_19_24_22_159.jpg,/Users/martin/smart-technologies-ca2/data_track2_recovery/IMG/left_2026_08_31_19_24_22_159.jpg,/Users/martin/smart-technologies-ca2/data_track2_recovery/IMG/right_2026_08_31_19_24_22_159.jpg,0,0.4723362,0,28.65055
/Users/martin/smart-technologies-ca2/data_track2_recovery/IMG/center_2026_08_31_19_24_22_226.jpg,/Users/martin/smart-technologies-ca2/data_track2_recovery/IMG/left_2026_08_31_19_24_22_226.jpg,/Users/martin/smart-technologies-ca2/data_track2_recovery/IMG/right_2026_08_31_19_24_22_226.jpg,0.1,0.3893683,0,28.45763
/Users/martin/smart-technologies-ca2/data_track2_recovery/IMG/center_2026_08_31_19_24_22_296.jpg,/Users/martin/smart-technologies-ca2/data_track2_recovery/IMG/left_2026_08_31_19_24_22_296.jpg,/Users/martin/smart-technologies-ca2/data_track2_recovery/IMG/right_2026_08_31_19_24_22_296.jpg,0.3,0.6317892,0,28.30629
/Users/martin/smart-technologies-ca2/data_track2_recovery/IMG/center_2026_08_31_19_24_22_365.jpg,/Users/martin/smart-technologies-ca2/data_track2_recovery/IMG/left_2026_08_31_19_24_22_365.jpg,/Users/martin/smart-technologies-ca2/data_track2_recovery/IMG/right_2026_08_31_19_24_22_365.jpg,0.45,0.8045592,0,28.31919
/Users/martin/smart-technologies-ca2/data_track2_recovery/IMG/center_2026_08_31_19_24_22_435.jpg,/Users/martin/smart-technologies-ca2/data_track2_recovery/IMG/left_2026_08_31_19_24_22_435.jpg,/Users/martin/smart-technologies-ca2/data_track2_recovery/IMG/right_2026_08_31_19_24_22_435.jpg,0.6500001,0.9882551,0,28.41213
/Users/martin/smart-technologies-ca2/data_track2_recovery/IMG/center_2026_08_31_19_24_22_504.jpg,/Users/martin/smart-technologies-ca2/data_track2_recovery/IMG/left_2026_08_31_19_24_22_504.jpg,/Users/martin/smart-technologies-ca2/data_track2_recovery/IMG/right_2026_08_31_19_24_22_504.jpg,0,0.8061793,0,28.45152
/Users/martin/smart-technologies-ca2/data_track2_recovery/IMG/center_2026_08_31_19_24_22_571.jpg,/Users/martin/smart-technologies-ca2/data_track2_recovery/IMG/left_2026_08_31_19_24_22_571.jpg,/Users/martin/smart-technologies-ca2/data_track2_recovery/IMG/right_2026_08_31_19_24_22_571.jpg,0,0.6294882,0,28.52599
/Users/martin/smart-technologies-ca2/data_track2_recovery/IMG/center_2026_08_31_19_24_22_639.jpg,/Users/martin/smart-technologies-ca2/data_track2_recovery/IMG/left_2026_08_31_19_24_22_639.jpg,/Users/martin/smart-technologies-ca2/data_track2_recovery/IMG/right_2026_08_31_19_24_22_639.jpg,0.1,0.388324,0,28.43808
/Users/martin/smart-technologies-ca2/data_track2_recovery/IMG/center_2026_08_31_19_24_22_706.jpg,/Users/martin/smart-technologies-ca2/data_track2_recovery/IMG/left_2026_08_31_19_24_22_706.jpg,/Users/martin/smart-technologies-ca2/data_track2_recovery/IMG/right_2026_08_31_19_24_22_706.jpg,0.25,0.1999031,0,28.13465
/Users/martin/smart-technologies-ca2/data_track2_recovery/IMG/center_2026_08_31_19_24_22_774.jpg,/Users/martin/smart-technologies-ca2/data_track2_recovery/IMG/left_2026_08_31_19_24_22_774.jpg,/Users/martin/smart-technologies-ca2/data_track2_recovery/IMG/right_2026_08_31_19_24_22_774.jpg,0,0,0,27.6292
/Users/martin/smart-technologies-ca2/data_track2_recovery/IMG/center_2026_08_31_19_24_22_842.jpg,/Users/martin/smart-technologies-ca2/data_track2_recovery/IMG/left_2026_08_31_19_24_22_842.jpg,/Users/martin/smart-technologies-ca2/data_track2_recovery/IMG/right_2026_08_31_19_24_22_842.jpg,0,0,0,27.15865
/Users/martin/smart-technologies-ca2/data_track2_recovery/IMG/center_2026_08_31_19_24_22_910.jpg,/Users/martin/smart-technologies-ca2/data_track2_recovery/IMG/left_2026_08_31_19_24_22_910.jpg,/Users/martin/smart-technologies-ca2/data_track2_recovery/IMG/right_2026_08_31_19_24_22_910.jpg,0.1,0,0,26.72183
/Users/martin/smart-technologies-ca2/data_track2_recovery/IMG/center_2026_08_31_19_24_22_980.jpg,/Users/martin/smart-technologies-ca2/data_track2_recovery/IMG/left_2026_08_31_19_24_22_980.jpg,/Users/martin/smart-technologies-ca2/data_track2_recovery/IMG/right_2026_08_31_19_24_22_980.jpg,0.3,0,0,26.12956
/Users/martin/smart-technologies-ca2/data_track2_recovery/IMG/center_2026_08_31_19_24_23_049.jpg,/Users/martin/smart-technologies-ca2/data_track2_recovery/IMG/left_2026_08_31_19_24_23_049.jpg,/Users/martin/smart-technologies-ca2/data_track2_recovery/IMG/right_2026_08_31_19_24_23_049.jpg,0.45,0,0,25.64702
/Users/martin/smart-technologies-ca2/data_track2_recovery/IMG/center_2026_08_31_19_24_23_116.jpg,/Users/martin/smart-technologies-ca2/data_track2_recovery/IMG/left_2026_08_31_19_24_23_116.jpg,/Users/martin/smart-technologies-ca2/data_track2_recovery/IMG/right_2026_08_31_19_24_23_116.jpg,0.6500001,0,0,24.97587
/Users/martin/smart-technologies-ca2/data_track2_recovery/IMG/center_2026_08_31_19_24_23_183.jpg,/Users/martin/smart-technologies-ca2/data_track2_recovery/IMG/left_2026_08_31_19_24_23_183.jpg,/Users/martin/smart-technologies-ca2/data_track2_recovery/IMG/right_2026_08_31_19_24_23_183.jpg,0.8000001,0,0,24.40705
/Users/martin/smart-technologies-ca2/data_track2_recovery/IMG/center_2026_08_31_19_24_23_255.jpg,/Users/martin/smart-technologies-ca2/data_track2_recovery/IMG/left_2026_08_31_19_24_23_255.jpg,/Users/martin/smart-technologies-ca2/data_track2_recovery/IMG/right_2026_08_31_19_24_23_255.jpg,1,0,0,23.69042
/Users/martin/smart-technologies-ca2/data_track2_recovery/IMG/center_2026_08_31_19_24_23_323.jpg,/Users/martin/smart-technologies-ca2/data_track2_recovery/IMG/left_2026_08_31_19_24_23_323.jpg,/Users/martin/smart-technologies-ca2/data_track2_recovery/IMG/right_2026_08_31_19_24_23_323.jpg,0,0,0,23.28784
/Users/martin/smart-technologies-ca2/data_track2_recovery/IMG/center_2026_08_31_19_24_23_394.jpg,/Users/martin/smart-technologies-ca2/data_track2_recovery/IMG/left_2026_08_31_19_24_23_394.jpg,/Users/martin/smart-technologies-ca2/data_track2_recovery/IMG/right_2026_08_31_19_24_23_394.jpg,0,0,0,22.81009
/Users/martin/smart-technologies-ca2/data_track2_recovery/IMG/center_2026_08_31_19_24_23_465.jpg,/Users/martin/smart-technologies-ca2/data_track2_recovery/IMG/left_2026_08_31_19_24_23_465.jpg,/Users/martin/smart-technologies-ca2/data_track2_recovery/IMG/right_2026_08_31_19_24_23_465.jpg,0.05,0,0,22.49286
/Users/martin/smart-technologies-ca2/data_track2_recovery/IMG/center_2026_08_31_19_24_23_532.jpg,/Users/martin/smart-technologies-ca2/data_track2_recovery/IMG/left_2026_08_31_19_24_23_532.jpg,/Users/martin/smart-technologies-ca2/data_track2_recovery/IMG/right_2026_08_31_19_24_23_532.jpg,0.2,0,0,22.22927
/Users/martin/smart-technologies-ca2/data_track2_recovery/IMG/center_2026_08_31_19_24_23_605.jpg,/Users/martin/smart-technologies-ca2/data_track2_recovery/IMG/left_2026_08_31_19_24_23_605.jpg,/Users/martin/smart-technologies-ca2/data_track2_recovery/IMG/right_2026_08_31_19_24_23_605.jpg,0.4,0.03169513,0,21.86913
/Users/martin/smart-technologies-ca2/data_track2_recovery/IMG/center_2026_08_31_19_24_23_672.jpg,/Users/martin/smart-technologies-ca2/data_track2_recovery/IMG/left_2026_08_31_19_24_23_672.jpg,/Users/martin/smart-technologies-ca2/data_track2_recovery/IMG/right_2026_08_31_19_24_23_672.jpg,0.5500001,0.1993228,0,21.62148
/Users/martin/smart-technologies-ca2/data_track2_recovery/IMG/center_2026_08_31_19_24_23_741.jpg,/Users/martin/smart-technologies-ca2/data_track2_recovery/IMG/left_2026_08_31_19_24_23_741.jpg,/Users/martin/smart-technologies-ca2/data_track2_recovery/IMG/right_2026_08_31_19_24_23_741.jpg,0,0.4393169,0,21.49023
/Users/martin/smart-technologies-ca2/data_track2_recovery/IMG/center_2026_08_31_19_24_23_813.jpg,/Users/martin/smart-technologies-ca2/data_track2_recovery/IMG/left_2026_08_31_19_24_23_813.jpg,/Users/martin/smart-technologies-ca2/data_track2_recovery/IMG/right_2026_08_31_19_24_23_813.jpg,0,0.6211141,0,21.55043
/Users/martin/smart-technologies-ca2/data_track2_recovery/IMG/center_2026_08_31_19_24_23_884.jpg,/Users/martin/smart-technologies-ca2/data_track2_recovery/IMG/left_2026_08_31_19_24_23_884.jpg,/Users/martin/smart-technologies-ca2/data_track2_recovery/IMG/right_2026_08_31_19_24_23_884.jpg,0.05,0.8700868,0,22.08164
/Users/martin/smart-technologies-ca2/data_track2_recovery/IMG/center_2026_08_31_19_24_23_956.jpg,/Users/martin/smart-technologies-ca2/data_track2_recovery/IMG/left_2026_08_31_19_24_23_956.jpg,/Users/martin/smart-technologies-ca2/data_track2_recovery/IMG/right_2026_08_31_19_24_23_956.jpg,0.25,1,0,22.38515
/Users/martin/smart-technologies-ca2/data_track2_recovery/IMG/center_2026_08_31_19_24_24_027.jpg,/Users/martin/smart-technologies-ca2/data_track2_recovery/IMG/left_2026_08_31_19_24_24_027.jpg,/Users/martin/smart-technologies-ca2/data_track2_recovery/IMG/right_2026_08_31_19_24_24_027.jpg,0.4,1,0,22.99018
/Users/martin/smart-technologies-ca2/data_track2_recovery/IMG/center_2026_08_31_19_24_24_100.jpg,/Users/martin/smart-technologies-ca2/data_track2_recovery/IMG/left_2026_08_31_19_24_24_100.jpg,/Users/martin/smart-technologies-ca2/data_track2_recovery/IMG/right_2026_08_31_19_24_24_100.jpg,0.6000001,1,0,23.56405
/Users/martin/smart-technologies-ca2/data_track2_recovery/IMG/center_2026_08_31_19_24_24_169.jpg,/Users/martin/smart-technologies-ca2/data_track2_recovery/IMG/left_2026_08_31_19_24_24_169.jpg,/Users/martin/smart-technologies-ca2/data_track2_recovery/IMG/right_2026_08_31_19_24_24_169.jpg,0.7500002,1,0,23.91134
/Users/martin/smart-technologies-ca2/data_track2_recovery/IMG/center_2026_08_31_19_24_24_240.jpg,/Users/martin/smart-technologies-ca2/data_track2_recovery/IMG/left_2026_08_31_19_24_24_240.jpg,/Users/martin/smart-technologies-ca2/data_track2_recovery/IMG/right_2026_08_31_19_24_24_240.jpg,0.9500002,0.9610121,0,24.15682
/Users/martin/smart-technologies-ca2/data_track2_recovery/IMG/center_2026_08_31_19_24_24_305.jpg,/Users/martin/smart-technologies-ca2/data_track2_recovery/IMG/left_2026_08_31_19_24_24_305.jpg,/Users/martin/smart-technologies-ca2/data_track2_recovery/IMG/right_2026_08_31_19_24_24_305.jpg,1,0.7836909,0,24.15329
/Users/martin/smart-technologies-ca2/data_track2_recovery/IMG/center_2026_08_31_19_24_24_375.jpg,/Users/martin/smart-technologies-ca2/data_track2_recovery/IMG/left_2026_08_31_19_24_24_375.jpg,/Users/martin/smart-technologies-ca2/data_track2_recovery/IMG/right_2026_08_31_19_24_24_375.jpg,1,0.552079,0,24.29098
/Users/martin/smart-technologies-ca2/data_track2_recovery/IMG/center_2026_08_31_19_24_24_448.jpg,/Users/martin/smart-technologies-ca2/data_track2_recovery/IMG/left_2026_08_31_19_24_24_448.jpg,/Users/martin/smart-technologies-ca2/data_track2_recovery/IMG/right_2026_08_31_19_24_24_448.jpg,1,0.6924851,0,24.26001
/Users/martin/smart-technologies-ca2/data_track2_recovery/IMG/center_2026_08_31_19_24_24_522.jpg,/Users/martin/smart-technologies-ca2/data_track2_recovery/IMG/left_2026_08_31_19_24_24_522.jpg,/Users/martin/smart-technologies-ca2/data_track2_recovery/IMG/right_2026_08_31_19_24_24_522.jpg,0,0.9321669,0,24.41064
/Users/martin/smart-technologies-ca2/data_track2_recovery/IMG/center_2026_08_31_19_24_24_595.jpg,/Users/martin/smart-technologies-ca2/data_track2_recovery/IMG/left_2026_08_31_19_24_24_595.jpg,/Users/martin/smart-technologies-ca2/data_track2_recovery/IMG/right_2026_08_31_19_24_24_595.jpg,0,1,0,24.67808
/Users/martin/smart-technologies-ca2/data_track2_recovery/IMG/center_2026_08_31_19_24_24_667.jpg,/Users/martin/smart-technologies-ca2/data_track2_recovery/IMG/left_2026_08_31_19_24_24_667.jpg,/Users/martin/smart-technologies-ca2/data_track2_recovery/IMG/right_2026_08_31_19_24_24_667.jpg,-0.1,1,0,25.04535
/Users/martin/smart-technologies-ca2/data_track2_recovery/IMG/center_2026_08_31_19_24_24_736.jpg,/Users/martin/smart-technologies-ca2/data_track2_recovery/IMG/left_2026_08_31_19_24_24_736.jpg,/Users/martin/smart-technologies-ca2/data_track2_recovery/IMG/right_2026_08_31_19_24_24_736.jpg,-0.3,1,0,25.08568
/Users/martin/smart-technologies-ca2/data_track2_recovery/IMG/center_2026_08_31_19_24_24_805.jpg,/Users/martin/smart-technologies-ca2/data_track2_recovery/IMG/left_2026_08_31_19_24_24_805.jpg,/Users/martin/smart-technologies-ca2/data_track2_recovery/IMG/right_2026_08_31_19_24_24_805.jpg,0,1,0,25.41147
/Users/martin/smart-technologies-ca2/data_track2_recovery/IMG/center_2026_08_31_19_24_24_873.jpg,/Users/martin/smart-technologies-ca2/data_track2_recovery/IMG/left_2026_08_31_19_24_24_873.jpg,/Users/martin/smart-technologies-ca2/data_track2_recovery/IMG/right_2026_08_31_19_24_24_873.jpg,0,1,0,25.6722
/Users/martin/smart-technologies-ca2/data_track2_recovery/IMG/center_2026_08_31_19_24_24_945.jpg,/Users/martin/smart-technologies-ca2/data_track2_recovery/IMG/left_2026_08_31_19_24_24_945.jpg,/Users/martin/smart-technologies-ca2/data_track2_recovery/IMG/right_2026_08_31_19_24_24_945.jpg,0,1,0,25.82253
/Users/martin/smart-technologies-ca2/data_track2_recovery/IMG/center_2026_08_31_19_24_25_018.jpg,/Users/martin/smart-technologies-ca2/data_track2_recovery/IMG/left_2026_08_31_19_24_25_018.jpg,/Users/martin/smart-technologies-ca2/data_track2_recovery/IMG/right_2026_08_31_19_24_25_018.jpg,0,1,0,26.33894
/Users/martin/smart-technologies-ca2/data_track2_recovery/IMG/center_2026_08_31_19_24_25_085.jpg,/Users/martin/smart-technologies-ca2/data_track2_recovery/IMG/left_2026_08_31_19_24_25_085.jpg,/Users/martin/smart-technologies-ca2/data_track2_recovery/IMG/right_2026_08_31_19_24_25_085.jpg,0.1,1,0,26.66301
/Users/martin/smart-technologies-ca2/data_track2_recovery/IMG/center_2026_08_31_19_24_25_155.jpg,/Users/martin/smart-technologies-ca2/data_track2_recovery/IMG/left_2026_08_31_19_24_25_155.jpg,/Users/martin/smart-technologies-ca2/data_track2_recovery/IMG/right_2026_08_31_19_24_25_155.jpg,0.3,0.8680121,0,26.89641
/Users/martin/smart-technologies-ca2/data_track2_recovery/IMG/center_2026_08_31_19_24_25_223.jpg,/Users/martin/smart-technologies-ca2/data_track2_recovery/IMG/left_2026_08_31_19_24_25_223.jpg,/Users/martin/smart-technologies-ca2/data_track2_recovery/IMG/right_2026_08_31_19_24_25_223.jpg,0.45,0.6820241,0,26.90155
/Users/martin/smart-technologies-ca2/data_track2_recovery/IMG/center_2026_08_31_19_24_25_291.jpg,/Users/martin/smart-technologies-ca2/data_track2_recovery/IMG/left_2026_08_31_19_24_25_291.jpg,/Users/martin/smart-technologies-ca2/data_track2_recovery/IMG/right_2026_08_31_19_24_25_291.jpg,0.6000001,0.4954361,0,26.7829
/Users/martin/smart-technologies-ca2/data_track2_recovery/IMG/center_2026_08_31_19_24_25_358.jpg,/Users/martin/smart-technologies-ca2/data_track2_recovery/IMG/left_2026_08_31_19_24_25_358.jpg,/Users/martin/smart-technologies-ca2/data_track2_recovery/IMG/right_2026_08_31_19_24_25_358.jpg,0.8000001,0.258454,0,26.27407
/Users/martin/smart-technologies-ca2/data_track2_recovery/IMG/center_2026_08_31_19_24_25_425.jpg,/Users/martin/smart-technologies-ca2/data_track2_recovery/IMG/left_2026_08_31_19_24_25_425.jpg,/Users/martin/smart-technologies-ca2/data_track2_recovery/IMG/right_2026_08_31_19_24_25_425.jpg,0.9500002,0.07607198,0,25.75262
/Users/martin/smart-technologies-ca2/data_track2_recovery/IMG/center_2026_08_31_19_24_25_497.jpg,/Users/martin/smart-technologies-ca2/data_track2_recovery/IMG/left_2026_08_31_19_24_25_497.jpg,/Users/martin/smart-technologies-ca2/data_track2_recovery/IMG/right_2026_08_31_19_24_25_497.jpg,0,0,0,25.03545
/Users/martin/smart-technologies-ca2/data_track2_recovery/IMG/center_2026_08_31_19_24_25_567.jpg,/Users/martin/smart-technologies-ca2/data_track2_recovery/IMG/left_2026_08_31_19_24_25_567.jpg,/Users/martin/smart-technologies-ca2/data_track2_recovery/IMG/right_2026_08_31_19_24_25_567.jpg,0.05,0,0,24.49815
/Users/martin/smart-technologies-ca2/data_track2_recovery/IMG/center_2026_08_31_19_24_25_636.jpg,/Users/martin/smart-technologies-ca2/data_track2_recovery/IMG/left_2026_08_31_19_24_25_636.jpg,/Users/martin/smart-technologies-ca2/data_track2_recovery/IMG/right_2026_08_31_19_24_25_636.jpg,0.25,0,0,23.9861
/Users/martin/smart-technologies-ca2/data_track2_recovery/IMG/center_2026_08_31_19_24_25_706.jpg,/Users/martin/smart-technologies-ca2/data_track2_recovery/IMG/left_2026_08_31_19_24_25_706.jpg,/Users/martin/smart-technologies-ca2/data_track2_recovery/IMG/right_2026_08_31_19_24_25_706.jpg,0.4,0,0,23.55687
/Users/martin/smart-technologies-ca2/data_track2_recovery/IMG/center_2026_08_31_19_24_25_775.jpg,/Users/martin/smart-technologies-ca2/data_track2_recovery/IMG/left_2026_08_31_19_24_25_775.jpg,/Users/martin/smart-technologies-ca2/data_track2_recovery/IMG/right_2026_08_31_19_24_25_775.jpg,0,0.1202577,0,23.00134
/Users/martin/smart-technologies-ca2/data_track2_recovery/IMG/center_2026_08_31_19_24_25_842.jpg,/Users/martin/smart-technologies-ca2/data_track2_recovery/IMG/left_2026_08_31_19_24_25_842.jpg,/Users/martin/smart-technologies-ca2/data_track2_recovery/IMG/right_2026_08_31_19_24_25_842.jpg,0,0.3050848,0,22.7969
/Users/martin/smart-technologies-ca2/data_track2_recovery/IMG/center_2026_08_31_19_24_25_910.jpg,/Users/martin/smart-technologies-ca2/data_track2_recovery/IMG/left_2026_08_31_19_24_25_910.jpg,/Users/martin/smart-technologies-ca2/data_track2_recovery/IMG/right_2026_08_31_19_24_25_910.jpg,0,0.4928817,0,22.64018
/Users/martin/smart-technologies-ca2/data_track2_recovery/IMG/center_2026_08_31_19_24_25_982.jpg,/Users/martin/smart-technologies-ca2/data_track2_recovery/IMG/left_2026_08_31_19_24_25_982.jpg,/Users/martin/smart-technologies-ca2/data_track2_recovery/IMG/right_2026_08_31_19_24_25_982.jpg,0.2,0.7274548,0,22.79294
/Users/martin/smart-technologies-ca2/data_track2_recovery/IMG/center_2026_08_31_19_24_26_049.jpg,/Users/martin/smart-technologies-ca2/data_track2_recovery/IMG/left_2026_08_31_19_24_26_049.jpg,/Users/martin/smart-technologies-ca2/data_track2_recovery/IMG/right_2026_08_31_19_24_26_049.jpg,0.35,0.9113399,0,22.87648
/Users/martin/smart-technologies-ca2/data_track2_recovery/IMG/center_2026_08_31_19_24_26_121.jpg,/Users/martin/smart-technologies-ca2/data_track2_recovery/IMG/left_2026_08_31_19_24_26_121.jpg,/Users/martin/smart-technologies-ca2/data_track2_recovery/IMG/right_2026_08_31_19_24_26_121.jpg,0.5500001,1,0,23.38981
/Users/martin/smart-technologies-ca2/data_track2_recovery/IMG/center_2026_08_31_19_24_26_188.jpg,/Users/martin/smart-technologies-ca2/data_track2_recovery/IMG/left_2026_08_31_19_24_26_188.jpg,/Users/martin/smart-technologies-ca2/data_track2_recovery/IMG/right_2026_08_31_19_24_26_188.jpg,0.7,1,0,23.67181
/Users/martin/smart-technologies-ca2/data_track2_recovery/IMG/center_2026_08_31_19_24_26_255.jpg,/Users/martin/smart-technologies-ca2/data_track2_recovery/IMG/left_2026_08_31_19_24_26_255.jpg,/Users/martin/smart-technologies-ca2/data_track2_recovery/IMG/right_2026_08_31_19_24_26_255.jpg,0.9000002,1,0,23.95498
/Users/martin/smart-technologies-ca2/data_track2_recovery/IMG/center_2026_08_31_19_24_26_322.jpg,/Users/martin/smart-technologies-ca2/data_track2_recovery/IMG/left_2026_08_31_19_24_26_322.jpg,/Users/martin/smart-technologies-ca2/data_track2_recovery/IMG/right_2026_08_31_19_24_26_322.jpg,0,1,0,24.40408
/Users/martin/smart-technologies-ca2/data_track2_recovery/IMG/center_2026_08_31_19_24_26_390.jpg,/Users/martin/smart-technologies-ca2/data_track2_recovery/IMG/left_2026_08_31_19_24_26_390.jpg,/Users/martin/smart-technologies-ca2/data_track2_recovery/IMG/right_2026_08_31_19_24_26_390.jpg,0,1,0,24.89503
/Users/martin/smart-technologies-ca2/data_track2_recovery/IMG/center_2026_08_31_19_24_26_458.jpg,/Users/martin/smart-technologies-ca2/data_track2_recovery/IMG/left_2026_08_31_19_24_26_458.jpg,/Users/martin/smart-technologies-ca2/data_track2_recovery/IMG/right_2026_08_31_19_24_26_458.jpg,0.15,1,0,25.44631
/Users/martin/smart-technologies-ca2/data_track2_recovery/IMG/center_2026_08_31_19_24_26_529.jpg,/Users/martin/smart-technologies-ca2/data_track2_recovery/IMG/left_2026_08_31_19_24_26_529.jpg,/Users/martin/smart-technologies-ca2/data_track2_recovery/IMG/right_2026_08_31_19_24_26_529.jpg,0.3,1,0,25.71925
/Users/martin/smart-technologies-ca2/data_track2_recovery/IMG/center_2026_08_31_19_24_26_600.jpg,/Users/martin/smart-technologies-ca2/data_track2_recovery/IMG/left_2026_08_31_19_24_26_600.jpg,/Users/martin/smart-technologies-ca2/data_track2_recovery/IMG/right_2026_08_31_19_24_26_600.jpg,0,1,0,26.70053
/Users/martin/smart-technologies-ca2/data_track2_recovery/IMG/center_2026_08_31_19_24_26_671.jpg,/Users/martin/smart-technologies-ca2/data_track2_recovery/IMG/left_2026_08_31_19_24_26_671.jpg,/Users/martin/smart-technologies-ca2/data_track2_recovery/IMG/right_2026_08_31_19_24_26_671.jpg,0,1,0,27.18954
/Users/martin/smart-technologies-ca2/data_track2_recovery/IMG/center_2026_08_31_19_24_26_738.jpg,/Users/martin/smart-technologies-ca2/data_track2_recovery/IMG/left_2026_08_31_19_24_26_738.jpg,/Users/martin/smart-technologies-ca2/data_track2_recovery/IMG/right_2026_08_31_19_24_26_738.jpg,0,1,0,27.75066
/Users/martin/smart-technologies-ca2/data_track2_recovery/IMG/center_2026_08_31_19_24_26_805.jpg,/Users/martin/smart-technologies-ca2/data_track2_recovery/IMG/left_2026_08_31_19_24_26_805.jpg,/Users/martin/smart-technologies-ca2/data_track2_recovery/IMG/right_2026_08_31_19_24_26_805.jpg,0,1,0,28.4622
/Users/martin/smart-technologies-ca2/data_track2_recovery/IMG/center_2026_08_31_19_24_26_876.jpg,/Users/martin/smart-technologies-ca2/data_track2_recovery/IMG/left_2026_08_31_19_24_26_876.jpg,/Users/martin/smart-technologies-ca2/data_track2_recovery/IMG/right_2026_08_31_19_24_26_876.jpg,0.2,1,0,29.19654
/Users/martin/smart-technologies-ca2/data_track2_recovery/IMG/center_2026_08_31_19_24_26_943.jpg,/Users/martin/smart-technologies-ca2/data_track2_recovery/IMG/left_2026_08_31_19_24_26_943.jpg,/Users/martin/smart-technologies-ca2/data_track2_recovery/IMG/right_2026_08_31_19_24_26_943.jpg,0.35,1,0,29.68889
/Users/martin/smart-technologies-ca2/data_track2_recovery/IMG/center_2026_08_31_19_24_27_010.jpg,/Users/martin/smart-technologies-ca2/data_track2_recovery/IMG/left_2026_08_31_19_24_27_010.jpg,/Users/martin/smart-technologies-ca2/data_track2_recovery/IMG/right_2026_08_31_19_24_27_010.jpg,0.5000001,1,0,30.12629
/Users/martin/smart-technologies-ca2/data_track2_recovery/IMG/center_2026_08_31_19_24_27_079.jpg,/Users/martin/smart-technologies-ca2/data_track2_recovery/IMG/left_2026_08_31_19_24_27_079.jpg,/Users/martin/smart-technologies-ca2/data_track2_recovery/IMG/right_2026_08_31_19_24_27_079.jpg,0.7,0.8059422,0,30.08591
/Users/martin/smart-technologies-ca2/data_track2_recovery/IMG/center_2026_08_31_19_24_27_148.jpg,/Users/martin/smart-technologies-ca2/data_track2_recovery/IMG/left_2026_08_31_19_24_27_148.jpg,/Users/martin/smart-technologies-ca2/data_track2_recovery/IMG/right_2026_08_31_19_24_27_148.jpg,0.8500001,0.61393,0,30.01732
/Users/martin/smart-technologies-ca2/data_track2_recovery/IMG/center_2026_08_31_19_24_27_219.jpg,/Users/martin/smart-technologies-ca2/data_track2_recovery/IMG/left_2026_08_31_19_24_27_219.jpg,/Users/martin/smart-technologies-ca2/data_track2_recovery/IMG/right_2026_08_31_19_24_27_219.jpg,1,0.3869951,0,29.87835
/Users/martin/smart-technologies-ca2/data_track2_recovery/IMG/center_2026_08_31_19_24_27_289.jpg,/Users/martin/smart-technologies-ca2/data_track2_recovery/IMG/left_2026_08_31_19_24_27_289.jpg,/Users/martin/smart-technologies-ca2/data_track2_recovery/IMG/right_2026_08_31_19_24_27_289.jpg,0,0.202315,0,29.73423
/Users/martin/smart-technologies-ca2/data_track2_recovery/IMG/center_2026_08_31_19_24_27_359.jpg,/Users/martin/smart-technologies-ca2/data_track2_recovery/IMG/left_2026_08_31_19_24_27_359.jpg,/Users/martin/smart-technologies-ca2/data_track2_recovery/IMG/right_2026_08_31_19_24_27_359.jpg,0.05,0,0,29.4919
/Users/martin/smart-technologies-ca2/data_track2_recovery/IMG/center_2026_08_31_19_24_27_426.jpg,/Users/martin/smart-technologies-ca2/data_track2_recovery/IMG/left_2026_08_31_19_24_27_426.jpg,/Users/martin/smart-technologies-ca2/data_track2_recovery/IMG/right_2026_08_31_19_24_27_426.jpg,0.2,0,0,29.32049
/Users/martin/smart-technologies-ca2/data_track2_recovery/IMG/center_2026_08_31_19_24_27_496.jpg,/Users/martin/smart-technologies-ca2/data_track2_recovery/IMG/left_2026_08_31_19_24_27_496.jpg,/Users/martin/smart-technologies-ca2/data_track2_recovery/IMG/right_2026_08_31_19_24_27_496.jpg,0.4,0,0,29.07021
/Users/martin/smart-technologies-ca2/data_track2_recovery/IMG/center_2026_08_31_19_24_27_566.jpg,/Users/martin/smart-technologies-ca2/data_track2_recovery/IMG/left_2026_08_31_19_24_27_566.jpg,/Users/martin/smart-technologies-ca2/data_track2_recovery/IMG/right_2026_08_31_19_24_27_566.jpg,0.5500001,0,0,28.8168
/Users/martin/smart-technologies-ca2/data_track2_recovery/IMG/center_2026_08_31_19_24_27_637.jpg,/Users/martin/smart-technologies-ca2/data_track2_recovery/IMG/left_2026_08_31_19_24_27_637.jpg,/Users/martin/smart-technologies-ca2/data_track2_recovery/IMG/right_2026_08_31_19_24_27_637.jpg,0.7500002,0,0,28.38299
/Users/martin/smart-technologies-ca2/data_track2_recovery/IMG/center_2026_08_31_19_24_27_704.jpg,/Users/martin/smart-technologies-ca2/data_track2_recovery/IMG/left_2026_08_31_19_24_27_704.jpg,/Users/martin/smart-technologies-ca2/data_track2_recovery/IMG/right_2026_08_31_19_24_27_704.jpg,0.9000002,0,0,27.99505
/Users/martin/smart-technologies-ca2/data_track2_recovery/IMG/center_2026_08_31_19_24_27_771.jpg,/Users/martin/smart-technologies-ca2/data_track2_recovery/IMG/left_2026_08_31_19_24_27_771.jpg,/Users/martin/smart-technologies-ca2/data_track2_recovery/IMG/right_2026_08_31_19_24_27_771.jpg,1,0,0,27.57162
/Users/martin/smart-technologies-ca2/data_track2_recovery/IMG/center_2026_08_31_19_24_27_841.jpg,/Users/martin/smart-technologies-ca2/data_track2_recovery/IMG/left_2026_08_31_19_24_27_841.jpg,/Users/martin/smart-technologies-ca2/data_track2_recovery/IMG/right_2026_08_31_19_24_27_841.jpg,1,0,0,27.08067
/Users/martin/smart-technologies-ca2/data_track2_recovery/IMG/center_2026_08_31_19_24_27_909.jpg,/Users/martin/smart-technologies-ca2/data_track2_recovery/IMG/left_2026_08_31_19_24_27_909.jpg,/Users/martin/smart-technologies-ca2/data_track2_recovery/IMG/right_2026_08_31_19_24_27_909.jpg,1,0,0,26.77203
/Users/martin/smart-technologies-ca2/data_track2_recovery/IMG/center_2026_08_31_19_24_27_977.jpg,/Users/martin/smart-technologies-ca2/data_track2_recovery/IMG/left_2026_08_31_19_24_27_977.jpg,/Users/martin/smart-technologies-ca2/data_track2_recovery/IMG/right_2026_08_31_19_24_27_977.jpg,0,0,0,26.42441
/Users/martin/smart-technologies-ca2/data_track2_recovery/IMG/center_2026_08_31_19_24_28_046.jpg,/Users/martin/smart-technologies-ca2/data_track2_recovery/IMG/left_2026_08_31_19_24_28_046.jpg,/Users/martin/smart-technologies-ca2/data_track2_recovery/IMG/right_2026_08_31_19_24_28_046.jpg,0,0,0,26.23723
/Users/martin/smart-technologies-ca2/data_track2_recovery/IMG/center_2026_08_31_19_24_28_113.jpg,/Users/martin/smart-technologies-ca2/data_track2_recovery/IMG/left_2026_08_31_19_24_28_113.jpg,/Users/martin/smart-technologies-ca2/data_track2_recovery/IMG/right_2026_08_31_19_24_28_113.jpg,0,0,0,26.02131
/Users/martin/smart-technologies-ca2/data_track2_recovery/IMG/center_2026_08_31_19_24_28_182.jpg,/Users/martin/smart-technologies-ca2/data_track2_recovery/IMG/left_2026_08_31_19_24_28_182.jpg,/Users/martin/smart-technologies-ca2/data_track2_recovery/IMG/right_2026_08_31_19_24_28_182.jpg,-0.1,0,0,25.79957
/Users/martin/smart-technologies-ca2/data_track2_recovery/IMG/center_2026_08_31_19_24_28_249.jpg,/Users/martin/smart-technologies-ca2/data_track2_recovery/IMG/left_2026_08_31_19_24_28_249.jpg,/Users/martin/smart-technologies-ca2/data_track2_recovery/IMG/right_2026_08_31_19_24_28_249.jpg,-0.25,0,0.0386821,25.60183
/Users/martin/smart-technologies-ca2/data_track2_recovery/IMG/center_2026_08_31_19_24_28_317.jpg,/Users/martin/smart-technologies-ca2/data_track2_recovery/IMG/left_2026_08_31_19_24_28_317.jpg,/Users/martin/smart-technologies-ca2/data_track2_recovery/IMG/right_2026_08_31_19_24_28_317.jpg,-0.45,0,0.27573,23.83862
/Users/martin/smart-technologies-ca2/data_track2_recovery/IMG/center_2026_08_31_19_24_28_383.jpg,/Users/martin/smart-technologies-ca2/data_track2_recovery/IMG/left_2026_08_31_19_24_28_383.jpg,/Users/martin/smart-technologies-ca2/data_track2_recovery/IMG/right_2026_08_31_19_24_28_383.jpg,0,0,0.4487611,22.80557
/Users/martin/smart-technologies-ca2/data_track2_recovery/IMG/center_2026_08_31_19_24_28_450.jpg,/Users/martin/smart-technologies-ca2/data_track2_recovery/IMG/left_2026_08_31_19_24_28_450.jpg,/Users/martin/smart-technologies-ca2/data_track2_recovery/IMG/right_2026_08_31_19_24_28_450.jpg,0,0,0.6405151,21.78874
/Users/martin/smart-technologies-ca2/data_track2_recovery/IMG/center_2026_08_31_19_24_28_520.jpg,/Users/martin/smart-technologies-ca2/data_track2_recovery/IMG/left_2026_08_31_19_24_28_520.jpg,/Users/martin/smart-technologies-ca2/data_track2_recovery/IMG/right_2026_08_31_19_24_28_520.jpg,-0.15,0,0.8747488,20.44848
/Users/martin/smart-technologies-ca2/data_track2_recovery/IMG/center_2026_08_31_19_24_28_588.jpg,/Users/martin/smart-technologies-ca2/data_track2_recovery/IMG/left_2026_08_31_19_24_28_588.jpg,/Users/martin/smart-technologies-ca2/data_track2_recovery/IMG/right_2026_08_31_19_24_28_588.jpg,-0.3,0,1,19.42682
/Users/martin/smart-technologies-ca2/data_track2_recovery/IMG/center_2026_08_31_19_24_28_656.jpg,/Users/martin/smart-technologies-ca2/data_track2_recovery/IMG/left_2026_08_31_19_24_28_656.jpg,/Users/martin/smart-technologies-ca2/data_track2_recovery/IMG/right_2026_08_31_19_24_28_656.jpg,-0.5000001,0,0.9636968,18.02353
/Users/martin/smart-technologies-ca2/data_track2_recovery/IMG/center_2026_08_31_19_24_28_723.jpg,/Users/martin/smart-technologies-ca2/data_track2_recovery/IMG/left_2026_08_31_19_24_28_723.jpg,/Users/martin/smart-technologies-ca2/data_track2_recovery/IMG/right_2026_08_31_19_24_28_723.jpg,0,0,0.78067,16.99505
/Users/martin/smart-technologies-ca2/data_track2_recovery/IMG/center_2026_08_31_19_24_28_790.jpg,/Users/martin/smart-technologies-ca2/data_track2_recovery/IMG/left_2026_08_31_19_24_28_790.jpg,/Users/martin/smart-technologies-ca2/data_track2_recovery/IMG/right_2026_08_31_19_24_28_790.jpg,0,0,0.6073267,16.0199
/Users/martin/smart-technologies-ca2/data_track2_recovery/IMG/center_2026_08_31_19_24_28_857.jpg,/Users/martin/smart-technologies-ca2/data_track2_recovery/IMG/left_2026_08_31_19_24_28_857.jpg,/Users/martin/smart-technologies-ca2/data_track2_recovery/IMG/right_2026_08_31_19_24_28_857.jpg,-0.05,0.2315547,0,15.09029
/Users/martin/smart-technologies-ca2/data_track2_recovery/IMG/center_2026_08_31_19_24_28_926.jpg,/Users/martin/smart-technologies-ca2/data_track2_recovery/IMG/left_2026_08_31_19_24_28_926.jpg,/Users/martin/smart-technologies-ca2/data_track2_recovery/IMG/right_2026_08_31_19_24_28_926.jpg,-0.2,0.417429,0,15.71788
/Users/martin/smart-technologies-ca2/data_track2_recovery/IMG/center_2026_08_31_19_24_28_993.jpg,/Users/martin/smart-technologies-ca2/data_track2_recovery/IMG/left_2026_08_31_19_24_28_993.jpg,/Users/martin/smart-technologies-ca2/data_track2_recovery/IMG/right_2026_08_31_19_24_28_993.jpg,-0.35,0.5977349,0,15.67393
/Users/martin/smart-technologies-ca2/data_track2_recovery/IMG/center_2026_08_31_19_24_29_060.jpg,/Users/martin/smart-technologies-ca2/data_track2_recovery/IMG/left_2026_08_31_19_24_29_060.jpg,/Users/martin/smart-technologies-ca2/data_track2_recovery/IMG/right_2026_08_31_19_24_29_060.jpg,-0.5500001,0.829869,0,16.13253
/Users/martin/smart-technologies-ca2/data_track2_recovery/IMG/center_2026_08_31_19_24_29_129.jpg,/Users/martin/smart-technologies-ca2/data_track2_recovery/IMG/left_2026_08_31_19_24_29_129.jpg,/Users/martin/smart-technologies-ca2/data_track2_recovery/IMG/right_2026_08_31_19_24_29_129.jpg,-0.7,1,0,16.78223
/Users/martin/smart-technologies-ca2/data_track2_recovery/IMG/center_2026_08_31_19_24_29_196.jpg,/Users/martin/smart-technologies-ca2/data_track2_recovery/IMG/left_2026_08_31_19_24_29_196.jpg,/Users/martin/smart-technologies-ca2/data_track2_recovery/IMG/right_2026_08_31_19_24_29_196.jpg,-0.9000002,1,0,17.43693
/Users/martin/smart-technologies-ca2/data_track2_recovery/IMG/center_2026_08_31_19_24_29_263.jpg,/Users/martin/smart-technologies-ca2/data_track2_recovery/IMG/left_2026_08_31_19_24_29_263.jpg,/Users/martin/smart-technologies-ca2/data_track2_recovery/IMG/right_2026_08_31_19_24_29_263.jpg,-1,1,0,17.75945
/Users/martin/smart-technologies-ca2/data_track2_recovery/IMG/center_2026_08_31_19_24_29_330.jpg,/Users/martin/smart-technologies-ca2/data_track2_recovery/IMG/left_2026_08_31_19_24_29_330.jpg,/Users/martin/smart-technologies-ca2/data_track2_recovery/IMG/right_2026_08_31_19_24_29_330.jpg,-1,1,0,18.40337
/Users/martin/smart-technologies-ca2/data_track2_recovery/IMG/center_2026_08_31_19_24_29_398.jpg,/Users/martin/smart-technologies-ca2/data_track2_recovery/IMG/left_2026_08_31_19_24_29_398.jpg,/Users/martin/smart-technologies-ca2/data_track2_recovery/IMG/right_2026_08_31_19_24_29_398.jpg,-1,1,0,19.11626
/Users/martin/smart-technologies-ca2/data_track2_recovery/IMG/center_2026_08_31_19_24_29_465.jpg,/Users/martin/smart-technologies-ca2/data_track2_recovery/IMG/left_2026_08_31_19_24_29_465.jpg,/Users/martin/smart-technologies-ca2/data_track2_recovery/IMG/right_2026_08_31_19_24_29_465.jpg,0,1,0,19.5792
/Users/martin/smart-technologies-ca2/data_track2_recovery/IMG/center_2026_08_31_19_24_29_534.jpg,/Users/martin/smart-technologies-ca2/data_track2_recovery/IMG/left_2026_08_31_19_24_29_534.jpg,/Users/martin/smart-technologies-ca2/data_track2_recovery/IMG/right_2026_08_31_19_24_29_534.jpg,0,1,0,20.21634
/Users/martin/smart-technologies-ca2/data_track2_recovery/IMG/center_2026_08_31_19_24_29_604.jpg,/Users/martin/smart-technologies-ca2/data_track2_recovery/IMG/left_2026_08_31_19_24_29_604.jpg,/Users/martin/smart-technologies-ca2/data_track2_recovery/IMG/right_2026_08_31_19_24_29_604.jpg,0,1,0,20.79009
/Users/martin/smart-technologies-ca2/data_track2_recovery/IMG/center_2026_08_31_19_24_29_674.jpg,/Users/martin/smart-technologies-ca2/data_track2_recovery/IMG/left_2026_08_31_19_24_29_674.jpg,/Users/martin/smart-technologies-ca2/data_track2_recovery/IMG/right_2026_08_31_19_24_29_674.jpg,0,1,0,21.55934
/Users/martin/smart-technologies-ca2/data_track2_recovery/IMG/center_2026_08_31_19_24_29_741.jpg,/Users/martin/smart-technologies-ca2/data_track2_recovery/IMG/left_2026_08_31_19_24_29_741.jpg,/Users/martin/smart-technologies-ca2/data_track2_recovery/IMG/right_2026_08_31_19_24_29_741.jpg,-0.05,1,0,22.12598
/Users/martin/smart-technologies-ca2/data_track2_recovery/IMG/center_2026_08_31_19_24_29_811.jpg,/Users/martin/smart-technologies-ca2/data_track2_recovery/IMG/left_2026_08_31_19_24_29_811.jpg,/Users/martin/smart-technologies-ca2/data_track2_recovery/IMG/right_2026_08_31_19_24_29_811.jpg,-0.2,1,0,22.7317
/Users/martin/smart-technologies-ca2/data_track2_recovery/IMG/center_2026_08_31_19_24_29_878.jpg,/Users/martin/smart-technologies-ca2/data_track2_recovery/IMG/left_2026_08_31_19_24_29_878.jpg,/Users/martin/smart-technologies-ca2/data_track2_recovery/IMG/right_2026_08_31_19_24_29_878.jpg,-0.4,1,0,23.44911
/Users/martin/smart-technologies-ca2/data_track2_recovery/IMG/center_2026_08_31_19_24_29_945.jpg,/Users/martin/smart-technologies-ca2/data_track2_recovery/IMG/left_2026_08_31_19_24_29_945.jpg,/Users/martin/smart-technologies-ca2/data_track2_recovery/IMG/right_2026_08_31_19_24_29_945.jpg,-0.5500001,0.9351939,0,23.92973
/Users/martin/smart-technologies-ca2/data_track2_recovery/IMG/center_2026_08_31_19_24_30_016.jpg,/Users/martin/smart-technologies-ca2/data_track2_recovery/IMG/left_2026_08_31_19_24_30_016.jpg,/Users/martin/smart-technologies-ca2/data_track2_recovery/IMG/right_2026_08_31_19_24_30_016.jpg,-0.7500002,0.7000028,0,24.33747
/Users/martin/smart-technologies-ca2/data_track2_recovery/IMG/center_2026_08_31_19_24_30_088.jpg,/Users/martin/smart-technologies-ca2/data_track2_recovery/IMG/left_2026_08_31_19_24_30_088.jpg,/Users/martin/smart-technologies-ca2/data_track2_recovery/IMG/right_2026_08_31_19_24_30_088.jpg,-0.9000002,0.5496489,0,24.43755
/Users/martin/smart-technologies-ca2/data_track2_recovery/IMG/center_2026_08_31_19_24_30_158.jpg,/Users/martin/smart-technologies-ca2/data_track2_recovery/IMG/left_2026_08_31_19_24_30_158.jpg,/Users/martin/smart-technologies-ca2/data_track2_recovery/IMG/right_2026_08_31_19_24_30_158.jpg,-1,0.5589458,0,24.53294
/Users/martin/smart-technologies-ca2/data_track2_recovery/IMG/center_2026_08_31_19_24_30_226.jpg,/Users/martin/smart-technologies-ca2/data_track2_recovery/IMG/left_2026_08_31_19_24_30_226.jpg,/Users/martin/smart-technologies-ca2/data_track2_recovery/IMG/right_2026_08_31_19_24_30_226.jpg,-1,0.3798876,0,24.57164
/Users/martin/smart-technologies-ca2/data_track2_recovery/IMG/center_2026_08_31_19_24_30_297.jpg,/Users/martin/smart-technologies-ca2/data_track2_recovery/IMG/left_2026_08_31_19_24_30_297.jpg,/Users/martin/smart-technologies-ca2/data_track2_recovery/IMG/right_2026_08_31_19_24_30_297.jpg,-1,0.1323816,0,24.47792
/Users/martin/smart-technologies-ca2/data_track2_recovery/IMG/center_2026_08_31_19_24_30_365.jpg,/Users/martin/smart-technologies-ca2/data_track2_recovery/IMG/left_2026_08_31_19_24_30_365.jpg,/Users/martin/smart-technologies-ca2/data_track2_recovery/IMG/right_2026_08_31_19_24_30_365.jpg,-1,0.2020117,0,24.31802
/Users/martin/smart-technologies-ca2/data_track2_recovery/IMG/center_2026_08_31_19_24_30_432.jpg,/Users/martin/smart-technologies-ca2/data_track2_recovery/IMG/left_2026_08_31_19_24_30_432.jpg,/Users/martin/smart-technologies-ca2/data_track2_recovery/IMG/right_2026_08_31_19_24_30_432.jpg,-1,0.3891759,0,24.29299
/Users/martin/smart-technologies-ca2/data_track2_recovery/IMG/center_2026_08_31_19_24_30_500.jpg,/Users/martin/smart-technologies-ca2/data_track2_recovery/IMG/left_2026_08_31_19_24_30_500.jpg,/Users/martin/smart-technologies-ca2/data_track2_recovery/IMG/right_2026_08_31_19_24_30_500.jpg,0,0.6223868,0,24.53058
/Users/martin/smart-technologies-ca2/data_track2_recovery/IMG/center_2026_08_31_19_24_30_567.jpg,/Users/martin/smart-technologies-ca2/data_track2_recovery/IMG/left_2026_08_31_19_24_30_567.jpg,/Users/martin/smart-technologies-ca2/data_track2_recovery/IMG/right_2026_08_31_19_24_30_567.jpg,0,0.8061639,0,24.73298
/Users/martin/smart-technologies-ca2/data_track2_recovery/IMG/center_2026_08_31_19_24_30_638.jpg,/Users/martin/smart-technologies-ca2/data_track2_recovery/IMG/left_2026_08_31_19_24_30_638.jpg,/Users/martin/smart-technologies-ca2/data_track2_recovery/IMG/right_2026_08_31_19_24_30_638.jpg,-0.2,1,0,25.40148
/Users/martin/smart-technologies-ca2/data_track2_recovery/IMG/center_2026_08_31_19_24_30_709.jpg,/Users/martin/smart-technologies-ca2/data_track2_recovery/IMG/left_2026_08_31_19_24_30_709.jpg,/Users/martin/smart-technologies-ca2/data_track2_recovery/IMG/right_2026_08_31_19_24_30_709.jpg,-0.35,1,0,25.99283
/Users/martin/smart-technologies-ca2/data_track2_recovery/IMG/center_2026_08_31_19_24_30_779.jpg,/Users/martin/smart-technologies-ca2/data_track2_recovery/IMG/left_2026_08_31_19_24_30_779.jpg,/Users/martin/smart-technologies-ca2/data_track2_recovery/IMG/right_2026_08_31_19_24_30_779.jpg,-0.5500001,1,0,26.69205
/Users/martin/smart-technologies-ca2/data_track2_recovery/IMG/center_2026_08_31_19_24_30_848.jpg,/Users/martin/smart-technologies-ca2/data_track2_recovery/IMG/left_2026_08_31_19_24_30_848.jpg,/Users/martin/smart-technologies-ca2/data_track2_recovery/IMG/right_2026_08_31_19_24_30_848.jpg,-0.7,1,0,27.13714
/Users/martin/smart-technologies-ca2/data_track2_recovery/IMG/center_2026_08_31_19_24_30_915.jpg,/Users/martin/smart-technologies-ca2/data_track2_recovery/IMG/left_2026_08_31_19_24_30_915.jpg,/Users/martin/smart-technologies-ca2/data_track2_recovery/IMG/right_2026_08_31_19_24_30_915.jpg,-0.9000002,1,0,27.62921
/Users/martin/smart-technologies-ca2/data_track2_recovery/IMG/center_2026_08_31_19_24_30_982.jpg,/Users/martin/smart-technologies-ca2/data_track2_recovery/IMG/left_2026_08_31_19_24_30_982.jpg,/Users/martin/smart-technologies-ca2/data_track2_recovery/IMG/right_2026_08_31_19_24_30_982.jpg,-1,1,0,27.94665
/Users/martin/smart-technologies-ca2/data_track2_recovery/IMG/center_2026_08_31_19_24_31_049.jpg,/Users/martin/smart-technologies-ca2/data_track2_recovery/IMG/left_2026_08_31_19_24_31_049.jpg,/Users/martin/smart-technologies-ca2/data_track2_recovery/IMG/right_2026_08_31_19_24_31_049.jpg,-1,1,0,28.30192
/Users/martin/smart-technologies-ca2/data_track2_recovery/IMG/center_2026_08_31_19_24_31_119.jpg,/Users/martin/smart-technologies-ca2/data_track2_recovery/IMG/left_2026_08_31_19_24_31_119.jpg,/Users/martin/smart-technologies-ca2/data_track2_recovery/IMG/right_2026_08_31_19_24_31_119.jpg,-1,1,0,28.83476
/Users/martin/smart-technologies-ca2/data_track2_recovery/IMG/center_2026_08_31_19_24_31_188.jpg,/Users/martin/smart-technologies-ca2/data_track2_recovery/IMG/left_2026_08_31_19_24_31_188.jpg,/Users/martin/smart-technologies-ca2/data_track2_recovery/IMG/right_2026_08_31_19_24_31_188.jpg,0,1,0,29.30648
/Users/martin/smart-technologies-ca2/data_track2_recovery/IMG/center_2026_08_31_19_24_31_256.jpg,/Users/martin/smart-technologies-ca2/data_track2_recovery/IMG/left_2026_08_31_19_24_31_256.jpg,/Users/martin/smart-technologies-ca2/data_track2_recovery/IMG/right_2026_08_31_19_24_31_256.jpg,0.05,1,0,29.93696
/Users/martin/smart-technologies-ca2/data_track2_recovery/IMG/center_2026_08_31_19_24_31_325.jpg,/Users/martin/smart-technologies-ca2/data_track2_recovery/IMG/left_2026_08_31_19_24_31_325.jpg,/Users/martin/smart-technologies-ca2/data_track2_recovery/IMG/right_2026_08_31_19_24_31_325.jpg,0.2,1,0,30.15525
/Users/martin/smart-technologies-ca2/data_track2_recovery/IMG/center_2026_08_31_19_24_31_394.jpg,/Users/martin/smart-technologies-ca2/data_track2_recovery/IMG/left_2026_08_31_19_24_31_394.jpg,/Users/martin/smart-technologies-ca2/data_track2_recovery/IMG/right_2026_08_31_19_24_31_394.jpg,0.4,1,0,30.13796
/Users/martin/smart-technologies-ca2/data_track2_recovery/IMG/center_2026_08_31_19_24_31_462.jpg,/Users/martin/smart-technologies-ca2/data_track2_recovery/IMG/left_2026_08_31_19_24_31_462.jpg,/Users/martin/smart-technologies-ca2/data_track2_recovery/IMG/right_2026_08_31_19_24_31_462.jpg,0.5500001,1,0,30.1248
/Users/martin/smart-technologies-ca2/data_track2_recovery/IMG/center_2026_08_31_19_24_31_531.jpg,/Users/martin/smart-technologies-ca2/data_track2_recovery/IMG/left_2026_08_31_19_24_31_531.jpg,/Users/martin/smart-technologies-ca2/data_track2_recovery/IMG/right_2026_08_31_19_24_31_531.jpg,0.7,1,0,30.11203
/Users/martin/smart-technologies-ca2/data_track2_recovery/IMG/center_2026_08_31_19_24_31_598.jpg,/Users/martin/smart-technologies-ca2/data_track2_recovery/IMG/left_2026_08_31_19_24_31_598.jpg,/Users/martin/smart-technologies-ca2/data_track2_recovery/IMG/right_2026_08_31_19_24_31_598.jpg,0.9000002,1,0,30.09504
/Users/martin/smart-technologies-ca2/data_track2_recovery/IMG/center_2026_08_31_19_24_31_671.jpg,/Users/martin/smart-technologies-ca2/data_track2_recovery/IMG/left_2026_08_31_19_24_31_671.jpg,/Users/martin/smart-technologies-ca2/data_track2_recovery/IMG/right_2026_08_31_19_24_31_671.jpg,1,1,0,30.08415
/Users/martin/smart-technologies-ca2/data_track2_recovery/IMG/center_2026_08_31_19_24_31_741.jpg,/Users/martin/smart-technologies-ca2/data_track2_recovery/IMG/left_2026_08_31_19_24_31_741.jpg,/Users/martin/smart-technologies-ca2/data_track2_recovery/IMG/right_2026_08_31_19_24_31_741.jpg,1,0.8602151,0,30.07409
/Users/martin/smart-technologies-ca2/data_track2_recovery/IMG/center_2026_08_31_19_24_31_810.jpg,/Users/martin/smart-technologies-ca2/data_track2_recovery/IMG/left_2026_08_31_19_24_31_810.jpg,/Users/martin/smart-technologies-ca2/data_track2_recovery/IMG/right_2026_08_31_19_24_31_810.jpg,-0.1,0.6688123,0,30.0841
/Users/martin/smart-technologies-ca2/data_track2_recovery/IMG/center_2026_08_31_19_24_31_878.jpg,/Users/martin/smart-technologies-ca2/data_track2_recovery/IMG/left_2026_08_31_19_24_31_878.jpg,/Users/martin/smart-technologies-ca2/data_track2_recovery/IMG/right_2026_08_31_19_24_31_878.jpg,-0.3,0.4318963,0,30.00606
/Users/martin/smart-technologies-ca2/data_track2_recovery/IMG/center_2026_08_31_19_24_31_944.jpg,/Users/martin/smart-technologies-ca2/data_track2_recovery/IMG/left_2026_08_31_19_24_31_944.jpg,/Users/martin/smart-technologies-ca2/data_track2_recovery/IMG/right_2026_08_31_19_24_31_944.jpg,0,0.2482752,0,29.93517
/Users/martin/smart-technologies-ca2/data_track2_recovery/IMG/center_2026_08_31_19_24_32_015.jpg,/Users/martin/smart-technologies-ca2/data_track2_recovery/IMG/left_2026_08_31_19_24_32_015.jpg,/Users/martin/smart-technologies-ca2/data_track2_recovery/IMG/right_2026_08_31_19_24_32_015.jpg,0,0.4421198,0,30.01032
/Users/martin/smart-technologies-ca2/data_track2_recovery/IMG/center_2026_08_31_19_24_32_081.jpg,/Users/martin/smart-technologies-ca2/data_track2_recovery/IMG/left_2026_08_31_19_24_32_081.jpg,/Users/martin/smart-technologies-ca2/data_track2_recovery/IMG/right_2026_08_31_19_24_32_081.jpg,-0.1,0.627547,0,30.07761
/Users/martin/smart-technologies-ca2/data_track2_recovery/IMG/center_2026_08_31_19_24_32_154.jpg,/Users/martin/smart-technologies-ca2/data_track2_recovery/IMG/left_2026_08_31_19_24_32_154.jpg,/Users/martin/smart-technologies-ca2/data_track2_recovery/IMG/right_2026_08_31_19_24_32_154.jpg,-0.3,0.860587,0,30.12389
/Users/martin/smart-technologies-ca2/data_track2_recovery/IMG/center_2026_08_31_19_24_32_221.jpg,/Users/martin/smart-technologies-ca2/data_track2_recovery/IMG/left_2026_08_31_19_24_32_221.jpg,/Users/martin/smart-technologies-ca2/data_track2_recovery/IMG/right_2026_08_31_19_24_32_221.jpg,-0.45,1,0,30.15103
/Users/martin/smart-technologies-ca2/data_track2_recovery/IMG/center_2026_08_31_19_24_32_288.jpg,/Users/martin/smart-technologies-ca2/data_track2_recovery/IMG/left_2026_08_31_19_24_32_288.jpg,/Users/martin/smart-technologies-ca2/data_track2_recovery/IMG/right_2026_08_31_19_24_32_288.jpg,-0.6000001,0.9648999,0,30.13198
/Users/martin/smart-technologies-ca2/data_track2_recovery/IMG/center_2026_08_31_19_24_32_355.jpg,/Users/martin/smart-technologies-ca2/data_track2_recovery/IMG/left_2026_08_31_19_24_32_355.jpg,/Users/martin/smart-technologies-ca2/data_track2_recovery/IMG/right_2026_08_31_19_24_32_355.jpg,-0.8000001,0.7293941,0,30.04994
/Users/martin/smart-technologies-ca2/data_track2_recovery/IMG/center_2026_08_31_19_24_32_427.jpg,/Users/martin/smart-technologies-ca2/data_track2_recovery/IMG/left_2026_08_31_19_24_32_427.jpg,/Users/martin/smart-technologies-ca2/data_track2_recovery/IMG/right_2026_08_31_19_24_32_427.jpg,-0.9500002,0.5491511,0,29.98991
/Users/martin/smart-technologies-ca2/data_track2_recovery/IMG/center_2026_08_31_19_24_32_494.jpg,/Users/martin/smart-technologies-ca2/data_track2_recovery/IMG/left_2026_08_31_19_24_32_494.jpg,/Users/martin/smart-technologies-ca2/data_track2_recovery/IMG/right_2026_08_31_19_24_32_494.jpg,-1,0.3637332,0,29.87598
/Users/martin/smart-technologies-ca2/data_track2_recovery/IMG/center_2026_08_31_19_24_32_561.jpg,/Users/martin/smart-technologies-ca2/data_track2_recovery/IMG/left_2026_08_31_19_24_32_561.jpg,/Users/martin/smart-technologies-ca2/data_track2_recovery/IMG/right_2026_08_31_19_24_32_561.jpg,-1,0.1285689,0,29.59187
/Users/martin/smart-technologies-ca2/data_track2_recovery/IMG/center_2026_08_31_19_24_32_630.jpg,/Users/martin/smart-technologies-ca2/data_track2_recovery/IMG/left_2026_08_31_19_24_32_630.jpg,/Users/martin/smart-technologies-ca2/data_track2_recovery/IMG/right_2026_08_31_19_24_32_630.jpg,-1,0.1467282,0,29.31216
/Users/martin/smart-technologies-ca2/data_track2_recovery/IMG/center_2026_08_31_19_24_32_702.jpg,/Users/martin/smart-technologies-ca2/data_track2_recovery/IMG/left_2026_08_31_19_24_32_702.jpg,/Users/martin/smart-technologies-ca2/data_track2_recovery/IMG/right_2026_08_31_19_24_32_702.jpg,0,0.3789191,0,29.2062
/Users/martin/smart-technologies-ca2/data_track2_recovery/IMG/center_2026_08_31_19_24_32_773.jpg,/Users/martin/smart-technologies-ca2/data_track2_recovery/IMG/left_2026_08_31_19_24_32_773.jpg,/Users/martin/smart-technologies-ca2/data_track2_recovery/IMG/right_2026_08_31_19_24_32_773.jpg,0,0.556864,0,29.31443
/Users/martin/smart-technologies-ca2/data_track2_recovery/IMG/center_2026_08_31_19_24_32_843.jpg,/Users/martin/smart-technologies-ca2/data_track2_recovery/IMG/left_2026_08_31_19_24_32_843.jpg,/Users/martin/smart-technologies-ca2/data_track2_recovery/IMG/right_2026_08_31_19_24_32_843.jpg,0,0.804973,0,29.69969
/Users/martin/smart-technologies-ca2/data_track2_recovery/IMG/center_2026_08_31_19_24_32_911.jpg,/Users/martin/smart-technologies-ca2/data_track2_recovery/IMG/left_2026_08_31_19_24_32_911.jpg,/Users/martin/smart-technologies-ca2/data_track2_recovery/IMG/right_2026_08_31_19_24_32_911.jpg,0,0.9735548,0,30.15186
/Users/martin/smart-technologies-ca2/data_track2_recovery/IMG/center_2026_08_31_19_24_32_978.jpg,/Users/martin/smart-technologies-ca2/data_track2_recovery/IMG/left_2026_08_31_19_24_32_978.jpg,/Users/martin/smart-technologies-ca2/data_track2_recovery/IMG/right_2026_08_31_19_24_32_978.jpg,-0.1,1,0,30.18992
/Users/martin/smart-technologies-ca2/data_track2_recovery/IMG/center_2026_08_31_19_24_33_046.jpg,/Users/martin/smart-technologies-ca2/data_track2_recovery/IMG/left_2026_08_31_19_24_33_046.jpg,/Users/martin/smart-technologies-ca2/data_track2_recovery/IMG/right_2026_08_31_19_24_33_046.jpg,-0.25,1,0,30.17868
/Users/martin/smart-technologies-ca2/data_track2_recovery/IMG/center_2026_08_31_19_24_33_113.jpg,/Users/martin/smart-technologies-ca2/data_track2_recovery/IMG/left_2026_08_31_19_24_33_113.jpg,/Users/martin/smart-technologies-ca2/data_track2_recovery/IMG/right_2026_08_31_19_24_33_113.jpg,-0.4,0.88204,0,30.13928
/Users/martin/smart-technologies-ca2/data_track2_recovery/IMG/center_2026_08_31_19_24_33_185.jpg,/Users/martin/smart-technologies-ca2/data_track2_recovery/IMG/left_2026_08_31_19_24_33_185.jpg,/Users/martin/smart-technologies-ca2/data_track2_recovery/IMG/right_2026_08_31_19_24_33_185.jpg,-0.6000001,0.6489668,0,30.05456
/Users/martin/smart-technologies-ca2/data_track2_recovery/IMG/center_2026_08_31_19_24_33_255.jpg,/Users/martin/smart-technologies-ca2/data_track2_recovery/IMG/left_2026_08_31_19_24_33_255.jpg,/Users/martin/smart-technologies-ca2/data_track2_recovery/IMG/right_2026_08_31_19_24_33_255.jpg,-0.8000001,0.5997275,0,29.99445
/Users/martin/smart-technologies-ca2/data_track2_recovery/IMG/center_2026_08_31_19_24_33_326.jpg,/Users/martin/smart-technologies-ca2/data_track2_recovery/IMG/left_2026_08_31_19_24_33_326.jpg,/Users/martin/smart-technologies-ca2/data_track2_recovery/IMG/right_2026_08_31_19_24_33_326.jpg,0,0.7809815,0,30.11061
/Users/martin/smart-technologies-ca2/data_track2_recovery/IMG/center_2026_08_31_19_24_33_393.jpg,/Users/martin/smart-technologies-ca2/data_track2_recovery/IMG/left_2026_08_31_19_24_33_393.jpg,/Users/martin/smart-technologies-ca2/data_track2_recovery/IMG/right_2026_08_31_19_24_33_393.jpg,-0.05,0.9639515,0,30.16369
/Users/martin/smart-technologies-ca2/data_track2_recovery/IMG/center_2026_08_31_19_24_33_465.jpg,/Users/martin/smart-technologies-ca2/data_track2_recovery/IMG/left_2026_08_31_19_24_33_465.jpg,/Users/martin/smart-technologies-ca2/data_track2_recovery/IMG/right_2026_08_31_19_24_33_465.jpg,-0.25,1,0,30.18604
/Users/martin/smart-technologies-ca2/data_track2_recovery/IMG/center_2026_08_31_19_24_33_532.jpg,/Users/martin/smart-technologies-ca2/data_track2_recovery/IMG/left_2026_08_31_19_24_33_532.jpg,/Users/martin/smart-technologies-ca2/data_track2_recovery/IMG/right_2026_08_31_19_24_33_532.jpg,-0.4,1,0,30.1682
/Users/martin/smart-technologies-ca2/data_track2_recovery/IMG/center_2026_08_31_19_24_33_604.jpg,/Users/martin/smart-technologies-ca2/data_track2_recovery/IMG/left_2026_08_31_19_24_33_604.jpg,/Users/martin/smart-technologies-ca2/data_track2_recovery/IMG/right_2026_08_31_19_24_33_604.jpg,0,1,0,30.18676
/Users/martin/smart-technologies-ca2/data_track2_recovery/IMG/center_2026_08_31_19_24_33_671.jpg,/Users/martin/smart-technologies-ca2/data_track2_recovery/IMG/left_2026_08_31_19_24_33_671.jpg,/Users/martin/smart-technologies-ca2/data_track2_recovery/IMG/right_2026_08_31_19_24_33_671.jpg,-0.05,1,0,30.19002
/Users/martin/smart-technologies-ca2/data_track2_recovery/IMG/center_2026_08_31_19_24_33_743.jpg,/Users/martin/smart-technologies-ca2/data_track2_recovery/IMG/left_2026_08_31_19_24_33_743.jpg,/Users/martin/smart-technologies-ca2/data_track2_recovery/IMG/right_2026_08_31_19_24_33_743.jpg,-0.25,1,0,30.18089
/Users/martin/smart-technologies-ca2/data_track2_recovery/IMG/center_2026_08_31_19_24_33_810.jpg,/Users/martin/smart-technologies-ca2/data_track2_recovery/IMG/left_2026_08_31_19_24_33_810.jpg,/Users/martin/smart-technologies-ca2/data_track2_recovery/IMG/right_2026_08_31_19_24_33_810.jpg,-0.4,0.879091,0,30.14384
/Users/martin/smart-technologies-ca2/data_track2_recovery/IMG/center_2026_08_31_19_24_33_877.jpg,/Users/martin/smart-technologies-ca2/data_track2_recovery/IMG/left_2026_08_31_19_24_33_877.jpg,/Users/martin/smart-technologies-ca2/data_track2_recovery/IMG/right_2026_08_31_19_24_33_877.jpg,-0.6000001,0.630982,0,30.05515
/Users/martin/smart-technologies-ca2/data_track2_recovery/IMG/center_2026_08_31_19_24_33_947.jpg,/Users/martin/smart-technologies-ca2/data_track2_recovery/IMG/left_2026_08_31_19_24_33_947.jpg,/Users/martin/smart-technologies-ca2/data_track2_recovery/IMG/right_2026_08_31_19_24_33_947.jpg,-0.7500002,0.4491851,0,29.99109
/Users/martin/smart-technologies-ca2/data_track2_recovery/IMG/center_2026_08_31_19_24_34_018.jpg,/Users/martin/smart-technologies-ca2/data_track2_recovery/IMG/left_2026_08_31_19_24_34_018.jpg,/Users/martin/smart-technologies-ca2/data_track2_recovery/IMG/right_2026_08_31_19_24_34_018.jpg,-0.9500002,0.2214731,0,29.75834
/Users/martin/smart-technologies-ca2/data_track2_recovery/IMG/center_2026_08_31_19_24_34_087.jpg,/Users/martin/smart-technologies-ca2/data_track2_recovery/IMG/left_2026_08_31_19_24_34_087.jpg,/Users/martin/smart-technologies-ca2/data_track2_recovery/IMG/right_2026_08_31_19_24_34_087.jpg,-1,0.02829719,0,29.41138
/Users/martin/smart-technologies-ca2/data_track2_recovery/IMG/center_2026_08_31_19_24_34_155.jpg,/Users/martin/smart-technologies-ca2/data_track2_recovery/IMG/left_2026_08_31_19_24_34_155.jpg,/Users/martin/smart-technologies-ca2/data_track2_recovery/IMG/right_2026_08_31_19_24_34_155.jpg,0,0,0,28.95514
/Users/martin/smart-technologies-ca2/data_track2_recovery/IMG/center_2026_08_31_19_24_34_223.jpg,/Users/martin/smart-technologies-ca2/data_track2_recovery/IMG/left_2026_08_31_19_24_34_223.jpg,/Users/martin/smart-technologies-ca2/data_track2_recovery/IMG/right_2026_08_31_19_24_34_223.jpg,0,0.1538608,0,28.71731
/Users/martin/smart-technologies-ca2/data_track2_recovery/IMG/center_2026_08_31_19_24_34_293.jpg,/Users/martin/smart-technologies-ca2/data_track2_recovery/IMG/left_2026_08_31_19_24_34_293.jpg,/Users/martin/smart-technologies-ca2/data_track2_recovery/IMG/right_2026_08_31_19_24_34_293.jpg,0,0.3407611,0,28.67157
/Users/martin/smart-technologies-ca2/data_track2_recovery/IMG/center_2026_08_31_19_24_34_362.jpg,/Users/martin/smart-technologies-ca2/data_track2_recovery/IMG/left_2026_08_31_19_24_34_362.jpg,/Users/martin/smart-technologies-ca2/data_track2_recovery/IMG/right_2026_08_31_19_24_34_362.jpg,0,0.5742059,0,28.85124
/Users/martin/smart-technologies-ca2/data_track2_recovery/IMG/center_2026_08_31_19_24_34_433.jpg,/Users/martin/smart-technologies-ca2/data_track2_recovery/IMG/left_2026_08_31_19_24_34_433.jpg,/Users/martin/smart-technologies-ca2/data_track2_recovery/IMG/right_2026_08_31_19_24_34_433.jpg,-0.05,0.7583578,0,29.14927
/Users/martin/smart-technologies-ca2/data_track2_recovery/IMG/center_2026_08_31_19_24_34_499.jpg,/Users/martin/smart-technologies-ca2/data_track2_recovery/IMG/left_2026_08_31_19_24_34_499.jpg,/Users/martin/smart-technologies-ca2/data_track2_recovery/IMG/right_2026_08_31_19_24_34_499.jpg,-0.25,0.9965608,0,29.73562
/Users/martin/smart-technologies-ca2/data_track2_recovery/IMG/center_2026_08_31_19_24_34_570.jpg,/Users/martin/smart-technologies-ca2/data_track2_recovery/IMG/left_2026_08_31_19_24_34_570.jpg,/Users/martin/smart-technologies-ca2/data_track2_recovery/IMG/right_2026_08_31_19_24_34_570.jpg,-0.4,1,0,30.15919
/Users/martin/smart-technologies-ca2/data_track2_recovery/IMG/center_2026_08_31_19_24_34_641.jpg,/Users/martin/smart-technologies-ca2/data_track2_recovery/IMG/left_2026_08_31_19_24_34_641.jpg,/Users/martin/smart-technologies-ca2/data_track2_recovery/IMG/right_2026_08_31_19_24_34_641.jpg,-0.6000001,1,0,30.13592
/Users/martin/smart-technologies-ca2/data_track2_recovery/IMG/center_2026_08_31_19_24_34_711.jpg,/Users/martin/smart-technologies-ca2/data_track2_recovery/IMG/left_2026_08_31_19_24_34_711.jpg,/Users/martin/smart-technologies-ca2/data_track2_recovery/IMG/right_2026_08_31_19_24_34_711.jpg,-0.7500002,1,0,30.11674
/Users/martin/smart-technologies-ca2/data_track2_recovery/IMG/center_2026_08_31_19_24_34_778.jpg,/Users/martin/smart-technologies-ca2/data_track2_recovery/IMG/left_2026_08_31_19_24_34_778.jpg,/Users/martin/smart-technologies-ca2/data_track2_recovery/IMG/right_2026_08_31_19_24_34_778.jpg,0,1,0,30.18209
/Users/martin/smart-technologies-ca2/data_track2_recovery/IMG/center_2026_08_31_19_24_34_848.jpg,/Users/martin/smart-technologies-ca2/data_track2_recovery/IMG/left_2026_08_31_19_24_34_848.jpg,/Users/martin/smart-technologies-ca2/data_track2_recovery/IMG/right_2026_08_31_19_24_34_848.jpg,0,1,0,30.18762
/Users/martin/smart-technologies-ca2/data_track2_recovery/IMG/center_2026_08_31_19_24_34_916.jpg,/Users/martin/smart-technologies-ca2/data_track2_recovery/IMG/left_2026_08_31_19_24_34_916.jpg,/Users/martin/smart-technologies-ca2/data_track2_recovery/IMG/right_2026_08_31_19_24_34_916.jpg,0,1,0,30.18996
/Users/martin/smart-technologies-ca2/data_track2_recovery/IMG/center_2026_08_31_19_24_34_983.jpg,/Users/martin/smart-technologies-ca2/data_track2_recovery/IMG/left_2026_08_31_19_24_34_983.jpg,/Users/martin/smart-technologies-ca2/data_track2_recovery/IMG/right_2026_08_31_19_24_34_983.jpg,0,1,0,30.19032
/Users/martin/smart-technologies-ca2/data_track2_recovery/IMG/center_2026_08_31_19_24_35_054.jpg,/Users/martin/smart-technologies-ca2/data_track2_recovery/IMG/left_2026_08_31_19_24_35_054.jpg,/Users/martin/smart-technologies-ca2/data_track2_recovery/IMG/right_2026_08_31_19_24_35_054.jpg,0,1,0,30.19045
/Users/martin/smart-technologies-ca2/data_track2_recovery/IMG/center_2026_08_31_19_24_35_121.jpg,/Users/martin/smart-technologies-ca2/data_track2_recovery/IMG/left_2026_08_31_19_24_35_121.jpg,/Users/martin/smart-technologies-ca2/data_track2_recovery/IMG/right_2026_08_31_19_24_35_121.jpg,0,1,0,30.19019
/Users/martin/smart-technologies-ca2/data_track2_recovery/IMG/center_2026_08_31_19_24_35_191.jpg,/Users/martin/smart-technologies-ca2/data_track2_recovery/IMG/left_2026_08_31_19_24_35_191.jpg,/Users/martin/smart-technologies-ca2/data_track2_recovery/IMG/right_2026_08_31_19_24_35_191.jpg,0,1,0,30.19029
/Users/martin/smart-technologies-ca2/data_track2_recovery/IMG/center_2026_08_31_19_24_35_261.jpg,/Users/martin/smart-technologies-ca2/data_track2_recovery/IMG/left_2026_08_31_19_24_35_261.jpg,/Users/martin/smart-technologies-ca2/data_track2_recovery/IMG/right_2026_08_31_19_24_35_261.jpg,0,0.901333,0,30.18
/Users/martin/smart-technologies-ca2/data_track2_recovery/IMG/center_2026_08_31_19_24_35_331.jpg,/Users/martin/smart-technologies-ca2/data_track2_recovery/IMG/left_2026_08_31_19_24_35_331.jpg,/Users/martin/smart-technologies-ca2/data_track2_recovery/IMG/right_2026_08_31_19_24_35_331.jpg,0.1,0.7240121,0,30.13093
/Users/martin/smart-technologies-ca2/data_track2_recovery/IMG/center_2026_08_31_19_24_35_399.jpg,/Users/martin/smart-technologies-ca2/data_track2_recovery/IMG/left_2026_08_31_19_24_35_399.jpg,/Users/martin/smart-technologies-ca2/data_track2_recovery/IMG/right_2026_08_31_19_24_35_399.jpg,0.3,0.4858363,0,30.04996
/Users/martin/smart-technologies-ca2/data_track2_recovery/IMG/center_2026_08_31_19_24_35_467.jpg,/Users/martin/smart-technologies-ca2/data_track2_recovery/IMG/left_2026_08_31_19_24_35_467.jpg,/Users/martin/smart-technologies-ca2/data_track2_recovery/IMG/right_2026_08_31_19_24_35_467.jpg,0.45,0.3060549,0,29.98564
/Users/martin/smart-technologies-ca2/data_track2_recovery/IMG/center_2026_08_31_19_24_35_538.jpg,/Users/martin/smart-technologies-ca2/data_track2_recovery/IMG/left_2026_08_31_19_24_35_538.jpg,/Users/martin/smart-technologies-ca2/data_track2_recovery/IMG/right_2026_08_31_19_24_35_538.jpg,0,0.05976129,0,29.83156
/Users/martin/smart-technologies-ca2/data_track2_recovery/IMG/center_2026_08_31_19_24_35_608.jpg,/Users/martin/smart-technologies-ca2/data_track2_recovery/IMG/left_2026_08_31_19_24_35_608.jpg,/Users/martin/smart-technologies-ca2/data_track2_recovery/IMG/right_2026_08_31_19_24_35_608.jpg,0,0,0,29.64965
/Users/martin/smart-technologies-ca2/data_track2_recovery/IMG/center_2026_08_31_19_24_35_678.jpg,/Users/martin/smart-technologies-ca2/data_track2_recovery/IMG/left_2026_08_31_19_24_35_678.jpg,/Users/martin/smart-technologies-ca2/data_track2_recovery/IMG/right_2026_08_31_19_24_35_678.jpg,0,0,0,29.40677
/Users/martin/smart-technologies-ca2/data_track2_recovery/IMG/center_2026_08_31_19_24_35_744.jpg,/Users/martin/smart-technologies-ca2/data_track2_recovery/IMG/left_2026_08_31_19_24_35_744.jpg,/Users/martin/smart-technologies-ca2/data_track2_recovery/IMG/right_2026_08_31_19_24_35_744.jpg,0.05,0,0,29.22847
/Users/martin/smart-technologies-ca2/data_track2_recovery/IMG/center_2026_08_31_19_24_35_814.jpg,/Users/martin/smart-technologies-ca2/data_track2_recovery/IMG/left_2026_08_31_19_24_35_814.jpg,/Users/martin/smart-technologies-ca2/data_track2_recovery/IMG/right_2026_08_31_19_24_35_814.jpg,0.25,0,0,28.9695
/Users/martin/smart-technologies-ca2/data_track2_recovery/IMG/center_2026_08_31_19_24_35_884.jpg,/Users/martin/smart-technologies-ca2/data_track2_recovery/IMG/left_2026_08_31_19_24_35_884.jpg,/Users/martin/smart-technologies-ca2/data_track2_recovery/IMG/right_2026_08_31_19_24_35_884.jpg,0.4,0,0,28.72596
/Users/martin/smart-technologies-ca2/data_track2_recovery/IMG/center_2026_08_31_19_24_35_951.jpg,/Users/martin/smart-technologies-ca2/data_track2_recovery/IMG/left_2026_08_31_19_24_35_951.jpg,/Users/martin/smart-technologies-ca2/data_track2_recovery/IMG/right_2026_08_31_19_24_35_951.jpg,0.5500001,0,0,28.43235
/Users/martin/smart-technologies-ca2/data_track2_recovery/IMG/center_2026_08_31_19_24_36_020.jpg,/Users/martin/smart-technologies-ca2/data_track2_recovery/IMG/left_2026_08_31_19_24_36_020.jpg,/Users/martin/smart-technologies-ca2/data_track2_recovery/IMG/right_2026_08_31_19_24_36_020.jpg,0.7500002,0,0,27.96548
/Users/martin/smart-technologies-ca2/data_track2_recovery/IMG/center_2026_08_31_19_24_36_087.jpg,/Users/martin/smart-technologies-ca2/data_track2_recovery/IMG/left_2026_08_31_19_24_36_087.jpg,/Users/martin/smart-technologies-ca2/data_track2_recovery/IMG/right_2026_08_31_19_24_36_087.jpg,0.9000002,0,0,27.56412
/Users/martin/smart-technologies-ca2/data_track2_recovery/IMG/center_2026_08_31_19_24_36_154.jpg,/Users/martin/smart-technologies-ca2/data_track2_recovery/IMG/left_2026_08_31_19_24_36_154.jpg,/Users/martin/smart-technologies-ca2/data_track2_recovery/IMG/right_2026_08_31_19_24_36_154.jpg,1,0,0,26.99822
/Users/martin/smart-technologies-ca2/data_track2_recovery/IMG/center_2026_08_31_19_24_36_221.jpg,/Users/martin/smart-technologies-ca2/data_track2_recovery/IMG/left_2026_08_31_19_24_36_221.jpg,/Users/martin/smart-technologies-ca2/data_track2_recovery/IMG/right_2026_08_31_19_24_36_221.jpg,0,0,0,26.75761
/Users/martin/smart-technologies-ca2/data_track2_recovery/IMG/center_2026_08_31_19_24_36_291.jpg,/Users/martin/smart-technologies-ca2/data_track2_recovery/IMG/left_2026_08_31_19_24_36_291.jpg,/Users/martin/smart-technologies-ca2/data_track2_recovery/IMG/right_2026_08_31_19_24_36_291.jpg,0,0,0,26.52712
/Users/martin/smart-technologies-ca2/data_track2_recovery/IMG/center_2026_08_31_19_24_36_358.jpg,/Users/martin/smart-technologies-ca2/data_track2_recovery/IMG/left_2026_08_31_19_24_36_358.jpg,/Users/martin/smart-technologies-ca2/data_track2_recovery/IMG/right_2026_08_31_19_24_36_358.jpg,0,0,0,26.29322
/Users/martin/smart-technologies-ca2/data_track2_recovery/IMG/center_2026_08_31_19_24_36_425.jpg,/Users/martin/smart-technologies-ca2/data_track2_recovery/IMG/left_2026_08_31_19_24_36_425.jpg,/Users/martin/smart-technologies-ca2/data_track2_recovery/IMG/right_2026_08_31_19_24_36_425.jpg,0,0,0,26.13255
/Users/martin/smart-technologies-ca2/data_track2_recovery/IMG/center_2026_08_31_19_24_36_496.jpg,/Users/martin/smart-technologies-ca2/data_track2_recovery/IMG/left_2026_08_31_19_24_36_496.jpg,/Users/martin/smart-technologies-ca2/data_track2_recovery/IMG/right_2026_08_31_19_24_36_496.jpg,0,0.01269615,0,25.92093
/Users/martin/smart-technologies-ca2/data_track2_recovery/IMG/center_2026_08_31_19_24_36_565.jpg,/Users/martin/smart-technologies-ca2/data_track2_recovery/IMG/left_2026_08_31_19_24_36_565.jpg,/Users/martin/smart-technologies-ca2/data_track2_recovery/IMG/right_2026_08_31_19_24_36_565.jpg,0,0.1881359,0,25.83229
/Users/martin/smart-technologies-ca2/data_track2_recovery/IMG/center_2026_08_31_19_24_36_637.jpg,/Users/martin/smart-technologies-ca2/data_track2_recovery/IMG/left_2026_08_31_19_24_36_637.jpg,/Users/martin/smart-technologies-ca2/data_track2_recovery/IMG/right_2026_08_31_19_24_36_637.jpg,0,0.4380119,0,25.91901
/Users/martin/smart-technologies-ca2/data_track2_recovery/IMG/center_2026_08_31_19_24_36_708.jpg,/Users/martin/smart-technologies-ca2/data_track2_recovery/IMG/left_2026_08_31_19_24_36_708.jpg,/Users/martin/smart-technologies-ca2/data_track2_recovery/IMG/right_2026_08_31_19_24_36_708.jpg,0.05,0.6132599,0,26.1366
/Users/martin/smart-technologies-ca2/data_track2_recovery/IMG/center_2026_08_31_19_24_36_775.jpg,/Users/martin/smart-technologies-ca2/data_track2_recovery/IMG/left_2026_08_31_19_24_36_775.jpg,/Users/martin/smart-technologies-ca2/data_track2_recovery/IMG/right_2026_08_31_19_24_36_775.jpg,0.25,0.8511028,0,26.59704
/Users/martin/smart-technologies-ca2/data_track2_recovery/IMG/center_2026_08_31_19_24_36_845.jpg,/Users/martin/smart-technologies-ca2/data_track2_recovery/IMG/left_2026_08_31_19_24_36_845.jpg,/Users/martin/smart-technologies-ca2/data_track2_recovery/IMG/right_2026_08_31_19_24_36_845.jpg,0.4,1,0,27.04256
/Users/martin/smart-technologies-ca2/data_track2_recovery/IMG/center_2026_08_31_19_24_36_916.jpg,/Users/martin/smart-technologies-ca2/data_track2_recovery/IMG/left_2026_08_31_19_24_36_916.jpg,/Users/martin/smart-technologies-ca2/data_track2_recovery/IMG/right_2026_08_31_19_24_36_916.jpg,0.6000001,0.788206,0,27.5468
/Users/martin/smart-technologies-ca2/data_track2_recovery/IMG/center_2026_08_31_19_24_36_984.jpg,/Users/martin/smart-technologies-ca2/data_track2_recovery/IMG/left_2026_08_31_19_24_36_984.jpg,/Users/martin/smart-technologies-ca2/data_track2_recovery/IMG/right_2026_08_31_19_24_36_984.jpg,0.7500002,0.7863638,0,27.73055
/Users/martin/smart-technologies-ca2/data_track2_recovery/IMG/center_2026_08_31_19_24_37_054.jpg,/Users/martin/smart-technologies-ca2/data_track2_recovery/IMG/left_2026_08_31_19_24_37_054.jpg,/Users/martin/smart-technologies-ca2/data_track2_recovery/IMG/right_2026_08_31_19_24_37_054.jpg,0.9500002,1,0,28.05361
/Users/martin/smart-technologies-ca2/data_track2_recovery/IMG/center_2026_08_31_19_24_37_123.jpg,/Users/martin/smart-technologies-ca2/data_track2_recovery/IMG/left_2026_08_31_19_24_37_123.jpg,/Users/martin/smart-technologies-ca2/data_track2_recovery/IMG/right_2026_08_31_19_24_37_123.jpg,1,1,0,28.35299
/Users/martin/smart-technologies-ca2/data_track2_recovery/IMG/center_2026_08_31_19_24_37_191.jpg,/Users/martin/smart-technologies-ca2/data_track2_recovery/IMG/left_2026_08_31_19_24_37_191.jpg,/Users/martin/smart-technologies-ca2/data_track2_recovery/IMG/right_2026_08_31_19_24_37_191.jpg,0,1,0,28.75258
/Users/martin/smart-technologies-ca2/data_track2_recovery/IMG/center_2026_08_31_19_24_37_261.jpg,/Users/martin/smart-technologies-ca2/data_track2_recovery/IMG/left_2026_08_31_19_24_37_261.jpg,/Users/martin/smart-technologies-ca2/data_track2_recovery/IMG/right_2026_08_31_19_24_37_261.jpg,0,1,0,29.36647
/Users/martin/smart-technologies-ca2/data_track2_recovery/IMG/center_2026_08_31_19_24_37_328.jpg,/Users/martin/smart-technologies-ca2/data_track2_recovery/IMG/left_2026_08_31_19_24_37_328.jpg,/Users/martin/smart-technologies-ca2/data_track2_recovery/IMG/right_2026_08_31_19_24_37_328.jpg,0,1,0,29.87754
/Users/martin/smart-technologies-ca2/data_track2_recovery/IMG/center_2026_08_31_19_24_37_397.jpg,/Users/martin/smart-technologies-ca2/data_track2_recovery/IMG/left_2026_08_31_19_24_37_397.jpg,/Users/martin/smart-technologies-ca2/data_track2_recovery/IMG/right_2026_08_31_19_24_37_397.jpg,0.15,1,0,30.19151
/Users/martin/smart-technologies-ca2/data_track2_recovery/IMG/center_2026_08_31_19_24_37_464.jpg,/Users/martin/smart-technologies-ca2/data_track2_recovery/IMG/left_2026_08_31_19_24_37_464.jpg,/Users/martin/smart-technologies-ca2/data_track2_recovery/IMG/right_2026_08_31_19_24_37_464.jpg,0,1,0,30.18945
/Users/martin/smart-technologies-ca2/data_track2_recovery/IMG/center_2026_08_31_19_24_37_533.jpg,/Users/martin/smart-technologies-ca2/data_track2_recovery/IMG/left_2026_08_31_19_24_37_533.jpg,/Users/martin/smart-technologies-ca2/data_track2_recovery/IMG/right_2026_08_31_19_24_37_533.jpg,0,1,0,30.18942
/Users/martin/smart-technologies-ca2/data_track2_recovery/IMG/center_2026_08_31_19_24_37_604.jpg,/Users/martin/smart-technologies-ca2/data_track2_recovery/IMG/left_2026_08_31_19_24_37_604.jpg,/Users/martin/smart-technologies-ca2/data_track2_recovery/IMG/right_2026_08_31_19_24_37_604.jpg,0.15,1,0,30.18776
/Users/martin/smart-technologies-ca2/data_track2_recovery/IMG/center_2026_08_31_19_24_37_676.jpg,/Users/martin/smart-technologies-ca2/data_track2_recovery/IMG/left_2026_08_31_19_24_37_676.jpg,/Users/martin/smart-technologies-ca2/data_track2_recovery/IMG/right_2026_08_31_19_24_37_676.jpg,0,0.9007422,0,30.17645
/Users/martin/smart-technologies-ca2/data_track2_recovery/IMG/center_2026_08_31_19_24_37_747.jpg,/Users/martin/smart-technologies-ca2/data_track2_recovery/IMG/left_2026_08_31_19_24_37_747.jpg,/Users/martin/smart-technologies-ca2/data_track2_recovery/IMG/right_2026_08_31_19_24_37_747.jpg,0,0.7156479,0,30.12814
/Users/martin/smart-technologies-ca2/data_track2_recovery/IMG/center_2026_08_31_19_24_37_813.jpg,/Users/martin/smart-technologies-ca2/data_track2_recovery/IMG/left_2026_08_31_19_24_37_813.jpg,/Users/martin/smart-technologies-ca2/data_track2_recovery/IMG/right_2026_08_31_19_24_37_813.jpg,0,0.5434272,0,30.08545
/Users/martin/smart-technologies-ca2/data_track2_recovery/IMG/center_2026_08_31_19_24_37_881.jpg,/Users/martin/smart-technologies-ca2/data_track2_recovery/IMG/left_2026_08_31_19_24_37_881.jpg,/Users/martin/smart-technologies-ca2/data_track2_recovery/IMG/right_2026_08_31_19_24_37_881.jpg,0,0.2989031,0,30.02338
/Users/martin/smart-technologies-ca2/data_track2_recovery/IMG/center_2026_08_31_19_24_37_948.jpg,/Users/martin/smart-technologies-ca2/data_track2_recovery/IMG/left_2026_08_31_19_24_37_948.jpg,/Users/martin/smart-technologies-ca2/data_track2_recovery/IMG/right_2026_08_31_19_24_37_948.jpg,0,0.1132331,0,29.9754
/Users/martin/smart-technologies-ca2/data_track2_recovery/IMG/center_2026_08_31_19_24_38_019.jpg,/Users/martin/smart-technologies-ca2/data_track2_recovery/IMG/left_2026_08_31_19_24_38_019.jpg,/Users/martin/smart-technologies-ca2/data_track2_recovery/IMG/right_2026_08_31_19_24_38_019.jpg,0,0,0,29.76579
/Users/martin/smart-technologies-ca2/data_track2_recovery/IMG/center_2026_08_31_19_24_38_090.jpg,/Users/martin/smart-technologies-ca2/data_track2_recovery/IMG/left_2026_08_31_19_24_38_090.jpg,/Users/martin/smart-technologies-ca2/data_track2_recovery/IMG/right_2026_08_31_19_24_38_090.jpg,-0.15,0,0.1566271,28.65346
/Users/martin/smart-technologies-ca2/data_track2_recovery/IMG/center_2026_08_31_19_24_38_159.jpg,/Users/martin/smart-technologies-ca2/data_track2_recovery/IMG/left_2026_08_31_19_24_38_159.jpg,/Users/martin/smart-technologies-ca2/data_track2_recovery/IMG/right_2026_08_31_19_24_38_159.jpg,-0.35,0,0.4002628,27.16475
/Users/martin/smart-technologies-ca2/data_track2_recovery/IMG/center_2026_08_31_19_24_38_226.jpg,/Users/martin/smart-technologies-ca2/data_track2_recovery/IMG/left_2026_08_31_19_24_38_226.jpg,/Users/martin/smart-technologies-ca2/data_track2_recovery/IMG/right_2026_08_31_19_24_38_226.jpg,0,0,0.4357588,26.10915
/Users/martin/smart-technologies-ca2/data_track2_recovery/IMG/center_2026_08_31_19_24_38_298.jpg,/Users/martin/smart-technologies-ca2/data_track2_recovery/IMG/left_2026_08_31_19_24_38_298.jpg,/Users/martin/smart-technologies-ca2/data_track2_recovery/IMG/right_2026_08_31_19_24_38_298.jpg,0,0,0.1951797,24.72162
/Users/martin/smart-technologies-ca2/data_track2_recovery/IMG/center_2026_08_31_19_24_38_363.jpg,/Users/martin/smart-technologies-ca2/data_track2_recovery/IMG/left_2026_08_31_19_24_38_363.jpg,/Users/martin/smart-technologies-ca2/data_track2_recovery/IMG/right_2026_08_31_19_24_38_363.jpg,0,0,0.02280271,23.69295
/Users/martin/smart-technologies-ca2/data_track2_recovery/IMG/center_2026_08_31_19_24_38_436.jpg,/Users/martin/smart-technologies-ca2/data_track2_recovery/IMG/left_2026_08_31_19_24_38_436.jpg,/Users/martin/smart-technologies-ca2/data_track2_recovery/IMG/right_2026_08_31_19_24_38_436.jpg,0,0,0.2384158,22.33593
/Users/martin/smart-technologies-ca2/data_track2_recovery/IMG/center_2026_08_31_19_24_38_501.jpg,/Users/martin/smart-technologies-ca2/data_track2_recovery/IMG/left_2026_08_31_19_24_38_501.jpg,/Users/martin/smart-technologies-ca2/data_track2_recovery/IMG/right_2026_08_31_19_24_38_501.jpg,0,0,0.4246169,21.32857
/Users/martin/smart-technologies-ca2/data_track2_recovery/IMG/center_2026_08_31_19_24_38_571.jpg,/Users/martin/smart-technologies-ca2/data_track2_recovery/IMG/left_2026_08_31_19_24_38_571.jpg,/Users/martin/smart-technologies-ca2/data_track2_recovery/IMG/right_2026_08_31_19_24_38_571.jpg,0,0,0.4963503,20.32999
/Users/martin/smart-technologies-ca2/data_track2_recovery/IMG/center_2026_08_31_19_24_38_639.jpg,/Users/martin/smart-technologies-ca2/data_track2_recovery/IMG/left_2026_08_31_19_24_38_639.jpg,/Users/martin/smart-technologies-ca2/data_track2_recovery/IMG/right_2026_08_31_19_24_38_639.jpg,0,0,0.2542623,19.01178
/Users/martin/smart-technologies-ca2/data_track2_recovery/IMG/center_2026_08_31_19_24_38_705.jpg,/Users/martin/smart-technologies-ca2/data_track2_recovery/IMG/left_2026_08_31_19_24_38_705.jpg,/Users/martin/smart-technologies-ca2/data_track2_recovery/IMG/right_2026_08_31_19_24_38_705.jpg,0,0,0.07276225,18.03299
/Users/martin/smart-technologies-ca2/data_track2_recovery/IMG/center_2026_08_31_19_24_38_776.jpg,/Users/martin/smart-technologies-ca2/data_track2_recovery/IMG/left_2026_08_31_19_24_38_776.jpg,/Users/martin/smart-technologies-ca2/data_track2_recovery/IMG/right_2026_08_31_19_24_38_776.jpg,0,0,0,17.01532
/Users/martin/smart-technologies-ca2/data_track2_recovery/IMG/center_2026_08_31_19_24_38_843.jpg,/Users/martin/smart-technologies-ca2/data_track2_recovery/IMG/left_2026_08_31_19_24_38_843.jpg,/Users/martin/smart-technologies-ca2/data_track2_recovery/IMG/right_2026_08_31_19_24_38_843.jpg,0,0,0,16.67365
/Users/martin/smart-technologies-ca2/data_track2_recovery/IMG/center_2026_08_31_19_24_38_933.jpg,/Users/martin/smart-technologies-ca2/data_track2_recovery/IMG/left_2026_08_31_19_24_38_933.jpg,/Users/martin/smart-technologies-ca2/data_track2_recovery/IMG/right_2026_08_31_19_24_38_933.jpg,0,0,0,15.99163
/Users/martin/smart-technologies-ca2/data_track2_recovery/IMG/center_2026_08_31_19_26_22_506.jpg,/Users/martin/smart-technologies-ca2/data_track2_recovery/IMG/left_2026_08_31_19_26_22_506.jpg,/Users/martin/smart-technologies-ca2/data_track2_recovery/IMG/right_2026_08_31_19_26_22_506.jpg,0,0.08253908,0,0.04425586
/Users/martin/smart-technologies-ca2/data_track2_recovery/IMG/center_2026_08_31_19_26_22_575.jpg,/Users/martin/smart-technologies-ca2/data_track2_recovery/IMG/left_2026_08_31_19_26_22_575.jpg,/Users/martin/smart-technologies-ca2/data_track2_recovery/IMG/right_2026_08_31_19_26_22_575.jpg,0,0.3254972,0,0.2289126
/Users/martin/smart-technologies-ca2/data_track2_recovery/IMG/center_2026_08_31_19_26_22_641.jpg,/Users/martin/smart-technologies-ca2/data_track2_recovery/IMG/left_2026_08_31_19_26_22_641.jpg,/Users/martin/smart-technologies-ca2/data_track2_recovery/IMG/right_2026_08_31_19_26_22_641.jpg,0,0.5004212,0,0.5332896
/Users/martin/smart-technologies-ca2/data_track2_recovery/IMG/center_2026_08_31_19_26_22_708.jpg,/Users/martin/smart-technologies-ca2/data_track2_recovery/IMG/left_2026_08_31_19_26_22_708.jpg,/Users/martin/smart-technologies-ca2/data_track2_recovery/IMG/right_2026_08_31_19_26_22_708.jpg,0,0.6855032,0,0.978301
/Users/martin/smart-technologies-ca2/data_track2_recovery/IMG/center_2026_08_31_19_26_22_775.jpg,/Users/martin/smart-technologies-ca2/data_track2_recovery/IMG/left_2026_08_31_19_26_22_775.jpg,/Users/martin/smart-technologies-ca2/data_track2_recovery/IMG/right_2026_08_31_19_26_22_775.jpg,0,0.9258002,0,1.754949
/Users/martin/smart-technologies-ca2/data_track2_recovery/IMG/center_2026_08_31_19_26_22_844.jpg,/Users/martin/smart-technologies-ca2/data_track2_recovery/IMG/left_2026_08_31_19_26_22_844.jpg,/Users/martin/smart-technologies-ca2/data_track2_recovery/IMG/right_2026_08_31_19_26_22_844.jpg,0,1,0,2.481497
/Users/martin/smart-technologies-ca2/data_track2_recovery/IMG/center_2026_08_31_19_26_22_913.jpg,/Users/martin/smart-technologies-ca2/data_track2_recovery/IMG/left_2026_08_31_19_26_22_913.jpg,/Users/martin/smart-technologies-ca2/data_track2_recovery/IMG/right_2026_08_31_19_26_22_913.jpg,0,1,0,3.419761
/Users/martin/smart-technologies-ca2/data_track2_recovery/IMG/center_2026_08_31_19_26_22_980.jpg,/Users/martin/smart-technologies-ca2/data_track2_recovery/IMG/left_2026_08_31_19_26_22_980.jpg,/Users/martin/smart-technologies-ca2/data_track2_recovery/IMG/right_2026_08_31_19_26_22_980.jpg,0,1,0,4.125988
/Users/martin/smart-technologies-ca2/data_track2_recovery/IMG/center_2026_08_31_19_26_23_049.jpg,/Users/martin/smart-technologies-ca2/data_track2_recovery/IMG/left_2026_08_31_19_26_23_049.jpg,/Users/martin/smart-technologies-ca2/data_track2_recovery/IMG/right_2026_08_31_19_26_23_049.jpg,0,1,0,4.826138
/Users/martin/smart-technologies-ca2/data_track2_recovery/IMG/center_2026_08_31_19_26_23_116.jpg,/Users/martin/smart-technologies-ca2/data_track2_recovery/IMG/left_2026_08_31_19_26_23_116.jpg,/Users/martin/smart-technologies-ca2/data_track2_recovery/IMG/right_2026_08_31_19_26_23_116.jpg,0,1,0,5.753174
/Users/martin/smart-technologies-ca2/data_track2_recovery/IMG/center_2026_08_31_19_26_23_183.jpg,/Users/martin/smart-technologies-ca2/data_track2_recovery/IMG/left_2026_08_31_19_26_23_183.jpg,/Users/martin/smart-technologies-ca2/data_track2_recovery/IMG/right_2026_08_31_19_26_23_183.jpg,0.05,1,0,6.44347
/Users/martin/smart-technologies-ca2/data_track2_recovery/IMG/center_2026_08_31_19_26_23_253.jpg,/Users/martin/smart-technologies-ca2/data_track2_recovery/IMG/left_2026_08_31_19_26_23_253.jpg,/Users/martin/smart-technologies-ca2/data_track2_recovery/IMG/right_2026_08_31_19_26_23_253.jpg,0.25,1,0,7.344434
/Users/martin/smart-technologies-ca2/data_track2_recovery/IMG/center_2026_08_31_19_26_23_322.jpg,/Users/martin/smart-technologies-ca2/data_track2_recovery/IMG/left_2026_08_31_19_26_23_322.jpg,/Users/martin/smart-technologies-ca2/data_track2_recovery/IMG/right_2026_08_31_19_26_23_322.jpg,0.4,1,0,8.001126
/Users/martin/smart-technologies-ca2/data_track2_recovery/IMG/center_2026_08_31_19_26_23_389.jpg,/Users/martin/smart-technologies-ca2/data_track2_recovery/IMG/left_2026_08_31_19_26_23_389.jpg,/Users/martin/smart-technologies-ca2/data_track2_recovery/IMG/right_2026_08_31_19_26_23_389.jpg,0,1,0,8.649333
/Users/martin/smart-technologies-ca2/data_track2_recovery/IMG/center_2026_08_31_19_26_23_458.jpg,/Users/martin/smart-technologies-ca2/data_track2_recovery/IMG/left_2026_08_31_19_26_23_458.jpg,/Users/martin/smart-technologies-ca2/data_track2_recovery/IMG/right_2026_08_31_19_26_23_458.jpg,0,1,0,9.540956
/Users/martin/smart-technologies-ca2/data_track2_recovery/IMG/center_2026_08_31_19_26_23_525.jpg,/Users/martin/smart-technologies-ca2/data_track2_recovery/IMG/left_2026_08_31_19_26_23_525.jpg,/Users/martin/smart-technologies-ca2/data_track2_recovery/IMG/right_2026_08_31_19_26_23_525.jpg,0,1,0,10.20898
/Users/martin/smart-technologies-ca2/data_track2_recovery/IMG/center_2026_08_31_19_26_23_592.jpg,/Users/martin/smart-technologies-ca2/data_track2_recovery/IMG/left_2026_08_31_19_26_23_592.jpg,/Users/martin/smart-technologies-ca2/data_track2_recovery/IMG/right_2026_08_31_19_26_23_592.jpg,0.15,1,0,11.08884
/Users/martin/smart-technologies-ca2/data_track2_recovery/IMG/center_2026_08_31_19_26_23_661.jpg,/Users/martin/smart-technologies-ca2/data_track2_recovery/IMG/left_2026_08_31_19_26_23_661.jpg,/Users/martin/smart-technologies-ca2/data_track2_recovery/IMG/right_2026_08_31_19_26_23_661.jpg,0.3,1,0,11.55723
/Users/martin/smart-technologies-ca2/data_track2_recovery/IMG/center_2026_08_31_19_26_23_731.jpg,/Users/martin/smart-technologies-ca2/data_track2_recovery/IMG/left_2026_08_31_19_26_23_731.jpg,/Users/martin/smart-technologies-ca2/data_track2_recovery/IMG/right_2026_08_31_19_26_23_731.jpg,0.5000001,1,0,12.39537
/Users/martin/smart-technologies-ca2/data_track2_recovery/IMG/center_2026_08_31_19_26_23_797.jpg,/Users/martin/smart-technologies-ca2/data_track2_recovery/IMG/left_2026_08_31_19_26_23_797.jpg,/Users/martin/smart-technologies-ca2/data_track2_recovery/IMG/right_2026_08_31_19_26_23_797.jpg,0.6500001,1,0,13.18644
/Users/martin/smart-technologies-ca2/data_track2_recovery/IMG/center_2026_08_31_19_26_23_867.jpg,/Users/martin/smart-technologies-ca2/data_track2_recovery/IMG/left_2026_08_31_19_26_23_867.jpg,/Users/martin/smart-technologies-ca2/data_track2_recovery/IMG/right_2026_08_31_19_26_23_867.jpg,0.8000001,1,0,13.53305
/Users/martin/smart-technologies-ca2/data_track2_recovery/IMG/center_2026_08_31_19_26_23_933.jpg,/Users/martin/smart-technologies-ca2/data_track2_recovery/IMG/left_2026_08_31_19_26_23_933.jpg,/Users/martin/smart-technologies-ca2/data_track2_recovery/IMG/right_2026_08_31_19_26_23_933.jpg,0,1,0,14.34568
/Users/martin/smart-technologies-ca2/data_track2_recovery/IMG/center_2026_08_31_19_26_24_000.jpg,/Users/martin/smart-technologies-ca2/data_track2_recovery/IMG/left_2026_08_31_19_26_24_000.jpg,/Users/martin/smart-technologies-ca2/data_track2_recovery/IMG/right_2026_08_31_19_26_24_000.jpg,0.05,1,0,15.12894
/Users/martin/smart-technologies-ca2/data_track2_recovery/IMG/center_2026_08_31_19_26_24_069.jpg,/Users/martin/smart-technologies-ca2/data_track2_recovery/IMG/left_2026_08_31_19_26_24_069.jpg,/Users/martin/smart-technologies-ca2/data_track2_recovery/IMG/right_2026_08_31_19_26_24_069.jpg,0.2,1,0,15.44408
/Users/martin/smart-technologies-ca2/data_track2_recovery/IMG/center_2026_08_31_19_26_24_136.jpg,/Users/martin/smart-technologies-ca2/data_track2_recovery/IMG/left_2026_08_31_19_26_24_136.jpg,/Users/martin/smart-technologies-ca2/data_track2_recovery/IMG/right_2026_08_31_19_26_24_136.jpg,0.4,1,0,16.22471
/Users/martin/smart-technologies-ca2/data_track2_recovery/IMG/center_2026_08_31_19_26_24_203.jpg,/Users/martin/smart-technologies-ca2/data_track2_recovery/IMG/left_2026_08_31_19_26_24_203.jpg,/Users/martin/smart-technologies-ca2/data_track2_recovery/IMG/right_2026_08_31_19_26_24_203.jpg,0.5500001,1,0,16.74083
/Users/martin/smart-technologies-ca2/data_track2_recovery/IMG/center_2026_08_31_19_26_24_272.jpg,/Users/martin/smart-technologies-ca2/data_track2_recovery/IMG/left_2026_08_31_19_26_24_272.jpg,/Users/martin/smart-technologies-ca2/data_track2_recovery/IMG/right_2026_08_31_19_26_24_272.jpg,0.7500002,1,0,17.38947
/Users/martin/smart-technologies-ca2/data_track2_recovery/IMG/center_2026_08_31_19_26_24_339.jpg,/Users/martin/smart-technologies-ca2/data_track2_recovery/IMG/left_2026_08_31_19_26_24_339.jpg,/Users/martin/smart-technologies-ca2/data_track2_recovery/IMG/right_2026_08_31_19_26_24_339.jpg,0,1,0,17.87321
/Users/martin/smart-technologies-ca2/data_track2_recovery/IMG/center_2026_08_31_19_26_24_408.jpg,/Users/martin/smart-technologies-ca2/data_track2_recovery/IMG/left_2026_08_31_19_26_24_408.jpg,/Users/martin/smart-technologies-ca2/data_track2_recovery/IMG/right_2026_08_31_19_26_24_408.jpg,0,1,0,18.3961
/Users/martin/smart-technologies-ca2/data_track2_recovery/IMG/center_2026_08_31_19_26_24_476.jpg,/Users/martin/smart-technologies-ca2/data_track2_recovery/IMG/left_2026_08_31_19_26_24_476.jpg,/Users/martin/smart-technologies-ca2/data_track2_recovery/IMG/right_2026_08_31_19_26_24_476.jpg,0,1,0,18.24076
/Users/martin/smart-technologies-ca2/data_track2_recovery/IMG/center_2026_08_31_19_26_24_545.jpg,/Users/martin/smart-technologies-ca2/data_track2_recovery/IMG/left_2026_08_31_19_26_24_545.jpg,/Users/martin/smart-technologies-ca2/data_track2_recovery/IMG/right_2026_08_31_19_26_24_545.jpg,0.1,1,0,18.75811
/Users/martin/smart-technologies-ca2/data_track2_recovery/IMG/center_2026_08_31_19_26_24_613.jpg,/Users/martin/smart-technologies-ca2/data_track2_recovery/IMG/left_2026_08_31_19_26_24_613.jpg,/Users/martin/smart-technologies-ca2/data_track2_recovery/IMG/right_2026_08_31_19_26_24_613.jpg,0.3,1,0,19.21714
/Users/martin/smart-technologies-ca2/data_track2_recovery/IMG/center_2026_08_31_19_26_24_679.jpg,/Users/martin/smart-technologies-ca2/data_track2_recovery/IMG/left_2026_08_31_19_26_24_679.jpg,/Users/martin/smart-technologies-ca2/data_track2_recovery/IMG/right_2026_08_31_19_26_24_679.jpg,0.45,1,0,19.67661
/Users/martin/smart-technologies-ca2/data_track2_recovery/IMG/center_2026_08_31_19_26_24_746.jpg,/Users/martin/smart-technologies-ca2/data_track2_recovery/IMG/left_2026_08_31_19_26_24_746.jpg,/Users/martin/smart-technologies-ca2/data_track2_recovery/IMG/right_2026_08_31_19_26_24_746.jpg,0,1,0,20.20185
/Users/martin/smart-technologies-ca2/data_track2_recovery/IMG/center_2026_08_31_19_26_24_815.jpg,/Users/martin/smart-technologies-ca2/data_track2_recovery/IMG/left_2026_08_31_19_26_24_815.jpg,/Users/martin/smart-technologies-ca2/data_track2_recovery/IMG/right_2026_08_31_19_26_24_815.jpg,0,1,0,19.9739
/Users/martin/smart-technologies-ca2/data_track2_recovery/IMG/center_2026_08_31_19_26_24_883.jpg,/Users/martin/smart-technologies-ca2/data_track2_recovery/IMG/left_2026_08_31_19_26_24_883.jpg,/Users/martin/smart-technologies-ca2/data_track2_recovery/IMG/right_2026_08_31_19_26_24_883.jpg,0.1,1,0,20.29542
/Users/martin/smart-technologies-ca2/data_track2_recovery/IMG/center_2026_08_31_19_26_24_954.jpg,/Users/martin/smart-technologies-ca2/data_track2_recovery/IMG/left_2026_08_31_19_26_24_954.jpg,/Users/martin/smart-technologies-ca2/data_track2_recovery/IMG/right_2026_08_31_19_26_24_954.jpg,0.3,1,0,20.57422
/Users/martin/smart-technologies-ca2/data_track2_recovery/IMG/center_2026_08_31_19_26_25_023.jpg,/Users/martin/smart-technologies-ca2/data_track2_recovery/IMG/left_2026_08_31_19_26_25_023.jpg,/Users/martin/smart-technologies-ca2/data_track2_recovery/IMG/right_2026_08_31_19_26_25_023.jpg,0.45,1,0,20.68346
/Users/martin/smart-technologies-ca2/data_track2_recovery/IMG/center_2026_08_31_19_26_25_091.jpg,/Users/martin/smart-technologies-ca2/data_track2_recovery/IMG/left_2026_08_31_19_26_25_091.jpg,/Users/martin/smart-technologies-ca2/data_track2_recovery/IMG/right_2026_08_31_19_26_25_091.jpg,0,1,0,21.18516
/Users/martin/smart-technologies-ca2/data_track2_recovery/IMG/center_2026_08_31_19_26_25_160.jpg,/Users/martin/smart-technologies-ca2/data_track2_recovery/IMG/left_2026_08_31_19_26_25_160.jpg,/Users/martin/smart-technologies-ca2/data_track2_recovery/IMG/right_2026_08_31_19_26_25_160.jpg,0,1,0,21.34641
/Users/martin/smart-technologies-ca2/data_track2_recovery/IMG/center_2026_08_31_19_26_25_228.jpg,/Users/martin/smart-technologies-ca2/data_track2_recovery/IMG/left_2026_08_31_19_26_25_228.jpg,/Users/martin/smart-technologies-ca2/data_track2_recovery/IMG/right_2026_08_31_19_26_25_228.jpg,0,1,0,21.55176
/Users/martin/smart-technologies-ca2/data_track2_recovery/IMG/center_2026_08_31_19_26_25_295.jpg,/Users/martin/smart-technologies-ca2/data_track2_recovery/IMG/left_2026_08_31_19_26_25_295.jpg,/Users/martin/smart-technologies-ca2/data_track2_recovery/IMG/right_2026_08_31_19_26_25_295.jpg,0,1,0,22.0329
/Users/martin/smart-technologies-ca2/data_track2_recovery/IMG/center_2026_08_31_19_26_25_362.jpg,/Users/martin/smart-technologies-ca2/data_track2_recovery/IMG/left_2026_08_31_19_26_25_362.jpg,/Users/martin/smart-technologies-ca2/data_track2_recovery/IMG/right_2026_08_31_19_26_25_362.jpg,0,1,0,22.31371
/Users/martin/smart-technologies-ca2/data_track2_recovery/IMG/center_2026_08_31_19_26_25_429.jpg,/Users/martin/smart-technologies-ca2/data_track2_recovery/IMG/left_2026_08_31_19_26_25_429.jpg,/Users/martin/smart-technologies-ca2/data_track2_recovery/IMG/right_2026_08_31_19_26_25_429.jpg,0,1,0,22.56142
/Users/martin/smart-technologies-ca2/data_track2_recovery/IMG/center_2026_08_31_19_26_25_498.jpg,/Users/martin/smart-technologies-ca2/data_track2_recovery/IMG/left_2026_08_31_19_26_25_498.jpg,/Users/martin/smart-technologies-ca2/data_track2_recovery/IMG/right_2026_08_31_19_26_25_498.jpg,0,0.8580489,0,22.83759
/Users/martin/smart-technologies-ca2/data_track2_recovery/IMG/center_2026_08_31_19_26_25_565.jpg,/Users/martin/smart-technologies-ca2/data_track2_recovery/IMG/left_2026_08_31_19_26_25_565.jpg,/Users/martin/smart-technologies-ca2/data_track2_recovery/IMG/right_2026_08_31_19_26_25_565.jpg,0,0.7647395,0,23.01343
/Users/martin/smart-technologies-ca2/data_track2_recovery/IMG/center_2026_08_31_19_26_25_634.jpg,/Users/martin/smart-technologies-ca2/data_track2_recovery/IMG/left_2026_08_31_19_26_25_634.jpg,/Users/martin/smart-technologies-ca2/data_track2_recovery/IMG/right_2026_08_31_19_26_25_634.jpg,-0.15,1,0,23.21929
/Users/martin/smart-technologies-ca2/data_track2_recovery/IMG/center_2026_08_31_19_26_25_703.jpg,/Users/martin/smart-technologies-ca2/data_track2_recovery/IMG/left_2026_08_31_19_26_25_703.jpg,/Users/martin/smart-technologies-ca2/data_track2_recovery/IMG/right_2026_08_31_19_26_25_703.jpg,-0.3,1,0,23.28754
/Users/martin/smart-technologies-ca2/data_track2_recovery/IMG/center_2026_08_31_19_26_25_769.jpg,/Users/martin/smart-technologies-ca2/data_track2_recovery/IMG/left_2026_08_31_19_26_25_769.jpg,/Users/martin/smart-technologies-ca2/data_track2_recovery/IMG/right_2026_08_31_19_26_25_769.jpg,-0.45,1,0,23.58987
/Users/martin/smart-technologies-ca2/data_track2_recovery/IMG/center_2026_08_31_19_26_25_836.jpg,/Users/martin/smart-technologies-ca2/data_track2_recovery/IMG/left_2026_08_31_19_26_25_836.jpg,/Users/martin/smart-technologies-ca2/data_track2_recovery/IMG/right_2026_08_31_19_26_25_836.jpg,-0.6500001,1,0,23.72866
/Users/martin/smart-technologies-ca2/data_track2_recovery/IMG/center_2026_08_31_19_26_25_905.jpg,/Users/martin/smart-technologies-ca2/data_track2_recovery/IMG/left_2026_08_31_19_26_25_905.jpg,/Users/martin/smart-technologies-ca2/data_track2_recovery/IMG/right_2026_08_31_19_26_25_905.jpg,-0.8000001,1,0,23.76836
/Users/martin/smart-technologies-ca2/data_track2_recovery/IMG/center_2026_08_31_19_26_25_973.jpg,/Users/martin/smart-technologies-ca2/data_track2_recovery/IMG/left_2026_08_31_19_26_25_973.jpg,/Users/martin/smart-technologies-ca2/data_track2_recovery/IMG/right_2026_08_31_19_26_25_973.jpg,0,1,0,23.45905
/Users/martin/smart-technologies-ca2/data_track2_recovery/IMG/center_2026_08_31_19_26_26_042.jpg,/Users/martin/smart-technologies-ca2/data_track2_recovery/IMG/left_2026_08_31_19_26_26_042.jpg,/Users/martin/smart-technologies-ca2/data_track2_recovery/IMG/right_2026_08_31_19_26_26_042.jpg,0,1,0,23.54232
/Users/martin/smart-technologies-ca2/data_track2_recovery/IMG/center_2026_08_31_19_26_26_111.jpg,/Users/martin/smart-technologies-ca2/data_track2_recovery/IMG/left_2026_08_31_19_26_26_111.jpg,/Users/martin/smart-technologies-ca2/data_track2_recovery/IMG/right_2026_08_31_19_26_26_111.jpg,0,0.7849841,0,24.0266
/Users/martin/smart-technologies-ca2/data_track2_recovery/IMG/center_2026_08_31_19_26_26_179.jpg,/Users/martin/smart-technologies-ca2/data_track2_recovery/IMG/left_2026_08_31_19_26_26_179.jpg,/Users/martin/smart-technologies-ca2/data_track2_recovery/IMG/right_2026_08_31_19_26_26_179.jpg,0,0.6004331,0,23.44328
/Users/martin/smart-technologies-ca2/data_track2_recovery/IMG/center_2026_08_31_19_26_26_247.jpg,/Users/martin/smart-technologies-ca2/data_track2_recovery/IMG/left_2026_08_31_19_26_26_247.jpg,/Users/martin/smart-technologies-ca2/data_track2_recovery/IMG/right_2026_08_31_19_26_26_247.jpg,0.15,0.422863,0,23.50103
/Users/martin/smart-technologies-ca2/data_track2_recovery/IMG/center_2026_08_31_19_26_26_315.jpg,/Users/martin/smart-technologies-ca2/data_track2_recovery/IMG/left_2026_08_31_19_26_26_315.jpg,/Users/martin/smart-technologies-ca2/data_track2_recovery/IMG/right_2026_08_31_19_26_26_315.jpg,0.35,0.179857,0,23.04173
/Users/martin/smart-technologies-ca2/data_track2_recovery/IMG/center_2026_08_31_19_26_26_383.jpg,/Users/martin/smart-technologies-ca2/data_track2_recovery/IMG/left_2026_08_31_19_26_26_383.jpg,/Users/martin/smart-technologies-ca2/data_track2_recovery/IMG/right_2026_08_31_19_26_26_383.jpg,0.5000001,0.0019418,0,22.70646
/Users/martin/smart-technologies-ca2/data_track2_recovery/IMG/center_2026_08_31_19_26_26_453.jpg,/Users/martin/smart-technologies-ca2/data_track2_recovery/IMG/left_2026_08_31_19_26_26_453.jpg,/Users/martin/smart-technologies-ca2/data_track2_recovery/IMG/right_2026_08_31_19_26_26_453.jpg,0,0,0,22.44237
/Users/martin/smart-technologies-ca2/data_track2_recovery/IMG/center_2026_08_31_19_26_26_520.jpg,/Users/martin/smart-technologies-ca2/data_track2_recovery/IMG/left_2026_08_31_19_26_26_520.jpg,/Users/martin/smart-technologies-ca2/data_track2_recovery/IMG/right_2026_08_31_19_26_26_520.jpg,0,0.1568849,0,22.31245
/Users/martin/smart-technologies-ca2/data_track2_recovery/IMG/center_2026_08_31_19_26_26_587.jpg,/Users/martin/smart-technologies-ca2/data_track2_recovery/IMG/left_2026_08_31_19_26_26_587.jpg,/Users/martin/smart-technologies-ca2/data_track2_recovery/IMG/right_2026_08_31_19_26_26_587.jpg,0,0.3363179,0,22.52979
/Users/martin/smart-technologies-ca2/data_track2_recovery/IMG/center_2026_08_31_19_26_26_655.jpg,/Users/martin/smart-technologies-ca2/data_track2_recovery/IMG/left_2026_08_31_19_26_26_655.jpg,/Users/martin/smart-technologies-ca2/data_track2_recovery/IMG/right_2026_08_31_19_26_26_655.jpg,0.2,0.4976131,0,22.927
/Users/martin/smart-technologies-ca2/data_track2_recovery/IMG/center_2026_08_31_19_26_26_724.jpg,/Users/martin/smart-technologies-ca2/data_track2_recovery/IMG/left_2026_08_31_19_26_26_724.jpg,/Users/martin/smart-technologies-ca2/data_track2_recovery/IMG/right_2026_08_31_19_26_26_724.jpg,0.35,0.3170013,0,22.995
/Users/martin/smart-technologies-ca2/data_track2_recovery/IMG/center_2026_08_31_19_26_26_791.jpg,/Users/martin/smart-technologies-ca2/data_track2_recovery/IMG/left_2026_08_31_19_26_26_791.jpg,/Users/martin/smart-technologies-ca2/data_track2_recovery/IMG/right_2026_08_31_19_26_26_791.jpg,0.5500001,0.07853436,0,22.77246
/Users/martin/smart-technologies-ca2/data_track2_recovery/IMG/center_2026_08_31_19_26_26_859.jpg,/Users/martin/smart-technologies-ca2/data_track2_recovery/IMG/left_2026_08_31_19_26_26_859.jpg,/Users/martin/smart-technologies-ca2/data_track2_recovery/IMG/right_2026_08_31_19_26_26_859.jpg,0.7,0,0,22.72012
/Users/martin/smart-technologies-ca2/data_track2_recovery/IMG/center_2026_08_31_19_26_26_926.jpg,/Users/martin/smart-technologies-ca2/data_track2_recovery/IMG/left_2026_08_31_19_26_26_926.jpg,/Users/martin/smart-technologies-ca2/data_track2_recovery/IMG/right_2026_08_31_19_26_26_926.jpg,0.8500001,0.06304801,0,22.19607
/Users/martin/smart-technologies-ca2/data_track2_recovery/IMG/center_2026_08_31_19_26_26_993.jpg,/Users/martin/smart-technologies-ca2/data_track2_recovery/IMG/left_2026_08_31_19_26_26_993.jpg,/Users/martin/smart-technologies-ca2/data_track2_recovery/IMG/right_2026_08_31_19_26_26_993.jpg,1,0.302148,0,21.94082
/Users/martin/smart-technologies-ca2/data_track2_recovery/IMG/center_2026_08_31_19_26_27_061.jpg,/Users/martin/smart-technologies-ca2/data_track2_recovery/IMG/left_2026_08_31_19_26_27_061.jpg,/Users/martin/smart-technologies-ca2/data_track2_recovery/IMG/right_2026_08_31_19_26_27_061.jpg,1,0.488745,0,22.04412
/Users/martin/smart-technologies-ca2/data_track2_recovery/IMG/center_2026_08_31_19_26_27_128.jpg,/Users/martin/smart-technologies-ca2/data_track2_recovery/IMG/left_2026_08_31_19_26_27_128.jpg,/Users/martin/smart-technologies-ca2/data_track2_recovery/IMG/right_2026_08_31_19_26_27_128.jpg,1,0.4014208,0,22.03394
/Users/martin/smart-technologies-ca2/data_track2_recovery/IMG/center_2026_08_31_19_26_27_195.jpg,/Users/martin/smart-technologies-ca2/data_track2_recovery/IMG/left_2026_08_31_19_26_27_195.jpg,/Users/martin/smart-technologies-ca2/data_track2_recovery/IMG/right_2026_08_31_19_26_27_195.jpg,1,0.1642828,0,22.01238
/Users/martin/smart-technologies-ca2/data_track2_recovery/IMG/center_2026_08_31_19_26_27_262.jpg,/Users/martin/smart-technologies-ca2/data_track2_recovery/IMG/left_2026_08_31_19_26_27_262.jpg,/Users/martin/smart-technologies-ca2/data_track2_recovery/IMG/right_2026_08_31_19_26_27_262.jpg,0,0.174615,0,22.00899
/Users/martin/smart-technologies-ca2/data_track2_recovery/IMG/center_2026_08_31_19_26_27_329.jpg,/Users/martin/smart-technologies-ca2/data_track2_recovery/IMG/left_2026_08_31_19_26_27_329.jpg,/Users/martin/smart-technologies-ca2/data_track2_recovery/IMG/right_2026_08_31_19_26_27_329.jpg,0,0.3474659,0,21.84955
/Users/martin/smart-technologies-ca2/data_track2_recovery/IMG/center_2026_08_31_19_26_27_397.jpg,/Users/martin/smart-technologies-ca2/data_track2_recovery/IMG/left_2026_08_31_19_26_27_397.jpg,/Users/martin/smart-technologies-ca2/data_track2_recovery/IMG/right_2026_08_31_19_26_27_397.jpg,0,0.5874209,0,22.0682
/Users/martin/smart-technologies-ca2/data_track2_recovery/IMG/center_2026_08_31_19_26_27_466.jpg,/Users/martin/smart-technologies-ca2/data_track2_recovery/IMG/left_2026_08_31_19_26_27_466.jpg,/Users/martin/smart-technologies-ca2/data_track2_recovery/IMG/right_2026_08_31_19_26_27_466.jpg,-0.1,0.7740358,0,22.49077
/Users/martin/smart-technologies-ca2/data_track2_recovery/IMG/center_2026_08_31_19_26_27_533.jpg,/Users/martin/smart-technologies-ca2/data_track2_recovery/IMG/left_2026_08_31_19_26_27_533.jpg,/Users/martin/smart-technologies-ca2/data_track2_recovery/IMG/right_2026_08_31_19_26_27_533.jpg,-0.3,1,0,23.06967
/Users/martin/smart-technologies-ca2/data_track2_recovery/IMG/center_2026_08_31_19_26_27_603.jpg,/Users/martin/smart-technologies-ca2/data_track2_recovery/IMG/left_2026_08_31_19_26_27_603.jpg,/Users/martin/smart-technologies-ca2/data_track2_recovery/IMG/right_2026_08_31_19_26_27_603.jpg,-0.45,1,0,23.53031
/Users/martin/smart-technologies-ca2/data_track2_recovery/IMG/center_2026_08_31_19_26_27_670.jpg,/Users/martin/smart-technologies-ca2/data_track2_recovery/IMG/left_2026_08_31_19_26_27_670.jpg,/Users/martin/smart-technologies-ca2/data_track2_recovery/IMG/right_2026_08_31_19_26_27_670.jpg,0,1,0,24.11116
/Users/martin/smart-technologies-ca2/data_track2_recovery/IMG/center_2026_08_31_19_26_27_739.jpg,/Users/martin/smart-technologies-ca2/data_track2_recovery/IMG/left_2026_08_31_19_26_27_739.jpg,/Users/martin/smart-technologies-ca2/data_track2_recovery/IMG/right_2026_08_31_19_26_27_739.jpg,0.2,0.824806,0,24.7864
/Users/martin/smart-technologies-ca2/data_track2_recovery/IMG/center_2026_08_31_19_26_27_807.jpg,/Users/martin/smart-technologies-ca2/data_track2_recovery/IMG/left_2026_08_31_19_26_27_807.jpg,/Users/martin/smart-technologies-ca2/data_track2_recovery/IMG/right_2026_08_31_19_26_27_807.jpg,0.35,0.6429758,0,25.09948
/Users/martin/smart-technologies-ca2/data_track2_recovery/IMG/center_2026_08_31_19_26_27_874.jpg,/Users/martin/smart-technologies-ca2/data_track2_recovery/IMG/left_2026_08_31_19_26_27_874.jpg,/Users/martin/smart-technologies-ca2/data_track2_recovery/IMG/right_2026_08_31_19_26_27_874.jpg,0,0.5875871,0,25.39358
/Users/martin/smart-technologies-ca2/data_track2_recovery/IMG/center_2026_08_31_19_26_27_941.jpg,/Users/martin/smart-technologies-ca2/data_track2_recovery/IMG/left_2026_08_31_19_26_27_941.jpg,/Users/martin/smart-technologies-ca2/data_track2_recovery/IMG/right_2026_08_31_19_26_27_941.jpg,0,0.7657992,0,25.72683
/Users/martin/smart-technologies-ca2/data_track2_recovery/IMG/center_2026_08_31_19_26_28_009.jpg,/Users/martin/smart-technologies-ca2/data_track2_recovery/IMG/left_2026_08_31_19_26_28_009.jpg,/Users/martin/smart-technologies-ca2/data_track2_recovery/IMG/right_2026_08_31_19_26_28_009.jpg,0,0.9448752,0,26.18654
/Users/martin/smart-technologies-ca2/data_track2_recovery/IMG/center_2026_08_31_19_26_28_076.jpg,/Users/martin/smart-technologies-ca2/data_track2_recovery/IMG/left_2026_08_31_19_26_28_076.jpg,/Users/martin/smart-technologies-ca2/data_track2_recovery/IMG/right_2026_08_31_19_26_28_076.jpg,0,1,0,26.93768
/Users/martin/smart-technologies-ca2/data_track2_recovery/IMG/center_2026_08_31_19_26_28_143.jpg,/Users/martin/smart-technologies-ca2/data_track2_recovery/IMG/left_2026_08_31_19_26_28_143.jpg,/Users/martin/smart-technologies-ca2/data_track2_recovery/IMG/right_2026_08_31_19_26_28_143.jpg,0.1,1,0,27.49848
/Users/martin/smart-technologies-ca2/data_track2_recovery/IMG/center_2026_08_31_19_26_28_212.jpg,/Users/martin/smart-technologies-ca2/data_track2_recovery/IMG/left_2026_08_31_19_26_28_212.jpg,/Users/martin/smart-technologies-ca2/data_track2_recovery/IMG/right_2026_08_31_19_26_28_212.jpg,0.3,1,0,28.19848
/Users/martin/smart-technologies-ca2/data_track2_recovery/IMG/center_2026_08_31_19_26_28_279.jpg,/Users/martin/smart-technologies-ca2/data_track2_recovery/IMG/left_2026_08_31_19_26_28_279.jpg,/Users/martin/smart-technologies-ca2/data_track2_recovery/IMG/right_2026_08_31_19_26_28_279.jpg,0.45,1,0,28.66562
/Users/martin/smart-technologies-ca2/data_track2_recovery/IMG/center_2026_08_31_19_26_28_347.jpg,/Users/martin/smart-technologies-ca2/data_track2_recovery/IMG/left_2026_08_31_19_26_28_347.jpg,/Users/martin/smart-technologies-ca2/data_track2_recovery/IMG/right_2026_08_31_19_26_28_347.jpg,0.6000001,1,0,29.07852
/Users/martin/smart-technologies-ca2/data_track2_recovery/IMG/center_2026_08_31_19_26_28_415.jpg,/Users/martin/smart-technologies-ca2/data_track2_recovery/IMG/left_2026_08_31_19_26_28_415.jpg,/Users/martin/smart-technologies-ca2/data_track2_recovery/IMG/right_2026_08_31_19_26_28_415.jpg,0.8000001,1,0,29.54375
/Users/martin/smart-technologies-ca2/data_track2_recovery/IMG/center_2026_08_31_19_26_28_482.jpg,/Users/martin/smart-technologies-ca2/data_track2_recovery/IMG/left_2026_08_31_19_26_28_482.jpg,/Users/martin/smart-technologies-ca2/data_track2_recovery/IMG/right_2026_08_31_19_26_28_482.jpg,0,1,0,30.03222
/Users/martin/smart-technologies-ca2/data_track2_recovery/IMG/center_2026_08_31_19_26_28_549.jpg,/Users/martin/smart-technologies-ca2/data_track2_recovery/IMG/left_2026_08_31_19_26_28_549.jpg,/Users/martin/smart-technologies-ca2/data_track2_recovery/IMG/right_2026_08_31_19_26_28_549.jpg,0,1,0,30.18421
/Users/martin/smart-technologies-ca2/data_track2_recovery/IMG/center_2026_08_31_19_26_28_616.jpg,/Users/martin/smart-technologies-ca2/data_track2_recovery/IMG/left_2026_08_31_19_26_28_616.jpg,/Users/martin/smart-technologies-ca2/data_track2_recovery/IMG/right_2026_08_31_19_26_28_616.jpg,0.2,1,0,30.18875
/Users/martin/smart-technologies-ca2/data_track2_recovery/IMG/center_2026_08_31_19_26_28_686.jpg,/Users/martin/smart-technologies-ca2/data_track2_recovery/IMG/left_2026_08_31_19_26_28_686.jpg,/Users/martin/smart-technologies-ca2/data_track2_recovery/IMG/right_2026_08_31_19_26_28_686.jpg,0.35,1,0,30.17322
/Users/martin/smart-technologies-ca2/data_track2_recovery/IMG/center_2026_08_31_19_26_28_753.jpg,/Users/martin/smart-technologies-ca2/data_track2_recovery/IMG/left_2026_08_31_19_26_28_753.jpg,/Users/martin/smart-technologies-ca2/data_track2_recovery/IMG/right_2026_08_31_19_26_28_753.jpg,0.5500001,1,0,30.14589
/Users/martin/smart-technologies-ca2/data_track2_recovery/IMG/center_2026_08_31_19_26_28_820.jpg,/Users/martin/smart-technologies-ca2/data_track2_recovery/IMG/left_2026_08_31_19_26_28_820.jpg,/Users/martin/smart-technologies-ca2/data_track2_recovery/IMG/right_2026_08_31_19_26_28_820.jpg,0.7,1,0,30.12568
/Users/martin/smart-technologies-ca2/data_track2_recovery/IMG/center_2026_08_31_19_26_28_889.jpg,/Users/martin/smart-technologies-ca2/data_track2_recovery/IMG/left_2026_08_31_19_26_28_889.jpg,/Users/martin/smart-technologies-ca2/data_track2_recovery/IMG/right_2026_08_31_19_26_28_889.jpg,0.8500001,1,0,30.10815
/Users/martin/smart-technologies-ca2/data_track2_recovery/IMG/center_2026_08_31_19_26_28_958.jpg,/Users/martin/smart-technologies-ca2/data_track2_recovery/IMG/left_2026_08_31_19_26_28_958.jpg,/Users/martin/smart-technologies-ca2/data_track2_recovery/IMG/right_2026_08_31_19_26_28_958.jpg,0,1,0,30.17485
/Users/martin/smart-technologies-ca2/data_track2_recovery/IMG/center_2026_08_31_19_26_29_025.jpg,/Users/martin/smart-technologies-ca2/data_track2_recovery/IMG/left_2026_08_31_19_26_29_025.jpg,/Users/martin/smart-technologies-ca2/data_track2_recovery/IMG/right_2026_08_31_19_26_29_025.jpg,0.05,1,0,30.1889
/Users/martin/smart-technologies-ca2/data_track2_recovery/IMG/center_2026_08_31_19_26_29_094.jpg,/Users/martin/smart-technologies-ca2/data_track2_recovery/IMG/left_2026_08_31_19_26_29_094.jpg,/Users/martin/smart-technologies-ca2/data_track2_recovery/IMG/right_2026_08_31_19_26_29_094.jpg,0.25,1,0,30.18582
/Users/martin/smart-technologies-ca2/data_track2_recovery/IMG/center_2026_08_31_19_26_29_161.jpg,/Users/martin/smart-technologies-ca2/data_track2_recovery/IMG/left_2026_08_31_19_26_29_161.jpg,/Users/martin/smart-technologies-ca2/data_track2_recovery/IMG/right_2026_08_31_19_26_29_161.jpg,0.4,1,0,30.16758
/Users/martin/smart-technologies-ca2/data_track2_recovery/IMG/center_2026_08_31_19_26_29_230.jpg,/Users/martin/smart-technologies-ca2/data_track2_recovery/IMG/left_2026_08_31_19_26_29_230.jpg,/Users/martin/smart-technologies-ca2/data_track2_recovery/IMG/right_2026_08_31_19_26_29_230.jpg,0,1,0,30.18331
/Users/martin/smart-technologies-ca2/data_track2_recovery/IMG/center_2026_08_31_19_26_29_299.jpg,/Users/martin/smart-technologies-ca2/data_track2_recovery/IMG/left_2026_08_31_19_26_29_299.jpg,/Users/martin/smart-technologies-ca2/data_track2_recovery/IMG/right_2026_08_31_19_26_29_299.jpg,0,1,0,30.18829
/Users/martin/smart-technologies-ca2/data_track2_recovery/IMG/center_2026_08_31_19_26_29_366.jpg,/Users/martin/smart-technologies-ca2/data_track2_recovery/IMG/left_2026_08_31_19_26_29_366.jpg,/Users/martin/smart-technologies-ca2/data_track2_recovery/IMG/right_2026_08_31_19_26_29_366.jpg,0,1,0,30.18972
/Users/martin/smart-technologies-ca2/data_track2_recovery/IMG/center_2026_08_31_19_26_29_436.jpg,/Users/martin/smart-technologies-ca2/data_track2_recovery/IMG/left_2026_08_31_19_26_29_436.jpg,/Users/martin/smart-technologies-ca2/data_track2_recovery/IMG/right_2026_08_31_19_26_29_436.jpg,0,1,0,30.19021
/Users/martin/smart-technologies-ca2/data_track2_recovery/IMG/center_2026_08_31_19_26_29_503.jpg,/Users/martin/smart-technologies-ca2/data_track2_recovery/IMG/left_2026_08_31_19_26_29_503.jpg,/Users/martin/smart-technologies-ca2/data_track2_recovery/IMG/right_2026_08_31_19_26_29_503.jpg,0,1,0,30.19027
/Users/martin/smart-technologies-ca2/data_track2_recovery/IMG/center_2026_08_31_19_26_29_573.jpg,/Users/martin/smart-technologies-ca2/data_track2_recovery/IMG/left_2026_08_31_19_26_29_573.jpg,/Users/martin/smart-technologies-ca2/data_track2_recovery/IMG/right_2026_08_31_19_26_29_573.jpg,0,1,0,30.19029
/Users/martin/smart-technologies-ca2/data_track2_recovery/IMG/center_2026_08_31_19_26_29_642.jpg,/Users/martin/smart-technologies-ca2/data_track2_recovery/IMG/left_2026_08_31_19_26_29_642.jpg,/Users/martin/smart-technologies-ca2/data_track2_recovery/IMG/right_2026_08_31_19_26_29_642.jpg,0,1,0,30.19031
/Users/martin/smart-technologies-ca2/data_track2_recovery/IMG/center_2026_08_31_19_26_29_711.jpg,/Users/martin/smart-technologies-ca2/data_track2_recovery/IMG/left_2026_08_31_19_26_29_711.jpg,/Users/martin/smart-technologies-ca2/data_track2_recovery/IMG/right_2026_08_31_19_26_29_711.jpg,0,1,0,30.1903
/Users/martin/smart-technologies-ca2/data_track2_recovery/IMG/center_2026_08_31_19_26_29_780.jpg,/Users/martin/smart-technologies-ca2/data_track2_recovery/IMG/left_2026_08_31_19_26_29_780.jpg,/Users/martin/smart-technologies-ca2/data_track2_recovery/IMG/right_2026_08_31_19_26_29_780.jpg,0,1,0,30.19044
/Users/martin/smart-technologies-ca2/data_track2_recovery/IMG/center_2026_08_31_19_26_29_847.jpg,/Users/martin/smart-technologies-ca2/data_track2_recovery/IMG/left_2026_08_31_19_26_29_847.jpg,/Users/martin/smart-technologies-ca2/data_track2_recovery/IMG/right_2026_08_31_19_26_29_847.jpg,0,0.843394,0,30.16364
/Users/martin/smart-technologies-ca2/data_track2_recovery/IMG/center_2026_08_31_19_26_29_916.jpg,/Users/martin/smart-technologies-ca2/data_track2_recovery/IMG/left_2026_08_31_19_26_29_916.jpg,/Users/martin/smart-technologies-ca2/data_track2_recovery/IMG/right_2026_08_31_19_26_29_916.jpg,0.1,0.608749,0,30.09937
/Users/martin/smart-technologies-ca2/data_track2_recovery/IMG/center_2026_08_31_19_26_29_983.jpg,/Users/martin/smart-technologies-ca2/data_track2_recovery/IMG/left_2026_08_31_19_26_29_983.jpg,/Users/martin/smart-technologies-ca2/data_track2_recovery/IMG/right_2026_08_31_19_26_29_983.jpg,0.25,0.4230908,0,30.03875
/Users/martin/smart-technologies-ca2/data_track2_recovery/IMG/center_2026_08_31_19_26_30_053.jpg,/Users/martin/smart-technologies-ca2/data_track2_recovery/IMG/left_2026_08_31_19_26_30_053.jpg,/Users/martin/smart-technologies-ca2/data_track2_recovery/IMG/right_2026_08_31_19_26_30_053.jpg,0.45,0.1806878,0,29.93514
/Users/martin/smart-technologies-ca2/data_track2_recovery/IMG/center_2026_08_31_19_26_30_122.jpg,/Users/martin/smart-technologies-ca2/data_track2_recovery/IMG/left_2026_08_31_19_26_30_122.jpg,/Users/martin/smart-technologies-ca2/data_track2_recovery/IMG/right_2026_08_31_19_26_30_122.jpg,0,0.00729692,0,29.81922
/Users/martin/smart-technologies-ca2/data_track2_recovery/IMG/center_2026_08_31_19_26_30_189.jpg,/Users/martin/smart-technologies-ca2/data_track2_recovery/IMG/left_2026_08_31_19_26_30_189.jpg,/Users/martin/smart-technologies-ca2/data_track2_recovery/IMG/right_2026_08_31_19_26_30_189.jpg,0,0,0,29.63415
/Users/martin/smart-technologies-ca2/data_track2_recovery/IMG/center_2026_08_31_19_26_30_258.jpg,/Users/martin/smart-technologies-ca2/data_track2_recovery/IMG/left_2026_08_31_19_26_30_258.jpg,/Users/martin/smart-technologies-ca2/data_track2_recovery/IMG/right_2026_08_31_19_26_30_258.jpg,0,0,0,29.3944
/Users/martin/smart-technologies-ca2/data_track2_recovery/IMG/center_2026_08_31_19_26_30_327.jpg,/Users/martin/smart-technologies-ca2/data_track2_recovery/IMG/left_2026_08_31_19_26_30_327.jpg,/Users/martin/smart-technologies-ca2/data_track2_recovery/IMG/right_2026_08_31_19_26_30_327.jpg,0.15,0,0,29.21184
/Users/martin/smart-technologies-ca2/data_track2_recovery/IMG/center_2026_08_31_19_26_30_394.jpg,/Users/martin/smart-technologies-ca2/data_track2_recovery/IMG/left_2026_08_31_19_26_30_394.jpg,/Users/martin/smart-technologies-ca2/data_track2_recovery/IMG/right_2026_08_31_19_26_30_394.jpg,0.35,0,0,28.91593
/Users/martin/smart-technologies-ca2/data_track2_recovery/IMG/center_2026_08_31_19_26_30_461.jpg,/Users/martin/smart-technologies-ca2/data_track2_recovery/IMG/left_2026_08_31_19_26_30_461.jpg,/Users/martin/smart-technologies-ca2/data_track2_recovery/IMG/right_2026_08_31_19_26_30_461.jpg,0.5000001,0,0,28.63738
/Users/martin/smart-technologies-ca2/data_track2_recovery/IMG/center_2026_08_31_19_26_30_530.jpg,/Users/martin/smart-technologies-ca2/data_track2_recovery/IMG/left_2026_08_31_19_26_30_530.jpg,/Users/martin/smart-technologies-ca2/data_track2_recovery/IMG/right_2026_08_31_19_26_30_530.jpg,0.7,0,0,28.18934
/Users/martin/smart-technologies-ca2/data_track2_recovery/IMG/center_2026_08_31_19_26_30_598.jpg,/Users/martin/smart-technologies-ca2/data_track2_recovery/IMG/left_2026_08_31_19_26_30_598.jpg,/Users/martin/smart-technologies-ca2/data_track2_recovery/IMG/right_2026_08_31_19_26_30_598.jpg,0,0.153024,0,27.89623
/Users/martin/smart-technologies-ca2/data_track2_recovery/IMG/center_2026_08_31_19_26_30_667.jpg,/Users/martin/smart-technologies-ca2/data_track2_recovery/IMG/left_2026_08_31_19_26_30_667.jpg,/Users/martin/smart-technologies-ca2/data_track2_recovery/IMG/right_2026_08_31_19_26_30_667.jpg,0,0.3360629,0,27.84787
/Users/martin/smart-technologies-ca2/data_track2_recovery/IMG/center_2026_08_31_19_26_30_734.jpg,/Users/martin/smart-technologies-ca2/data_track2_recovery/IMG/left_2026_08_31_19_26_30_734.jpg,/Users/martin/smart-technologies-ca2/data_track2_recovery/IMG/right_2026_08_31_19_26_30_734.jpg,0,0.5694029,0,28.03694
/Users/martin/smart-technologies-ca2/data_track2_recovery/IMG/center_2026_08_31_19_26_30_803.jpg,/Users/martin/smart-technologies-ca2/data_track2_recovery/IMG/left_2026_08_31_19_26_30_803.jpg,/Users/martin/smart-technologies-ca2/data_track2_recovery/IMG/right_2026_08_31_19_26_30_803.jpg,0.15,0.7515271,0,28.34171
/Users/martin/smart-technologies-ca2/data_track2_recovery/IMG/center_2026_08_31_19_26_30_870.jpg,/Users/martin/smart-technologies-ca2/data_track2_recovery/IMG/left_2026_08_31_19_26_30_870.jpg,/Users/martin/smart-technologies-ca2/data_track2_recovery/IMG/right_2026_08_31_19_26_30_870.jpg,0.35,0.9867239,0,28.90112
/Users/martin/smart-technologies-ca2/data_track2_recovery/IMG/center_2026_08_31_19_26_30_939.jpg,/Users/martin/smart-technologies-ca2/data_track2_recovery/IMG/left_2026_08_31_19_26_30_939.jpg,/Users/martin/smart-technologies-ca2/data_track2_recovery/IMG/right_2026_08_31_19_26_30_939.jpg,0.5000001,1,0,29.35813
/Users/martin/smart-technologies-ca2/data_track2_recovery/IMG/center_2026_08_31_19_26_31_006.jpg,/Users/martin/smart-technologies-ca2/data_track2_recovery/IMG/left_2026_08_31_19_26_31_006.jpg,/Users/martin/smart-technologies-ca2/data_track2_recovery/IMG/right_2026_08_31_19_26_31_006.jpg,0,1,0,29.79941
/Users/martin/smart-technologies-ca2/data_track2_recovery/IMG/center_2026_08_31_19_26_31_073.jpg,/Users/martin/smart-technologies-ca2/data_track2_recovery/IMG/left_2026_08_31_19_26_31_073.jpg,/Users/martin/smart-technologies-ca2/data_track2_recovery/IMG/right_2026_08_31_19_26_31_073.jpg,0,1,0,30.1868
/Users/martin/smart-technologies-ca2/data_track2_recovery/IMG/center_2026_08_31_19_26_31_142.jpg,/Users/martin/smart-technologies-ca2/data_track2_recovery/IMG/left_2026_08_31_19_26_31_142.jpg,/Users/martin/smart-technologies-ca2/data_track2_recovery/IMG/right_2026_08_31_19_26_31_142.jpg,0,1,0,30.18924
/Users/martin/smart-technologies-ca2/data_track2_recovery/IMG/center_2026_08_31_19_26_31_212.jpg,/Users/martin/smart-technologies-ca2/data_track2_recovery/IMG/left_2026_08_31_19_26_31_212.jpg,/Users/martin/smart-technologies-ca2/data_track2_recovery/IMG/right_2026_08_31_19_26_31_212.jpg,0,1,0,30.18999
/Users/martin/smart-technologies-ca2/data_track2_recovery/IMG/center_2026_08_31_19_26_31_279.jpg,/Users/martin/smart-technologies-ca2/data_track2_recovery/IMG/left_2026_08_31_19_26_31_279.jpg,/Users/martin/smart-technologies-ca2/data_track2_recovery/IMG/right_2026_08_31_19_26_31_279.jpg,0,1,0,30.1903
/Users/martin/smart-technologies-ca2/data_track2_recovery/IMG/center_2026_08_31_19_26_31_346.jpg,/Users/martin/smart-technologies-ca2/data_track2_recovery/IMG/left_2026_08_31_19_26_31_346.jpg,/Users/martin/smart-technologies-ca2/data_track2_recovery/IMG/right_2026_08_31_19_26_31_346.jpg,0,1,0,30.19022
/Users/martin/smart-technologies-ca2/data_track2_recovery/IMG/center_2026_08_31_19_26_31_415.jpg,/Users/martin/smart-technologies-ca2/data_track2_recovery/IMG/left_2026_08_31_19_26_31_415.jpg,/Users/martin/smart-technologies-ca2/data_track2_recovery/IMG/right_2026_08_31_19_26_31_415.jpg,0,1,0,30.19038
/Users/martin/smart-technologies-ca2/data_track2_recovery/IMG/center_2026_08_31_19_26_31_487.jpg,/Users/martin/smart-technologies-ca2/data_track2_recovery/IMG/left_2026_08_31_19_26_31_487.jpg,/Users/martin/smart-technologies-ca2/data_track2_recovery/IMG/right_2026_08_31_19_26_31_487.jpg,0,1,0,30.19031
/Users/martin/smart-technologies-ca2/data_track2_recovery/IMG/center_2026_08_31_19_26_31_556.jpg,/Users/martin/smart-technologies-ca2/data_track2_recovery/IMG/left_2026_08_31_19_26_31_556.jpg,/Users/martin/smart-technologies-ca2/data_track2_recovery/IMG/right_2026_08_31_19_26_31_556.jpg,0,1,0,30.19035
/Users/martin/smart-technologies-ca2/data_track2_recovery/IMG/center_2026_08_31_19_26_31_623.jpg,/Users/martin/smart-technologies-ca2/data_track2_recovery/IMG/left_2026_08_31_19_26_31_623.jpg,/Users/martin/smart-technologies-ca2/data_track2_recovery/IMG/right_2026_08_31_19_26_31_623.jpg,-0.1,0.8496729,0,30.16046
/Users/martin/smart-technologies-ca2/data_track2_recovery/IMG/center_2026_08_31_19_26_31_691.jpg,/Users/martin/smart-technologies-ca2/data_track2_recovery/IMG/left_2026_08_31_19_26_31_691.jpg,/Users/martin/smart-technologies-ca2/data_track2_recovery/IMG/right_2026_08_31_19_26_31_691.jpg,-0.3,0.6141911,0,30.08107
/Users/martin/smart-technologies-ca2/data_track2_recovery/IMG/center_2026_08_31_19_26_31_759.jpg,/Users/martin/smart-technologies-ca2/data_track2_recovery/IMG/left_2026_08_31_19_26_31_759.jpg,/Users/martin/smart-technologies-ca2/data_track2_recovery/IMG/right_2026_08_31_19_26_31_759.jpg,-0.45,0.4335879,0,30.01921
/Users/martin/smart-technologies-ca2/data_track2_recovery/IMG/center_2026_08_31_19_26_31_826.jpg,/Users/martin/smart-technologies-ca2/data_track2_recovery/IMG/left_2026_08_31_19_26_31_826.jpg,/Users/martin/smart-technologies-ca2/data_track2_recovery/IMG/right_2026_08_31_19_26_31_826.jpg,0,0.2509148,0,29.97251
/Users/martin/smart-technologies-ca2/data_track2_recovery/IMG/center_2026_08_31_19_26_31_895.jpg,/Users/martin/smart-technologies-ca2/data_track2_recovery/IMG/left_2026_08_31_19_26_31_895.jpg,/Users/martin/smart-technologies-ca2/data_track2_recovery/IMG/right_2026_08_31_19_26_31_895.jpg,0,0.009357929,0,29.85594
/Users/martin/smart-technologies-ca2/data_track2_recovery/IMG/center_2026_08_31_19_26_31_962.jpg,/Users/martin/smart-technologies-ca2/data_track2_recovery/IMG/left_2026_08_31_19_26_31_962.jpg,/Users/martin/smart-technologies-ca2/data_track2_recovery/IMG/right_2026_08_31_19_26_31_962.jpg,0,0,0,29.67076
/Users/martin/smart-technologies-ca2/data_track2_recovery/IMG/center_2026_08_31_19_26_32_031.jpg,/Users/martin/smart-technologies-ca2/data_track2_recovery/IMG/left_2026_08_31_19_26_32_031.jpg,/Users/martin/smart-technologies-ca2/data_track2_recovery/IMG/right_2026_08_31_19_26_32_031.jpg,0,0,0,29.43087
/Users/martin/smart-technologies-ca2/data_track2_recovery/IMG/center_2026_08_31_19_26_32_099.jpg,/Users/martin/smart-technologies-ca2/data_track2_recovery/IMG/left_2026_08_31_19_26_32_099.jpg,/Users/martin/smart-technologies-ca2/data_track2_recovery/IMG/right_2026_08_31_19_26_32_099.jpg,0,0,0,29.25296
/Users/martin/smart-technologies-ca2/data_track2_recovery/IMG/center_2026_08_31_19_26_32_170.jpg,/Users/martin/smart-technologies-ca2/data_track2_recovery/IMG/left_2026_08_31_19_26_32_170.jpg,/Users/martin/smart-technologies-ca2/data_track2_recovery/IMG/right_2026_08_31_19_26_32_170.jpg,0,0,0,29.01767
/Users/martin/smart-technologies-ca2/data_track2_recovery/IMG/center_2026_08_31_19_26_32_239.jpg,/Users/martin/smart-technologies-ca2/data_track2_recovery/IMG/left_2026_08_31_19_26_32_239.jpg,/Users/martin/smart-technologies-ca2/data_track2_recovery/IMG/right_2026_08_31_19_26_32_239.jpg,0,0.171906,0,28.88807
/Users/martin/smart-technologies-ca2/data_track2_recovery/IMG/center_2026_08_31_19_26_32_306.jpg,/Users/martin/smart-technologies-ca2/data_track2_recovery/IMG/left_2026_08_31_19_26_32_306.jpg,/Users/martin/smart-technologies-ca2/data_track2_recovery/IMG/right_2026_08_31_19_26_32_306.jpg,0,0.3486328,0,28.89566
/Users/martin/smart-technologies-ca2/data_track2_recovery/IMG/center_2026_08_31_19_26_32_375.jpg,/Users/martin/smart-technologies-ca2/data_track2_recovery/IMG/left_2026_08_31_19_26_32_375.jpg,/Users/martin/smart-technologies-ca2/data_track2_recovery/IMG/right_2026_08_31_19_26_32_375.jpg,0,0.5924939,0,29.08629
/Users/martin/smart-technologies-ca2/data_track2_recovery/IMG/center_2026_08_31_19_26_32_444.jpg,/Users/martin/smart-technologies-ca2/data_track2_recovery/IMG/left_2026_08_31_19_26_32_444.jpg,/Users/martin/smart-technologies-ca2/data_track2_recovery/IMG/right_2026_08_31_19_26_32_444.jpg,0.1,0.7713239,0,29.34023
/Users/martin/smart-technologies-ca2/data_track2_recovery/IMG/center_2026_08_31_19_26_32_511.jpg,/Users/martin/smart-technologies-ca2/data_track2_recovery/IMG/left_2026_08_31_19_26_32_511.jpg,/Users/martin/smart-technologies-ca2/data_track2_recovery/IMG/right_2026_08_31_19_26_32_511.jpg,0.3,0.6785367,0,29.7764
/Users/martin/smart-technologies-ca2/data_track2_recovery/IMG/center_2026_08_31_19_26_32_580.jpg,/Users/martin/smart-technologies-ca2/data_track2_recovery/IMG/left_2026_08_31_19_26_32_580.jpg,/Users/martin/smart-technologies-ca2/data_track2_recovery/IMG/right_2026_08_31_19_26_32_580.jpg,0.45,0.4943697,0,29.79631
/Users/martin/smart-technologies-ca2/data_track2_recovery/IMG/center_2026_08_31_19_26_32_647.jpg,/Users/martin/smart-technologies-ca2/data_track2_recovery/IMG/left_2026_08_31_19_26_32_647.jpg,/Users/martin/smart-technologies-ca2/data_track2_recovery/IMG/right_2026_08_31_19_26_32_647.jpg,0.6000001,0.3197608,0,29.56412
/Users/martin/smart-technologies-ca2/data_track2_recovery/IMG/center_2026_08_31_19_26_32_714.jpg,/Users/martin/smart-technologies-ca2/data_track2_recovery/IMG/left_2026_08_31_19_26_32_714.jpg,/Users/martin/smart-technologies-ca2/data_track2_recovery/IMG/right_2026_08_31_19_26_32_714.jpg,0.8000001,0.07679093,0,29.23408
/Users/martin/smart-technologies-ca2/data_track2_recovery/IMG/center_2026_08_31_19_26_32_781.jpg,/Users/martin/smart-technologies-ca2/data_track2_recovery/IMG/left_2026_08_31_19_26_32_781.jpg,/Users/martin/smart-technologies-ca2/data_track2_recovery/IMG/right_2026_08_31_19_26_32_781.jpg,0,0,0,28.80153
/Users/martin/smart-technologies-ca2/data_track2_recovery/IMG/center_2026_08_31_19_26_32_849.jpg,/Users/martin/smart-technologies-ca2/data_track2_recovery/IMG/left_2026_08_31_19_26_32_849.jpg,/Users/martin/smart-technologies-ca2/data_track2_recovery/IMG/right_2026_08_31_19_26_32_849.jpg,0,0,0,28.37959
/Users/martin/smart-technologies-ca2/data_track2_recovery/IMG/center_2026_08_31_19_26_32_915.jpg,/Users/martin/smart-technologies-ca2/data_track2_recovery/IMG/left_2026_08_31_19_26_32_915.jpg,/Users/martin/smart-technologies-ca2/data_track2_recovery/IMG/right_2026_08_31_19_26_32_915.jpg,0,0,0,27.90266
/Users/martin/smart-technologies-ca2/data_track2_recovery/IMG/center_2026_08_31_19_26_32_982.jpg,/Users/martin/smart-technologies-ca2/data_track2_recovery/IMG/left_2026_08_31_19_26_32_982.jpg,/Users/martin/smart-technologies-ca2/data_track2_recovery/IMG/right_2026_08_31_19_26_32_982.jpg,-0.05,0,0,27.5249
/Users/martin/smart-technologies-ca2/data_track2_recovery/IMG/center_2026_08_31_19_26_33_050.jpg,/Users/martin/smart-technologies-ca2/data_track2_recovery/IMG/left_2026_08_31_19_26_33_050.jpg,/Users/martin/smart-technologies-ca2/data_track2_recovery/IMG/right_2026_08_31_19_26_33_050.jpg,-0.2,0,0,27.02502
/Users/martin/smart-technologies-ca2/data_track2_recovery/IMG/center_2026_08_31_19_26_33_119.jpg,/Users/martin/smart-technologies-ca2/data_track2_recovery/IMG/left_2026_08_31_19_26_33_119.jpg,/Users/martin/smart-technologies-ca2/data_track2_recovery/IMG/right_2026_08_31_19_26_33_119.jpg,0,0.1685911,0,26.51364
/Users/martin/smart-technologies-ca2/data_track2_recovery/IMG/center_2026_08_31_19_26_33_186.jpg,/Users/martin/smart-technologies-ca2/data_track2_recovery/IMG/left_2026_08_31_19_26_33_186.jpg,/Users/martin/smart-technologies-ca2/data_track2_recovery/IMG/right_2026_08_31_19_26_33_186.jpg,0,0.350976,0,26.31424
/Users/martin/smart-technologies-ca2/data_track2_recovery/IMG/center_2026_08_31_19_26_33_253.jpg,/Users/martin/smart-technologies-ca2/data_track2_recovery/IMG/left_2026_08_31_19_26_33_253.jpg,/Users/martin/smart-technologies-ca2/data_track2_recovery/IMG/right_2026_08_31_19_26_33_253.jpg,0.15,0.5915819,0,26.12873
/Users/martin/smart-technologies-ca2/data_track2_recovery/IMG/center_2026_08_31_19_26_33_323.jpg,/Users/martin/smart-technologies-ca2/data_track2_recovery/IMG/left_2026_08_31_19_26_33_323.jpg,/Users/martin/smart-technologies-ca2/data_track2_recovery/IMG/right_2026_08_31_19_26_33_323.jpg,0.3,0.6659435,0,26.0908
/Users/martin/smart-technologies-ca2/data_track2_recovery/IMG/center_2026_08_31_19_26_33_393.jpg,/Users/martin/smart-technologies-ca2/data_track2_recovery/IMG/left_2026_08_31_19_26_33_393.jpg,/Users/martin/smart-technologies-ca2/data_track2_recovery/IMG/right_2026_08_31_19_26_33_393.jpg,0,0.4274704,0,26.08485
/Users/martin/smart-technologies-ca2/data_track2_recovery/IMG/center_2026_08_31_19_26_33_459.jpg,/Users/martin/smart-technologies-ca2/data_track2_recovery/IMG/left_2026_08_31_19_26_33_459.jpg,/Users/martin/smart-technologies-ca2/data_track2_recovery/IMG/right_2026_08_31_19_26_33_459.jpg,0,0.2462704,0,25.73104
/Users/martin/smart-technologies-ca2/data_track2_recovery/IMG/center_2026_08_31_19_26_33_529.jpg,/Users/martin/smart-technologies-ca2/data_track2_recovery/IMG/left_2026_08_31_19_26_33_529.jpg,/Users/martin/smart-technologies-ca2/data_track2_recovery/IMG/right_2026_08_31_19_26_33_529.jpg,0,0.06784558,0,25.48149
/Users/martin/smart-technologies-ca2/data_track2_recovery/IMG/center_2026_08_31_19_26_33_596.jpg,/Users/martin/smart-technologies-ca2/data_track2_recovery/IMG/left_2026_08_31_19_26_33_596.jpg,/Users/martin/smart-technologies-ca2/data_track2_recovery/IMG/right_2026_08_31_19_26_33_596.jpg,0,0.2087524,0,24.99162
/Users/martin/smart-technologies-ca2/data_track2_recovery/IMG/center_2026_08_31_19_26_33_665.jpg,/Users/martin/smart-technologies-ca2/data_track2_recovery/IMG/left_2026_08_31_19_26_33_665.jpg,/Users/martin/smart-technologies-ca2/data_track2_recovery/IMG/right_2026_08_31_19_26_33_665.jpg,0.15,0.3888212,0,24.70833
/Users/martin/smart-technologies-ca2/data_track2_recovery/IMG/center_2026_08_31_19_26_33_733.jpg,/Users/martin/smart-technologies-ca2/data_track2_recovery/IMG/left_2026_08_31_19_26_33_733.jpg,/Users/martin/smart-technologies-ca2/data_track2_recovery/IMG/right_2026_08_31_19_26_33_733.jpg,0.35,0.4695754,0,24.50087
/Users/martin/smart-technologies-ca2/data_track2_recovery/IMG/center_2026_08_31_19_26_33_800.jpg,/Users/martin/smart-technologies-ca2/data_track2_recovery/IMG/left_2026_08_31_19_26_33_800.jpg,/Users/martin/smart-technologies-ca2/data_track2_recovery/IMG/right_2026_08_31_19_26_33_800.jpg,0.5000001,0.2880392,0,24.27643
/Users/martin/smart-technologies-ca2/data_track2_recovery/IMG/center_2026_08_31_19_26_33_868.jpg,/Users/martin/smart-technologies-ca2/data_track2_recovery/IMG/left_2026_08_31_19_26_33_868.jpg,/Users/martin/smart-technologies-ca2/data_track2_recovery/IMG/right_2026_08_31_19_26_33_868.jpg,0.6500001,0.1074514,0,23.81517
/Users/martin/smart-technologies-ca2/data_track2_recovery/IMG/center_2026_08_31_19_26_33_938.jpg,/Users/martin/smart-technologies-ca2/data_track2_recovery/IMG/left_2026_08_31_19_26_33_938.jpg,/Users/martin/smart-technologies-ca2/data_track2_recovery/IMG/right_2026_08_31_19_26_33_938.jpg,0.8500001,0,0,23.03645
/Users/martin/smart-technologies-ca2/data_track2_recovery/IMG/center_2026_08_31_19_26_34_008.jpg,/Users/martin/smart-technologies-ca2/data_track2_recovery/IMG/left_2026_08_31_19_26_34_008.jpg,/Users/martin/smart-technologies-ca2/data_track2_recovery/IMG/right_2026_08_31_19_26_34_008.jpg,0,0,0,22.49921
/Users/martin/smart-technologies-ca2/data_track2_recovery/IMG/center_2026_08_31_19_26_34_078.jpg,/Users/martin/smart-technologies-ca2/data_track2_recovery/IMG/left_2026_08_31_19_26_34_078.jpg,/Users/martin/smart-technologies-ca2/data_track2_recovery/IMG/right_2026_08_31_19_26_34_078.jpg,0,0,0,21.87614
/Users/martin/smart-technologies-ca2/data_track2_recovery/IMG/center_2026_08_31_19_26_34_148.jpg,/Users/martin/smart-technologies-ca2/data_track2_recovery/IMG/left_2026_08_31_19_26_34_148.jpg,/Users/martin/smart-technologies-ca2/data_track2_recovery/IMG/right_2026_08_31_19_26_34_148.jpg,0.15,0,0,21.56819
/Users/martin/smart-technologies-ca2/data_track2_recovery/IMG/center_2026_08_31_19_26_34_216.jpg,/Users/martin/smart-technologies-ca2/data_track2_recovery/IMG/left_2026_08_31_19_26_34_216.jpg,/Users/martin/smart-technologies-ca2/data_track2_recovery/IMG/right_2026_08_31_19_26_34_216.jpg,0.35,0,0,20.92128
/Users/martin/smart-technologies-ca2/data_track2_recovery/IMG/center_2026_08_31_19_26_34_284.jpg,/Users/martin/smart-technologies-ca2/data_track2_recovery/IMG/left_2026_08_31_19_26_34_284.jpg,/Users/martin/smart-technologies-ca2/data_track2_recovery/IMG/right_2026_08_31_19_26_34_284.jpg,0.5000001,0.06486619,0,20.47594
/Users/martin/smart-technologies-ca2/data_track2_recovery/IMG/center_2026_08_31_19_26_34_354.jpg,/Users/martin/smart-technologies-ca2/data_track2_recovery/IMG/left_2026_08_31_19_26_34_354.jpg,/Users/martin/smart-technologies-ca2/data_track2_recovery/IMG/right_2026_08_31_19_26_34_354.jpg,0.7,0.3140759,0,19.99411
/Users/martin/smart-technologies-ca2/data_track2_recovery/IMG/center_2026_08_31_19_26_34_425.jpg,/Users/martin/smart-technologies-ca2/data_track2_recovery/IMG/left_2026_08_31_19_26_34_425.jpg,/Users/martin/smart-technologies-ca2/data_track2_recovery/IMG/right_2026_08_31_19_26_34_425.jpg,0.8500001,0.4959601,0,19.79938
/Users/martin/smart-technologies-ca2/data_track2_recovery/IMG/center_2026_08_31_19_26_34_492.jpg,/Users/martin/smart-technologies-ca2/data_track2_recovery/IMG/left_2026_08_31_19_26_34_492.jpg,/Users/martin/smart-technologies-ca2/data_track2_recovery/IMG/right_2026_08_31_19_26_34_492.jpg,0,0.4629722,0,19.71563
/Users/martin/smart-technologies-ca2/data_track2_recovery/IMG/center_2026_08_31_19_26_34_562.jpg,/Users/martin/smart-technologies-ca2/data_track2_recovery/IMG/left_2026_08_31_19_26_34_562.jpg,/Users/martin/smart-technologies-ca2/data_track2_recovery/IMG/right_2026_08_31_19_26_34_562.jpg,0,0.4873352,0,19.65449
/Users/martin/smart-technologies-ca2/data_track2_recovery/IMG/center_2026_08_31_19_26_34_631.jpg,/Users/martin/smart-technologies-ca2/data_track2_recovery/IMG/left_2026_08_31_19_26_34_631.jpg,/Users/martin/smart-technologies-ca2/data_track2_recovery/IMG/right_2026_08_31_19_26_34_631.jpg,0.15,0.7258562,0,19.75125
/Users/martin/smart-technologies-ca2/data_track2_recovery/IMG/center_2026_08_31_19_26_34_703.jpg,/Users/martin/smart-technologies-ca2/data_track2_recovery/IMG/left_2026_08_31_19_26_34_703.jpg,/Users/martin/smart-technologies-ca2/data_track2_recovery/IMG/right_2026_08_31_19_26_34_703.jpg,0.3,0.9094652,0,19.96179
/Users/martin/smart-technologies-ca2/data_track2_recovery/IMG/center_2026_08_31_19_26_34_775.jpg,/Users/martin/smart-technologies-ca2/data_track2_recovery/IMG/left_2026_08_31_19_26_34_775.jpg,/Users/martin/smart-technologies-ca2/data_track2_recovery/IMG/right_2026_08_31_19_26_34_775.jpg,0.5000001,1,0,20.50735
/Users/martin/smart-technologies-ca2/data_track2_recovery/IMG/center_2026_08_31_19_26_34_842.jpg,/Users/martin/smart-technologies-ca2/data_track2_recovery/IMG/left_2026_08_31_19_26_34_842.jpg,/Users/martin/smart-technologies-ca2/data_track2_recovery/IMG/right_2026_08_31_19_26_34_842.jpg,0.6500001,1,0,20.84944
/Users/martin/smart-technologies-ca2/data_track2_recovery/IMG/center_2026_08_31_19_26_34_911.jpg,/Users/martin/smart-technologies-ca2/data_track2_recovery/IMG/left_2026_08_31_19_26_34_911.jpg,/Users/martin/smart-technologies-ca2/data_track2_recovery/IMG/right_2026_08_31_19_26_34_911.jpg,0.8500001,1,0,21.21298
/Users/martin/smart-technologies-ca2/data_track2_recovery/IMG/center_2026_08_31_19_26_34_981.jpg,/Users/martin/smart-technologies-ca2/data_track2_recovery/IMG/left_2026_08_31_19_26_34_981.jpg,/Users/martin/smart-technologies-ca2/data_track2_recovery/IMG/right_2026_08_31_19_26_34_981.jpg,1,1,0,21.49639
/Users/martin/smart-technologies-ca2/data_track2_recovery/IMG/center_2026_08_31_19_26_35_048.jpg,/Users/martin/smart-technologies-ca2/data_track2_recovery/IMG/left_2026_08_31_19_26_35_048.jpg,/Users/martin/smart-technologies-ca2/data_track2_recovery/IMG/right_2026_08_31_19_26_35_048.jpg,0,1,0,21.91758
/Users/martin/smart-technologies-ca2/data_track2_recovery/IMG/center_2026_08_31_19_26_35_117.jpg,/Users/martin/smart-technologies-ca2/data_track2_recovery/IMG/left_2026_08_31_19_26_35_117.jpg,/Users/martin/smart-technologies-ca2/data_track2_recovery/IMG/right_2026_08_31_19_26_35_117.jpg,0,1,0,22.48455
/Users/martin/smart-technologies-ca2/data_track2_recovery/IMG/center_2026_08_31_19_26_35_188.jpg,/Users/martin/smart-technologies-ca2/data_track2_recovery/IMG/left_2026_08_31_19_26_35_188.jpg,/Users/martin/smart-technologies-ca2/data_track2_recovery/IMG/right_2026_08_31_19_26_35_188.jpg,0,1,0,22.88048
/Users/martin/smart-technologies-ca2/data_track2_recovery/IMG/center_2026_08_31_19_26_35_260.jpg,/Users/martin/smart-technologies-ca2/data_track2_recovery/IMG/left_2026_08_31_19_26_35_260.jpg,/Users/martin/smart-technologies-ca2/data_track2_recovery/IMG/right_2026_08_31_19_26_35_260.jpg,0.2,1,0,23.51677
/Users/martin/smart-technologies-ca2/data_track2_recovery/IMG/center_2026_08_31_19_26_35_330.jpg,/Users/martin/smart-technologies-ca2/data_track2_recovery/IMG/left_2026_08_31_19_26_35_330.jpg,/Users/martin/smart-technologies-ca2/data_track2_recovery/IMG/right_2026_08_31_19_26_35_330.jpg,0.35,1,0,24.08684
/Users/martin/smart-technologies-ca2/data_track2_recovery/IMG/center_2026_08_31_19_26_35_402.jpg,/Users/martin/smart-technologies-ca2/data_track2_recovery/IMG/left_2026_08_31_19_26_35_402.jpg,/Users/martin/smart-technologies-ca2/data_track2_recovery/IMG/right_2026_08_31_19_26_35_402.jpg,0,1,0,24.75609
/Users/martin/smart-technologies-ca2/data_track2_recovery/IMG/center_2026_08_31_19_26_35_475.jpg,/Users/martin/smart-technologies-ca2/data_track2_recovery/IMG/left_2026_08_31_19_26_35_475.jpg,/Users/martin/smart-technologies-ca2/data_track2_recovery/IMG/right_2026_08_31_19_26_35_475.jpg,0,1,0,25.29601
/Users/martin/smart-technologies-ca2/data_track2_recovery/IMG/center_2026_08_31_19_26_35_545.jpg,/Users/martin/smart-technologies-ca2/data_track2_recovery/IMG/left_2026_08_31_19_26_35_545.jpg,/Users/martin/smart-technologies-ca2/data_track2_recovery/IMG/right_2026_08_31_19_26_35_545.jpg,0.1,1,0,25.63275
/Users/martin/smart-technologies-ca2/data_track2_recovery/IMG/center_2026_08_31_19_26_35_617.jpg,/Users/martin/smart-technologies-ca2/data_track2_recovery/IMG/left_2026_08_31_19_26_35_617.jpg,/Users/martin/smart-technologies-ca2/data_track2_recovery/IMG/right_2026_08_31_19_26_35_617.jpg,0.3,1,0,26.27344
/Users/martin/smart-technologies-ca2/data_track2_recovery/IMG/center_2026_08_31_19_26_35_684.jpg,/Users/martin/smart-technologies-ca2/data_track2_recovery/IMG/left_2026_08_31_19_26_35_684.jpg,/Users/martin/smart-technologies-ca2/data_track2_recovery/IMG/right_2026_08_31_19_26_35_684.jpg,0.45,0.9642969,0,26.48207
/Users/martin/smart-technologies-ca2/data_track2_recovery/IMG/center_2026_08_31_19_26_35_754.jpg,/Users/martin/smart-technologies-ca2/data_track2_recovery/IMG/left_2026_08_31_19_26_35_754.jpg,/Users/martin/smart-technologies-ca2/data_track2_recovery/IMG/right_2026_08_31_19_26_35_754.jpg,0.6500001,0.718927,0,26.75386
/Users/martin/smart-technologies-ca2/data_track2_recovery/IMG/center_2026_08_31_19_26_35_823.jpg,/Users/martin/smart-technologies-ca2/data_track2_recovery/IMG/left_2026_08_31_19_26_35_823.jpg,/Users/martin/smart-technologies-ca2/data_track2_recovery/IMG/right_2026_08_31_19_26_35_823.jpg,0.8000001,0.5319849,0,26.67795
/Users/martin/smart-technologies-ca2/data_track2_recovery/IMG/center_2026_08_31_19_26_35_892.jpg,/Users/martin/smart-technologies-ca2/data_track2_recovery/IMG/left_2026_08_31_19_26_35_892.jpg,/Users/martin/smart-technologies-ca2/data_track2_recovery/IMG/right_2026_08_31_19_26_35_892.jpg,1,0.3057667,0,26.15131
/Users/martin/smart-technologies-ca2/data_track2_recovery/IMG/center_2026_08_31_19_26_35_961.jpg,/Users/martin/smart-technologies-ca2/data_track2_recovery/IMG/left_2026_08_31_19_26_35_961.jpg,/Users/martin/smart-technologies-ca2/data_track2_recovery/IMG/right_2026_08_31_19_26_35_961.jpg,1,0.2327051,0,25.74166
/Users/martin/smart-technologies-ca2/data_track2_recovery/IMG/center_2026_08_31_19_26_36_032.jpg,/Users/martin/smart-technologies-ca2/data_track2_recovery/IMG/left_2026_08_31_19_26_36_032.jpg,/Users/martin/smart-technologies-ca2/data_track2_recovery/IMG/right_2026_08_31_19_26_36_032.jpg,1,0.4636662,0,25.43869
/Users/martin/smart-technologies-ca2/data_track2_recovery/IMG/center_2026_08_31_19_26_36_105.jpg,/Users/martin/smart-technologies-ca2/data_track2_recovery/IMG/left_2026_08_31_19_26_36_105.jpg,/Users/martin/smart-technologies-ca2/data_track2_recovery/IMG/right_2026_08_31_19_26_36_105.jpg,1,0.6575112,0,25.26771
/Users/martin/smart-technologies-ca2/data_track2_recovery/IMG/center_2026_08_31_19_26_36_175.jpg,/Users/martin/smart-technologies-ca2/data_track2_recovery/IMG/left_2026_08_31_19_26_36_175.jpg,/Users/martin/smart-technologies-ca2/data_track2_recovery/IMG/right_2026_08_31_19_26_36_175.jpg,0,0.8948023,0,25.33512
/Users/martin/smart-technologies-ca2/data_track2_recovery/IMG/center_2026_08_31_19_26_36_244.jpg,/Users/martin/smart-technologies-ca2/data_track2_recovery/IMG/left_2026_08_31_19_26_36_244.jpg,/Users/martin/smart-technologies-ca2/data_track2_recovery/IMG/right_2026_08_31_19_26_36_244.jpg,0,1,0,25.55705
/Users/martin/smart-technologies-ca2/data_track2_recovery/IMG/center_2026_08_31_19_26_36_312.jpg,/Users/martin/smart-technologies-ca2/data_track2_recovery/IMG/left_2026_08_31_19_26_36_312.jpg,/Users/martin/smart-technologies-ca2/data_track2_recovery/IMG/right_2026_08_31_19_26_36_312.jpg,0,1,0,25.97648
/Users/martin/smart-technologies-ca2/data_track2_recovery/IMG/center_2026_08_31_19_26_36_379.jpg,/Users/martin/smart-technologies-ca2/data_track2_recovery/IMG/left_2026_08_31_19_26_36_379.jpg,/Users/martin/smart-technologies-ca2/data_track2_recovery/IMG/right_2026_08_31_19_26_36_379.jpg,0,1,0,26.26338
/Users/martin/smart-technologies-ca2/data_track2_recovery/IMG/center_2026_08_31_19_26_36_451.jpg,/Users/martin/smart-technologies-ca2/data_track2_recovery/IMG/left_2026_08_31_19_26_36_451.jpg,/Users/martin/smart-technologies-ca2/data_track2_recovery/IMG/right_2026_08_31_19_26_36_451.jpg,0,1,0,26.51062
/Users/martin/smart-technologies-ca2/data_track2_recovery/IMG/center_2026_08_31_19_26_36_523.jpg,/Users/martin/smart-technologies-ca2/data_track2_recovery/IMG/left_2026_08_31_19_26_36_523.jpg,/Users/martin/smart-technologies-ca2/data_track2_recovery/IMG/right_2026_08_31_19_26_36_523.jpg,0.15,1,0,26.82205
/Users/martin/smart-technologies-ca2/data_track2_recovery/IMG/center_2026_08_31_19_26_36_591.jpg,/Users/martin/smart-technologies-ca2/data_track2_recovery/IMG/left_2026_08_31_19_26_36_591.jpg,/Users/martin/smart-technologies-ca2/data_track2_recovery/IMG/right_2026_08_31_19_26_36_591.jpg,0,1,0,27.08948
/Users/martin/smart-technologies-ca2/data_track2_recovery/IMG/center_2026_08_31_19_26_36_658.jpg,/Users/martin/smart-technologies-ca2/data_track2_recovery/IMG/left_2026_08_31_19_26_36_658.jpg,/Users/martin/smart-technologies-ca2/data_track2_recovery/IMG/right_2026_08_31_19_26_36_658.jpg,0,1,0,27.33904
/Users/martin/smart-technologies-ca2/data_track2_recovery/IMG/center_2026_08_31_19_26_36_729.jpg,/Users/martin/smart-technologies-ca2/data_track2_recovery/IMG/left_2026_08_31_19_26_36_729.jpg,/Users/martin/smart-technologies-ca2/data_track2_recovery/IMG/right_2026_08_31_19_26_36_729.jpg,0.15,0.8767958,0,27.63013
/Users/martin/smart-technologies-ca2/data_track2_recovery/IMG/center_2026_08_31_19_26_36_800.jpg,/Users/martin/smart-technologies-ca2/data_track2_recovery/IMG/left_2026_08_31_19_26_36_800.jpg,/Users/martin/smart-technologies-ca2/data_track2_recovery/IMG/right_2026_08_31_19_26_36_800.jpg,0.35,0.6304989,0,27.66752
/Users/martin/smart-technologies-ca2/data_track2_recovery/IMG/center_2026_08_31_19_26_36_871.jpg,/Users/martin/smart-technologies-ca2/data_track2_recovery/IMG/left_2026_08_31_19_26_36_871.jpg,/Users/martin/smart-technologies-ca2/data_track2_recovery/IMG/right_2026_08_31_19_26_36_871.jpg,0.5500001,0.400399,0,27.4569
/Users/martin/smart-technologies-ca2/data_track2_recovery/IMG/center_2026_08_31_19_26_36_940.jpg,/Users/martin/smart-technologies-ca2/data_track2_recovery/IMG/left_2026_08_31_19_26_36_940.jpg,/Users/martin/smart-technologies-ca2/data_track2_recovery/IMG/right_2026_08_31_19_26_36_940.jpg,0,0.2093349,0,27.25078
/Users/martin/smart-technologies-ca2/data_track2_recovery/IMG/center_2026_08_31_19_26_37_011.jpg,/Users/martin/smart-technologies-ca2/data_track2_recovery/IMG/left_2026_08_31_19_26_37_011.jpg,/Users/martin/smart-technologies-ca2/data_track2_recovery/IMG/right_2026_08_31_19_26_37_011.jpg,0,0,0,26.72787
/Users/martin/smart-technologies-ca2/data_track2_recovery/IMG/center_2026_08_31_19_26_37_079.jpg,/Users/martin/smart-technologies-ca2/data_track2_recovery/IMG/left_2026_08_31_19_26_37_079.jpg,/Users/martin/smart-technologies-ca2/data_track2_recovery/IMG/right_2026_08_31_19_26_37_079.jpg,0,0.1203543,0,26.31321
/Users/martin/smart-technologies-ca2/data_track2_recovery/IMG/center_2026_08_31_19_26_37_149.jpg,/Users/martin/smart-technologies-ca2/data_track2_recovery/IMG/left_2026_08_31_19_26_37_149.jpg,/Users/martin/smart-technologies-ca2/data_track2_recovery/IMG/right_2026_08_31_19_26_37_149.jpg,0.05,0.2952422,0,26.04473
/Users/martin/smart-technologies-ca2/data_track2_recovery/IMG/center_2026_08_31_19_26_37_217.jpg,/Users/martin/smart-technologies-ca2/data_track2_recovery/IMG/left_2026_08_31_19_26_37_217.jpg,/Users/martin/smart-technologies-ca2/data_track2_recovery/IMG/right_2026_08_31_19_26_37_217.jpg,0.25,0.4650632,0,25.78893
/Users/martin/smart-technologies-ca2/data_track2_recovery/IMG/center_2026_08_31_19_26_37_284.jpg,/Users/martin/smart-technologies-ca2/data_track2_recovery/IMG/left_2026_08_31_19_26_37_284.jpg,/Users/martin/smart-technologies-ca2/data_track2_recovery/IMG/right_2026_08_31_19_26_37_284.jpg,0.4,0.2793242,0,25.70342
/Users/martin/smart-technologies-ca2/data_track2_recovery/IMG/center_2026_08_31_19_26_37_354.jpg,/Users/martin/smart-technologies-ca2/data_track2_recovery/IMG/left_2026_08_31_19_26_37_354.jpg,/Users/martin/smart-technologies-ca2/data_track2_recovery/IMG/right_2026_08_31_19_26_37_354.jpg,0.6000001,0.03668725,0,25.21349
/Users/martin/smart-technologies-ca2/data_track2_recovery/IMG/center_2026_08_31_19_26_37_421.jpg,/Users/martin/smart-technologies-ca2/data_track2_recovery/IMG/left_2026_08_31_19_26_37_421.jpg,/Users/martin/smart-technologies-ca2/data_track2_recovery/IMG/right_2026_08_31_19_26_37_421.jpg,0,0.06746686,0,24.83113
/Users/martin/smart-technologies-ca2/data_track2_recovery/IMG/center_2026_08_31_19_26_37_488.jpg,/Users/martin/smart-technologies-ca2/data_track2_recovery/IMG/left_2026_08_31_19_26_37_488.jpg,/Users/martin/smart-technologies-ca2/data_track2_recovery/IMG/right_2026_08_31_19_26_37_488.jpg,0,0.2339398,0,24.59306
/Users/martin/smart-technologies-ca2/data_track2_recovery/IMG/center_2026_08_31_19_26_37_559.jpg,/Users/martin/smart-technologies-ca2/data_track2_recovery/IMG/left_2026_08_31_19_26_37_559.jpg,/Users/martin/smart-technologies-ca2/data_track2_recovery/IMG/right_2026_08_31_19_26_37_559.jpg,0.2,0.483849,0,24.53703
/Users/martin/smart-technologies-ca2/data_track2_recovery/IMG/center_2026_08_31_19_26_37_626.jpg,/Users/martin/smart-technologies-ca2/data_track2_recovery/IMG/left_2026_08_31_19_26_37_626.jpg,/Users/martin/smart-technologies-ca2/data_track2_recovery/IMG/right_2026_08_31_19_26_37_626.jpg,0.35,0.6659489,0,24.60151
/Users/martin/smart-technologies-ca2/data_track2_recovery/IMG/center_2026_08_31_19_26_37_698.jpg,/Users/martin/smart-technologies-ca2/data_track2_recovery/IMG/left_2026_08_31_19_26_37_698.jpg,/Users/martin/smart-technologies-ca2/data_track2_recovery/IMG/right_2026_08_31_19_26_37_698.jpg,0.5500001,0.9001797,0,24.86595
/Users/martin/smart-technologies-ca2/data_track2_recovery/IMG/center_2026_08_31_19_26_37_765.jpg,/Users/martin/smart-technologies-ca2/data_track2_recovery/IMG/left_2026_08_31_19_26_37_765.jpg,/Users/martin/smart-technologies-ca2/data_track2_recovery/IMG/right_2026_08_31_19_26_37_765.jpg,0.7,0.9309907,0,25.21888
/Users/martin/smart-technologies-ca2/data_track2_recovery/IMG/center_2026_08_31_19_26_37_837.jpg,/Users/martin/smart-technologies-ca2/data_track2_recovery/IMG/left_2026_08_31_19_26_37_837.jpg,/Users/martin/smart-technologies-ca2/data_track2_recovery/IMG/right_2026_08_31_19_26_37_837.jpg,0.9000002,0.6987847,0,25.35893
/Users/martin/smart-technologies-ca2/data_track2_recovery/IMG/center_2026_08_31_19_26_37_909.jpg,/Users/martin/smart-technologies-ca2/data_track2_recovery/IMG/left_2026_08_31_19_26_37_909.jpg,/Users/martin/smart-technologies-ca2/data_track2_recovery/IMG/right_2026_08_31_19_26_37_909.jpg,1,0.6157357,0,25.36084
/Users/martin/smart-technologies-ca2/data_track2_recovery/IMG/center_2026_08_31_19_26_37_981.jpg,/Users/martin/smart-technologies-ca2/data_track2_recovery/IMG/left_2026_08_31_19_26_37_981.jpg,/Users/martin/smart-technologies-ca2/data_track2_recovery/IMG/right_2026_08_31_19_26_37_981.jpg,0,0.8506474,0,25.93034
/Users/martin/smart-technologies-ca2/data_track2_recovery/IMG/center_2026_08_31_19_26_38_048.jpg,/Users/martin/smart-technologies-ca2/data_track2_recovery/IMG/left_2026_08_31_19_26_38_048.jpg,/Users/martin/smart-technologies-ca2/data_track2_recovery/IMG/right_2026_08_31_19_26_38_048.jpg,0,1,0,26.35709
/Users/martin/smart-technologies-ca2/data_track2_recovery/IMG/center_2026_08_31_19_26_38_120.jpg,/Users/martin/smart-technologies-ca2/data_track2_recovery/IMG/left_2026_08_31_19_26_38_120.jpg,/Users/martin/smart-technologies-ca2/data_track2_recovery/IMG/right_2026_08_31_19_26_38_120.jpg,0,1,0,26.92158
/Users/martin/smart-technologies-ca2/data_track2_recovery/IMG/center_2026_08_31_19_26_38_189.jpg,/Users/martin/smart-technologies-ca2/data_track2_recovery/IMG/left_2026_08_31_19_26_38_189.jpg,/Users/martin/smart-technologies-ca2/data_track2_recovery/IMG/right_2026_08_31_19_26_38_189.jpg,0,1,0,27.54207
/Users/martin/smart-technologies-ca2/data_track2_recovery/IMG/center_2026_08_31_19_26_38_258.jpg,/Users/martin/smart-technologies-ca2/data_track2_recovery/IMG/left_2026_08_31_19_26_38_258.jpg,/Users/martin/smart-technologies-ca2/data_track2_recovery/IMG/right_2026_08_31_19_26_38_258.jpg,0.1,1,0,28.34894
/Users/martin/smart-technologies-ca2/data_track2_recovery/IMG/center_2026_08_31_19_26_38_326.jpg,/Users/martin/smart-technologies-ca2/data_track2_recovery/IMG/left_2026_08_31_19_26_38_326.jpg,/Users/martin/smart-technologies-ca2/data_track2_recovery/IMG/right_2026_08_31_19_26_38_326.jpg,0.25,0.9523182,0,28.88004
/Users/martin/smart-technologies-ca2/data_track2_recovery/IMG/center_2026_08_31_19_26_38_393.jpg,/Users/martin/smart-technologies-ca2/data_track2_recovery/IMG/left_2026_08_31_19_26_38_393.jpg,/Users/martin/smart-technologies-ca2/data_track2_recovery/IMG/right_2026_08_31_19_26_38_393.jpg,0.45,0.7158911,0,29.36227
/Users/martin/smart-technologies-ca2/data_track2_recovery/IMG/center_2026_08_31_19_26_38_463.jpg,/Users/martin/smart-technologies-ca2/data_track2_recovery/IMG/left_2026_08_31_19_26_38_463.jpg,/Users/martin/smart-technologies-ca2/data_track2_recovery/IMG/right_2026_08_31_19_26_38_463.jpg,0.6000001,0.5340971,0,29.49967
/Users/martin/smart-technologies-ca2/data_track2_recovery/IMG/center_2026_08_31_19_26_38_534.jpg,/Users/martin/smart-technologies-ca2/data_track2_recovery/IMG/left_2026_08_31_19_26_38_534.jpg,/Users/martin/smart-technologies-ca2/data_track2_recovery/IMG/right_2026_08_31_19_26_38_534.jpg,0.8000001,0.2932032,0,29.40534
/Users/martin/smart-technologies-ca2/data_track2_recovery/IMG/center_2026_08_31_19_26_38_605.jpg,/Users/martin/smart-technologies-ca2/data_track2_recovery/IMG/left_2026_08_31_19_26_38_605.jpg,/Users/martin/smart-technologies-ca2/data_track2_recovery/IMG/right_2026_08_31_19_26_38_605.jpg,0,0.1207089,0,29.33192
/Users/martin/smart-technologies-ca2/data_track2_recovery/IMG/center_2026_08_31_19_26_38_672.jpg,/Users/martin/smart-technologies-ca2/data_track2_recovery/IMG/left_2026_08_31_19_26_38_672.jpg,/Users/martin/smart-technologies-ca2/data_track2_recovery/IMG/right_2026_08_31_19_26_38_672.jpg,0,0,0,29.10451
/Users/martin/smart-technologies-ca2/data_track2_recovery/IMG/center_2026_08_31_19_26_38_739.jpg,/Users/martin/smart-technologies-ca2/data_track2_recovery/IMG/left_2026_08_31_19_26_38_739.jpg,/Users/martin/smart-technologies-ca2/data_track2_recovery/IMG/right_2026_08_31_19_26_38_739.jpg,0.1,0,0,28.92732
/Users/martin/smart-technologies-ca2/data_track2_recovery/IMG/center_2026_08_31_19_26_38_808.jpg,/Users/martin/smart-technologies-ca2/data_track2_recovery/IMG/left_2026_08_31_19_26_38_808.jpg,/Users/martin/smart-technologies-ca2/data_track2_recovery/IMG/right_2026_08_31_19_26_38_808.jpg,0.25,0,0,28.74027
/Users/martin/smart-technologies-ca2/data_track2_recovery/IMG/center_2026_08_31_19_26_38_876.jpg,/Users/martin/smart-technologies-ca2/data_track2_recovery/IMG/left_2026_08_31_19_26_38_876.jpg,/Users/martin/smart-technologies-ca2/data_track2_recovery/IMG/right_2026_08_31_19_26_38_876.jpg,0.45,0,0,28.42132
/Users/martin/smart-technologies-ca2/data_track2_recovery/IMG/center_2026_08_31_19_26_38_943.jpg,/Users/martin/smart-technologies-ca2/data_track2_recovery/IMG/left_2026_08_31_19_26_38_943.jpg,/Users/martin/smart-technologies-ca2/data_track2_recovery/IMG/right_2026_08_31_19_26_38_943.jpg,0.6000001,0,0,28.12089
/Users/martin/smart-technologies-ca2/data_track2_recovery/IMG/center_2026_08_31_19_26_39_013.jpg,/Users/martin/smart-technologies-ca2/data_track2_recovery/IMG/left_2026_08_31_19_26_39_013.jpg,/Users/martin/smart-technologies-ca2/data_track2_recovery/IMG/right_2026_08_31_19_26_39_013.jpg,0.8000001,0,0,27.64337
/Users/martin/smart-technologies-ca2/data_track2_recovery/IMG/center_2026_08_31_19_26_39_080.jpg,/Users/martin/smart-technologies-ca2/data_track2_recovery/IMG/left_2026_08_31_19_26_39_080.jpg,/Users/martin/smart-technologies-ca2/data_track2_recovery/IMG/right_2026_08_31_19_26_39_080.jpg,0.9500002,0,0,27.23481
/Users/martin/smart-technologies-ca2/data_track2_recovery/IMG/center_2026_08_31_19_26_39_150.jpg,/Users/martin/smart-technologies-ca2/data_track2_recovery/IMG/left_2026_08_31_19_26_39_150.jpg,/Users/martin/smart-technologies-ca2/data_track2_recovery/IMG/right_2026_08_31_19_26_39_150.jpg,1,0,0,26.8169
/Users/martin/smart-technologies-ca2/data_track2_recovery/IMG/center_2026_08_31_19_26_39_220.jpg,/Users/martin/smart-technologies-ca2/data_track2_recovery/IMG/left_2026_08_31_19_26_39_220.jpg,/Users/martin/smart-technologies-ca2/data_track2_recovery/IMG/right_2026_08_31_19_26_39_220.jpg,1,0,0,26.35218
/Users/martin/smart-technologies-ca2/data_track2_recovery/IMG/center_2026_08_31_19_26_39_288.jpg,/Users/martin/smart-technologies-ca2/data_track2_recovery/IMG/left_2026_08_31_19_26_39_288.jpg,/Users/martin/smart-technologies-ca2/data_track2_recovery/IMG/right_2026_08_31_19_26_39_288.jpg,1,0,0,26.06099
/Users/martin/smart-technologies-ca2/data_track2_recovery/IMG/center_2026_08_31_19_26_39_357.jpg,/Users/martin/smart-technologies-ca2/data_track2_recovery/IMG/left_2026_08_31_19_26_39_357.jpg,/Users/martin/smart-technologies-ca2/data_track2_recovery/IMG/right_2026_08_31_19_26_39_357.jpg,1,0,0,25.7205
/Users/martin/smart-technologies-ca2/data_track2_recovery/IMG/center_2026_08_31_19_26_39_426.jpg,/Users/martin/smart-technologies-ca2/data_track2_recovery/IMG/left_2026_08_31_19_26_39_426.jpg,/Users/martin/smart-technologies-ca2/data_track2_recovery/IMG/right_2026_08_31_19_26_39_426.jpg,1,0,0,25.48745
/Users/martin/smart-technologies-ca2/data_track2_recovery/IMG/center_2026_08_31_19_26_39_494.jpg,/Users/martin/smart-technologies-ca2/data_track2_recovery/IMG/left_2026_08_31_19_26_39_494.jpg,/Users/martin/smart-technologies-ca2/data_track2_recovery/IMG/right_2026_08_31_19_26_39_494.jpg,0,0,0,25.20709
/Users/martin/smart-technologies-ca2/data_track2_recovery/IMG/center_2026_08_31_19_26_39_560.jpg,/Users/martin/smart-technologies-ca2/data_track2_recovery/IMG/left_2026_08_31_19_26_39_560.jpg,/Users/martin/smart-technologies-ca2/data_track2_recovery/IMG/right_2026_08_31_19_26_39_560.jpg,-0.05,0,0,24.88961
/Users/martin/smart-technologies-ca2/data_track2_recovery/IMG/center_2026_08_31_19_26_39_629.jpg,/Users/martin/smart-technologies-ca2/data_track2_recovery/IMG/left_2026_08_31_19_26_39_629.jpg,/Users/martin/smart-technologies-ca2/data_track2_recovery/IMG/right_2026_08_31_19_26_39_629.jpg,-0.2,0,0,24.70326
/Users/martin/smart-technologies-ca2/data_track2_recovery/IMG/center_2026_08_31_19_26_39_695.jpg,/Users/martin/smart-technologies-ca2/data_track2_recovery/IMG/left_2026_08_31_19_26_39_695.jpg,/Users/martin/smart-technologies-ca2/data_track2_recovery/IMG/right_2026_08_31_19_26_39_695.jpg,0,0,0,24.34289
/Users/martin/smart-technologies-ca2/data_track2_recovery/IMG/center_2026_08_31_19_26_39_764.jpg,/Users/martin/smart-technologies-ca2/data_track2_recovery/IMG/left_2026_08_31_19_26_39_764.jpg,/Users/martin/smart-technologies-ca2/data_track2_recovery/IMG/right_2026_08_31_19_26_39_764.jpg,0,0.06178808,0,24.14587
/Users/martin/smart-technologies-ca2/data_track2_recovery/IMG/center_2026_08_31_19_26_39_832.jpg,/Users/martin/smart-technologies-ca2/data_track2_recovery/IMG/left_2026_08_31_19_26_39_832.jpg,/Users/martin/smart-technologies-ca2/data_track2_recovery/IMG/right_2026_08_31_19_26_39_832.jpg,0,0.2976029,0,24.13056
/Users/martin/smart-technologies-ca2/data_track2_recovery/IMG/center_2026_08_31_19_26_39_898.jpg,/Users/martin/smart-technologies-ca2/data_track2_recovery/IMG/left_2026_08_31_19_26_39_898.jpg,/Users/martin/smart-technologies-ca2/data_track2_recovery/IMG/right_2026_08_31_19_26_39_898.jpg,-0.1,0.479991,0,24.28779
/Users/martin/smart-technologies-ca2/data_track2_recovery/IMG/center_2026_08_31_19_26_39_967.jpg,/Users/martin/smart-technologies-ca2/data_track2_recovery/IMG/left_2026_08_31_19_26_39_967.jpg,/Users/martin/smart-technologies-ca2/data_track2_recovery/IMG/right_2026_08_31_19_26_39_967.jpg,-0.25,0.66177,0,24.5055
/Users/martin/smart-technologies-ca2/data_track2_recovery/IMG/center_2026_08_31_19_26_40_034.jpg,/Users/martin/smart-technologies-ca2/data_track2_recovery/IMG/left_2026_08_31_19_26_40_034.jpg,/Users/martin/smart-technologies-ca2/data_track2_recovery/IMG/right_2026_08_31_19_26_40_034.jpg,-0.45,0.5649358,0,24.85936
/Users/martin/smart-technologies-ca2/data_track2_recovery/IMG/center_2026_08_31_19_26_40_103.jpg,/Users/martin/smart-technologies-ca2/data_track2_recovery/IMG/left_2026_08_31_19_26_40_103.jpg,/Users/martin/smart-technologies-ca2/data_track2_recovery/IMG/right_2026_08_31_19_26_40_103.jpg,-0.6000001,0.3813508,0,24.93361
/Users/martin/smart-technologies-ca2/data_track2_recovery/IMG/center_2026_08_31_19_26_40_171.jpg,/Users/martin/smart-technologies-ca2/data_track2_recovery/IMG/left_2026_08_31_19_26_40_171.jpg,/Users/martin/smart-technologies-ca2/data_track2_recovery/IMG/right_2026_08_31_19_26_40_171.jpg,-0.8000001,0.1476449,0,24.75771
/Users/martin/smart-technologies-ca2/data_track2_recovery/IMG/center_2026_08_31_19_26_40_237.jpg,/Users/martin/smart-technologies-ca2/data_track2_recovery/IMG/left_2026_08_31_19_26_40_237.jpg,/Users/martin/smart-technologies-ca2/data_track2_recovery/IMG/right_2026_08_31_19_26_40_237.jpg,0,0.3123593,0,24.59568
/Users/martin/smart-technologies-ca2/data_track2_recovery/IMG/center_2026_08_31_19_26_40_307.jpg,/Users/martin/smart-technologies-ca2/data_track2_recovery/IMG/left_2026_08_31_19_26_40_307.jpg,/Users/martin/smart-technologies-ca2/data_track2_recovery/IMG/right_2026_08_31_19_26_40_307.jpg,0,0.4941623,0,24.65121
/Users/martin/smart-technologies-ca2/data_track2_recovery/IMG/center_2026_08_31_19_26_40_376.jpg,/Users/martin/smart-technologies-ca2/data_track2_recovery/IMG/left_2026_08_31_19_26_40_376.jpg,/Users/martin/smart-technologies-ca2/data_track2_recovery/IMG/right_2026_08_31_19_26_40_376.jpg,-0.1,0.7284833,0,25.02067
/Users/martin/smart-technologies-ca2/data_track2_recovery/IMG/center_2026_08_31_19_26_40_445.jpg,/Users/martin/smart-technologies-ca2/data_track2_recovery/IMG/left_2026_08_31_19_26_40_445.jpg,/Users/martin/smart-technologies-ca2/data_track2_recovery/IMG/right_2026_08_31_19_26_40_445.jpg,-0.25,0.7803655,0,25.45896
/Users/martin/smart-technologies-ca2/data_track2_recovery/IMG/center_2026_08_31_19_26_40_515.jpg,/Users/martin/smart-technologies-ca2/data_track2_recovery/IMG/left_2026_08_31_19_26_40_515.jpg,/Users/martin/smart-technologies-ca2/data_track2_recovery/IMG/right_2026_08_31_19_26_40_515.jpg,-0.45,0.5403564,0,25.83445
/Users/martin/smart-technologies-ca2/data_track2_recovery/IMG/center_2026_08_31_19_26_40_582.jpg,/Users/martin/smart-technologies-ca2/data_track2_recovery/IMG/left_2026_08_31_19_26_40_582.jpg,/Users/martin/smart-technologies-ca2/data_track2_recovery/IMG/right_2026_08_31_19_26_40_582.jpg,-0.6000001,0.3642654,0,25.899
/Users/martin/smart-technologies-ca2/data_track2_recovery/IMG/center_2026_08_31_19_26_40_649.jpg,/Users/martin/smart-technologies-ca2/data_track2_recovery/IMG/left_2026_08_31_19_26_40_649.jpg,/Users/martin/smart-technologies-ca2/data_track2_recovery/IMG/right_2026_08_31_19_26_40_649.jpg,-0.7500002,0.1821864,0,25.78809
/Users/martin/smart-technologies-ca2/data_track2_recovery/IMG/center_2026_08_31_19_26_40_720.jpg,/Users/martin/smart-technologies-ca2/data_track2_recovery/IMG/left_2026_08_31_19_26_40_720.jpg,/Users/martin/smart-technologies-ca2/data_track2_recovery/IMG/right_2026_08_31_19_26_40_720.jpg,-0.9500002,0,0,25.36239
/Users/martin/smart-technologies-ca2/data_track2_recovery/IMG/center_2026_08_31_19_26_40_787.jpg,/Users/martin/smart-technologies-ca2/data_track2_recovery/IMG/left_2026_08_31_19_26_40_787.jpg,/Users/martin/smart-technologies-ca2/data_track2_recovery/IMG/right_2026_08_31_19_26_40_787.jpg,-1,0,0,24.98163
/Users/martin/smart-technologies-ca2/data_track2_recovery/IMG/center_2026_08_31_19_26_40_855.jpg,/Users/martin/smart-technologies-ca2/data_track2_recovery/IMG/left_2026_08_31_19_26_40_855.jpg,/Users/martin/smart-technologies-ca2/data_track2_recovery/IMG/right_2026_08_31_19_26_40_855.jpg,-1,0,0,24.56924
/Users/martin/smart-technologies-ca2/data_track2_recovery/IMG/center_2026_08_31_19_26_40_922.jpg,/Users/martin/smart-technologies-ca2/data_track2_recovery/IMG/left_2026_08_31_19_26_40_922.jpg,/Users/martin/smart-technologies-ca2/data_track2_recovery/IMG/right_2026_08_31_19_26_40_922.jpg,-1,0,0,24.31206
/Users/martin/smart-technologies-ca2/data_track2_recovery/IMG/center_2026_08_31_19_26_40_991.jpg,/Users/martin/smart-technologies-ca2/data_track2_recovery/IMG/left_2026_08_31_19_26_40_991.jpg,/Users/martin/smart-technologies-ca2/data_track2_recovery/IMG/right_2026_08_31_19_26_40_991.jpg,0,0,0,24.04729
/Users/martin/smart-technologies-ca2/data_track2_recovery/IMG/center_2026_08_31_19_26_41_057.jpg,/Users/martin/smart-technologies-ca2/data_track2_recovery/IMG/left_2026_08_31_19_26_41_057.jpg,/Users/martin/smart-technologies-ca2/data_track2_recovery/IMG/right_2026_08_31_19_26_41_057.jpg,0,0,0,23.71237
/Users/martin/smart-technologies-ca2/data_track2_recovery/IMG/center_2026_08_31_19_26_41_128.jpg,/Users/martin/smart-technologies-ca2/data_track2_recovery/IMG/left_2026_08_31_19_26_41_128.jpg,/Users/martin/smart-technologies-ca2/data_track2_recovery/IMG/right_2026_08_31_19_26_41_128.jpg,0,0,0,23.58424
/Users/martin/smart-technologies-ca2/data_track2_recovery/IMG/center_2026_08_31_19_26_41_195.jpg,/Users/martin/smart-technologies-ca2/data_track2_recovery/IMG/left_2026_08_31_19_26_41_195.jpg,/Users/martin/smart-technologies-ca2/data_track2_recovery/IMG/right_2026_08_31_19_26_41_195.jpg,0,0.137028,0,23.39572
/Users/martin/smart-technologies-ca2/data_track2_recovery/IMG/center_2026_08_31_19_26_41_266.jpg,/Users/martin/smart-technologies-ca2/data_track2_recovery/IMG/left_2026_08_31_19_26_41_266.jpg,/Users/martin/smart-technologies-ca2/data_track2_recovery/IMG/right_2026_08_31_19_26_41_266.jpg,-0.1,0.3236911,0,23.29873
/Users/martin/smart-technologies-ca2/data_track2_recovery/IMG/center_2026_08_31_19_26_41_337.jpg,/Users/martin/smart-technologies-ca2/data_track2_recovery/IMG/left_2026_08_31_19_26_41_337.jpg,/Users/martin/smart-technologies-ca2/data_track2_recovery/IMG/right_2026_08_31_19_26_41_337.jpg,-0.3,0.2379091,0,23.44202
/Users/martin/smart-technologies-ca2/data_track2_recovery/IMG/center_2026_08_31_19_26_41_403.jpg,/Users/martin/smart-technologies-ca2/data_track2_recovery/IMG/left_2026_08_31_19_26_41_403.jpg,/Users/martin/smart-technologies-ca2/data_track2_recovery/IMG/right_2026_08_31_19_26_41_403.jpg,-0.45,0.06176126,0,23.42584
/Users/martin/smart-technologies-ca2/data_track2_recovery/IMG/center_2026_08_31_19_26_41_472.jpg,/Users/martin/smart-technologies-ca2/data_track2_recovery/IMG/left_2026_08_31_19_26_41_472.jpg,/Users/martin/smart-technologies-ca2/data_track2_recovery/IMG/right_2026_08_31_19_26_41_472.jpg,-0.6500001,0,0,23.09707
/Users/martin/smart-technologies-ca2/data_track2_recovery/IMG/center_2026_08_31_19_26_41_541.jpg,/Users/martin/smart-technologies-ca2/data_track2_recovery/IMG/left_2026_08_31_19_26_41_541.jpg,/Users/martin/smart-technologies-ca2/data_track2_recovery/IMG/right_2026_08_31_19_26_41_541.jpg,-0.8000001,0,0,22.69003
/Users/martin/smart-technologies-ca2/data_track2_recovery/IMG/center_2026_08_31_19_26_41_611.jpg,/Users/martin/smart-technologies-ca2/data_track2_recovery/IMG/left_2026_08_31_19_26_41_611.jpg,/Users/martin/smart-technologies-ca2/data_track2_recovery/IMG/right_2026_08_31_19_26_41_611.jpg,-1,0,0,22.23321
/Users/martin/smart-technologies-ca2/data_track2_recovery/IMG/center_2026_08_31_19_26_41_679.jpg,/Users/martin/smart-technologies-ca2/data_track2_recovery/IMG/left_2026_08_31_19_26_41_679.jpg,/Users/martin/smart-technologies-ca2/data_track2_recovery/IMG/right_2026_08_31_19_26_41_679.jpg,-1,0,0,22.01954
/Users/martin/smart-technologies-ca2/data_track2_recovery/IMG/center_2026_08_31_19_26_41_748.jpg,/Users/martin/smart-technologies-ca2/data_track2_recovery/IMG/left_2026_08_31_19_26_41_748.jpg,/Users/martin/smart-technologies-ca2/data_track2_recovery/IMG/right_2026_08_31_19_26_41_748.jpg,-1,0,0,21.60063
/Users/martin/smart-technologies-ca2/data_track2_recovery/IMG/center_2026_08_31_19_26_41_815.jpg,/Users/martin/smart-technologies-ca2/data_track2_recovery/IMG/left_2026_08_31_19_26_41_815.jpg,/Users/martin/smart-technologies-ca2/data_track2_recovery/IMG/right_2026_08_31_19_26_41_815.jpg,-1,0,0,21.30374
/Users/martin/smart-technologies-ca2/data_track2_recovery/IMG/center_2026_08_31_19_26_41_885.jpg,/Users/martin/smart-technologies-ca2/data_track2_recovery/IMG/left_2026_08_31_19_26_41_885.jpg,/Users/martin/smart-technologies-ca2/data_track2_recovery/IMG/right_2026_08_31_19_26_41_885.jpg,-1,0,0,21.28844
/Users/martin/smart-technologies-ca2/data_track2_recovery/IMG/center_2026_08_31_19_26_41_955.jpg,/Users/martin/smart-technologies-ca2/data_track2_recovery/IMG/left_2026_08_31_19_26_41_955.jpg,/Users/martin/smart-technologies-ca2/data_track2_recovery/IMG/right_2026_08_31_19_26_41_955.jpg,-1,0,0,21.06704
/Users/martin/smart-technologies-ca2/data_track2_recovery/IMG/center_2026_08_31_19_26_42_023.jpg,/Users/martin/smart-technologies-ca2/data_track2_recovery/IMG/left_2026_08_31_19_26_42_023.jpg,/Users/martin/smart-technologies-ca2/data_track2_recovery/IMG/right_2026_08_31_19_26_42_023.jpg,-1,0,0,20.66128
/Users/martin/smart-technologies-ca2/data_track2_recovery/IMG/center_2026_08_31_19_26_42_092.jpg,/Users/martin/smart-technologies-ca2/data_track2_recovery/IMG/left_2026_08_31_19_26_42_092.jpg,/Users/martin/smart-technologies-ca2/data_track2_recovery/IMG/right_2026_08_31_19_26_42_092.jpg,0,0,0,20.40648
/Users/martin/smart-technologies-ca2/data_track2_recovery/IMG/center_2026_08_31_19_26_42_159.jpg,/Users/martin/smart-technologies-ca2/data_track2_recovery/IMG/left_2026_08_31_19_26_42_159.jpg,/Users/martin/smart-technologies-ca2/data_track2_recovery/IMG/right_2026_08_31_19_26_42_159.jpg,0,0.08487296,0,20.40616
/Users/martin/smart-technologies-ca2/data_track2_recovery/IMG/center_2026_08_31_19_26_42_226.jpg,/Users/martin/smart-technologies-ca2/data_track2_recovery/IMG/left_2026_08_31_19_26_42_226.jpg,/Users/martin/smart-technologies-ca2/data_track2_recovery/IMG/right_2026_08_31_19_26_42_226.jpg,-0.15,0.2660758,0,20.16195
/Users/martin/smart-technologies-ca2/data_track2_recovery/IMG/center_2026_08_31_19_26_42_297.jpg,/Users/martin/smart-technologies-ca2/data_track2_recovery/IMG/left_2026_08_31_19_26_42_297.jpg,/Users/martin/smart-technologies-ca2/data_track2_recovery/IMG/right_2026_08_31_19_26_42_297.jpg,-0.35,0.4996948,0,20.39953
/Users/martin/smart-technologies-ca2/data_track2_recovery/IMG/center_2026_08_31_19_26_42_365.jpg,/Users/martin/smart-technologies-ca2/data_track2_recovery/IMG/left_2026_08_31_19_26_42_365.jpg,/Users/martin/smart-technologies-ca2/data_track2_recovery/IMG/right_2026_08_31_19_26_42_365.jpg,-0.5000001,0.6863909,0,20.82853
/Users/martin/smart-technologies-ca2/data_track2_recovery/IMG/center_2026_08_31_19_26_42_437.jpg,/Users/martin/smart-technologies-ca2/data_track2_recovery/IMG/left_2026_08_31_19_26_42_437.jpg,/Users/martin/smart-technologies-ca2/data_track2_recovery/IMG/right_2026_08_31_19_26_42_437.jpg,-0.7,0.9173849,0,21.28656
/Users/martin/smart-technologies-ca2/data_track2_recovery/IMG/center_2026_08_31_19_26_42_505.jpg,/Users/martin/smart-technologies-ca2/data_track2_recovery/IMG/left_2026_08_31_19_26_42_505.jpg,/Users/martin/smart-technologies-ca2/data_track2_recovery/IMG/right_2026_08_31_19_26_42_505.jpg,-0.8500001,1,0,21.6442
/Users/martin/smart-technologies-ca2/data_track2_recovery/IMG/center_2026_08_31_19_26_42_574.jpg,/Users/martin/smart-technologies-ca2/data_track2_recovery/IMG/left_2026_08_31_19_26_42_574.jpg,/Users/martin/smart-technologies-ca2/data_track2_recovery/IMG/right_2026_08_31_19_26_42_574.jpg,-1,1,0,22.18857
/Users/martin/smart-technologies-ca2/data_track2_recovery/IMG/center_2026_08_31_19_26_42_645.jpg,/Users/martin/smart-technologies-ca2/data_track2_recovery/IMG/left_2026_08_31_19_26_42_645.jpg,/Users/martin/smart-technologies-ca2/data_track2_recovery/IMG/right_2026_08_31_19_26_42_645.jpg,-1,1,0,22.66053
/Users/martin/smart-technologies-ca2/data_track2_recovery/IMG/center_2026_08_31_19_26_42_716.jpg,/Users/martin/smart-technologies-ca2/data_track2_recovery/IMG/left_2026_08_31_19_26_42_716.jpg,/Users/martin/smart-technologies-ca2/data_track2_recovery/IMG/right_2026_08_31_19_26_42_716.jpg,0,1,0,23.29918
/Users/martin/smart-technologies-ca2/data_track2_recovery/IMG/center_2026_08_31_19_26_42_788.jpg,/Users/martin/smart-technologies-ca2/data_track2_recovery/IMG/left_2026_08_31_19_26_42_788.jpg,/Users/martin/smart-technologies-ca2/data_track2_recovery/IMG/right_2026_08_31_19_26_42_788.jpg,0.1,1,0,23.76714
/Users/martin/smart-technologies-ca2/data_track2_recovery/IMG/center_2026_08_31_19_26_42_856.jpg,/Users/martin/smart-technologies-ca2/data_track2_recovery/IMG/left_2026_08_31_19_26_42_856.jpg,/Users/martin/smart-technologies-ca2/data_track2_recovery/IMG/right_2026_08_31_19_26_42_856.jpg,0.3,1,0,24.37359
/Users/martin/smart-technologies-ca2/data_track2_recovery/IMG/center_2026_08_31_19_26_42_923.jpg,/Users/martin/smart-technologies-ca2/data_track2_recovery/IMG/left_2026_08_31_19_26_42_923.jpg,/Users/martin/smart-technologies-ca2/data_track2_recovery/IMG/right_2026_08_31_19_26_42_923.jpg,0.45,1,0,24.79198
/Users/martin/smart-technologies-ca2/data_track2_recovery/IMG/center_2026_08_31_19_26_42_990.jpg,/Users/martin/smart-technologies-ca2/data_track2_recovery/IMG/left_2026_08_31_19_26_42_990.jpg,/Users/martin/smart-technologies-ca2/data_track2_recovery/IMG/right_2026_08_31_19_26_42_990.jpg,0.6000001,1,0,25.17812
/Users/martin/smart-technologies-ca2/data_track2_recovery/IMG/center_2026_08_31_19_26_43_057.jpg,/Users/martin/smart-technologies-ca2/data_track2_recovery/IMG/left_2026_08_31_19_26_43_057.jpg,/Users/martin/smart-technologies-ca2/data_track2_recovery/IMG/right_2026_08_31_19_26_43_057.jpg,0.8000001,0.764221,0,25.53192
/Users/martin/smart-technologies-ca2/data_track2_recovery/IMG/center_2026_08_31_19_26_43_128.jpg,/Users/martin/smart-technologies-ca2/data_track2_recovery/IMG/left_2026_08_31_19_26_43_128.jpg,/Users/martin/smart-technologies-ca2/data_track2_recovery/IMG/right_2026_08_31_19_26_43_128.jpg,0.9500002,0.5836511,0,25.60003
/Users/martin/smart-technologies-ca2/data_track2_recovery/IMG/center_2026_08_31_19_26_43_199.jpg,/Users/martin/smart-technologies-ca2/data_track2_recovery/IMG/left_2026_08_31_19_26_43_199.jpg,/Users/martin/smart-technologies-ca2/data_track2_recovery/IMG/right_2026_08_31_19_26_43_199.jpg,1,0.6901841,0,25.58056
/Users/martin/smart-technologies-ca2/data_track2_recovery/IMG/center_2026_08_31_19_26_43_268.jpg,/Users/martin/smart-technologies-ca2/data_track2_recovery/IMG/left_2026_08_31_19_26_43_268.jpg,/Users/martin/smart-technologies-ca2/data_track2_recovery/IMG/right_2026_08_31_19_26_43_268.jpg,1,0.8626212,0,25.78437
/Users/martin/smart-technologies-ca2/data_track2_recovery/IMG/center_2026_08_31_19_26_43_337.jpg,/Users/martin/smart-technologies-ca2/data_track2_recovery/IMG/left_2026_08_31_19_26_43_337.jpg,/Users/martin/smart-technologies-ca2/data_track2_recovery/IMG/right_2026_08_31_19_26_43_337.jpg,0,1,0,26.32578
/Users/martin/smart-technologies-ca2/data_track2_recovery/IMG/center_2026_08_31_19_26_43_409.jpg,/Users/martin/smart-technologies-ca2/data_track2_recovery/IMG/left_2026_08_31_19_26_43_409.jpg,/Users/martin/smart-technologies-ca2/data_track2_recovery/IMG/right_2026_08_31_19_26_43_409.jpg,-0.15,1,0,26.77835
/Users/martin/smart-technologies-ca2/data_track2_recovery/IMG/center_2026_08_31_19_26_43_481.jpg,/Users/martin/smart-technologies-ca2/data_track2_recovery/IMG/left_2026_08_31_19_26_43_481.jpg,/Users/martin/smart-technologies-ca2/data_track2_recovery/IMG/right_2026_08_31_19_26_43_481.jpg,-0.35,1,0,27.32177
/Users/martin/smart-technologies-ca2/data_track2_recovery/IMG/center_2026_08_31_19_26_43_548.jpg,/Users/martin/smart-technologies-ca2/data_track2_recovery/IMG/left_2026_08_31_19_26_43_548.jpg,/Users/martin/smart-technologies-ca2/data_track2_recovery/IMG/right_2026_08_31_19_26_43_548.jpg,-0.5000001,1,0,27.69196
/Users/martin/smart-technologies-ca2/data_track2_recovery/IMG/center_2026_08_31_19_26_43_620.jpg,/Users/martin/smart-technologies-ca2/data_track2_recovery/IMG/left_2026_08_31_19_26_43_620.jpg,/Users/martin/smart-technologies-ca2/data_track2_recovery/IMG/right_2026_08_31_19_26_43_620.jpg,-0.7,1,0,28.13114
/Users/martin/smart-technologies-ca2/data_track2_recovery/IMG/center_2026_08_31_19_26_43_692.jpg,/Users/martin/smart-technologies-ca2/data_track2_recovery/IMG/left_2026_08_31_19_26_43_692.jpg,/Users/martin/smart-technologies-ca2/data_track2_recovery/IMG/right_2026_08_31_19_26_43_692.jpg,-0.9000002,1,0,28.50551
/Users/martin/smart-technologies-ca2/data_track2_recovery/IMG/center_2026_08_31_19_26_43_764.jpg,/Users/martin/smart-technologies-ca2/data_track2_recovery/IMG/left_2026_08_31_19_26_43_764.jpg,/Users/martin/smart-technologies-ca2/data_track2_recovery/IMG/right_2026_08_31_19_26_43_764.jpg,-1,1,0,28.74343
/Users/martin/smart-technologies-ca2/data_track2_recovery/IMG/center_2026_08_31_19_26_43_831.jpg,/Users/martin/smart-technologies-ca2/data_track2_recovery/IMG/left_2026_08_31_19_26_43_831.jpg,/Users/martin/smart-technologies-ca2/data_track2_recovery/IMG/right_2026_08_31_19_26_43_831.jpg,-1,1,0,29.08321
/Users/martin/smart-technologies-ca2/data_track2_recovery/IMG/center_2026_08_31_19_26_43_898.jpg,/Users/martin/smart-technologies-ca2/data_track2_recovery/IMG/left_2026_08_31_19_26_43_898.jpg,/Users/martin/smart-technologies-ca2/data_track2_recovery/IMG/right_2026_08_31_19_26_43_898.jpg,-1,1,0,29.37716
/Users/martin/smart-technologies-ca2/data_track2_recovery/IMG/center_2026_08_31_19_26_43_966.jpg,/Users/martin/smart-technologies-ca2/data_track2_recovery/IMG/left_2026_08_31_19_26_43_966.jpg,/Users/martin/smart-technologies-ca2/data_track2_recovery/IMG/right_2026_08_31_19_26_43_966.jpg,0,1,0,29.77015
/Users/martin/smart-technologies-ca2/data_track2_recovery/IMG/center_2026_08_31_19_26_44_034.jpg,/Users/martin/smart-technologies-ca2/data_track2_recovery/IMG/left_2026_08_31_19_26_44_034.jpg,/Users/martin/smart-technologies-ca2/data_track2_recovery/IMG/right_2026_08_31_19_26_44_034.jpg,0,1,0,30.16886
/Users/martin/smart-technologies-ca2/data_track2_recovery/IMG/center_2026_08_31_19_26_44_105.jpg,/Users/martin/smart-technologies-ca2/data_track2_recovery/IMG/left_2026_08_31_19_26_44_105.jpg,/Users/martin/smart-technologies-ca2/data_track2_recovery/IMG/right_2026_08_31_19_26_44_105.jpg,0,1,0,30.17941
/Users/martin/smart-technologies-ca2/data_track2_recovery/IMG/center_2026_08_31_19_26_44_175.jpg,/Users/martin/smart-technologies-ca2/data_track2_recovery/IMG/left_2026_08_31_19_26_44_175.jpg,/Users/martin/smart-technologies-ca2/data_track2_recovery/IMG/right_2026_08_31_19_26_44_175.jpg,0,1,0,30.18837
/Users/martin/smart-technologies-ca2/data_track2_recovery/IMG/center_2026_08_31_19_26_44_245.jpg,/Users/martin/smart-technologies-ca2/data_track2_recovery/IMG/left_2026_08_31_19_26_44_245.jpg,/Users/martin/smart-technologies-ca2/data_track2_recovery/IMG/right_2026_08_31_19_26_44_245.jpg,-0.1,1,0,30.1911
/Users/martin/smart-technologies-ca2/data_track2_recovery/IMG/center_2026_08_31_19_26_44_316.jpg,/Users/martin/smart-technologies-ca2/data_track2_recovery/IMG/left_2026_08_31_19_26_44_316.jpg,/Users/martin/smart-technologies-ca2/data_track2_recovery/IMG/right_2026_08_31_19_26_44_316.jpg,-0.3,1,0,30.17533
/Users/martin/smart-technologies-ca2/data_track2_recovery/IMG/center_2026_08_31_19_26_44_387.jpg,/Users/martin/smart-technologies-ca2/data_track2_recovery/IMG/left_2026_08_31_19_26_44_387.jpg,/Users/martin/smart-technologies-ca2/data_track2_recovery/IMG/right_2026_08_31_19_26_44_387.jpg,-0.45,1,0,30.15622
/Users/martin/smart-technologies-ca2/data_track2_recovery/IMG/center_2026_08_31_19_26_44_456.jpg,/Users/martin/smart-technologies-ca2/data_track2_recovery/IMG/left_2026_08_31_19_26_44_456.jpg,/Users/martin/smart-technologies-ca2/data_track2_recovery/IMG/right_2026_08_31_19_26_44_456.jpg,-0.6500001,1,0,30.12999
/Users/martin/smart-technologies-ca2/data_track2_recovery/IMG/center_2026_08_31_19_26_44_526.jpg,/Users/martin/smart-technologies-ca2/data_track2_recovery/IMG/left_2026_08_31_19_26_44_526.jpg,/Users/martin/smart-technologies-ca2/data_track2_recovery/IMG/right_2026_08_31_19_26_44_526.jpg,-0.8000001,1,0,30.11174
/Users/martin/smart-technologies-ca2/data_track2_recovery/IMG/center_2026_08_31_19_26_44_595.jpg,/Users/martin/smart-technologies-ca2/data_track2_recovery/IMG/left_2026_08_31_19_26_44_595.jpg,/Users/martin/smart-technologies-ca2/data_track2_recovery/IMG/right_2026_08_31_19_26_44_595.jpg,-1,1,0,30.09395
/Users/martin/smart-technologies-ca2/data_track2_recovery/IMG/center_2026_08_31_19_26_44_663.jpg,/Users/martin/smart-technologies-ca2/data_track2_recovery/IMG/left_2026_08_31_19_26_44_663.jpg,/Users/martin/smart-technologies-ca2/data_track2_recovery/IMG/right_2026_08_31_19_26_44_663.jpg,0,1,0,30.16902
/Users/martin/smart-technologies-ca2/data_track2_recovery/IMG/center_2026_08_31_19_26_44_729.jpg,/Users/martin/smart-technologies-ca2/data_track2_recovery/IMG/left_2026_08_31_19_26_44_729.jpg,/Users/martin/smart-technologies-ca2/data_track2_recovery/IMG/right_2026_08_31_19_26_44_729.jpg,0,1,0,30.17938
/Users/martin/smart-technologies-ca2/data_track2_recovery/IMG/center_2026_08_31_19_26_44_801.jpg,/Users/martin/smart-technologies-ca2/data_track2_recovery/IMG/left_2026_08_31_19_26_44_801.jpg,/Users/martin/smart-technologies-ca2/data_track2_recovery/IMG/right_2026_08_31_19_26_44_801.jpg,0,1,0,30.18844
/Users/martin/smart-technologies-ca2/data_track2_recovery/IMG/center_2026_08_31_19_26_44_872.jpg,/Users/martin/smart-technologies-ca2/data_track2_recovery/IMG/left_2026_08_31_19_26_44_872.jpg,/Users/martin/smart-technologies-ca2/data_track2_recovery/IMG/right_2026_08_31_19_26_44_872.jpg,0,1,0,30.18989
/Users/martin/smart-technologies-ca2/data_track2_recovery/IMG/center_2026_08_31_19_26_44_943.jpg,/Users/martin/smart-technologies-ca2/data_track2_recovery/IMG/left_2026_08_31_19_26_44_943.jpg,/Users/martin/smart-technologies-ca2/data_track2_recovery/IMG/right_2026_08_31_19_26_44_943.jpg,-0.15,1,0,30.18705
/Users/martin/smart-technologies-ca2/data_track2_recovery/IMG/center_2026_08_31_19_26_45_015.jpg,/Users/martin/smart-technologies-ca2/data_track2_recovery/IMG/left_2026_08_31_19_26_45_015.jpg,/Users/martin/smart-technologies-ca2/data_track2_recovery/IMG/right_2026_08_31_19_26_45_015.jpg,-0.35,1,0,30.16651
/Users/martin/smart-technologies-ca2/data_track2_recovery/IMG/center_2026_08_31_19_26_45_087.jpg,/Users/martin/smart-technologies-ca2/data_track2_recovery/IMG/left_2026_08_31_19_26_45_087.jpg,/Users/martin/smart-technologies-ca2/data_track2_recovery/IMG/right_2026_08_31_19_26_45_087.jpg,-0.5000001,1,0,30.14772
/Users/martin/smart-technologies-ca2/data_track2_recovery/IMG/center_2026_08_31_19_26_45_159.jpg,/Users/martin/smart-technologies-ca2/data_track2_recovery/IMG/left_2026_08_31_19_26_45_159.jpg,/Users/martin/smart-technologies-ca2/data_track2_recovery/IMG/right_2026_08_31_19_26_45_159.jpg,-0.7,1,0,30.12242
/Users/martin/smart-technologies-ca2/data_track2_recovery/IMG/center_2026_08_31_19_26_45_225.jpg,/Users/martin/smart-technologies-ca2/data_track2_recovery/IMG/left_2026_08_31_19_26_45_225.jpg,/Users/martin/smart-technologies-ca2/data_track2_recovery/IMG/right_2026_08_31_19_26_45_225.jpg,-0.8500001,1,0,30.10612
/Users/martin/smart-technologies-ca2/data_track2_recovery/IMG/center_2026_08_31_19_26_45_297.jpg,/Users/martin/smart-technologies-ca2/data_track2_recovery/IMG/left_2026_08_31_19_26_45_297.jpg,/Users/martin/smart-technologies-ca2/data_track2_recovery/IMG/right_2026_08_31_19_26_45_297.jpg,0,1,0,30.17478
/Users/martin/smart-technologies-ca2/data_track2_recovery/IMG/center_2026_08_31_19_26_45_366.jpg,/Users/martin/smart-technologies-ca2/data_track2_recovery/IMG/left_2026_08_31_19_26_45_366.jpg,/Users/martin/smart-technologies-ca2/data_track2_recovery/IMG/right_2026_08_31_19_26_45_366.jpg,-0.1,1,0,30.19206
/Users/martin/smart-technologies-ca2/data_track2_recovery/IMG/center_2026_08_31_19_26_45_435.jpg,/Users/martin/smart-technologies-ca2/data_track2_recovery/IMG/left_2026_08_31_19_26_45_435.jpg,/Users/martin/smart-technologies-ca2/data_track2_recovery/IMG/right_2026_08_31_19_26_45_435.jpg,-0.3,1,0,30.18543
/Users/martin/smart-technologies-ca2/data_track2_recovery/IMG/center_2026_08_31_19_26_45_505.jpg,/Users/martin/smart-technologies-ca2/data_track2_recovery/IMG/left_2026_08_31_19_26_45_505.jpg,/Users/martin/smart-technologies-ca2/data_track2_recovery/IMG/right_2026_08_31_19_26_45_505.jpg,-0.45,1,0,30.16544
/Users/martin/smart-technologies-ca2/data_track2_recovery/IMG/center_2026_08_31_19_26_45_575.jpg,/Users/martin/smart-technologies-ca2/data_track2_recovery/IMG/left_2026_08_31_19_26_45_575.jpg,/Users/martin/smart-technologies-ca2/data_track2_recovery/IMG/right_2026_08_31_19_26_45_575.jpg,0,1,0,30.17977
/Users/martin/smart-technologies-ca2/data_track2_recovery/IMG/center_2026_08_31_19_26_45_642.jpg,/Users/martin/smart-technologies-ca2/data_track2_recovery/IMG/left_2026_08_31_19_26_45_642.jpg,/Users/martin/smart-technologies-ca2/data_track2_recovery/IMG/right_2026_08_31_19_26_45_642.jpg,0,1,0,30.18808
/Users/martin/smart-technologies-ca2/data_track2_recovery/IMG/center_2026_08_31_19_26_45_710.jpg,/Users/martin/smart-technologies-ca2/data_track2_recovery/IMG/left_2026_08_31_19_26_45_710.jpg,/Users/martin/smart-technologies-ca2/data_track2_recovery/IMG/right_2026_08_31_19_26_45_710.jpg,-0.1,1,0,30.19109
/Users/martin/smart-technologies-ca2/data_track2_recovery/IMG/center_2026_08_31_19_26_45_777.jpg,/Users/martin/smart-technologies-ca2/data_track2_recovery/IMG/left_2026_08_31_19_26_45_777.jpg,/Users/martin/smart-technologies-ca2/data_track2_recovery/IMG/right_2026_08_31_19_26_45_777.jpg,-0.3,1,0,30.17565
/Users/martin/smart-technologies-ca2/data_track2_recovery/IMG/center_2026_08_31_19_26_45_847.jpg,/Users/martin/smart-technologies-ca2/data_track2_recovery/IMG/left_2026_08_31_19_26_45_847.jpg,/Users/martin/smart-technologies-ca2/data_track2_recovery/IMG/right_2026_08_31_19_26_45_847.jpg,-0.45,1,0,30.15661
/Users/martin/smart-technologies-ca2/data_track2_recovery/IMG/center_2026_08_31_19_26_45_914.jpg,/Users/martin/smart-technologies-ca2/data_track2_recovery/IMG/left_2026_08_31_19_26_45_914.jpg,/Users/martin/smart-technologies-ca2/data_track2_recovery/IMG/right_2026_08_31_19_26_45_914.jpg,-0.6500001,1,0,30.13023
/Users/martin/smart-technologies-ca2/data_track2_recovery/IMG/center_2026_08_31_19_26_45_982.jpg,/Users/martin/smart-technologies-ca2/data_track2_recovery/IMG/left_2026_08_31_19_26_45_982.jpg,/Users/martin/smart-technologies-ca2/data_track2_recovery/IMG/right_2026_08_31_19_26_45_982.jpg,-0.8000001,1,0,30.11173
/Users/martin/smart-technologies-ca2/data_track2_recovery/IMG/center_2026_08_31_19_26_46_048.jpg,/Users/martin/smart-technologies-ca2/data_track2_recovery/IMG/left_2026_08_31_19_26_46_048.jpg,/Users/martin/smart-technologies-ca2/data_track2_recovery/IMG/right_2026_08_31_19_26_46_048.jpg,-0.9500002,1,0,30.09793
/Users/martin/smart-technologies-ca2/data_track2_recovery/IMG/center_2026_08_31_19_26_46_115.jpg,/Users/martin/smart-technologies-ca2/data_track2_recovery/IMG/left_2026_08_31_19_26_46_115.jpg,/Users/martin/smart-technologies-ca2/data_track2_recovery/IMG/right_2026_08_31_19_26_46_115.jpg,0,1,0,30.17146
/Users/martin/smart-technologies-ca2/data_track2_recovery/IMG/center_2026_08_31_19_26_46_187.jpg,/Users/martin/smart-technologies-ca2/data_track2_recovery/IMG/left_2026_08_31_19_26_46_187.jpg,/Users/martin/smart-technologies-ca2/data_track2_recovery/IMG/right_2026_08_31_19_26_46_187.jpg,0,1,0,30.16975
/Users/martin/smart-technologies-ca2/data_track2_recovery/IMG/center_2026_08_31_19_26_46_254.jpg,/Users/martin/smart-technologies-ca2/data_track2_recovery/IMG/left_2026_08_31_19_26_46_254.jpg,/Users/martin/smart-technologies-ca2/data_track2_recovery/IMG/right_2026_08_31_19_26_46_254.jpg,0,1,0,30.1842
/Users/martin/smart-technologies-ca2/data_track2_recovery/IMG/center_2026_08_31_19_26_46_321.jpg,/Users/martin/smart-technologies-ca2/data_track2_recovery/IMG/left_2026_08_31_19_26_46_321.jpg,/Users/martin/smart-technologies-ca2/data_track2_recovery/IMG/right_2026_08_31_19_26_46_321.jpg,0,1,0,30.18871
/Users/martin/smart-technologies-ca2/data_track2_recovery/IMG/center_2026_08_31_19_26_46_391.jpg,/Users/martin/smart-technologies-ca2/data_track2_recovery/IMG/left_2026_08_31_19_26_46_391.jpg,/Users/martin/smart-technologies-ca2/data_track2_recovery/IMG/right_2026_08_31_19_26_46_391.jpg,0,1,0,30.1902
/Users/martin/smart-technologies-ca2/data_track2_recovery/IMG/center_2026_08_31_19_26_46_461.jpg,/Users/martin/smart-technologies-ca2/data_track2_recovery/IMG/left_2026_08_31_19_26_46_461.jpg,/Users/martin/smart-technologies-ca2/data_track2_recovery/IMG/right_2026_08_31_19_26_46_461.jpg,0,1,0,30.19033
/Users/martin/smart-technologies-ca2/data_track2_recovery/IMG/center_2026_08_31_19_26_46_529.jpg,/Users/martin/smart-technologies-ca2/data_track2_recovery/IMG/left_2026_08_31_19_26_46_529.jpg,/Users/martin/smart-technologies-ca2/data_track2_recovery/IMG/right_2026_08_31_19_26_46_529.jpg,0.05,1,0,30.18956
/Users/martin/smart-technologies-ca2/data_track2_recovery/IMG/center_2026_08_31_19_26_46_598.jpg,/Users/martin/smart-technologies-ca2/data_track2_recovery/IMG/left_2026_08_31_19_26_46_598.jpg,/Users/martin/smart-technologies-ca2/data_track2_recovery/IMG/right_2026_08_31_19_26_46_598.jpg,0.25,1,0,30.17356
/Users/martin/smart-technologies-ca2/data_track2_recovery/IMG/center_2026_08_31_19_26_46_670.jpg,/Users/martin/smart-technologies-ca2/data_track2_recovery/IMG/left_2026_08_31_19_26_46_670.jpg,/Users/martin/smart-technologies-ca2/data_track2_recovery/IMG/right_2026_08_31_19_26_46_670.jpg,0.4,1,0,30.15671
/Users/martin/smart-technologies-ca2/data_track2_recovery/IMG/center_2026_08_31_19_26_46_740.jpg,/Users/martin/smart-technologies-ca2/data_track2_recovery/IMG/left_2026_08_31_19_26_46_740.jpg,/Users/martin/smart-technologies-ca2/data_track2_recovery/IMG/right_2026_08_31_19_26_46_740.jpg,0.6000001,1,0,30.13279
/Users/martin/smart-technologies-ca2/data_track2_recovery/IMG/center_2026_08_31_19_26_46_809.jpg,/Users/martin/smart-technologies-ca2/data_track2_recovery/IMG/left_2026_08_31_19_26_46_809.jpg,/Users/martin/smart-technologies-ca2/data_track2_recovery/IMG/right_2026_08_31_19_26_46_809.jpg,0.7500002,1,0,30.11471
/Users/martin/smart-technologies-ca2/data_track2_recovery/IMG/center_2026_08_31_19_26_46_875.jpg,/Users/martin/smart-technologies-ca2/data_track2_recovery/IMG/left_2026_08_31_19_26_46_875.jpg,/Users/martin/smart-technologies-ca2/data_track2_recovery/IMG/right_2026_08_31_19_26_46_875.jpg,0,1,0,30.18072
/Users/martin/smart-technologies-ca2/data_track2_recovery/IMG/center_2026_08_31_19_26_46_945.jpg,/Users/martin/smart-technologies-ca2/data_track2_recovery/IMG/left_2026_08_31_19_26_46_945.jpg,/Users/martin/smart-technologies-ca2/data_track2_recovery/IMG/right_2026_08_31_19_26_46_945.jpg,0,1,0,30.18728
/Users/martin/smart-technologies-ca2/data_track2_recovery/IMG/center_2026_08_31_19_26_47_015.jpg,/Users/martin/smart-technologies-ca2/data_track2_recovery/IMG/left_2026_08_31_19_26_47_015.jpg,/Users/martin/smart-technologies-ca2/data_track2_recovery/IMG/right_2026_08_31_19_26_47_015.jpg,0,1,0,30.18981
/Users/martin/smart-technologies-ca2/data_track2_recovery/IMG/center_2026_08_31_19_26_47_087.jpg,/Users/martin/smart-technologies-ca2/data_track2_recovery/IMG/left_2026_08_31_19_26_47_087.jpg,/Users/martin/smart-technologies-ca2/data_track2_recovery/IMG/right_2026_08_31_19_26_47_087.jpg,0,1,0,30.19021
/Users/martin/smart-technologies-ca2/data_track2_recovery/IMG/center_2026_08_31_19_26_47_154.jpg,/Users/martin/smart-technologies-ca2/data_track2_recovery/IMG/left_2026_08_31_19_26_47_154.jpg,/Users/martin/smart-technologies-ca2/data_track2_recovery/IMG/right_2026_08_31_19_26_47_154.jpg,0,1,0,30.19019
/Users/martin/smart-technologies-ca2/data_track2_recovery/IMG/center_2026_08_31_19_26_47_222.jpg,/Users/martin/smart-technologies-ca2/data_track2_recovery/IMG/left_2026_08_31_19_26_47_222.jpg,/Users/martin/smart-technologies-ca2/data_track2_recovery/IMG/right_2026_08_31_19_26_47_222.jpg,0.1,1,0,30.18846
/Users/martin/smart-technologies-ca2/data_track2_recovery/IMG/center_2026_08_31_19_26_47_293.jpg,/Users/martin/smart-technologies-ca2/data_track2_recovery/IMG/left_2026_08_31_19_26_47_293.jpg,/Users/martin/smart-technologies-ca2/data_track2_recovery/IMG/right_2026_08_31_19_26_47_293.jpg,0,1,0,30.19025
/Users/martin/smart-technologies-ca2/data_track2_recovery/IMG/center_2026_08_31_19_26_47_361.jpg,/Users/martin/smart-technologies-ca2/data_track2_recovery/IMG/left_2026_08_31_19_26_47_361.jpg,/Users/martin/smart-technologies-ca2/data_track2_recovery/IMG/right_2026_08_31_19_26_47_361.jpg,0,1,0,30.19022
/Users/martin/smart-technologies-ca2/data_track2_recovery/IMG/center_2026_08_31_19_26_47_429.jpg,/Users/martin/smart-technologies-ca2/data_track2_recovery/IMG/left_2026_08_31_19_26_47_429.jpg,/Users/martin/smart-technologies-ca2/data_track2_recovery/IMG/right_2026_08_31_19_26_47_429.jpg,0.15,1,0,30.18502
/Users/martin/smart-technologies-ca2/data_track2_recovery/IMG/center_2026_08_31_19_26_47_498.jpg,/Users/martin/smart-technologies-ca2/data_track2_recovery/IMG/left_2026_08_31_19_26_47_498.jpg,/Users/martin/smart-technologies-ca2/data_track2_recovery/IMG/right_2026_08_31_19_26_47_498.jpg,0.35,1,0,30.16423
/Users/martin/smart-technologies-ca2/data_track2_recovery/IMG/center_2026_08_31_19_26_47_565.jpg,/Users/martin/smart-technologies-ca2/data_track2_recovery/IMG/left_2026_08_31_19_26_47_565.jpg,/Users/martin/smart-technologies-ca2/data_track2_recovery/IMG/right_2026_08_31_19_26_47_565.jpg,0.5000001,1,0,30.14597
/Users/martin/smart-technologies-ca2/data_track2_recovery/IMG/center_2026_08_31_19_26_47_633.jpg,/Users/martin/smart-technologies-ca2/data_track2_recovery/IMG/left_2026_08_31_19_26_47_633.jpg,/Users/martin/smart-technologies-ca2/data_track2_recovery/IMG/right_2026_08_31_19_26_47_633.jpg,0,1,0,30.1842
/Users/martin/smart-technologies-ca2/data_track2_recovery/IMG/center_2026_08_31_19_26_47_701.jpg,/Users/martin/smart-technologies-ca2/data_track2_recovery/IMG/left_2026_08_31_19_26_47_701.jpg,/Users/martin/smart-technologies-ca2/data_track2_recovery/IMG/right_2026_08_31_19_26_47_701.jpg,0.15,1,0,30.19047
/Users/martin/smart-technologies-ca2/data_track2_recovery/IMG/center_2026_08_31_19_26_47_768.jpg,/Users/martin/smart-technologies-ca2/data_track2_recovery/IMG/left_2026_08_31_19_26_47_768.jpg,/Users/martin/smart-technologies-ca2/data_track2_recovery/IMG/right_2026_08_31_19_26_47_768.jpg,0.3,1,0,30.17884
/Users/martin/smart-technologies-ca2/data_track2_recovery/IMG/center_2026_08_31_19_26_47_835.jpg,/Users/martin/smart-technologies-ca2/data_track2_recovery/IMG/left_2026_08_31_19_26_47_835.jpg,/Users/martin/smart-technologies-ca2/data_track2_recovery/IMG/right_2026_08_31_19_26_47_835.jpg,0.5000001,1,0,30.15252
/Users/martin/smart-technologies-ca2/data_track2_recovery/IMG/center_2026_08_31_19_26_47_905.jpg,/Users/martin/smart-technologies-ca2/data_track2_recovery/IMG/left_2026_08_31_19_26_47_905.jpg,/Users/martin/smart-technologies-ca2/data_track2_recovery/IMG/right_2026_08_31_19_26_47_905.jpg,0.6500001,1,0,30.13201
/Users/martin/smart-technologies-ca2/data_track2_recovery/IMG/center_2026_08_31_19_26_47_974.jpg,/Users/martin/smart-technologies-ca2/data_track2_recovery/IMG/left_2026_08_31_19_26_47_974.jpg,/Users/martin/smart-technologies-ca2/data_track2_recovery/IMG/right_2026_08_31_19_26_47_974.jpg,0.8500001,1,0,30.10796
/Users/martin/smart-technologies-ca2/data_track2_recovery/IMG/center_2026_08_31_19_26_48_041.jpg,/Users/martin/smart-technologies-ca2/data_track2_recovery/IMG/left_2026_08_31_19_26_48_041.jpg,/Users/martin/smart-technologies-ca2/data_track2_recovery/IMG/right_2026_08_31_19_26_48_041.jpg,1,1,0,30.09449
/Users/martin/smart-technologies-ca2/data_track2_recovery/IMG/center_2026_08_31_19_26_48_108.jpg,/Users/martin/smart-technologies-ca2/data_track2_recovery/IMG/left_2026_08_31_19_26_48_108.jpg,/Users/martin/smart-technologies-ca2/data_track2_recovery/IMG/right_2026_08_31_19_26_48_108.jpg,0,1,0,30.17164
/Users/martin/smart-technologies-ca2/data_track2_recovery/IMG/center_2026_08_31_19_26_48_175.jpg,/Users/martin/smart-technologies-ca2/data_track2_recovery/IMG/left_2026_08_31_19_26_48_175.jpg,/Users/martin/smart-technologies-ca2/data_track2_recovery/IMG/right_2026_08_31_19_26_48_175.jpg,0,1,0,30.17675
/Users/martin/smart-technologies-ca2/data_track2_recovery/IMG/center_2026_08_31_19_26_48_242.jpg,/Users/martin/smart-technologies-ca2/data_track2_recovery/IMG/left_2026_08_31_19_26_48_242.jpg,/Users/martin/smart-technologies-ca2/data_track2_recovery/IMG/right_2026_08_31_19_26_48_242.jpg,0,1,0,30.18415
/Users/martin/smart-technologies-ca2/data_track2_recovery/IMG/center_2026_08_31_19_26_48_314.jpg,/Users/martin/smart-technologies-ca2/data_track2_recovery/IMG/left_2026_08_31_19_26_48_314.jpg,/Users/martin/smart-technologies-ca2/data_track2_recovery/IMG/right_2026_08_31_19_26_48_314.jpg,0,1,0,30.18943
/Users/martin/smart-technologies-ca2/data_track2_recovery/IMG/center_2026_08_31_19_26_48_384.jpg,/Users/martin/smart-technologies-ca2/data_track2_recovery/IMG/left_2026_08_31_19_26_48_384.jpg,/Users/martin/smart-technologies-ca2/data_track2_recovery/IMG/right_2026_08_31_19_26_48_384.jpg,0,1,0,30.19001
/Users/martin/smart-technologies-ca2/data_track2_recovery/IMG/center_2026_08_31_19_26_48_454.jpg,/Users/martin/smart-technologies-ca2/data_track2_recovery/IMG/left_2026_08_31_19_26_48_454.jpg,/Users/martin/smart-technologies-ca2/data_track2_recovery/IMG/right_2026_08_31_19_26_48_454.jpg,0,1,0,30.19046
/Users/martin/smart-technologies-ca2/data_track2_recovery/IMG/center_2026_08_31_19_26_48_525.jpg,/Users/martin/smart-technologies-ca2/data_track2_recovery/IMG/left_2026_08_31_19_26_48_525.jpg,/Users/martin/smart-technologies-ca2/data_track2_recovery/IMG/right_2026_08_31_19_26_48_525.jpg,0.15,1,0,30.18555
/Users/martin/smart-technologies-ca2/data_track2_recovery/IMG/center_2026_08_31_19_26_48_592.jpg,/Users/martin/smart-technologies-ca2/data_track2_recovery/IMG/left_2026_08_31_19_26_48_592.jpg,/Users/martin/smart-technologies-ca2/data_track2_recovery/IMG/right_2026_08_31_19_26_48_592.jpg,0.35,1,0,30.16497
/Users/martin/smart-technologies-ca2/data_track2_recovery/IMG/center_2026_08_31_19_26_48_658.jpg,/Users/martin/smart-technologies-ca2/data_track2_recovery/IMG/left_2026_08_31_19_26_48_658.jpg,/Users/martin/smart-technologies-ca2/data_track2_recovery/IMG/right_2026_08_31_19_26_48_658.jpg,0.5000001,1,0,30.14617
/Users/martin/smart-technologies-ca2/data_track2_recovery/IMG/center_2026_08_31_19_26_48_730.jpg,/Users/martin/smart-technologies-ca2/data_track2_recovery/IMG/left_2026_08_31_19_26_48_730.jpg,/Users/martin/smart-technologies-ca2/data_track2_recovery/IMG/right_2026_08_31_19_26_48_730.jpg,0.6500001,1,0,30.1275
/Users/martin/smart-technologies-ca2/data_track2_recovery/IMG/center_2026_08_31_19_26_48_801.jpg,/Users/martin/smart-technologies-ca2/data_track2_recovery/IMG/left_2026_08_31_19_26_48_801.jpg,/Users/martin/smart-technologies-ca2/data_track2_recovery/IMG/right_2026_08_31_19_26_48_801.jpg,0,1,0,30.1797
/Users/martin/smart-technologies-ca2/data_track2_recovery/IMG/center_2026_08_31_19_26_48_868.jpg,/Users/martin/smart-technologies-ca2/data_track2_recovery/IMG/left_2026_08_31_19_26_48_868.jpg,/Users/martin/smart-technologies-ca2/data_track2_recovery/IMG/right_2026_08_31_19_26_48_868.jpg,0,1,0,30.18696
/Users/martin/smart-technologies-ca2/data_track2_recovery/IMG/center_2026_08_31_19_26_48_940.jpg,/Users/martin/smart-technologies-ca2/data_track2_recovery/IMG/left_2026_08_31_19_26_48_940.jpg,/Users/martin/smart-technologies-ca2/data_track2_recovery/IMG/right_2026_08_31_19_26_48_940.jpg,0,1,0,30.18985
/Users/martin/smart-technologies-ca2/data_track2_recovery/IMG/center_2026_08_31_19_26_49_011.jpg,/Users/martin/smart-technologies-ca2/data_track2_recovery/IMG/left_2026_08_31_19_26_49_011.jpg,/Users/martin/smart-technologies-ca2/data_track2_recovery/IMG/right_2026_08_31_19_26_49_011.jpg,0,1,0,30.19031
/Users/martin/smart-technologies-ca2/data_track2_recovery/IMG/center_2026_08_31_19_26_49_078.jpg,/Users/martin/smart-technologies-ca2/data_track2_recovery/IMG/left_2026_08_31_19_26_49_078.jpg,/Users/martin/smart-technologies-ca2/data_track2_recovery/IMG/right_2026_08_31_19_26_49_078.jpg,0,1,0,30.19049
/Users/martin/smart-technologies-ca2/data_track2_recovery/IMG/center_2026_08_31_19_26_49_149.jpg,/Users/martin/smart-technologies-ca2/data_track2_recovery/IMG/left_2026_08_31_19_26_49_149.jpg,/Users/martin/smart-technologies-ca2/data_track2_recovery/IMG/right_2026_08_31_19_26_49_149.jpg,0,1,0,30.19004
/Users/martin/smart-technologies-ca2/data_track2_recovery/IMG/center_2026_08_31_19_26_49_216.jpg,/Users/martin/smart-technologies-ca2/data_track2_recovery/IMG/left_2026_08_31_19_26_49_216.jpg,/Users/martin/smart-technologies-ca2/data_track2_recovery/IMG/right_2026_08_31_19_26_49_216.jpg,-0.1,1,0,30.18739
/Users/martin/smart-technologies-ca2/data_track2_recovery/IMG/center_2026_08_31_19_26_49_287.jpg,/Users/martin/smart-technologies-ca2/data_track2_recovery/IMG/left_2026_08_31_19_26_49_287.jpg,/Users/martin/smart-technologies-ca2/data_track2_recovery/IMG/right_2026_08_31_19_26_49_287.jpg,-0.25,1,0,30.17441
/Users/martin/smart-technologies-ca2/data_track2_recovery/IMG/center_2026_08_31_19_26_49_358.jpg,/Users/martin/smart-technologies-ca2/data_track2_recovery/IMG/left_2026_08_31_19_26_49_358.jpg,/Users/martin/smart-technologies-ca2/data_track2_recovery/IMG/right_2026_08_31_19_26_49_358.jpg,0,1,0,30.19002
/Users/martin/smart-technologies-ca2/data_track2_recovery/IMG/center_2026_08_31_19_26_49_429.jpg,/Users/martin/smart-technologies-ca2/data_track2_recovery/IMG/left_2026_08_31_19_26_49_429.jpg,/Users/martin/smart-technologies-ca2/data_track2_recovery/IMG/right_2026_08_31_19_26_49_429.jpg,0,1,0,30.19007
/Users/martin/smart-technologies-ca2/data_track2_recovery/IMG/center_2026_08_31_19_26_49_498.jpg,/Users/martin/smart-technologies-ca2/data_track2_recovery/IMG/left_2026_08_31_19_26_49_498.jpg,/Users/martin/smart-technologies-ca2/data_track2_recovery/IMG/right_2026_08_31_19_26_49_498.jpg,0.1,1,0,30.1867
/Users/martin/smart-technologies-ca2/data_track2_recovery/IMG/center_2026_08_31_19_26_49_571.jpg,/Users/martin/smart-technologies-ca2/data_track2_recovery/IMG/left_2026_08_31_19_26_49_571.jpg,/Users/martin/smart-technologies-ca2/data_track2_recovery/IMG/right_2026_08_31_19_26_49_571.jpg,0.3,1,0,30.1679
/Users/martin/smart-technologies-ca2/data_track2_recovery/IMG/center_2026_08_31_19_26_49_638.jpg,/Users/martin/smart-technologies-ca2/data_track2_recovery/IMG/left_2026_08_31_19_26_49_638.jpg,/Users/martin/smart-technologies-ca2/data_track2_recovery/IMG/right_2026_08_31_19_26_49_638.jpg,0,1,0,30.18875
/Users/martin/smart-technologies-ca2/data_track2_recovery/IMG/center_2026_08_31_19_26_49_706.jpg,/Users/martin/smart-technologies-ca2/data_track2_recovery/IMG/left_2026_08_31_19_26_49_706.jpg,/Users/martin/smart-technologies-ca2/data_track2_recovery/IMG/right_2026_08_31_19_26_49_706.jpg,0,0.9465729,0,30.19006
/Users/martin/smart-technologies-ca2/data_track2_recovery/IMG/center_2026_08_31_19_26_49_775.jpg,/Users/martin/smart-technologies-ca2/data_track2_recovery/IMG/left_2026_08_31_19_26_49_775.jpg,/Users/martin/smart-technologies-ca2/data_track2_recovery/IMG/right_2026_08_31_19_26_49_775.jpg,0,0.7126421,0,30.12965
/Users/martin/smart-technologies-ca2/data_track2_recovery/IMG/center_2026_08_31_19_26_49_841.jpg,/Users/martin/smart-technologies-ca2/data_track2_recovery/IMG/left_2026_08_31_19_26_49_841.jpg,/Users/martin/smart-technologies-ca2/data_track2_recovery/IMG/right_2026_08_31_19_26_49_841.jpg,0,0.5296149,0,30.08039
/Users/martin/smart-technologies-ca2/data_track2_recovery/IMG/center_2026_08_31_19_26_49_912.jpg,/Users/martin/smart-technologies-ca2/data_track2_recovery/IMG/left_2026_08_31_19_26_49_912.jpg,/Users/martin/smart-technologies-ca2/data_track2_recovery/IMG/right_2026_08_31_19_26_49_912.jpg,0,0.2871851,0,30.01965
/Users/martin/smart-technologies-ca2/data_track2_recovery/IMG/center_2026_08_31_19_26_49_979.jpg,/Users/martin/smart-technologies-ca2/data_track2_recovery/IMG/left_2026_08_31_19_26_49_979.jpg,/Users/martin/smart-technologies-ca2/data_track2_recovery/IMG/right_2026_08_31_19_26_49_979.jpg,0,0.11173,0,29.96901
/Users/martin/smart-technologies-ca2/data_track2_recovery/IMG/center_2026_08_31_19_26_50_050.jpg,/Users/martin/smart-technologies-ca2/data_track2_recovery/IMG/left_2026_08_31_19_26_50_050.jpg,/Users/martin/smart-technologies-ca2/data_track2_recovery/IMG/right_2026_08_31_19_26_50_050.jpg,0,0,0,29.81736
/Users/martin/smart-technologies-ca2/data_track2_recovery/IMG/center_2026_08_31_19_26_50_121.jpg,/Users/martin/smart-technologies-ca2/data_track2_recovery/IMG/left_2026_08_31_19_26_50_121.jpg,/Users/martin/smart-technologies-ca2/data_track2_recovery/IMG/right_2026_08_31_19_26_50_121.jpg,0,0,0,29.57819
/Users/martin/smart-technologies-ca2/data_track2_recovery/IMG/center_2026_08_31_19_26_50_189.jpg,/Users/martin/smart-technologies-ca2/data_track2_recovery/IMG/left_2026_08_31_19_26_50_189.jpg,/Users/martin/smart-technologies-ca2/data_track2_recovery/IMG/right_2026_08_31_19_26_50_189.jpg,0,0,0,29.39965
/Users/martin/smart-technologies-ca2/data_track2_recovery/IMG/center_2026_08_31_19_26_50_267.jpg,/Users/martin/smart-technologies-ca2/data_track2_recovery/IMG/left_2026_08_31_19_26_50_267.jpg,/Users/martin/smart-technologies-ca2/data_track2_recovery/IMG/right_2026_08_31_19_26_50_267.jpg,0,0,0,28.6804
/Users/martin/smart-technologies-ca2/data_track2_recovery/IMG/center_2026_08_31_19_27_12_822.jpg,/Users/martin/smart-technologies-ca2/data_track2_recovery/IMG/left_2026_08_31_19_27_12_822.jpg,/Users/martin/smart-technologies-ca2/data_track2_recovery/IMG/right_2026_08_31_19_27_12_822.jpg,0,0.875526,0,2.877898
/Users/martin/smart-technologies-ca2/data_track2_recovery/IMG/center_2026_08_31_19_27_12_891.jpg,/Users/martin/smart-technologies-ca2/data_track2_recovery/IMG/left_2026_08_31_19_27_12_891.jpg,/Users/martin/smart-technologies-ca2/data_track2_recovery/IMG/right_2026_08_31_19_27_12_891.jpg,0,1,0,3.558946
/Users/martin/smart-technologies-ca2/data_track2_recovery/IMG/center_2026_08_31_19_27_12_958.jpg,/Users/martin/smart-technologies-ca2/data_track2_recovery/IMG/left_2026_08_31_19_27_12_958.jpg,/Users/martin/smart-technologies-ca2/data_track2_recovery/IMG/right_2026_08_31_19_27_12_958.jpg,0,1,0,4.495522
/Users/martin/smart-technologies-ca2/data_track2_recovery/IMG/center_2026_08_31_19_27_13_025.jpg,/Users/martin/smart-technologies-ca2/data_track2_recovery/IMG/left_2026_08_31_19_27_13_025.jpg,/Users/martin/smart-technologies-ca2/data_track2_recovery/IMG/right_2026_08_31_19_27_13_025.jpg,0,1,0,5.19337
/Users/martin/smart-technologies-ca2/data_track2_recovery/IMG/center_2026_08_31_19_27_13_094.jpg,/Users/martin/smart-technologies-ca2/data_track2_recovery/IMG/left_2026_08_31_19_27_13_094.jpg,/Users/martin/smart-technologies-ca2/data_track2_recovery/IMG/right_2026_08_31_19_27_13_094.jpg,0,1,0,5.887279
/Users/martin/smart-technologies-ca2/data_track2_recovery/IMG/center_2026_08_31_19_27_13_161.jpg,/Users/martin/smart-technologies-ca2/data_track2_recovery/IMG/left_2026_08_31_19_27_13_161.jpg,/Users/martin/smart-technologies-ca2/data_track2_recovery/IMG/right_2026_08_31_19_27_13_161.jpg,0,1,0,6.806063
/Users/martin/smart-technologies-ca2/data_track2_recovery/IMG/center_2026_08_31_19_27_13_227.jpg,/Users/martin/smart-technologies-ca2/data_track2_recovery/IMG/left_2026_08_31_19_27_13_227.jpg,/Users/martin/smart-technologies-ca2/data_track2_recovery/IMG/right_2026_08_31_19_27_13_227.jpg,0,1,0,7.490587
/Users/martin/smart-technologies-ca2/data_track2_recovery/IMG/center_2026_08_31_19_27_13_294.jpg,/Users/martin/smart-technologies-ca2/data_track2_recovery/IMG/left_2026_08_31_19_27_13_294.jpg,/Users/martin/smart-technologies-ca2/data_track2_recovery/IMG/right_2026_08_31_19_27_13_294.jpg,0,1,0,8.170938
/Users/martin/smart-technologies-ca2/data_track2_recovery/IMG/center_2026_08_31_19_27_13_363.jpg,/Users/martin/smart-technologies-ca2/data_track2_recovery/IMG/left_2026_08_31_19_27_13_363.jpg,/Users/martin/smart-technologies-ca2/data_track2_recovery/IMG/right_2026_08_31_19_27_13_363.jpg,0.15,1,0,8.992495
/Users/martin/smart-technologies-ca2/data_track2_recovery/IMG/center_2026_08_31_19_27_13_430.jpg,/Users/martin/smart-technologies-ca2/data_track2_recovery/IMG/left_2026_08_31_19_27_13_430.jpg,/Users/martin/smart-technologies-ca2/data_track2_recovery/IMG/right_2026_08_31_19_27_13_430.jpg,0.3,1,0,9.513787
/Users/martin/smart-technologies-ca2/data_track2_recovery/IMG/center_2026_08_31_19_27_13_497.jpg,/Users/martin/smart-technologies-ca2/data_track2_recovery/IMG/left_2026_08_31_19_27_13_497.jpg,/Users/martin/smart-technologies-ca2/data_track2_recovery/IMG/right_2026_08_31_19_27_13_497.jpg,0,1,0,10.05934
/Users/martin/smart-technologies-ca2/data_track2_recovery/IMG/center_2026_08_31_19_27_13_563.jpg,/Users/martin/smart-technologies-ca2/data_track2_recovery/IMG/left_2026_08_31_19_27_13_563.jpg,/Users/martin/smart-technologies-ca2/data_track2_recovery/IMG/right_2026_08_31_19_27_13_563.jpg,0,1,0,10.8246
/Users/martin/smart-technologies-ca2/data_track2_recovery/IMG/center_2026_08_31_19_27_13_633.jpg,/Users/martin/smart-technologies-ca2/data_track2_recovery/IMG/left_2026_08_31_19_27_13_633.jpg,/Users/martin/smart-technologies-ca2/data_track2_recovery/IMG/right_2026_08_31_19_27_13_633.jpg,0.15,1,0,11.53824
/Users/martin/smart-technologies-ca2/data_track2_recovery/IMG/center_2026_08_31_19_27_13_703.jpg,/Users/martin/smart-technologies-ca2/data_track2_recovery/IMG/left_2026_08_31_19_27_13_703.jpg,/Users/martin/smart-technologies-ca2/data_track2_recovery/IMG/right_2026_08_31_19_27_13_703.jpg,0.35,1,0,12.20651
/Users/martin/smart-technologies-ca2/data_track2_recovery/IMG/center_2026_08_31_19_27_13_772.jpg,/Users/martin/smart-technologies-ca2/data_track2_recovery/IMG/left_2026_08_31_19_27_13_772.jpg,/Users/martin/smart-technologies-ca2/data_track2_recovery/IMG/right_2026_08_31_19_27_13_772.jpg,0.5000001,1,0,12.64772
/Users/martin/smart-technologies-ca2/data_track2_recovery/IMG/center_2026_08_31_19_27_13_841.jpg,/Users/martin/smart-technologies-ca2/data_track2_recovery/IMG/left_2026_08_31_19_27_13_841.jpg,/Users/martin/smart-technologies-ca2/data_track2_recovery/IMG/right_2026_08_31_19_27_13_841.jpg,0.7,1,0,13.3516
/Users/martin/smart-technologies-ca2/data_track2_recovery/IMG/center_2026_08_31_19_27_13_908.jpg,/Users/martin/smart-technologies-ca2/data_track2_recovery/IMG/left_2026_08_31_19_27_13_908.jpg,/Users/martin/smart-technologies-ca2/data_track2_recovery/IMG/right_2026_08_31_19_27_13_908.jpg,0,1,0,13.80168
/Users/martin/smart-technologies-ca2/data_track2_recovery/IMG/center_2026_08_31_19_27_13_975.jpg,/Users/martin/smart-technologies-ca2/data_track2_recovery/IMG/left_2026_08_31_19_27_13_975.jpg,/Users/martin/smart-technologies-ca2/data_track2_recovery/IMG/right_2026_08_31_19_27_13_975.jpg,0,1,0,13.54719
/Users/martin/smart-technologies-ca2/data_track2_recovery/IMG/center_2026_08_31_19_27_14_042.jpg,/Users/martin/smart-technologies-ca2/data_track2_recovery/IMG/left_2026_08_31_19_27_14_042.jpg,/Users/martin/smart-technologies-ca2/data_track2_recovery/IMG/right_2026_08_31_19_27_14_042.jpg,0.15,1,0,14.1052
/Users/martin/smart-technologies-ca2/data_track2_recovery/IMG/center_2026_08_31_19_27_14_109.jpg,/Users/martin/smart-technologies-ca2/data_track2_recovery/IMG/left_2026_08_31_19_27_14_109.jpg,/Users/martin/smart-technologies-ca2/data_track2_recovery/IMG/right_2026_08_31_19_27_14_109.jpg,0.3,1,0,14.49835
/Users/martin/smart-technologies-ca2/data_track2_recovery/IMG/center_2026_08_31_19_27_14_179.jpg,/Users/martin/smart-technologies-ca2/data_track2_recovery/IMG/left_2026_08_31_19_27_14_179.jpg,/Users/martin/smart-technologies-ca2/data_track2_recovery/IMG/right_2026_08_31_19_27_14_179.jpg,0.5000001,1,0,14.65243
/Users/martin/smart-technologies-ca2/data_track2_recovery/IMG/center_2026_08_31_19_27_14_246.jpg,/Users/martin/smart-technologies-ca2/data_track2_recovery/IMG/left_2026_08_31_19_27_14_246.jpg,/Users/martin/smart-technologies-ca2/data_track2_recovery/IMG/right_2026_08_31_19_27_14_246.jpg,0.6500001,1,0,15.12695
/Users/martin/smart-technologies-ca2/data_track2_recovery/IMG/center_2026_08_31_19_27_14_314.jpg,/Users/martin/smart-technologies-ca2/data_track2_recovery/IMG/left_2026_08_31_19_27_14_314.jpg,/Users/martin/smart-technologies-ca2/data_track2_recovery/IMG/right_2026_08_31_19_27_14_314.jpg,0.8000001,1,0,14.96261
/Users/martin/smart-technologies-ca2/data_track2_recovery/IMG/center_2026_08_31_19_27_14_382.jpg,/Users/martin/smart-technologies-ca2/data_track2_recovery/IMG/left_2026_08_31_19_27_14_382.jpg,/Users/martin/smart-technologies-ca2/data_track2_recovery/IMG/right_2026_08_31_19_27_14_382.jpg,1,1,0,15.18312
/Users/martin/smart-technologies-ca2/data_track2_recovery/IMG/center_2026_08_31_19_27_14_451.jpg,/Users/martin/smart-technologies-ca2/data_track2_recovery/IMG/left_2026_08_31_19_27_14_451.jpg,/Users/martin/smart-technologies-ca2/data_track2_recovery/IMG/right_2026_08_31_19_27_14_451.jpg,0,1,0,15.48902
/Users/martin/smart-technologies-ca2/data_track2_recovery/IMG/center_2026_08_31_19_27_14_521.jpg,/Users/martin/smart-technologies-ca2/data_track2_recovery/IMG/left_2026_08_31_19_27_14_521.jpg,/Users/martin/smart-technologies-ca2/data_track2_recovery/IMG/right_2026_08_31_19_27_14_521.jpg,0.05,1,0,15.70515
/Users/martin/smart-technologies-ca2/data_track2_recovery/IMG/center_2026_08_31_19_27_14_587.jpg,/Users/martin/smart-technologies-ca2/data_track2_recovery/IMG/left_2026_08_31_19_27_14_587.jpg,/Users/martin/smart-technologies-ca2/data_track2_recovery/IMG/right_2026_08_31_19_27_14_587.jpg,0.2,1,0,15.85424
/Users/martin/smart-technologies-ca2/data_track2_recovery/IMG/center_2026_08_31_19_27_14_657.jpg,/Users/martin/smart-technologies-ca2/data_track2_recovery/IMG/left_2026_08_31_19_27_14_657.jpg,/Users/martin/smart-technologies-ca2/data_track2_recovery/IMG/right_2026_08_31_19_27_14_657.jpg,0.35,1,0,16.19981
/Users/martin/smart-technologies-ca2/data_track2_recovery/IMG/center_2026_08_31_19_27_14_725.jpg,/Users/martin/smart-technologies-ca2/data_track2_recovery/IMG/left_2026_08_31_19_27_14_725.jpg,/Users/martin/smart-technologies-ca2/data_track2_recovery/IMG/right_2026_08_31_19_27_14_725.jpg,0,1,0,16.30938
/Users/martin/smart-technologies-ca2/data_track2_recovery/IMG/center_2026_08_31_19_27_14_792.jpg,/Users/martin/smart-technologies-ca2/data_track2_recovery/IMG/left_2026_08_31_19_27_14_792.jpg,/Users/martin/smart-technologies-ca2/data_track2_recovery/IMG/right_2026_08_31_19_27_14_792.jpg,0,1,0,16.88122
/Users/martin/smart-technologies-ca2/data_track2_recovery/IMG/center_2026_08_31_19_27_14_862.jpg,/Users/martin/smart-technologies-ca2/data_track2_recovery/IMG/left_2026_08_31_19_27_14_862.jpg,/Users/martin/smart-technologies-ca2/data_track2_recovery/IMG/right_2026_08_31_19_27_14_862.jpg,0,1,0,17.26425
/Users/martin/smart-technologies-ca2/data_track2_recovery/IMG/center_2026_08_31_19_27_14_931.jpg,/Users/martin/smart-technologies-ca2/data_track2_recovery/IMG/left_2026_08_31_19_27_14_931.jpg,/Users/martin/smart-technologies-ca2/data_track2_recovery/IMG/right_2026_08_31_19_27_14_931.jpg,0,1,0,17.44737
/Users/martin/smart-technologies-ca2/data_track2_recovery/IMG/center_2026_08_31_19_27_15_001.jpg,/Users/martin/smart-technologies-ca2/data_track2_recovery/IMG/left_2026_08_31_19_27_15_001.jpg,/Users/martin/smart-technologies-ca2/data_track2_recovery/IMG/right_2026_08_31_19_27_15_001.jpg,0,1,0,17.86716
/Users/martin/smart-technologies-ca2/data_track2_recovery/IMG/center_2026_08_31_19_27_15_069.jpg,/Users/martin/smart-technologies-ca2/data_track2_recovery/IMG/left_2026_08_31_19_27_15_069.jpg,/Users/martin/smart-technologies-ca2/data_track2_recovery/IMG/right_2026_08_31_19_27_15_069.jpg,0,1,0,18.25171
/Users/martin/smart-technologies-ca2/data_track2_recovery/IMG/center_2026_08_31_19_27_15_136.jpg,/Users/martin/smart-technologies-ca2/data_track2_recovery/IMG/left_2026_08_31_19_27_15_136.jpg,/Users/martin/smart-technologies-ca2/data_track2_recovery/IMG/right_2026_08_31_19_27_15_136.jpg,0,1,0,18.69719
/Users/martin/smart-technologies-ca2/data_track2_recovery/IMG/center_2026_08_31_19_27_15_204.jpg,/Users/martin/smart-technologies-ca2/data_track2_recovery/IMG/left_2026_08_31_19_27_15_204.jpg,/Users/martin/smart-technologies-ca2/data_track2_recovery/IMG/right_2026_08_31_19_27_15_204.jpg,-0.1,1,0,19.14011
/Users/martin/smart-technologies-ca2/data_track2_recovery/IMG/center_2026_08_31_19_27_15_272.jpg,/Users/martin/smart-technologies-ca2/data_track2_recovery/IMG/left_2026_08_31_19_27_15_272.jpg,/Users/martin/smart-technologies-ca2/data_track2_recovery/IMG/right_2026_08_31_19_27_15_272.jpg,-0.25,1,0,19.49962
/Users/martin/smart-technologies-ca2/data_track2_recovery/IMG/center_2026_08_31_19_27_15_342.jpg,/Users/martin/smart-technologies-ca2/data_track2_recovery/IMG/left_2026_08_31_19_27_15_342.jpg,/Users/martin/smart-technologies-ca2/data_track2_recovery/IMG/right_2026_08_31_19_27_15_342.jpg,0,1,0,19.82084
/Users/martin/smart-technologies-ca2/data_track2_recovery/IMG/center_2026_08_31_19_27_15_409.jpg,/Users/martin/smart-technologies-ca2/data_track2_recovery/IMG/left_2026_08_31_19_27_15_409.jpg,/Users/martin/smart-technologies-ca2/data_track2_recovery/IMG/right_2026_08_31_19_27_15_409.jpg,0,1,0,19.98189
/Users/martin/smart-technologies-ca2/data_track2_recovery/IMG/center_2026_08_31_19_27_15_476.jpg,/Users/martin/smart-technologies-ca2/data_track2_recovery/IMG/left_2026_08_31_19_27_15_476.jpg,/Users/martin/smart-technologies-ca2/data_track2_recovery/IMG/right_2026_08_31_19_27_15_476.jpg,0,1,0,20.36566
/Users/martin/smart-technologies-ca2/data_track2_recovery/IMG/center_2026_08_31_19_27_15_545.jpg,/Users/martin/smart-technologies-ca2/data_track2_recovery/IMG/left_2026_08_31_19_27_15_545.jpg,/Users/martin/smart-technologies-ca2/data_track2_recovery/IMG/right_2026_08_31_19_27_15_545.jpg,0,1,0,20.69024
/Users/martin/smart-technologies-ca2/data_track2_recovery/IMG/center_2026_08_31_19_27_15_612.jpg,/Users/martin/smart-technologies-ca2/data_track2_recovery/IMG/left_2026_08_31_19_27_15_612.jpg,/Users/martin/smart-technologies-ca2/data_track2_recovery/IMG/right_2026_08_31_19_27_15_612.jpg,-0.05,1,0,20.8516
/Users/martin/smart-technologies-ca2/data_track2_recovery/IMG/center_2026_08_31_19_27_15_680.jpg,/Users/martin/smart-technologies-ca2/data_track2_recovery/IMG/left_2026_08_31_19_27_15_680.jpg,/Users/martin/smart-technologies-ca2/data_track2_recovery/IMG/right_2026_08_31_19_27_15_680.jpg,-0.25,1,0,21.19793
/Users/martin/smart-technologies-ca2/data_track2_recovery/IMG/center_2026_08_31_19_27_15_747.jpg,/Users/martin/smart-technologies-ca2/data_track2_recovery/IMG/left_2026_08_31_19_27_15_747.jpg,/Users/martin/smart-technologies-ca2/data_track2_recovery/IMG/right_2026_08_31_19_27_15_747.jpg,-0.4,1,0,21.30545
/Users/martin/smart-technologies-ca2/data_track2_recovery/IMG/center_2026_08_31_19_27_15_814.jpg,/Users/martin/smart-technologies-ca2/data_track2_recovery/IMG/left_2026_08_31_19_27_15_814.jpg,/Users/martin/smart-technologies-ca2/data_track2_recovery/IMG/right_2026_08_31_19_27_15_814.jpg,-0.5500001,1,0,21.29066
/Users/martin/smart-technologies-ca2/data_track2_recovery/IMG/center_2026_08_31_19_27_15_883.jpg,/Users/martin/smart-technologies-ca2/data_track2_recovery/IMG/left_2026_08_31_19_27_15_883.jpg,/Users/martin/smart-technologies-ca2/data_track2_recovery/IMG/right_2026_08_31_19_27_15_883.jpg,0,1,0,21.27655
/Users/martin/smart-technologies-ca2/data_track2_recovery/IMG/center_2026_08_31_19_27_15_953.jpg,/Users/martin/smart-technologies-ca2/data_track2_recovery/IMG/left_2026_08_31_19_27_15_953.jpg,/Users/martin/smart-technologies-ca2/data_track2_recovery/IMG/right_2026_08_31_19_27_15_953.jpg,0,1,0,21.20957
/Users/martin/smart-technologies-ca2/data_track2_recovery/IMG/center_2026_08_31_19_27_16_022.jpg,/Users/martin/smart-technologies-ca2/data_track2_recovery/IMG/left_2026_08_31_19_27_16_022.jpg,/Users/martin/smart-technologies-ca2/data_track2_recovery/IMG/right_2026_08_31_19_27_16_022.jpg,0,1,0,21.42907
/Users/martin/smart-technologies-ca2/data_track2_recovery/IMG/center_2026_08_31_19_27_16_091.jpg,/Users/martin/smart-technologies-ca2/data_track2_recovery/IMG/left_2026_08_31_19_27_16_091.jpg,/Users/martin/smart-technologies-ca2/data_track2_recovery/IMG/right_2026_08_31_19_27_16_091.jpg,-0.15,1,0,21.76194
/Users/martin/smart-technologies-ca2/data_track2_recovery/IMG/center_2026_08_31_19_27_16_160.jpg,/Users/martin/smart-technologies-ca2/data_track2_recovery/IMG/left_2026_08_31_19_27_16_160.jpg,/Users/martin/smart-technologies-ca2/data_track2_recovery/IMG/right_2026_08_31_19_27_16_160.jpg,-0.35,1,0,21.48838
/Users/martin/smart-technologies-ca2/data_track2_recovery/IMG/center_2026_08_31_19_27_16_227.jpg,/Users/martin/smart-technologies-ca2/data_track2_recovery/IMG/left_2026_08_31_19_27_16_227.jpg,/Users/martin/smart-technologies-ca2/data_track2_recovery/IMG/right_2026_08_31_19_27_16_227.jpg,-0.5000001,1,0,21.37678
/Users/martin/smart-technologies-ca2/data_track2_recovery/IMG/center_2026_08_31_19_27_16_295.jpg,/Users/martin/smart-technologies-ca2/data_track2_recovery/IMG/left_2026_08_31_19_27_16_295.jpg,/Users/martin/smart-technologies-ca2/data_track2_recovery/IMG/right_2026_08_31_19_27_16_295.jpg,0,1,0,21.52924
/Users/martin/smart-technologies-ca2/data_track2_recovery/IMG/center_2026_08_31_19_27_16_362.jpg,/Users/martin/smart-technologies-ca2/data_track2_recovery/IMG/left_2026_08_31_19_27_16_362.jpg,/Users/martin/smart-technologies-ca2/data_track2_recovery/IMG/right_2026_08_31_19_27_16_362.jpg,0.2,1,0,22.21156
/Users/martin/smart-technologies-ca2/data_track2_recovery/IMG/center_2026_08_31_19_27_16_429.jpg,/Users/martin/smart-technologies-ca2/data_track2_recovery/IMG/left_2026_08_31_19_27_16_429.jpg,/Users/martin/smart-technologies-ca2/data_track2_recovery/IMG/right_2026_08_31_19_27_16_429.jpg,0.35,1,0,22.70331
/Users/martin/smart-technologies-ca2/data_track2_recovery/IMG/center_2026_08_31_19_27_16_498.jpg,/Users/martin/smart-technologies-ca2/data_track2_recovery/IMG/left_2026_08_31_19_27_16_498.jpg,/Users/martin/smart-technologies-ca2/data_track2_recovery/IMG/right_2026_08_31_19_27_16_498.jpg,0,1,0,23.19247
/Users/martin/smart-technologies-ca2/data_track2_recovery/IMG/center_2026_08_31_19_27_16_566.jpg,/Users/martin/smart-technologies-ca2/data_track2_recovery/IMG/left_2026_08_31_19_27_16_566.jpg,/Users/martin/smart-technologies-ca2/data_track2_recovery/IMG/right_2026_08_31_19_27_16_566.jpg,0,1,0,23.85533
/Users/martin/smart-technologies-ca2/data_track2_recovery/IMG/center_2026_08_31_19_27_16_636.jpg,/Users/martin/smart-technologies-ca2/data_track2_recovery/IMG/left_2026_08_31_19_27_16_636.jpg,/Users/martin/smart-technologies-ca2/data_track2_recovery/IMG/right_2026_08_31_19_27_16_636.jpg,0.1,1,0,24.45322
/Users/martin/smart-technologies-ca2/data_track2_recovery/IMG/center_2026_08_31_19_27_16_705.jpg,/Users/martin/smart-technologies-ca2/data_track2_recovery/IMG/left_2026_08_31_19_27_16_705.jpg,/Users/martin/smart-technologies-ca2/data_track2_recovery/IMG/right_2026_08_31_19_27_16_705.jpg,0.3,1,0,25.35713
/Users/martin/smart-technologies-ca2/data_track2_recovery/IMG/center_2026_08_31_19_27_16_774.jpg,/Users/martin/smart-technologies-ca2/data_track2_recovery/IMG/left_2026_08_31_19_27_16_774.jpg,/Users/martin/smart-technologies-ca2/data_track2_recovery/IMG/right_2026_08_31_19_27_16_774.jpg,0,1,0,26.2043
/Users/martin/smart-technologies-ca2/data_track2_recovery/IMG/center_2026_08_31_19_27_16_843.jpg,/Users/martin/smart-technologies-ca2/data_track2_recovery/IMG/left_2026_08_31_19_27_16_843.jpg,/Users/martin/smart-technologies-ca2/data_track2_recovery/IMG/right_2026_08_31_19_27_16_843.jpg,0,1,0,27.72602
/Users/martin/smart-technologies-ca2/data_track2_recovery/IMG/center_2026_08_31_19_27_16_911.jpg,/Users/martin/smart-technologies-ca2/data_track2_recovery/IMG/left_2026_08_31_19_27_16_911.jpg,/Users/martin/smart-technologies-ca2/data_track2_recovery/IMG/right_2026_08_31_19_27_16_911.jpg,0,1,0,28.18048
/Users/martin/smart-technologies-ca2/data_track2_recovery/IMG/center_2026_08_31_19_27_16_978.jpg,/Users/martin/smart-technologies-ca2/data_track2_recovery/IMG/left_2026_08_31_19_27_16_978.jpg,/Users/martin/smart-technologies-ca2/data_track2_recovery/IMG/right_2026_08_31_19_27_16_978.jpg,0,1,0,28.7571
/Users/martin/smart-technologies-ca2/data_track2_recovery/IMG/center_2026_08_31_19_27_17_045.jpg,/Users/martin/smart-technologies-ca2/data_track2_recovery/IMG/left_2026_08_31_19_27_17_045.jpg,/Users/martin/smart-technologies-ca2/data_track2_recovery/IMG/right_2026_08_31_19_27_17_045.jpg,0.05,1,0,29.24015
/Users/martin/smart-technologies-ca2/data_track2_recovery/IMG/center_2026_08_31_19_27_17_114.jpg,/Users/martin/smart-technologies-ca2/data_track2_recovery/IMG/left_2026_08_31_19_27_17_114.jpg,/Users/martin/smart-technologies-ca2/data_track2_recovery/IMG/right_2026_08_31_19_27_17_114.jpg,0.2,1,0,29.74723
/Users/martin/smart-technologies-ca2/data_track2_recovery/IMG/center_2026_08_31_19_27_17_182.jpg,/Users/martin/smart-technologies-ca2/data_track2_recovery/IMG/left_2026_08_31_19_27_17_182.jpg,/Users/martin/smart-technologies-ca2/data_track2_recovery/IMG/right_2026_08_31_19_27_17_182.jpg,0.4,1,0,30.15862
/Users/martin/smart-technologies-ca2/data_track2_recovery/IMG/center_2026_08_31_19_27_17_249.jpg,/Users/martin/smart-technologies-ca2/data_track2_recovery/IMG/left_2026_08_31_19_27_17_249.jpg,/Users/martin/smart-technologies-ca2/data_track2_recovery/IMG/right_2026_08_31_19_27_17_249.jpg,0.5500001,1,0,30.13953
/Users/martin/smart-technologies-ca2/data_track2_recovery/IMG/center_2026_08_31_19_27_17_317.jpg,/Users/martin/smart-technologies-ca2/data_track2_recovery/IMG/left_2026_08_31_19_27_17_317.jpg,/Users/martin/smart-technologies-ca2/data_track2_recovery/IMG/right_2026_08_31_19_27_17_317.jpg,0,1,0,30.17028
/Users/martin/smart-technologies-ca2/data_track2_recovery/IMG/center_2026_08_31_19_27_17_386.jpg,/Users/martin/smart-technologies-ca2/data_track2_recovery/IMG/left_2026_08_31_19_27_17_386.jpg,/Users/martin/smart-technologies-ca2/data_track2_recovery/IMG/right_2026_08_31_19_27_17_386.jpg,0,1,0,30.18612
/Users/martin/smart-technologies-ca2/data_track2_recovery/IMG/center_2026_08_31_19_27_17_453.jpg,/Users/martin/smart-technologies-ca2/data_track2_recovery/IMG/left_2026_08_31_19_27_17_453.jpg,/Users/martin/smart-technologies-ca2/data_track2_recovery/IMG/right_2026_08_31_19_27_17_453.jpg,0.1,1,0,30.19119
/Users/martin/smart-technologies-ca2/data_track2_recovery/IMG/center_2026_08_31_19_27_17_520.jpg,/Users/martin/smart-technologies-ca2/data_track2_recovery/IMG/left_2026_08_31_19_27_17_520.jpg,/Users/martin/smart-technologies-ca2/data_track2_recovery/IMG/right_2026_08_31_19_27_17_520.jpg,0.3,1,0,30.17669
/Users/martin/smart-technologies-ca2/data_track2_recovery/IMG/center_2026_08_31_19_27_17_588.jpg,/Users/martin/smart-technologies-ca2/data_track2_recovery/IMG/left_2026_08_31_19_27_17_588.jpg,/Users/martin/smart-technologies-ca2/data_track2_recovery/IMG/right_2026_08_31_19_27_17_588.jpg,0.45,1,0,30.15746
/Users/martin/smart-technologies-ca2/data_track2_recovery/IMG/center_2026_08_31_19_27_17_655.jpg,/Users/martin/smart-technologies-ca2/data_track2_recovery/IMG/left_2026_08_31_19_27_17_655.jpg,/Users/martin/smart-technologies-ca2/data_track2_recovery/IMG/right_2026_08_31_19_27_17_655.jpg,0.6000001,1,0,30.13749
/Users/martin/smart-technologies-ca2/data_track2_recovery/IMG/center_2026_08_31_19_27_17_724.jpg,/Users/martin/smart-technologies-ca2/data_track2_recovery/IMG/left_2026_08_31_19_27_17_724.jpg,/Users/martin/smart-technologies-ca2/data_track2_recovery/IMG/right_2026_08_31_19_27_17_724.jpg,0.8000001,1,0,30.11226
/Users/martin/smart-technologies-ca2/data_track2_recovery/IMG/center_2026_08_31_19_27_17_792.jpg,/Users/martin/smart-technologies-ca2/data_track2_recovery/IMG/left_2026_08_31_19_27_17_792.jpg,/Users/martin/smart-technologies-ca2/data_track2_recovery/IMG/right_2026_08_31_19_27_17_792.jpg,0.9500002,1,0,30.09785
/Users/martin/smart-technologies-ca2/data_track2_recovery/IMG/center_2026_08_31_19_27_17_860.jpg,/Users/martin/smart-technologies-ca2/data_track2_recovery/IMG/left_2026_08_31_19_27_17_860.jpg,/Users/martin/smart-technologies-ca2/data_track2_recovery/IMG/right_2026_08_31_19_27_17_860.jpg,1,1,0,30.10792
/Users/martin/smart-technologies-ca2/data_track2_recovery/IMG/center_2026_08_31_19_27_17_928.jpg,/Users/martin/smart-technologies-ca2/data_track2_recovery/IMG/left_2026_08_31_19_27_17_928.jpg,/Users/martin/smart-technologies-ca2/data_track2_recovery/IMG/right_2026_08_31_19_27_17_928.jpg,0,1,0,30.17926
/Users/martin/smart-technologies-ca2/data_track2_recovery/IMG/center_2026_08_31_19_27_17_996.jpg,/Users/martin/smart-technologies-ca2/data_track2_recovery/IMG/left_2026_08_31_19_27_17_996.jpg,/Users/martin/smart-technologies-ca2/data_track2_recovery/IMG/right_2026_08_31_19_27_17_996.jpg,0,1,0,30.16406
/Users/martin/smart-technologies-ca2/data_track2_recovery/IMG/center_2026_08_31_19_27_18_063.jpg,/Users/martin/smart-technologies-ca2/data_track2_recovery/IMG/left_2026_08_31_19_27_18_063.jpg,/Users/martin/smart-technologies-ca2/data_track2_recovery/IMG/right_2026_08_31_19_27_18_063.jpg,0,1,0,30.18039
/Users/martin/smart-technologies-ca2/data_track2_recovery/IMG/center_2026_08_31_19_27_18_130.jpg,/Users/martin/smart-technologies-ca2/data_track2_recovery/IMG/left_2026_08_31_19_27_18_130.jpg,/Users/martin/smart-technologies-ca2/data_track2_recovery/IMG/right_2026_08_31_19_27_18_130.jpg,0,1,0,30.18804
/Users/martin/smart-technologies-ca2/data_track2_recovery/IMG/center_2026_08_31_19_27_18_197.jpg,/Users/martin/smart-technologies-ca2/data_track2_recovery/IMG/left_2026_08_31_19_27_18_197.jpg,/Users/martin/smart-technologies-ca2/data_track2_recovery/IMG/right_2026_08_31_19_27_18_197.jpg,0.05,1,0,30.19051
/Users/martin/smart-technologies-ca2/data_track2_recovery/IMG/center_2026_08_31_19_27_18_266.jpg,/Users/martin/smart-technologies-ca2/data_track2_recovery/IMG/left_2026_08_31_19_27_18_266.jpg,/Users/martin/smart-technologies-ca2/data_track2_recovery/IMG/right_2026_08_31_19_27_18_266.jpg,0.25,1,0,30.18073
/Users/martin/smart-technologies-ca2/data_track2_recovery/IMG/center_2026_08_31_19_27_18_336.jpg,/Users/martin/smart-technologies-ca2/data_track2_recovery/IMG/left_2026_08_31_19_27_18_336.jpg,/Users/martin/smart-technologies-ca2/data_track2_recovery/IMG/right_2026_08_31_19_27_18_336.jpg,0,1,0,30.18537
/Users/martin/smart-technologies-ca2/data_track2_recovery/IMG/center_2026_08_31_19_27_18_403.jpg,/Users/martin/smart-technologies-ca2/data_track2_recovery/IMG/left_2026_08_31_19_27_18_403.jpg,/Users/martin/smart-technologies-ca2/data_track2_recovery/IMG/right_2026_08_31_19_27_18_403.jpg,0,1,0,30.18982
/Users/martin/smart-technologies-ca2/data_track2_recovery/IMG/center_2026_08_31_19_27_18_472.jpg,/Users/martin/smart-technologies-ca2/data_track2_recovery/IMG/left_2026_08_31_19_27_18_472.jpg,/Users/martin/smart-technologies-ca2/data_track2_recovery/IMG/right_2026_08_31_19_27_18_472.jpg,0,1,0,30.19036
/Users/martin/smart-technologies-ca2/data_track2_recovery/IMG/center_2026_08_31_19_27_18_539.jpg,/Users/martin/smart-technologies-ca2/data_track2_recovery/IMG/left_2026_08_31_19_27_18_539.jpg,/Users/martin/smart-technologies-ca2/data_track2_recovery/IMG/right_2026_08_31_19_27_18_539.jpg,0,1,0,30.19022
/Users/martin/smart-technologies-ca2/data_track2_recovery/IMG/center_2026_08_31_19_27_18_606.jpg,/Users/martin/smart-technologies-ca2/data_track2_recovery/IMG/left_2026_08_31_19_27_18_606.jpg,/Users/martin/smart-technologies-ca2/data_track2_recovery/IMG/right_2026_08_31_19_27_18_606.jpg,0,1,0,30.19029
/Users/martin/smart-technologies-ca2/data_track2_recovery/IMG/center_2026_08_31_19_27_18_674.jpg,/Users/martin/smart-technologies-ca2/data_track2_recovery/IMG/left_2026_08_31_19_27_18_674.jpg,/Users/martin/smart-technologies-ca2/data_track2_recovery/IMG/right_2026_08_31_19_27_18_674.jpg,0.05,1,0,30.18977
/Users/martin/smart-technologies-ca2/data_track2_recovery/IMG/center_2026_08_31_19_27_18_742.jpg,/Users/martin/smart-technologies-ca2/data_track2_recovery/IMG/left_2026_08_31_19_27_18_742.jpg,/Users/martin/smart-technologies-ca2/data_track2_recovery/IMG/right_2026_08_31_19_27_18_742.jpg,0.25,1,0,30.17507
/Users/martin/smart-technologies-ca2/data_track2_recovery/IMG/center_2026_08_31_19_27_18_811.jpg,/Users/martin/smart-technologies-ca2/data_track2_recovery/IMG/left_2026_08_31_19_27_18_811.jpg,/Users/martin/smart-technologies-ca2/data_track2_recovery/IMG/right_2026_08_31_19_27_18_811.jpg,0,1,0,30.18336
/Users/martin/smart-technologies-ca2/data_track2_recovery/IMG/center_2026_08_31_19_27_18_878.jpg,/Users/martin/smart-technologies-ca2/data_track2_recovery/IMG/left_2026_08_31_19_27_18_878.jpg,/Users/martin/smart-technologies-ca2/data_track2_recovery/IMG/right_2026_08_31_19_27_18_878.jpg,0,1,0,30.18964
/Users/martin/smart-technologies-ca2/data_track2_recovery/IMG/center_2026_08_31_19_27_18_944.jpg,/Users/martin/smart-technologies-ca2/data_track2_recovery/IMG/left_2026_08_31_19_27_18_944.jpg,/Users/martin/smart-technologies-ca2/data_track2_recovery/IMG/right_2026_08_31_19_27_18_944.jpg,0,1,0,30.18982
/Users/martin/smart-technologies-ca2/data_track2_recovery/IMG/center_2026_08_31_19_27_19_013.jpg,/Users/martin/smart-technologies-ca2/data_track2_recovery/IMG/left_2026_08_31_19_27_19_013.jpg,/Users/martin/smart-technologies-ca2/data_track2_recovery/IMG/right_2026_08_31_19_27_19_013.jpg,0,1,0,30.19028
/Users/martin/smart-technologies-ca2/data_track2_recovery/IMG/center_2026_08_31_19_27_19_080.jpg,/Users/martin/smart-technologies-ca2/data_track2_recovery/IMG/left_2026_08_31_19_27_19_080.jpg,/Users/martin/smart-technologies-ca2/data_track2_recovery/IMG/right_2026_08_31_19_27_19_080.jpg,0,1,0,30.19032
/Users/martin/smart-technologies-ca2/data_track2_recovery/IMG/center_2026_08_31_19_27_19_149.jpg,/Users/martin/smart-technologies-ca2/data_track2_recovery/IMG/left_2026_08_31_19_27_19_149.jpg,/Users/martin/smart-technologies-ca2/data_track2_recovery/IMG/right_2026_08_31_19_27_19_149.jpg,0,1,0,30.19029
/Users/martin/smart-technologies-ca2/data_track2_recovery/IMG/center_2026_08_31_19_27_19_220.jpg,/Users/martin/smart-technologies-ca2/data_track2_recovery/IMG/left_2026_08_31_19_27_19_220.jpg,/Users/martin/smart-technologies-ca2/data_track2_recovery/IMG/right_2026_08_31_19_27_19_220.jpg,0.15,1,0,30.18449
/Users/martin/smart-technologies-ca2/data_track2_recovery/IMG/center_2026_08_31_19_27_19_288.jpg,/Users/martin/smart-technologies-ca2/data_track2_recovery/IMG/left_2026_08_31_19_27_19_288.jpg,/Users/martin/smart-technologies-ca2/data_track2_recovery/IMG/right_2026_08_31_19_27_19_288.jpg,0.3,1,0,30.16945
/Users/martin/smart-technologies-ca2/data_track2_recovery/IMG/center_2026_08_31_19_27_19_355.jpg,/Users/martin/smart-technologies-ca2/data_track2_recovery/IMG/left_2026_08_31_19_27_19_355.jpg,/Users/martin/smart-technologies-ca2/data_track2_recovery/IMG/right_2026_08_31_19_27_19_355.jpg,0.45,1,0,30.15176
/Users/martin/smart-technologies-ca2/data_track2_recovery/IMG/center_2026_08_31_19_27_19_422.jpg,/Users/martin/smart-technologies-ca2/data_track2_recovery/IMG/left_2026_08_31_19_27_19_422.jpg,/Users/martin/smart-technologies-ca2/data_track2_recovery/IMG/right_2026_08_31_19_27_19_422.jpg,0,1,0,30.18842
/Users/martin/smart-technologies-ca2/data_track2_recovery/IMG/center_2026_08_31_19_27_19_491.jpg,/Users/martin/smart-technologies-ca2/data_track2_recovery/IMG/left_2026_08_31_19_27_19_491.jpg,/Users/martin/smart-technologies-ca2/data_track2_recovery/IMG/right_2026_08_31_19_27_19_491.jpg,0,1,0,30.18965
/Users/martin/smart-technologies-ca2/data_track2_recovery/IMG/center_2026_08_31_19_27_19_558.jpg,/Users/martin/smart-technologies-ca2/data_track2_recovery/IMG/left_2026_08_31_19_27_19_558.jpg,/Users/martin/smart-technologies-ca2/data_track2_recovery/IMG/right_2026_08_31_19_27_19_558.jpg,0,1,0,30.19015
/Users/martin/smart-technologies-ca2/data_track2_recovery/IMG/center_2026_08_31_19_27_19_625.jpg,/Users/martin/smart-technologies-ca2/data_track2_recovery/IMG/left_2026_08_31_19_27_19_625.jpg,/Users/martin/smart-technologies-ca2/data_track2_recovery/IMG/right_2026_08_31_19_27_19_625.jpg,0.15,1,0,30.18597
/Users/martin/smart-technologies-ca2/data_track2_recovery/IMG/center_2026_08_31_19_27_19_694.jpg,/Users/martin/smart-technologies-ca2/data_track2_recovery/IMG/left_2026_08_31_19_27_19_694.jpg,/Users/martin/smart-technologies-ca2/data_track2_recovery/IMG/right_2026_08_31_19_27_19_694.jpg,0.3,1,0,30.17123
/Users/martin/smart-technologies-ca2/data_track2_recovery/IMG/center_2026_08_31_19_27_19_761.jpg,/Users/martin/smart-technologies-ca2/data_track2_recovery/IMG/left_2026_08_31_19_27_19_761.jpg,/Users/martin/smart-technologies-ca2/data_track2_recovery/IMG/right_2026_08_31_19_27_19_761.jpg,0,1,0,30.18011
/Users/martin/smart-technologies-ca2/data_track2_recovery/IMG/center_2026_08_31_19_27_19_828.jpg,/Users/martin/smart-technologies-ca2/data_track2_recovery/IMG/left_2026_08_31_19_27_19_828.jpg,/Users/martin/smart-technologies-ca2/data_track2_recovery/IMG/right_2026_08_31_19_27_19_828.jpg,0,1,0,30.18835
/Users/martin/smart-technologies-ca2/data_track2_recovery/IMG/center_2026_08_31_19_27_19_897.jpg,/Users/martin/smart-technologies-ca2/data_track2_recovery/IMG/left_2026_08_31_19_27_19_897.jpg,/Users/martin/smart-technologies-ca2/data_track2_recovery/IMG/right_2026_08_31_19_27_19_897.jpg,0,1,0,30.18966
/Users/martin/smart-technologies-ca2/data_track2_recovery/IMG/center_2026_08_31_19_27_19_964.jpg,/Users/martin/smart-technologies-ca2/data_track2_recovery/IMG/left_2026_08_31_19_27_19_964.jpg,/Users/martin/smart-technologies-ca2/data_track2_recovery/IMG/right_2026_08_31_19_27_19_964.jpg,0.2,1,0,30.18365
/Users/martin/smart-technologies-ca2/data_track2_recovery/IMG/center_2026_08_31_19_27_20_033.jpg,/Users/martin/smart-technologies-ca2/data_track2_recovery/IMG/left_2026_08_31_19_27_20_033.jpg,/Users/martin/smart-technologies-ca2/data_track2_recovery/IMG/right_2026_08_31_19_27_20_033.jpg,0.35,1,0,30.16702
/Users/martin/smart-technologies-ca2/data_track2_recovery/IMG/center_2026_08_31_19_27_20_100.jpg,/Users/martin/smart-technologies-ca2/data_track2_recovery/IMG/left_2026_08_31_19_27_20_100.jpg,/Users/martin/smart-technologies-ca2/data_track2_recovery/IMG/right_2026_08_31_19_27_20_100.jpg,0.5500001,1,0,30.14178
/Users/martin/smart-technologies-ca2/data_track2_recovery/IMG/center_2026_08_31_19_27_20_167.jpg,/Users/martin/smart-technologies-ca2/data_track2_recovery/IMG/left_2026_08_31_19_27_20_167.jpg,/Users/martin/smart-technologies-ca2/data_track2_recovery/IMG/right_2026_08_31_19_27_20_167.jpg,0.7,1,0,30.12275
/Users/martin/smart-technologies-ca2/data_track2_recovery/IMG/center_2026_08_31_19_27_20_234.jpg,/Users/martin/smart-technologies-ca2/data_track2_recovery/IMG/left_2026_08_31_19_27_20_234.jpg,/Users/martin/smart-technologies-ca2/data_track2_recovery/IMG/right_2026_08_31_19_27_20_234.jpg,0.8500001,1,0,30.10639
/Users/martin/smart-technologies-ca2/data_track2_recovery/IMG/center_2026_08_31_19_27_20_303.jpg,/Users/martin/smart-technologies-ca2/data_track2_recovery/IMG/left_2026_08_31_19_27_20_303.jpg,/Users/martin/smart-technologies-ca2/data_track2_recovery/IMG/right_2026_08_31_19_27_20_303.jpg,0,1,0,30.17519
/Users/martin/smart-technologies-ca2/data_track2_recovery/IMG/center_2026_08_31_19_27_20_372.jpg,/Users/martin/smart-technologies-ca2/data_track2_recovery/IMG/left_2026_08_31_19_27_20_372.jpg,/Users/martin/smart-technologies-ca2/data_track2_recovery/IMG/right_2026_08_31_19_27_20_372.jpg,0,1,0,30.18648
/Users/martin/smart-technologies-ca2/data_track2_recovery/IMG/center_2026_08_31_19_27_20_440.jpg,/Users/martin/smart-technologies-ca2/data_track2_recovery/IMG/left_2026_08_31_19_27_20_440.jpg,/Users/martin/smart-technologies-ca2/data_track2_recovery/IMG/right_2026_08_31_19_27_20_440.jpg,0.2,1,0,30.18838
/Users/martin/smart-technologies-ca2/data_track2_recovery/IMG/center_2026_08_31_19_27_20_509.jpg,/Users/martin/smart-technologies-ca2/data_track2_recovery/IMG/left_2026_08_31_19_27_20_509.jpg,/Users/martin/smart-technologies-ca2/data_track2_recovery/IMG/right_2026_08_31_19_27_20_509.jpg,0,1,0,30.18843
/Users/martin/smart-technologies-ca2/data_track2_recovery/IMG/center_2026_08_31_19_27_20_579.jpg,/Users/martin/smart-technologies-ca2/data_track2_recovery/IMG/left_2026_08_31_19_27_20_579.jpg,/Users/martin/smart-technologies-ca2/data_track2_recovery/IMG/right_2026_08_31_19_27_20_579.jpg,0,1,0,30.19002
/Users/martin/smart-technologies-ca2/data_track2_recovery/IMG/center_2026_08_31_19_27_20_648.jpg,/Users/martin/smart-technologies-ca2/data_track2_recovery/IMG/left_2026_08_31_19_27_20_648.jpg,/Users/martin/smart-technologies-ca2/data_track2_recovery/IMG/right_2026_08_31_19_27_20_648.jpg,0,1,0,30.19031
/Users/martin/smart-technologies-ca2/data_track2_recovery/IMG/center_2026_08_31_19_27_20_717.jpg,/Users/martin/smart-technologies-ca2/data_track2_recovery/IMG/left_2026_08_31_19_27_20_717.jpg,/Users/martin/smart-technologies-ca2/data_track2_recovery/IMG/right_2026_08_31_19_27_20_717.jpg,0,1,0,30.19031
/Users/martin/smart-technologies-ca2/data_track2_recovery/IMG/center_2026_08_31_19_27_20_784.jpg,/Users/martin/smart-technologies-ca2/data_track2_recovery/IMG/left_2026_08_31_19_27_20_784.jpg,/Users/martin/smart-technologies-ca2/data_track2_recovery/IMG/right_2026_08_31_19_27_20_784.jpg,0,1,0,30.19033
/Users/martin/smart-technologies-ca2/data_track2_recovery/IMG/center_2026_08_31_19_27_20_854.jpg,/Users/martin/smart-technologies-ca2/data_track2_recovery/IMG/left_2026_08_31_19_27_20_854.jpg,/Users/martin/smart-technologies-ca2/data_track2_recovery/IMG/right_2026_08_31_19_27_20_854.jpg,0,1,0,30.19034
/Users/martin/smart-technologies-ca2/data_track2_recovery/IMG/center_2026_08_31_19_27_20_923.jpg,/Users/martin/smart-technologies-ca2/data_track2_recovery/IMG/left_2026_08_31_19_27_20_923.jpg,/Users/martin/smart-technologies-ca2/data_track2_recovery/IMG/right_2026_08_31_19_27_20_923.jpg,-0.05,1,0,30.18981
/Users/martin/smart-technologies-ca2/data_track2_recovery/IMG/center_2026_08_31_19_27_20_989.jpg,/Users/martin/smart-technologies-ca2/data_track2_recovery/IMG/left_2026_08_31_19_27_20_989.jpg,/Users/martin/smart-technologies-ca2/data_track2_recovery/IMG/right_2026_08_31_19_27_20_989.jpg,-0.2,1,0,30.17988
/Users/martin/smart-technologies-ca2/data_track2_recovery/IMG/center_2026_08_31_19_27_21_056.jpg,/Users/martin/smart-technologies-ca2/data_track2_recovery/IMG/left_2026_08_31_19_27_21_056.jpg,/Users/martin/smart-technologies-ca2/data_track2_recovery/IMG/right_2026_08_31_19_27_21_056.jpg,0,1,0,30.19094
/Users/martin/smart-technologies-ca2/data_track2_recovery/IMG/center_2026_08_31_19_27_21_123.jpg,/Users/martin/smart-technologies-ca2/data_track2_recovery/IMG/left_2026_08_31_19_27_21_123.jpg,/Users/martin/smart-technologies-ca2/data_track2_recovery/IMG/right_2026_08_31_19_27_21_123.jpg,0,1,0,30.19008
/Users/martin/smart-technologies-ca2/data_track2_recovery/IMG/center_2026_08_31_19_27_21_191.jpg,/Users/martin/smart-technologies-ca2/data_track2_recovery/IMG/left_2026_08_31_19_27_21_191.jpg,/Users/martin/smart-technologies-ca2/data_track2_recovery/IMG/right_2026_08_31_19_27_21_191.jpg,0,1,0,30.19018
/Users/martin/smart-technologies-ca2/data_track2_recovery/IMG/center_2026_08_31_19_27_21_258.jpg,/Users/martin/smart-technologies-ca2/data_track2_recovery/IMG/left_2026_08_31_19_27_21_258.jpg,/Users/martin/smart-technologies-ca2/data_track2_recovery/IMG/right_2026_08_31_19_27_21_258.jpg,0,1,0,30.19025
/Users/martin/smart-technologies-ca2/data_track2_recovery/IMG/center_2026_08_31_19_27_21_326.jpg,/Users/martin/smart-technologies-ca2/data_track2_recovery/IMG/left_2026_08_31_19_27_21_326.jpg,/Users/martin/smart-technologies-ca2/data_track2_recovery/IMG/right_2026_08_31_19_27_21_326.jpg,0,0.9912041,0,30.1903
/Users/martin/smart-technologies-ca2/data_track2_recovery/IMG/center_2026_08_31_19_27_21_394.jpg,/Users/martin/smart-technologies-ca2/data_track2_recovery/IMG/left_2026_08_31_19_27_21_394.jpg,/Users/martin/smart-technologies-ca2/data_track2_recovery/IMG/right_2026_08_31_19_27_21_394.jpg,0,0.8110241,0,30.15663
/Users/martin/smart-technologies-ca2/data_track2_recovery/IMG/center_2026_08_31_19_27_21_464.jpg,/Users/martin/smart-technologies-ca2/data_track2_recovery/IMG/left_2026_08_31_19_27_21_464.jpg,/Users/martin/smart-technologies-ca2/data_track2_recovery/IMG/right_2026_08_31_19_27_21_464.jpg,0,0.5767632,0,30.09338
/Users/martin/smart-technologies-ca2/data_track2_recovery/IMG/center_2026_08_31_19_27_21_530.jpg,/Users/martin/smart-technologies-ca2/data_track2_recovery/IMG/left_2026_08_31_19_27_21_530.jpg,/Users/martin/smart-technologies-ca2/data_track2_recovery/IMG/right_2026_08_31_19_27_21_530.jpg,0,0.3933913,0,30.0473
/Users/martin/smart-technologies-ca2/data_track2_recovery/IMG/center_2026_08_31_19_27_21_600.jpg,/Users/martin/smart-technologies-ca2/data_track2_recovery/IMG/left_2026_08_31_19_27_21_600.jpg,/Users/martin/smart-technologies-ca2/data_track2_recovery/IMG/right_2026_08_31_19_27_21_600.jpg,0,0.432397,0,30.03809
/Users/martin/smart-technologies-ca2/data_track2_recovery/IMG/center_2026_08_31_19_27_21_666.jpg,/Users/martin/smart-technologies-ca2/data_track2_recovery/IMG/left_2026_08_31_19_27_21_666.jpg,/Users/martin/smart-technologies-ca2/data_track2_recovery/IMG/right_2026_08_31_19_27_21_666.jpg,0,0.609067,0,30.08037
/Users/martin/smart-technologies-ca2/data_track2_recovery/IMG/center_2026_08_31_19_27_21_736.jpg,/Users/martin/smart-technologies-ca2/data_track2_recovery/IMG/left_2026_08_31_19_27_21_736.jpg,/Users/martin/smart-technologies-ca2/data_track2_recovery/IMG/right_2026_08_31_19_27_21_736.jpg,0,0.7918062,0,30.12232
/Users/martin/smart-technologies-ca2/data_track2_recovery/IMG/center_2026_08_31_19_27_21_805.jpg,/Users/martin/smart-technologies-ca2/data_track2_recovery/IMG/left_2026_08_31_19_27_21_805.jpg,/Users/martin/smart-technologies-ca2/data_track2_recovery/IMG/right_2026_08_31_19_27_21_805.jpg,0,1,0,30.16546
/Users/martin/smart-technologies-ca2/data_track2_recovery/IMG/center_2026_08_31_19_27_21_872.jpg,/Users/martin/smart-technologies-ca2/data_track2_recovery/IMG/left_2026_08_31_19_27_21_872.jpg,/Users/martin/smart-technologies-ca2/data_track2_recovery/IMG/right_2026_08_31_19_27_21_872.jpg,0,1,0,30.1691
/Users/martin/smart-technologies-ca2/data_track2_recovery/IMG/center_2026_08_31_19_27_21_939.jpg,/Users/martin/smart-technologies-ca2/data_track2_recovery/IMG/left_2026_08_31_19_27_21_939.jpg,/Users/martin/smart-technologies-ca2/data_track2_recovery/IMG/right_2026_08_31_19_27_21_939.jpg,0.2,1,0,30.18587
/Users/martin/smart-technologies-ca2/data_track2_recovery/IMG/center_2026_08_31_19_27_22_008.jpg,/Users/martin/smart-technologies-ca2/data_track2_recovery/IMG/left_2026_08_31_19_27_22_008.jpg,/Users/martin/smart-technologies-ca2/data_track2_recovery/IMG/right_2026_08_31_19_27_22_008.jpg,0.35,1,0,30.21762
/Users/martin/smart-technologies-ca2/data_track2_recovery/IMG/center_2026_08_31_19_27_22_076.jpg,/Users/martin/smart-technologies-ca2/data_track2_recovery/IMG/left_2026_08_31_19_27_22_076.jpg,/Users/martin/smart-technologies-ca2/data_track2_recovery/IMG/right_2026_08_31_19_27_22_076.jpg,0.5000001,1,0,29.9981
/Users/martin/smart-technologies-ca2/data_track2_recovery/IMG/center_2026_08_31_19_27_22_143.jpg,/Users/martin/smart-technologies-ca2/data_track2_recovery/IMG/left_2026_08_31_19_27_22_143.jpg,/Users/martin/smart-technologies-ca2/data_track2_recovery/IMG/right_2026_08_31_19_27_22_143.jpg,0,1,0,30.13437
/Users/martin/smart-technologies-ca2/data_track2_recovery/IMG/center_2026_08_31_19_27_22_212.jpg,/Users/martin/smart-technologies-ca2/data_track2_recovery/IMG/left_2026_08_31_19_27_22_212.jpg,/Users/martin/smart-technologies-ca2/data_track2_recovery/IMG/right_2026_08_31_19_27_22_212.jpg,0,1,0,30.06995
/Users/martin/smart-technologies-ca2/data_track2_recovery/IMG/center_2026_08_31_19_27_22_281.jpg,/Users/martin/smart-technologies-ca2/data_track2_recovery/IMG/left_2026_08_31_19_27_22_281.jpg,/Users/martin/smart-technologies-ca2/data_track2_recovery/IMG/right_2026_08_31_19_27_22_281.jpg,0,1,0,30.16533
/Users/martin/smart-technologies-ca2/data_track2_recovery/IMG/center_2026_08_31_19_27_22_348.jpg,/Users/martin/smart-technologies-ca2/data_track2_recovery/IMG/left_2026_08_31_19_27_22_348.jpg,/Users/martin/smart-technologies-ca2/data_track2_recovery/IMG/right_2026_08_31_19_27_22_348.jpg,0.15,1,0,30.13763
/Users/martin/smart-technologies-ca2/data_track2_recovery/IMG/center_2026_08_31_19_27_22_416.jpg,/Users/martin/smart-technologies-ca2/data_track2_recovery/IMG/left_2026_08_31_19_27_22_416.jpg,/Users/martin/smart-technologies-ca2/data_track2_recovery/IMG/right_2026_08_31_19_27_22_416.jpg,0,1,0,30.29023
/Users/martin/smart-technologies-ca2/data_track2_recovery/IMG/center_2026_08_31_19_27_22_486.jpg,/Users/martin/smart-technologies-ca2/data_track2_recovery/IMG/left_2026_08_31_19_27_22_486.jpg,/Users/martin/smart-technologies-ca2/data_track2_recovery/IMG/right_2026_08_31_19_27_22_486.jpg,0,1,0,30.09679
/Users/martin/smart-technologies-ca2/data_track2_recovery/IMG/center_2026_08_31_19_27_22_553.jpg,/Users/martin/smart-technologies-ca2/data_track2_recovery/IMG/left_2026_08_31_19_27_22_553.jpg,/Users/martin/smart-technologies-ca2/data_track2_recovery/IMG/right_2026_08_31_19_27_22_553.jpg,0,1,0,30.23557
/Users/martin/smart-technologies-ca2/data_track2_recovery/IMG/center_2026_08_31_19_27_22_620.jpg,/Users/martin/smart-technologies-ca2/data_track2_recovery/IMG/left_2026_08_31_19_27_22_620.jpg,/Users/martin/smart-technologies-ca2/data_track2_recovery/IMG/right_2026_08_31_19_27_22_620.jpg,0.1,1,0,29.89361
/Users/martin/smart-technologies-ca2/data_track2_recovery/IMG/center_2026_08_31_19_27_22_686.jpg,/Users/martin/smart-technologies-ca2/data_track2_recovery/IMG/left_2026_08_31_19_27_22_686.jpg,/Users/martin/smart-technologies-ca2/data_track2_recovery/IMG/right_2026_08_31_19_27_22_686.jpg,0.25,1,0,30.09739
/Users/martin/smart-technologies-ca2/data_track2_recovery/IMG/center_2026_08_31_19_27_22_753.jpg,/Users/martin/smart-technologies-ca2/data_track2_recovery/IMG/left_2026_08_31_19_27_22_753.jpg,/Users/martin/smart-technologies-ca2/data_track2_recovery/IMG/right_2026_08_31_19_27_22_753.jpg,0.4,1,0,29.90398
/Users/martin/smart-technologies-ca2/data_track2_recovery/IMG/center_2026_08_31_19_27_22_821.jpg,/Users/martin/smart-technologies-ca2/data_track2_recovery/IMG/left_2026_08_31_19_27_22_821.jpg,/Users/martin/smart-technologies-ca2/data_track2_recovery/IMG/right_2026_08_31_19_27_22_821.jpg,0.6000001,1,0,29.85715
/Users/martin/smart-technologies-ca2/data_track2_recovery/IMG/center_2026_08_31_19_27_22_890.jpg,/Users/martin/smart-technologies-ca2/data_track2_recovery/IMG/left_2026_08_31_19_27_22_890.jpg,/Users/martin/smart-technologies-ca2/data_track2_recovery/IMG/right_2026_08_31_19_27_22_890.jpg,0,1,0,29.98241
/Users/martin/smart-technologies-ca2/data_track2_recovery/IMG/center_2026_08_31_19_27_22_957.jpg,/Users/martin/smart-technologies-ca2/data_track2_recovery/IMG/left_2026_08_31_19_27_22_957.jpg,/Users/martin/smart-technologies-ca2/data_track2_recovery/IMG/right_2026_08_31_19_27_22_957.jpg,0,1,0,30.30269
/Users/martin/smart-technologies-ca2/data_track2_recovery/IMG/center_2026_08_31_19_27_23_028.jpg,/Users/martin/smart-technologies-ca2/data_track2_recovery/IMG/left_2026_08_31_19_27_23_028.jpg,/Users/martin/smart-technologies-ca2/data_track2_recovery/IMG/right_2026_08_31_19_27_23_028.jpg,0.15,0.873247,0,30.05368
/Users/martin/smart-technologies-ca2/data_track2_recovery/IMG/center_2026_08_31_19_27_23_094.jpg,/Users/martin/smart-technologies-ca2/data_track2_recovery/IMG/left_2026_08_31_19_27_23_094.jpg,/Users/martin/smart-technologies-ca2/data_track2_recovery/IMG/right_2026_08_31_19_27_23_094.jpg,0.3,0.697474,0,30.04168
/Users/martin/smart-technologies-ca2/data_track2_recovery/IMG/center_2026_08_31_19_27_23_162.jpg,/Users/martin/smart-technologies-ca2/data_track2_recovery/IMG/left_2026_08_31_19_27_23_162.jpg,/Users/martin/smart-technologies-ca2/data_track2_recovery/IMG/right_2026_08_31_19_27_23_162.jpg,0,0.6267159,0,29.88047
/Users/martin/smart-technologies-ca2/data_track2_recovery/IMG/center_2026_08_31_19_27_23_228.jpg,/Users/martin/smart-technologies-ca2/data_track2_recovery/IMG/left_2026_08_31_19_27_23_228.jpg,/Users/martin/smart-technologies-ca2/data_track2_recovery/IMG/right_2026_08_31_19_27_23_228.jpg,0.05,0.802495,0,29.86436
/Users/martin/smart-technologies-ca2/data_track2_recovery/IMG/center_2026_08_31_19_27_23_296.jpg,/Users/martin/smart-technologies-ca2/data_track2_recovery/IMG/left_2026_08_31_19_27_23_296.jpg,/Users/martin/smart-technologies-ca2/data_track2_recovery/IMG/right_2026_08_31_19_27_23_296.jpg,0.2,0.9798248,0,30.08677
/Users/martin/smart-technologies-ca2/data_track2_recovery/IMG/center_2026_08_31_19_27_23_367.jpg,/Users/martin/smart-technologies-ca2/data_track2_recovery/IMG/left_2026_08_31_19_27_23_367.jpg,/Users/martin/smart-technologies-ca2/data_track2_recovery/IMG/right_2026_08_31_19_27_23_367.jpg,0.4,1,0,30.08243
/Users/martin/smart-technologies-ca2/data_track2_recovery/IMG/center_2026_08_31_19_27_23_437.jpg,/Users/martin/smart-technologies-ca2/data_track2_recovery/IMG/left_2026_08_31_19_27_23_437.jpg,/Users/martin/smart-technologies-ca2/data_track2_recovery/IMG/right_2026_08_31_19_27_23_437.jpg,0.5500001,1,0,30.07071
/Users/martin/smart-technologies-ca2/data_track2_recovery/IMG/center_2026_08_31_19_27_23_508.jpg,/Users/martin/smart-technologies-ca2/data_track2_recovery/IMG/left_2026_08_31_19_27_23_508.jpg,/Users/martin/smart-technologies-ca2/data_track2_recovery/IMG/right_2026_08_31_19_27_23_508.jpg,0.7500002,1,0,30.04351
/Users/martin/smart-technologies-ca2/data_track2_recovery/IMG/center_2026_08_31_19_27_23_575.jpg,/Users/martin/smart-technologies-ca2/data_track2_recovery/IMG/left_2026_08_31_19_27_23_575.jpg,/Users/martin/smart-technologies-ca2/data_track2_recovery/IMG/right_2026_08_31_19_27_23_575.jpg,0.9000002,0.8431298,0,30.04985
/Users/martin/smart-technologies-ca2/data_track2_recovery/IMG/center_2026_08_31_19_27_23_642.jpg,/Users/martin/smart-technologies-ca2/data_track2_recovery/IMG/left_2026_08_31_19_27_23_642.jpg,/Users/martin/smart-technologies-ca2/data_track2_recovery/IMG/right_2026_08_31_19_27_23_642.jpg,1,0.599224,0,29.8447
/Users/martin/smart-technologies-ca2/data_track2_recovery/IMG/center_2026_08_31_19_27_23_709.jpg,/Users/martin/smart-technologies-ca2/data_track2_recovery/IMG/left_2026_08_31_19_27_23_709.jpg,/Users/martin/smart-technologies-ca2/data_track2_recovery/IMG/right_2026_08_31_19_27_23_709.jpg,1,0.4935006,0,29.69923
/Users/martin/smart-technologies-ca2/data_track2_recovery/IMG/center_2026_08_31_19_27_23_776.jpg,/Users/martin/smart-technologies-ca2/data_track2_recovery/IMG/left_2026_08_31_19_27_23_776.jpg,/Users/martin/smart-technologies-ca2/data_track2_recovery/IMG/right_2026_08_31_19_27_23_776.jpg,1,0.6764616,0,29.55028
/Users/martin/smart-technologies-ca2/data_track2_recovery/IMG/center_2026_08_31_19_27_23_847.jpg,/Users/martin/smart-technologies-ca2/data_track2_recovery/IMG/left_2026_08_31_19_27_23_847.jpg,/Users/martin/smart-technologies-ca2/data_track2_recovery/IMG/right_2026_08_31_19_27_23_847.jpg,0,0.9200737,0,29.61978
/Users/martin/smart-technologies-ca2/data_track2_recovery/IMG/center_2026_08_31_19_27_23_916.jpg,/Users/martin/smart-technologies-ca2/data_track2_recovery/IMG/left_2026_08_31_19_27_23_916.jpg,/Users/martin/smart-technologies-ca2/data_track2_recovery/IMG/right_2026_08_31_19_27_23_916.jpg,0,1,0,29.76173
/Users/martin/smart-technologies-ca2/data_track2_recovery/IMG/center_2026_08_31_19_27_23_985.jpg,/Users/martin/smart-technologies-ca2/data_track2_recovery/IMG/left_2026_08_31_19_27_23_985.jpg,/Users/martin/smart-technologies-ca2/data_track2_recovery/IMG/right_2026_08_31_19_27_23_985.jpg,0,1,0,30.23147
/Users/martin/smart-technologies-ca2/data_track2_recovery/IMG/center_2026_08_31_19_27_24_057.jpg,/Users/martin/smart-technologies-ca2/data_track2_recovery/IMG/left_2026_08_31_19_27_24_057.jpg,/Users/martin/smart-technologies-ca2/data_track2_recovery/IMG/right_2026_08_31_19_27_24_057.jpg,0.05,1,0,30.12805
/Users/martin/smart-technologies-ca2/data_track2_recovery/IMG/center_2026_08_31_19_27_24_123.jpg,/Users/martin/smart-technologies-ca2/data_track2_recovery/IMG/left_2026_08_31_19_27_24_123.jpg,/Users/martin/smart-technologies-ca2/data_track2_recovery/IMG/right_2026_08_31_19_27_24_123.jpg,0.25,1,0,30.13501
/Users/martin/smart-technologies-ca2/data_track2_recovery/IMG/center_2026_08_31_19_27_24_190.jpg,/Users/martin/smart-technologies-ca2/data_track2_recovery/IMG/left_2026_08_31_19_27_24_190.jpg,/Users/martin/smart-technologies-ca2/data_track2_recovery/IMG/right_2026_08_31_19_27_24_190.jpg,0.4,1,0,30.27189
/Users/martin/smart-technologies-ca2/data_track2_recovery/IMG/center_2026_08_31_19_27_24_265.jpg,/Users/martin/smart-technologies-ca2/data_track2_recovery/IMG/left_2026_08_31_19_27_24_265.jpg,/Users/martin/smart-technologies-ca2/data_track2_recovery/IMG/right_2026_08_31_19_27_24_265.jpg,0,1,0,30.21602
/Users/martin/smart-technologies-ca2/data_track2_recovery/IMG/center_2026_08_31_19_27_24_330.jpg,/Users/martin/smart-technologies-ca2/data_track2_recovery/IMG/left_2026_08_31_19_27_24_330.jpg,/Users/martin/smart-technologies-ca2/data_track2_recovery/IMG/right_2026_08_31_19_27_24_330.jpg,0,1,0,30.13263
/Users/martin/smart-technologies-ca2/data_track2_recovery/IMG/center_2026_08_31_19_27_24_404.jpg,/Users/martin/smart-technologies-ca2/data_track2_recovery/IMG/left_2026_08_31_19_27_24_404.jpg,/Users/martin/smart-technologies-ca2/data_track2_recovery/IMG/right_2026_08_31_19_27_24_404.jpg,0,1,0,30.2053
/Users/martin/smart-technologies-ca2/data_track2_recovery/IMG/center_2026_08_31_19_27_24_477.jpg,/Users/martin/smart-technologies-ca2/data_track2_recovery/IMG/left_2026_08_31_19_27_24_477.jpg,/Users/martin/smart-technologies-ca2/data_track2_recovery/IMG/right_2026_08_31_19_27_24_477.jpg,0,1,0,29.88662
/Users/martin/smart-technologies-ca2/data_track2_recovery/IMG/center_2026_08_31_19_27_24_547.jpg,/Users/martin/smart-technologies-ca2/data_track2_recovery/IMG/left_2026_08_31_19_27_24_547.jpg,/Users/martin/smart-technologies-ca2/data_track2_recovery/IMG/right_2026_08_31_19_27_24_547.jpg,0.15,1,0,30.09151
/Users/martin/smart-technologies-ca2/data_track2_recovery/IMG/center_2026_08_31_19_27_24_620.jpg,/Users/martin/smart-technologies-ca2/data_track2_recovery/IMG/left_2026_08_31_19_27_24_620.jpg,/Users/martin/smart-technologies-ca2/data_track2_recovery/IMG/right_2026_08_31_19_27_24_620.jpg,0.35,1,0,29.97391
/Users/martin/smart-technologies-ca2/data_track2_recovery/IMG/center_2026_08_31_19_27_24_687.jpg,/Users/martin/smart-technologies-ca2/data_track2_recovery/IMG/left_2026_08_31_19_27_24_687.jpg,/Users/martin/smart-technologies-ca2/data_track2_recovery/IMG/right_2026_08_31_19_27_24_687.jpg,0.5000001,1,0,30.04231
/Users/martin/smart-technologies-ca2/data_track2_recovery/IMG/center_2026_08_31_19_27_24_760.jpg,/Users/martin/smart-technologies-ca2/data_track2_recovery/IMG/left_2026_08_31_19_27_24_760.jpg,/Users/martin/smart-technologies-ca2/data_track2_recovery/IMG/right_2026_08_31_19_27_24_760.jpg,0.7,1,0,30.21512
/Users/martin/smart-technologies-ca2/data_track2_recovery/IMG/center_2026_08_31_19_27_24_832.jpg,/Users/martin/smart-technologies-ca2/data_track2_recovery/IMG/left_2026_08_31_19_27_24_832.jpg,/Users/martin/smart-technologies-ca2/data_track2_recovery/IMG/right_2026_08_31_19_27_24_832.jpg,0.8500001,1,0,29.84901
/Users/martin/smart-technologies-ca2/data_track2_recovery/IMG/center_2026_08_31_19_27_24_904.jpg,/Users/martin/smart-technologies-ca2/data_track2_recovery/IMG/left_2026_08_31_19_27_24_904.jpg,/Users/martin/smart-technologies-ca2/data_track2_recovery/IMG/right_2026_08_31_19_27_24_904.jpg,1,1,0,29.88592
/Users/martin/smart-technologies-ca2/data_track2_recovery/IMG/center_2026_08_31_19_27_24_971.jpg,/Users/martin/smart-technologies-ca2/data_track2_recovery/IMG/left_2026_08_31_19_27_24_971.jpg,/Users/martin/smart-technologies-ca2/data_track2_recovery/IMG/right_2026_08_31_19_27_24_971.jpg,1,1,0,29.72271
/Users/martin/smart-technologies-ca2/data_track2_recovery/IMG/center_2026_08_31_19_27_25_041.jpg,/Users/martin/smart-technologies-ca2/data_track2_recovery/IMG/left_2026_08_31_19_27_25_041.jpg,/Users/martin/smart-technologies-ca2/data_track2_recovery/IMG/right_2026_08_31_19_27_25_041.jpg,0,1,0,29.96239
/Users/martin/smart-technologies-ca2/data_track2_recovery/IMG/center_2026_08_31_19_27_25_110.jpg,/Users/martin/smart-technologies-ca2/data_track2_recovery/IMG/left_2026_08_31_19_27_25_110.jpg,/Users/martin/smart-technologies-ca2/data_track2_recovery/IMG/right_2026_08_31_19_27_25_110.jpg,0,1,0,30.1251
/Users/martin/smart-technologies-ca2/data_track2_recovery/IMG/center_2026_08_31_19_27_25_177.jpg,/Users/martin/smart-technologies-ca2/data_track2_recovery/IMG/left_2026_08_31_19_27_25_177.jpg,/Users/martin/smart-technologies-ca2/data_track2_recovery/IMG/right_2026_08_31_19_27_25_177.jpg,0,1,0,30.04049
/Users/martin/smart-technologies-ca2/data_track2_recovery/IMG/center_2026_08_31_19_27_25_245.jpg,/Users/martin/smart-technologies-ca2/data_track2_recovery/IMG/left_2026_08_31_19_27_25_245.jpg,/Users/martin/smart-technologies-ca2/data_track2_recovery/IMG/right_2026_08_31_19_27_25_245.jpg,0,1,0,30.04273
/Users/martin/smart-technologies-ca2/data_track2_recovery/IMG/center_2026_08_31_19_27_25_318.jpg,/Users/martin/smart-technologies-ca2/data_track2_recovery/IMG/left_2026_08_31_19_27_25_318.jpg,/Users/martin/smart-technologies-ca2/data_track2_recovery/IMG/right_2026_08_31_19_27_25_318.jpg,0,1,0,30.15613
/Users/martin/smart-technologies-ca2/data_track2_recovery/IMG/center_2026_08_31_19_27_25_390.jpg,/Users/martin/smart-technologies-ca2/data_track2_recovery/IMG/left_2026_08_31_19_27_25_390.jpg,/Users/martin/smart-technologies-ca2/data_track2_recovery/IMG/right_2026_08_31_19_27_25_390.jpg,0,1,0,30.12823
/Users/martin/smart-technologies-ca2/data_track2_recovery/IMG/center_2026_08_31_19_27_25_462.jpg,/Users/martin/smart-technologies-ca2/data_track2_recovery/IMG/left_2026_08_31_19_27_25_462.jpg,/Users/martin/smart-technologies-ca2/data_track2_recovery/IMG/right_2026_08_31_19_27_25_462.jpg,0,1,0,30.12527
/Users/martin/smart-technologies-ca2/data_track2_recovery/IMG/center_2026_08_31_19_27_25_533.jpg,/Users/martin/smart-technologies-ca2/data_track2_recovery/IMG/left_2026_08_31_19_27_25_533.jpg,/Users/martin/smart-technologies-ca2/data_track2_recovery/IMG/right_2026_08_31_19_27_25_533.jpg,0,1,0,30.08791
/Users/martin/smart-technologies-ca2/data_track2_recovery/IMG/center_2026_08_31_19_27_25_604.jpg,/Users/martin/smart-technologies-ca2/data_track2_recovery/IMG/left_2026_08_31_19_27_25_604.jpg,/Users/martin/smart-technologies-ca2/data_track2_recovery/IMG/right_2026_08_31_19_27_25_604.jpg,0,1,0,30.13503
/Users/martin/smart-technologies-ca2/data_track2_recovery/IMG/center_2026_08_31_19_27_25_674.jpg,/Users/martin/smart-technologies-ca2/data_track2_recovery/IMG/left_2026_08_31_19_27_25_674.jpg,/Users/martin/smart-technologies-ca2/data_track2_recovery/IMG/right_2026_08_31_19_27_25_674.jpg,0,1,0,30.024
/Users/martin/smart-technologies-ca2/data_track2_recovery/IMG/center_2026_08_31_19_27_25_745.jpg,/Users/martin/smart-technologies-ca2/data_track2_recovery/IMG/left_2026_08_31_19_27_25_745.jpg,/Users/martin/smart-technologies-ca2/data_track2_recovery/IMG/right_2026_08_31_19_27_25_745.jpg,0.1,1,0,30.00187
/Users/martin/smart-technologies-ca2/data_track2_recovery/IMG/center_2026_08_31_19_27_25_814.jpg,/Users/martin/smart-technologies-ca2/data_track2_recovery/IMG/left_2026_08_31_19_27_25_814.jpg,/Users/martin/smart-technologies-ca2/data_track2_recovery/IMG/right_2026_08_31_19_27_25_814.jpg,0.25,1,0,30.16929
/Users/martin/smart-technologies-ca2/data_track2_recovery/IMG/center_2026_08_31_19_27_25_885.jpg,/Users/martin/smart-technologies-ca2/data_track2_recovery/IMG/left_2026_08_31_19_27_25_885.jpg,/Users/martin/smart-technologies-ca2/data_track2_recovery/IMG/right_2026_08_31_19_27_25_885.jpg,0,1,0,30.10676
/Users/martin/smart-technologies-ca2/data_track2_recovery/IMG/center_2026_08_31_19_27_25_955.jpg,/Users/martin/smart-technologies-ca2/data_track2_recovery/IMG/left_2026_08_31_19_27_25_955.jpg,/Users/martin/smart-technologies-ca2/data_track2_recovery/IMG/right_2026_08_31_19_27_25_955.jpg,0,1,0,30.03897
/Users/martin/smart-technologies-ca2/data_track2_recovery/IMG/center_2026_08_31_19_27_26_022.jpg,/Users/martin/smart-technologies-ca2/data_track2_recovery/IMG/left_2026_08_31_19_27_26_022.jpg,/Users/martin/smart-technologies-ca2/data_track2_recovery/IMG/right_2026_08_31_19_27_26_022.jpg,0.1,1,0,30.06691
/Users/martin/smart-technologies-ca2/data_track2_recovery/IMG/center_2026_08_31_19_27_26_089.jpg,/Users/martin/smart-technologies-ca2/data_track2_recovery/IMG/left_2026_08_31_19_27_26_089.jpg,/Users/martin/smart-technologies-ca2/data_track2_recovery/IMG/right_2026_08_31_19_27_26_089.jpg,0.25,1,0,30.19404
/Users/martin/smart-technologies-ca2/data_track2_recovery/IMG/center_2026_08_31_19_27_26_156.jpg,/Users/martin/smart-technologies-ca2/data_track2_recovery/IMG/left_2026_08_31_19_27_26_156.jpg,/Users/martin/smart-technologies-ca2/data_track2_recovery/IMG/right_2026_08_31_19_27_26_156.jpg,0.4,1,0,30.09667
/Users/martin/smart-technologies-ca2/data_track2_recovery/IMG/center_2026_08_31_19_27_26_224.jpg,/Users/martin/smart-technologies-ca2/data_track2_recovery/IMG/left_2026_08_31_19_27_26_224.jpg,/Users/martin/smart-technologies-ca2/data_track2_recovery/IMG/right_2026_08_31_19_27_26_224.jpg,0.6000001,1,0,30.12316
/Users/martin/smart-technologies-ca2/data_track2_recovery/IMG/center_2026_08_31_19_27_26_293.jpg,/Users/martin/smart-technologies-ca2/data_track2_recovery/IMG/left_2026_08_31_19_27_26_293.jpg,/Users/martin/smart-technologies-ca2/data_track2_recovery/IMG/right_2026_08_31_19_27_26_293.jpg,0.7500002,1,0,30.03907
/Users/martin/smart-technologies-ca2/data_track2_recovery/IMG/center_2026_08_31_19_27_26_362.jpg,/Users/martin/smart-technologies-ca2/data_track2_recovery/IMG/left_2026_08_31_19_27_26_362.jpg,/Users/martin/smart-technologies-ca2/data_track2_recovery/IMG/right_2026_08_31_19_27_26_362.jpg,0.9500002,0.7639148,0,30.16702
/Users/martin/smart-technologies-ca2/data_track2_recovery/IMG/center_2026_08_31_19_27_26_428.jpg,/Users/martin/smart-technologies-ca2/data_track2_recovery/IMG/left_2026_08_31_19_27_26_428.jpg,/Users/martin/smart-technologies-ca2/data_track2_recovery/IMG/right_2026_08_31_19_27_26_428.jpg,1,0.5778489,0,30.05964
/Users/martin/smart-technologies-ca2/data_track2_recovery/IMG/center_2026_08_31_19_27_26_500.jpg,/Users/martin/smart-technologies-ca2/data_track2_recovery/IMG/left_2026_08_31_19_27_26_500.jpg,/Users/martin/smart-technologies-ca2/data_track2_recovery/IMG/right_2026_08_31_19_27_26_500.jpg,1,0.7425219,0,30.01109
/Users/martin/smart-technologies-ca2/data_track2_recovery/IMG/center_2026_08_31_19_27_26_571.jpg,/Users/martin/smart-technologies-ca2/data_track2_recovery/IMG/left_2026_08_31_19_27_26_571.jpg,/Users/martin/smart-technologies-ca2/data_track2_recovery/IMG/right_2026_08_31_19_27_26_571.jpg,0,0.9201549,0,30.11953
/Users/martin/smart-technologies-ca2/data_track2_recovery/IMG/center_2026_08_31_19_27_26_639.jpg,/Users/martin/smart-technologies-ca2/data_track2_recovery/IMG/left_2026_08_31_19_27_26_639.jpg,/Users/martin/smart-technologies-ca2/data_track2_recovery/IMG/right_2026_08_31_19_27_26_639.jpg,0.1,1,0,30.18921
/Users/martin/smart-technologies-ca2/data_track2_recovery/IMG/center_2026_08_31_19_27_26_709.jpg,/Users/martin/smart-technologies-ca2/data_track2_recovery/IMG/left_2026_08_31_19_27_26_709.jpg,/Users/martin/smart-technologies-ca2/data_track2_recovery/IMG/right_2026_08_31_19_27_26_709.jpg,0,1,0,30.18822
/Users/martin/smart-technologies-ca2/data_track2_recovery/IMG/center_2026_08_31_19_27_26_777.jpg,/Users/martin/smart-technologies-ca2/data_track2_recovery/IMG/left_2026_08_31_19_27_26_777.jpg,/Users/martin/smart-technologies-ca2/data_track2_recovery/IMG/right_2026_08_31_19_27_26_777.jpg,0,1,0,30.18913
/Users/martin/smart-technologies-ca2/data_track2_recovery/IMG/center_2026_08_31_19_27_26_844.jpg,/Users/martin/smart-technologies-ca2/data_track2_recovery/IMG/left_2026_08_31_19_27_26_844.jpg,/Users/martin/smart-technologies-ca2/data_track2_recovery/IMG/right_2026_08_31_19_27_26_844.jpg,0,1,0,30.18991
/Users/martin/smart-technologies-ca2/data_track2_recovery/IMG/center_2026_08_31_19_27_26_915.jpg,/Users/martin/smart-technologies-ca2/data_track2_recovery/IMG/left_2026_08_31_19_27_26_915.jpg,/Users/martin/smart-technologies-ca2/data_track2_recovery/IMG/right_2026_08_31_19_27_26_915.jpg,0.1,1,0,30.18891
/Users/martin/smart-technologies-ca2/data_track2_recovery/IMG/center_2026_08_31_19_27_26_982.jpg,/Users/martin/smart-technologies-ca2/data_track2_recovery/IMG/left_2026_08_31_19_27_26_982.jpg,/Users/martin/smart-technologies-ca2/data_track2_recovery/IMG/right_2026_08_31_19_27_26_982.jpg,0.3,0.984607,0,30.17104
/Users/martin/smart-technologies-ca2/data_track2_recovery/IMG/center_2026_08_31_19_27_27_053.jpg,/Users/martin/smart-technologies-ca2/data_track2_recovery/IMG/left_2026_08_31_19_27_27_053.jpg,/Users/martin/smart-technologies-ca2/data_track2_recovery/IMG/right_2026_08_31_19_27_27_053.jpg,0.45,0.813991,0,30.11697
/Users/martin/smart-technologies-ca2/data_track2_recovery/IMG/center_2026_08_31_19_27_27_120.jpg,/Users/martin/smart-technologies-ca2/data_track2_recovery/IMG/left_2026_08_31_19_27_27_120.jpg,/Users/martin/smart-technologies-ca2/data_track2_recovery/IMG/right_2026_08_31_19_27_27_120.jpg,0.6500001,0.5701299,0,30.03057
/Users/martin/smart-technologies-ca2/data_track2_recovery/IMG/center_2026_08_31_19_27_27_187.jpg,/Users/martin/smart-technologies-ca2/data_track2_recovery/IMG/left_2026_08_31_19_27_27_187.jpg,/Users/martin/smart-technologies-ca2/data_track2_recovery/IMG/right_2026_08_31_19_27_27_187.jpg,0.8000001,0.3874478,0,29.96025
/Users/martin/smart-technologies-ca2/data_track2_recovery/IMG/center_2026_08_31_19_27_27_255.jpg,/Users/martin/smart-technologies-ca2/data_track2_recovery/IMG/left_2026_08_31_19_27_27_255.jpg,/Users/martin/smart-technologies-ca2/data_track2_recovery/IMG/right_2026_08_31_19_27_27_255.jpg,0.9500002,0.2071329,0,29.75165
/Users/martin/smart-technologies-ca2/data_track2_recovery/IMG/center_2026_08_31_19_27_27_325.jpg,/Users/martin/smart-technologies-ca2/data_track2_recovery/IMG/left_2026_08_31_19_27_27_325.jpg,/Users/martin/smart-technologies-ca2/data_track2_recovery/IMG/right_2026_08_31_19_27_27_325.jpg,1,0,0,29.26039
/Users/martin/smart-technologies-ca2/data_track2_recovery/IMG/center_2026_08_31_19_27_27_394.jpg,/Users/martin/smart-technologies-ca2/data_track2_recovery/IMG/left_2026_08_31_19_27_27_394.jpg,/Users/martin/smart-technologies-ca2/data_track2_recovery/IMG/right_2026_08_31_19_27_27_394.jpg,0,0,0,28.93733
/Users/martin/smart-technologies-ca2/data_track2_recovery/IMG/center_2026_08_31_19_27_27_465.jpg,/Users/martin/smart-technologies-ca2/data_track2_recovery/IMG/left_2026_08_31_19_27_27_465.jpg,/Users/martin/smart-technologies-ca2/data_track2_recovery/IMG/right_2026_08_31_19_27_27_465.jpg,0,0,0,28.5879
/Users/martin/smart-technologies-ca2/data_track2_recovery/IMG/center_2026_08_31_19_27_27_537.jpg,/Users/martin/smart-technologies-ca2/data_track2_recovery/IMG/left_2026_08_31_19_27_27_537.jpg,/Users/martin/smart-technologies-ca2/data_track2_recovery/IMG/right_2026_08_31_19_27_27_537.jpg,0.15,0,0,28.40181
/Users/martin/smart-technologies-ca2/data_track2_recovery/IMG/center_2026_08_31_19_27_27_605.jpg,/Users/martin/smart-technologies-ca2/data_track2_recovery/IMG/left_2026_08_31_19_27_27_605.jpg,/Users/martin/smart-technologies-ca2/data_track2_recovery/IMG/right_2026_08_31_19_27_27_605.jpg,0.35,0,0,28.1762
/Users/martin/smart-technologies-ca2/data_track2_recovery/IMG/center_2026_08_31_19_27_27_674.jpg,/Users/martin/smart-technologies-ca2/data_track2_recovery/IMG/left_2026_08_31_19_27_27_674.jpg,/Users/martin/smart-technologies-ca2/data_track2_recovery/IMG/right_2026_08_31_19_27_27_674.jpg,0.5000001,0.05640006,0,27.95107
/Users/martin/smart-technologies-ca2/data_track2_recovery/IMG/center_2026_08_31_19_27_27_744.jpg,/Users/martin/smart-technologies-ca2/data_track2_recovery/IMG/left_2026_08_31_19_27_27_744.jpg,/Users/martin/smart-technologies-ca2/data_track2_recovery/IMG/right_2026_08_31_19_27_27_744.jpg,0.7,0.2978818,0,27.71243
/Users/martin/smart-technologies-ca2/data_track2_recovery/IMG/center_2026_08_31_19_27_27_813.jpg,/Users/martin/smart-technologies-ca2/data_track2_recovery/IMG/left_2026_08_31_19_27_27_813.jpg,/Users/martin/smart-technologies-ca2/data_track2_recovery/IMG/right_2026_08_31_19_27_27_813.jpg,0.8500001,0.4760789,0,27.62064
/Users/martin/smart-technologies-ca2/data_track2_recovery/IMG/center_2026_08_31_19_27_27_883.jpg,/Users/martin/smart-technologies-ca2/data_track2_recovery/IMG/left_2026_08_31_19_27_27_883.jpg,/Users/martin/smart-technologies-ca2/data_track2_recovery/IMG/right_2026_08_31_19_27_27_883.jpg,0,0.6749818,0,27.69893
/Users/martin/smart-technologies-ca2/data_track2_recovery/IMG/center_2026_08_31_19_27_27_953.jpg,/Users/martin/smart-technologies-ca2/data_track2_recovery/IMG/left_2026_08_31_19_27_27_953.jpg,/Users/martin/smart-technologies-ca2/data_track2_recovery/IMG/right_2026_08_31_19_27_27_953.jpg,0,0.494364,0,27.8824
/Users/martin/smart-technologies-ca2/data_track2_recovery/IMG/center_2026_08_31_19_27_28_023.jpg,/Users/martin/smart-technologies-ca2/data_track2_recovery/IMG/left_2026_08_31_19_27_28_023.jpg,/Users/martin/smart-technologies-ca2/data_track2_recovery/IMG/right_2026_08_31_19_27_28_023.jpg,0,0,0.07109392,27.73924
/Users/martin/smart-technologies-ca2/data_track2_recovery/IMG/center_2026_08_31_19_27_28_089.jpg,/Users/martin/smart-technologies-ca2/data_track2_recovery/IMG/left_2026_08_31_19_27_28_089.jpg,/Users/martin/smart-technologies-ca2/data_track2_recovery/IMG/right_2026_08_31_19_27_28_089.jpg,-0.1,0,0.2481508,26.49021
/Users/martin/smart-technologies-ca2/data_track2_recovery/IMG/center_2026_08_31_19_27_28_160.jpg,/Users/martin/smart-technologies-ca2/data_track2_recovery/IMG/left_2026_08_31_19_27_28_160.jpg,/Users/martin/smart-technologies-ca2/data_track2_recovery/IMG/right_2026_08_31_19_27_28_160.jpg,-0.3,0,0.4893447,25.01216
/Users/martin/smart-technologies-ca2/data_track2_recovery/IMG/center_2026_08_31_19_27_28_227.jpg,/Users/martin/smart-technologies-ca2/data_track2_recovery/IMG/left_2026_08_31_19_27_28_227.jpg,/Users/martin/smart-technologies-ca2/data_track2_recovery/IMG/right_2026_08_31_19_27_28_227.jpg,-0.45,0,0.675018,23.87058
/Users/martin/smart-technologies-ca2/data_track2_recovery/IMG/center_2026_08_31_19_27_28_296.jpg,/Users/martin/smart-technologies-ca2/data_track2_recovery/IMG/left_2026_08_31_19_27_28_296.jpg,/Users/martin/smart-technologies-ca2/data_track2_recovery/IMG/right_2026_08_31_19_27_28_296.jpg,-0.6000001,0,0.8477908,22.70492
/Users/martin/smart-technologies-ca2/data_track2_recovery/IMG/center_2026_08_31_19_27_28_365.jpg,/Users/martin/smart-technologies-ca2/data_track2_recovery/IMG/left_2026_08_31_19_27_28_365.jpg,/Users/martin/smart-technologies-ca2/data_track2_recovery/IMG/right_2026_08_31_19_27_28_365.jpg,-0.8000001,0,1,21.13797
/Users/martin/smart-technologies-ca2/data_track2_recovery/IMG/center_2026_08_31_19_27_28_433.jpg,/Users/martin/smart-technologies-ca2/data_track2_recovery/IMG/left_2026_08_31_19_27_28_433.jpg,/Users/martin/smart-technologies-ca2/data_track2_recovery/IMG/right_2026_08_31_19_27_28_433.jpg,0,0,1,20.05723
/Users/martin/smart-technologies-ca2/data_track2_recovery/IMG/center_2026_08_31_19_27_28_503.jpg,/Users/martin/smart-technologies-ca2/data_track2_recovery/IMG/left_2026_08_31_19_27_28_503.jpg,/Users/martin/smart-technologies-ca2/data_track2_recovery/IMG/right_2026_08_31_19_27_28_503.jpg,0,0,0.8628161,18.69439
/Users/martin/smart-technologies-ca2/data_track2_recovery/IMG/center_2026_08_31_19_27_28_573.jpg,/Users/martin/smart-technologies-ca2/data_track2_recovery/IMG/left_2026_08_31_19_27_28_573.jpg,/Users/martin/smart-technologies-ca2/data_track2_recovery/IMG/right_2026_08_31_19_27_28_573.jpg,0,0,0.6817602,17.70961
/Users/martin/smart-technologies-ca2/data_track2_recovery/IMG/center_2026_08_31_19_27_28_642.jpg,/Users/martin/smart-technologies-ca2/data_track2_recovery/IMG/left_2026_08_31_19_27_28_642.jpg,/Users/martin/smart-technologies-ca2/data_track2_recovery/IMG/right_2026_08_31_19_27_28_642.jpg,0,0.1891408,0,16.78431
/Users/martin/smart-technologies-ca2/data_track2_recovery/IMG/center_2026_08_31_19_27_28_709.jpg,/Users/martin/smart-technologies-ca2/data_track2_recovery/IMG/left_2026_08_31_19_27_28_709.jpg,/Users/martin/smart-technologies-ca2/data_track2_recovery/IMG/right_2026_08_31_19_27_28_709.jpg,-0.05,0.3667109,0,17.1621
/Users/martin/smart-technologies-ca2/data_track2_recovery/IMG/center_2026_08_31_19_27_28_776.jpg,/Users/martin/smart-technologies-ca2/data_track2_recovery/IMG/left_2026_08_31_19_27_28_776.jpg,/Users/martin/smart-technologies-ca2/data_track2_recovery/IMG/right_2026_08_31_19_27_28_776.jpg,-0.2,0.5533648,0,17.15654
/Users/martin/smart-technologies-ca2/data_track2_recovery/IMG/center_2026_08_31_19_27_28_846.jpg,/Users/martin/smart-technologies-ca2/data_track2_recovery/IMG/left_2026_08_31_19_27_28_846.jpg,/Users/martin/smart-technologies-ca2/data_track2_recovery/IMG/right_2026_08_31_19_27_28_846.jpg,-0.4,0.7903258,0,17.66228
/Users/martin/smart-technologies-ca2/data_track2_recovery/IMG/center_2026_08_31_19_27_28_915.jpg,/Users/martin/smart-technologies-ca2/data_track2_recovery/IMG/left_2026_08_31_19_27_28_915.jpg,/Users/martin/smart-technologies-ca2/data_track2_recovery/IMG/right_2026_08_31_19_27_28_915.jpg,-0.5500001,0.968241,0,18.26178
/Users/martin/smart-technologies-ca2/data_track2_recovery/IMG/center_2026_08_31_19_27_28_982.jpg,/Users/martin/smart-technologies-ca2/data_track2_recovery/IMG/left_2026_08_31_19_27_28_982.jpg,/Users/martin/smart-technologies-ca2/data_track2_recovery/IMG/right_2026_08_31_19_27_28_982.jpg,-0.7500002,1,0,18.90407
/Users/martin/smart-technologies-ca2/data_track2_recovery/IMG/center_2026_08_31_19_27_29_053.jpg,/Users/martin/smart-technologies-ca2/data_track2_recovery/IMG/left_2026_08_31_19_27_29_053.jpg,/Users/martin/smart-technologies-ca2/data_track2_recovery/IMG/right_2026_08_31_19_27_29_053.jpg,-0.9000002,1,0,19.24442
/Users/martin/smart-technologies-ca2/data_track2_recovery/IMG/center_2026_08_31_19_27_29_123.jpg,/Users/martin/smart-technologies-ca2/data_track2_recovery/IMG/left_2026_08_31_19_27_29_123.jpg,/Users/martin/smart-technologies-ca2/data_track2_recovery/IMG/right_2026_08_31_19_27_29_123.jpg,-1,1,0,19.83024
/Users/martin/smart-technologies-ca2/data_track2_recovery/IMG/center_2026_08_31_19_27_29_193.jpg,/Users/martin/smart-technologies-ca2/data_track2_recovery/IMG/left_2026_08_31_19_27_29_193.jpg,/Users/martin/smart-technologies-ca2/data_track2_recovery/IMG/right_2026_08_31_19_27_29_193.jpg,-1,1,0,20.40169
/Users/martin/smart-technologies-ca2/data_track2_recovery/IMG/center_2026_08_31_19_27_29_262.jpg,/Users/martin/smart-technologies-ca2/data_track2_recovery/IMG/left_2026_08_31_19_27_29_262.jpg,/Users/martin/smart-technologies-ca2/data_track2_recovery/IMG/right_2026_08_31_19_27_29_262.jpg,-1,1,0,21.09113
/Users/martin/smart-technologies-ca2/data_track2_recovery/IMG/center_2026_08_31_19_27_29_331.jpg,/Users/martin/smart-technologies-ca2/data_track2_recovery/IMG/left_2026_08_31_19_27_29_331.jpg,/Users/martin/smart-technologies-ca2/data_track2_recovery/IMG/right_2026_08_31_19_27_29_331.jpg,-1,1,0,21.56634
/Users/martin/smart-technologies-ca2/data_track2_recovery/IMG/center_2026_08_31_19_27_29_398.jpg,/Users/martin/smart-technologies-ca2/data_track2_recovery/IMG/left_2026_08_31_19_27_29_398.jpg,/Users/martin/smart-technologies-ca2/data_track2_recovery/IMG/right_2026_08_31_19_27_29_398.jpg,-1,1,0,22.28931
/Users/martin/smart-technologies-ca2/data_track2_recovery/IMG/center_2026_08_31_19_27_29_465.jpg,/Users/martin/smart-technologies-ca2/data_track2_recovery/IMG/left_2026_08_31_19_27_29_465.jpg,/Users/martin/smart-technologies-ca2/data_track2_recovery/IMG/right_2026_08_31_19_27_29_465.jpg,0,1,0,22.80897
/Users/martin/smart-technologies-ca2/data_track2_recovery/IMG/center_2026_08_31_19_27_29_533.jpg,/Users/martin/smart-technologies-ca2/data_track2_recovery/IMG/left_2026_08_31_19_27_29_533.jpg,/Users/martin/smart-technologies-ca2/data_track2_recovery/IMG/right_2026_08_31_19_27_29_533.jpg,0,1,0,23.2711
/Users/martin/smart-technologies-ca2/data_track2_recovery/IMG/center_2026_08_31_19_27_29_601.jpg,/Users/martin/smart-technologies-ca2/data_track2_recovery/IMG/left_2026_08_31_19_27_29_601.jpg,/Users/martin/smart-technologies-ca2/data_track2_recovery/IMG/right_2026_08_31_19_27_29_601.jpg,-0.1,1,0,24.0055
/Users/martin/smart-technologies-ca2/data_track2_recovery/IMG/center_2026_08_31_19_27_29_671.jpg,/Users/martin/smart-technologies-ca2/data_track2_recovery/IMG/left_2026_08_31_19_27_29_671.jpg,/Users/martin/smart-technologies-ca2/data_track2_recovery/IMG/right_2026_08_31_19_27_29_671.jpg,-0.25,1,0,24.59258
/Users/martin/smart-technologies-ca2/data_track2_recovery/IMG/center_2026_08_31_19_27_29_739.jpg,/Users/martin/smart-technologies-ca2/data_track2_recovery/IMG/left_2026_08_31_19_27_29_739.jpg,/Users/martin/smart-technologies-ca2/data_track2_recovery/IMG/right_2026_08_31_19_27_29_739.jpg,-0.45,1,0,25.31578
/Users/martin/smart-technologies-ca2/data_track2_recovery/IMG/center_2026_08_31_19_27_29_810.jpg,/Users/martin/smart-technologies-ca2/data_track2_recovery/IMG/left_2026_08_31_19_27_29_810.jpg,/Users/martin/smart-technologies-ca2/data_track2_recovery/IMG/right_2026_08_31_19_27_29_810.jpg,-0.6000001,1,0,25.79073
/Users/martin/smart-technologies-ca2/data_track2_recovery/IMG/center_2026_08_31_19_27_29_881.jpg,/Users/martin/smart-technologies-ca2/data_track2_recovery/IMG/left_2026_08_31_19_27_29_881.jpg,/Users/martin/smart-technologies-ca2/data_track2_recovery/IMG/right_2026_08_31_19_27_29_881.jpg,-0.8000001,0.960397,0,26.3325
/Users/martin/smart-technologies-ca2/data_track2_recovery/IMG/center_2026_08_31_19_27_29_950.jpg,/Users/martin/smart-technologies-ca2/data_track2_recovery/IMG/left_2026_08_31_19_27_29_950.jpg,/Users/martin/smart-technologies-ca2/data_track2_recovery/IMG/right_2026_08_31_19_27_29_950.jpg,-0.9500002,0.7786001,0,26.58969
/Users/martin/smart-technologies-ca2/data_track2_recovery/IMG/center_2026_08_31_19_27_30_017.jpg,/Users/martin/smart-technologies-ca2/data_track2_recovery/IMG/left_2026_08_31_19_27_30_017.jpg,/Users/martin/smart-technologies-ca2/data_track2_recovery/IMG/right_2026_08_31_19_27_30_017.jpg,-1,0.607924,0,26.6865
/Users/martin/smart-technologies-ca2/data_track2_recovery/IMG/center_2026_08_31_19_27_30_085.jpg,/Users/martin/smart-technologies-ca2/data_track2_recovery/IMG/left_2026_08_31_19_27_30_085.jpg,/Users/martin/smart-technologies-ca2/data_track2_recovery/IMG/right_2026_08_31_19_27_30_085.jpg,-1,0.3622029,0,26.70089
/Users/martin/smart-technologies-ca2/data_track2_recovery/IMG/center_2026_08_31_19_27_30_155.jpg,/Users/martin/smart-technologies-ca2/data_track2_recovery/IMG/left_2026_08_31_19_27_30_155.jpg,/Users/martin/smart-technologies-ca2/data_track2_recovery/IMG/right_2026_08_31_19_27_30_155.jpg,-1,0.2138796,0,26.6165
/Users/martin/smart-technologies-ca2/data_track2_recovery/IMG/center_2026_08_31_19_27_30_225.jpg,/Users/martin/smart-technologies-ca2/data_track2_recovery/IMG/left_2026_08_31_19_27_30_225.jpg,/Users/martin/smart-technologies-ca2/data_track2_recovery/IMG/right_2026_08_31_19_27_30_225.jpg,-1,0.4558506,0,26.58482
/Users/martin/smart-technologies-ca2/data_track2_recovery/IMG/center_2026_08_31_19_27_30_292.jpg,/Users/martin/smart-technologies-ca2/data_track2_recovery/IMG/left_2026_08_31_19_27_30_292.jpg,/Users/martin/smart-technologies-ca2/data_track2_recovery/IMG/right_2026_08_31_19_27_30_292.jpg,-1,0.6340927,0,26.7242
/Users/martin/smart-technologies-ca2/data_track2_recovery/IMG/center_2026_08_31_19_27_30_364.jpg,/Users/martin/smart-technologies-ca2/data_track2_recovery/IMG/left_2026_08_31_19_27_30_364.jpg,/Users/martin/smart-technologies-ca2/data_track2_recovery/IMG/right_2026_08_31_19_27_30_364.jpg,0,0.8701628,0,27.11496
/Users/martin/smart-technologies-ca2/data_track2_recovery/IMG/center_2026_08_31_19_27_30_431.jpg,/Users/martin/smart-technologies-ca2/data_track2_recovery/IMG/left_2026_08_31_19_27_30_431.jpg,/Users/martin/smart-technologies-ca2/data_track2_recovery/IMG/right_2026_08_31_19_27_30_431.jpg,0,1,0,27.5602
/Users/martin/smart-technologies-ca2/data_track2_recovery/IMG/center_2026_08_31_19_27_30_504.jpg,/Users/martin/smart-technologies-ca2/data_track2_recovery/IMG/left_2026_08_31_19_27_30_504.jpg,/Users/martin/smart-technologies-ca2/data_track2_recovery/IMG/right_2026_08_31_19_27_30_504.jpg,-0.15,1,0,28.26654
/Users/martin/smart-technologies-ca2/data_track2_recovery/IMG/center_2026_08_31_19_27_30_571.jpg,/Users/martin/smart-technologies-ca2/data_track2_recovery/IMG/left_2026_08_31_19_27_30_571.jpg,/Users/martin/smart-technologies-ca2/data_track2_recovery/IMG/right_2026_08_31_19_27_30_571.jpg,-0.3,1,0,28.83191
/Users/martin/smart-technologies-ca2/data_track2_recovery/IMG/center_2026_08_31_19_27_30_640.jpg,/Users/martin/smart-technologies-ca2/data_track2_recovery/IMG/left_2026_08_31_19_27_30_640.jpg,/Users/martin/smart-technologies-ca2/data_track2_recovery/IMG/right_2026_08_31_19_27_30_640.jpg,-0.5000001,1,0,29.51302
/Users/martin/smart-technologies-ca2/data_track2_recovery/IMG/center_2026_08_31_19_27_30_711.jpg,/Users/martin/smart-technologies-ca2/data_track2_recovery/IMG/left_2026_08_31_19_27_30_711.jpg,/Users/martin/smart-technologies-ca2/data_track2_recovery/IMG/right_2026_08_31_19_27_30_711.jpg,0,1,0,30.00638
/Users/martin/smart-technologies-ca2/data_track2_recovery/IMG/center_2026_08_31_19_27_30_783.jpg,/Users/martin/smart-technologies-ca2/data_track2_recovery/IMG/left_2026_08_31_19_27_30_783.jpg,/Users/martin/smart-technologies-ca2/data_track2_recovery/IMG/right_2026_08_31_19_27_30_783.jpg,0,1,0,30.18825
/Users/martin/smart-technologies-ca2/data_track2_recovery/IMG/center_2026_08_31_19_27_30_849.jpg,/Users/martin/smart-technologies-ca2/data_track2_recovery/IMG/left_2026_08_31_19_27_30_849.jpg,/Users/martin/smart-technologies-ca2/data_track2_recovery/IMG/right_2026_08_31_19_27_30_849.jpg,0,1,0,30.18991
/Users/martin/smart-technologies-ca2/data_track2_recovery/IMG/center_2026_08_31_19_27_30_922.jpg,/Users/martin/smart-technologies-ca2/data_track2_recovery/IMG/left_2026_08_31_19_27_30_922.jpg,/Users/martin/smart-technologies-ca2/data_track2_recovery/IMG/right_2026_08_31_19_27_30_922.jpg,0,1,0,30.19015
/Users/martin/smart-technologies-ca2/data_track2_recovery/IMG/center_2026_08_31_19_27_30_993.jpg,/Users/martin/smart-technologies-ca2/data_track2_recovery/IMG/left_2026_08_31_19_27_30_993.jpg,/Users/martin/smart-technologies-ca2/data_track2_recovery/IMG/right_2026_08_31_19_27_30_993.jpg,0,1,0,30.19036
/Users/martin/smart-technologies-ca2/data_track2_recovery/IMG/center_2026_08_31_19_27_31_065.jpg,/Users/martin/smart-technologies-ca2/data_track2_recovery/IMG/left_2026_08_31_19_27_31_065.jpg,/Users/martin/smart-technologies-ca2/data_track2_recovery/IMG/right_2026_08_31_19_27_31_065.jpg,0,1,0,30.19032
/Users/martin/smart-technologies-ca2/data_track2_recovery/IMG/center_2026_08_31_19_27_31_137.jpg,/Users/martin/smart-technologies-ca2/data_track2_recovery/IMG/left_2026_08_31_19_27_31_137.jpg,/Users/martin/smart-technologies-ca2/data_track2_recovery/IMG/right_2026_08_31_19_27_31_137.jpg,-0.1,1,0,30.18786
/Users/martin/smart-technologies-ca2/data_track2_recovery/IMG/center_2026_08_31_19_27_31_208.jpg,/Users/martin/smart-technologies-ca2/data_track2_recovery/IMG/left_2026_08_31_19_27_31_208.jpg,/Users/martin/smart-technologies-ca2/data_track2_recovery/IMG/right_2026_08_31_19_27_31_208.jpg,-0.3,1,0,30.16949
/Users/martin/smart-technologies-ca2/data_track2_recovery/IMG/center_2026_08_31_19_27_31_279.jpg,/Users/martin/smart-technologies-ca2/data_track2_recovery/IMG/left_2026_08_31_19_27_31_279.jpg,/Users/martin/smart-technologies-ca2/data_track2_recovery/IMG/right_2026_08_31_19_27_31_279.jpg,0,1,0,30.18996
/Users/martin/smart-technologies-ca2/data_track2_recovery/IMG/center_2026_08_31_19_27_31_351.jpg,/Users/martin/smart-technologies-ca2/data_track2_recovery/IMG/left_2026_08_31_19_27_31_351.jpg,/Users/martin/smart-technologies-ca2/data_track2_recovery/IMG/right_2026_08_31_19_27_31_351.jpg,0,1,0,30.19009
/Users/martin/smart-technologies-ca2/data_track2_recovery/IMG/center_2026_08_31_19_27_31_419.jpg,/Users/martin/smart-technologies-ca2/data_track2_recovery/IMG/left_2026_08_31_19_27_31_419.jpg,/Users/martin/smart-technologies-ca2/data_track2_recovery/IMG/right_2026_08_31_19_27_31_419.jpg,0,1,0,30.19016
/Users/martin/smart-technologies-ca2/data_track2_recovery/IMG/center_2026_08_31_19_27_31_485.jpg,/Users/martin/smart-technologies-ca2/data_track2_recovery/IMG/left_2026_08_31_19_27_31_485.jpg,/Users/martin/smart-technologies-ca2/data_track2_recovery/IMG/right_2026_08_31_19_27_31_485.jpg,0,1,0,30.19027
/Users/martin/smart-technologies-ca2/data_track2_recovery/IMG/center_2026_08_31_19_27_31_557.jpg,/Users/martin/smart-technologies-ca2/data_track2_recovery/IMG/left_2026_08_31_19_27_31_557.jpg,/Users/martin/smart-technologies-ca2/data_track2_recovery/IMG/right_2026_08_31_19_27_31_557.jpg,0,1,0,30.19027
/Users/martin/smart-technologies-ca2/data_track2_recovery/IMG/center_2026_08_31_19_27_31_630.jpg,/Users/martin/smart-technologies-ca2/data_track2_recovery/IMG/left_2026_08_31_19_27_31_630.jpg,/Users/martin/smart-technologies-ca2/data_track2_recovery/IMG/right_2026_08_31_19_27_31_630.jpg,-0.15,1,0,30.18439
/Users/martin/smart-technologies-ca2/data_track2_recovery/IMG/center_2026_08_31_19_27_31_702.jpg,/Users/martin/smart-technologies-ca2/data_track2_recovery/IMG/left_2026_08_31_19_27_31_702.jpg,/Users/martin/smart-technologies-ca2/data_track2_recovery/IMG/right_2026_08_31_19_27_31_702.jpg,-0.35,1,0,30.16381
/Users/martin/smart-technologies-ca2/data_track2_recovery/IMG/center_2026_08_31_19_27_31_774.jpg,/Users/martin/smart-technologies-ca2/data_track2_recovery/IMG/left_2026_08_31_19_27_31_774.jpg,/Users/martin/smart-technologies-ca2/data_track2_recovery/IMG/right_2026_08_31_19_27_31_774.jpg,0,1,0,30.18905
/Users/martin/smart-technologies-ca2/data_track2_recovery/IMG/center_2026_08_31_19_27_31_845.jpg,/Users/martin/smart-technologies-ca2/data_track2_recovery/IMG/left_2026_08_31_19_27_31_845.jpg,/Users/martin/smart-technologies-ca2/data_track2_recovery/IMG/right_2026_08_31_19_27_31_845.jpg,0,1,0,30.18962
/Users/martin/smart-technologies-ca2/data_track2_recovery/IMG/center_2026_08_31_19_27_31_916.jpg,/Users/martin/smart-technologies-ca2/data_track2_recovery/IMG/left_2026_08_31_19_27_31_916.jpg,/Users/martin/smart-technologies-ca2/data_track2_recovery/IMG/right_2026_08_31_19_27_31_916.jpg,-0.1,1,0,30.18958
/Users/martin/smart-technologies-ca2/data_track2_recovery/IMG/center_2026_08_31_19_27_31_988.jpg,/Users/martin/smart-technologies-ca2/data_track2_recovery/IMG/left_2026_08_31_19_27_31_988.jpg,/Users/martin/smart-technologies-ca2/data_track2_recovery/IMG/right_2026_08_31_19_27_31_988.jpg,-0.3,1,0,30.17254
/Users/martin/smart-technologies-ca2/data_track2_recovery/IMG/center_2026_08_31_19_27_32_061.jpg,/Users/martin/smart-technologies-ca2/data_track2_recovery/IMG/left_2026_08_31_19_27_32_061.jpg,/Users/martin/smart-technologies-ca2/data_track2_recovery/IMG/right_2026_08_31_19_27_32_061.jpg,-0.5000001,1,0,30.14735
/Users/martin/smart-technologies-ca2/data_track2_recovery/IMG/center_2026_08_31_19_27_32_132.jpg,/Users/martin/smart-technologies-ca2/data_track2_recovery/IMG/left_2026_08_31_19_27_32_132.jpg,/Users/martin/smart-technologies-ca2/data_track2_recovery/IMG/right_2026_08_31_19_27_32_132.jpg,-0.6500001,1,0,30.12875
/Users/martin/smart-technologies-ca2/data_track2_recovery/IMG/center_2026_08_31_19_27_32_204.jpg,/Users/martin/smart-technologies-ca2/data_track2_recovery/IMG/left_2026_08_31_19_27_32_204.jpg,/Users/martin/smart-technologies-ca2/data_track2_recovery/IMG/right_2026_08_31_19_27_32_204.jpg,-0.8500001,1,0,30.106
/Users/martin/smart-technologies-ca2/data_track2_recovery/IMG/center_2026_08_31_19_27_32_277.jpg,/Users/martin/smart-technologies-ca2/data_track2_recovery/IMG/left_2026_08_31_19_27_32_277.jpg,/Users/martin/smart-technologies-ca2/data_track2_recovery/IMG/right_2026_08_31_19_27_32_277.jpg,-1,1,0,30.09364
/Users/martin/smart-technologies-ca2/data_track2_recovery/IMG/center_2026_08_31_19_27_32_347.jpg,/Users/martin/smart-technologies-ca2/data_track2_recovery/IMG/left_2026_08_31_19_27_32_347.jpg,/Users/martin/smart-technologies-ca2/data_track2_recovery/IMG/right_2026_08_31_19_27_32_347.jpg,0,1,0,30.17532
/Users/martin/smart-technologies-ca2/data_track2_recovery/IMG/center_2026_08_31_19_27_32_417.jpg,/Users/martin/smart-technologies-ca2/data_track2_recovery/IMG/left_2026_08_31_19_27_32_417.jpg,/Users/martin/smart-technologies-ca2/data_track2_recovery/IMG/right_2026_08_31_19_27_32_417.jpg,0,1,0,30.18365
/Users/martin/smart-technologies-ca2/data_track2_recovery/IMG/center_2026_08_31_19_27_32_486.jpg,/Users/martin/smart-technologies-ca2/data_track2_recovery/IMG/left_2026_08_31_19_27_32_486.jpg,/Users/martin/smart-technologies-ca2/data_track2_recovery/IMG/right_2026_08_31_19_27_32_486.jpg,0,1,0,30.18931
/Users/martin/smart-technologies-ca2/data_track2_recovery/IMG/center_2026_08_31_19_27_32_555.jpg,/Users/martin/smart-technologies-ca2/data_track2_recovery/IMG/left_2026_08_31_19_27_32_555.jpg,/Users/martin/smart-technologies-ca2/data_track2_recovery/IMG/right_2026_08_31_19_27_32_555.jpg,0,1,0,30.18987
/Users/martin/smart-technologies-ca2/data_track2_recovery/IMG/center_2026_08_31_19_27_32_624.jpg,/Users/martin/smart-technologies-ca2/data_track2_recovery/IMG/left_2026_08_31_19_27_32_624.jpg,/Users/martin/smart-technologies-ca2/data_track2_recovery/IMG/right_2026_08_31_19_27_32_624.jpg,-0.15,1,0,30.1865
/Users/martin/smart-technologies-ca2/data_track2_recovery/IMG/center_2026_08_31_19_27_32_693.jpg,/Users/martin/smart-technologies-ca2/data_track2_recovery/IMG/left_2026_08_31_19_27_32_693.jpg,/Users/martin/smart-technologies-ca2/data_track2_recovery/IMG/right_2026_08_31_19_27_32_693.jpg,-0.3,1,0,30.17213
/Users/martin/smart-technologies-ca2/data_track2_recovery/IMG/center_2026_08_31_19_27_32_765.jpg,/Users/martin/smart-technologies-ca2/data_track2_recovery/IMG/left_2026_08_31_19_27_32_765.jpg,/Users/martin/smart-technologies-ca2/data_track2_recovery/IMG/right_2026_08_31_19_27_32_765.jpg,-0.5000001,1,0,30.14717
/Users/martin/smart-technologies-ca2/data_track2_recovery/IMG/center_2026_08_31_19_27_32_837.jpg,/Users/martin/smart-technologies-ca2/data_track2_recovery/IMG/left_2026_08_31_19_27_32_837.jpg,/Users/martin/smart-technologies-ca2/data_track2_recovery/IMG/right_2026_08_31_19_27_32_837.jpg,-0.6500001,1,0,30.12823
/Users/martin/smart-technologies-ca2/data_track2_recovery/IMG/center_2026_08_31_19_27_32_904.jpg,/Users/martin/smart-technologies-ca2/data_track2_recovery/IMG/left_2026_08_31_19_27_32_904.jpg,/Users/martin/smart-technologies-ca2/data_track2_recovery/IMG/right_2026_08_31_19_27_32_904.jpg,-0.8500001,1,0,30.10603
/Users/martin/smart-technologies-ca2/data_track2_recovery/IMG/center_2026_08_31_19_27_32_971.jpg,/Users/martin/smart-technologies-ca2/data_track2_recovery/IMG/left_2026_08_31_19_27_32_971.jpg,/Users/martin/smart-technologies-ca2/data_track2_recovery/IMG/right_2026_08_31_19_27_32_971.jpg,0,1,0,30.17444
/Users/martin/smart-technologies-ca2/data_track2_recovery/IMG/center_2026_08_31_19_27_33_042.jpg,/Users/martin/smart-technologies-ca2/data_track2_recovery/IMG/left_2026_08_31_19_27_33_042.jpg,/Users/martin/smart-technologies-ca2/data_track2_recovery/IMG/right_2026_08_31_19_27_33_042.jpg,0,1,0,30.18646
/Users/martin/smart-technologies-ca2/data_track2_recovery/IMG/center_2026_08_31_19_27_33_109.jpg,/Users/martin/smart-technologies-ca2/data_track2_recovery/IMG/left_2026_08_31_19_27_33_109.jpg,/Users/martin/smart-technologies-ca2/data_track2_recovery/IMG/right_2026_08_31_19_27_33_109.jpg,-0.05,1,0,30.19043
/Users/martin/smart-technologies-ca2/data_track2_recovery/IMG/center_2026_08_31_19_27_33_180.jpg,/Users/martin/smart-technologies-ca2/data_track2_recovery/IMG/left_2026_08_31_19_27_33_180.jpg,/Users/martin/smart-technologies-ca2/data_track2_recovery/IMG/right_2026_08_31_19_27_33_180.jpg,-0.25,1,0,30.18136
/Users/martin/smart-technologies-ca2/data_track2_recovery/IMG/center_2026_08_31_19_27_33_247.jpg,/Users/martin/smart-technologies-ca2/data_track2_recovery/IMG/left_2026_08_31_19_27_33_247.jpg,/Users/martin/smart-technologies-ca2/data_track2_recovery/IMG/right_2026_08_31_19_27_33_247.jpg,-0.4,1,0,30.1633
/Users/martin/smart-technologies-ca2/data_track2_recovery/IMG/center_2026_08_31_19_27_33_318.jpg,/Users/martin/smart-technologies-ca2/data_track2_recovery/IMG/left_2026_08_31_19_27_33_318.jpg,/Users/martin/smart-technologies-ca2/data_track2_recovery/IMG/right_2026_08_31_19_27_33_318.jpg,-0.6000001,1,0,30.13663
/Users/martin/smart-technologies-ca2/data_track2_recovery/IMG/center_2026_08_31_19_27_33_387.jpg,/Users/martin/smart-technologies-ca2/data_track2_recovery/IMG/left_2026_08_31_19_27_33_387.jpg,/Users/martin/smart-technologies-ca2/data_track2_recovery/IMG/right_2026_08_31_19_27_33_387.jpg,-0.7500002,1,0,30.11716
/Users/martin/smart-technologies-ca2/data_track2_recovery/IMG/center_2026_08_31_19_27_33_456.jpg,/Users/martin/smart-technologies-ca2/data_track2_recovery/IMG/left_2026_08_31_19_27_33_456.jpg,/Users/martin/smart-technologies-ca2/data_track2_recovery/IMG/right_2026_08_31_19_27_33_456.jpg,-0.9000002,1,0,30.10209
/Users/martin/smart-technologies-ca2/data_track2_recovery/IMG/center_2026_08_31_19_27_33_526.jpg,/Users/martin/smart-technologies-ca2/data_track2_recovery/IMG/left_2026_08_31_19_27_33_526.jpg,/Users/martin/smart-technologies-ca2/data_track2_recovery/IMG/right_2026_08_31_19_27_33_526.jpg,0,1,0,30.16637
/Users/martin/smart-technologies-ca2/data_track2_recovery/IMG/center_2026_08_31_19_27_33_593.jpg,/Users/martin/smart-technologies-ca2/data_track2_recovery/IMG/left_2026_08_31_19_27_33_593.jpg,/Users/martin/smart-technologies-ca2/data_track2_recovery/IMG/right_2026_08_31_19_27_33_593.jpg,0,1,0,30.17275
/Users/martin/smart-technologies-ca2/data_track2_recovery/IMG/center_2026_08_31_19_27_33_660.jpg,/Users/martin/smart-technologies-ca2/data_track2_recovery/IMG/left_2026_08_31_19_27_33_660.jpg,/Users/martin/smart-technologies-ca2/data_track2_recovery/IMG/right_2026_08_31_19_27_33_660.jpg,0,1,0,30.18428
/Users/martin/smart-technologies-ca2/data_track2_recovery/IMG/center_2026_08_31_19_27_33_730.jpg,/Users/martin/smart-technologies-ca2/data_track2_recovery/IMG/left_2026_08_31_19_27_33_730.jpg,/Users/martin/smart-technologies-ca2/data_track2_recovery/IMG/right_2026_08_31_19_27_33_730.jpg,0,1,0,30.18907
/Users/martin/smart-technologies-ca2/data_track2_recovery/IMG/center_2026_08_31_19_27_33_799.jpg,/Users/martin/smart-technologies-ca2/data_track2_recovery/IMG/left_2026_08_31_19_27_33_799.jpg,/Users/martin/smart-technologies-ca2/data_track2_recovery/IMG/right_2026_08_31_19_27_33_799.jpg,-0.15,1,0,30.18869
/Users/martin/smart-technologies-ca2/data_track2_recovery/IMG/center_2026_08_31_19_27_33_870.jpg,/Users/martin/smart-technologies-ca2/data_track2_recovery/IMG/left_2026_08_31_19_27_33_870.jpg,/Users/martin/smart-technologies-ca2/data_track2_recovery/IMG/right_2026_08_31_19_27_33_870.jpg,-0.3,1,0,30.17453
/Users/martin/smart-technologies-ca2/data_track2_recovery/IMG/center_2026_08_31_19_27_33_937.jpg,/Users/martin/smart-technologies-ca2/data_track2_recovery/IMG/left_2026_08_31_19_27_33_937.jpg,/Users/martin/smart-technologies-ca2/data_track2_recovery/IMG/right_2026_08_31_19_27_33_937.jpg,-0.45,1,0,30.15582
/Users/martin/smart-technologies-ca2/data_track2_recovery/IMG/center_2026_08_31_19_27_34_004.jpg,/Users/martin/smart-technologies-ca2/data_track2_recovery/IMG/left_2026_08_31_19_27_34_004.jpg,/Users/martin/smart-technologies-ca2/data_track2_recovery/IMG/right_2026_08_31_19_27_34_004.jpg,-0.6500001,1,0,30.12957
/Users/martin/smart-technologies-ca2/data_track2_recovery/IMG/center_2026_08_31_19_27_34_074.jpg,/Users/martin/smart-technologies-ca2/data_track2_recovery/IMG/left_2026_08_31_19_27_34_074.jpg,/Users/martin/smart-technologies-ca2/data_track2_recovery/IMG/right_2026_08_31_19_27_34_074.jpg,-0.8000001,1,0,30.11127
/Users/martin/smart-technologies-ca2/data_track2_recovery/IMG/center_2026_08_31_19_27_34_145.jpg,/Users/martin/smart-technologies-ca2/data_track2_recovery/IMG/left_2026_08_31_19_27_34_145.jpg,/Users/martin/smart-technologies-ca2/data_track2_recovery/IMG/right_2026_08_31_19_27_34_145.jpg,0,1,0,30.16433
/Users/martin/smart-technologies-ca2/data_track2_recovery/IMG/center_2026_08_31_19_27_34_215.jpg,/Users/martin/smart-technologies-ca2/data_track2_recovery/IMG/left_2026_08_31_19_27_34_215.jpg,/Users/martin/smart-technologies-ca2/data_track2_recovery/IMG/right_2026_08_31_19_27_34_215.jpg,0,1,0,30.17647
/Users/martin/smart-technologies-ca2/data_track2_recovery/IMG/center_2026_08_31_19_27_34_282.jpg,/Users/martin/smart-technologies-ca2/data_track2_recovery/IMG/left_2026_08_31_19_27_34_282.jpg,/Users/martin/smart-technologies-ca2/data_track2_recovery/IMG/right_2026_08_31_19_27_34_282.jpg,0,1,0,30.18676
/Users/martin/smart-technologies-ca2/data_track2_recovery/IMG/center_2026_08_31_19_27_34_353.jpg,/Users/martin/smart-technologies-ca2/data_track2_recovery/IMG/left_2026_08_31_19_27_34_353.jpg,/Users/martin/smart-technologies-ca2/data_track2_recovery/IMG/right_2026_08_31_19_27_34_353.jpg,0,1,0,30.18943
/Users/martin/smart-technologies-ca2/data_track2_recovery/IMG/center_2026_08_31_19_27_34_423.jpg,/Users/martin/smart-technologies-ca2/data_track2_recovery/IMG/left_2026_08_31_19_27_34_423.jpg,/Users/martin/smart-technologies-ca2/data_track2_recovery/IMG/right_2026_08_31_19_27_34_423.jpg,0,1,0,30.19043
/Users/martin/smart-technologies-ca2/data_track2_recovery/IMG/center_2026_08_31_19_27_34_490.jpg,/Users/martin/smart-technologies-ca2/data_track2_recovery/IMG/left_2026_08_31_19_27_34_490.jpg,/Users/martin/smart-technologies-ca2/data_track2_recovery/IMG/right_2026_08_31_19_27_34_490.jpg,0.1,1,0,30.18618
/Users/martin/smart-technologies-ca2/data_track2_recovery/IMG/center_2026_08_31_19_27_34_561.jpg,/Users/martin/smart-technologies-ca2/data_track2_recovery/IMG/left_2026_08_31_19_27_34_561.jpg,/Users/martin/smart-technologies-ca2/data_track2_recovery/IMG/right_2026_08_31_19_27_34_561.jpg,0.3,1,0,30.16724
/Users/martin/smart-technologies-ca2/data_track2_recovery/IMG/center_2026_08_31_19_27_34_628.jpg,/Users/martin/smart-technologies-ca2/data_track2_recovery/IMG/left_2026_08_31_19_27_34_628.jpg,/Users/martin/smart-technologies-ca2/data_track2_recovery/IMG/right_2026_08_31_19_27_34_628.jpg,0.45,1,0,30.15025
/Users/martin/smart-technologies-ca2/data_track2_recovery/IMG/center_2026_08_31_19_27_34_695.jpg,/Users/martin/smart-technologies-ca2/data_track2_recovery/IMG/left_2026_08_31_19_27_34_695.jpg,/Users/martin/smart-technologies-ca2/data_track2_recovery/IMG/right_2026_08_31_19_27_34_695.jpg,0.6000001,1,0,30.13229
/Users/martin/smart-technologies-ca2/data_track2_recovery/IMG/center_2026_08_31_19_27_34_764.jpg,/Users/martin/smart-technologies-ca2/data_track2_recovery/IMG/left_2026_08_31_19_27_34_764.jpg,/Users/martin/smart-technologies-ca2/data_track2_recovery/IMG/right_2026_08_31_19_27_34_764.jpg,0,1,0,30.16457
/Users/martin/smart-technologies-ca2/data_track2_recovery/IMG/center_2026_08_31_19_27_34_832.jpg,/Users/martin/smart-technologies-ca2/data_track2_recovery/IMG/left_2026_08_31_19_27_34_832.jpg,/Users/martin/smart-technologies-ca2/data_track2_recovery/IMG/right_2026_08_31_19_27_34_832.jpg,0,1,0,30.18093
/Users/martin/smart-technologies-ca2/data_track2_recovery/IMG/center_2026_08_31_19_27_34_899.jpg,/Users/martin/smart-technologies-ca2/data_track2_recovery/IMG/left_2026_08_31_19_27_34_899.jpg,/Users/martin/smart-technologies-ca2/data_track2_recovery/IMG/right_2026_08_31_19_27_34_899.jpg,0,1,0,30.18834
/Users/martin/smart-technologies-ca2/data_track2_recovery/IMG/center_2026_08_31_19_27_34_970.jpg,/Users/martin/smart-technologies-ca2/data_track2_recovery/IMG/left_2026_08_31_19_27_34_970.jpg,/Users/martin/smart-technologies-ca2/data_track2_recovery/IMG/right_2026_08_31_19_27_34_970.jpg,0,1,0,30.18991
/Users/martin/smart-technologies-ca2/data_track2_recovery/IMG/center_2026_08_31_19_27_35_037.jpg,/Users/martin/smart-technologies-ca2/data_track2_recovery/IMG/left_2026_08_31_19_27_35_037.jpg,/Users/martin/smart-technologies-ca2/data_track2_recovery/IMG/right_2026_08_31_19_27_35_037.jpg,0,1,0,30.1901
/Users/martin/smart-technologies-ca2/data_track2_recovery/IMG/center_2026_08_31_19_27_35_105.jpg,/Users/martin/smart-technologies-ca2/data_track2_recovery/IMG/left_2026_08_31_19_27_35_105.jpg,/Users/martin/smart-technologies-ca2/data_track2_recovery/IMG/right_2026_08_31_19_27_35_105.jpg,0,1,0,30.19027
/Users/martin/smart-technologies-ca2/data_track2_recovery/IMG/center_2026_08_31_19_27_35_174.jpg,/Users/martin/smart-technologies-ca2/data_track2_recovery/IMG/left_2026_08_31_19_27_35_174.jpg,/Users/martin/smart-technologies-ca2/data_track2_recovery/IMG/right_2026_08_31_19_27_35_174.jpg,0,1,0,30.1904
/Users/martin/smart-technologies-ca2/data_track2_recovery/IMG/center_2026_08_31_19_27_35_244.jpg,/Users/martin/smart-technologies-ca2/data_track2_recovery/IMG/left_2026_08_31_19_27_35_244.jpg,/Users/martin/smart-technologies-ca2/data_track2_recovery/IMG/right_2026_08_31_19_27_35_244.jpg,0,1,0,30.19034
/Users/martin/smart-technologies-ca2/data_track2_recovery/IMG/center_2026_08_31_19_27_35_311.jpg,/Users/martin/smart-technologies-ca2/data_track2_recovery/IMG/left_2026_08_31_19_27_35_311.jpg,/Users/martin/smart-technologies-ca2/data_track2_recovery/IMG/right_2026_08_31_19_27_35_311.jpg,0,1,0,30.19015
/Users/martin/smart-technologies-ca2/data_track2_recovery/IMG/center_2026_08_31_19_27_35_378.jpg,/Users/martin/smart-technologies-ca2/data_track2_recovery/IMG/left_2026_08_31_19_27_35_378.jpg,/Users/martin/smart-technologies-ca2/data_track2_recovery/IMG/right_2026_08_31_19_27_35_378.jpg,0.2,1,0,30.17981
/Users/martin/smart-technologies-ca2/data_track2_recovery/IMG/center_2026_08_31_19_27_35_448.jpg,/Users/martin/smart-technologies-ca2/data_track2_recovery/IMG/left_2026_08_31_19_27_35_448.jpg,/Users/martin/smart-technologies-ca2/data_track2_recovery/IMG/right_2026_08_31_19_27_35_448.jpg,0.35,1,0,30.16353
/Users/martin/smart-technologies-ca2/data_track2_recovery/IMG/center_2026_08_31_19_27_35_518.jpg,/Users/martin/smart-technologies-ca2/data_track2_recovery/IMG/left_2026_08_31_19_27_35_518.jpg,/Users/martin/smart-technologies-ca2/data_track2_recovery/IMG/right_2026_08_31_19_27_35_518.jpg,0.5000001,1,0,30.14528
/Users/martin/smart-technologies-ca2/data_track2_recovery/IMG/center_2026_08_31_19_27_35_588.jpg,/Users/martin/smart-technologies-ca2/data_track2_recovery/IMG/left_2026_08_31_19_27_35_588.jpg,/Users/martin/smart-technologies-ca2/data_track2_recovery/IMG/right_2026_08_31_19_27_35_588.jpg,0.7,1,0,30.12125
/Users/martin/smart-technologies-ca2/data_track2_recovery/IMG/center_2026_08_31_19_27_35_658.jpg,/Users/martin/smart-technologies-ca2/data_track2_recovery/IMG/left_2026_08_31_19_27_35_658.jpg,/Users/martin/smart-technologies-ca2/data_track2_recovery/IMG/right_2026_08_31_19_27_35_658.jpg,0.9000002,1,0,30.10098
/Users/martin/smart-technologies-ca2/data_track2_recovery/IMG/center_2026_08_31_19_27_35_727.jpg,/Users/martin/smart-technologies-ca2/data_track2_recovery/IMG/left_2026_08_31_19_27_35_727.jpg,/Users/martin/smart-technologies-ca2/data_track2_recovery/IMG/right_2026_08_31_19_27_35_727.jpg,1,1,0,30.09583
/Users/martin/smart-technologies-ca2/data_track2_recovery/IMG/center_2026_08_31_19_27_35_794.jpg,/Users/martin/smart-technologies-ca2/data_track2_recovery/IMG/left_2026_08_31_19_27_35_794.jpg,/Users/martin/smart-technologies-ca2/data_track2_recovery/IMG/right_2026_08_31_19_27_35_794.jpg,1,1,0,30.11115
/Users/martin/smart-technologies-ca2/data_track2_recovery/IMG/center_2026_08_31_19_27_35_863.jpg,/Users/martin/smart-technologies-ca2/data_track2_recovery/IMG/left_2026_08_31_19_27_35_863.jpg,/Users/martin/smart-technologies-ca2/data_track2_recovery/IMG/right_2026_08_31_19_27_35_863.jpg,0,1,0,30.14799
/Users/martin/smart-technologies-ca2/data_track2_recovery/IMG/center_2026_08_31_19_27_35_930.jpg,/Users/martin/smart-technologies-ca2/data_track2_recovery/IMG/left_2026_08_31_19_27_35_930.jpg,/Users/martin/smart-technologies-ca2/data_track2_recovery/IMG/right_2026_08_31_19_27_35_930.jpg,0,1,0,30.16975
/Users/martin/smart-technologies-ca2/data_track2_recovery/IMG/center_2026_08_31_19_27_35_997.jpg,/Users/martin/smart-technologies-ca2/data_track2_recovery/IMG/left_2026_08_31_19_27_35_997.jpg,/Users/martin/smart-technologies-ca2/data_track2_recovery/IMG/right_2026_08_31_19_27_35_997.jpg,0,1,0,30.17876
/Users/martin/smart-technologies-ca2/data_track2_recovery/IMG/center_2026_08_31_19_27_36_067.jpg,/Users/martin/smart-technologies-ca2/data_track2_recovery/IMG/left_2026_08_31_19_27_36_067.jpg,/Users/martin/smart-technologies-ca2/data_track2_recovery/IMG/right_2026_08_31_19_27_36_067.jpg,0,1,0,30.18841
/Users/martin/smart-technologies-ca2/data_track2_recovery/IMG/center_2026_08_31_19_27_36_135.jpg,/Users/martin/smart-technologies-ca2/data_track2_recovery/IMG/left_2026_08_31_19_27_36_135.jpg,/Users/martin/smart-technologies-ca2/data_track2_recovery/IMG/right_2026_08_31_19_27_36_135.jpg,0,1,0,30.19019
/Users/martin/smart-technologies-ca2/data_track2_recovery/IMG/center_2026_08_31_19_27_36_206.jpg,/Users/martin/smart-technologies-ca2/data_track2_recovery/IMG/left_2026_08_31_19_27_36_206.jpg,/Users/martin/smart-technologies-ca2/data_track2_recovery/IMG/right_2026_08_31_19_27_36_206.jpg,0,1,0,30.19033
/Users/martin/smart-technologies-ca2/data_track2_recovery/IMG/center_2026_08_31_19_27_36_276.jpg,/Users/martin/smart-technologies-ca2/data_track2_recovery/IMG/left_2026_08_31_19_27_36_276.jpg,/Users/martin/smart-technologies-ca2/data_track2_recovery/IMG/right_2026_08_31_19_27_36_276.jpg,0,1,0,30.1906
/Users/martin/smart-technologies-ca2/data_track2_recovery/IMG/center_2026_08_31_19_27_36_343.jpg,/Users/martin/smart-technologies-ca2/data_track2_recovery/IMG/left_2026_08_31_19_27_36_343.jpg,/Users/martin/smart-technologies-ca2/data_track2_recovery/IMG/right_2026_08_31_19_27_36_343.jpg,0,1,0,30.19007
/Users/martin/smart-technologies-ca2/data_track2_recovery/IMG/center_2026_08_31_19_27_36_414.jpg,/Users/martin/smart-technologies-ca2/data_track2_recovery/IMG/left_2026_08_31_19_27_36_414.jpg,/Users/martin/smart-technologies-ca2/data_track2_recovery/IMG/right_2026_08_31_19_27_36_414.jpg,0,1,0,30.19025
/Users/martin/smart-technologies-ca2/data_track2_recovery/IMG/center_2026_08_31_19_27_36_482.jpg,/Users/martin/smart-technologies-ca2/data_track2_recovery/IMG/left_2026_08_31_19_27_36_482.jpg,/Users/martin/smart-technologies-ca2/data_track2_recovery/IMG/right_2026_08_31_19_27_36_482.jpg,0.05,1,0,30.18968
/Users/martin/smart-technologies-ca2/data_track2_recovery/IMG/center_2026_08_31_19_27_36_554.jpg,/Users/martin/smart-technologies-ca2/data_track2_recovery/IMG/left_2026_08_31_19_27_36_554.jpg,/Users/martin/smart-technologies-ca2/data_track2_recovery/IMG/right_2026_08_31_19_27_36_554.jpg,0.2,1,0,30.17974
/Users/martin/smart-technologies-ca2/data_track2_recovery/IMG/center_2026_08_31_19_27_36_625.jpg,/Users/martin/smart-technologies-ca2/data_track2_recovery/IMG/left_2026_08_31_19_27_36_625.jpg,/Users/martin/smart-technologies-ca2/data_track2_recovery/IMG/right_2026_08_31_19_27_36_625.jpg,0.4,1,0,30.15733
/Users/martin/smart-technologies-ca2/data_track2_recovery/IMG/center_2026_08_31_19_27_36_696.jpg,/Users/martin/smart-technologies-ca2/data_track2_recovery/IMG/left_2026_08_31_19_27_36_696.jpg,/Users/martin/smart-technologies-ca2/data_track2_recovery/IMG/right_2026_08_31_19_27_36_696.jpg,0.5500001,1,0,30.13919
/Users/martin/smart-technologies-ca2/data_track2_recovery/IMG/center_2026_08_31_19_27_36_762.jpg,/Users/martin/smart-technologies-ca2/data_track2_recovery/IMG/left_2026_08_31_19_27_36_762.jpg,/Users/martin/smart-technologies-ca2/data_track2_recovery/IMG/right_2026_08_31_19_27_36_762.jpg,0,1,0,30.18292
/Users/martin/smart-technologies-ca2/data_track2_recovery/IMG/center_2026_08_31_19_27_36_830.jpg,/Users/martin/smart-technologies-ca2/data_track2_recovery/IMG/left_2026_08_31_19_27_36_830.jpg,/Users/martin/smart-technologies-ca2/data_track2_recovery/IMG/right_2026_08_31_19_27_36_830.jpg,0,1,0,30.18824
/Users/martin/smart-technologies-ca2/data_track2_recovery/IMG/center_2026_08_31_19_27_36_901.jpg,/Users/martin/smart-technologies-ca2/data_track2_recovery/IMG/left_2026_08_31_19_27_36_901.jpg,/Users/martin/smart-technologies-ca2/data_track2_recovery/IMG/right_2026_08_31_19_27_36_901.jpg,0,1,0,30.18981
/Users/martin/smart-technologies-ca2/data_track2_recovery/IMG/center_2026_08_31_19_27_36_972.jpg,/Users/martin/smart-technologies-ca2/data_track2_recovery/IMG/left_2026_08_31_19_27_36_972.jpg,/Users/martin/smart-technologies-ca2/data_track2_recovery/IMG/right_2026_08_31_19_27_36_972.jpg,0,1,0,30.19021
/Users/martin/smart-technologies-ca2/data_track2_recovery/IMG/center_2026_08_31_19_27_37_039.jpg,/Users/martin/smart-technologies-ca2/data_track2_recovery/IMG/left_2026_08_31_19_27_37_039.jpg,/Users/martin/smart-technologies-ca2/data_track2_recovery/IMG/right_2026_08_31_19_27_37_039.jpg,0,1,0,30.1904
/Users/martin/smart-technologies-ca2/data_track2_recovery/IMG/center_2026_08_31_19_27_37_110.jpg,/Users/martin/smart-technologies-ca2/data_track2_recovery/IMG/left_2026_08_31_19_27_37_110.jpg,/Users/martin/smart-technologies-ca2/data_track2_recovery/IMG/right_2026_08_31_19_27_37_110.jpg,0,1,0,30.19025
/Users/martin/smart-technologies-ca2/data_track2_recovery/IMG/center_2026_08_31_19_27_37_181.jpg,/Users/martin/smart-technologies-ca2/data_track2_recovery/IMG/left_2026_08_31_19_27_37_181.jpg,/Users/martin/smart-technologies-ca2/data_track2_recovery/IMG/right_2026_08_31_19_27_37_181.jpg,0,1,0,30.19031
/Users/martin/smart-technologies-ca2/data_track2_recovery/IMG/center_2026_08_31_19_27_37_247.jpg,/Users/martin/smart-technologies-ca2/data_track2_recovery/IMG/left_2026_08_31_19_27_37_247.jpg,/Users/martin/smart-technologies-ca2/data_track2_recovery/IMG/right_2026_08_31_19_27_37_247.jpg,0,1,0,30.1903
/Users/martin/smart-technologies-ca2/data_track2_recovery/IMG/center_2026_08_31_19_27_37_316.jpg,/Users/martin/smart-technologies-ca2/data_track2_recovery/IMG/left_2026_08_31_19_27_37_316.jpg,/Users/martin/smart-technologies-ca2/data_track2_recovery/IMG/right_2026_08_31_19_27_37_316.jpg,0,1,0,30.19035
/Users/martin/smart-technologies-ca2/data_track2_recovery/IMG/center_2026_08_31_19_27_37_384.jpg,/Users/martin/smart-technologies-ca2/data_track2_recovery/IMG/left_2026_08_31_19_27_37_384.jpg,/Users/martin/smart-technologies-ca2/data_track2_recovery/IMG/right_2026_08_31_19_27_37_384.jpg,0,1,0,30.19034
/Users/martin/smart-technologies-ca2/data_track2_recovery/IMG/center_2026_08_31_19_27_37_455.jpg,/Users/martin/smart-technologies-ca2/data_track2_recovery/IMG/left_2026_08_31_19_27_37_455.jpg,/Users/martin/smart-technologies-ca2/data_track2_recovery/IMG/right_2026_08_31_19_27_37_455.jpg,0.1,1,0,30.18764
/Users/martin/smart-technologies-ca2/data_track2_recovery/IMG/center_2026_08_31_19_27_37_526.jpg,/Users/martin/smart-technologies-ca2/data_track2_recovery/IMG/left_2026_08_31_19_27_37_526.jpg,/Users/martin/smart-technologies-ca2/data_track2_recovery/IMG/right_2026_08_31_19_27_37_526.jpg,0.3,1,0,30.1692
/Users/martin/smart-technologies-ca2/data_track2_recovery/IMG/center_2026_08_31_19_27_37_596.jpg,/Users/martin/smart-technologies-ca2/data_track2_recovery/IMG/left_2026_08_31_19_27_37_596.jpg,/Users/martin/smart-technologies-ca2/data_track2_recovery/IMG/right_2026_08_31_19_27_37_596.jpg,0,1,0,30.18121
/Users/martin/smart-technologies-ca2/data_track2_recovery/IMG/center_2026_08_31_19_27_37_664.jpg,/Users/martin/smart-technologies-ca2/data_track2_recovery/IMG/left_2026_08_31_19_27_37_664.jpg,/Users/martin/smart-technologies-ca2/data_track2_recovery/IMG/right_2026_08_31_19_27_37_664.jpg,0,1,0,30.18921
/Users/martin/smart-technologies-ca2/data_track2_recovery/IMG/center_2026_08_31_19_27_37_732.jpg,/Users/martin/smart-technologies-ca2/data_track2_recovery/IMG/left_2026_08_31_19_27_37_732.jpg,/Users/martin/smart-technologies-ca2/data_track2_recovery/IMG/right_2026_08_31_19_27_37_732.jpg,0,1,0,30.19004
/Users/martin/smart-technologies-ca2/data_track2_recovery/IMG/center_2026_08_31_19_27_37_800.jpg,/Users/martin/smart-technologies-ca2/data_track2_recovery/IMG/left_2026_08_31_19_27_37_800.jpg,/Users/martin/smart-technologies-ca2/data_track2_recovery/IMG/right_2026_08_31_19_27_37_800.jpg,0,1,0,30.1902
/Users/martin/smart-technologies-ca2/data_track2_recovery/IMG/center_2026_08_31_19_27_37_871.jpg,/Users/martin/smart-technologies-ca2/data_track2_recovery/IMG/left_2026_08_31_19_27_37_871.jpg,/Users/martin/smart-technologies-ca2/data_track2_recovery/IMG/right_2026_08_31_19_27_37_871.jpg,-0.05,1,0,30.18943
/Users/martin/smart-technologies-ca2/data_track2_recovery/IMG/center_2026_08_31_19_27_37_938.jpg,/Users/martin/smart-technologies-ca2/data_track2_recovery/IMG/left_2026_08_31_19_27_37_938.jpg,/Users/martin/smart-technologies-ca2/data_track2_recovery/IMG/right_2026_08_31_19_27_37_938.jpg,-0.2,1,0,30.17879
/Users/martin/smart-technologies-ca2/data_track2_recovery/IMG/center_2026_08_31_19_27_38_005.jpg,/Users/martin/smart-technologies-ca2/data_track2_recovery/IMG/left_2026_08_31_19_27_38_005.jpg,/Users/martin/smart-technologies-ca2/data_track2_recovery/IMG/right_2026_08_31_19_27_38_005.jpg,-0.4,1,0,30.15695
/Users/martin/smart-technologies-ca2/data_track2_recovery/IMG/center_2026_08_31_19_27_38_075.jpg,/Users/martin/smart-technologies-ca2/data_track2_recovery/IMG/left_2026_08_31_19_27_38_075.jpg,/Users/martin/smart-technologies-ca2/data_track2_recovery/IMG/right_2026_08_31_19_27_38_075.jpg,0,1,0,30.1877
/Users/martin/smart-technologies-ca2/data_track2_recovery/IMG/center_2026_08_31_19_27_38_142.jpg,/Users/martin/smart-technologies-ca2/data_track2_recovery/IMG/left_2026_08_31_19_27_38_142.jpg,/Users/martin/smart-technologies-ca2/data_track2_recovery/IMG/right_2026_08_31_19_27_38_142.jpg,0,1,0,30.18905
/Users/martin/smart-technologies-ca2/data_track2_recovery/IMG/center_2026_08_31_19_27_38_212.jpg,/Users/martin/smart-technologies-ca2/data_track2_recovery/IMG/left_2026_08_31_19_27_38_212.jpg,/Users/martin/smart-technologies-ca2/data_track2_recovery/IMG/right_2026_08_31_19_27_38_212.jpg,-0.003851232,0.9130149,0,30.17767
/Users/martin/smart-technologies-ca2/data_track2_recovery/IMG/center_2026_08_31_19_27_38_293.jpg,/Users/martin/smart-technologies-ca2/data_track2_recovery/IMG/left_2026_08_31_19_27_38_293.jpg,/Users/martin/smart-technologies-ca2/data_track2_recovery/IMG/right_2026_08_31_19_27_38_293.jpg,0,0.6656108,0,29.42998
/Users/martin/smart-technologies-ca2/data_track2_recovery/IMG/center_2026_08_31_19_28_15_383.jpg,/Users/martin/smart-technologies-ca2/data_track2_recovery/IMG/left_2026_08_31_19_28_15_383.jpg,/Users/martin/smart-technologies-ca2/data_track2_recovery/IMG/right_2026_08_31_19_28_15_383.jpg,0,0.1083241,0,0.02501616
/Users/martin/smart-technologies-ca2/data_track2_recovery/IMG/center_2026_08_31_19_28_15_453.jpg,/Users/martin/smart-technologies-ca2/data_track2_recovery/IMG/left_2026_08_31_19_28_15_453.jpg,/Users/martin/smart-technologies-ca2/data_track2_recovery/IMG/right_2026_08_31_19_28_15_453.jpg,0,0.2916119,0,0.1923916
/Users/martin/smart-technologies-ca2/data_track2_recovery/IMG/center_2026_08_31_19_28_15_520.jpg,/Users/martin/smart-technologies-ca2/data_track2_recovery/IMG/left_2026_08_31_19_28_15_520.jpg,/Users/martin/smart-technologies-ca2/data_track2_recovery/IMG/right_2026_08_31_19_28_15_520.jpg,0,0.5267701,0,0.6017659
/Users/martin/smart-technologies-ca2/data_track2_recovery/IMG/center_2026_08_31_19_28_15_587.jpg,/Users/martin/smart-technologies-ca2/data_track2_recovery/IMG/left_2026_08_31_19_28_15_587.jpg,/Users/martin/smart-technologies-ca2/data_track2_recovery/IMG/right_2026_08_31_19_28_15_587.jpg,0,0.7107182,0,0.9654658
/Users/martin/smart-technologies-ca2/data_track2_recovery/IMG/center_2026_08_31_19_28_15_656.jpg,/Users/martin/smart-technologies-ca2/data_track2_recovery/IMG/left_2026_08_31_19_28_15_656.jpg,/Users/martin/smart-technologies-ca2/data_track2_recovery/IMG/right_2026_08_31_19_28_15_656.jpg,0,0.8931119,0,1.618416
/Users/martin/smart-technologies-ca2/data_track2_recovery/IMG/center_2026_08_31_19_28_15_723.jpg,/Users/martin/smart-technologies-ca2/data_track2_recovery/IMG/left_2026_08_31_19_28_15_723.jpg,/Users/martin/smart-technologies-ca2/data_track2_recovery/IMG/right_2026_08_31_19_28_15_723.jpg,0,1,0,2.52194
/Users/martin/smart-technologies-ca2/data_track2_recovery/IMG/center_2026_08_31_19_28_15_790.jpg,/Users/martin/smart-technologies-ca2/data_track2_recovery/IMG/left_2026_08_31_19_28_15_790.jpg,/Users/martin/smart-technologies-ca2/data_track2_recovery/IMG/right_2026_08_31_19_28_15_790.jpg,0,1,0,3.21956
/Users/martin/smart-technologies-ca2/data_track2_recovery/IMG/center_2026_08_31_19_28_15_859.jpg,/Users/martin/smart-technologies-ca2/data_track2_recovery/IMG/left_2026_08_31_19_28_15_859.jpg,/Users/martin/smart-technologies-ca2/data_track2_recovery/IMG/right_2026_08_31_19_28_15_859.jpg,0,1,0,4.1581
/Users/martin/smart-technologies-ca2/data_track2_recovery/IMG/center_2026_08_31_19_28_15_928.jpg,/Users/martin/smart-technologies-ca2/data_track2_recovery/IMG/left_2026_08_31_19_28_15_928.jpg,/Users/martin/smart-technologies-ca2/data_track2_recovery/IMG/right_2026_08_31_19_28_15_928.jpg,0,1,0,4.857988
/Users/martin/smart-technologies-ca2/data_track2_recovery/IMG/center_2026_08_31_19_28_15_995.jpg,/Users/martin/smart-technologies-ca2/data_track2_recovery/IMG/left_2026_08_31_19_28_15_995.jpg,/Users/martin/smart-technologies-ca2/data_track2_recovery/IMG/right_2026_08_31_19_28_15_995.jpg,0,1,0,5.553755
/Users/martin/smart-technologies-ca2/data_track2_recovery/IMG/center_2026_08_31_19_28_16_065.jpg,/Users/martin/smart-technologies-ca2/data_track2_recovery/IMG/left_2026_08_31_19_28_16_065.jpg,/Users/martin/smart-technologies-ca2/data_track2_recovery/IMG/right_2026_08_31_19_28_16_065.jpg,0,1,0,6.475255
/Users/martin/smart-technologies-ca2/data_track2_recovery/IMG/center_2026_08_31_19_28_16_132.jpg,/Users/martin/smart-technologies-ca2/data_track2_recovery/IMG/left_2026_08_31_19_28_16_132.jpg,/Users/martin/smart-technologies-ca2/data_track2_recovery/IMG/right_2026_08_31_19_28_16_132.jpg,0,1,0,7.161589
/Users/martin/smart-technologies-ca2/data_track2_recovery/IMG/center_2026_08_31_19_28_16_200.jpg,/Users/martin/smart-technologies-ca2/data_track2_recovery/IMG/left_2026_08_31_19_28_16_200.jpg,/Users/martin/smart-technologies-ca2/data_track2_recovery/IMG/right_2026_08_31_19_28_16_200.jpg,0,1,0,8.07049
/Users/martin/smart-technologies-ca2/data_track2_recovery/IMG/center_2026_08_31_19_28_16_267.jpg,/Users/martin/smart-technologies-ca2/data_track2_recovery/IMG/left_2026_08_31_19_28_16_267.jpg,/Users/martin/smart-technologies-ca2/data_track2_recovery/IMG/right_2026_08_31_19_28_16_267.jpg,0,1,0,8.747453
/Users/martin/smart-technologies-ca2/data_track2_recovery/IMG/center_2026_08_31_19_28_16_336.jpg,/Users/martin/smart-technologies-ca2/data_track2_recovery/IMG/left_2026_08_31_19_28_16_336.jpg,/Users/martin/smart-technologies-ca2/data_track2_recovery/IMG/right_2026_08_31_19_28_16_336.jpg,0,1,0,9.420713
/Users/martin/smart-technologies-ca2/data_track2_recovery/IMG/center_2026_08_31_19_28_16_403.jpg,/Users/martin/smart-technologies-ca2/data_track2_recovery/IMG/left_2026_08_31_19_28_16_403.jpg,/Users/martin/smart-technologies-ca2/data_track2_recovery/IMG/right_2026_08_31_19_28_16_403.jpg,0,1,0,10.31203
/Users/martin/smart-technologies-ca2/data_track2_recovery/IMG/center_2026_08_31_19_28_16_472.jpg,/Users/martin/smart-technologies-ca2/data_track2_recovery/IMG/left_2026_08_31_19_28_16_472.jpg,/Users/martin/smart-technologies-ca2/data_track2_recovery/IMG/right_2026_08_31_19_28_16_472.jpg,0,1,0,10.9759
/Users/martin/smart-technologies-ca2/data_track2_recovery/IMG/center_2026_08_31_19_28_16_541.jpg,/Users/martin/smart-technologies-ca2/data_track2_recovery/IMG/left_2026_08_31_19_28_16_541.jpg,/Users/martin/smart-technologies-ca2/data_track2_recovery/IMG/right_2026_08_31_19_28_16_541.jpg,0,1,0,11.98321
/Users/martin/smart-technologies-ca2/data_track2_recovery/IMG/center_2026_08_31_19_28_16_608.jpg,/Users/martin/smart-technologies-ca2/data_track2_recovery/IMG/left_2026_08_31_19_28_16_608.jpg,/Users/martin/smart-technologies-ca2/data_track2_recovery/IMG/right_2026_08_31_19_28_16_608.jpg,0,1,0,12.4884
/Users/martin/smart-technologies-ca2/data_track2_recovery/IMG/center_2026_08_31_19_28_16_677.jpg,/Users/martin/smart-technologies-ca2/data_track2_recovery/IMG/left_2026_08_31_19_28_16_677.jpg,/Users/martin/smart-technologies-ca2/data_track2_recovery/IMG/right_2026_08_31_19_28_16_677.jpg,0,1,0,13.03271
/Users/martin/smart-technologies-ca2/data_track2_recovery/IMG/center_2026_08_31_19_28_16_744.jpg,/Users/martin/smart-technologies-ca2/data_track2_recovery/IMG/left_2026_08_31_19_28_16_744.jpg,/Users/martin/smart-technologies-ca2/data_track2_recovery/IMG/right_2026_08_31_19_28_16_744.jpg,0.15,1,0,14.15645
/Users/martin/smart-technologies-ca2/data_track2_recovery/IMG/center_2026_08_31_19_28_16_813.jpg,/Users/martin/smart-technologies-ca2/data_track2_recovery/IMG/left_2026_08_31_19_28_16_813.jpg,/Users/martin/smart-technologies-ca2/data_track2_recovery/IMG/right_2026_08_31_19_28_16_813.jpg,0.3,1,0,14.59169
/Users/martin/smart-technologies-ca2/data_track2_recovery/IMG/center_2026_08_31_19_28_16_880.jpg,/Users/martin/smart-technologies-ca2/data_track2_recovery/IMG/left_2026_08_31_19_28_16_880.jpg,/Users/martin/smart-technologies-ca2/data_track2_recovery/IMG/right_2026_08_31_19_28_16_880.jpg,0.5000001,1,0,15.41698
/Users/martin/smart-technologies-ca2/data_track2_recovery/IMG/center_2026_08_31_19_28_16_947.jpg,/Users/martin/smart-technologies-ca2/data_track2_recovery/IMG/left_2026_08_31_19_28_16_947.jpg,/Users/martin/smart-technologies-ca2/data_track2_recovery/IMG/right_2026_08_31_19_28_16_947.jpg,0,1,0,15.94692
/Users/martin/smart-technologies-ca2/data_track2_recovery/IMG/center_2026_08_31_19_28_17_016.jpg,/Users/martin/smart-technologies-ca2/data_track2_recovery/IMG/left_2026_08_31_19_28_17_016.jpg,/Users/martin/smart-technologies-ca2/data_track2_recovery/IMG/right_2026_08_31_19_28_17_016.jpg,0,1,0,16.68762
/Users/martin/smart-technologies-ca2/data_track2_recovery/IMG/center_2026_08_31_19_28_17_083.jpg,/Users/martin/smart-technologies-ca2/data_track2_recovery/IMG/left_2026_08_31_19_28_17_083.jpg,/Users/martin/smart-technologies-ca2/data_track2_recovery/IMG/right_2026_08_31_19_28_17_083.jpg,0,1,0,17.53438
/Users/martin/smart-technologies-ca2/data_track2_recovery/IMG/center_2026_08_31_19_28_17_150.jpg,/Users/martin/smart-technologies-ca2/data_track2_recovery/IMG/left_2026_08_31_19_28_17_150.jpg,/Users/martin/smart-technologies-ca2/data_track2_recovery/IMG/right_2026_08_31_19_28_17_150.jpg,0.05,1,0,17.99963
/Users/martin/smart-technologies-ca2/data_track2_recovery/IMG/center_2026_08_31_19_28_17_220.jpg,/Users/martin/smart-technologies-ca2/data_track2_recovery/IMG/left_2026_08_31_19_28_17_220.jpg,/Users/martin/smart-technologies-ca2/data_track2_recovery/IMG/right_2026_08_31_19_28_17_220.jpg,0.25,1,0,18.77814
/Users/martin/smart-technologies-ca2/data_track2_recovery/IMG/center_2026_08_31_19_28_17_288.jpg,/Users/martin/smart-technologies-ca2/data_track2_recovery/IMG/left_2026_08_31_19_28_17_288.jpg,/Users/martin/smart-technologies-ca2/data_track2_recovery/IMG/right_2026_08_31_19_28_17_288.jpg,0.4,1,0,19.40872
/Users/martin/smart-technologies-ca2/data_track2_recovery/IMG/center_2026_08_31_19_28_17_355.jpg,/Users/martin/smart-technologies-ca2/data_track2_recovery/IMG/left_2026_08_31_19_28_17_355.jpg,/Users/martin/smart-technologies-ca2/data_track2_recovery/IMG/right_2026_08_31_19_28_17_355.jpg,0.5500001,1,0,19.59126
/Users/martin/smart-technologies-ca2/data_track2_recovery/IMG/center_2026_08_31_19_28_17_424.jpg,/Users/martin/smart-technologies-ca2/data_track2_recovery/IMG/left_2026_08_31_19_28_17_424.jpg,/Users/martin/smart-technologies-ca2/data_track2_recovery/IMG/right_2026_08_31_19_28_17_424.jpg,0,1,0,20.23349
/Users/martin/smart-technologies-ca2/data_track2_recovery/IMG/center_2026_08_31_19_28_17_492.jpg,/Users/martin/smart-technologies-ca2/data_track2_recovery/IMG/left_2026_08_31_19_28_17_492.jpg,/Users/martin/smart-technologies-ca2/data_track2_recovery/IMG/right_2026_08_31_19_28_17_492.jpg,0,1,0,20.77194
/Users/martin/smart-technologies-ca2/data_track2_recovery/IMG/center_2026_08_31_19_28_17_560.jpg,/Users/martin/smart-technologies-ca2/data_track2_recovery/IMG/left_2026_08_31_19_28_17_560.jpg,/Users/martin/smart-technologies-ca2/data_track2_recovery/IMG/right_2026_08_31_19_28_17_560.jpg,0.15,1,0,20.4568
/Users/martin/smart-technologies-ca2/data_track2_recovery/IMG/center_2026_08_31_19_28_17_628.jpg,/Users/martin/smart-technologies-ca2/data_track2_recovery/IMG/left_2026_08_31_19_28_17_628.jpg,/Users/martin/smart-technologies-ca2/data_track2_recovery/IMG/right_2026_08_31_19_28_17_628.jpg,0.3,1,0,20.74411
/Users/martin/smart-technologies-ca2/data_track2_recovery/IMG/center_2026_08_31_19_28_17_696.jpg,/Users/martin/smart-technologies-ca2/data_track2_recovery/IMG/left_2026_08_31_19_28_17_696.jpg,/Users/martin/smart-technologies-ca2/data_track2_recovery/IMG/right_2026_08_31_19_28_17_696.jpg,0.45,1,0,21.16153
/Users/martin/smart-technologies-ca2/data_track2_recovery/IMG/center_2026_08_31_19_28_17_765.jpg,/Users/martin/smart-technologies-ca2/data_track2_recovery/IMG/left_2026_08_31_19_28_17_765.jpg,/Users/martin/smart-technologies-ca2/data_track2_recovery/IMG/right_2026_08_31_19_28_17_765.jpg,0.6500001,1,0,21.64289
/Users/martin/smart-technologies-ca2/data_track2_recovery/IMG/center_2026_08_31_19_28_17_834.jpg,/Users/martin/smart-technologies-ca2/data_track2_recovery/IMG/left_2026_08_31_19_28_17_834.jpg,/Users/martin/smart-technologies-ca2/data_track2_recovery/IMG/right_2026_08_31_19_28_17_834.jpg,0,1,0,21.6157
/Users/martin/smart-technologies-ca2/data_track2_recovery/IMG/center_2026_08_31_19_28_17_903.jpg,/Users/martin/smart-technologies-ca2/data_track2_recovery/IMG/left_2026_08_31_19_28_17_903.jpg,/Users/martin/smart-technologies-ca2/data_track2_recovery/IMG/right_2026_08_31_19_28_17_903.jpg,0,1,0,21.42469
/Users/martin/smart-technologies-ca2/data_track2_recovery/IMG/center_2026_08_31_19_28_17_970.jpg,/Users/martin/smart-technologies-ca2/data_track2_recovery/IMG/left_2026_08_31_19_28_17_970.jpg,/Users/martin/smart-technologies-ca2/data_track2_recovery/IMG/right_2026_08_31_19_28_17_970.jpg,0,1,0,21.32096
/Users/martin/smart-technologies-ca2/data_track2_recovery/IMG/center_2026_08_31_19_28_18_040.jpg,/Users/martin/smart-technologies-ca2/data_track2_recovery/IMG/left_2026_08_31_19_28_18_040.jpg,/Users/martin/smart-technologies-ca2/data_track2_recovery/IMG/right_2026_08_31_19_28_18_040.jpg,0,1,0,21.7403
/Users/martin/smart-technologies-ca2/data_track2_recovery/IMG/center_2026_08_31_19_28_18_107.jpg,/Users/martin/smart-technologies-ca2/data_track2_recovery/IMG/left_2026_08_31_19_28_18_107.jpg,/Users/martin/smart-technologies-ca2/data_track2_recovery/IMG/right_2026_08_31_19_28_18_107.jpg,0,1,0,22.20972
/Users/martin/smart-technologies-ca2/data_track2_recovery/IMG/center_2026_08_31_19_28_18_176.jpg,/Users/martin/smart-technologies-ca2/data_track2_recovery/IMG/left_2026_08_31_19_28_18_176.jpg,/Users/martin/smart-technologies-ca2/data_track2_recovery/IMG/right_2026_08_31_19_28_18_176.jpg,0,1,0,22.47571
/Users/martin/smart-technologies-ca2/data_track2_recovery/IMG/center_2026_08_31_19_28_18_245.jpg,/Users/martin/smart-technologies-ca2/data_track2_recovery/IMG/left_2026_08_31_19_28_18_245.jpg,/Users/martin/smart-technologies-ca2/data_track2_recovery/IMG/right_2026_08_31_19_28_18_245.jpg,0,1,0,22.87441
/Users/martin/smart-technologies-ca2/data_track2_recovery/IMG/center_2026_08_31_19_28_18_314.jpg,/Users/martin/smart-technologies-ca2/data_track2_recovery/IMG/left_2026_08_31_19_28_18_314.jpg,/Users/martin/smart-technologies-ca2/data_track2_recovery/IMG/right_2026_08_31_19_28_18_314.jpg,0,1,0,23.24442
/Users/martin/smart-technologies-ca2/data_track2_recovery/IMG/center_2026_08_31_19_28_18_380.jpg,/Users/martin/smart-technologies-ca2/data_track2_recovery/IMG/left_2026_08_31_19_28_18_380.jpg,/Users/martin/smart-technologies-ca2/data_track2_recovery/IMG/right_2026_08_31_19_28_18_380.jpg,0,1,0,23.6381
/Users/martin/smart-technologies-ca2/data_track2_recovery/IMG/center_2026_08_31_19_28_18_450.jpg,/Users/martin/smart-technologies-ca2/data_track2_recovery/IMG/left_2026_08_31_19_28_18_450.jpg,/Users/martin/smart-technologies-ca2/data_track2_recovery/IMG/right_2026_08_31_19_28_18_450.jpg,0,1,0,23.82122
/Users/martin/smart-technologies-ca2/data_track2_recovery/IMG/center_2026_08_31_19_28_18_517.jpg,/Users/martin/smart-technologies-ca2/data_track2_recovery/IMG/left_2026_08_31_19_28_18_517.jpg,/Users/martin/smart-technologies-ca2/data_track2_recovery/IMG/right_2026_08_31_19_28_18_517.jpg,0,1,0,24.2184
/Users/martin/smart-technologies-ca2/data_track2_recovery/IMG/center_2026_08_31_19_28_18_584.jpg,/Users/martin/smart-technologies-ca2/data_track2_recovery/IMG/left_2026_08_31_19_28_18_584.jpg,/Users/martin/smart-technologies-ca2/data_track2_recovery/IMG/right_2026_08_31_19_28_18_584.jpg,0,1,0,24.52414
/Users/martin/smart-technologies-ca2/data_track2_recovery/IMG/center_2026_08_31_19_28_18_652.jpg,/Users/martin/smart-technologies-ca2/data_track2_recovery/IMG/left_2026_08_31_19_28_18_652.jpg,/Users/martin/smart-technologies-ca2/data_track2_recovery/IMG/right_2026_08_31_19_28_18_652.jpg,0,1,0,24.6694
/Users/martin/smart-technologies-ca2/data_track2_recovery/IMG/center_2026_08_31_19_28_18_720.jpg,/Users/martin/smart-technologies-ca2/data_track2_recovery/IMG/left_2026_08_31_19_28_18_720.jpg,/Users/martin/smart-technologies-ca2/data_track2_recovery/IMG/right_2026_08_31_19_28_18_720.jpg,0,1,0,25.01173
/Users/martin/smart-technologies-ca2/data_track2_recovery/IMG/center_2026_08_31_19_28_18_789.jpg,/Users/martin/smart-technologies-ca2/data_track2_recovery/IMG/left_2026_08_31_19_28_18_789.jpg,/Users/martin/smart-technologies-ca2/data_track2_recovery/IMG/right_2026_08_31_19_28_18_789.jpg,0,1,0,25.3018
/Users/martin/smart-technologies-ca2/data_track2_recovery/IMG/center_2026_08_31_19_28_18_856.jpg,/Users/martin/smart-technologies-ca2/data_track2_recovery/IMG/left_2026_08_31_19_28_18_856.jpg,/Users/martin/smart-technologies-ca2/data_track2_recovery/IMG/right_2026_08_31_19_28_18_856.jpg,0,1,0,25.53112
/Users/martin/smart-technologies-ca2/data_track2_recovery/IMG/center_2026_08_31_19_28_18_925.jpg,/Users/martin/smart-technologies-ca2/data_track2_recovery/IMG/left_2026_08_31_19_28_18_925.jpg,/Users/martin/smart-technologies-ca2/data_track2_recovery/IMG/right_2026_08_31_19_28_18_925.jpg,-0.2,1,0,25.54845
/Users/martin/smart-technologies-ca2/data_track2_recovery/IMG/center_2026_08_31_19_28_18_994.jpg,/Users/martin/smart-technologies-ca2/data_track2_recovery/IMG/left_2026_08_31_19_28_18_994.jpg,/Users/martin/smart-technologies-ca2/data_track2_recovery/IMG/right_2026_08_31_19_28_18_994.jpg,-0.35,1,0,25.33655
/Users/martin/smart-technologies-ca2/data_track2_recovery/IMG/center_2026_08_31_19_28_19_063.jpg,/Users/martin/smart-technologies-ca2/data_track2_recovery/IMG/left_2026_08_31_19_28_19_063.jpg,/Users/martin/smart-technologies-ca2/data_track2_recovery/IMG/right_2026_08_31_19_28_19_063.jpg,0,1,0,25.40188
/Users/martin/smart-technologies-ca2/data_track2_recovery/IMG/center_2026_08_31_19_28_19_130.jpg,/Users/martin/smart-technologies-ca2/data_track2_recovery/IMG/left_2026_08_31_19_28_19_130.jpg,/Users/martin/smart-technologies-ca2/data_track2_recovery/IMG/right_2026_08_31_19_28_19_130.jpg,0,0.838222,0,25.65883
/Users/martin/smart-technologies-ca2/data_track2_recovery/IMG/center_2026_08_31_19_28_19_199.jpg,/Users/martin/smart-technologies-ca2/data_track2_recovery/IMG/left_2026_08_31_19_28_19_199.jpg,/Users/martin/smart-technologies-ca2/data_track2_recovery/IMG/right_2026_08_31_19_28_19_199.jpg,0,0.6009549,0,25.41185
/Users/martin/smart-technologies-ca2/data_track2_recovery/IMG/center_2026_08_31_19_28_19_267.jpg,/Users/martin/smart-technologies-ca2/data_track2_recovery/IMG/left_2026_08_31_19_28_19_267.jpg,/Users/martin/smart-technologies-ca2/data_track2_recovery/IMG/right_2026_08_31_19_28_19_267.jpg,0,0.423643,0,25.11153
/Users/martin/smart-technologies-ca2/data_track2_recovery/IMG/center_2026_08_31_19_28_19_336.jpg,/Users/martin/smart-technologies-ca2/data_track2_recovery/IMG/left_2026_08_31_19_28_19_336.jpg,/Users/martin/smart-technologies-ca2/data_track2_recovery/IMG/right_2026_08_31_19_28_19_336.jpg,-0.1,0.244279,0,24.86706
/Users/martin/smart-technologies-ca2/data_track2_recovery/IMG/center_2026_08_31_19_28_19_402.jpg,/Users/martin/smart-technologies-ca2/data_track2_recovery/IMG/left_2026_08_31_19_28_19_402.jpg,/Users/martin/smart-technologies-ca2/data_track2_recovery/IMG/right_2026_08_31_19_28_19_402.jpg,-0.3,0.003966689,0,24.89743
/Users/martin/smart-technologies-ca2/data_track2_recovery/IMG/center_2026_08_31_19_28_19_469.jpg,/Users/martin/smart-technologies-ca2/data_track2_recovery/IMG/left_2026_08_31_19_28_19_469.jpg,/Users/martin/smart-technologies-ca2/data_track2_recovery/IMG/right_2026_08_31_19_28_19_469.jpg,0,0,0,24.82869
/Users/martin/smart-technologies-ca2/data_track2_recovery/IMG/center_2026_08_31_19_28_19_536.jpg,/Users/martin/smart-technologies-ca2/data_track2_recovery/IMG/left_2026_08_31_19_28_19_536.jpg,/Users/martin/smart-technologies-ca2/data_track2_recovery/IMG/right_2026_08_31_19_28_19_536.jpg,0.1,0,0,24.96836
/Users/martin/smart-technologies-ca2/data_track2_recovery/IMG/center_2026_08_31_19_28_19_603.jpg,/Users/martin/smart-technologies-ca2/data_track2_recovery/IMG/left_2026_08_31_19_28_19_603.jpg,/Users/martin/smart-technologies-ca2/data_track2_recovery/IMG/right_2026_08_31_19_28_19_603.jpg,0.3,0,0,24.95877
/Users/martin/smart-technologies-ca2/data_track2_recovery/IMG/center_2026_08_31_19_28_19_671.jpg,/Users/martin/smart-technologies-ca2/data_track2_recovery/IMG/left_2026_08_31_19_28_19_671.jpg,/Users/martin/smart-technologies-ca2/data_track2_recovery/IMG/right_2026_08_31_19_28_19_671.jpg,0.45,0.02428794,0,24.82394
/Users/martin/smart-technologies-ca2/data_track2_recovery/IMG/center_2026_08_31_19_28_19_738.jpg,/Users/martin/smart-technologies-ca2/data_track2_recovery/IMG/left_2026_08_31_19_28_19_738.jpg,/Users/martin/smart-technologies-ca2/data_track2_recovery/IMG/right_2026_08_31_19_28_19_738.jpg,0,0.266691,0,24.62746
/Users/martin/smart-technologies-ca2/data_track2_recovery/IMG/center_2026_08_31_19_28_19_805.jpg,/Users/martin/smart-technologies-ca2/data_track2_recovery/IMG/left_2026_08_31_19_28_19_805.jpg,/Users/martin/smart-technologies-ca2/data_track2_recovery/IMG/right_2026_08_31_19_28_19_805.jpg,0.1,0.4436971,0,24.77465
/Users/martin/smart-technologies-ca2/data_track2_recovery/IMG/center_2026_08_31_19_28_19_874.jpg,/Users/martin/smart-technologies-ca2/data_track2_recovery/IMG/left_2026_08_31_19_28_19_874.jpg,/Users/martin/smart-technologies-ca2/data_track2_recovery/IMG/right_2026_08_31_19_28_19_874.jpg,0.25,0.6234212,0,24.96474
/Users/martin/smart-technologies-ca2/data_track2_recovery/IMG/center_2026_08_31_19_28_19_942.jpg,/Users/martin/smart-technologies-ca2/data_track2_recovery/IMG/left_2026_08_31_19_28_19_942.jpg,/Users/martin/smart-technologies-ca2/data_track2_recovery/IMG/right_2026_08_31_19_28_19_942.jpg,0,0.866223,0,25.47978
/Users/martin/smart-technologies-ca2/data_track2_recovery/IMG/center_2026_08_31_19_28_20_009.jpg,/Users/martin/smart-technologies-ca2/data_track2_recovery/IMG/left_2026_08_31_19_28_20_009.jpg,/Users/martin/smart-technologies-ca2/data_track2_recovery/IMG/right_2026_08_31_19_28_20_009.jpg,0,1,0,26.01269
/Users/martin/smart-technologies-ca2/data_track2_recovery/IMG/center_2026_08_31_19_28_20_076.jpg,/Users/martin/smart-technologies-ca2/data_track2_recovery/IMG/left_2026_08_31_19_28_20_076.jpg,/Users/martin/smart-technologies-ca2/data_track2_recovery/IMG/right_2026_08_31_19_28_20_076.jpg,0.05,1,0,26.58093
/Users/martin/smart-technologies-ca2/data_track2_recovery/IMG/center_2026_08_31_19_28_20_145.jpg,/Users/martin/smart-technologies-ca2/data_track2_recovery/IMG/left_2026_08_31_19_28_20_145.jpg,/Users/martin/smart-technologies-ca2/data_track2_recovery/IMG/right_2026_08_31_19_28_20_145.jpg,0.25,1,0,27.30889
/Users/martin/smart-technologies-ca2/data_track2_recovery/IMG/center_2026_08_31_19_28_20_213.jpg,/Users/martin/smart-technologies-ca2/data_track2_recovery/IMG/left_2026_08_31_19_28_20_213.jpg,/Users/martin/smart-technologies-ca2/data_track2_recovery/IMG/right_2026_08_31_19_28_20_213.jpg,0.4,1,0,27.80152
/Users/martin/smart-technologies-ca2/data_track2_recovery/IMG/center_2026_08_31_19_28_20_282.jpg,/Users/martin/smart-technologies-ca2/data_track2_recovery/IMG/left_2026_08_31_19_28_20_282.jpg,/Users/martin/smart-technologies-ca2/data_track2_recovery/IMG/right_2026_08_31_19_28_20_282.jpg,0.6000001,1,0,28.3753
/Users/martin/smart-technologies-ca2/data_track2_recovery/IMG/center_2026_08_31_19_28_20_349.jpg,/Users/martin/smart-technologies-ca2/data_track2_recovery/IMG/left_2026_08_31_19_28_20_349.jpg,/Users/martin/smart-technologies-ca2/data_track2_recovery/IMG/right_2026_08_31_19_28_20_349.jpg,0.7500002,1,0,28.74174
/Users/martin/smart-technologies-ca2/data_track2_recovery/IMG/center_2026_08_31_19_28_20_416.jpg,/Users/martin/smart-technologies-ca2/data_track2_recovery/IMG/left_2026_08_31_19_28_20_416.jpg,/Users/martin/smart-technologies-ca2/data_track2_recovery/IMG/right_2026_08_31_19_28_20_416.jpg,0.9000002,1,0,29.05843
/Users/martin/smart-technologies-ca2/data_track2_recovery/IMG/center_2026_08_31_19_28_20_486.jpg,/Users/martin/smart-technologies-ca2/data_track2_recovery/IMG/left_2026_08_31_19_28_20_486.jpg,/Users/martin/smart-technologies-ca2/data_track2_recovery/IMG/right_2026_08_31_19_28_20_486.jpg,0,1,0,29.55621
/Users/martin/smart-technologies-ca2/data_track2_recovery/IMG/center_2026_08_31_19_28_20_555.jpg,/Users/martin/smart-technologies-ca2/data_track2_recovery/IMG/left_2026_08_31_19_28_20_555.jpg,/Users/martin/smart-technologies-ca2/data_track2_recovery/IMG/right_2026_08_31_19_28_20_555.jpg,0,1,0,30.04944
/Users/martin/smart-technologies-ca2/data_track2_recovery/IMG/center_2026_08_31_19_28_20_624.jpg,/Users/martin/smart-technologies-ca2/data_track2_recovery/IMG/left_2026_08_31_19_28_20_624.jpg,/Users/martin/smart-technologies-ca2/data_track2_recovery/IMG/right_2026_08_31_19_28_20_624.jpg,0,1,0,30.18722
/Users/martin/smart-technologies-ca2/data_track2_recovery/IMG/center_2026_08_31_19_28_20_691.jpg,/Users/martin/smart-technologies-ca2/data_track2_recovery/IMG/left_2026_08_31_19_28_20_691.jpg,/Users/martin/smart-technologies-ca2/data_track2_recovery/IMG/right_2026_08_31_19_28_20_691.jpg,0,1,0,30.18939
/Users/martin/smart-technologies-ca2/data_track2_recovery/IMG/center_2026_08_31_19_28_20_759.jpg,/Users/martin/smart-technologies-ca2/data_track2_recovery/IMG/left_2026_08_31_19_28_20_759.jpg,/Users/martin/smart-technologies-ca2/data_track2_recovery/IMG/right_2026_08_31_19_28_20_759.jpg,0,1,0,30.19034
/Users/martin/smart-technologies-ca2/data_track2_recovery/IMG/center_2026_08_31_19_28_20_826.jpg,/Users/martin/smart-technologies-ca2/data_track2_recovery/IMG/left_2026_08_31_19_28_20_826.jpg,/Users/martin/smart-technologies-ca2/data_track2_recovery/IMG/right_2026_08_31_19_28_20_826.jpg,0.1,1,0,30.18914
/Users/martin/smart-technologies-ca2/data_track2_recovery/IMG/center_2026_08_31_19_28_20_893.jpg,/Users/martin/smart-technologies-ca2/data_track2_recovery/IMG/left_2026_08_31_19_28_20_893.jpg,/Users/martin/smart-technologies-ca2/data_track2_recovery/IMG/right_2026_08_31_19_28_20_893.jpg,0.25,1,0,30.17686
/Users/martin/smart-technologies-ca2/data_track2_recovery/IMG/center_2026_08_31_19_28_20_961.jpg,/Users/martin/smart-technologies-ca2/data_track2_recovery/IMG/left_2026_08_31_19_28_20_961.jpg,/Users/martin/smart-technologies-ca2/data_track2_recovery/IMG/right_2026_08_31_19_28_20_961.jpg,0.45,1,0,30.15291
/Users/martin/smart-technologies-ca2/data_track2_recovery/IMG/center_2026_08_31_19_28_21_029.jpg,/Users/martin/smart-technologies-ca2/data_track2_recovery/IMG/left_2026_08_31_19_28_21_029.jpg,/Users/martin/smart-technologies-ca2/data_track2_recovery/IMG/right_2026_08_31_19_28_21_029.jpg,0.6000001,1,0,30.13425
/Users/martin/smart-technologies-ca2/data_track2_recovery/IMG/center_2026_08_31_19_28_21_097.jpg,/Users/martin/smart-technologies-ca2/data_track2_recovery/IMG/left_2026_08_31_19_28_21_097.jpg,/Users/martin/smart-technologies-ca2/data_track2_recovery/IMG/right_2026_08_31_19_28_21_097.jpg,0.7500002,1,0,30.11529
/Users/martin/smart-technologies-ca2/data_track2_recovery/IMG/center_2026_08_31_19_28_21_165.jpg,/Users/martin/smart-technologies-ca2/data_track2_recovery/IMG/left_2026_08_31_19_28_21_165.jpg,/Users/martin/smart-technologies-ca2/data_track2_recovery/IMG/right_2026_08_31_19_28_21_165.jpg,0,1,0,30.18192
/Users/martin/smart-technologies-ca2/data_track2_recovery/IMG/center_2026_08_31_19_28_21_233.jpg,/Users/martin/smart-technologies-ca2/data_track2_recovery/IMG/left_2026_08_31_19_28_21_233.jpg,/Users/martin/smart-technologies-ca2/data_track2_recovery/IMG/right_2026_08_31_19_28_21_233.jpg,0,1,0,30.18765
/Users/martin/smart-technologies-ca2/data_track2_recovery/IMG/center_2026_08_31_19_28_21_303.jpg,/Users/martin/smart-technologies-ca2/data_track2_recovery/IMG/left_2026_08_31_19_28_21_303.jpg,/Users/martin/smart-technologies-ca2/data_track2_recovery/IMG/right_2026_08_31_19_28_21_303.jpg,0.1,1,0,30.19073
/Users/martin/smart-technologies-ca2/data_track2_recovery/IMG/center_2026_08_31_19_28_21_369.jpg,/Users/martin/smart-technologies-ca2/data_track2_recovery/IMG/left_2026_08_31_19_28_21_369.jpg,/Users/martin/smart-technologies-ca2/data_track2_recovery/IMG/right_2026_08_31_19_28_21_369.jpg,0.25,1,0,30.18025
/Users/martin/smart-technologies-ca2/data_track2_recovery/IMG/center_2026_08_31_19_28_21_439.jpg,/Users/martin/smart-technologies-ca2/data_track2_recovery/IMG/left_2026_08_31_19_28_21_439.jpg,/Users/martin/smart-technologies-ca2/data_track2_recovery/IMG/right_2026_08_31_19_28_21_439.jpg,0.45,1,0,30.15544
/Users/martin/smart-technologies-ca2/data_track2_recovery/IMG/center_2026_08_31_19_28_21_508.jpg,/Users/martin/smart-technologies-ca2/data_track2_recovery/IMG/left_2026_08_31_19_28_21_508.jpg,/Users/martin/smart-technologies-ca2/data_track2_recovery/IMG/right_2026_08_31_19_28_21_508.jpg,0.6000001,1,0,30.13618
/Users/martin/smart-technologies-ca2/data_track2_recovery/IMG/center_2026_08_31_19_28_21_577.jpg,/Users/martin/smart-technologies-ca2/data_track2_recovery/IMG/left_2026_08_31_19_28_21_577.jpg,/Users/martin/smart-technologies-ca2/data_track2_recovery/IMG/right_2026_08_31_19_28_21_577.jpg,0.7500002,1,0,30.11687
/Users/martin/smart-technologies-ca2/data_track2_recovery/IMG/center_2026_08_31_19_28_21_644.jpg,/Users/martin/smart-technologies-ca2/data_track2_recovery/IMG/left_2026_08_31_19_28_21_644.jpg,/Users/martin/smart-technologies-ca2/data_track2_recovery/IMG/right_2026_08_31_19_28_21_644.jpg,0,1,0,30.17438
/Users/martin/smart-technologies-ca2/data_track2_recovery/IMG/center_2026_08_31_19_28_21_713.jpg,/Users/martin/smart-technologies-ca2/data_track2_recovery/IMG/left_2026_08_31_19_28_21_713.jpg,/Users/martin/smart-technologies-ca2/data_track2_recovery/IMG/right_2026_08_31_19_28_21_713.jpg,0,1,0,30.18511
/Users/martin/smart-technologies-ca2/data_track2_recovery/IMG/center_2026_08_31_19_28_21_780.jpg,/Users/martin/smart-technologies-ca2/data_track2_recovery/IMG/left_2026_08_31_19_28_21_780.jpg,/Users/martin/smart-technologies-ca2/data_track2_recovery/IMG/right_2026_08_31_19_28_21_780.jpg,0,1,0,30.18943
/Users/martin/smart-technologies-ca2/data_track2_recovery/IMG/center_2026_08_31_19_28_21_850.jpg,/Users/martin/smart-technologies-ca2/data_track2_recovery/IMG/left_2026_08_31_19_28_21_850.jpg,/Users/martin/smart-technologies-ca2/data_track2_recovery/IMG/right_2026_08_31_19_28_21_850.jpg,0,1,0,30.19016
/Users/martin/smart-technologies-ca2/data_track2_recovery/IMG/center_2026_08_31_19_28_21_916.jpg,/Users/martin/smart-technologies-ca2/data_track2_recovery/IMG/left_2026_08_31_19_28_21_916.jpg,/Users/martin/smart-technologies-ca2/data_track2_recovery/IMG/right_2026_08_31_19_28_21_916.jpg,0.15,1,0,30.18677
/Users/martin/smart-technologies-ca2/data_track2_recovery/IMG/center_2026_08_31_19_28_21_986.jpg,/Users/martin/smart-technologies-ca2/data_track2_recovery/IMG/left_2026_08_31_19_28_21_986.jpg,/Users/martin/smart-technologies-ca2/data_track2_recovery/IMG/right_2026_08_31_19_28_21_986.jpg,0.35,1,0,30.16604
/Users/martin/smart-technologies-ca2/data_track2_recovery/IMG/center_2026_08_31_19_28_22_053.jpg,/Users/martin/smart-technologies-ca2/data_track2_recovery/IMG/left_2026_08_31_19_28_22_053.jpg,/Users/martin/smart-technologies-ca2/data_track2_recovery/IMG/right_2026_08_31_19_28_22_053.jpg,0,1,0,30.1888
/Users/martin/smart-technologies-ca2/data_track2_recovery/IMG/center_2026_08_31_19_28_22_120.jpg,/Users/martin/smart-technologies-ca2/data_track2_recovery/IMG/left_2026_08_31_19_28_22_120.jpg,/Users/martin/smart-technologies-ca2/data_track2_recovery/IMG/right_2026_08_31_19_28_22_120.jpg,0,1,0,30.18983
/Users/martin/smart-technologies-ca2/data_track2_recovery/IMG/center_2026_08_31_19_28_22_188.jpg,/Users/martin/smart-technologies-ca2/data_track2_recovery/IMG/left_2026_08_31_19_28_22_188.jpg,/Users/martin/smart-technologies-ca2/data_track2_recovery/IMG/right_2026_08_31_19_28_22_188.jpg,0,1,0,30.19003
/Users/martin/smart-technologies-ca2/data_track2_recovery/IMG/center_2026_08_31_19_28_22_255.jpg,/Users/martin/smart-technologies-ca2/data_track2_recovery/IMG/left_2026_08_31_19_28_22_255.jpg,/Users/martin/smart-technologies-ca2/data_track2_recovery/IMG/right_2026_08_31_19_28_22_255.jpg,0,1,0,30.19045
/Users/martin/smart-technologies-ca2/data_track2_recovery/IMG/center_2026_08_31_19_28_22_323.jpg,/Users/martin/smart-technologies-ca2/data_track2_recovery/IMG/left_2026_08_31_19_28_22_323.jpg,/Users/martin/smart-technologies-ca2/data_track2_recovery/IMG/right_2026_08_31_19_28_22_323.jpg,0,1,0,30.19053
/Users/martin/smart-technologies-ca2/data_track2_recovery/IMG/center_2026_08_31_19_28_22_391.jpg,/Users/martin/smart-technologies-ca2/data_track2_recovery/IMG/left_2026_08_31_19_28_22_391.jpg,/Users/martin/smart-technologies-ca2/data_track2_recovery/IMG/right_2026_08_31_19_28_22_391.jpg,0,1,0,30.19025
/Users/martin/smart-technologies-ca2/data_track2_recovery/IMG/center_2026_08_31_19_28_22_458.jpg,/Users/martin/smart-technologies-ca2/data_track2_recovery/IMG/left_2026_08_31_19_28_22_458.jpg,/Users/martin/smart-technologies-ca2/data_track2_recovery/IMG/right_2026_08_31_19_28_22_458.jpg,0,1,0,30.1904
/Users/martin/smart-technologies-ca2/data_track2_recovery/IMG/center_2026_08_31_19_28_22_525.jpg,/Users/martin/smart-technologies-ca2/data_track2_recovery/IMG/left_2026_08_31_19_28_22_525.jpg,/Users/martin/smart-technologies-ca2/data_track2_recovery/IMG/right_2026_08_31_19_28_22_525.jpg,0,1,0,30.19032
/Users/martin/smart-technologies-ca2/data_track2_recovery/IMG/center_2026_08_31_19_28_22_594.jpg,/Users/martin/smart-technologies-ca2/data_track2_recovery/IMG/left_2026_08_31_19_28_22_594.jpg,/Users/martin/smart-technologies-ca2/data_track2_recovery/IMG/right_2026_08_31_19_28_22_594.jpg,0.15,1,0,30.18428
/Users/martin/smart-technologies-ca2/data_track2_recovery/IMG/center_2026_08_31_19_28_22_663.jpg,/Users/martin/smart-technologies-ca2/data_track2_recovery/IMG/left_2026_08_31_19_28_22_663.jpg,/Users/martin/smart-technologies-ca2/data_track2_recovery/IMG/right_2026_08_31_19_28_22_663.jpg,0.35,1,0,30.16343
/Users/martin/smart-technologies-ca2/data_track2_recovery/IMG/center_2026_08_31_19_28_22_730.jpg,/Users/martin/smart-technologies-ca2/data_track2_recovery/IMG/left_2026_08_31_19_28_22_730.jpg,/Users/martin/smart-technologies-ca2/data_track2_recovery/IMG/right_2026_08_31_19_28_22_730.jpg,0,1,0,30.17934
/Users/martin/smart-technologies-ca2/data_track2_recovery/IMG/center_2026_08_31_19_28_22_797.jpg,/Users/martin/smart-technologies-ca2/data_track2_recovery/IMG/left_2026_08_31_19_28_22_797.jpg,/Users/martin/smart-technologies-ca2/data_track2_recovery/IMG/right_2026_08_31_19_28_22_797.jpg,0,1,0,30.18883
/Users/martin/smart-technologies-ca2/data_track2_recovery/IMG/center_2026_08_31_19_28_22_864.jpg,/Users/martin/smart-technologies-ca2/data_track2_recovery/IMG/left_2026_08_31_19_28_22_864.jpg,/Users/martin/smart-technologies-ca2/data_track2_recovery/IMG/right_2026_08_31_19_28_22_864.jpg,0.05,1,0,30.19022
/Users/martin/smart-technologies-ca2/data_track2_recovery/IMG/center_2026_08_31_19_28_22_933.jpg,/Users/martin/smart-technologies-ca2/data_track2_recovery/IMG/left_2026_08_31_19_28_22_933.jpg,/Users/martin/smart-technologies-ca2/data_track2_recovery/IMG/right_2026_08_31_19_28_22_933.jpg,0.2,1,0,30.18353
/Users/martin/smart-technologies-ca2/data_track2_recovery/IMG/center_2026_08_31_19_28_23_003.jpg,/Users/martin/smart-technologies-ca2/data_track2_recovery/IMG/left_2026_08_31_19_28_23_003.jpg,/Users/martin/smart-technologies-ca2/data_track2_recovery/IMG/right_2026_08_31_19_28_23_003.jpg,0.4,1,0,30.16076
/Users/martin/smart-technologies-ca2/data_track2_recovery/IMG/center_2026_08_31_19_28_23_072.jpg,/Users/martin/smart-technologies-ca2/data_track2_recovery/IMG/left_2026_08_31_19_28_23_072.jpg,/Users/martin/smart-technologies-ca2/data_track2_recovery/IMG/right_2026_08_31_19_28_23_072.jpg,0.5500001,1,0,30.14164
/Users/martin/smart-technologies-ca2/data_track2_recovery/IMG/center_2026_08_31_19_28_23_142.jpg,/Users/martin/smart-technologies-ca2/data_track2_recovery/IMG/left_2026_08_31_19_28_23_142.jpg,/Users/martin/smart-technologies-ca2/data_track2_recovery/IMG/right_2026_08_31_19_28_23_142.jpg,0.7500002,1,0,30.11616
/Users/martin/smart-technologies-ca2/data_track2_recovery/IMG/center_2026_08_31_19_28_23_210.jpg,/Users/martin/smart-technologies-ca2/data_track2_recovery/IMG/left_2026_08_31_19_28_23_210.jpg,/Users/martin/smart-technologies-ca2/data_track2_recovery/IMG/right_2026_08_31_19_28_23_210.jpg,0.9000002,1,0,30.10147
/Users/martin/smart-technologies-ca2/data_track2_recovery/IMG/center_2026_08_31_19_28_23_276.jpg,/Users/martin/smart-technologies-ca2/data_track2_recovery/IMG/left_2026_08_31_19_28_23_276.jpg,/Users/martin/smart-technologies-ca2/data_track2_recovery/IMG/right_2026_08_31_19_28_23_276.jpg,0,1,0,30.16259
/Users/martin/smart-technologies-ca2/data_track2_recovery/IMG/center_2026_08_31_19_28_23_345.jpg,/Users/martin/smart-technologies-ca2/data_track2_recovery/IMG/left_2026_08_31_19_28_23_345.jpg,/Users/martin/smart-technologies-ca2/data_track2_recovery/IMG/right_2026_08_31_19_28_23_345.jpg,0,1,0,30.18246
/Users/martin/smart-technologies-ca2/data_track2_recovery/IMG/center_2026_08_31_19_28_23_415.jpg,/Users/martin/smart-technologies-ca2/data_track2_recovery/IMG/left_2026_08_31_19_28_23_415.jpg,/Users/martin/smart-technologies-ca2/data_track2_recovery/IMG/right_2026_08_31_19_28_23_415.jpg,0,1,0,30.18786
/Users/martin/smart-technologies-ca2/data_track2_recovery/IMG/center_2026_08_31_19_28_23_483.jpg,/Users/martin/smart-technologies-ca2/data_track2_recovery/IMG/left_2026_08_31_19_28_23_483.jpg,/Users/martin/smart-technologies-ca2/data_track2_recovery/IMG/right_2026_08_31_19_28_23_483.jpg,0,1,0,30.18982
/Users/martin/smart-technologies-ca2/data_track2_recovery/IMG/center_2026_08_31_19_28_23_553.jpg,/Users/martin/smart-technologies-ca2/data_track2_recovery/IMG/left_2026_08_31_19_28_23_553.jpg,/Users/martin/smart-technologies-ca2/data_track2_recovery/IMG/right_2026_08_31_19_28_23_553.jpg,0,1,0,30.19034
/Users/martin/smart-technologies-ca2/data_track2_recovery/IMG/center_2026_08_31_19_28_23_623.jpg,/Users/martin/smart-technologies-ca2/data_track2_recovery/IMG/left_2026_08_31_19_28_23_623.jpg,/Users/martin/smart-technologies-ca2/data_track2_recovery/IMG/right_2026_08_31_19_28_23_623.jpg,0,1,0,30.19035
/Users/martin/smart-technologies-ca2/data_track2_recovery/IMG/center_2026_08_31_19_28_23_689.jpg,/Users/martin/smart-technologies-ca2/data_track2_recovery/IMG/left_2026_08_31_19_28_23_689.jpg,/Users/martin/smart-technologies-ca2/data_track2_recovery/IMG/right_2026_08_31_19_28_23_689.jpg,0,1,0,30.19049
/Users/martin/smart-technologies-ca2/data_track2_recovery/IMG/center_2026_08_31_19_28_23_759.jpg,/Users/martin/smart-technologies-ca2/data_track2_recovery/IMG/left_2026_08_31_19_28_23_759.jpg,/Users/martin/smart-technologies-ca2/data_track2_recovery/IMG/right_2026_08_31_19_28_23_759.jpg,0,1,0,30.19028
/Users/martin/smart-technologies-ca2/data_track2_recovery/IMG/center_2026_08_31_19_28_23_826.jpg,/Users/martin/smart-technologies-ca2/data_track2_recovery/IMG/left_2026_08_31_19_28_23_826.jpg,/Users/martin/smart-technologies-ca2/data_track2_recovery/IMG/right_2026_08_31_19_28_23_826.jpg,0,1,0,30.19029
/Users/martin/smart-technologies-ca2/data_track2_recovery/IMG/center_2026_08_31_19_28_23_895.jpg,/Users/martin/smart-technologies-ca2/data_track2_recovery/IMG/left_2026_08_31_19_28_23_895.jpg,/Users/martin/smart-technologies-ca2/data_track2_recovery/IMG/right_2026_08_31_19_28_23_895.jpg,0,1,0,30.19025
/Users/martin/smart-technologies-ca2/data_track2_recovery/IMG/center_2026_08_31_19_28_23_962.jpg,/Users/martin/smart-technologies-ca2/data_track2_recovery/IMG/left_2026_08_31_19_28_23_962.jpg,/Users/martin/smart-technologies-ca2/data_track2_recovery/IMG/right_2026_08_31_19_28_23_962.jpg,0,1,0,30.1902
/Users/martin/smart-technologies-ca2/data_track2_recovery/IMG/center_2026_08_31_19_28_24_031.jpg,/Users/martin/smart-technologies-ca2/data_track2_recovery/IMG/left_2026_08_31_19_28_24_031.jpg,/Users/martin/smart-technologies-ca2/data_track2_recovery/IMG/right_2026_08_31_19_28_24_031.jpg,0,1,0,30.19032
/Users/martin/smart-technologies-ca2/data_track2_recovery/IMG/center_2026_08_31_19_28_24_098.jpg,/Users/martin/smart-technologies-ca2/data_track2_recovery/IMG/left_2026_08_31_19_28_24_098.jpg,/Users/martin/smart-technologies-ca2/data_track2_recovery/IMG/right_2026_08_31_19_28_24_098.jpg,0,1,0,30.19027
/Users/martin/smart-technologies-ca2/data_track2_recovery/IMG/center_2026_08_31_19_28_24_167.jpg,/Users/martin/smart-technologies-ca2/data_track2_recovery/IMG/left_2026_08_31_19_28_24_167.jpg,/Users/martin/smart-technologies-ca2/data_track2_recovery/IMG/right_2026_08_31_19_28_24_167.jpg,0,1,0,30.19037
/Users/martin/smart-technologies-ca2/data_track2_recovery/IMG/center_2026_08_31_19_28_24_236.jpg,/Users/martin/smart-technologies-ca2/data_track2_recovery/IMG/left_2026_08_31_19_28_24_236.jpg,/Users/martin/smart-technologies-ca2/data_track2_recovery/IMG/right_2026_08_31_19_28_24_236.jpg,-0.1,1,0,30.18774
/Users/martin/smart-technologies-ca2/data_track2_recovery/IMG/center_2026_08_31_19_28_24_303.jpg,/Users/martin/smart-technologies-ca2/data_track2_recovery/IMG/left_2026_08_31_19_28_24_303.jpg,/Users/martin/smart-technologies-ca2/data_track2_recovery/IMG/right_2026_08_31_19_28_24_303.jpg,-0.3,1,0,30.16939
/Users/martin/smart-technologies-ca2/data_track2_recovery/IMG/center_2026_08_31_19_28_24_372.jpg,/Users/martin/smart-technologies-ca2/data_track2_recovery/IMG/left_2026_08_31_19_28_24_372.jpg,/Users/martin/smart-technologies-ca2/data_track2_recovery/IMG/right_2026_08_31_19_28_24_372.jpg,-0.45,1,0,30.15162
/Users/martin/smart-technologies-ca2/data_track2_recovery/IMG/center_2026_08_31_19_28_24_440.jpg,/Users/martin/smart-technologies-ca2/data_track2_recovery/IMG/left_2026_08_31_19_28_24_440.jpg,/Users/martin/smart-technologies-ca2/data_track2_recovery/IMG/right_2026_08_31_19_28_24_440.jpg,0,1,0,30.18529
/Users/martin/smart-technologies-ca2/data_track2_recovery/IMG/center_2026_08_31_19_28_24_509.jpg,/Users/martin/smart-technologies-ca2/data_track2_recovery/IMG/left_2026_08_31_19_28_24_509.jpg,/Users/martin/smart-technologies-ca2/data_track2_recovery/IMG/right_2026_08_31_19_28_24_509.jpg,0,1,0,30.18885
/Users/martin/smart-technologies-ca2/data_track2_recovery/IMG/center_2026_08_31_19_28_24_578.jpg,/Users/martin/smart-technologies-ca2/data_track2_recovery/IMG/left_2026_08_31_19_28_24_578.jpg,/Users/martin/smart-technologies-ca2/data_track2_recovery/IMG/right_2026_08_31_19_28_24_578.jpg,0,1,0,30.19002
/Users/martin/smart-technologies-ca2/data_track2_recovery/IMG/center_2026_08_31_19_28_24_646.jpg,/Users/martin/smart-technologies-ca2/data_track2_recovery/IMG/left_2026_08_31_19_28_24_646.jpg,/Users/martin/smart-technologies-ca2/data_track2_recovery/IMG/right_2026_08_31_19_28_24_646.jpg,0,1,0,30.19022
/Users/martin/smart-technologies-ca2/data_track2_recovery/IMG/center_2026_08_31_19_28_24_716.jpg,/Users/martin/smart-technologies-ca2/data_track2_recovery/IMG/left_2026_08_31_19_28_24_716.jpg,/Users/martin/smart-technologies-ca2/data_track2_recovery/IMG/right_2026_08_31_19_28_24_716.jpg,0,1,0,30.19045
/Users/martin/smart-technologies-ca2/data_track2_recovery/IMG/center_2026_08_31_19_28_24_786.jpg,/Users/martin/smart-technologies-ca2/data_track2_recovery/IMG/left_2026_08_31_19_28_24_786.jpg,/Users/martin/smart-technologies-ca2/data_track2_recovery/IMG/right_2026_08_31_19_28_24_786.jpg,0,1,0,30.19043
/Users/martin/smart-technologies-ca2/data_track2_recovery/IMG/center_2026_08_31_19_28_24_855.jpg,/Users/martin/smart-technologies-ca2/data_track2_recovery/IMG/left_2026_08_31_19_28_24_855.jpg,/Users/martin/smart-technologies-ca2/data_track2_recovery/IMG/right_2026_08_31_19_28_24_855.jpg,0,1,0,30.19032
/Users/martin/smart-technologies-ca2/data_track2_recovery/IMG/center_2026_08_31_19_28_24_922.jpg,/Users/martin/smart-technologies-ca2/data_track2_recovery/IMG/left_2026_08_31_19_28_24_922.jpg,/Users/martin/smart-technologies-ca2/data_track2_recovery/IMG/right_2026_08_31_19_28_24_922.jpg,0,1,0,30.20411
/Users/martin/smart-technologies-ca2/data_track2_recovery/IMG/center_2026_08_31_19_28_24_991.jpg,/Users/martin/smart-technologies-ca2/data_track2_recovery/IMG/left_2026_08_31_19_28_24_991.jpg,/Users/martin/smart-technologies-ca2/data_track2_recovery/IMG/right_2026_08_31_19_28_24_991.jpg,0.15,1,0,30.14048
/Users/martin/smart-technologies-ca2/data_track2_recovery/IMG/center_2026_08_31_19_28_25_058.jpg,/Users/martin/smart-technologies-ca2/data_track2_recovery/IMG/left_2026_08_31_19_28_25_058.jpg,/Users/martin/smart-technologies-ca2/data_track2_recovery/IMG/right_2026_08_31_19_28_25_058.jpg,0.35,1,0,30.15506
/Users/martin/smart-technologies-ca2/data_track2_recovery/IMG/center_2026_08_31_19_28_25_125.jpg,/Users/martin/smart-technologies-ca2/data_track2_recovery/IMG/left_2026_08_31_19_28_25_125.jpg,/Users/martin/smart-technologies-ca2/data_track2_recovery/IMG/right_2026_08_31_19_28_25_125.jpg,0,1,0,30.23043
/Users/martin/smart-technologies-ca2/data_track2_recovery/IMG/center_2026_08_31_19_28_25_194.jpg,/Users/martin/smart-technologies-ca2/data_track2_recovery/IMG/left_2026_08_31_19_28_25_194.jpg,/Users/martin/smart-technologies-ca2/data_track2_recovery/IMG/right_2026_08_31_19_28_25_194.jpg,0.15,1,0,29.97245
/Users/martin/smart-technologies-ca2/data_track2_recovery/IMG/center_2026_08_31_19_28_25_261.jpg,/Users/martin/smart-technologies-ca2/data_track2_recovery/IMG/left_2026_08_31_19_28_25_261.jpg,/Users/martin/smart-technologies-ca2/data_track2_recovery/IMG/right_2026_08_31_19_28_25_261.jpg,0.35,1,0,30.13297
/Users/martin/smart-technologies-ca2/data_track2_recovery/IMG/center_2026_08_31_19_28_25_329.jpg,/Users/martin/smart-technologies-ca2/data_track2_recovery/IMG/left_2026_08_31_19_28_25_329.jpg,/Users/martin/smart-technologies-ca2/data_track2_recovery/IMG/right_2026_08_31_19_28_25_329.jpg,0.5000001,1,0,29.70452
/Users/martin/smart-technologies-ca2/data_track2_recovery/IMG/center_2026_08_31_19_28_25_395.jpg,/Users/martin/smart-technologies-ca2/data_track2_recovery/IMG/left_2026_08_31_19_28_25_395.jpg,/Users/martin/smart-technologies-ca2/data_track2_recovery/IMG/right_2026_08_31_19_28_25_395.jpg,0,1,0,29.93033
/Users/martin/smart-technologies-ca2/data_track2_recovery/IMG/center_2026_08_31_19_28_25_464.jpg,/Users/martin/smart-technologies-ca2/data_track2_recovery/IMG/left_2026_08_31_19_28_25_464.jpg,/Users/martin/smart-technologies-ca2/data_track2_recovery/IMG/right_2026_08_31_19_28_25_464.jpg,0,1,0,30.08201
/Users/martin/smart-technologies-ca2/data_track2_recovery/IMG/center_2026_08_31_19_28_25_531.jpg,/Users/martin/smart-technologies-ca2/data_track2_recovery/IMG/left_2026_08_31_19_28_25_531.jpg,/Users/martin/smart-technologies-ca2/data_track2_recovery/IMG/right_2026_08_31_19_28_25_531.jpg,0,1,0,29.62683
/Users/martin/smart-technologies-ca2/data_track2_recovery/IMG/center_2026_08_31_19_28_25_599.jpg,/Users/martin/smart-technologies-ca2/data_track2_recovery/IMG/left_2026_08_31_19_28_25_599.jpg,/Users/martin/smart-technologies-ca2/data_track2_recovery/IMG/right_2026_08_31_19_28_25_599.jpg,0.1,1,0,30.05145
/Users/martin/smart-technologies-ca2/data_track2_recovery/IMG/center_2026_08_31_19_28_25_665.jpg,/Users/martin/smart-technologies-ca2/data_track2_recovery/IMG/left_2026_08_31_19_28_25_665.jpg,/Users/martin/smart-technologies-ca2/data_track2_recovery/IMG/right_2026_08_31_19_28_25_665.jpg,0.25,1,0,30.10083
/Users/martin/smart-technologies-ca2/data_track2_recovery/IMG/center_2026_08_31_19_28_25_736.jpg,/Users/martin/smart-technologies-ca2/data_track2_recovery/IMG/left_2026_08_31_19_28_25_736.jpg,/Users/martin/smart-technologies-ca2/data_track2_recovery/IMG/right_2026_08_31_19_28_25_736.jpg,0,1,0,30.23094
/Users/martin/smart-technologies-ca2/data_track2_recovery/IMG/center_2026_08_31_19_28_25_803.jpg,/Users/martin/smart-technologies-ca2/data_track2_recovery/IMG/left_2026_08_31_19_28_25_803.jpg,/Users/martin/smart-technologies-ca2/data_track2_recovery/IMG/right_2026_08_31_19_28_25_803.jpg,0,1,0,30.08327
/Users/martin/smart-technologies-ca2/data_track2_recovery/IMG/center_2026_08_31_19_28_25_870.jpg,/Users/martin/smart-technologies-ca2/data_track2_recovery/IMG/left_2026_08_31_19_28_25_870.jpg,/Users/martin/smart-technologies-ca2/data_track2_recovery/IMG/right_2026_08_31_19_28_25_870.jpg,0,1,0,30.13367
/Users/martin/smart-technologies-ca2/data_track2_recovery/IMG/center_2026_08_31_19_28_25_938.jpg,/Users/martin/smart-technologies-ca2/data_track2_recovery/IMG/left_2026_08_31_19_28_25_938.jpg,/Users/martin/smart-technologies-ca2/data_track2_recovery/IMG/right_2026_08_31_19_28_25_938.jpg,0.2,1,0,29.96274
/Users/martin/smart-technologies-ca2/data_track2_recovery/IMG/center_2026_08_31_19_28_26_006.jpg,/Users/martin/smart-technologies-ca2/data_track2_recovery/IMG/left_2026_08_31_19_28_26_006.jpg,/Users/martin/smart-technologies-ca2/data_track2_recovery/IMG/right_2026_08_31_19_28_26_006.jpg,0.35,0.8941121,0,30.06255
/Users/martin/smart-technologies-ca2/data_track2_recovery/IMG/center_2026_08_31_19_28_26_074.jpg,/Users/martin/smart-technologies-ca2/data_track2_recovery/IMG/left_2026_08_31_19_28_26_074.jpg,/Users/martin/smart-technologies-ca2/data_track2_recovery/IMG/right_2026_08_31_19_28_26_074.jpg,0.5000001,0.712312,0,29.94378
/Users/martin/smart-technologies-ca2/data_track2_recovery/IMG/center_2026_08_31_19_28_26_142.jpg,/Users/martin/smart-technologies-ca2/data_track2_recovery/IMG/left_2026_08_31_19_28_26_142.jpg,/Users/martin/smart-technologies-ca2/data_track2_recovery/IMG/right_2026_08_31_19_28_26_142.jpg,0.7,0.4776791,0,29.69552
/Users/martin/smart-technologies-ca2/data_track2_recovery/IMG/center_2026_08_31_19_28_26_211.jpg,/Users/martin/smart-technologies-ca2/data_track2_recovery/IMG/left_2026_08_31_19_28_26_211.jpg,/Users/martin/smart-technologies-ca2/data_track2_recovery/IMG/right_2026_08_31_19_28_26_211.jpg,0,0.5869541,0,29.49049
/Users/martin/smart-technologies-ca2/data_track2_recovery/IMG/center_2026_08_31_19_28_26_282.jpg,/Users/martin/smart-technologies-ca2/data_track2_recovery/IMG/left_2026_08_31_19_28_26_282.jpg,/Users/martin/smart-technologies-ca2/data_track2_recovery/IMG/right_2026_08_31_19_28_26_282.jpg,0,0.8250821,0,29.59905
/Users/martin/smart-technologies-ca2/data_track2_recovery/IMG/center_2026_08_31_19_28_26_349.jpg,/Users/martin/smart-technologies-ca2/data_track2_recovery/IMG/left_2026_08_31_19_28_26_349.jpg,/Users/martin/smart-technologies-ca2/data_track2_recovery/IMG/right_2026_08_31_19_28_26_349.jpg,0.05,1,0,29.64251
/Users/martin/smart-technologies-ca2/data_track2_recovery/IMG/center_2026_08_31_19_28_26_416.jpg,/Users/martin/smart-technologies-ca2/data_track2_recovery/IMG/left_2026_08_31_19_28_26_416.jpg,/Users/martin/smart-technologies-ca2/data_track2_recovery/IMG/right_2026_08_31_19_28_26_416.jpg,0.2,1,0,29.9318
/Users/martin/smart-technologies-ca2/data_track2_recovery/IMG/center_2026_08_31_19_28_26_484.jpg,/Users/martin/smart-technologies-ca2/data_track2_recovery/IMG/left_2026_08_31_19_28_26_484.jpg,/Users/martin/smart-technologies-ca2/data_track2_recovery/IMG/right_2026_08_31_19_28_26_484.jpg,0.4,1,0,30.06481
/Users/martin/smart-technologies-ca2/data_track2_recovery/IMG/center_2026_08_31_19_28_26_551.jpg,/Users/martin/smart-technologies-ca2/data_track2_recovery/IMG/left_2026_08_31_19_28_26_551.jpg,/Users/martin/smart-technologies-ca2/data_track2_recovery/IMG/right_2026_08_31_19_28_26_551.jpg,0.5500001,1,0,30.04463
/Users/martin/smart-technologies-ca2/data_track2_recovery/IMG/center_2026_08_31_19_28_26_622.jpg,/Users/martin/smart-technologies-ca2/data_track2_recovery/IMG/left_2026_08_31_19_28_26_622.jpg,/Users/martin/smart-technologies-ca2/data_track2_recovery/IMG/right_2026_08_31_19_28_26_622.jpg,0.7500002,1,0,30.02621
/Users/martin/smart-technologies-ca2/data_track2_recovery/IMG/center_2026_08_31_19_28_26_689.jpg,/Users/martin/smart-technologies-ca2/data_track2_recovery/IMG/left_2026_08_31_19_28_26_689.jpg,/Users/martin/smart-technologies-ca2/data_track2_recovery/IMG/right_2026_08_31_19_28_26_689.jpg,0.9000002,1,0,30.036
/Users/martin/smart-technologies-ca2/data_track2_recovery/IMG/center_2026_08_31_19_28_26_759.jpg,/Users/martin/smart-technologies-ca2/data_track2_recovery/IMG/left_2026_08_31_19_28_26_759.jpg,/Users/martin/smart-technologies-ca2/data_track2_recovery/IMG/right_2026_08_31_19_28_26_759.jpg,1,0.7759751,0,29.93682
/Users/martin/smart-technologies-ca2/data_track2_recovery/IMG/center_2026_08_31_19_28_26_825.jpg,/Users/martin/smart-technologies-ca2/data_track2_recovery/IMG/left_2026_08_31_19_28_26_825.jpg,/Users/martin/smart-technologies-ca2/data_track2_recovery/IMG/right_2026_08_31_19_28_26_825.jpg,1,0.592576,0,29.91017
/Users/martin/smart-technologies-ca2/data_track2_recovery/IMG/center_2026_08_31_19_28_26_893.jpg,/Users/martin/smart-technologies-ca2/data_track2_recovery/IMG/left_2026_08_31_19_28_26_893.jpg,/Users/martin/smart-technologies-ca2/data_track2_recovery/IMG/right_2026_08_31_19_28_26_893.jpg,1,0.4093121,0,29.75975
/Users/martin/smart-technologies-ca2/data_track2_recovery/IMG/center_2026_08_31_19_28_26_960.jpg,/Users/martin/smart-technologies-ca2/data_track2_recovery/IMG/left_2026_08_31_19_28_26_960.jpg,/Users/martin/smart-technologies-ca2/data_track2_recovery/IMG/right_2026_08_31_19_28_26_960.jpg,0,0.6084819,0,29.71742
/Users/martin/smart-technologies-ca2/data_track2_recovery/IMG/center_2026_08_31_19_28_27_029.jpg,/Users/martin/smart-technologies-ca2/data_track2_recovery/IMG/left_2026_08_31_19_28_27_029.jpg,/Users/martin/smart-technologies-ca2/data_track2_recovery/IMG/right_2026_08_31_19_28_27_029.jpg,0,0.7968878,0,29.62176
/Users/martin/smart-technologies-ca2/data_track2_recovery/IMG/center_2026_08_31_19_28_27_100.jpg,/Users/martin/smart-technologies-ca2/data_track2_recovery/IMG/left_2026_08_31_19_28_27_100.jpg,/Users/martin/smart-technologies-ca2/data_track2_recovery/IMG/right_2026_08_31_19_28_27_100.jpg,0,1,0,30.08131
/Users/martin/smart-technologies-ca2/data_track2_recovery/IMG/center_2026_08_31_19_28_27_166.jpg,/Users/martin/smart-technologies-ca2/data_track2_recovery/IMG/left_2026_08_31_19_28_27_166.jpg,/Users/martin/smart-technologies-ca2/data_track2_recovery/IMG/right_2026_08_31_19_28_27_166.jpg,0,1,0,30.22886
/Users/martin/smart-technologies-ca2/data_track2_recovery/IMG/center_2026_08_31_19_28_27_234.jpg,/Users/martin/smart-technologies-ca2/data_track2_recovery/IMG/left_2026_08_31_19_28_27_234.jpg,/Users/martin/smart-technologies-ca2/data_track2_recovery/IMG/right_2026_08_31_19_28_27_234.jpg,0,1,0,30.12999
/Users/martin/smart-technologies-ca2/data_track2_recovery/IMG/center_2026_08_31_19_28_27_301.jpg,/Users/martin/smart-technologies-ca2/data_track2_recovery/IMG/left_2026_08_31_19_28_27_301.jpg,/Users/martin/smart-technologies-ca2/data_track2_recovery/IMG/right_2026_08_31_19_28_27_301.jpg,0.1,1,0,30.13431
/Users/martin/smart-technologies-ca2/data_track2_recovery/IMG/center_2026_08_31_19_28_27_372.jpg,/Users/martin/smart-technologies-ca2/data_track2_recovery/IMG/left_2026_08_31_19_28_27_372.jpg,/Users/martin/smart-technologies-ca2/data_track2_recovery/IMG/right_2026_08_31_19_28_27_372.jpg,0.25,1,0,30.32644
/Users/martin/smart-technologies-ca2/data_track2_recovery/IMG/center_2026_08_31_19_28_27_443.jpg,/Users/martin/smart-technologies-ca2/data_track2_recovery/IMG/left_2026_08_31_19_28_27_443.jpg,/Users/martin/smart-technologies-ca2/data_track2_recovery/IMG/right_2026_08_31_19_28_27_443.jpg,0.45,1,0,30.09798
/Users/martin/smart-technologies-ca2/data_track2_recovery/IMG/center_2026_08_31_19_28_27_507.jpg,/Users/martin/smart-technologies-ca2/data_track2_recovery/IMG/left_2026_08_31_19_28_27_507.jpg,/Users/martin/smart-technologies-ca2/data_track2_recovery/IMG/right_2026_08_31_19_28_27_507.jpg,0.6000001,1,0,30.08728
/Users/martin/smart-technologies-ca2/data_track2_recovery/IMG/center_2026_08_31_19_28_27_574.jpg,/Users/martin/smart-technologies-ca2/data_track2_recovery/IMG/left_2026_08_31_19_28_27_574.jpg,/Users/martin/smart-technologies-ca2/data_track2_recovery/IMG/right_2026_08_31_19_28_27_574.jpg,0,1,0,29.88309
/Users/martin/smart-technologies-ca2/data_track2_recovery/IMG/center_2026_08_31_19_28_27_647.jpg,/Users/martin/smart-technologies-ca2/data_track2_recovery/IMG/left_2026_08_31_19_28_27_647.jpg,/Users/martin/smart-technologies-ca2/data_track2_recovery/IMG/right_2026_08_31_19_28_27_647.jpg,0,1,0,29.87419
/Users/martin/smart-technologies-ca2/data_track2_recovery/IMG/center_2026_08_31_19_28_27_721.jpg,/Users/martin/smart-technologies-ca2/data_track2_recovery/IMG/left_2026_08_31_19_28_27_721.jpg,/Users/martin/smart-technologies-ca2/data_track2_recovery/IMG/right_2026_08_31_19_28_27_721.jpg,0,1,0,30.20241
/Users/martin/smart-technologies-ca2/data_track2_recovery/IMG/center_2026_08_31_19_28_27_794.jpg,/Users/martin/smart-technologies-ca2/data_track2_recovery/IMG/left_2026_08_31_19_28_27_794.jpg,/Users/martin/smart-technologies-ca2/data_track2_recovery/IMG/right_2026_08_31_19_28_27_794.jpg,0,1,0,29.63923
/Users/martin/smart-technologies-ca2/data_track2_recovery/IMG/center_2026_08_31_19_28_27_860.jpg,/Users/martin/smart-technologies-ca2/data_track2_recovery/IMG/left_2026_08_31_19_28_27_860.jpg,/Users/martin/smart-technologies-ca2/data_track2_recovery/IMG/right_2026_08_31_19_28_27_860.jpg,0.15,1,0,30.0803
/Users/martin/smart-technologies-ca2/data_track2_recovery/IMG/center_2026_08_31_19_28_27_927.jpg,/Users/martin/smart-technologies-ca2/data_track2_recovery/IMG/left_2026_08_31_19_28_27_927.jpg,/Users/martin/smart-technologies-ca2/data_track2_recovery/IMG/right_2026_08_31_19_28_27_927.jpg,0.3,1,0,29.88623
/Users/martin/smart-technologies-ca2/data_track2_recovery/IMG/center_2026_08_31_19_28_27_994.jpg,/Users/martin/smart-technologies-ca2/data_track2_recovery/IMG/left_2026_08_31_19_28_27_994.jpg,/Users/martin/smart-technologies-ca2/data_track2_recovery/IMG/right_2026_08_31_19_28_27_994.jpg,0.45,1,0,29.90199
/Users/martin/smart-technologies-ca2/data_track2_recovery/IMG/center_2026_08_31_19_28_28_067.jpg,/Users/martin/smart-technologies-ca2/data_track2_recovery/IMG/left_2026_08_31_19_28_28_067.jpg,/Users/martin/smart-technologies-ca2/data_track2_recovery/IMG/right_2026_08_31_19_28_28_067.jpg,0.6500001,1,0,30.01059
/Users/martin/smart-technologies-ca2/data_track2_recovery/IMG/center_2026_08_31_19_28_28_140.jpg,/Users/martin/smart-technologies-ca2/data_track2_recovery/IMG/left_2026_08_31_19_28_28_140.jpg,/Users/martin/smart-technologies-ca2/data_track2_recovery/IMG/right_2026_08_31_19_28_28_140.jpg,0.8500001,1,0,29.90401
/Users/martin/smart-technologies-ca2/data_track2_recovery/IMG/center_2026_08_31_19_28_28_207.jpg,/Users/martin/smart-technologies-ca2/data_track2_recovery/IMG/left_2026_08_31_19_28_28_207.jpg,/Users/martin/smart-technologies-ca2/data_track2_recovery/IMG/right_2026_08_31_19_28_28_207.jpg,1,1,0,29.87983
/Users/martin/smart-technologies-ca2/data_track2_recovery/IMG/center_2026_08_31_19_28_28_279.jpg,/Users/martin/smart-technologies-ca2/data_track2_recovery/IMG/left_2026_08_31_19_28_28_279.jpg,/Users/martin/smart-technologies-ca2/data_track2_recovery/IMG/right_2026_08_31_19_28_28_279.jpg,0,1,0,30.03879
/Users/martin/smart-technologies-ca2/data_track2_recovery/IMG/center_2026_08_31_19_28_28_350.jpg,/Users/martin/smart-technologies-ca2/data_track2_recovery/IMG/left_2026_08_31_19_28_28_350.jpg,/Users/martin/smart-technologies-ca2/data_track2_recovery/IMG/right_2026_08_31_19_28_28_350.jpg,0,1,0,29.95259
/Users/martin/smart-technologies-ca2/data_track2_recovery/IMG/center_2026_08_31_19_28_28_421.jpg,/Users/martin/smart-technologies-ca2/data_track2_recovery/IMG/left_2026_08_31_19_28_28_421.jpg,/Users/martin/smart-technologies-ca2/data_track2_recovery/IMG/right_2026_08_31_19_28_28_421.jpg,0.2,1,0,30.09383
/Users/martin/smart-technologies-ca2/data_track2_recovery/IMG/center_2026_08_31_19_28_28_489.jpg,/Users/martin/smart-technologies-ca2/data_track2_recovery/IMG/left_2026_08_31_19_28_28_489.jpg,/Users/martin/smart-technologies-ca2/data_track2_recovery/IMG/right_2026_08_31_19_28_28_489.jpg,0.35,1,0,30.08567
/Users/martin/smart-technologies-ca2/data_track2_recovery/IMG/center_2026_08_31_19_28_28_556.jpg,/Users/martin/smart-technologies-ca2/data_track2_recovery/IMG/left_2026_08_31_19_28_28_556.jpg,/Users/martin/smart-technologies-ca2/data_track2_recovery/IMG/right_2026_08_31_19_28_28_556.jpg,0.5000001,1,0,29.91512
/Users/martin/smart-technologies-ca2/data_track2_recovery/IMG/center_2026_08_31_19_28_28_629.jpg,/Users/martin/smart-technologies-ca2/data_track2_recovery/IMG/left_2026_08_31_19_28_28_629.jpg,/Users/martin/smart-technologies-ca2/data_track2_recovery/IMG/right_2026_08_31_19_28_28_629.jpg,0,1,0,30.10142
/Users/martin/smart-technologies-ca2/data_track2_recovery/IMG/center_2026_08_31_19_28_28_696.jpg,/Users/martin/smart-technologies-ca2/data_track2_recovery/IMG/left_2026_08_31_19_28_28_696.jpg,/Users/martin/smart-technologies-ca2/data_track2_recovery/IMG/right_2026_08_31_19_28_28_696.jpg,0.05,1,0,30.06942
/Users/martin/smart-technologies-ca2/data_track2_recovery/IMG/center_2026_08_31_19_28_28_768.jpg,/Users/martin/smart-technologies-ca2/data_track2_recovery/IMG/left_2026_08_31_19_28_28_768.jpg,/Users/martin/smart-technologies-ca2/data_track2_recovery/IMG/right_2026_08_31_19_28_28_768.jpg,0.25,1,0,30.05955
/Users/martin/smart-technologies-ca2/data_track2_recovery/IMG/center_2026_08_31_19_28_28_840.jpg,/Users/martin/smart-technologies-ca2/data_track2_recovery/IMG/left_2026_08_31_19_28_28_840.jpg,/Users/martin/smart-technologies-ca2/data_track2_recovery/IMG/right_2026_08_31_19_28_28_840.jpg,0.45,1,0,30.08887
/Users/martin/smart-technologies-ca2/data_track2_recovery/IMG/center_2026_08_31_19_28_28_911.jpg,/Users/martin/smart-technologies-ca2/data_track2_recovery/IMG/left_2026_08_31_19_28_28_911.jpg,/Users/martin/smart-technologies-ca2/data_track2_recovery/IMG/right_2026_08_31_19_28_28_911.jpg,0.6000001,1,0,30.03662
/Users/martin/smart-technologies-ca2/data_track2_recovery/IMG/center_2026_08_31_19_28_28_982.jpg,/Users/martin/smart-technologies-ca2/data_track2_recovery/IMG/left_2026_08_31_19_28_28_982.jpg,/Users/martin/smart-technologies-ca2/data_track2_recovery/IMG/right_2026_08_31_19_28_28_982.jpg,0,1,0,30.14438
/Users/martin/smart-technologies-ca2/data_track2_recovery/IMG/center_2026_08_31_19_28_29_050.jpg,/Users/martin/smart-technologies-ca2/data_track2_recovery/IMG/left_2026_08_31_19_28_29_050.jpg,/Users/martin/smart-technologies-ca2/data_track2_recovery/IMG/right_2026_08_31_19_28_29_050.jpg,0,1,0,30.14998
/Users/martin/smart-technologies-ca2/data_track2_recovery/IMG/center_2026_08_31_19_28_29_118.jpg,/Users/martin/smart-technologies-ca2/data_track2_recovery/IMG/left_2026_08_31_19_28_29_118.jpg,/Users/martin/smart-technologies-ca2/data_track2_recovery/IMG/right_2026_08_31_19_28_29_118.jpg,0.1,1,0,30.05685
/Users/martin/smart-technologies-ca2/data_track2_recovery/IMG/center_2026_08_31_19_28_29_187.jpg,/Users/martin/smart-technologies-ca2/data_track2_recovery/IMG/left_2026_08_31_19_28_29_187.jpg,/Users/martin/smart-technologies-ca2/data_track2_recovery/IMG/right_2026_08_31_19_28_29_187.jpg,0.25,1,0,30.20293
/Users/martin/smart-technologies-ca2/data_track2_recovery/IMG/center_2026_08_31_19_28_29_256.jpg,/Users/martin/smart-technologies-ca2/data_track2_recovery/IMG/left_2026_08_31_19_28_29_256.jpg,/Users/martin/smart-technologies-ca2/data_track2_recovery/IMG/right_2026_08_31_19_28_29_256.jpg,0.4,1,0,30.14169
/Users/martin/smart-technologies-ca2/data_track2_recovery/IMG/center_2026_08_31_19_28_29_327.jpg,/Users/martin/smart-technologies-ca2/data_track2_recovery/IMG/left_2026_08_31_19_28_29_327.jpg,/Users/martin/smart-technologies-ca2/data_track2_recovery/IMG/right_2026_08_31_19_28_29_327.jpg,0.6000001,1,0,30.15759
/Users/martin/smart-technologies-ca2/data_track2_recovery/IMG/center_2026_08_31_19_28_29_396.jpg,/Users/martin/smart-technologies-ca2/data_track2_recovery/IMG/left_2026_08_31_19_28_29_396.jpg,/Users/martin/smart-technologies-ca2/data_track2_recovery/IMG/right_2026_08_31_19_28_29_396.jpg,0.7500002,1,0,30.12719
/Users/martin/smart-technologies-ca2/data_track2_recovery/IMG/center_2026_08_31_19_28_29_466.jpg,/Users/martin/smart-technologies-ca2/data_track2_recovery/IMG/left_2026_08_31_19_28_29_466.jpg,/Users/martin/smart-technologies-ca2/data_track2_recovery/IMG/right_2026_08_31_19_28_29_466.jpg,0,1,0,29.98161
/Users/martin/smart-technologies-ca2/data_track2_recovery/IMG/center_2026_08_31_19_28_29_533.jpg,/Users/martin/smart-technologies-ca2/data_track2_recovery/IMG/left_2026_08_31_19_28_29_533.jpg,/Users/martin/smart-technologies-ca2/data_track2_recovery/IMG/right_2026_08_31_19_28_29_533.jpg,0,1,0,30.4165
/Users/martin/smart-technologies-ca2/data_track2_recovery/IMG/center_2026_08_31_19_28_29_604.jpg,/Users/martin/smart-technologies-ca2/data_track2_recovery/IMG/left_2026_08_31_19_28_29_604.jpg,/Users/martin/smart-technologies-ca2/data_track2_recovery/IMG/right_2026_08_31_19_28_29_604.jpg,0,1,0,30.14538
/Users/martin/smart-technologies-ca2/data_track2_recovery/IMG/center_2026_08_31_19_28_29_675.jpg,/Users/martin/smart-technologies-ca2/data_track2_recovery/IMG/left_2026_08_31_19_28_29_675.jpg,/Users/martin/smart-technologies-ca2/data_track2_recovery/IMG/right_2026_08_31_19_28_29_675.jpg,0,1,0,30.1122
/Users/martin/smart-technologies-ca2/data_track2_recovery/IMG/center_2026_08_31_19_28_29_744.jpg,/Users/martin/smart-technologies-ca2/data_track2_recovery/IMG/left_2026_08_31_19_28_29_744.jpg,/Users/martin/smart-technologies-ca2/data_track2_recovery/IMG/right_2026_08_31_19_28_29_744.jpg,0,1,0,30.38223
/Users/martin/smart-technologies-ca2/data_track2_recovery/IMG/center_2026_08_31_19_28_29_809.jpg,/Users/martin/smart-technologies-ca2/data_track2_recovery/IMG/left_2026_08_31_19_28_29_809.jpg,/Users/martin/smart-technologies-ca2/data_track2_recovery/IMG/right_2026_08_31_19_28_29_809.jpg,0,0.867697,0,30.16692
/Users/martin/smart-technologies-ca2/data_track2_recovery/IMG/center_2026_08_31_19_28_29_881.jpg,/Users/martin/smart-technologies-ca2/data_track2_recovery/IMG/left_2026_08_31_19_28_29_881.jpg,/Users/martin/smart-technologies-ca2/data_track2_recovery/IMG/right_2026_08_31_19_28_29_881.jpg,0.2,0.619651,0,30.09442
/Users/martin/smart-technologies-ca2/data_track2_recovery/IMG/center_2026_08_31_19_28_29_950.jpg,/Users/martin/smart-technologies-ca2/data_track2_recovery/IMG/left_2026_08_31_19_28_29_950.jpg,/Users/martin/smart-technologies-ca2/data_track2_recovery/IMG/right_2026_08_31_19_28_29_950.jpg,0.35,0.4402298,0,30.03405
/Users/martin/smart-technologies-ca2/data_track2_recovery/IMG/center_2026_08_31_19_28_30_018.jpg,/Users/martin/smart-technologies-ca2/data_track2_recovery/IMG/left_2026_08_31_19_28_30_018.jpg,/Users/martin/smart-technologies-ca2/data_track2_recovery/IMG/right_2026_08_31_19_28_30_018.jpg,0,0.5229906,0,30.05398
/Users/martin/smart-technologies-ca2/data_track2_recovery/IMG/center_2026_08_31_19_28_30_088.jpg,/Users/martin/smart-technologies-ca2/data_track2_recovery/IMG/left_2026_08_31_19_28_30_088.jpg,/Users/martin/smart-technologies-ca2/data_track2_recovery/IMG/right_2026_08_31_19_28_30_088.jpg,0,0.7033205,0,30.10398
/Users/martin/smart-technologies-ca2/data_track2_recovery/IMG/center_2026_08_31_19_28_30_159.jpg,/Users/martin/smart-technologies-ca2/data_track2_recovery/IMG/left_2026_08_31_19_28_30_159.jpg,/Users/martin/smart-technologies-ca2/data_track2_recovery/IMG/right_2026_08_31_19_28_30_159.jpg,0.15,0.9453577,0,30.16023
/Users/martin/smart-technologies-ca2/data_track2_recovery/IMG/center_2026_08_31_19_28_30_230.jpg,/Users/martin/smart-technologies-ca2/data_track2_recovery/IMG/left_2026_08_31_19_28_30_230.jpg,/Users/martin/smart-technologies-ca2/data_track2_recovery/IMG/right_2026_08_31_19_28_30_230.jpg,0.3,1,0,30.17142
/Users/martin/smart-technologies-ca2/data_track2_recovery/IMG/center_2026_08_31_19_28_30_299.jpg,/Users/martin/smart-technologies-ca2/data_track2_recovery/IMG/left_2026_08_31_19_28_30_299.jpg,/Users/martin/smart-technologies-ca2/data_track2_recovery/IMG/right_2026_08_31_19_28_30_299.jpg,0.5000001,0.8074242,0,30.11036
/Users/martin/smart-technologies-ca2/data_track2_recovery/IMG/center_2026_08_31_19_28_30_367.jpg,/Users/martin/smart-technologies-ca2/data_track2_recovery/IMG/left_2026_08_31_19_28_30_367.jpg,/Users/martin/smart-technologies-ca2/data_track2_recovery/IMG/right_2026_08_31_19_28_30_367.jpg,0.6500001,0.6295,0,30.04733
/Users/martin/smart-technologies-ca2/data_track2_recovery/IMG/center_2026_08_31_19_28_30_439.jpg,/Users/martin/smart-technologies-ca2/data_track2_recovery/IMG/left_2026_08_31_19_28_30_439.jpg,/Users/martin/smart-technologies-ca2/data_track2_recovery/IMG/right_2026_08_31_19_28_30_439.jpg,0.8500001,0.3883033,0,29.94368
/Users/martin/smart-technologies-ca2/data_track2_recovery/IMG/center_2026_08_31_19_28_30_505.jpg,/Users/martin/smart-technologies-ca2/data_track2_recovery/IMG/left_2026_08_31_19_28_30_505.jpg,/Users/martin/smart-technologies-ca2/data_track2_recovery/IMG/right_2026_08_31_19_28_30_505.jpg,1,0.2014363,0,29.71793
/Users/martin/smart-technologies-ca2/data_track2_recovery/IMG/center_2026_08_31_19_28_30_574.jpg,/Users/martin/smart-technologies-ca2/data_track2_recovery/IMG/left_2026_08_31_19_28_30_574.jpg,/Users/martin/smart-technologies-ca2/data_track2_recovery/IMG/right_2026_08_31_19_28_30_574.jpg,1,0.02321529,0,29.37587
/Users/martin/smart-technologies-ca2/data_track2_recovery/IMG/center_2026_08_31_19_28_30_641.jpg,/Users/martin/smart-technologies-ca2/data_track2_recovery/IMG/left_2026_08_31_19_28_30_641.jpg,/Users/martin/smart-technologies-ca2/data_track2_recovery/IMG/right_2026_08_31_19_28_30_641.jpg,1,0,0,28.88094
/Users/martin/smart-technologies-ca2/data_track2_recovery/IMG/center_2026_08_31_19_28_30_708.jpg,/Users/martin/smart-technologies-ca2/data_track2_recovery/IMG/left_2026_08_31_19_28_30_708.jpg,/Users/martin/smart-technologies-ca2/data_track2_recovery/IMG/right_2026_08_31_19_28_30_708.jpg,1,0,0,28.56034
/Users/martin/smart-technologies-ca2/data_track2_recovery/IMG/center_2026_08_31_19_28_30_778.jpg,/Users/martin/smart-technologies-ca2/data_track2_recovery/IMG/left_2026_08_31_19_28_30_778.jpg,/Users/martin/smart-technologies-ca2/data_track2_recovery/IMG/right_2026_08_31_19_28_30_778.jpg,0,0,0,28.22551
/Users/martin/smart-technologies-ca2/data_track2_recovery/IMG/center_2026_08_31_19_28_30_845.jpg,/Users/martin/smart-technologies-ca2/data_track2_recovery/IMG/left_2026_08_31_19_28_30_845.jpg,/Users/martin/smart-technologies-ca2/data_track2_recovery/IMG/right_2026_08_31_19_28_30_845.jpg,0,0,0,27.92164
/Users/martin/smart-technologies-ca2/data_track2_recovery/IMG/center_2026_08_31_19_28_30_913.jpg,/Users/martin/smart-technologies-ca2/data_track2_recovery/IMG/left_2026_08_31_19_28_30_913.jpg,/Users/martin/smart-technologies-ca2/data_track2_recovery/IMG/right_2026_08_31_19_28_30_913.jpg,0,0,0,27.71153
/Users/martin/smart-technologies-ca2/data_track2_recovery/IMG/center_2026_08_31_19_28_30_983.jpg,/Users/martin/smart-technologies-ca2/data_track2_recovery/IMG/left_2026_08_31_19_28_30_983.jpg,/Users/martin/smart-technologies-ca2/data_track2_recovery/IMG/right_2026_08_31_19_28_30_983.jpg,0,0,0,27.44778
/Users/martin/smart-technologies-ca2/data_track2_recovery/IMG/center_2026_08_31_19_28_31_053.jpg,/Users/martin/smart-technologies-ca2/data_track2_recovery/IMG/left_2026_08_31_19_28_31_053.jpg,/Users/martin/smart-technologies-ca2/data_track2_recovery/IMG/right_2026_08_31_19_28_31_053.jpg,0,0.1101419,0,27.29015
/Users/martin/smart-technologies-ca2/data_track2_recovery/IMG/center_2026_08_31_19_28_31_120.jpg,/Users/martin/smart-technologies-ca2/data_track2_recovery/IMG/left_2026_08_31_19_28_31_120.jpg,/Users/martin/smart-technologies-ca2/data_track2_recovery/IMG/right_2026_08_31_19_28_31_120.jpg,0.1,0.2667507,0,27.28223
/Users/martin/smart-technologies-ca2/data_track2_recovery/IMG/center_2026_08_31_19_28_31_190.jpg,/Users/martin/smart-technologies-ca2/data_track2_recovery/IMG/left_2026_08_31_19_28_31_190.jpg,/Users/martin/smart-technologies-ca2/data_track2_recovery/IMG/right_2026_08_31_19_28_31_190.jpg,0.25,0.09037757,0,27.23644
/Users/martin/smart-technologies-ca2/data_track2_recovery/IMG/center_2026_08_31_19_28_31_259.jpg,/Users/martin/smart-technologies-ca2/data_track2_recovery/IMG/left_2026_08_31_19_28_31_259.jpg,/Users/martin/smart-technologies-ca2/data_track2_recovery/IMG/right_2026_08_31_19_28_31_259.jpg,0,0,0,26.99583
/Users/martin/smart-technologies-ca2/data_track2_recovery/IMG/center_2026_08_31_19_28_31_329.jpg,/Users/martin/smart-technologies-ca2/data_track2_recovery/IMG/left_2026_08_31_19_28_31_329.jpg,/Users/martin/smart-technologies-ca2/data_track2_recovery/IMG/right_2026_08_31_19_28_31_329.jpg,0,0,0,26.82972
/Users/martin/smart-technologies-ca2/data_track2_recovery/IMG/center_2026_08_31_19_28_31_399.jpg,/Users/martin/smart-technologies-ca2/data_track2_recovery/IMG/left_2026_08_31_19_28_31_399.jpg,/Users/martin/smart-technologies-ca2/data_track2_recovery/IMG/right_2026_08_31_19_28_31_399.jpg,-0.05,0,0,26.61193
/Users/martin/smart-technologies-ca2/data_track2_recovery/IMG/center_2026_08_31_19_28_31_465.jpg,/Users/martin/smart-technologies-ca2/data_track2_recovery/IMG/left_2026_08_31_19_28_31_465.jpg,/Users/martin/smart-technologies-ca2/data_track2_recovery/IMG/right_2026_08_31_19_28_31_465.jpg,-0.2,0,0,26.42756
/Users/martin/smart-technologies-ca2/data_track2_recovery/IMG/center_2026_08_31_19_28_31_532.jpg,/Users/martin/smart-technologies-ca2/data_track2_recovery/IMG/left_2026_08_31_19_28_31_532.jpg,/Users/martin/smart-technologies-ca2/data_track2_recovery/IMG/right_2026_08_31_19_28_31_532.jpg,-0.35,0,0,26.20498
/Users/martin/smart-technologies-ca2/data_track2_recovery/IMG/center_2026_08_31_19_28_31_603.jpg,/Users/martin/smart-technologies-ca2/data_track2_recovery/IMG/left_2026_08_31_19_28_31_603.jpg,/Users/martin/smart-technologies-ca2/data_track2_recovery/IMG/right_2026_08_31_19_28_31_603.jpg,-0.5500001,0,0.20937,24.7452
/Users/martin/smart-technologies-ca2/data_track2_recovery/IMG/center_2026_08_31_19_28_31_672.jpg,/Users/martin/smart-technologies-ca2/data_track2_recovery/IMG/left_2026_08_31_19_28_31_672.jpg,/Users/martin/smart-technologies-ca2/data_track2_recovery/IMG/right_2026_08_31_19_28_31_672.jpg,0,0,0.1307942,23.59544
/Users/martin/smart-technologies-ca2/data_track2_recovery/IMG/center_2026_08_31_19_28_31_740.jpg,/Users/martin/smart-technologies-ca2/data_track2_recovery/IMG/left_2026_08_31_19_28_31_740.jpg,/Users/martin/smart-technologies-ca2/data_track2_recovery/IMG/right_2026_08_31_19_28_31_740.jpg,-0.05,0,0,22.13413
/Users/martin/smart-technologies-ca2/data_track2_recovery/IMG/center_2026_08_31_19_28_31_809.jpg,/Users/martin/smart-technologies-ca2/data_track2_recovery/IMG/left_2026_08_31_19_28_31_809.jpg,/Users/martin/smart-technologies-ca2/data_track2_recovery/IMG/right_2026_08_31_19_28_31_809.jpg,-0.2,0,0,21.64603
/Users/martin/smart-technologies-ca2/data_track2_recovery/IMG/center_2026_08_31_19_28_31_879.jpg,/Users/martin/smart-technologies-ca2/data_track2_recovery/IMG/left_2026_08_31_19_28_31_879.jpg,/Users/martin/smart-technologies-ca2/data_track2_recovery/IMG/right_2026_08_31_19_28_31_879.jpg,-0.4,0,0,21.40474
/Users/martin/smart-technologies-ca2/data_track2_recovery/IMG/center_2026_08_31_19_28_31_948.jpg,/Users/martin/smart-technologies-ca2/data_track2_recovery/IMG/left_2026_08_31_19_28_31_948.jpg,/Users/martin/smart-technologies-ca2/data_track2_recovery/IMG/right_2026_08_31_19_28_31_948.jpg,-0.5500001,0,0,21.46894
/Users/martin/smart-technologies-ca2/data_track2_recovery/IMG/center_2026_08_31_19_28_32_016.jpg,/Users/martin/smart-technologies-ca2/data_track2_recovery/IMG/left_2026_08_31_19_28_32_016.jpg,/Users/martin/smart-technologies-ca2/data_track2_recovery/IMG/right_2026_08_31_19_28_32_016.jpg,-0.7,0.1275212,0,20.99084
/Users/martin/smart-technologies-ca2/data_track2_recovery/IMG/center_2026_08_31_19_28_32_086.jpg,/Users/martin/smart-technologies-ca2/data_track2_recovery/IMG/left_2026_08_31_19_28_32_086.jpg,/Users/martin/smart-technologies-ca2/data_track2_recovery/IMG/right_2026_08_31_19_28_32_086.jpg,-0.9000002,0.369642,0,20.87693
/Users/martin/smart-technologies-ca2/data_track2_recovery/IMG/center_2026_08_31_19_28_32_156.jpg,/Users/martin/smart-technologies-ca2/data_track2_recovery/IMG/left_2026_08_31_19_28_32_156.jpg,/Users/martin/smart-technologies-ca2/data_track2_recovery/IMG/right_2026_08_31_19_28_32_156.jpg,-1,0.5505002,0,21.04116
/Users/martin/smart-technologies-ca2/data_track2_recovery/IMG/center_2026_08_31_19_28_32_224.jpg,/Users/martin/smart-technologies-ca2/data_track2_recovery/IMG/left_2026_08_31_19_28_32_224.jpg,/Users/martin/smart-technologies-ca2/data_track2_recovery/IMG/right_2026_08_31_19_28_32_224.jpg,-1,0.7375592,0,21.31269
/Users/martin/smart-technologies-ca2/data_track2_recovery/IMG/center_2026_08_31_19_28_32_294.jpg,/Users/martin/smart-technologies-ca2/data_track2_recovery/IMG/left_2026_08_31_19_28_32_294.jpg,/Users/martin/smart-technologies-ca2/data_track2_recovery/IMG/right_2026_08_31_19_28_32_294.jpg,-1,0.5634152,0,21.4594
/Users/martin/smart-technologies-ca2/data_track2_recovery/IMG/center_2026_08_31_19_28_32_361.jpg,/Users/martin/smart-technologies-ca2/data_track2_recovery/IMG/left_2026_08_31_19_28_32_361.jpg,/Users/martin/smart-technologies-ca2/data_track2_recovery/IMG/right_2026_08_31_19_28_32_361.jpg,-1,0.3261212,0,21.61367
/Users/martin/smart-technologies-ca2/data_track2_recovery/IMG/center_2026_08_31_19_28_32_432.jpg,/Users/martin/smart-technologies-ca2/data_track2_recovery/IMG/left_2026_08_31_19_28_32_432.jpg,/Users/martin/smart-technologies-ca2/data_track2_recovery/IMG/right_2026_08_31_19_28_32_432.jpg,-1,0.1403042,0,21.74652
/Users/martin/smart-technologies-ca2/data_track2_recovery/IMG/center_2026_08_31_19_28_32_500.jpg,/Users/martin/smart-technologies-ca2/data_track2_recovery/IMG/left_2026_08_31_19_28_32_500.jpg,/Users/martin/smart-technologies-ca2/data_track2_recovery/IMG/right_2026_08_31_19_28_32_500.jpg,-1,0.3309782,0,21.71032
/Users/martin/smart-technologies-ca2/data_track2_recovery/IMG/center_2026_08_31_19_28_32_570.jpg,/Users/martin/smart-technologies-ca2/data_track2_recovery/IMG/left_2026_08_31_19_28_32_570.jpg,/Users/martin/smart-technologies-ca2/data_track2_recovery/IMG/right_2026_08_31_19_28_32_570.jpg,-1,0.5137324,0,21.69078
/Users/martin/smart-technologies-ca2/data_track2_recovery/IMG/center_2026_08_31_19_28_32_638.jpg,/Users/martin/smart-technologies-ca2/data_track2_recovery/IMG/left_2026_08_31_19_28_32_638.jpg,/Users/martin/smart-technologies-ca2/data_track2_recovery/IMG/right_2026_08_31_19_28_32_638.jpg,-1,0.7462202,0,22.08659
/Users/martin/smart-technologies-ca2/data_track2_recovery/IMG/center_2026_08_31_19_28_32_705.jpg,/Users/martin/smart-technologies-ca2/data_track2_recovery/IMG/left_2026_08_31_19_28_32_705.jpg,/Users/martin/smart-technologies-ca2/data_track2_recovery/IMG/right_2026_08_31_19_28_32_705.jpg,0,0.9333812,0,22.59724
/Users/martin/smart-technologies-ca2/data_track2_recovery/IMG/center_2026_08_31_19_28_32_772.jpg,/Users/martin/smart-technologies-ca2/data_track2_recovery/IMG/left_2026_08_31_19_28_32_772.jpg,/Users/martin/smart-technologies-ca2/data_track2_recovery/IMG/right_2026_08_31_19_28_32_772.jpg,0,1,0,23.03197
/Users/martin/smart-technologies-ca2/data_track2_recovery/IMG/center_2026_08_31_19_28_32_842.jpg,/Users/martin/smart-technologies-ca2/data_track2_recovery/IMG/left_2026_08_31_19_28_32_842.jpg,/Users/martin/smart-technologies-ca2/data_track2_recovery/IMG/right_2026_08_31_19_28_32_842.jpg,-0.15,1,0,23.77328
/Users/martin/smart-technologies-ca2/data_track2_recovery/IMG/center_2026_08_31_19_28_32_911.jpg,/Users/martin/smart-technologies-ca2/data_track2_recovery/IMG/left_2026_08_31_19_28_32_911.jpg,/Users/martin/smart-technologies-ca2/data_track2_recovery/IMG/right_2026_08_31_19_28_32_911.jpg,-0.3,0.8797419,0,24.35281
/Users/martin/smart-technologies-ca2/data_track2_recovery/IMG/center_2026_08_31_19_28_32_979.jpg,/Users/martin/smart-technologies-ca2/data_track2_recovery/IMG/left_2026_08_31_19_28_32_979.jpg,/Users/martin/smart-technologies-ca2/data_track2_recovery/IMG/right_2026_08_31_19_28_32_979.jpg,-0.5000001,0.6483638,0,24.85911
/Users/martin/smart-technologies-ca2/data_track2_recovery/IMG/center_2026_08_31_19_28_33_048.jpg,/Users/martin/smart-technologies-ca2/data_track2_recovery/IMG/left_2026_08_31_19_28_33_048.jpg,/Users/martin/smart-technologies-ca2/data_track2_recovery/IMG/right_2026_08_31_19_28_33_048.jpg,-0.6500001,0.4689637,0,25.01813
/Users/martin/smart-technologies-ca2/data_track2_recovery/IMG/center_2026_08_31_19_28_33_116.jpg,/Users/martin/smart-technologies-ca2/data_track2_recovery/IMG/left_2026_08_31_19_28_33_116.jpg,/Users/martin/smart-technologies-ca2/data_track2_recovery/IMG/right_2026_08_31_19_28_33_116.jpg,-0.8000001,0.2824,0,24.9904
/Users/martin/smart-technologies-ca2/data_track2_recovery/IMG/center_2026_08_31_19_28_33_186.jpg,/Users/martin/smart-technologies-ca2/data_track2_recovery/IMG/left_2026_08_31_19_28_33_186.jpg,/Users/martin/smart-technologies-ca2/data_track2_recovery/IMG/right_2026_08_31_19_28_33_186.jpg,-1,0.4275941,0,24.80089
/Users/martin/smart-technologies-ca2/data_track2_recovery/IMG/center_2026_08_31_19_28_33_253.jpg,/Users/martin/smart-technologies-ca2/data_track2_recovery/IMG/left_2026_08_31_19_28_33_253.jpg,/Users/martin/smart-technologies-ca2/data_track2_recovery/IMG/right_2026_08_31_19_28_33_253.jpg,-1,0.5982759,0,24.82594
/Users/martin/smart-technologies-ca2/data_track2_recovery/IMG/center_2026_08_31_19_28_33_321.jpg,/Users/martin/smart-technologies-ca2/data_track2_recovery/IMG/left_2026_08_31_19_28_33_321.jpg,/Users/martin/smart-technologies-ca2/data_track2_recovery/IMG/right_2026_08_31_19_28_33_321.jpg,-1,0.8084738,0,25.12943
/Users/martin/smart-technologies-ca2/data_track2_recovery/IMG/center_2026_08_31_19_28_33_392.jpg,/Users/martin/smart-technologies-ca2/data_track2_recovery/IMG/left_2026_08_31_19_28_33_392.jpg,/Users/martin/smart-technologies-ca2/data_track2_recovery/IMG/right_2026_08_31_19_28_33_392.jpg,-1,0.6269469,0,25.40776
/Users/martin/smart-technologies-ca2/data_track2_recovery/IMG/center_2026_08_31_19_28_33_460.jpg,/Users/martin/smart-technologies-ca2/data_track2_recovery/IMG/left_2026_08_31_19_28_33_460.jpg,/Users/martin/smart-technologies-ca2/data_track2_recovery/IMG/right_2026_08_31_19_28_33_460.jpg,-1,0.5953573,0,25.62853
/Users/martin/smart-technologies-ca2/data_track2_recovery/IMG/center_2026_08_31_19_28_33_530.jpg,/Users/martin/smart-technologies-ca2/data_track2_recovery/IMG/left_2026_08_31_19_28_33_530.jpg,/Users/martin/smart-technologies-ca2/data_track2_recovery/IMG/right_2026_08_31_19_28_33_530.jpg,0,0.7690783,0,25.86031
/Users/martin/smart-technologies-ca2/data_track2_recovery/IMG/center_2026_08_31_19_28_33_598.jpg,/Users/martin/smart-technologies-ca2/data_track2_recovery/IMG/left_2026_08_31_19_28_33_598.jpg,/Users/martin/smart-technologies-ca2/data_track2_recovery/IMG/right_2026_08_31_19_28_33_598.jpg,0,1,0,26.39784
/Users/martin/smart-technologies-ca2/data_track2_recovery/IMG/center_2026_08_31_19_28_33_666.jpg,/Users/martin/smart-technologies-ca2/data_track2_recovery/IMG/left_2026_08_31_19_28_33_666.jpg,/Users/martin/smart-technologies-ca2/data_track2_recovery/IMG/right_2026_08_31_19_28_33_666.jpg,0,1,0,26.92319
/Users/martin/smart-technologies-ca2/data_track2_recovery/IMG/center_2026_08_31_19_28_33_735.jpg,/Users/martin/smart-technologies-ca2/data_track2_recovery/IMG/left_2026_08_31_19_28_33_735.jpg,/Users/martin/smart-technologies-ca2/data_track2_recovery/IMG/right_2026_08_31_19_28_33_735.jpg,0.1,1,0,27.45131
/Users/martin/smart-technologies-ca2/data_track2_recovery/IMG/center_2026_08_31_19_28_33_804.jpg,/Users/martin/smart-technologies-ca2/data_track2_recovery/IMG/left_2026_08_31_19_28_33_804.jpg,/Users/martin/smart-technologies-ca2/data_track2_recovery/IMG/right_2026_08_31_19_28_33_804.jpg,0.3,1,0,28.09792
/Users/martin/smart-technologies-ca2/data_track2_recovery/IMG/center_2026_08_31_19_28_33_872.jpg,/Users/martin/smart-technologies-ca2/data_track2_recovery/IMG/left_2026_08_31_19_28_33_872.jpg,/Users/martin/smart-technologies-ca2/data_track2_recovery/IMG/right_2026_08_31_19_28_33_872.jpg,0.45,1,0,28.53362
/Users/martin/smart-technologies-ca2/data_track2_recovery/IMG/center_2026_08_31_19_28_33_940.jpg,/Users/martin/smart-technologies-ca2/data_track2_recovery/IMG/left_2026_08_31_19_28_33_940.jpg,/Users/martin/smart-technologies-ca2/data_track2_recovery/IMG/right_2026_08_31_19_28_33_940.jpg,0.6500001,1,0,29.04366
/Users/martin/smart-technologies-ca2/data_track2_recovery/IMG/center_2026_08_31_19_28_34_007.jpg,/Users/martin/smart-technologies-ca2/data_track2_recovery/IMG/left_2026_08_31_19_28_34_007.jpg,/Users/martin/smart-technologies-ca2/data_track2_recovery/IMG/right_2026_08_31_19_28_34_007.jpg,0.8000001,1,0,29.37167
/Users/martin/smart-technologies-ca2/data_track2_recovery/IMG/center_2026_08_31_19_28_34_078.jpg,/Users/martin/smart-technologies-ca2/data_track2_recovery/IMG/left_2026_08_31_19_28_34_078.jpg,/Users/martin/smart-technologies-ca2/data_track2_recovery/IMG/right_2026_08_31_19_28_34_078.jpg,0,1,0,29.95552
/Users/martin/smart-technologies-ca2/data_track2_recovery/IMG/center_2026_08_31_19_28_34_146.jpg,/Users/martin/smart-technologies-ca2/data_track2_recovery/IMG/left_2026_08_31_19_28_34_146.jpg,/Users/martin/smart-technologies-ca2/data_track2_recovery/IMG/right_2026_08_31_19_28_34_146.jpg,0,1,0,30.18356
/Users/martin/smart-technologies-ca2/data_track2_recovery/IMG/center_2026_08_31_19_28_34_215.jpg,/Users/martin/smart-technologies-ca2/data_track2_recovery/IMG/left_2026_08_31_19_28_34_215.jpg,/Users/martin/smart-technologies-ca2/data_track2_recovery/IMG/right_2026_08_31_19_28_34_215.jpg,0,1,0,30.1883
/Users/martin/smart-technologies-ca2/data_track2_recovery/IMG/center_2026_08_31_19_28_34_284.jpg,/Users/martin/smart-technologies-ca2/data_track2_recovery/IMG/left_2026_08_31_19_28_34_284.jpg,/Users/martin/smart-technologies-ca2/data_track2_recovery/IMG/right_2026_08_31_19_28_34_284.jpg,0,1,0,30.19003
/Users/martin/smart-technologies-ca2/data_track2_recovery/IMG/center_2026_08_31_19_28_34_352.jpg,/Users/martin/smart-technologies-ca2/data_track2_recovery/IMG/left_2026_08_31_19_28_34_352.jpg,/Users/martin/smart-technologies-ca2/data_track2_recovery/IMG/right_2026_08_31_19_28_34_352.jpg,0,1,0,30.19002
/Users/martin/smart-technologies-ca2/data_track2_recovery/IMG/center_2026_08_31_19_28_34_421.jpg,/Users/martin/smart-technologies-ca2/data_track2_recovery/IMG/left_2026_08_31_19_28_34_421.jpg,/Users/martin/smart-technologies-ca2/data_track2_recovery/IMG/right_2026_08_31_19_28_34_421.jpg,0,1,0,30.19034
/Users/martin/smart-technologies-ca2/data_track2_recovery/IMG/center_2026_08_31_19_28_34_488.jpg,/Users/martin/smart-technologies-ca2/data_track2_recovery/IMG/left_2026_08_31_19_28_34_488.jpg,/Users/martin/smart-technologies-ca2/data_track2_recovery/IMG/right_2026_08_31_19_28_34_488.jpg,-0.1,1,0,30.18701
/Users/martin/smart-technologies-ca2/data_track2_recovery/IMG/center_2026_08_31_19_28_34_555.jpg,/Users/martin/smart-technologies-ca2/data_track2_recovery/IMG/left_2026_08_31_19_28_34_555.jpg,/Users/martin/smart-technologies-ca2/data_track2_recovery/IMG/right_2026_08_31_19_28_34_555.jpg,-0.25,1,0,30.1741
/Users/martin/smart-technologies-ca2/data_track2_recovery/IMG/center_2026_08_31_19_28_34_628.jpg,/Users/martin/smart-technologies-ca2/data_track2_recovery/IMG/left_2026_08_31_19_28_34_628.jpg,/Users/martin/smart-technologies-ca2/data_track2_recovery/IMG/right_2026_08_31_19_28_34_628.jpg,-0.45,0.9006882,0,30.14057
/Users/martin/smart-technologies-ca2/data_track2_recovery/IMG/center_2026_08_31_19_28_34_695.jpg,/Users/martin/smart-technologies-ca2/data_track2_recovery/IMG/left_2026_08_31_19_28_34_695.jpg,/Users/martin/smart-technologies-ca2/data_track2_recovery/IMG/right_2026_08_31_19_28_34_695.jpg,-0.6000001,0.7654963,0,30.07376
/Users/martin/smart-technologies-ca2/data_track2_recovery/IMG/center_2026_08_31_19_28_34_767.jpg,/Users/martin/smart-technologies-ca2/data_track2_recovery/IMG/left_2026_08_31_19_28_34_767.jpg,/Users/martin/smart-technologies-ca2/data_track2_recovery/IMG/right_2026_08_31_19_28_34_767.jpg,0,1,0,30.15541
/Users/martin/smart-technologies-ca2/data_track2_recovery/IMG/center_2026_08_31_19_28_34_834.jpg,/Users/martin/smart-technologies-ca2/data_track2_recovery/IMG/left_2026_08_31_19_28_34_834.jpg,/Users/martin/smart-technologies-ca2/data_track2_recovery/IMG/right_2026_08_31_19_28_34_834.jpg,0,1,0,30.18137
/Users/martin/smart-technologies-ca2/data_track2_recovery/IMG/center_2026_08_31_19_28_34_904.jpg,/Users/martin/smart-technologies-ca2/data_track2_recovery/IMG/left_2026_08_31_19_28_34_904.jpg,/Users/martin/smart-technologies-ca2/data_track2_recovery/IMG/right_2026_08_31_19_28_34_904.jpg,-0.2,1,0,30.19023
/Users/martin/smart-technologies-ca2/data_track2_recovery/IMG/center_2026_08_31_19_28_34_972.jpg,/Users/martin/smart-technologies-ca2/data_track2_recovery/IMG/left_2026_08_31_19_28_34_972.jpg,/Users/martin/smart-technologies-ca2/data_track2_recovery/IMG/right_2026_08_31_19_28_34_972.jpg,-0.35,1,0,30.17543
/Users/martin/smart-technologies-ca2/data_track2_recovery/IMG/center_2026_08_31_19_28_35_043.jpg,/Users/martin/smart-technologies-ca2/data_track2_recovery/IMG/left_2026_08_31_19_28_35_043.jpg,/Users/martin/smart-technologies-ca2/data_track2_recovery/IMG/right_2026_08_31_19_28_35_043.jpg,-0.5500001,1,0,30.14773
/Users/martin/smart-technologies-ca2/data_track2_recovery/IMG/center_2026_08_31_19_28_35_113.jpg,/Users/martin/smart-technologies-ca2/data_track2_recovery/IMG/left_2026_08_31_19_28_35_113.jpg,/Users/martin/smart-technologies-ca2/data_track2_recovery/IMG/right_2026_08_31_19_28_35_113.jpg,-0.7,1,0,30.12698
/Users/martin/smart-technologies-ca2/data_track2_recovery/IMG/center_2026_08_31_19_28_35_185.jpg,/Users/martin/smart-technologies-ca2/data_track2_recovery/IMG/left_2026_08_31_19_28_35_185.jpg,/Users/martin/smart-technologies-ca2/data_track2_recovery/IMG/right_2026_08_31_19_28_35_185.jpg,-0.9000002,1,0,30.10393
/Users/martin/smart-technologies-ca2/data_track2_recovery/IMG/center_2026_08_31_19_28_35_252.jpg,/Users/martin/smart-technologies-ca2/data_track2_recovery/IMG/left_2026_08_31_19_28_35_252.jpg,/Users/martin/smart-technologies-ca2/data_track2_recovery/IMG/right_2026_08_31_19_28_35_252.jpg,-1,1,0,30.09817
/Users/martin/smart-technologies-ca2/data_track2_recovery/IMG/center_2026_08_31_19_28_35_321.jpg,/Users/martin/smart-technologies-ca2/data_track2_recovery/IMG/left_2026_08_31_19_28_35_321.jpg,/Users/martin/smart-technologies-ca2/data_track2_recovery/IMG/right_2026_08_31_19_28_35_321.jpg,-1,0.9510007,0,30.09264
/Users/martin/smart-technologies-ca2/data_track2_recovery/IMG/center_2026_08_31_19_28_35_390.jpg,/Users/martin/smart-technologies-ca2/data_track2_recovery/IMG/left_2026_08_31_19_28_35_390.jpg,/Users/martin/smart-technologies-ca2/data_track2_recovery/IMG/right_2026_08_31_19_28_35_390.jpg,-1,1,0,30.13316
/Users/martin/smart-technologies-ca2/data_track2_recovery/IMG/center_2026_08_31_19_28_35_461.jpg,/Users/martin/smart-technologies-ca2/data_track2_recovery/IMG/left_2026_08_31_19_28_35_461.jpg,/Users/martin/smart-technologies-ca2/data_track2_recovery/IMG/right_2026_08_31_19_28_35_461.jpg,0,1,0,30.16065
/Users/martin/smart-technologies-ca2/data_track2_recovery/IMG/center_2026_08_31_19_28_35_530.jpg,/Users/martin/smart-technologies-ca2/data_track2_recovery/IMG/left_2026_08_31_19_28_35_530.jpg,/Users/martin/smart-technologies-ca2/data_track2_recovery/IMG/right_2026_08_31_19_28_35_530.jpg,0,1,0,30.17962
/Users/martin/smart-technologies-ca2/data_track2_recovery/IMG/center_2026_08_31_19_28_35_600.jpg,/Users/martin/smart-technologies-ca2/data_track2_recovery/IMG/left_2026_08_31_19_28_35_600.jpg,/Users/martin/smart-technologies-ca2/data_track2_recovery/IMG/right_2026_08_31_19_28_35_600.jpg,0,1,0,30.18687
/Users/martin/smart-technologies-ca2/data_track2_recovery/IMG/center_2026_08_31_19_28_35_667.jpg,/Users/martin/smart-technologies-ca2/data_track2_recovery/IMG/left_2026_08_31_19_28_35_667.jpg,/Users/martin/smart-technologies-ca2/data_track2_recovery/IMG/right_2026_08_31_19_28_35_667.jpg,0,1,0,30.18954
/Users/martin/smart-technologies-ca2/data_track2_recovery/IMG/center_2026_08_31_19_28_35_734.jpg,/Users/martin/smart-technologies-ca2/data_track2_recovery/IMG/left_2026_08_31_19_28_35_734.jpg,/Users/martin/smart-technologies-ca2/data_track2_recovery/IMG/right_2026_08_31_19_28_35_734.jpg,0,1,0,30.19002
/Users/martin/smart-technologies-ca2/data_track2_recovery/IMG/center_2026_08_31_19_28_35_801.jpg,/Users/martin/smart-technologies-ca2/data_track2_recovery/IMG/left_2026_08_31_19_28_35_801.jpg,/Users/martin/smart-technologies-ca2/data_track2_recovery/IMG/right_2026_08_31_19_28_35_801.jpg,-0.05,1,0,30.19019
/Users/martin/smart-technologies-ca2/data_track2_recovery/IMG/center_2026_08_31_19_28_35_872.jpg,/Users/martin/smart-technologies-ca2/data_track2_recovery/IMG/left_2026_08_31_19_28_35_872.jpg,/Users/martin/smart-technologies-ca2/data_track2_recovery/IMG/right_2026_08_31_19_28_35_872.jpg,-0.2,1,0,30.18159
/Users/martin/smart-technologies-ca2/data_track2_recovery/IMG/center_2026_08_31_19_28_35_943.jpg,/Users/martin/smart-technologies-ca2/data_track2_recovery/IMG/left_2026_08_31_19_28_35_943.jpg,/Users/martin/smart-technologies-ca2/data_track2_recovery/IMG/right_2026_08_31_19_28_35_943.jpg,-0.4,1,0,30.15887
/Users/martin/smart-technologies-ca2/data_track2_recovery/IMG/center_2026_08_31_19_28_36_014.jpg,/Users/martin/smart-technologies-ca2/data_track2_recovery/IMG/left_2026_08_31_19_28_36_014.jpg,/Users/martin/smart-technologies-ca2/data_track2_recovery/IMG/right_2026_08_31_19_28_36_014.jpg,0,1,0,30.18798
/Users/martin/smart-technologies-ca2/data_track2_recovery/IMG/center_2026_08_31_19_28_36_081.jpg,/Users/martin/smart-technologies-ca2/data_track2_recovery/IMG/left_2026_08_31_19_28_36_081.jpg,/Users/martin/smart-technologies-ca2/data_track2_recovery/IMG/right_2026_08_31_19_28_36_081.jpg,-0.1,1,0,30.19013
/Users/martin/smart-technologies-ca2/data_track2_recovery/IMG/center_2026_08_31_19_28_36_148.jpg,/Users/martin/smart-technologies-ca2/data_track2_recovery/IMG/left_2026_08_31_19_28_36_148.jpg,/Users/martin/smart-technologies-ca2/data_track2_recovery/IMG/right_2026_08_31_19_28_36_148.jpg,-0.25,1,0,30.17914
/Users/martin/smart-technologies-ca2/data_track2_recovery/IMG/center_2026_08_31_19_28_36_220.jpg,/Users/martin/smart-technologies-ca2/data_track2_recovery/IMG/left_2026_08_31_19_28_36_220.jpg,/Users/martin/smart-technologies-ca2/data_track2_recovery/IMG/right_2026_08_31_19_28_36_220.jpg,-0.45,1,0,30.15487
/Users/martin/smart-technologies-ca2/data_track2_recovery/IMG/center_2026_08_31_19_28_36_292.jpg,/Users/martin/smart-technologies-ca2/data_track2_recovery/IMG/left_2026_08_31_19_28_36_292.jpg,/Users/martin/smart-technologies-ca2/data_track2_recovery/IMG/right_2026_08_31_19_28_36_292.jpg,-0.6000001,1,0,30.1356
/Users/martin/smart-technologies-ca2/data_track2_recovery/IMG/center_2026_08_31_19_28_36_360.jpg,/Users/martin/smart-technologies-ca2/data_track2_recovery/IMG/left_2026_08_31_19_28_36_360.jpg,/Users/martin/smart-technologies-ca2/data_track2_recovery/IMG/right_2026_08_31_19_28_36_360.jpg,-0.8000001,1,0,30.11098
/Users/martin/smart-technologies-ca2/data_track2_recovery/IMG/center_2026_08_31_19_28_36_428.jpg,/Users/martin/smart-technologies-ca2/data_track2_recovery/IMG/left_2026_08_31_19_28_36_428.jpg,/Users/martin/smart-technologies-ca2/data_track2_recovery/IMG/right_2026_08_31_19_28_36_428.jpg,-0.9500002,1,0,30.09749
/Users/martin/smart-technologies-ca2/data_track2_recovery/IMG/center_2026_08_31_19_28_36_498.jpg,/Users/martin/smart-technologies-ca2/data_track2_recovery/IMG/left_2026_08_31_19_28_36_498.jpg,/Users/martin/smart-technologies-ca2/data_track2_recovery/IMG/right_2026_08_31_19_28_36_498.jpg,0,1,0,30.17054
/Users/martin/smart-technologies-ca2/data_track2_recovery/IMG/center_2026_08_31_19_28_36_568.jpg,/Users/martin/smart-technologies-ca2/data_track2_recovery/IMG/left_2026_08_31_19_28_36_568.jpg,/Users/martin/smart-technologies-ca2/data_track2_recovery/IMG/right_2026_08_31_19_28_36_568.jpg,0,1,0,30.16968
/Users/martin/smart-technologies-ca2/data_track2_recovery/IMG/center_2026_08_31_19_28_36_639.jpg,/Users/martin/smart-technologies-ca2/data_track2_recovery/IMG/left_2026_08_31_19_28_36_639.jpg,/Users/martin/smart-technologies-ca2/data_track2_recovery/IMG/right_2026_08_31_19_28_36_639.jpg,0,1,0,30.18421
/Users/martin/smart-technologies-ca2/data_track2_recovery/IMG/center_2026_08_31_19_28_36_705.jpg,/Users/martin/smart-technologies-ca2/data_track2_recovery/IMG/left_2026_08_31_19_28_36_705.jpg,/Users/martin/smart-technologies-ca2/data_track2_recovery/IMG/right_2026_08_31_19_28_36_705.jpg,0,1,0,30.18862
/Users/martin/smart-technologies-ca2/data_track2_recovery/IMG/center_2026_08_31_19_28_36_776.jpg,/Users/martin/smart-technologies-ca2/data_track2_recovery/IMG/left_2026_08_31_19_28_36_776.jpg,/Users/martin/smart-technologies-ca2/data_track2_recovery/IMG/right_2026_08_31_19_28_36_776.jpg,0,1,0,30.19024
/Users/martin/smart-technologies-ca2/data_track2_recovery/IMG/center_2026_08_31_19_28_36_846.jpg,/Users/martin/smart-technologies-ca2/data_track2_recovery/IMG/left_2026_08_31_19_28_36_846.jpg,/Users/martin/smart-technologies-ca2/data_track2_recovery/IMG/right_2026_08_31_19_28_36_846.jpg,-0.2,1,0,30.18414
/Users/martin/smart-technologies-ca2/data_track2_recovery/IMG/center_2026_08_31_19_28_36_917.jpg,/Users/martin/smart-technologies-ca2/data_track2_recovery/IMG/left_2026_08_31_19_28_36_917.jpg,/Users/martin/smart-technologies-ca2/data_track2_recovery/IMG/right_2026_08_31_19_28_36_917.jpg,-0.4,1,0,30.16081
/Users/martin/smart-technologies-ca2/data_track2_recovery/IMG/center_2026_08_31_19_28_36_987.jpg,/Users/martin/smart-technologies-ca2/data_track2_recovery/IMG/left_2026_08_31_19_28_36_987.jpg,/Users/martin/smart-technologies-ca2/data_track2_recovery/IMG/right_2026_08_31_19_28_36_987.jpg,-0.5500001,1,0,30.14154
/Users/martin/smart-technologies-ca2/data_track2_recovery/IMG/center_2026_08_31_19_28_37_057.jpg,/Users/martin/smart-technologies-ca2/data_track2_recovery/IMG/left_2026_08_31_19_28_37_057.jpg,/Users/martin/smart-technologies-ca2/data_track2_recovery/IMG/right_2026_08_31_19_28_37_057.jpg,-0.7500002,1,0,30.11607
/Users/martin/smart-technologies-ca2/data_track2_recovery/IMG/center_2026_08_31_19_28_37_128.jpg,/Users/martin/smart-technologies-ca2/data_track2_recovery/IMG/left_2026_08_31_19_28_37_128.jpg,/Users/martin/smart-technologies-ca2/data_track2_recovery/IMG/right_2026_08_31_19_28_37_128.jpg,0,1,0,30.17418
/Users/martin/smart-technologies-ca2/data_track2_recovery/IMG/center_2026_08_31_19_28_37_199.jpg,/Users/martin/smart-technologies-ca2/data_track2_recovery/IMG/left_2026_08_31_19_28_37_199.jpg,/Users/martin/smart-technologies-ca2/data_track2_recovery/IMG/right_2026_08_31_19_28_37_199.jpg,0,1,0,30.18567
/Users/martin/smart-technologies-ca2/data_track2_recovery/IMG/center_2026_08_31_19_28_37_265.jpg,/Users/martin/smart-technologies-ca2/data_track2_recovery/IMG/left_2026_08_31_19_28_37_265.jpg,/Users/martin/smart-technologies-ca2/data_track2_recovery/IMG/right_2026_08_31_19_28_37_265.jpg,0,1,0,30.18902
/Users/martin/smart-technologies-ca2/data_track2_recovery/IMG/center_2026_08_31_19_28_37_332.jpg,/Users/martin/smart-technologies-ca2/data_track2_recovery/IMG/left_2026_08_31_19_28_37_332.jpg,/Users/martin/smart-technologies-ca2/data_track2_recovery/IMG/right_2026_08_31_19_28_37_332.jpg,0,1,0,30.19011
/Users/martin/smart-technologies-ca2/data_track2_recovery/IMG/center_2026_08_31_19_28_37_403.jpg,/Users/martin/smart-technologies-ca2/data_track2_recovery/IMG/left_2026_08_31_19_28_37_403.jpg,/Users/martin/smart-technologies-ca2/data_track2_recovery/IMG/right_2026_08_31_19_28_37_403.jpg,0,1,0,30.19035
/Users/martin/smart-technologies-ca2/data_track2_recovery/IMG/center_2026_08_31_19_28_37_469.jpg,/Users/martin/smart-technologies-ca2/data_track2_recovery/IMG/left_2026_08_31_19_28_37_469.jpg,/Users/martin/smart-technologies-ca2/data_track2_recovery/IMG/right_2026_08_31_19_28_37_469.jpg,0,1,0,30.19034
/Users/martin/smart-technologies-ca2/data_track2_recovery/IMG/center_2026_08_31_19_28_37_540.jpg,/Users/martin/smart-technologies-ca2/data_track2_recovery/IMG/left_2026_08_31_19_28_37_540.jpg,/Users/martin/smart-technologies-ca2/data_track2_recovery/IMG/right_2026_08_31_19_28_37_540.jpg,0,1,0,30.19009
/Users/martin/smart-technologies-ca2/data_track2_recovery/IMG/center_2026_08_31_19_28_37_607.jpg,/Users/martin/smart-technologies-ca2/data_track2_recovery/IMG/left_2026_08_31_19_28_37_607.jpg,/Users/martin/smart-technologies-ca2/data_track2_recovery/IMG/right_2026_08_31_19_28_37_607.jpg,0,1,0,30.19039
/Users/martin/smart-technologies-ca2/data_track2_recovery/IMG/center_2026_08_31_19_28_37_674.jpg,/Users/martin/smart-technologies-ca2/data_track2_recovery/IMG/left_2026_08_31_19_28_37_674.jpg,/Users/martin/smart-technologies-ca2/data_track2_recovery/IMG/right_2026_08_31_19_28_37_674.jpg,0,1,0,30.19029
/Users/martin/smart-technologies-ca2/data_track2_recovery/IMG/center_2026_08_31_19_28_37_744.jpg,/Users/martin/smart-technologies-ca2/data_track2_recovery/IMG/left_2026_08_31_19_28_37_744.jpg,/Users/martin/smart-technologies-ca2/data_track2_recovery/IMG/right_2026_08_31_19_28_37_744.jpg,0.1,1,0,30.18774
/Users/martin/smart-technologies-ca2/data_track2_recovery/IMG/center_2026_08_31_19_28_37_811.jpg,/Users/martin/smart-technologies-ca2/data_track2_recovery/IMG/left_2026_08_31_19_28_37_811.jpg,/Users/martin/smart-technologies-ca2/data_track2_recovery/IMG/right_2026_08_31_19_28_37_811.jpg,0.25,1,0,30.17488
/Users/martin/smart-technologies-ca2/data_track2_recovery/IMG/center_2026_08_31_19_28_37_877.jpg,/Users/martin/smart-technologies-ca2/data_track2_recovery/IMG/left_2026_08_31_19_28_37_877.jpg,/Users/martin/smart-technologies-ca2/data_track2_recovery/IMG/right_2026_08_31_19_28_37_877.jpg,0.45,1,0,30.15163
/Users/martin/smart-technologies-ca2/data_track2_recovery/IMG/center_2026_08_31_19_28_37_944.jpg,/Users/martin/smart-technologies-ca2/data_track2_recovery/IMG/left_2026_08_31_19_28_37_944.jpg,/Users/martin/smart-technologies-ca2/data_track2_recovery/IMG/right_2026_08_31_19_28_37_944.jpg,0,1,0,30.1854
/Users/martin/smart-technologies-ca2/data_track2_recovery/IMG/center_2026_08_31_19_28_38_013.jpg,/Users/martin/smart-technologies-ca2/data_track2_recovery/IMG/left_2026_08_31_19_28_38_013.jpg,/Users/martin/smart-technologies-ca2/data_track2_recovery/IMG/right_2026_08_31_19_28_38_013.jpg,0,1,0,30.18811
/Users/martin/smart-technologies-ca2/data_track2_recovery/IMG/center_2026_08_31_19_28_38_081.jpg,/Users/martin/smart-technologies-ca2/data_track2_recovery/IMG/left_2026_08_31_19_28_38_081.jpg,/Users/martin/smart-technologies-ca2/data_track2_recovery/IMG/right_2026_08_31_19_28_38_081.jpg,0,1,0,30.1899
/Users/martin/smart-technologies-ca2/data_track2_recovery/IMG/center_2026_08_31_19_28_38_151.jpg,/Users/martin/smart-technologies-ca2/data_track2_recovery/IMG/left_2026_08_31_19_28_38_151.jpg,/Users/martin/smart-technologies-ca2/data_track2_recovery/IMG/right_2026_08_31_19_28_38_151.jpg,0.1,1,0,30.18926
/Users/martin/smart-technologies-ca2/data_track2_recovery/IMG/center_2026_08_31_19_28_38_222.jpg,/Users/martin/smart-technologies-ca2/data_track2_recovery/IMG/left_2026_08_31_19_28_38_222.jpg,/Users/martin/smart-technologies-ca2/data_track2_recovery/IMG/right_2026_08_31_19_28_38_222.jpg,0.3,1,0,30.17197
/Users/martin/smart-technologies-ca2/data_track2_recovery/IMG/center_2026_08_31_19_28_38_291.jpg,/Users/martin/smart-technologies-ca2/data_track2_recovery/IMG/left_2026_08_31_19_28_38_291.jpg,/Users/martin/smart-technologies-ca2/data_track2_recovery/IMG/right_2026_08_31_19_28_38_291.jpg,0.45,1,0,30.15353
/Users/martin/smart-technologies-ca2/data_track2_recovery/IMG/center_2026_08_31_19_28_38_358.jpg,/Users/martin/smart-technologies-ca2/data_track2_recovery/IMG/left_2026_08_31_19_28_38_358.jpg,/Users/martin/smart-technologies-ca2/data_track2_recovery/IMG/right_2026_08_31_19_28_38_358.jpg,0.6500001,1,0,30.12834
/Users/martin/smart-technologies-ca2/data_track2_recovery/IMG/center_2026_08_31_19_28_38_425.jpg,/Users/martin/smart-technologies-ca2/data_track2_recovery/IMG/left_2026_08_31_19_28_38_425.jpg,/Users/martin/smart-technologies-ca2/data_track2_recovery/IMG/right_2026_08_31_19_28_38_425.jpg,0.8000001,1,0,30.111
/Users/martin/smart-technologies-ca2/data_track2_recovery/IMG/center_2026_08_31_19_28_38_494.jpg,/Users/martin/smart-technologies-ca2/data_track2_recovery/IMG/left_2026_08_31_19_28_38_494.jpg,/Users/martin/smart-technologies-ca2/data_track2_recovery/IMG/right_2026_08_31_19_28_38_494.jpg,0.9500002,1,0,30.09761
/Users/martin/smart-technologies-ca2/data_track2_recovery/IMG/center_2026_08_31_19_28_38_563.jpg,/Users/martin/smart-technologies-ca2/data_track2_recovery/IMG/left_2026_08_31_19_28_38_563.jpg,/Users/martin/smart-technologies-ca2/data_track2_recovery/IMG/right_2026_08_31_19_28_38_563.jpg,1,1,0,30.10592
/Users/martin/smart-technologies-ca2/data_track2_recovery/IMG/center_2026_08_31_19_28_38_631.jpg,/Users/martin/smart-technologies-ca2/data_track2_recovery/IMG/left_2026_08_31_19_28_38_631.jpg,/Users/martin/smart-technologies-ca2/data_track2_recovery/IMG/right_2026_08_31_19_28_38_631.jpg,0,1,0,30.15123
/Users/martin/smart-technologies-ca2/data_track2_recovery/IMG/center_2026_08_31_19_28_38_699.jpg,/Users/martin/smart-technologies-ca2/data_track2_recovery/IMG/left_2026_08_31_19_28_38_699.jpg,/Users/martin/smart-technologies-ca2/data_track2_recovery/IMG/right_2026_08_31_19_28_38_699.jpg,0,1,0,30.17865
/Users/martin/smart-technologies-ca2/data_track2_recovery/IMG/center_2026_08_31_19_28_38_768.jpg,/Users/martin/smart-technologies-ca2/data_track2_recovery/IMG/left_2026_08_31_19_28_38_768.jpg,/Users/martin/smart-technologies-ca2/data_track2_recovery/IMG/right_2026_08_31_19_28_38_768.jpg,0,1,0,30.18472
/Users/martin/smart-technologies-ca2/data_track2_recovery/IMG/center_2026_08_31_19_28_38_835.jpg,/Users/martin/smart-technologies-ca2/data_track2_recovery/IMG/left_2026_08_31_19_28_38_835.jpg,/Users/martin/smart-technologies-ca2/data_track2_recovery/IMG/right_2026_08_31_19_28_38_835.jpg,0,1,0,30.18924
/Users/martin/smart-technologies-ca2/data_track2_recovery/IMG/center_2026_08_31_19_28_38_903.jpg,/Users/martin/smart-technologies-ca2/data_track2_recovery/IMG/left_2026_08_31_19_28_38_903.jpg,/Users/martin/smart-technologies-ca2/data_track2_recovery/IMG/right_2026_08_31_19_28_38_903.jpg,0,1,0,30.1904
/Users/martin/smart-technologies-ca2/data_track2_recovery/IMG/center_2026_08_31_19_28_38_971.jpg,/Users/martin/smart-technologies-ca2/data_track2_recovery/IMG/left_2026_08_31_19_28_38_971.jpg,/Users/martin/smart-technologies-ca2/data_track2_recovery/IMG/right_2026_08_31_19_28_38_971.jpg,0,1,0,30.19024
/Users/martin/smart-technologies-ca2/data_track2_recovery/IMG/center_2026_08_31_19_28_39_040.jpg,/Users/martin/smart-technologies-ca2/data_track2_recovery/IMG/left_2026_08_31_19_28_39_040.jpg,/Users/martin/smart-technologies-ca2/data_track2_recovery/IMG/right_2026_08_31_19_28_39_040.jpg,0,1,0,30.19029
/Users/martin/smart-technologies-ca2/data_track2_recovery/IMG/center_2026_08_31_19_28_39_108.jpg,/Users/martin/smart-technologies-ca2/data_track2_recovery/IMG/left_2026_08_31_19_28_39_108.jpg,/Users/martin/smart-technologies-ca2/data_track2_recovery/IMG/right_2026_08_31_19_28_39_108.jpg,0,1,0,30.19022
/Users/martin/smart-technologies-ca2/data_track2_recovery/IMG/center_2026_08_31_19_28_39_176.jpg,/Users/martin/smart-technologies-ca2/data_track2_recovery/IMG/left_2026_08_31_19_28_39_176.jpg,/Users/martin/smart-technologies-ca2/data_track2_recovery/IMG/right_2026_08_31_19_28_39_176.jpg,0,1,0,30.19032
/Users/martin/smart-technologies-ca2/data_track2_recovery/IMG/center_2026_08_31_19_28_39_246.jpg,/Users/martin/smart-technologies-ca2/data_track2_recovery/IMG/left_2026_08_31_19_28_39_246.jpg,/Users/martin/smart-technologies-ca2/data_track2_recovery/IMG/right_2026_08_31_19_28_39_246.jpg,0.05,1,0,30.18963
/Users/martin/smart-technologies-ca2/data_track2_recovery/IMG/center_2026_08_31_19_28_39_314.jpg,/Users/martin/smart-technologies-ca2/data_track2_recovery/IMG/left_2026_08_31_19_28_39_314.jpg,/Users/martin/smart-technologies-ca2/data_track2_recovery/IMG/right_2026_08_31_19_28_39_314.jpg,0.2,1,0,30.1797
/Users/martin/smart-technologies-ca2/data_track2_recovery/IMG/center_2026_08_31_19_28_39_381.jpg,/Users/martin/smart-technologies-ca2/data_track2_recovery/IMG/left_2026_08_31_19_28_39_381.jpg,/Users/martin/smart-technologies-ca2/data_track2_recovery/IMG/right_2026_08_31_19_28_39_381.jpg,0.4,1,0,30.15738
/Users/martin/smart-technologies-ca2/data_track2_recovery/IMG/center_2026_08_31_19_28_39_451.jpg,/Users/martin/smart-technologies-ca2/data_track2_recovery/IMG/left_2026_08_31_19_28_39_451.jpg,/Users/martin/smart-technologies-ca2/data_track2_recovery/IMG/right_2026_08_31_19_28_39_451.jpg,0.5500001,1,0,30.13917
/Users/martin/smart-technologies-ca2/data_track2_recovery/IMG/center_2026_08_31_19_28_39_519.jpg,/Users/martin/smart-technologies-ca2/data_track2_recovery/IMG/left_2026_08_31_19_28_39_519.jpg,/Users/martin/smart-technologies-ca2/data_track2_recovery/IMG/right_2026_08_31_19_28_39_519.jpg,0.7500002,1,0,30.11457
/Users/martin/smart-technologies-ca2/data_track2_recovery/IMG/center_2026_08_31_19_28_39_589.jpg,/Users/martin/smart-technologies-ca2/data_track2_recovery/IMG/left_2026_08_31_19_28_39_589.jpg,/Users/martin/smart-technologies-ca2/data_track2_recovery/IMG/right_2026_08_31_19_28_39_589.jpg,0,1,0,30.16258
/Users/martin/smart-technologies-ca2/data_track2_recovery/IMG/center_2026_08_31_19_28_39_656.jpg,/Users/martin/smart-technologies-ca2/data_track2_recovery/IMG/left_2026_08_31_19_28_39_656.jpg,/Users/martin/smart-technologies-ca2/data_track2_recovery/IMG/right_2026_08_31_19_28_39_656.jpg,0,1,0,30.17582
/Users/martin/smart-technologies-ca2/data_track2_recovery/IMG/center_2026_08_31_19_28_39_725.jpg,/Users/martin/smart-technologies-ca2/data_track2_recovery/IMG/left_2026_08_31_19_28_39_725.jpg,/Users/martin/smart-technologies-ca2/data_track2_recovery/IMG/right_2026_08_31_19_28_39_725.jpg,0,1,0,30.18776
/Users/martin/smart-technologies-ca2/data_track2_recovery/IMG/center_2026_08_31_19_28_39_792.jpg,/Users/martin/smart-technologies-ca2/data_track2_recovery/IMG/left_2026_08_31_19_28_39_792.jpg,/Users/martin/smart-technologies-ca2/data_track2_recovery/IMG/right_2026_08_31_19_28_39_792.jpg,0,1,0,30.18983
/Users/martin/smart-technologies-ca2/data_track2_recovery/IMG/center_2026_08_31_19_28_39_863.jpg,/Users/martin/smart-technologies-ca2/data_track2_recovery/IMG/left_2026_08_31_19_28_39_863.jpg,/Users/martin/smart-technologies-ca2/data_track2_recovery/IMG/right_2026_08_31_19_28_39_863.jpg,0,1,0,30.19027
/Users/martin/smart-technologies-ca2/data_track2_recovery/IMG/center_2026_08_31_19_28_39_934.jpg,/Users/martin/smart-technologies-ca2/data_track2_recovery/IMG/left_2026_08_31_19_28_39_934.jpg,/Users/martin/smart-technologies-ca2/data_track2_recovery/IMG/right_2026_08_31_19_28_39_934.jpg,0.05,1,0,30.19019
/Users/martin/smart-technologies-ca2/data_track2_recovery/IMG/center_2026_08_31_19_28_40_004.jpg,/Users/martin/smart-technologies-ca2/data_track2_recovery/IMG/left_2026_08_31_19_28_40_004.jpg,/Users/martin/smart-technologies-ca2/data_track2_recovery/IMG/right_2026_08_31_19_28_40_004.jpg,0.25,1,0,30.17627
/Users/martin/smart-technologies-ca2/data_track2_recovery/IMG/center_2026_08_31_19_28_40_071.jpg,/Users/martin/smart-technologies-ca2/data_track2_recovery/IMG/left_2026_08_31_19_28_40_071.jpg,/Users/martin/smart-technologies-ca2/data_track2_recovery/IMG/right_2026_08_31_19_28_40_071.jpg,0.4,1,0,30.15879
/Users/martin/smart-technologies-ca2/data_track2_recovery/IMG/center_2026_08_31_19_28_40_142.jpg,/Users/martin/smart-technologies-ca2/data_track2_recovery/IMG/left_2026_08_31_19_28_40_142.jpg,/Users/martin/smart-technologies-ca2/data_track2_recovery/IMG/right_2026_08_31_19_28_40_142.jpg,0,1,0,30.18901
/Users/martin/smart-technologies-ca2/data_track2_recovery/IMG/center_2026_08_31_19_28_40_209.jpg,/Users/martin/smart-technologies-ca2/data_track2_recovery/IMG/left_2026_08_31_19_28_40_209.jpg,/Users/martin/smart-technologies-ca2/data_track2_recovery/IMG/right_2026_08_31_19_28_40_209.jpg,0,1,0,30.18989
/Users/martin/smart-technologies-ca2/data_track2_recovery/IMG/center_2026_08_31_19_28_40_276.jpg,/Users/martin/smart-technologies-ca2/data_track2_recovery/IMG/left_2026_08_31_19_28_40_276.jpg,/Users/martin/smart-technologies-ca2/data_track2_recovery/IMG/right_2026_08_31_19_28_40_276.jpg,0,1,0,30.19044
/Users/martin/smart-technologies-ca2/data_track2_recovery/IMG/center_2026_08_31_19_28_40_343.jpg,/Users/martin/smart-technologies-ca2/data_track2_recovery/IMG/left_2026_08_31_19_28_40_343.jpg,/Users/martin/smart-technologies-ca2/data_track2_recovery/IMG/right_2026_08_31_19_28_40_343.jpg,0,1,0,30.19028
/Users/martin/smart-technologies-ca2/data_track2_recovery/IMG/center_2026_08_31_19_28_40_413.jpg,/Users/martin/smart-technologies-ca2/data_track2_recovery/IMG/left_2026_08_31_19_28_40_413.jpg,/Users/martin/smart-technologies-ca2/data_track2_recovery/IMG/right_2026_08_31_19_28_40_413.jpg,0,1,0,30.19039
/Users/martin/smart-technologies-ca2/data_track2_recovery/IMG/center_2026_08_31_19_28_40_484.jpg,/Users/martin/smart-technologies-ca2/data_track2_recovery/IMG/left_2026_08_31_19_28_40_484.jpg,/Users/martin/smart-technologies-ca2/data_track2_recovery/IMG/right_2026_08_31_19_28_40_484.jpg,0.15,1,0,30.18464
/Users/martin/smart-technologies-ca2/data_track2_recovery/IMG/center_2026_08_31_19_28_40_551.jpg,/Users/martin/smart-technologies-ca2/data_track2_recovery/IMG/left_2026_08_31_19_28_40_551.jpg,/Users/martin/smart-technologies-ca2/data_track2_recovery/IMG/right_2026_08_31_19_28_40_551.jpg,0.3,1,0,30.16965
/Users/martin/smart-technologies-ca2/data_track2_recovery/IMG/center_2026_08_31_19_28_40_622.jpg,/Users/martin/smart-technologies-ca2/data_track2_recovery/IMG/left_2026_08_31_19_28_40_622.jpg,/Users/martin/smart-technologies-ca2/data_track2_recovery/IMG/right_2026_08_31_19_28_40_622.jpg,0,1,0,30.18833
/Users/martin/smart-technologies-ca2/data_track2_recovery/IMG/center_2026_08_31_19_28_40_693.jpg,/Users/martin/smart-technologies-ca2/data_track2_recovery/IMG/left_2026_08_31_19_28_40_693.jpg,/Users/martin/smart-technologies-ca2/data_track2_recovery/IMG/right_2026_08_31_19_28_40_693.jpg,0,1,0,30.19005
/Users/martin/smart-technologies-ca2/data_track2_recovery/IMG/center_2026_08_31_19_28_40_764.jpg,/Users/martin/smart-technologies-ca2/data_track2_recovery/IMG/left_2026_08_31_19_28_40_764.jpg,/Users/martin/smart-technologies-ca2/data_track2_recovery/IMG/right_2026_08_31_19_28_40_764.jpg,0,1,0,30.1902
/Users/martin/smart-technologies-ca2/data_track2_recovery/IMG/center_2026_08_31_19_28_40_831.jpg,/Users/martin/smart-technologies-ca2/data_track2_recovery/IMG/left_2026_08_31_19_28_40_831.jpg,/Users/martin/smart-technologies-ca2/data_track2_recovery/IMG/right_2026_08_31_19_28_40_831.jpg,0,1,0,30.19009
/Users/martin/smart-technologies-ca2/data_track2_recovery/IMG/center_2026_08_31_19_28_40_898.jpg,/Users/martin/smart-technologies-ca2/data_track2_recovery/IMG/left_2026_08_31_19_28_40_898.jpg,/Users/martin/smart-technologies-ca2/data_track2_recovery/IMG/right_2026_08_31_19_28_40_898.jpg,0,1,0,30.18959
/Users/martin/smart-technologies-ca2/data_track2_recovery/IMG/center_2026_08_31_19_28_40_970.jpg,/Users/martin/smart-technologies-ca2/data_track2_recovery/IMG/left_2026_08_31_19_28_40_970.jpg,/Users/martin/smart-technologies-ca2/data_track2_recovery/IMG/right_2026_08_31_19_28_40_970.jpg,0,1,0,30.1902
/Users/martin/smart-technologies-ca2/data_track2_recovery/IMG/center_2026_08_31_19_28_41_039.jpg,/Users/martin/smart-technologies-ca2/data_track2_recovery/IMG/left_2026_08_31_19_28_41_039.jpg,/Users/martin/smart-technologies-ca2/data_track2_recovery/IMG/right_2026_08_31_19_28_41_039.jpg,-0.2,1,0,30.17907
/Users/martin/smart-technologies-ca2/data_track2_recovery/IMG/center_2026_08_31_19_28_41_106.jpg,/Users/martin/smart-technologies-ca2/data_track2_recovery/IMG/left_2026_08_31_19_28_41_106.jpg,/Users/martin/smart-technologies-ca2/data_track2_recovery/IMG/right_2026_08_31_19_28_41_106.jpg,-0.35,1,0,30.16288
/Users/martin/smart-technologies-ca2/data_track2_recovery/IMG/center_2026_08_31_19_28_41_175.jpg,/Users/martin/smart-technologies-ca2/data_track2_recovery/IMG/left_2026_08_31_19_28_41_175.jpg,/Users/martin/smart-technologies-ca2/data_track2_recovery/IMG/right_2026_08_31_19_28_41_175.jpg,-0.5000001,0.9343477,0,30.14476
/Users/martin/smart-technologies-ca2/data_track2_recovery/IMG/center_2026_08_31_19_28_41_242.jpg,/Users/martin/smart-technologies-ca2/data_track2_recovery/IMG/left_2026_08_31_19_28_41_242.jpg,/Users/martin/smart-technologies-ca2/data_track2_recovery/IMG/right_2026_08_31_19_28_41_242.jpg,0,0.6985118,0,30.12855
/Users/martin/smart-technologies-ca2/data_track2_recovery/IMG/center_2026_08_31_19_28_41_331.jpg,/Users/martin/smart-technologies-ca2/data_track2_recovery/IMG/left_2026_08_31_19_28_41_331.jpg,/Users/martin/smart-technologies-ca2/data_track2_recovery/IMG/right_2026_08_31_19_28_41_331.jpg,0,0.4564568,0,28.86885
/Users/martin/smart-technologies-ca2/data_track2_recovery/IMG/center_2026_08_31_19_29_13_457.jpg,/Users/martin/smart-technologies-ca2/data_track2_recovery/IMG/left_2026_08_31_19_29_13_457.jpg,/Users/martin/smart-technologies-ca2/data_track2_recovery/IMG/right_2026_08_31_19_29_13_457.jpg,0,1,0,4.219772
/Users/martin/smart-technologies-ca2/data_track2_recovery/IMG/center_2026_08_31_19_29_13_526.jpg,/Users/martin/smart-technologies-ca2/data_track2_recovery/IMG/left_2026_08_31_19_29_13_526.jpg,/Users/martin/smart-technologies-ca2/data_track2_recovery/IMG/right_2026_08_31_19_29_13_526.jpg,0,1,0,5.15153
/Users/martin/smart-technologies-ca2/data_track2_recovery/IMG/center_2026_08_31_19_29_13_595.jpg,/Users/martin/smart-technologies-ca2/data_track2_recovery/IMG/left_2026_08_31_19_29_13_595.jpg,/Users/martin/smart-technologies-ca2/data_track2_recovery/IMG/right_2026_08_31_19_29_13_595.jpg,0,1,0,5.845597
/Users/martin/smart-technologies-ca2/data_track2_recovery/IMG/center_2026_08_31_19_29_13_665.jpg,/Users/martin/smart-technologies-ca2/data_track2_recovery/IMG/left_2026_08_31_19_29_13_665.jpg,/Users/martin/smart-technologies-ca2/data_track2_recovery/IMG/right_2026_08_31_19_29_13_665.jpg,-0.05,1,0,6.764255
/Users/martin/smart-technologies-ca2/data_track2_recovery/IMG/center_2026_08_31_19_29_13_732.jpg,/Users/martin/smart-technologies-ca2/data_track2_recovery/IMG/left_2026_08_31_19_29_13_732.jpg,/Users/martin/smart-technologies-ca2/data_track2_recovery/IMG/right_2026_08_31_19_29_13_732.jpg,-0.2,1,0,7.44064
/Users/martin/smart-technologies-ca2/data_track2_recovery/IMG/center_2026_08_31_19_29_13_803.jpg,/Users/martin/smart-technologies-ca2/data_track2_recovery/IMG/left_2026_08_31_19_29_13_803.jpg,/Users/martin/smart-technologies-ca2/data_track2_recovery/IMG/right_2026_08_31_19_29_13_803.jpg,0,1,0,8.337562
/Users/martin/smart-technologies-ca2/data_track2_recovery/IMG/center_2026_08_31_19_29_13_872.jpg,/Users/martin/smart-technologies-ca2/data_track2_recovery/IMG/left_2026_08_31_19_29_13_872.jpg,/Users/martin/smart-technologies-ca2/data_track2_recovery/IMG/right_2026_08_31_19_29_13_872.jpg,0,1,0,9.012501
/Users/martin/smart-technologies-ca2/data_track2_recovery/IMG/center_2026_08_31_19_29_13_940.jpg,/Users/martin/smart-technologies-ca2/data_track2_recovery/IMG/left_2026_08_31_19_29_13_940.jpg,/Users/martin/smart-technologies-ca2/data_track2_recovery/IMG/right_2026_08_31_19_29_13_940.jpg,0,1,0,9.684007
/Users/martin/smart-technologies-ca2/data_track2_recovery/IMG/center_2026_08_31_19_29_14_009.jpg,/Users/martin/smart-technologies-ca2/data_track2_recovery/IMG/left_2026_08_31_19_29_14_009.jpg,/Users/martin/smart-technologies-ca2/data_track2_recovery/IMG/right_2026_08_31_19_29_14_009.jpg,0,1,0,10.5733
/Users/martin/smart-technologies-ca2/data_track2_recovery/IMG/center_2026_08_31_19_29_14_078.jpg,/Users/martin/smart-technologies-ca2/data_track2_recovery/IMG/left_2026_08_31_19_29_14_078.jpg,/Users/martin/smart-technologies-ca2/data_track2_recovery/IMG/right_2026_08_31_19_29_14_078.jpg,0,1,0,11.23544
/Users/martin/smart-technologies-ca2/data_track2_recovery/IMG/center_2026_08_31_19_29_14_145.jpg,/Users/martin/smart-technologies-ca2/data_track2_recovery/IMG/left_2026_08_31_19_29_14_145.jpg,/Users/martin/smart-technologies-ca2/data_track2_recovery/IMG/right_2026_08_31_19_29_14_145.jpg,0,1,0,11.8656
/Users/martin/smart-technologies-ca2/data_track2_recovery/IMG/center_2026_08_31_19_29_14_215.jpg,/Users/martin/smart-technologies-ca2/data_track2_recovery/IMG/left_2026_08_31_19_29_14_215.jpg,/Users/martin/smart-technologies-ca2/data_track2_recovery/IMG/right_2026_08_31_19_29_14_215.jpg,0,1,0,12.74121
/Users/martin/smart-technologies-ca2/data_track2_recovery/IMG/center_2026_08_31_19_29_14_284.jpg,/Users/martin/smart-technologies-ca2/data_track2_recovery/IMG/left_2026_08_31_19_29_14_284.jpg,/Users/martin/smart-technologies-ca2/data_track2_recovery/IMG/right_2026_08_31_19_29_14_284.jpg,0,1,0,13.72739
/Users/martin/smart-technologies-ca2/data_track2_recovery/IMG/center_2026_08_31_19_29_14_351.jpg,/Users/martin/smart-technologies-ca2/data_track2_recovery/IMG/left_2026_08_31_19_29_14_351.jpg,/Users/martin/smart-technologies-ca2/data_track2_recovery/IMG/right_2026_08_31_19_29_14_351.jpg,0,1,0,14.04652
/Users/martin/smart-technologies-ca2/data_track2_recovery/IMG/center_2026_08_31_19_29_14_420.jpg,/Users/martin/smart-technologies-ca2/data_track2_recovery/IMG/left_2026_08_31_19_29_14_420.jpg,/Users/martin/smart-technologies-ca2/data_track2_recovery/IMG/right_2026_08_31_19_29_14_420.jpg,0.1,1,0,15.00125
/Users/martin/smart-technologies-ca2/data_track2_recovery/IMG/center_2026_08_31_19_29_14_489.jpg,/Users/martin/smart-technologies-ca2/data_track2_recovery/IMG/left_2026_08_31_19_29_14_489.jpg,/Users/martin/smart-technologies-ca2/data_track2_recovery/IMG/right_2026_08_31_19_29_14_489.jpg,0.3,1,0,15.81387
/Users/martin/smart-technologies-ca2/data_track2_recovery/IMG/center_2026_08_31_19_29_14_556.jpg,/Users/martin/smart-technologies-ca2/data_track2_recovery/IMG/left_2026_08_31_19_29_14_556.jpg,/Users/martin/smart-technologies-ca2/data_track2_recovery/IMG/right_2026_08_31_19_29_14_556.jpg,0,1,0,16.21773
/Users/martin/smart-technologies-ca2/data_track2_recovery/IMG/center_2026_08_31_19_29_14_623.jpg,/Users/martin/smart-technologies-ca2/data_track2_recovery/IMG/left_2026_08_31_19_29_14_623.jpg,/Users/martin/smart-technologies-ca2/data_track2_recovery/IMG/right_2026_08_31_19_29_14_623.jpg,0,1,0,17.0702
/Users/martin/smart-technologies-ca2/data_track2_recovery/IMG/center_2026_08_31_19_29_14_691.jpg,/Users/martin/smart-technologies-ca2/data_track2_recovery/IMG/left_2026_08_31_19_29_14_691.jpg,/Users/martin/smart-technologies-ca2/data_track2_recovery/IMG/right_2026_08_31_19_29_14_691.jpg,0,1,0,17.90214
/Users/martin/smart-technologies-ca2/data_track2_recovery/IMG/center_2026_08_31_19_29_14_758.jpg,/Users/martin/smart-technologies-ca2/data_track2_recovery/IMG/left_2026_08_31_19_29_14_758.jpg,/Users/martin/smart-technologies-ca2/data_track2_recovery/IMG/right_2026_08_31_19_29_14_758.jpg,0,1,0,18.3416
/Users/martin/smart-technologies-ca2/data_track2_recovery/IMG/center_2026_08_31_19_29_14_825.jpg,/Users/martin/smart-technologies-ca2/data_track2_recovery/IMG/left_2026_08_31_19_29_14_825.jpg,/Users/martin/smart-technologies-ca2/data_track2_recovery/IMG/right_2026_08_31_19_29_14_825.jpg,0.2,1,0,19.16486
/Users/martin/smart-technologies-ca2/data_track2_recovery/IMG/center_2026_08_31_19_29_14_892.jpg,/Users/martin/smart-technologies-ca2/data_track2_recovery/IMG/left_2026_08_31_19_29_14_892.jpg,/Users/martin/smart-technologies-ca2/data_track2_recovery/IMG/right_2026_08_31_19_29_14_892.jpg,0.35,1,0,19.86021
/Users/martin/smart-technologies-ca2/data_track2_recovery/IMG/center_2026_08_31_19_29_14_960.jpg,/Users/martin/smart-technologies-ca2/data_track2_recovery/IMG/left_2026_08_31_19_29_14_960.jpg,/Users/martin/smart-technologies-ca2/data_track2_recovery/IMG/right_2026_08_31_19_29_14_960.jpg,0.5000001,1,0,20.27796
/Users/martin/smart-technologies-ca2/data_track2_recovery/IMG/center_2026_08_31_19_29_15_027.jpg,/Users/martin/smart-technologies-ca2/data_track2_recovery/IMG/left_2026_08_31_19_29_15_027.jpg,/Users/martin/smart-technologies-ca2/data_track2_recovery/IMG/right_2026_08_31_19_29_15_027.jpg,0.7,1,0,20.93158
/Users/martin/smart-technologies-ca2/data_track2_recovery/IMG/center_2026_08_31_19_29_15_097.jpg,/Users/martin/smart-technologies-ca2/data_track2_recovery/IMG/left_2026_08_31_19_29_15_097.jpg,/Users/martin/smart-technologies-ca2/data_track2_recovery/IMG/right_2026_08_31_19_29_15_097.jpg,0,1,0,21.47961
/Users/martin/smart-technologies-ca2/data_track2_recovery/IMG/center_2026_08_31_19_29_15_164.jpg,/Users/martin/smart-technologies-ca2/data_track2_recovery/IMG/left_2026_08_31_19_29_15_164.jpg,/Users/martin/smart-technologies-ca2/data_track2_recovery/IMG/right_2026_08_31_19_29_15_164.jpg,0,1,0,22.13587
/Users/martin/smart-technologies-ca2/data_track2_recovery/IMG/center_2026_08_31_19_29_15_233.jpg,/Users/martin/smart-technologies-ca2/data_track2_recovery/IMG/left_2026_08_31_19_29_15_233.jpg,/Users/martin/smart-technologies-ca2/data_track2_recovery/IMG/right_2026_08_31_19_29_15_233.jpg,0,1,0,22.59755
/Users/martin/smart-technologies-ca2/data_track2_recovery/IMG/center_2026_08_31_19_29_15_303.jpg,/Users/martin/smart-technologies-ca2/data_track2_recovery/IMG/left_2026_08_31_19_29_15_303.jpg,/Users/martin/smart-technologies-ca2/data_track2_recovery/IMG/right_2026_08_31_19_29_15_303.jpg,0.2,1,0,23.15929
/Users/martin/smart-technologies-ca2/data_track2_recovery/IMG/center_2026_08_31_19_29_15_370.jpg,/Users/martin/smart-technologies-ca2/data_track2_recovery/IMG/left_2026_08_31_19_29_15_370.jpg,/Users/martin/smart-technologies-ca2/data_track2_recovery/IMG/right_2026_08_31_19_29_15_370.jpg,0.35,1,0,23.65337
/Users/martin/smart-technologies-ca2/data_track2_recovery/IMG/center_2026_08_31_19_29_15_439.jpg,/Users/martin/smart-technologies-ca2/data_track2_recovery/IMG/left_2026_08_31_19_29_15_439.jpg,/Users/martin/smart-technologies-ca2/data_track2_recovery/IMG/right_2026_08_31_19_29_15_439.jpg,0.5000001,1,0,23.30724
/Users/martin/smart-technologies-ca2/data_track2_recovery/IMG/center_2026_08_31_19_29_15_506.jpg,/Users/martin/smart-technologies-ca2/data_track2_recovery/IMG/left_2026_08_31_19_29_15_506.jpg,/Users/martin/smart-technologies-ca2/data_track2_recovery/IMG/right_2026_08_31_19_29_15_506.jpg,0.7,1,0,23.56253
/Users/martin/smart-technologies-ca2/data_track2_recovery/IMG/center_2026_08_31_19_29_15_572.jpg,/Users/martin/smart-technologies-ca2/data_track2_recovery/IMG/left_2026_08_31_19_29_15_572.jpg,/Users/martin/smart-technologies-ca2/data_track2_recovery/IMG/right_2026_08_31_19_29_15_572.jpg,0.8500001,1,0,23.70678
/Users/martin/smart-technologies-ca2/data_track2_recovery/IMG/center_2026_08_31_19_29_15_640.jpg,/Users/martin/smart-technologies-ca2/data_track2_recovery/IMG/left_2026_08_31_19_29_15_640.jpg,/Users/martin/smart-technologies-ca2/data_track2_recovery/IMG/right_2026_08_31_19_29_15_640.jpg,0,1,0,24.20769
/Users/martin/smart-technologies-ca2/data_track2_recovery/IMG/center_2026_08_31_19_29_15_709.jpg,/Users/martin/smart-technologies-ca2/data_track2_recovery/IMG/left_2026_08_31_19_29_15_709.jpg,/Users/martin/smart-technologies-ca2/data_track2_recovery/IMG/right_2026_08_31_19_29_15_709.jpg,0,1,0,23.98635
/Users/martin/smart-technologies-ca2/data_track2_recovery/IMG/center_2026_08_31_19_29_15_775.jpg,/Users/martin/smart-technologies-ca2/data_track2_recovery/IMG/left_2026_08_31_19_29_15_775.jpg,/Users/martin/smart-technologies-ca2/data_track2_recovery/IMG/right_2026_08_31_19_29_15_775.jpg,0,1,0,24.0705
/Users/martin/smart-technologies-ca2/data_track2_recovery/IMG/center_2026_08_31_19_29_15_845.jpg,/Users/martin/smart-technologies-ca2/data_track2_recovery/IMG/left_2026_08_31_19_29_15_845.jpg,/Users/martin/smart-technologies-ca2/data_track2_recovery/IMG/right_2026_08_31_19_29_15_845.jpg,0,1,0,24.5046
/Users/martin/smart-technologies-ca2/data_track2_recovery/IMG/center_2026_08_31_19_29_15_914.jpg,/Users/martin/smart-technologies-ca2/data_track2_recovery/IMG/left_2026_08_31_19_29_15_914.jpg,/Users/martin/smart-technologies-ca2/data_track2_recovery/IMG/right_2026_08_31_19_29_15_914.jpg,0,1,0,25.15053
/Users/martin/smart-technologies-ca2/data_track2_recovery/IMG/center_2026_08_31_19_29_15_983.jpg,/Users/martin/smart-technologies-ca2/data_track2_recovery/IMG/left_2026_08_31_19_29_15_983.jpg,/Users/martin/smart-technologies-ca2/data_track2_recovery/IMG/right_2026_08_31_19_29_15_983.jpg,0,1,0,24.97613
/Users/martin/smart-technologies-ca2/data_track2_recovery/IMG/center_2026_08_31_19_29_16_053.jpg,/Users/martin/smart-technologies-ca2/data_track2_recovery/IMG/left_2026_08_31_19_29_16_053.jpg,/Users/martin/smart-technologies-ca2/data_track2_recovery/IMG/right_2026_08_31_19_29_16_053.jpg,0,1,0,25.16293
/Users/martin/smart-technologies-ca2/data_track2_recovery/IMG/center_2026_08_31_19_29_16_123.jpg,/Users/martin/smart-technologies-ca2/data_track2_recovery/IMG/left_2026_08_31_19_29_16_123.jpg,/Users/martin/smart-technologies-ca2/data_track2_recovery/IMG/right_2026_08_31_19_29_16_123.jpg,-0.1,1,0,25.61582
/Users/martin/smart-technologies-ca2/data_track2_recovery/IMG/center_2026_08_31_19_29_16_189.jpg,/Users/martin/smart-technologies-ca2/data_track2_recovery/IMG/left_2026_08_31_19_29_16_189.jpg,/Users/martin/smart-technologies-ca2/data_track2_recovery/IMG/right_2026_08_31_19_29_16_189.jpg,-0.25,1,0,25.8853
/Users/martin/smart-technologies-ca2/data_track2_recovery/IMG/center_2026_08_31_19_29_16_256.jpg,/Users/martin/smart-technologies-ca2/data_track2_recovery/IMG/left_2026_08_31_19_29_16_256.jpg,/Users/martin/smart-technologies-ca2/data_track2_recovery/IMG/right_2026_08_31_19_29_16_256.jpg,-0.4,1,0,25.93663
/Users/martin/smart-technologies-ca2/data_track2_recovery/IMG/center_2026_08_31_19_29_16_326.jpg,/Users/martin/smart-technologies-ca2/data_track2_recovery/IMG/left_2026_08_31_19_29_16_326.jpg,/Users/martin/smart-technologies-ca2/data_track2_recovery/IMG/right_2026_08_31_19_29_16_326.jpg,0,1,0,26.29308
/Users/martin/smart-technologies-ca2/data_track2_recovery/IMG/center_2026_08_31_19_29_16_392.jpg,/Users/martin/smart-technologies-ca2/data_track2_recovery/IMG/left_2026_08_31_19_29_16_392.jpg,/Users/martin/smart-technologies-ca2/data_track2_recovery/IMG/right_2026_08_31_19_29_16_392.jpg,0,1,0,26.55867
/Users/martin/smart-technologies-ca2/data_track2_recovery/IMG/center_2026_08_31_19_29_16_459.jpg,/Users/martin/smart-technologies-ca2/data_track2_recovery/IMG/left_2026_08_31_19_29_16_459.jpg,/Users/martin/smart-technologies-ca2/data_track2_recovery/IMG/right_2026_08_31_19_29_16_459.jpg,-0.05,1,0,26.77377
/Users/martin/smart-technologies-ca2/data_track2_recovery/IMG/center_2026_08_31_19_29_16_528.jpg,/Users/martin/smart-technologies-ca2/data_track2_recovery/IMG/left_2026_08_31_19_29_16_528.jpg,/Users/martin/smart-technologies-ca2/data_track2_recovery/IMG/right_2026_08_31_19_29_16_528.jpg,-0.25,1,0,27.0457
/Users/martin/smart-technologies-ca2/data_track2_recovery/IMG/center_2026_08_31_19_29_16_597.jpg,/Users/martin/smart-technologies-ca2/data_track2_recovery/IMG/left_2026_08_31_19_29_16_597.jpg,/Users/martin/smart-technologies-ca2/data_track2_recovery/IMG/right_2026_08_31_19_29_16_597.jpg,-0.4,1,0,27.19621
/Users/martin/smart-technologies-ca2/data_track2_recovery/IMG/center_2026_08_31_19_29_16_665.jpg,/Users/martin/smart-technologies-ca2/data_track2_recovery/IMG/left_2026_08_31_19_29_16_665.jpg,/Users/martin/smart-technologies-ca2/data_track2_recovery/IMG/right_2026_08_31_19_29_16_665.jpg,0,1,0,27.21862
/Users/martin/smart-technologies-ca2/data_track2_recovery/IMG/center_2026_08_31_19_29_16_736.jpg,/Users/martin/smart-technologies-ca2/data_track2_recovery/IMG/left_2026_08_31_19_29_16_736.jpg,/Users/martin/smart-technologies-ca2/data_track2_recovery/IMG/right_2026_08_31_19_29_16_736.jpg,0,1,0,27.07881
/Users/martin/smart-technologies-ca2/data_track2_recovery/IMG/center_2026_08_31_19_29_16_803.jpg,/Users/martin/smart-technologies-ca2/data_track2_recovery/IMG/left_2026_08_31_19_29_16_803.jpg,/Users/martin/smart-technologies-ca2/data_track2_recovery/IMG/right_2026_08_31_19_29_16_803.jpg,0,1,0,27.10084
/Users/martin/smart-technologies-ca2/data_track2_recovery/IMG/center_2026_08_31_19_29_16_871.jpg,/Users/martin/smart-technologies-ca2/data_track2_recovery/IMG/left_2026_08_31_19_29_16_871.jpg,/Users/martin/smart-technologies-ca2/data_track2_recovery/IMG/right_2026_08_31_19_29_16_871.jpg,-0.15,1,0,27.37857
/Users/martin/smart-technologies-ca2/data_track2_recovery/IMG/center_2026_08_31_19_29_16_939.jpg,/Users/martin/smart-technologies-ca2/data_track2_recovery/IMG/left_2026_08_31_19_29_16_939.jpg,/Users/martin/smart-technologies-ca2/data_track2_recovery/IMG/right_2026_08_31_19_29_16_939.jpg,-0.3,1,0,27.1221
/Users/martin/smart-technologies-ca2/data_track2_recovery/IMG/center_2026_08_31_19_29_17_007.jpg,/Users/martin/smart-technologies-ca2/data_track2_recovery/IMG/left_2026_08_31_19_29_17_007.jpg,/Users/martin/smart-technologies-ca2/data_track2_recovery/IMG/right_2026_08_31_19_29_17_007.jpg,0,0.8154969,0,26.9169
/Users/martin/smart-technologies-ca2/data_track2_recovery/IMG/center_2026_08_31_19_29_17_076.jpg,/Users/martin/smart-technologies-ca2/data_track2_recovery/IMG/left_2026_08_31_19_29_17_076.jpg,/Users/martin/smart-technologies-ca2/data_track2_recovery/IMG/right_2026_08_31_19_29_17_076.jpg,0.1,0.6390491,0,26.70878
/Users/martin/smart-technologies-ca2/data_track2_recovery/IMG/center_2026_08_31_19_29_17_143.jpg,/Users/martin/smart-technologies-ca2/data_track2_recovery/IMG/left_2026_08_31_19_29_17_143.jpg,/Users/martin/smart-technologies-ca2/data_track2_recovery/IMG/right_2026_08_31_19_29_17_143.jpg,0.3,0.4023881,0,26.40418
/Users/martin/smart-technologies-ca2/data_track2_recovery/IMG/center_2026_08_31_19_29_17_210.jpg,/Users/martin/smart-technologies-ca2/data_track2_recovery/IMG/left_2026_08_31_19_29_17_210.jpg,/Users/martin/smart-technologies-ca2/data_track2_recovery/IMG/right_2026_08_31_19_29_17_210.jpg,0.45,0.215794,0,26.41649
/Users/martin/smart-technologies-ca2/data_track2_recovery/IMG/center_2026_08_31_19_29_17_278.jpg,/Users/martin/smart-technologies-ca2/data_track2_recovery/IMG/left_2026_08_31_19_29_17_278.jpg,/Users/martin/smart-technologies-ca2/data_track2_recovery/IMG/right_2026_08_31_19_29_17_278.jpg,0.6000001,0.04021907,0,26.60635
/Users/martin/smart-technologies-ca2/data_track2_recovery/IMG/center_2026_08_31_19_29_17_345.jpg,/Users/martin/smart-technologies-ca2/data_track2_recovery/IMG/left_2026_08_31_19_29_17_345.jpg,/Users/martin/smart-technologies-ca2/data_track2_recovery/IMG/right_2026_08_31_19_29_17_345.jpg,0,0.09149981,0,26.77761
/Users/martin/smart-technologies-ca2/data_track2_recovery/IMG/center_2026_08_31_19_29_17_411.jpg,/Users/martin/smart-technologies-ca2/data_track2_recovery/IMG/left_2026_08_31_19_29_17_411.jpg,/Users/martin/smart-technologies-ca2/data_track2_recovery/IMG/right_2026_08_31_19_29_17_411.jpg,0,0.278664,0,27.65049
/Users/martin/smart-technologies-ca2/data_track2_recovery/IMG/center_2026_08_31_19_29_17_480.jpg,/Users/martin/smart-technologies-ca2/data_track2_recovery/IMG/left_2026_08_31_19_29_17_480.jpg,/Users/martin/smart-technologies-ca2/data_track2_recovery/IMG/right_2026_08_31_19_29_17_480.jpg,0,0.4533119,0,27.77897
/Users/martin/smart-technologies-ca2/data_track2_recovery/IMG/center_2026_08_31_19_29_17_547.jpg,/Users/martin/smart-technologies-ca2/data_track2_recovery/IMG/left_2026_08_31_19_29_17_547.jpg,/Users/martin/smart-technologies-ca2/data_track2_recovery/IMG/right_2026_08_31_19_29_17_547.jpg,0.1,0.6971519,0,28.0439
/Users/martin/smart-technologies-ca2/data_track2_recovery/IMG/center_2026_08_31_19_29_17_615.jpg,/Users/martin/smart-technologies-ca2/data_track2_recovery/IMG/left_2026_08_31_19_29_17_615.jpg,/Users/martin/smart-technologies-ca2/data_track2_recovery/IMG/right_2026_08_31_19_29_17_615.jpg,0.25,0.8775179,0,28.40418
/Users/martin/smart-technologies-ca2/data_track2_recovery/IMG/center_2026_08_31_19_29_17_682.jpg,/Users/martin/smart-technologies-ca2/data_track2_recovery/IMG/left_2026_08_31_19_29_17_682.jpg,/Users/martin/smart-technologies-ca2/data_track2_recovery/IMG/right_2026_08_31_19_29_17_682.jpg,0.45,1,0,28.99645
/Users/martin/smart-technologies-ca2/data_track2_recovery/IMG/center_2026_08_31_19_29_17_749.jpg,/Users/martin/smart-technologies-ca2/data_track2_recovery/IMG/left_2026_08_31_19_29_17_749.jpg,/Users/martin/smart-technologies-ca2/data_track2_recovery/IMG/right_2026_08_31_19_29_17_749.jpg,0.6000001,1,0,29.40424
/Users/martin/smart-technologies-ca2/data_track2_recovery/IMG/center_2026_08_31_19_29_17_817.jpg,/Users/martin/smart-technologies-ca2/data_track2_recovery/IMG/left_2026_08_31_19_29_17_817.jpg,/Users/martin/smart-technologies-ca2/data_track2_recovery/IMG/right_2026_08_31_19_29_17_817.jpg,0.7500002,1,0,29.75608
/Users/martin/smart-technologies-ca2/data_track2_recovery/IMG/center_2026_08_31_19_29_17_886.jpg,/Users/martin/smart-technologies-ca2/data_track2_recovery/IMG/left_2026_08_31_19_29_17_886.jpg,/Users/martin/smart-technologies-ca2/data_track2_recovery/IMG/right_2026_08_31_19_29_17_886.jpg,0.9500002,1,0,30.09607
/Users/martin/smart-technologies-ca2/data_track2_recovery/IMG/center_2026_08_31_19_29_17_953.jpg,/Users/martin/smart-technologies-ca2/data_track2_recovery/IMG/left_2026_08_31_19_29_17_953.jpg,/Users/martin/smart-technologies-ca2/data_track2_recovery/IMG/right_2026_08_31_19_29_17_953.jpg,1,1,0,30.09859
/Users/martin/smart-technologies-ca2/data_track2_recovery/IMG/center_2026_08_31_19_29_18_021.jpg,/Users/martin/smart-technologies-ca2/data_track2_recovery/IMG/left_2026_08_31_19_29_18_021.jpg,/Users/martin/smart-technologies-ca2/data_track2_recovery/IMG/right_2026_08_31_19_29_18_021.jpg,0,1,0,30.16976
/Users/martin/smart-technologies-ca2/data_track2_recovery/IMG/center_2026_08_31_19_29_18_088.jpg,/Users/martin/smart-technologies-ca2/data_track2_recovery/IMG/left_2026_08_31_19_29_18_088.jpg,/Users/martin/smart-technologies-ca2/data_track2_recovery/IMG/right_2026_08_31_19_29_18_088.jpg,0,1,0,30.18058
/Users/martin/smart-technologies-ca2/data_track2_recovery/IMG/center_2026_08_31_19_29_18_155.jpg,/Users/martin/smart-technologies-ca2/data_track2_recovery/IMG/left_2026_08_31_19_29_18_155.jpg,/Users/martin/smart-technologies-ca2/data_track2_recovery/IMG/right_2026_08_31_19_29_18_155.jpg,0,1,0,30.18779
/Users/martin/smart-technologies-ca2/data_track2_recovery/IMG/center_2026_08_31_19_29_18_224.jpg,/Users/martin/smart-technologies-ca2/data_track2_recovery/IMG/left_2026_08_31_19_29_18_224.jpg,/Users/martin/smart-technologies-ca2/data_track2_recovery/IMG/right_2026_08_31_19_29_18_224.jpg,0,1,0,30.18997
/Users/martin/smart-technologies-ca2/data_track2_recovery/IMG/center_2026_08_31_19_29_18_293.jpg,/Users/martin/smart-technologies-ca2/data_track2_recovery/IMG/left_2026_08_31_19_29_18_293.jpg,/Users/martin/smart-technologies-ca2/data_track2_recovery/IMG/right_2026_08_31_19_29_18_293.jpg,0.1,1,0,30.18976
/Users/martin/smart-technologies-ca2/data_track2_recovery/IMG/center_2026_08_31_19_29_18_359.jpg,/Users/martin/smart-technologies-ca2/data_track2_recovery/IMG/left_2026_08_31_19_29_18_359.jpg,/Users/martin/smart-technologies-ca2/data_track2_recovery/IMG/right_2026_08_31_19_29_18_359.jpg,0.25,1,0,30.17828
/Users/martin/smart-technologies-ca2/data_track2_recovery/IMG/center_2026_08_31_19_29_18_426.jpg,/Users/martin/smart-technologies-ca2/data_track2_recovery/IMG/left_2026_08_31_19_29_18_426.jpg,/Users/martin/smart-technologies-ca2/data_track2_recovery/IMG/right_2026_08_31_19_29_18_426.jpg,0.45,1,0,30.1537
/Users/martin/smart-technologies-ca2/data_track2_recovery/IMG/center_2026_08_31_19_29_18_493.jpg,/Users/martin/smart-technologies-ca2/data_track2_recovery/IMG/left_2026_08_31_19_29_18_493.jpg,/Users/martin/smart-technologies-ca2/data_track2_recovery/IMG/right_2026_08_31_19_29_18_493.jpg,0.6000001,1,0,30.13473
/Users/martin/smart-technologies-ca2/data_track2_recovery/IMG/center_2026_08_31_19_29_18_562.jpg,/Users/martin/smart-technologies-ca2/data_track2_recovery/IMG/left_2026_08_31_19_29_18_562.jpg,/Users/martin/smart-technologies-ca2/data_track2_recovery/IMG/right_2026_08_31_19_29_18_562.jpg,0.8000001,1,0,30.11084
/Users/martin/smart-technologies-ca2/data_track2_recovery/IMG/center_2026_08_31_19_29_18_629.jpg,/Users/martin/smart-technologies-ca2/data_track2_recovery/IMG/left_2026_08_31_19_29_18_629.jpg,/Users/martin/smart-technologies-ca2/data_track2_recovery/IMG/right_2026_08_31_19_29_18_629.jpg,0,1,0,30.17412
/Users/martin/smart-technologies-ca2/data_track2_recovery/IMG/center_2026_08_31_19_29_18_696.jpg,/Users/martin/smart-technologies-ca2/data_track2_recovery/IMG/left_2026_08_31_19_29_18_696.jpg,/Users/martin/smart-technologies-ca2/data_track2_recovery/IMG/right_2026_08_31_19_29_18_696.jpg,0,1,0,30.18545
/Users/martin/smart-technologies-ca2/data_track2_recovery/IMG/center_2026_08_31_19_29_18_763.jpg,/Users/martin/smart-technologies-ca2/data_track2_recovery/IMG/left_2026_08_31_19_29_18_763.jpg,/Users/martin/smart-technologies-ca2/data_track2_recovery/IMG/right_2026_08_31_19_29_18_763.jpg,0,1,0,30.18956
/Users/martin/smart-technologies-ca2/data_track2_recovery/IMG/center_2026_08_31_19_29_18_832.jpg,/Users/martin/smart-technologies-ca2/data_track2_recovery/IMG/left_2026_08_31_19_29_18_832.jpg,/Users/martin/smart-technologies-ca2/data_track2_recovery/IMG/right_2026_08_31_19_29_18_832.jpg,0,1,0,30.19013
/Users/martin/smart-technologies-ca2/data_track2_recovery/IMG/center_2026_08_31_19_29_18_903.jpg,/Users/martin/smart-technologies-ca2/data_track2_recovery/IMG/left_2026_08_31_19_29_18_903.jpg,/Users/martin/smart-technologies-ca2/data_track2_recovery/IMG/right_2026_08_31_19_29_18_903.jpg,0.1,1,0,30.18887
/Users/martin/smart-technologies-ca2/data_track2_recovery/IMG/center_2026_08_31_19_29_18_969.jpg,/Users/martin/smart-technologies-ca2/data_track2_recovery/IMG/left_2026_08_31_19_29_18_969.jpg,/Users/martin/smart-technologies-ca2/data_track2_recovery/IMG/right_2026_08_31_19_29_18_969.jpg,0.25,1,0,30.1768
/Users/martin/smart-technologies-ca2/data_track2_recovery/IMG/center_2026_08_31_19_29_19_038.jpg,/Users/martin/smart-technologies-ca2/data_track2_recovery/IMG/left_2026_08_31_19_29_19_038.jpg,/Users/martin/smart-technologies-ca2/data_track2_recovery/IMG/right_2026_08_31_19_29_19_038.jpg,0.4,1,0,30.15885
/Users/martin/smart-technologies-ca2/data_track2_recovery/IMG/center_2026_08_31_19_29_19_108.jpg,/Users/martin/smart-technologies-ca2/data_track2_recovery/IMG/left_2026_08_31_19_29_19_108.jpg,/Users/martin/smart-technologies-ca2/data_track2_recovery/IMG/right_2026_08_31_19_29_19_108.jpg,0.6000001,1,0,30.13405
/Users/martin/smart-technologies-ca2/data_track2_recovery/IMG/center_2026_08_31_19_29_19_175.jpg,/Users/martin/smart-technologies-ca2/data_track2_recovery/IMG/left_2026_08_31_19_29_19_175.jpg,/Users/martin/smart-technologies-ca2/data_track2_recovery/IMG/right_2026_08_31_19_29_19_175.jpg,0.7500002,1,0,30.11525
/Users/martin/smart-technologies-ca2/data_track2_recovery/IMG/center_2026_08_31_19_29_19_243.jpg,/Users/martin/smart-technologies-ca2/data_track2_recovery/IMG/left_2026_08_31_19_29_19_243.jpg,/Users/martin/smart-technologies-ca2/data_track2_recovery/IMG/right_2026_08_31_19_29_19_243.jpg,0,1,0,30.17384
/Users/martin/smart-technologies-ca2/data_track2_recovery/IMG/center_2026_08_31_19_29_19_311.jpg,/Users/martin/smart-technologies-ca2/data_track2_recovery/IMG/left_2026_08_31_19_29_19_311.jpg,/Users/martin/smart-technologies-ca2/data_track2_recovery/IMG/right_2026_08_31_19_29_19_311.jpg,0,1,0,30.18546
/Users/martin/smart-technologies-ca2/data_track2_recovery/IMG/center_2026_08_31_19_29_19_380.jpg,/Users/martin/smart-technologies-ca2/data_track2_recovery/IMG/left_2026_08_31_19_29_19_380.jpg,/Users/martin/smart-technologies-ca2/data_track2_recovery/IMG/right_2026_08_31_19_29_19_380.jpg,0,1,0,30.18905
/Users/martin/smart-technologies-ca2/data_track2_recovery/IMG/center_2026_08_31_19_29_19_449.jpg,/Users/martin/smart-technologies-ca2/data_track2_recovery/IMG/left_2026_08_31_19_29_19_449.jpg,/Users/martin/smart-technologies-ca2/data_track2_recovery/IMG/right_2026_08_31_19_29_19_449.jpg,0,1,0,30.19003
/Users/martin/smart-technologies-ca2/data_track2_recovery/IMG/center_2026_08_31_19_29_19_517.jpg,/Users/martin/smart-technologies-ca2/data_track2_recovery/IMG/left_2026_08_31_19_29_19_517.jpg,/Users/martin/smart-technologies-ca2/data_track2_recovery/IMG/right_2026_08_31_19_29_19_517.jpg,0.15,1,0,30.18683
/Users/martin/smart-technologies-ca2/data_track2_recovery/IMG/center_2026_08_31_19_29_19_583.jpg,/Users/martin/smart-technologies-ca2/data_track2_recovery/IMG/left_2026_08_31_19_29_19_583.jpg,/Users/martin/smart-technologies-ca2/data_track2_recovery/IMG/right_2026_08_31_19_29_19_583.jpg,0.35,1,0,30.16603
/Users/martin/smart-technologies-ca2/data_track2_recovery/IMG/center_2026_08_31_19_29_19_652.jpg,/Users/martin/smart-technologies-ca2/data_track2_recovery/IMG/left_2026_08_31_19_29_19_652.jpg,/Users/martin/smart-technologies-ca2/data_track2_recovery/IMG/right_2026_08_31_19_29_19_652.jpg,0.5000001,1,0,30.14726
/Users/martin/smart-technologies-ca2/data_track2_recovery/IMG/center_2026_08_31_19_29_19_722.jpg,/Users/martin/smart-technologies-ca2/data_track2_recovery/IMG/left_2026_08_31_19_29_19_722.jpg,/Users/martin/smart-technologies-ca2/data_track2_recovery/IMG/right_2026_08_31_19_29_19_722.jpg,0,1,0,30.1719
/Users/martin/smart-technologies-ca2/data_track2_recovery/IMG/center_2026_08_31_19_29_19_789.jpg,/Users/martin/smart-technologies-ca2/data_track2_recovery/IMG/left_2026_08_31_19_29_19_789.jpg,/Users/martin/smart-technologies-ca2/data_track2_recovery/IMG/right_2026_08_31_19_29_19_789.jpg,0,1,0,30.18411
/Users/martin/smart-technologies-ca2/data_track2_recovery/IMG/center_2026_08_31_19_29_19_858.jpg,/Users/martin/smart-technologies-ca2/data_track2_recovery/IMG/left_2026_08_31_19_29_19_858.jpg,/Users/martin/smart-technologies-ca2/data_track2_recovery/IMG/right_2026_08_31_19_29_19_858.jpg,0,1,0,30.18869
/Users/martin/smart-technologies-ca2/data_track2_recovery/IMG/center_2026_08_31_19_29_19_928.jpg,/Users/martin/smart-technologies-ca2/data_track2_recovery/IMG/left_2026_08_31_19_29_19_928.jpg,/Users/martin/smart-technologies-ca2/data_track2_recovery/IMG/right_2026_08_31_19_29_19_928.jpg,0,1,0,30.19003
/Users/martin/smart-technologies-ca2/data_track2_recovery/IMG/center_2026_08_31_19_29_19_995.jpg,/Users/martin/smart-technologies-ca2/data_track2_recovery/IMG/left_2026_08_31_19_29_19_995.jpg,/Users/martin/smart-technologies-ca2/data_track2_recovery/IMG/right_2026_08_31_19_29_19_995.jpg,0,1,0,30.19043
/Users/martin/smart-technologies-ca2/data_track2_recovery/IMG/center_2026_08_31_19_29_20_064.jpg,/Users/martin/smart-technologies-ca2/data_track2_recovery/IMG/left_2026_08_31_19_29_20_064.jpg,/Users/martin/smart-technologies-ca2/data_track2_recovery/IMG/right_2026_08_31_19_29_20_064.jpg,0,1,0,30.19025
/Users/martin/smart-technologies-ca2/data_track2_recovery/IMG/center_2026_08_31_19_29_20_131.jpg,/Users/martin/smart-technologies-ca2/data_track2_recovery/IMG/left_2026_08_31_19_29_20_131.jpg,/Users/martin/smart-technologies-ca2/data_track2_recovery/IMG/right_2026_08_31_19_29_20_131.jpg,0,1,0,30.19042
/Users/martin/smart-technologies-ca2/data_track2_recovery/IMG/center_2026_08_31_19_29_20_199.jpg,/Users/martin/smart-technologies-ca2/data_track2_recovery/IMG/left_2026_08_31_19_29_20_199.jpg,/Users/martin/smart-technologies-ca2/data_track2_recovery/IMG/right_2026_08_31_19_29_20_199.jpg,0,1,0,30.19031
/Users/martin/smart-technologies-ca2/data_track2_recovery/IMG/center_2026_08_31_19_29_20_267.jpg,/Users/martin/smart-technologies-ca2/data_track2_recovery/IMG/left_2026_08_31_19_29_20_267.jpg,/Users/martin/smart-technologies-ca2/data_track2_recovery/IMG/right_2026_08_31_19_29_20_267.jpg,0,1,0,30.19025
/Users/martin/smart-technologies-ca2/data_track2_recovery/IMG/center_2026_08_31_19_29_20_336.jpg,/Users/martin/smart-technologies-ca2/data_track2_recovery/IMG/left_2026_08_31_19_29_20_336.jpg,/Users/martin/smart-technologies-ca2/data_track2_recovery/IMG/right_2026_08_31_19_29_20_336.jpg,0,1,0,30.19036
/Users/martin/smart-technologies-ca2/data_track2_recovery/IMG/center_2026_08_31_19_29_20_403.jpg,/Users/martin/smart-technologies-ca2/data_track2_recovery/IMG/left_2026_08_31_19_29_20_403.jpg,/Users/martin/smart-technologies-ca2/data_track2_recovery/IMG/right_2026_08_31_19_29_20_403.jpg,0,1,0,30.19029
/Users/martin/smart-technologies-ca2/data_track2_recovery/IMG/center_2026_08_31_19_29_20_472.jpg,/Users/martin/smart-technologies-ca2/data_track2_recovery/IMG/left_2026_08_31_19_29_20_472.jpg,/Users/martin/smart-technologies-ca2/data_track2_recovery/IMG/right_2026_08_31_19_29_20_472.jpg,0,1,0,30.19036
/Users/martin/smart-technologies-ca2/data_track2_recovery/IMG/center_2026_08_31_19_29_20_538.jpg,/Users/martin/smart-technologies-ca2/data_track2_recovery/IMG/left_2026_08_31_19_29_20_538.jpg,/Users/martin/smart-technologies-ca2/data_track2_recovery/IMG/right_2026_08_31_19_29_20_538.jpg,0,1,0,30.19034
/Users/martin/smart-technologies-ca2/data_track2_recovery/IMG/center_2026_08_31_19_29_20_608.jpg,/Users/martin/smart-technologies-ca2/data_track2_recovery/IMG/left_2026_08_31_19_29_20_608.jpg,/Users/martin/smart-technologies-ca2/data_track2_recovery/IMG/right_2026_08_31_19_29_20_608.jpg,0,1,0,30.19029
/Users/martin/smart-technologies-ca2/data_track2_recovery/IMG/center_2026_08_31_19_29_20_675.jpg,/Users/martin/smart-technologies-ca2/data_track2_recovery/IMG/left_2026_08_31_19_29_20_675.jpg,/Users/martin/smart-technologies-ca2/data_track2_recovery/IMG/right_2026_08_31_19_29_20_675.jpg,0.05,1,0,30.18966
/Users/martin/smart-technologies-ca2/data_track2_recovery/IMG/center_2026_08_31_19_29_20_742.jpg,/Users/martin/smart-technologies-ca2/data_track2_recovery/IMG/left_2026_08_31_19_29_20_742.jpg,/Users/martin/smart-technologies-ca2/data_track2_recovery/IMG/right_2026_08_31_19_29_20_742.jpg,0.25,1,0,30.17473
/Users/martin/smart-technologies-ca2/data_track2_recovery/IMG/center_2026_08_31_19_29_20_810.jpg,/Users/martin/smart-technologies-ca2/data_track2_recovery/IMG/left_2026_08_31_19_29_20_810.jpg,/Users/martin/smart-technologies-ca2/data_track2_recovery/IMG/right_2026_08_31_19_29_20_810.jpg,0.4,1,0,30.15744
/Users/martin/smart-technologies-ca2/data_track2_recovery/IMG/center_2026_08_31_19_29_20_877.jpg,/Users/martin/smart-technologies-ca2/data_track2_recovery/IMG/left_2026_08_31_19_29_20_877.jpg,/Users/martin/smart-technologies-ca2/data_track2_recovery/IMG/right_2026_08_31_19_29_20_877.jpg,0.5500001,1,0,30.13931
/Users/martin/smart-technologies-ca2/data_track2_recovery/IMG/center_2026_08_31_19_29_20_944.jpg,/Users/martin/smart-technologies-ca2/data_track2_recovery/IMG/left_2026_08_31_19_29_20_944.jpg,/Users/martin/smart-technologies-ca2/data_track2_recovery/IMG/right_2026_08_31_19_29_20_944.jpg,0.7500002,1,0,30.11478
/Users/martin/smart-technologies-ca2/data_track2_recovery/IMG/center_2026_08_31_19_29_21_011.jpg,/Users/martin/smart-technologies-ca2/data_track2_recovery/IMG/left_2026_08_31_19_29_21_011.jpg,/Users/martin/smart-technologies-ca2/data_track2_recovery/IMG/right_2026_08_31_19_29_21_011.jpg,0.9000002,1,0,30.10096
/Users/martin/smart-technologies-ca2/data_track2_recovery/IMG/center_2026_08_31_19_29_21_079.jpg,/Users/martin/smart-technologies-ca2/data_track2_recovery/IMG/left_2026_08_31_19_29_21_079.jpg,/Users/martin/smart-technologies-ca2/data_track2_recovery/IMG/right_2026_08_31_19_29_21_079.jpg,1,1,0,30.09582
/Users/martin/smart-technologies-ca2/data_track2_recovery/IMG/center_2026_08_31_19_29_21_146.jpg,/Users/martin/smart-technologies-ca2/data_track2_recovery/IMG/left_2026_08_31_19_29_21_146.jpg,/Users/martin/smart-technologies-ca2/data_track2_recovery/IMG/right_2026_08_31_19_29_21_146.jpg,0,1,0,30.16377
/Users/martin/smart-technologies-ca2/data_track2_recovery/IMG/center_2026_08_31_19_29_21_216.jpg,/Users/martin/smart-technologies-ca2/data_track2_recovery/IMG/left_2026_08_31_19_29_21_216.jpg,/Users/martin/smart-technologies-ca2/data_track2_recovery/IMG/right_2026_08_31_19_29_21_216.jpg,0,1,0,30.17609
/Users/martin/smart-technologies-ca2/data_track2_recovery/IMG/center_2026_08_31_19_29_21_286.jpg,/Users/martin/smart-technologies-ca2/data_track2_recovery/IMG/left_2026_08_31_19_29_21_286.jpg,/Users/martin/smart-technologies-ca2/data_track2_recovery/IMG/right_2026_08_31_19_29_21_286.jpg,0,1,0,30.18766
/Users/martin/smart-technologies-ca2/data_track2_recovery/IMG/center_2026_08_31_19_29_21_353.jpg,/Users/martin/smart-technologies-ca2/data_track2_recovery/IMG/left_2026_08_31_19_29_21_353.jpg,/Users/martin/smart-technologies-ca2/data_track2_recovery/IMG/right_2026_08_31_19_29_21_353.jpg,0,1,0,30.18961
/Users/martin/smart-technologies-ca2/data_track2_recovery/IMG/center_2026_08_31_19_29_21_423.jpg,/Users/martin/smart-technologies-ca2/data_track2_recovery/IMG/left_2026_08_31_19_29_21_423.jpg,/Users/martin/smart-technologies-ca2/data_track2_recovery/IMG/right_2026_08_31_19_29_21_423.jpg,-0.2,1,0,30.17513
/Users/martin/smart-technologies-ca2/data_track2_recovery/IMG/center_2026_08_31_19_29_21_490.jpg,/Users/martin/smart-technologies-ca2/data_track2_recovery/IMG/left_2026_08_31_19_29_21_490.jpg,/Users/martin/smart-technologies-ca2/data_track2_recovery/IMG/right_2026_08_31_19_29_21_490.jpg,-0.35,1,0,30.15955
/Users/martin/smart-technologies-ca2/data_track2_recovery/IMG/center_2026_08_31_19_29_21_557.jpg,/Users/martin/smart-technologies-ca2/data_track2_recovery/IMG/left_2026_08_31_19_29_21_557.jpg,/Users/martin/smart-technologies-ca2/data_track2_recovery/IMG/right_2026_08_31_19_29_21_557.jpg,0,1,0,30.17685
/Users/martin/smart-technologies-ca2/data_track2_recovery/IMG/center_2026_08_31_19_29_21_624.jpg,/Users/martin/smart-technologies-ca2/data_track2_recovery/IMG/left_2026_08_31_19_29_21_624.jpg,/Users/martin/smart-technologies-ca2/data_track2_recovery/IMG/right_2026_08_31_19_29_21_624.jpg,0,1,0,30.1884
/Users/martin/smart-technologies-ca2/data_track2_recovery/IMG/center_2026_08_31_19_29_21_692.jpg,/Users/martin/smart-technologies-ca2/data_track2_recovery/IMG/left_2026_08_31_19_29_21_692.jpg,/Users/martin/smart-technologies-ca2/data_track2_recovery/IMG/right_2026_08_31_19_29_21_692.jpg,0,1,0,30.18963
/Users/martin/smart-technologies-ca2/data_track2_recovery/IMG/center_2026_08_31_19_29_21_762.jpg,/Users/martin/smart-technologies-ca2/data_track2_recovery/IMG/left_2026_08_31_19_29_21_762.jpg,/Users/martin/smart-technologies-ca2/data_track2_recovery/IMG/right_2026_08_31_19_29_21_762.jpg,-0.2,1,0,30.18325
/Users/martin/smart-technologies-ca2/data_track2_recovery/IMG/center_2026_08_31_19_29_21_832.jpg,/Users/martin/smart-technologies-ca2/data_track2_recovery/IMG/left_2026_08_31_19_29_21_832.jpg,/Users/martin/smart-technologies-ca2/data_track2_recovery/IMG/right_2026_08_31_19_29_21_832.jpg,-0.35,1,0,30.1667
/Users/martin/smart-technologies-ca2/data_track2_recovery/IMG/center_2026_08_31_19_29_21_901.jpg,/Users/martin/smart-technologies-ca2/data_track2_recovery/IMG/left_2026_08_31_19_29_21_901.jpg,/Users/martin/smart-technologies-ca2/data_track2_recovery/IMG/right_2026_08_31_19_29_21_901.jpg,-0.5500001,1,0,30.14153
/Users/martin/smart-technologies-ca2/data_track2_recovery/IMG/center_2026_08_31_19_29_21_970.jpg,/Users/martin/smart-technologies-ca2/data_track2_recovery/IMG/left_2026_08_31_19_29_21_970.jpg,/Users/martin/smart-technologies-ca2/data_track2_recovery/IMG/right_2026_08_31_19_29_21_970.jpg,0,1,0,30.18401
/Users/martin/smart-technologies-ca2/data_track2_recovery/IMG/center_2026_08_31_19_29_22_039.jpg,/Users/martin/smart-technologies-ca2/data_track2_recovery/IMG/left_2026_08_31_19_29_22_039.jpg,/Users/martin/smart-technologies-ca2/data_track2_recovery/IMG/right_2026_08_31_19_29_22_039.jpg,0,1,0,30.18851
/Users/martin/smart-technologies-ca2/data_track2_recovery/IMG/center_2026_08_31_19_29_22_106.jpg,/Users/martin/smart-technologies-ca2/data_track2_recovery/IMG/left_2026_08_31_19_29_22_106.jpg,/Users/martin/smart-technologies-ca2/data_track2_recovery/IMG/right_2026_08_31_19_29_22_106.jpg,0,1,0,30.19
/Users/martin/smart-technologies-ca2/data_track2_recovery/IMG/center_2026_08_31_19_29_22_175.jpg,/Users/martin/smart-technologies-ca2/data_track2_recovery/IMG/left_2026_08_31_19_29_22_175.jpg,/Users/martin/smart-technologies-ca2/data_track2_recovery/IMG/right_2026_08_31_19_29_22_175.jpg,0,1,0,30.19019
/Users/martin/smart-technologies-ca2/data_track2_recovery/IMG/center_2026_08_31_19_29_22_244.jpg,/Users/martin/smart-technologies-ca2/data_track2_recovery/IMG/left_2026_08_31_19_29_22_244.jpg,/Users/martin/smart-technologies-ca2/data_track2_recovery/IMG/right_2026_08_31_19_29_22_244.jpg,0,1,0,30.19038
/Users/martin/smart-technologies-ca2/data_track2_recovery/IMG/center_2026_08_31_19_29_22_311.jpg,/Users/martin/smart-technologies-ca2/data_track2_recovery/IMG/left_2026_08_31_19_29_22_311.jpg,/Users/martin/smart-technologies-ca2/data_track2_recovery/IMG/right_2026_08_31_19_29_22_311.jpg,0,1,0,30.19034
/Users/martin/smart-technologies-ca2/data_track2_recovery/IMG/center_2026_08_31_19_29_22_379.jpg,/Users/martin/smart-technologies-ca2/data_track2_recovery/IMG/left_2026_08_31_19_29_22_379.jpg,/Users/martin/smart-technologies-ca2/data_track2_recovery/IMG/right_2026_08_31_19_29_22_379.jpg,0,1,0,30.19031
/Users/martin/smart-technologies-ca2/data_track2_recovery/IMG/center_2026_08_31_19_29_22_449.jpg,/Users/martin/smart-technologies-ca2/data_track2_recovery/IMG/left_2026_08_31_19_29_22_449.jpg,/Users/martin/smart-technologies-ca2/data_track2_recovery/IMG/right_2026_08_31_19_29_22_449.jpg,0,1,0,30.19034
/Users/martin/smart-technologies-ca2/data_track2_recovery/IMG/center_2026_08_31_19_29_22_515.jpg,/Users/martin/smart-technologies-ca2/data_track2_recovery/IMG/left_2026_08_31_19_29_22_515.jpg,/Users/martin/smart-technologies-ca2/data_track2_recovery/IMG/right_2026_08_31_19_29_22_515.jpg,0,1,0,30.19031
/Users/martin/smart-technologies-ca2/data_track2_recovery/IMG/center_2026_08_31_19_29_22_586.jpg,/Users/martin/smart-technologies-ca2/data_track2_recovery/IMG/left_2026_08_31_19_29_22_586.jpg,/Users/martin/smart-technologies-ca2/data_track2_recovery/IMG/right_2026_08_31_19_29_22_586.jpg,0,1,0,30.22957
/Users/martin/smart-technologies-ca2/data_track2_recovery/IMG/center_2026_08_31_19_29_22_655.jpg,/Users/martin/smart-technologies-ca2/data_track2_recovery/IMG/left_2026_08_31_19_29_22_655.jpg,/Users/martin/smart-technologies-ca2/data_track2_recovery/IMG/right_2026_08_31_19_29_22_655.jpg,0,1,0,30.17068
/Users/martin/smart-technologies-ca2/data_track2_recovery/IMG/center_2026_08_31_19_29_22_722.jpg,/Users/martin/smart-technologies-ca2/data_track2_recovery/IMG/left_2026_08_31_19_29_22_722.jpg,/Users/martin/smart-technologies-ca2/data_track2_recovery/IMG/right_2026_08_31_19_29_22_722.jpg,0,1,0,30.17374
/Users/martin/smart-technologies-ca2/data_track2_recovery/IMG/center_2026_08_31_19_29_22_789.jpg,/Users/martin/smart-technologies-ca2/data_track2_recovery/IMG/left_2026_08_31_19_29_22_789.jpg,/Users/martin/smart-technologies-ca2/data_track2_recovery/IMG/right_2026_08_31_19_29_22_789.jpg,0.1,1,0,30.11229
/Users/martin/smart-technologies-ca2/data_track2_recovery/IMG/center_2026_08_31_19_29_22_858.jpg,/Users/martin/smart-technologies-ca2/data_track2_recovery/IMG/left_2026_08_31_19_29_22_858.jpg,/Users/martin/smart-technologies-ca2/data_track2_recovery/IMG/right_2026_08_31_19_29_22_858.jpg,0.25,1,0,30.04842
/Users/martin/smart-technologies-ca2/data_track2_recovery/IMG/center_2026_08_31_19_29_22_927.jpg,/Users/martin/smart-technologies-ca2/data_track2_recovery/IMG/left_2026_08_31_19_29_22_927.jpg,/Users/martin/smart-technologies-ca2/data_track2_recovery/IMG/right_2026_08_31_19_29_22_927.jpg,0.45,1,0,30.11907
/Users/martin/smart-technologies-ca2/data_track2_recovery/IMG/center_2026_08_31_19_29_22_994.jpg,/Users/martin/smart-technologies-ca2/data_track2_recovery/IMG/left_2026_08_31_19_29_22_994.jpg,/Users/martin/smart-technologies-ca2/data_track2_recovery/IMG/right_2026_08_31_19_29_22_994.jpg,0.6000001,1,0,30.02554
/Users/martin/smart-technologies-ca2/data_track2_recovery/IMG/center_2026_08_31_19_29_23_061.jpg,/Users/martin/smart-technologies-ca2/data_track2_recovery/IMG/left_2026_08_31_19_29_23_061.jpg,/Users/martin/smart-technologies-ca2/data_track2_recovery/IMG/right_2026_08_31_19_29_23_061.jpg,0,1,0,30.05894
/Users/martin/smart-technologies-ca2/data_track2_recovery/IMG/center_2026_08_31_19_29_23_128.jpg,/Users/martin/smart-technologies-ca2/data_track2_recovery/IMG/left_2026_08_31_19_29_23_128.jpg,/Users/martin/smart-technologies-ca2/data_track2_recovery/IMG/right_2026_08_31_19_29_23_128.jpg,0,1,0,30.1725
/Users/martin/smart-technologies-ca2/data_track2_recovery/IMG/center_2026_08_31_19_29_23_195.jpg,/Users/martin/smart-technologies-ca2/data_track2_recovery/IMG/left_2026_08_31_19_29_23_195.jpg,/Users/martin/smart-technologies-ca2/data_track2_recovery/IMG/right_2026_08_31_19_29_23_195.jpg,0,1,0,30.22613
/Users/martin/smart-technologies-ca2/data_track2_recovery/IMG/center_2026_08_31_19_29_23_262.jpg,/Users/martin/smart-technologies-ca2/data_track2_recovery/IMG/left_2026_08_31_19_29_23_262.jpg,/Users/martin/smart-technologies-ca2/data_track2_recovery/IMG/right_2026_08_31_19_29_23_262.jpg,0,1,0,30.07999
/Users/martin/smart-technologies-ca2/data_track2_recovery/IMG/center_2026_08_31_19_29_23_331.jpg,/Users/martin/smart-technologies-ca2/data_track2_recovery/IMG/left_2026_08_31_19_29_23_331.jpg,/Users/martin/smart-technologies-ca2/data_track2_recovery/IMG/right_2026_08_31_19_29_23_331.jpg,0,1,0,30.09722
/Users/martin/smart-technologies-ca2/data_track2_recovery/IMG/center_2026_08_31_19_29_23_398.jpg,/Users/martin/smart-technologies-ca2/data_track2_recovery/IMG/left_2026_08_31_19_29_23_398.jpg,/Users/martin/smart-technologies-ca2/data_track2_recovery/IMG/right_2026_08_31_19_29_23_398.jpg,0,1,0,30.08514
/Users/martin/smart-technologies-ca2/data_track2_recovery/IMG/center_2026_08_31_19_29_23_468.jpg,/Users/martin/smart-technologies-ca2/data_track2_recovery/IMG/left_2026_08_31_19_29_23_468.jpg,/Users/martin/smart-technologies-ca2/data_track2_recovery/IMG/right_2026_08_31_19_29_23_468.jpg,0.15,1,0,30.09001
/Users/martin/smart-technologies-ca2/data_track2_recovery/IMG/center_2026_08_31_19_29_23_537.jpg,/Users/martin/smart-technologies-ca2/data_track2_recovery/IMG/left_2026_08_31_19_29_23_537.jpg,/Users/martin/smart-technologies-ca2/data_track2_recovery/IMG/right_2026_08_31_19_29_23_537.jpg,0.3,1,0,30.2592
/Users/martin/smart-technologies-ca2/data_track2_recovery/IMG/center_2026_08_31_19_29_23_604.jpg,/Users/martin/smart-technologies-ca2/data_track2_recovery/IMG/left_2026_08_31_19_29_23_604.jpg,/Users/martin/smart-technologies-ca2/data_track2_recovery/IMG/right_2026_08_31_19_29_23_604.jpg,0.5000001,1,0,29.98377
/Users/martin/smart-technologies-ca2/data_track2_recovery/IMG/center_2026_08_31_19_29_23_672.jpg,/Users/martin/smart-technologies-ca2/data_track2_recovery/IMG/left_2026_08_31_19_29_23_672.jpg,/Users/martin/smart-technologies-ca2/data_track2_recovery/IMG/right_2026_08_31_19_29_23_672.jpg,0.6500001,1,0,30.05827
/Users/martin/smart-technologies-ca2/data_track2_recovery/IMG/center_2026_08_31_19_29_23_740.jpg,/Users/martin/smart-technologies-ca2/data_track2_recovery/IMG/left_2026_08_31_19_29_23_740.jpg,/Users/martin/smart-technologies-ca2/data_track2_recovery/IMG/right_2026_08_31_19_29_23_740.jpg,0.8000001,1,0,30.0064
/Users/martin/smart-technologies-ca2/data_track2_recovery/IMG/center_2026_08_31_19_29_23_807.jpg,/Users/martin/smart-technologies-ca2/data_track2_recovery/IMG/left_2026_08_31_19_29_23_807.jpg,/Users/martin/smart-technologies-ca2/data_track2_recovery/IMG/right_2026_08_31_19_29_23_807.jpg,1,1,0,29.91766
/Users/martin/smart-technologies-ca2/data_track2_recovery/IMG/center_2026_08_31_19_29_23_874.jpg,/Users/martin/smart-technologies-ca2/data_track2_recovery/IMG/left_2026_08_31_19_29_23_874.jpg,/Users/martin/smart-technologies-ca2/data_track2_recovery/IMG/right_2026_08_31_19_29_23_874.jpg,1,1,0,29.97082
/Users/martin/smart-technologies-ca2/data_track2_recovery/IMG/center_2026_08_31_19_29_23_944.jpg,/Users/martin/smart-technologies-ca2/data_track2_recovery/IMG/left_2026_08_31_19_29_23_944.jpg,/Users/martin/smart-technologies-ca2/data_track2_recovery/IMG/right_2026_08_31_19_29_23_944.jpg,0,1,0,30.07038
/Users/martin/smart-technologies-ca2/data_track2_recovery/IMG/center_2026_08_31_19_29_24_010.jpg,/Users/martin/smart-technologies-ca2/data_track2_recovery/IMG/left_2026_08_31_19_29_24_010.jpg,/Users/martin/smart-technologies-ca2/data_track2_recovery/IMG/right_2026_08_31_19_29_24_010.jpg,0,0.9383528,0,30.06264
/Users/martin/smart-technologies-ca2/data_track2_recovery/IMG/center_2026_08_31_19_29_24_080.jpg,/Users/martin/smart-technologies-ca2/data_track2_recovery/IMG/left_2026_08_31_19_29_24_080.jpg,/Users/martin/smart-technologies-ca2/data_track2_recovery/IMG/right_2026_08_31_19_29_24_080.jpg,0,0.7497817,0,30.08595
/Users/martin/smart-technologies-ca2/data_track2_recovery/IMG/center_2026_08_31_19_29_24_150.jpg,/Users/martin/smart-technologies-ca2/data_track2_recovery/IMG/left_2026_08_31_19_29_24_150.jpg,/Users/martin/smart-technologies-ca2/data_track2_recovery/IMG/right_2026_08_31_19_29_24_150.jpg,0,0.5071269,0,29.91999
/Users/martin/smart-technologies-ca2/data_track2_recovery/IMG/center_2026_08_31_19_29_24_220.jpg,/Users/martin/smart-technologies-ca2/data_track2_recovery/IMG/left_2026_08_31_19_29_24_220.jpg,/Users/martin/smart-technologies-ca2/data_track2_recovery/IMG/right_2026_08_31_19_29_24_220.jpg,0,0.5986596,0,29.81925
/Users/martin/smart-technologies-ca2/data_track2_recovery/IMG/center_2026_08_31_19_29_24_290.jpg,/Users/martin/smart-technologies-ca2/data_track2_recovery/IMG/left_2026_08_31_19_29_24_290.jpg,/Users/martin/smart-technologies-ca2/data_track2_recovery/IMG/right_2026_08_31_19_29_24_290.jpg,0,0.8386204,0,29.89329
/Users/martin/smart-technologies-ca2/data_track2_recovery/IMG/center_2026_08_31_19_29_24_360.jpg,/Users/martin/smart-technologies-ca2/data_track2_recovery/IMG/left_2026_08_31_19_29_24_360.jpg,/Users/martin/smart-technologies-ca2/data_track2_recovery/IMG/right_2026_08_31_19_29_24_360.jpg,0.1,1,0,29.87955
/Users/martin/smart-technologies-ca2/data_track2_recovery/IMG/center_2026_08_31_19_29_24_430.jpg,/Users/martin/smart-technologies-ca2/data_track2_recovery/IMG/left_2026_08_31_19_29_24_430.jpg,/Users/martin/smart-technologies-ca2/data_track2_recovery/IMG/right_2026_08_31_19_29_24_430.jpg,0.3,1,0,30.00775
/Users/martin/smart-technologies-ca2/data_track2_recovery/IMG/center_2026_08_31_19_29_24_497.jpg,/Users/martin/smart-technologies-ca2/data_track2_recovery/IMG/left_2026_08_31_19_29_24_497.jpg,/Users/martin/smart-technologies-ca2/data_track2_recovery/IMG/right_2026_08_31_19_29_24_497.jpg,0.45,1,0,30.06843
/Users/martin/smart-technologies-ca2/data_track2_recovery/IMG/center_2026_08_31_19_29_24_570.jpg,/Users/martin/smart-technologies-ca2/data_track2_recovery/IMG/left_2026_08_31_19_29_24_570.jpg,/Users/martin/smart-technologies-ca2/data_track2_recovery/IMG/right_2026_08_31_19_29_24_570.jpg,0.6500001,1,0,30.11052
/Users/martin/smart-technologies-ca2/data_track2_recovery/IMG/center_2026_08_31_19_29_24_644.jpg,/Users/martin/smart-technologies-ca2/data_track2_recovery/IMG/left_2026_08_31_19_29_24_644.jpg,/Users/martin/smart-technologies-ca2/data_track2_recovery/IMG/right_2026_08_31_19_29_24_644.jpg,0.8500001,1,0,30.1446
/Users/martin/smart-technologies-ca2/data_track2_recovery/IMG/center_2026_08_31_19_29_24_709.jpg,/Users/martin/smart-technologies-ca2/data_track2_recovery/IMG/left_2026_08_31_19_29_24_709.jpg,/Users/martin/smart-technologies-ca2/data_track2_recovery/IMG/right_2026_08_31_19_29_24_709.jpg,1,1,0,30.12618
/Users/martin/smart-technologies-ca2/data_track2_recovery/IMG/center_2026_08_31_19_29_24_776.jpg,/Users/martin/smart-technologies-ca2/data_track2_recovery/IMG/left_2026_08_31_19_29_24_776.jpg,/Users/martin/smart-technologies-ca2/data_track2_recovery/IMG/right_2026_08_31_19_29_24_776.jpg,0,1,0,30.19454
/Users/martin/smart-technologies-ca2/data_track2_recovery/IMG/center_2026_08_31_19_29_24_845.jpg,/Users/martin/smart-technologies-ca2/data_track2_recovery/IMG/left_2026_08_31_19_29_24_845.jpg,/Users/martin/smart-technologies-ca2/data_track2_recovery/IMG/right_2026_08_31_19_29_24_845.jpg,0,1,0,30.10422
/Users/martin/smart-technologies-ca2/data_track2_recovery/IMG/center_2026_08_31_19_29_24_916.jpg,/Users/martin/smart-technologies-ca2/data_track2_recovery/IMG/left_2026_08_31_19_29_24_916.jpg,/Users/martin/smart-technologies-ca2/data_track2_recovery/IMG/right_2026_08_31_19_29_24_916.jpg,0.15,1,0,30.13692
/Users/martin/smart-technologies-ca2/data_track2_recovery/IMG/center_2026_08_31_19_29_24_988.jpg,/Users/martin/smart-technologies-ca2/data_track2_recovery/IMG/left_2026_08_31_19_29_24_988.jpg,/Users/martin/smart-technologies-ca2/data_track2_recovery/IMG/right_2026_08_31_19_29_24_988.jpg,0.35,1,0,30.19616
/Users/martin/smart-technologies-ca2/data_track2_recovery/IMG/center_2026_08_31_19_29_25_055.jpg,/Users/martin/smart-technologies-ca2/data_track2_recovery/IMG/left_2026_08_31_19_29_25_055.jpg,/Users/martin/smart-technologies-ca2/data_track2_recovery/IMG/right_2026_08_31_19_29_25_055.jpg,0.5000001,0.836587,0,30.13105
/Users/martin/smart-technologies-ca2/data_track2_recovery/IMG/center_2026_08_31_19_29_25_124.jpg,/Users/martin/smart-technologies-ca2/data_track2_recovery/IMG/left_2026_08_31_19_29_25_124.jpg,/Users/martin/smart-technologies-ca2/data_track2_recovery/IMG/right_2026_08_31_19_29_25_124.jpg,0.7,0.592909,0,29.9987
/Users/martin/smart-technologies-ca2/data_track2_recovery/IMG/center_2026_08_31_19_29_25_193.jpg,/Users/martin/smart-technologies-ca2/data_track2_recovery/IMG/left_2026_08_31_19_29_25_193.jpg,/Users/martin/smart-technologies-ca2/data_track2_recovery/IMG/right_2026_08_31_19_29_25_193.jpg,0.8500001,0.422833,0,29.85726
/Users/martin/smart-technologies-ca2/data_track2_recovery/IMG/center_2026_08_31_19_29_25_264.jpg,/Users/martin/smart-technologies-ca2/data_track2_recovery/IMG/left_2026_08_31_19_29_25_264.jpg,/Users/martin/smart-technologies-ca2/data_track2_recovery/IMG/right_2026_08_31_19_29_25_264.jpg,1,0.1732391,0,29.15832
/Users/martin/smart-technologies-ca2/data_track2_recovery/IMG/center_2026_08_31_19_29_25_330.jpg,/Users/martin/smart-technologies-ca2/data_track2_recovery/IMG/left_2026_08_31_19_29_25_330.jpg,/Users/martin/smart-technologies-ca2/data_track2_recovery/IMG/right_2026_08_31_19_29_25_330.jpg,1,0,0,28.74082
/Users/martin/smart-technologies-ca2/data_track2_recovery/IMG/center_2026_08_31_19_29_25_404.jpg,/Users/martin/smart-technologies-ca2/data_track2_recovery/IMG/left_2026_08_31_19_29_25_404.jpg,/Users/martin/smart-technologies-ca2/data_track2_recovery/IMG/right_2026_08_31_19_29_25_404.jpg,0,0.2007573,0,28.09293
/Users/martin/smart-technologies-ca2/data_track2_recovery/IMG/center_2026_08_31_19_29_25_471.jpg,/Users/martin/smart-technologies-ca2/data_track2_recovery/IMG/left_2026_08_31_19_29_25_471.jpg,/Users/martin/smart-technologies-ca2/data_track2_recovery/IMG/right_2026_08_31_19_29_25_471.jpg,0,0.3783782,0,27.74427
/Users/martin/smart-technologies-ca2/data_track2_recovery/IMG/center_2026_08_31_19_29_25_544.jpg,/Users/martin/smart-technologies-ca2/data_track2_recovery/IMG/left_2026_08_31_19_29_25_544.jpg,/Users/martin/smart-technologies-ca2/data_track2_recovery/IMG/right_2026_08_31_19_29_25_544.jpg,0,0.619866,0,27.57594
/Users/martin/smart-technologies-ca2/data_track2_recovery/IMG/center_2026_08_31_19_29_25_610.jpg,/Users/martin/smart-technologies-ca2/data_track2_recovery/IMG/left_2026_08_31_19_29_25_610.jpg,/Users/martin/smart-technologies-ca2/data_track2_recovery/IMG/right_2026_08_31_19_29_25_610.jpg,0,0.80109,0,27.70531
/Users/martin/smart-technologies-ca2/data_track2_recovery/IMG/center_2026_08_31_19_29_25_683.jpg,/Users/martin/smart-technologies-ca2/data_track2_recovery/IMG/left_2026_08_31_19_29_25_683.jpg,/Users/martin/smart-technologies-ca2/data_track2_recovery/IMG/right_2026_08_31_19_29_25_683.jpg,0,1,0,27.95342
/Users/martin/smart-technologies-ca2/data_track2_recovery/IMG/center_2026_08_31_19_29_25_750.jpg,/Users/martin/smart-technologies-ca2/data_track2_recovery/IMG/left_2026_08_31_19_29_25_750.jpg,/Users/martin/smart-technologies-ca2/data_track2_recovery/IMG/right_2026_08_31_19_29_25_750.jpg,0.05,1,0,28.21461
/Users/martin/smart-technologies-ca2/data_track2_recovery/IMG/center_2026_08_31_19_29_25_823.jpg,/Users/martin/smart-technologies-ca2/data_track2_recovery/IMG/left_2026_08_31_19_29_25_823.jpg,/Users/martin/smart-technologies-ca2/data_track2_recovery/IMG/right_2026_08_31_19_29_25_823.jpg,0.25,1,0,28.5562
/Users/martin/smart-technologies-ca2/data_track2_recovery/IMG/center_2026_08_31_19_29_25_893.jpg,/Users/martin/smart-technologies-ca2/data_track2_recovery/IMG/left_2026_08_31_19_29_25_893.jpg,/Users/martin/smart-technologies-ca2/data_track2_recovery/IMG/right_2026_08_31_19_29_25_893.jpg,0.4,1,0,28.79013
/Users/martin/smart-technologies-ca2/data_track2_recovery/IMG/center_2026_08_31_19_29_25_963.jpg,/Users/martin/smart-technologies-ca2/data_track2_recovery/IMG/left_2026_08_31_19_29_25_963.jpg,/Users/martin/smart-technologies-ca2/data_track2_recovery/IMG/right_2026_08_31_19_29_25_963.jpg,0.6000001,1,0,28.92448
/Users/martin/smart-technologies-ca2/data_track2_recovery/IMG/center_2026_08_31_19_29_26_029.jpg,/Users/martin/smart-technologies-ca2/data_track2_recovery/IMG/left_2026_08_31_19_29_26_029.jpg,/Users/martin/smart-technologies-ca2/data_track2_recovery/IMG/right_2026_08_31_19_29_26_029.jpg,0.7500002,1,0,29.13061
/Users/martin/smart-technologies-ca2/data_track2_recovery/IMG/center_2026_08_31_19_29_26_099.jpg,/Users/martin/smart-technologies-ca2/data_track2_recovery/IMG/left_2026_08_31_19_29_26_099.jpg,/Users/martin/smart-technologies-ca2/data_track2_recovery/IMG/right_2026_08_31_19_29_26_099.jpg,0.9000002,1,0,29.05762
/Users/martin/smart-technologies-ca2/data_track2_recovery/IMG/center_2026_08_31_19_29_26_167.jpg,/Users/martin/smart-technologies-ca2/data_track2_recovery/IMG/left_2026_08_31_19_29_26_167.jpg,/Users/martin/smart-technologies-ca2/data_track2_recovery/IMG/right_2026_08_31_19_29_26_167.jpg,1,1,0,29.03919
/Users/martin/smart-technologies-ca2/data_track2_recovery/IMG/center_2026_08_31_19_29_26_240.jpg,/Users/martin/smart-technologies-ca2/data_track2_recovery/IMG/left_2026_08_31_19_29_26_240.jpg,/Users/martin/smart-technologies-ca2/data_track2_recovery/IMG/right_2026_08_31_19_29_26_240.jpg,0,1,0,29.2528
/Users/martin/smart-technologies-ca2/data_track2_recovery/IMG/center_2026_08_31_19_29_26_307.jpg,/Users/martin/smart-technologies-ca2/data_track2_recovery/IMG/left_2026_08_31_19_29_26_307.jpg,/Users/martin/smart-technologies-ca2/data_track2_recovery/IMG/right_2026_08_31_19_29_26_307.jpg,0,1,0,29.51628
/Users/martin/smart-technologies-ca2/data_track2_recovery/IMG/center_2026_08_31_19_29_26_377.jpg,/Users/martin/smart-technologies-ca2/data_track2_recovery/IMG/left_2026_08_31_19_29_26_377.jpg,/Users/martin/smart-technologies-ca2/data_track2_recovery/IMG/right_2026_08_31_19_29_26_377.jpg,0.05,1,0,29.75662
/Users/martin/smart-technologies-ca2/data_track2_recovery/IMG/center_2026_08_31_19_29_26_447.jpg,/Users/martin/smart-technologies-ca2/data_track2_recovery/IMG/left_2026_08_31_19_29_26_447.jpg,/Users/martin/smart-technologies-ca2/data_track2_recovery/IMG/right_2026_08_31_19_29_26_447.jpg,0.25,1,0,30.15773
/Users/martin/smart-technologies-ca2/data_track2_recovery/IMG/center_2026_08_31_19_29_26_516.jpg,/Users/martin/smart-technologies-ca2/data_track2_recovery/IMG/left_2026_08_31_19_29_26_516.jpg,/Users/martin/smart-technologies-ca2/data_track2_recovery/IMG/right_2026_08_31_19_29_26_516.jpg,0,1,0,30.07645
/Users/martin/smart-technologies-ca2/data_track2_recovery/IMG/center_2026_08_31_19_29_26_585.jpg,/Users/martin/smart-technologies-ca2/data_track2_recovery/IMG/left_2026_08_31_19_29_26_585.jpg,/Users/martin/smart-technologies-ca2/data_track2_recovery/IMG/right_2026_08_31_19_29_26_585.jpg,0,0.9321848,0,30.05607
/Users/martin/smart-technologies-ca2/data_track2_recovery/IMG/center_2026_08_31_19_29_26_655.jpg,/Users/martin/smart-technologies-ca2/data_track2_recovery/IMG/left_2026_08_31_19_29_26_655.jpg,/Users/martin/smart-technologies-ca2/data_track2_recovery/IMG/right_2026_08_31_19_29_26_655.jpg,0,0.755767,0,29.96781
/Users/martin/smart-technologies-ca2/data_track2_recovery/IMG/center_2026_08_31_19_29_26_723.jpg,/Users/martin/smart-technologies-ca2/data_track2_recovery/IMG/left_2026_08_31_19_29_26_723.jpg,/Users/martin/smart-technologies-ca2/data_track2_recovery/IMG/right_2026_08_31_19_29_26_723.jpg,0,0.518164,0,29.97793
/Users/martin/smart-technologies-ca2/data_track2_recovery/IMG/center_2026_08_31_19_29_26_790.jpg,/Users/martin/smart-technologies-ca2/data_track2_recovery/IMG/left_2026_08_31_19_29_26_790.jpg,/Users/martin/smart-technologies-ca2/data_track2_recovery/IMG/right_2026_08_31_19_29_26_790.jpg,0,0.3333999,0,29.95415
/Users/martin/smart-technologies-ca2/data_track2_recovery/IMG/center_2026_08_31_19_29_26_857.jpg,/Users/martin/smart-technologies-ca2/data_track2_recovery/IMG/left_2026_08_31_19_29_26_857.jpg,/Users/martin/smart-technologies-ca2/data_track2_recovery/IMG/right_2026_08_31_19_29_26_857.jpg,0,0.199111,0,29.69326
/Users/martin/smart-technologies-ca2/data_track2_recovery/IMG/center_2026_08_31_19_29_26_926.jpg,/Users/martin/smart-technologies-ca2/data_track2_recovery/IMG/left_2026_08_31_19_29_26_926.jpg,/Users/martin/smart-technologies-ca2/data_track2_recovery/IMG/right_2026_08_31_19_29_26_926.jpg,0.05,0.440272,0,29.57574
/Users/martin/smart-technologies-ca2/data_track2_recovery/IMG/center_2026_08_31_19_29_26_994.jpg,/Users/martin/smart-technologies-ca2/data_track2_recovery/IMG/left_2026_08_31_19_29_26_994.jpg,/Users/martin/smart-technologies-ca2/data_track2_recovery/IMG/right_2026_08_31_19_29_26_994.jpg,0.2,0.6265088,0,29.61155
/Users/martin/smart-technologies-ca2/data_track2_recovery/IMG/center_2026_08_31_19_29_27_063.jpg,/Users/martin/smart-technologies-ca2/data_track2_recovery/IMG/left_2026_08_31_19_29_27_063.jpg,/Users/martin/smart-technologies-ca2/data_track2_recovery/IMG/right_2026_08_31_19_29_27_063.jpg,0.4,0.8653027,0,29.86212
/Users/martin/smart-technologies-ca2/data_track2_recovery/IMG/center_2026_08_31_19_29_27_133.jpg,/Users/martin/smart-technologies-ca2/data_track2_recovery/IMG/left_2026_08_31_19_29_27_133.jpg,/Users/martin/smart-technologies-ca2/data_track2_recovery/IMG/right_2026_08_31_19_29_27_133.jpg,0.5500001,0.8346189,0,30.05183
/Users/martin/smart-technologies-ca2/data_track2_recovery/IMG/center_2026_08_31_19_29_27_202.jpg,/Users/martin/smart-technologies-ca2/data_track2_recovery/IMG/left_2026_08_31_19_29_27_202.jpg,/Users/martin/smart-technologies-ca2/data_track2_recovery/IMG/right_2026_08_31_19_29_27_202.jpg,0.7500002,0.595564,0,29.85239
/Users/martin/smart-technologies-ca2/data_track2_recovery/IMG/center_2026_08_31_19_29_27_268.jpg,/Users/martin/smart-technologies-ca2/data_track2_recovery/IMG/left_2026_08_31_19_29_27_268.jpg,/Users/martin/smart-technologies-ca2/data_track2_recovery/IMG/right_2026_08_31_19_29_27_268.jpg,0,0.6452861,0,30.27494
/Users/martin/smart-technologies-ca2/data_track2_recovery/IMG/center_2026_08_31_19_29_27_338.jpg,/Users/martin/smart-technologies-ca2/data_track2_recovery/IMG/left_2026_08_31_19_29_27_338.jpg,/Users/martin/smart-technologies-ca2/data_track2_recovery/IMG/right_2026_08_31_19_29_27_338.jpg,0,0.8187041,0,30.13062
/Users/martin/smart-technologies-ca2/data_track2_recovery/IMG/center_2026_08_31_19_29_27_406.jpg,/Users/martin/smart-technologies-ca2/data_track2_recovery/IMG/left_2026_08_31_19_29_27_406.jpg,/Users/martin/smart-technologies-ca2/data_track2_recovery/IMG/right_2026_08_31_19_29_27_406.jpg,0.1,0.949303,0,30.13973
/Users/martin/smart-technologies-ca2/data_track2_recovery/IMG/center_2026_08_31_19_29_27_473.jpg,/Users/martin/smart-technologies-ca2/data_track2_recovery/IMG/left_2026_08_31_19_29_27_473.jpg,/Users/martin/smart-technologies-ca2/data_track2_recovery/IMG/right_2026_08_31_19_29_27_473.jpg,0.25,0.780772,0,30.2311
/Users/martin/smart-technologies-ca2/data_track2_recovery/IMG/center_2026_08_31_19_29_27_544.jpg,/Users/martin/smart-technologies-ca2/data_track2_recovery/IMG/left_2026_08_31_19_29_27_544.jpg,/Users/martin/smart-technologies-ca2/data_track2_recovery/IMG/right_2026_08_31_19_29_27_544.jpg,0.45,0.5329208,0,30.0495
/Users/martin/smart-technologies-ca2/data_track2_recovery/IMG/center_2026_08_31_19_29_27_614.jpg,/Users/martin/smart-technologies-ca2/data_track2_recovery/IMG/left_2026_08_31_19_29_27_614.jpg,/Users/martin/smart-technologies-ca2/data_track2_recovery/IMG/right_2026_08_31_19_29_27_614.jpg,0.6000001,0.355291,0,29.98636
/Users/martin/smart-technologies-ca2/data_track2_recovery/IMG/center_2026_08_31_19_29_27_681.jpg,/Users/martin/smart-technologies-ca2/data_track2_recovery/IMG/left_2026_08_31_19_29_27_681.jpg,/Users/martin/smart-technologies-ca2/data_track2_recovery/IMG/right_2026_08_31_19_29_27_681.jpg,0.8000001,0.1227939,0,29.71836
/Users/martin/smart-technologies-ca2/data_track2_recovery/IMG/center_2026_08_31_19_29_27_753.jpg,/Users/martin/smart-technologies-ca2/data_track2_recovery/IMG/left_2026_08_31_19_29_27_753.jpg,/Users/martin/smart-technologies-ca2/data_track2_recovery/IMG/right_2026_08_31_19_29_27_753.jpg,0.9500002,0,0,29.31104
/Users/martin/smart-technologies-ca2/data_track2_recovery/IMG/center_2026_08_31_19_29_27_823.jpg,/Users/martin/smart-technologies-ca2/data_track2_recovery/IMG/left_2026_08_31_19_29_27_823.jpg,/Users/martin/smart-technologies-ca2/data_track2_recovery/IMG/right_2026_08_31_19_29_27_823.jpg,0,0,0,28.83295
/Users/martin/smart-technologies-ca2/data_track2_recovery/IMG/center_2026_08_31_19_29_27_894.jpg,/Users/martin/smart-technologies-ca2/data_track2_recovery/IMG/left_2026_08_31_19_29_27_894.jpg,/Users/martin/smart-technologies-ca2/data_track2_recovery/IMG/right_2026_08_31_19_29_27_894.jpg,0,0,0,28.61677
/Users/martin/smart-technologies-ca2/data_track2_recovery/IMG/center_2026_08_31_19_29_27_963.jpg,/Users/martin/smart-technologies-ca2/data_track2_recovery/IMG/left_2026_08_31_19_29_27_963.jpg,/Users/martin/smart-technologies-ca2/data_track2_recovery/IMG/right_2026_08_31_19_29_27_963.jpg,0,0,0,28.36669
/Users/martin/smart-technologies-ca2/data_track2_recovery/IMG/center_2026_08_31_19_29_28_029.jpg,/Users/martin/smart-technologies-ca2/data_track2_recovery/IMG/left_2026_08_31_19_29_28_029.jpg,/Users/martin/smart-technologies-ca2/data_track2_recovery/IMG/right_2026_08_31_19_29_28_029.jpg,0.15,0,0,28.19665
/Users/martin/smart-technologies-ca2/data_track2_recovery/IMG/center_2026_08_31_19_29_28_100.jpg,/Users/martin/smart-technologies-ca2/data_track2_recovery/IMG/left_2026_08_31_19_29_28_100.jpg,/Users/martin/smart-technologies-ca2/data_track2_recovery/IMG/right_2026_08_31_19_29_28_100.jpg,0.3,0,0,28.00466
/Users/martin/smart-technologies-ca2/data_track2_recovery/IMG/center_2026_08_31_19_29_28_171.jpg,/Users/martin/smart-technologies-ca2/data_track2_recovery/IMG/left_2026_08_31_19_29_28_171.jpg,/Users/martin/smart-technologies-ca2/data_track2_recovery/IMG/right_2026_08_31_19_29_28_171.jpg,0.5000001,0,0,27.6726
/Users/martin/smart-technologies-ca2/data_track2_recovery/IMG/center_2026_08_31_19_29_28_239.jpg,/Users/martin/smart-technologies-ca2/data_track2_recovery/IMG/left_2026_08_31_19_29_28_239.jpg,/Users/martin/smart-technologies-ca2/data_track2_recovery/IMG/right_2026_08_31_19_29_28_239.jpg,0.6500001,0,0,27.36304
/Users/martin/smart-technologies-ca2/data_track2_recovery/IMG/center_2026_08_31_19_29_28_310.jpg,/Users/martin/smart-technologies-ca2/data_track2_recovery/IMG/left_2026_08_31_19_29_28_310.jpg,/Users/martin/smart-technologies-ca2/data_track2_recovery/IMG/right_2026_08_31_19_29_28_310.jpg,0.8500001,0,0,26.87658
/Users/martin/smart-technologies-ca2/data_track2_recovery/IMG/center_2026_08_31_19_29_28_380.jpg,/Users/martin/smart-technologies-ca2/data_track2_recovery/IMG/left_2026_08_31_19_29_28_380.jpg,/Users/martin/smart-technologies-ca2/data_track2_recovery/IMG/right_2026_08_31_19_29_28_380.jpg,1,0,0,26.46437
/Users/martin/smart-technologies-ca2/data_track2_recovery/IMG/center_2026_08_31_19_29_28_450.jpg,/Users/martin/smart-technologies-ca2/data_track2_recovery/IMG/left_2026_08_31_19_29_28_450.jpg,/Users/martin/smart-technologies-ca2/data_track2_recovery/IMG/right_2026_08_31_19_29_28_450.jpg,1,0,0,25.96048
/Users/martin/smart-technologies-ca2/data_track2_recovery/IMG/center_2026_08_31_19_29_28_518.jpg,/Users/martin/smart-technologies-ca2/data_track2_recovery/IMG/left_2026_08_31_19_29_28_518.jpg,/Users/martin/smart-technologies-ca2/data_track2_recovery/IMG/right_2026_08_31_19_29_28_518.jpg,1,0,0,25.65117
/Users/martin/smart-technologies-ca2/data_track2_recovery/IMG/center_2026_08_31_19_29_28_586.jpg,/Users/martin/smart-technologies-ca2/data_track2_recovery/IMG/left_2026_08_31_19_29_28_586.jpg,/Users/martin/smart-technologies-ca2/data_track2_recovery/IMG/right_2026_08_31_19_29_28_586.jpg,1,0,0,25.2997
/Users/martin/smart-technologies-ca2/data_track2_recovery/IMG/center_2026_08_31_19_29_28_654.jpg,/Users/martin/smart-technologies-ca2/data_track2_recovery/IMG/left_2026_08_31_19_29_28_654.jpg,/Users/martin/smart-technologies-ca2/data_track2_recovery/IMG/right_2026_08_31_19_29_28_654.jpg,0,0,0,25.10392
/Users/martin/smart-technologies-ca2/data_track2_recovery/IMG/center_2026_08_31_19_29_28_723.jpg,/Users/martin/smart-technologies-ca2/data_track2_recovery/IMG/left_2026_08_31_19_29_28_723.jpg,/Users/martin/smart-technologies-ca2/data_track2_recovery/IMG/right_2026_08_31_19_29_28_723.jpg,0,0,0,24.77656
/Users/martin/smart-technologies-ca2/data_track2_recovery/IMG/center_2026_08_31_19_29_28_789.jpg,/Users/martin/smart-technologies-ca2/data_track2_recovery/IMG/left_2026_08_31_19_29_28_789.jpg,/Users/martin/smart-technologies-ca2/data_track2_recovery/IMG/right_2026_08_31_19_29_28_789.jpg,0,0,0,24.48416
/Users/martin/smart-technologies-ca2/data_track2_recovery/IMG/center_2026_08_31_19_29_28_859.jpg,/Users/martin/smart-technologies-ca2/data_track2_recovery/IMG/left_2026_08_31_19_29_28_859.jpg,/Users/martin/smart-technologies-ca2/data_track2_recovery/IMG/right_2026_08_31_19_29_28_859.jpg,0,0.04946995,0,24.39948
/Users/martin/smart-technologies-ca2/data_track2_recovery/IMG/center_2026_08_31_19_29_28_926.jpg,/Users/martin/smart-technologies-ca2/data_track2_recovery/IMG/left_2026_08_31_19_29_28_926.jpg,/Users/martin/smart-technologies-ca2/data_track2_recovery/IMG/right_2026_08_31_19_29_28_926.jpg,0,0.2915522,0,24.34667
/Users/martin/smart-technologies-ca2/data_track2_recovery/IMG/center_2026_08_31_19_29_28_995.jpg,/Users/martin/smart-technologies-ca2/data_track2_recovery/IMG/left_2026_08_31_19_29_28_995.jpg,/Users/martin/smart-technologies-ca2/data_track2_recovery/IMG/right_2026_08_31_19_29_28_995.jpg,0,0.4685429,0,24.40456
/Users/martin/smart-technologies-ca2/data_track2_recovery/IMG/center_2026_08_31_19_29_29_062.jpg,/Users/martin/smart-technologies-ca2/data_track2_recovery/IMG/left_2026_08_31_19_29_29_062.jpg,/Users/martin/smart-technologies-ca2/data_track2_recovery/IMG/right_2026_08_31_19_29_29_062.jpg,0,0.7085398,0,24.78891
/Users/martin/smart-technologies-ca2/data_track2_recovery/IMG/center_2026_08_31_19_29_29_129.jpg,/Users/martin/smart-technologies-ca2/data_track2_recovery/IMG/left_2026_08_31_19_29_29_129.jpg,/Users/martin/smart-technologies-ca2/data_track2_recovery/IMG/right_2026_08_31_19_29_29_129.jpg,0,0.890649,0,25.23157
/Users/martin/smart-technologies-ca2/data_track2_recovery/IMG/center_2026_08_31_19_29_29_198.jpg,/Users/martin/smart-technologies-ca2/data_track2_recovery/IMG/left_2026_08_31_19_29_29_198.jpg,/Users/martin/smart-technologies-ca2/data_track2_recovery/IMG/right_2026_08_31_19_29_29_198.jpg,0,1,0,25.77362
/Users/martin/smart-technologies-ca2/data_track2_recovery/IMG/center_2026_08_31_19_29_29_265.jpg,/Users/martin/smart-technologies-ca2/data_track2_recovery/IMG/left_2026_08_31_19_29_29_265.jpg,/Users/martin/smart-technologies-ca2/data_track2_recovery/IMG/right_2026_08_31_19_29_29_265.jpg,-0.1,1,0,26.53061
/Users/martin/smart-technologies-ca2/data_track2_recovery/IMG/center_2026_08_31_19_29_29_332.jpg,/Users/martin/smart-technologies-ca2/data_track2_recovery/IMG/left_2026_08_31_19_29_29_332.jpg,/Users/martin/smart-technologies-ca2/data_track2_recovery/IMG/right_2026_08_31_19_29_29_332.jpg,-0.25,1,0,27.06634
/Users/martin/smart-technologies-ca2/data_track2_recovery/IMG/center_2026_08_31_19_29_29_398.jpg,/Users/martin/smart-technologies-ca2/data_track2_recovery/IMG/left_2026_08_31_19_29_29_398.jpg,/Users/martin/smart-technologies-ca2/data_track2_recovery/IMG/right_2026_08_31_19_29_29_398.jpg,-0.4,0.936103,0,27.55554
/Users/martin/smart-technologies-ca2/data_track2_recovery/IMG/center_2026_08_31_19_29_29_470.jpg,/Users/martin/smart-technologies-ca2/data_track2_recovery/IMG/left_2026_08_31_19_29_29_470.jpg,/Users/martin/smart-technologies-ca2/data_track2_recovery/IMG/right_2026_08_31_19_29_29_470.jpg,-0.6000001,0.7000149,0,27.96206
/Users/martin/smart-technologies-ca2/data_track2_recovery/IMG/center_2026_08_31_19_29_29_540.jpg,/Users/martin/smart-technologies-ca2/data_track2_recovery/IMG/left_2026_08_31_19_29_29_540.jpg,/Users/martin/smart-technologies-ca2/data_track2_recovery/IMG/right_2026_08_31_19_29_29_540.jpg,0,0.5179359,0,28.20842
/Users/martin/smart-technologies-ca2/data_track2_recovery/IMG/center_2026_08_31_19_29_29_607.jpg,/Users/martin/smart-technologies-ca2/data_track2_recovery/IMG/left_2026_08_31_19_29_29_607.jpg,/Users/martin/smart-technologies-ca2/data_track2_recovery/IMG/right_2026_08_31_19_29_29_607.jpg,0,0.274897,0,28.36547
/Users/martin/smart-technologies-ca2/data_track2_recovery/IMG/center_2026_08_31_19_29_29_676.jpg,/Users/martin/smart-technologies-ca2/data_track2_recovery/IMG/left_2026_08_31_19_29_29_676.jpg,/Users/martin/smart-technologies-ca2/data_track2_recovery/IMG/right_2026_08_31_19_29_29_676.jpg,-0.1,0,0.168756,27.37947
/Users/martin/smart-technologies-ca2/data_track2_recovery/IMG/center_2026_08_31_19_29_29_744.jpg,/Users/martin/smart-technologies-ca2/data_track2_recovery/IMG/left_2026_08_31_19_29_29_744.jpg,/Users/martin/smart-technologies-ca2/data_track2_recovery/IMG/right_2026_08_31_19_29_29_744.jpg,-0.3,0,0.4091159,25.94559
/Users/martin/smart-technologies-ca2/data_track2_recovery/IMG/center_2026_08_31_19_29_29_812.jpg,/Users/martin/smart-technologies-ca2/data_track2_recovery/IMG/left_2026_08_31_19_29_29_812.jpg,/Users/martin/smart-technologies-ca2/data_track2_recovery/IMG/right_2026_08_31_19_29_29_812.jpg,-0.45,0,0.590592,24.82826
/Users/martin/smart-technologies-ca2/data_track2_recovery/IMG/center_2026_08_31_19_29_29_882.jpg,/Users/martin/smart-technologies-ca2/data_track2_recovery/IMG/left_2026_08_31_19_29_29_882.jpg,/Users/martin/smart-technologies-ca2/data_track2_recovery/IMG/right_2026_08_31_19_29_29_882.jpg,-0.6500001,0,0.824304,23.2828
/Users/martin/smart-technologies-ca2/data_track2_recovery/IMG/center_2026_08_31_19_29_29_948.jpg,/Users/martin/smart-technologies-ca2/data_track2_recovery/IMG/left_2026_08_31_19_29_29_948.jpg,/Users/martin/smart-technologies-ca2/data_track2_recovery/IMG/right_2026_08_31_19_29_29_948.jpg,-0.8000001,0,0.8140469,22.10315
/Users/martin/smart-technologies-ca2/data_track2_recovery/IMG/center_2026_08_31_19_29_30_015.jpg,/Users/martin/smart-technologies-ca2/data_track2_recovery/IMG/left_2026_08_31_19_29_30_015.jpg,/Users/martin/smart-technologies-ca2/data_track2_recovery/IMG/right_2026_08_31_19_29_30_015.jpg,-0.9500002,0,0.6323158,20.91899
/Users/martin/smart-technologies-ca2/data_track2_recovery/IMG/center_2026_08_31_19_29_30_086.jpg,/Users/martin/smart-technologies-ca2/data_track2_recovery/IMG/left_2026_08_31_19_29_30_086.jpg,/Users/martin/smart-technologies-ca2/data_track2_recovery/IMG/right_2026_08_31_19_29_30_086.jpg,-1,0,0.3955736,19.37567
/Users/martin/smart-technologies-ca2/data_track2_recovery/IMG/center_2026_08_31_19_29_30_153.jpg,/Users/martin/smart-technologies-ca2/data_track2_recovery/IMG/left_2026_08_31_19_29_30_153.jpg,/Users/martin/smart-technologies-ca2/data_track2_recovery/IMG/right_2026_08_31_19_29_30_153.jpg,-1,0,0.2137198,18.28434
/Users/martin/smart-technologies-ca2/data_track2_recovery/IMG/center_2026_08_31_19_29_30_224.jpg,/Users/martin/smart-technologies-ca2/data_track2_recovery/IMG/left_2026_08_31_19_29_30_224.jpg,/Users/martin/smart-technologies-ca2/data_track2_recovery/IMG/right_2026_08_31_19_29_30_224.jpg,-1,0.1378437,0,17.17579
/Users/martin/smart-technologies-ca2/data_track2_recovery/IMG/center_2026_08_31_19_29_30_290.jpg,/Users/martin/smart-technologies-ca2/data_track2_recovery/IMG/left_2026_08_31_19_29_30_290.jpg,/Users/martin/smart-technologies-ca2/data_track2_recovery/IMG/right_2026_08_31_19_29_30_290.jpg,-1,0.3159989,0,16.96811
/Users/martin/smart-technologies-ca2/data_track2_recovery/IMG/center_2026_08_31_19_29_30_357.jpg,/Users/martin/smart-technologies-ca2/data_track2_recovery/IMG/left_2026_08_31_19_29_30_357.jpg,/Users/martin/smart-technologies-ca2/data_track2_recovery/IMG/right_2026_08_31_19_29_30_357.jpg,-1,0.5005049,0,17.34589
/Users/martin/smart-technologies-ca2/data_track2_recovery/IMG/center_2026_08_31_19_29_30_424.jpg,/Users/martin/smart-technologies-ca2/data_track2_recovery/IMG/left_2026_08_31_19_29_30_424.jpg,/Users/martin/smart-technologies-ca2/data_track2_recovery/IMG/right_2026_08_31_19_29_30_424.jpg,-1,0.7405347,0,17.74563
/Users/martin/smart-technologies-ca2/data_track2_recovery/IMG/center_2026_08_31_19_29_30_491.jpg,/Users/martin/smart-technologies-ca2/data_track2_recovery/IMG/left_2026_08_31_19_29_30_491.jpg,/Users/martin/smart-technologies-ca2/data_track2_recovery/IMG/right_2026_08_31_19_29_30_491.jpg,-1,0.9136827,0,18.0059
/Users/martin/smart-technologies-ca2/data_track2_recovery/IMG/center_2026_08_31_19_29_30_562.jpg,/Users/martin/smart-technologies-ca2/data_track2_recovery/IMG/left_2026_08_31_19_29_30_562.jpg,/Users/martin/smart-technologies-ca2/data_track2_recovery/IMG/right_2026_08_31_19_29_30_562.jpg,-1,1,0,18.79478
/Users/martin/smart-technologies-ca2/data_track2_recovery/IMG/center_2026_08_31_19_29_30_631.jpg,/Users/martin/smart-technologies-ca2/data_track2_recovery/IMG/left_2026_08_31_19_29_30_631.jpg,/Users/martin/smart-technologies-ca2/data_track2_recovery/IMG/right_2026_08_31_19_29_30_631.jpg,-1,1,0,19.49721
/Users/martin/smart-technologies-ca2/data_track2_recovery/IMG/center_2026_08_31_19_29_30_703.jpg,/Users/martin/smart-technologies-ca2/data_track2_recovery/IMG/left_2026_08_31_19_29_30_703.jpg,/Users/martin/smart-technologies-ca2/data_track2_recovery/IMG/right_2026_08_31_19_29_30_703.jpg,-1,1,0,20.23993
/Users/martin/smart-technologies-ca2/data_track2_recovery/IMG/center_2026_08_31_19_29_30_772.jpg,/Users/martin/smart-technologies-ca2/data_track2_recovery/IMG/left_2026_08_31_19_29_30_772.jpg,/Users/martin/smart-technologies-ca2/data_track2_recovery/IMG/right_2026_08_31_19_29_30_772.jpg,-1,1,0,20.70394
/Users/martin/smart-technologies-ca2/data_track2_recovery/IMG/center_2026_08_31_19_29_30_839.jpg,/Users/martin/smart-technologies-ca2/data_track2_recovery/IMG/left_2026_08_31_19_29_30_839.jpg,/Users/martin/smart-technologies-ca2/data_track2_recovery/IMG/right_2026_08_31_19_29_30_839.jpg,-1,1,0,21.32692
/Users/martin/smart-technologies-ca2/data_track2_recovery/IMG/center_2026_08_31_19_29_30_908.jpg,/Users/martin/smart-technologies-ca2/data_track2_recovery/IMG/left_2026_08_31_19_29_30_908.jpg,/Users/martin/smart-technologies-ca2/data_track2_recovery/IMG/right_2026_08_31_19_29_30_908.jpg,0,1,0,21.94895
/Users/martin/smart-technologies-ca2/data_track2_recovery/IMG/center_2026_08_31_19_29_30_975.jpg,/Users/martin/smart-technologies-ca2/data_track2_recovery/IMG/left_2026_08_31_19_29_30_975.jpg,/Users/martin/smart-technologies-ca2/data_track2_recovery/IMG/right_2026_08_31_19_29_30_975.jpg,0,1,0,22.45247
/Users/martin/smart-technologies-ca2/data_track2_recovery/IMG/center_2026_08_31_19_29_31_043.jpg,/Users/martin/smart-technologies-ca2/data_track2_recovery/IMG/left_2026_08_31_19_29_31_043.jpg,/Users/martin/smart-technologies-ca2/data_track2_recovery/IMG/right_2026_08_31_19_29_31_043.jpg,0,1,0,23.19312
/Users/martin/smart-technologies-ca2/data_track2_recovery/IMG/center_2026_08_31_19_29_31_111.jpg,/Users/martin/smart-technologies-ca2/data_track2_recovery/IMG/left_2026_08_31_19_29_31_111.jpg,/Users/martin/smart-technologies-ca2/data_track2_recovery/IMG/right_2026_08_31_19_29_31_111.jpg,-0.15,1,0,23.78359
/Users/martin/smart-technologies-ca2/data_track2_recovery/IMG/center_2026_08_31_19_29_31_181.jpg,/Users/martin/smart-technologies-ca2/data_track2_recovery/IMG/left_2026_08_31_19_29_31_181.jpg,/Users/martin/smart-technologies-ca2/data_track2_recovery/IMG/right_2026_08_31_19_29_31_181.jpg,-0.35,1,0,24.52769
/Users/martin/smart-technologies-ca2/data_track2_recovery/IMG/center_2026_08_31_19_29_31_253.jpg,/Users/martin/smart-technologies-ca2/data_track2_recovery/IMG/left_2026_08_31_19_29_31_253.jpg,/Users/martin/smart-technologies-ca2/data_track2_recovery/IMG/right_2026_08_31_19_29_31_253.jpg,-0.5000001,0.9496181,0,25.02766
/Users/martin/smart-technologies-ca2/data_track2_recovery/IMG/center_2026_08_31_19_29_31_325.jpg,/Users/martin/smart-technologies-ca2/data_track2_recovery/IMG/left_2026_08_31_19_29_31_325.jpg,/Users/martin/smart-technologies-ca2/data_track2_recovery/IMG/right_2026_08_31_19_29_31_325.jpg,-0.7,0.6993519,0,25.45006
/Users/martin/smart-technologies-ca2/data_track2_recovery/IMG/center_2026_08_31_19_29_31_392.jpg,/Users/martin/smart-technologies-ca2/data_track2_recovery/IMG/left_2026_08_31_19_29_31_392.jpg,/Users/martin/smart-technologies-ca2/data_track2_recovery/IMG/right_2026_08_31_19_29_31_392.jpg,-0.8500001,0.5136729,0,25.55398
/Users/martin/smart-technologies-ca2/data_track2_recovery/IMG/center_2026_08_31_19_29_31_464.jpg,/Users/martin/smart-technologies-ca2/data_track2_recovery/IMG/left_2026_08_31_19_29_31_464.jpg,/Users/martin/smart-technologies-ca2/data_track2_recovery/IMG/right_2026_08_31_19_29_31_464.jpg,-1,0.2823428,0,25.4344
/Users/martin/smart-technologies-ca2/data_track2_recovery/IMG/center_2026_08_31_19_29_31_531.jpg,/Users/martin/smart-technologies-ca2/data_track2_recovery/IMG/left_2026_08_31_19_29_31_531.jpg,/Users/martin/smart-technologies-ca2/data_track2_recovery/IMG/right_2026_08_31_19_29_31_531.jpg,-1,0.09878492,0,25.24244
/Users/martin/smart-technologies-ca2/data_track2_recovery/IMG/center_2026_08_31_19_29_31_597.jpg,/Users/martin/smart-technologies-ca2/data_track2_recovery/IMG/left_2026_08_31_19_29_31_597.jpg,/Users/martin/smart-technologies-ca2/data_track2_recovery/IMG/right_2026_08_31_19_29_31_597.jpg,-1,0.134719,0,25.01374
/Users/martin/smart-technologies-ca2/data_track2_recovery/IMG/center_2026_08_31_19_29_31_666.jpg,/Users/martin/smart-technologies-ca2/data_track2_recovery/IMG/left_2026_08_31_19_29_31_666.jpg,/Users/martin/smart-technologies-ca2/data_track2_recovery/IMG/right_2026_08_31_19_29_31_666.jpg,-1,0.3875948,0,24.92598
/Users/martin/smart-technologies-ca2/data_track2_recovery/IMG/center_2026_08_31_19_29_31_737.jpg,/Users/martin/smart-technologies-ca2/data_track2_recovery/IMG/left_2026_08_31_19_29_31_737.jpg,/Users/martin/smart-technologies-ca2/data_track2_recovery/IMG/right_2026_08_31_19_29_31_737.jpg,-1,0.5646127,0,25.03124
/Users/martin/smart-technologies-ca2/data_track2_recovery/IMG/center_2026_08_31_19_29_31_806.jpg,/Users/martin/smart-technologies-ca2/data_track2_recovery/IMG/left_2026_08_31_19_29_31_806.jpg,/Users/martin/smart-technologies-ca2/data_track2_recovery/IMG/right_2026_08_31_19_29_31_806.jpg,0,0.8091158,0,25.38671
/Users/martin/smart-technologies-ca2/data_track2_recovery/IMG/center_2026_08_31_19_29_31_877.jpg,/Users/martin/smart-technologies-ca2/data_track2_recovery/IMG/left_2026_08_31_19_29_31_877.jpg,/Users/martin/smart-technologies-ca2/data_track2_recovery/IMG/right_2026_08_31_19_29_31_877.jpg,0.15,0.9816669,0,25.72925
/Users/martin/smart-technologies-ca2/data_track2_recovery/IMG/center_2026_08_31_19_29_31_949.jpg,/Users/martin/smart-technologies-ca2/data_track2_recovery/IMG/left_2026_08_31_19_29_31_949.jpg,/Users/martin/smart-technologies-ca2/data_track2_recovery/IMG/right_2026_08_31_19_29_31_949.jpg,0.35,1,0,26.29054
/Users/martin/smart-technologies-ca2/data_track2_recovery/IMG/center_2026_08_31_19_29_32_017.jpg,/Users/martin/smart-technologies-ca2/data_track2_recovery/IMG/left_2026_08_31_19_29_32_017.jpg,/Users/martin/smart-technologies-ca2/data_track2_recovery/IMG/right_2026_08_31_19_29_32_017.jpg,0,1,0,26.71707
/Users/martin/smart-technologies-ca2/data_track2_recovery/IMG/center_2026_08_31_19_29_32_090.jpg,/Users/martin/smart-technologies-ca2/data_track2_recovery/IMG/left_2026_08_31_19_29_32_090.jpg,/Users/martin/smart-technologies-ca2/data_track2_recovery/IMG/right_2026_08_31_19_29_32_090.jpg,0,1,0,27.4761
/Users/martin/smart-technologies-ca2/data_track2_recovery/IMG/center_2026_08_31_19_29_32_161.jpg,/Users/martin/smart-technologies-ca2/data_track2_recovery/IMG/left_2026_08_31_19_29_32_161.jpg,/Users/martin/smart-technologies-ca2/data_track2_recovery/IMG/right_2026_08_31_19_29_32_161.jpg,0.2,1,0,28.19957
/Users/martin/smart-technologies-ca2/data_track2_recovery/IMG/center_2026_08_31_19_29_32_231.jpg,/Users/martin/smart-technologies-ca2/data_track2_recovery/IMG/left_2026_08_31_19_29_32_231.jpg,/Users/martin/smart-technologies-ca2/data_track2_recovery/IMG/right_2026_08_31_19_29_32_231.jpg,0.35,1,0,28.69188
/Users/martin/smart-technologies-ca2/data_track2_recovery/IMG/center_2026_08_31_19_29_32_301.jpg,/Users/martin/smart-technologies-ca2/data_track2_recovery/IMG/left_2026_08_31_19_29_32_301.jpg,/Users/martin/smart-technologies-ca2/data_track2_recovery/IMG/right_2026_08_31_19_29_32_301.jpg,0.5500001,1,0,29.26854
/Users/martin/smart-technologies-ca2/data_track2_recovery/IMG/center_2026_08_31_19_29_32_370.jpg,/Users/martin/smart-technologies-ca2/data_track2_recovery/IMG/left_2026_08_31_19_29_32_370.jpg,/Users/martin/smart-technologies-ca2/data_track2_recovery/IMG/right_2026_08_31_19_29_32_370.jpg,0.7,1,0,29.63803
/Users/martin/smart-technologies-ca2/data_track2_recovery/IMG/center_2026_08_31_19_29_32_438.jpg,/Users/martin/smart-technologies-ca2/data_track2_recovery/IMG/left_2026_08_31_19_29_32_438.jpg,/Users/martin/smart-technologies-ca2/data_track2_recovery/IMG/right_2026_08_31_19_29_32_438.jpg,0.8500001,1,0,29.95576
/Users/martin/smart-technologies-ca2/data_track2_recovery/IMG/center_2026_08_31_19_29_32_510.jpg,/Users/martin/smart-technologies-ca2/data_track2_recovery/IMG/left_2026_08_31_19_29_32_510.jpg,/Users/martin/smart-technologies-ca2/data_track2_recovery/IMG/right_2026_08_31_19_29_32_510.jpg,1,1,0,30.0957
/Users/martin/smart-technologies-ca2/data_track2_recovery/IMG/center_2026_08_31_19_29_32_582.jpg,/Users/martin/smart-technologies-ca2/data_track2_recovery/IMG/left_2026_08_31_19_29_32_582.jpg,/Users/martin/smart-technologies-ca2/data_track2_recovery/IMG/right_2026_08_31_19_29_32_582.jpg,0,1,0,30.17153
/Users/martin/smart-technologies-ca2/data_track2_recovery/IMG/center_2026_08_31_19_29_32_650.jpg,/Users/martin/smart-technologies-ca2/data_track2_recovery/IMG/left_2026_08_31_19_29_32_650.jpg,/Users/martin/smart-technologies-ca2/data_track2_recovery/IMG/right_2026_08_31_19_29_32_650.jpg,-0.05,1,0,30.17799
/Users/martin/smart-technologies-ca2/data_track2_recovery/IMG/center_2026_08_31_19_29_32_718.jpg,/Users/martin/smart-technologies-ca2/data_track2_recovery/IMG/left_2026_08_31_19_29_32_718.jpg,/Users/martin/smart-technologies-ca2/data_track2_recovery/IMG/right_2026_08_31_19_29_32_718.jpg,-0.2,1,0,30.16285
/Users/martin/smart-technologies-ca2/data_track2_recovery/IMG/center_2026_08_31_19_29_32_785.jpg,/Users/martin/smart-technologies-ca2/data_track2_recovery/IMG/left_2026_08_31_19_29_32_785.jpg,/Users/martin/smart-technologies-ca2/data_track2_recovery/IMG/right_2026_08_31_19_29_32_785.jpg,-0.4,1,0,30.14457
/Users/martin/smart-technologies-ca2/data_track2_recovery/IMG/center_2026_08_31_19_29_32_856.jpg,/Users/martin/smart-technologies-ca2/data_track2_recovery/IMG/left_2026_08_31_19_29_32_856.jpg,/Users/martin/smart-technologies-ca2/data_track2_recovery/IMG/right_2026_08_31_19_29_32_856.jpg,-0.5500001,1,0,30.12911
/Users/martin/smart-technologies-ca2/data_track2_recovery/IMG/center_2026_08_31_19_29_32_924.jpg,/Users/martin/smart-technologies-ca2/data_track2_recovery/IMG/left_2026_08_31_19_29_32_924.jpg,/Users/martin/smart-technologies-ca2/data_track2_recovery/IMG/right_2026_08_31_19_29_32_924.jpg,-0.7500002,1,0,30.1111
/Users/martin/smart-technologies-ca2/data_track2_recovery/IMG/center_2026_08_31_19_29_32_995.jpg,/Users/martin/smart-technologies-ca2/data_track2_recovery/IMG/left_2026_08_31_19_29_32_995.jpg,/Users/martin/smart-technologies-ca2/data_track2_recovery/IMG/right_2026_08_31_19_29_32_995.jpg,-0.9000002,0.8673819,0,30.07997
/Users/martin/smart-technologies-ca2/data_track2_recovery/IMG/center_2026_08_31_19_29_33_065.jpg,/Users/martin/smart-technologies-ca2/data_track2_recovery/IMG/left_2026_08_31_19_29_33_065.jpg,/Users/martin/smart-technologies-ca2/data_track2_recovery/IMG/right_2026_08_31_19_29_33_065.jpg,-1,0.625879,0,30.01384
/Users/martin/smart-technologies-ca2/data_track2_recovery/IMG/center_2026_08_31_19_29_33_135.jpg,/Users/martin/smart-technologies-ca2/data_track2_recovery/IMG/left_2026_08_31_19_29_33_135.jpg,/Users/martin/smart-technologies-ca2/data_track2_recovery/IMG/right_2026_08_31_19_29_33_135.jpg,0,0.4512672,0,30.01202
/Users/martin/smart-technologies-ca2/data_track2_recovery/IMG/center_2026_08_31_19_29_33_207.jpg,/Users/martin/smart-technologies-ca2/data_track2_recovery/IMG/left_2026_08_31_19_29_33_207.jpg,/Users/martin/smart-technologies-ca2/data_track2_recovery/IMG/right_2026_08_31_19_29_33_207.jpg,0,0.2166702,0,29.98515
/Users/martin/smart-technologies-ca2/data_track2_recovery/IMG/center_2026_08_31_19_29_33_274.jpg,/Users/martin/smart-technologies-ca2/data_track2_recovery/IMG/left_2026_08_31_19_29_33_274.jpg,/Users/martin/smart-technologies-ca2/data_track2_recovery/IMG/right_2026_08_31_19_29_33_274.jpg,-0.1,0.03369701,0,29.89451
/Users/martin/smart-technologies-ca2/data_track2_recovery/IMG/center_2026_08_31_19_29_33_346.jpg,/Users/martin/smart-technologies-ca2/data_track2_recovery/IMG/left_2026_08_31_19_29_33_346.jpg,/Users/martin/smart-technologies-ca2/data_track2_recovery/IMG/right_2026_08_31_19_29_33_346.jpg,-0.3,0,0,29.65264
/Users/martin/smart-technologies-ca2/data_track2_recovery/IMG/center_2026_08_31_19_29_33_418.jpg,/Users/martin/smart-technologies-ca2/data_track2_recovery/IMG/left_2026_08_31_19_29_33_418.jpg,/Users/martin/smart-technologies-ca2/data_track2_recovery/IMG/right_2026_08_31_19_29_33_418.jpg,-0.45,0,0,29.41623
/Users/martin/smart-technologies-ca2/data_track2_recovery/IMG/center_2026_08_31_19_29_33_487.jpg,/Users/martin/smart-technologies-ca2/data_track2_recovery/IMG/left_2026_08_31_19_29_33_487.jpg,/Users/martin/smart-technologies-ca2/data_track2_recovery/IMG/right_2026_08_31_19_29_33_487.jpg,0,0,0,29.0889
/Users/martin/smart-technologies-ca2/data_track2_recovery/IMG/center_2026_08_31_19_29_33_554.jpg,/Users/martin/smart-technologies-ca2/data_track2_recovery/IMG/left_2026_08_31_19_29_33_554.jpg,/Users/martin/smart-technologies-ca2/data_track2_recovery/IMG/right_2026_08_31_19_29_33_554.jpg,0,0,0,28.90253
/Users/martin/smart-technologies-ca2/data_track2_recovery/IMG/center_2026_08_31_19_29_33_621.jpg,/Users/martin/smart-technologies-ca2/data_track2_recovery/IMG/left_2026_08_31_19_29_33_621.jpg,/Users/martin/smart-technologies-ca2/data_track2_recovery/IMG/right_2026_08_31_19_29_33_621.jpg,-0.1,0,0,28.66792
/Users/martin/smart-technologies-ca2/data_track2_recovery/IMG/center_2026_08_31_19_29_33_693.jpg,/Users/martin/smart-technologies-ca2/data_track2_recovery/IMG/left_2026_08_31_19_29_33_693.jpg,/Users/martin/smart-technologies-ca2/data_track2_recovery/IMG/right_2026_08_31_19_29_33_693.jpg,-0.25,0,0,28.47876
/Users/martin/smart-technologies-ca2/data_track2_recovery/IMG/center_2026_08_31_19_29_33_763.jpg,/Users/martin/smart-technologies-ca2/data_track2_recovery/IMG/left_2026_08_31_19_29_33_763.jpg,/Users/martin/smart-technologies-ca2/data_track2_recovery/IMG/right_2026_08_31_19_29_33_763.jpg,-0.45,0,0,28.15696
/Users/martin/smart-technologies-ca2/data_track2_recovery/IMG/center_2026_08_31_19_29_33_837.jpg,/Users/martin/smart-technologies-ca2/data_track2_recovery/IMG/left_2026_08_31_19_29_33_837.jpg,/Users/martin/smart-technologies-ca2/data_track2_recovery/IMG/right_2026_08_31_19_29_33_837.jpg,-0.6000001,0,0,27.856
/Users/martin/smart-technologies-ca2/data_track2_recovery/IMG/center_2026_08_31_19_29_33_907.jpg,/Users/martin/smart-technologies-ca2/data_track2_recovery/IMG/left_2026_08_31_19_29_33_907.jpg,/Users/martin/smart-technologies-ca2/data_track2_recovery/IMG/right_2026_08_31_19_29_33_907.jpg,-0.8000001,0,0,27.37992
/Users/martin/smart-technologies-ca2/data_track2_recovery/IMG/center_2026_08_31_19_29_33_977.jpg,/Users/martin/smart-technologies-ca2/data_track2_recovery/IMG/left_2026_08_31_19_29_33_977.jpg,/Users/martin/smart-technologies-ca2/data_track2_recovery/IMG/right_2026_08_31_19_29_33_977.jpg,-0.9500002,0,0,26.97338
/Users/martin/smart-technologies-ca2/data_track2_recovery/IMG/center_2026_08_31_19_29_34_045.jpg,/Users/martin/smart-technologies-ca2/data_track2_recovery/IMG/left_2026_08_31_19_29_34_045.jpg,/Users/martin/smart-technologies-ca2/data_track2_recovery/IMG/right_2026_08_31_19_29_34_045.jpg,0,0,0,26.65849
/Users/martin/smart-technologies-ca2/data_track2_recovery/IMG/center_2026_08_31_19_29_34_112.jpg,/Users/martin/smart-technologies-ca2/data_track2_recovery/IMG/left_2026_08_31_19_29_34_112.jpg,/Users/martin/smart-technologies-ca2/data_track2_recovery/IMG/right_2026_08_31_19_29_34_112.jpg,0,0,0,26.47436
/Users/martin/smart-technologies-ca2/data_track2_recovery/IMG/center_2026_08_31_19_29_34_178.jpg,/Users/martin/smart-technologies-ca2/data_track2_recovery/IMG/left_2026_08_31_19_29_34_178.jpg,/Users/martin/smart-technologies-ca2/data_track2_recovery/IMG/right_2026_08_31_19_29_34_178.jpg,-0.1,0,0,26.3098
/Users/martin/smart-technologies-ca2/data_track2_recovery/IMG/center_2026_08_31_19_29_34_250.jpg,/Users/martin/smart-technologies-ca2/data_track2_recovery/IMG/left_2026_08_31_19_29_34_250.jpg,/Users/martin/smart-technologies-ca2/data_track2_recovery/IMG/right_2026_08_31_19_29_34_250.jpg,-0.3,0,0,26.08078
/Users/martin/smart-technologies-ca2/data_track2_recovery/IMG/center_2026_08_31_19_29_34_322.jpg,/Users/martin/smart-technologies-ca2/data_track2_recovery/IMG/left_2026_08_31_19_29_34_322.jpg,/Users/martin/smart-technologies-ca2/data_track2_recovery/IMG/right_2026_08_31_19_29_34_322.jpg,-0.5000001,0,0,25.77361
/Users/martin/smart-technologies-ca2/data_track2_recovery/IMG/center_2026_08_31_19_29_34_393.jpg,/Users/martin/smart-technologies-ca2/data_track2_recovery/IMG/left_2026_08_31_19_29_34_393.jpg,/Users/martin/smart-technologies-ca2/data_track2_recovery/IMG/right_2026_08_31_19_29_34_393.jpg,-0.6500001,0,0,25.48567
/Users/martin/smart-technologies-ca2/data_track2_recovery/IMG/center_2026_08_31_19_29_34_464.jpg,/Users/martin/smart-technologies-ca2/data_track2_recovery/IMG/left_2026_08_31_19_29_34_464.jpg,/Users/martin/smart-technologies-ca2/data_track2_recovery/IMG/right_2026_08_31_19_29_34_464.jpg,-0.8500001,0,0,25.0317
/Users/martin/smart-technologies-ca2/data_track2_recovery/IMG/center_2026_08_31_19_29_34_531.jpg,/Users/martin/smart-technologies-ca2/data_track2_recovery/IMG/left_2026_08_31_19_29_34_531.jpg,/Users/martin/smart-technologies-ca2/data_track2_recovery/IMG/right_2026_08_31_19_29_34_531.jpg,-1,0,0,24.64526
/Users/martin/smart-technologies-ca2/data_track2_recovery/IMG/center_2026_08_31_19_29_34_604.jpg,/Users/martin/smart-technologies-ca2/data_track2_recovery/IMG/left_2026_08_31_19_29_34_604.jpg,/Users/martin/smart-technologies-ca2/data_track2_recovery/IMG/right_2026_08_31_19_29_34_604.jpg,0,0,0,24.32546
/Users/martin/smart-technologies-ca2/data_track2_recovery/IMG/center_2026_08_31_19_29_34_670.jpg,/Users/martin/smart-technologies-ca2/data_track2_recovery/IMG/left_2026_08_31_19_29_34_670.jpg,/Users/martin/smart-technologies-ca2/data_track2_recovery/IMG/right_2026_08_31_19_29_34_670.jpg,-0.05,0,0,24.16635
/Users/martin/smart-technologies-ca2/data_track2_recovery/IMG/center_2026_08_31_19_29_34_742.jpg,/Users/martin/smart-technologies-ca2/data_track2_recovery/IMG/left_2026_08_31_19_29_34_742.jpg,/Users/martin/smart-technologies-ca2/data_track2_recovery/IMG/right_2026_08_31_19_29_34_742.jpg,-0.25,0,0,23.97235
/Users/martin/smart-technologies-ca2/data_track2_recovery/IMG/center_2026_08_31_19_29_34_811.jpg,/Users/martin/smart-technologies-ca2/data_track2_recovery/IMG/left_2026_08_31_19_29_34_811.jpg,/Users/martin/smart-technologies-ca2/data_track2_recovery/IMG/right_2026_08_31_19_29_34_811.jpg,-0.4,0,0,23.78128
/Users/martin/smart-technologies-ca2/data_track2_recovery/IMG/center_2026_08_31_19_29_34_882.jpg,/Users/martin/smart-technologies-ca2/data_track2_recovery/IMG/left_2026_08_31_19_29_34_882.jpg,/Users/martin/smart-technologies-ca2/data_track2_recovery/IMG/right_2026_08_31_19_29_34_882.jpg,-0.6000001,0.2300942,0,23.57583
/Users/martin/smart-technologies-ca2/data_track2_recovery/IMG/center_2026_08_31_19_29_34_953.jpg,/Users/martin/smart-technologies-ca2/data_track2_recovery/IMG/left_2026_08_31_19_29_34_953.jpg,/Users/martin/smart-technologies-ca2/data_track2_recovery/IMG/right_2026_08_31_19_29_34_953.jpg,-0.7500002,0.4136671,0,23.52241
/Users/martin/smart-technologies-ca2/data_track2_recovery/IMG/center_2026_08_31_19_29_35_020.jpg,/Users/martin/smart-technologies-ca2/data_track2_recovery/IMG/left_2026_08_31_19_29_35_020.jpg,/Users/martin/smart-technologies-ca2/data_track2_recovery/IMG/right_2026_08_31_19_29_35_020.jpg,-0.9000002,0.5852523,0,23.53877
/Users/martin/smart-technologies-ca2/data_track2_recovery/IMG/center_2026_08_31_19_29_35_091.jpg,/Users/martin/smart-technologies-ca2/data_track2_recovery/IMG/left_2026_08_31_19_29_35_091.jpg,/Users/martin/smart-technologies-ca2/data_track2_recovery/IMG/right_2026_08_31_19_29_35_091.jpg,0,0.8249313,0,23.88026
/Users/martin/smart-technologies-ca2/data_track2_recovery/IMG/center_2026_08_31_19_29_35_158.jpg,/Users/martin/smart-technologies-ca2/data_track2_recovery/IMG/left_2026_08_31_19_29_35_158.jpg,/Users/martin/smart-technologies-ca2/data_track2_recovery/IMG/right_2026_08_31_19_29_35_158.jpg,0,1,0,24.33987
/Users/martin/smart-technologies-ca2/data_track2_recovery/IMG/center_2026_08_31_19_29_35_225.jpg,/Users/martin/smart-technologies-ca2/data_track2_recovery/IMG/left_2026_08_31_19_29_35_225.jpg,/Users/martin/smart-technologies-ca2/data_track2_recovery/IMG/right_2026_08_31_19_29_35_225.jpg,-0.2,1,0,25.11538
/Users/martin/smart-technologies-ca2/data_track2_recovery/IMG/center_2026_08_31_19_29_35_295.jpg,/Users/martin/smart-technologies-ca2/data_track2_recovery/IMG/left_2026_08_31_19_29_35_295.jpg,/Users/martin/smart-technologies-ca2/data_track2_recovery/IMG/right_2026_08_31_19_29_35_295.jpg,-0.35,1,0,25.67041
/Users/martin/smart-technologies-ca2/data_track2_recovery/IMG/center_2026_08_31_19_29_35_363.jpg,/Users/martin/smart-technologies-ca2/data_track2_recovery/IMG/left_2026_08_31_19_29_35_363.jpg,/Users/martin/smart-technologies-ca2/data_track2_recovery/IMG/right_2026_08_31_19_29_35_363.jpg,0,1,0,26.34936
/Users/martin/smart-technologies-ca2/data_track2_recovery/IMG/center_2026_08_31_19_29_35_432.jpg,/Users/martin/smart-technologies-ca2/data_track2_recovery/IMG/left_2026_08_31_19_29_35_432.jpg,/Users/martin/smart-technologies-ca2/data_track2_recovery/IMG/right_2026_08_31_19_29_35_432.jpg,-0.05,1,0,26.89875
/Users/martin/smart-technologies-ca2/data_track2_recovery/IMG/center_2026_08_31_19_29_35_503.jpg,/Users/martin/smart-technologies-ca2/data_track2_recovery/IMG/left_2026_08_31_19_29_35_503.jpg,/Users/martin/smart-technologies-ca2/data_track2_recovery/IMG/right_2026_08_31_19_29_35_503.jpg,-0.25,1,0,27.64385
/Users/martin/smart-technologies-ca2/data_track2_recovery/IMG/center_2026_08_31_19_29_35_570.jpg,/Users/martin/smart-technologies-ca2/data_track2_recovery/IMG/left_2026_08_31_19_29_35_570.jpg,/Users/martin/smart-technologies-ca2/data_track2_recovery/IMG/right_2026_08_31_19_29_35_570.jpg,-0.4,1,0,28.1543
/Users/martin/smart-technologies-ca2/data_track2_recovery/IMG/center_2026_08_31_19_29_35_640.jpg,/Users/martin/smart-technologies-ca2/data_track2_recovery/IMG/left_2026_08_31_19_29_35_640.jpg,/Users/martin/smart-technologies-ca2/data_track2_recovery/IMG/right_2026_08_31_19_29_35_640.jpg,-0.5500001,1,0,28.60623
/Users/martin/smart-technologies-ca2/data_track2_recovery/IMG/center_2026_08_31_19_29_35_707.jpg,/Users/martin/smart-technologies-ca2/data_track2_recovery/IMG/left_2026_08_31_19_29_35_707.jpg,/Users/martin/smart-technologies-ca2/data_track2_recovery/IMG/right_2026_08_31_19_29_35_707.jpg,-0.7500002,1,0,29.11608
/Users/martin/smart-technologies-ca2/data_track2_recovery/IMG/center_2026_08_31_19_29_35_774.jpg,/Users/martin/smart-technologies-ca2/data_track2_recovery/IMG/left_2026_08_31_19_29_35_774.jpg,/Users/martin/smart-technologies-ca2/data_track2_recovery/IMG/right_2026_08_31_19_29_35_774.jpg,0,1,0,29.49182
/Users/martin/smart-technologies-ca2/data_track2_recovery/IMG/center_2026_08_31_19_29_35_844.jpg,/Users/martin/smart-technologies-ca2/data_track2_recovery/IMG/left_2026_08_31_19_29_35_844.jpg,/Users/martin/smart-technologies-ca2/data_track2_recovery/IMG/right_2026_08_31_19_29_35_844.jpg,0,1,0,30.15918
/Users/martin/smart-technologies-ca2/data_track2_recovery/IMG/center_2026_08_31_19_29_35_915.jpg,/Users/martin/smart-technologies-ca2/data_track2_recovery/IMG/left_2026_08_31_19_29_35_915.jpg,/Users/martin/smart-technologies-ca2/data_track2_recovery/IMG/right_2026_08_31_19_29_35_915.jpg,0,1,0,30.18732
/Users/martin/smart-technologies-ca2/data_track2_recovery/IMG/center_2026_08_31_19_29_35_986.jpg,/Users/martin/smart-technologies-ca2/data_track2_recovery/IMG/left_2026_08_31_19_29_35_986.jpg,/Users/martin/smart-technologies-ca2/data_track2_recovery/IMG/right_2026_08_31_19_29_35_986.jpg,0,1,0,30.18986
/Users/martin/smart-technologies-ca2/data_track2_recovery/IMG/center_2026_08_31_19_29_36_057.jpg,/Users/martin/smart-technologies-ca2/data_track2_recovery/IMG/left_2026_08_31_19_29_36_057.jpg,/Users/martin/smart-technologies-ca2/data_track2_recovery/IMG/right_2026_08_31_19_29_36_057.jpg,0,1,0,30.19016
/Users/martin/smart-technologies-ca2/data_track2_recovery/IMG/center_2026_08_31_19_29_36_127.jpg,/Users/martin/smart-technologies-ca2/data_track2_recovery/IMG/left_2026_08_31_19_29_36_127.jpg,/Users/martin/smart-technologies-ca2/data_track2_recovery/IMG/right_2026_08_31_19_29_36_127.jpg,0.15,1,0,30.18247
/Users/martin/smart-technologies-ca2/data_track2_recovery/IMG/center_2026_08_31_19_29_36_198.jpg,/Users/martin/smart-technologies-ca2/data_track2_recovery/IMG/left_2026_08_31_19_29_36_198.jpg,/Users/martin/smart-technologies-ca2/data_track2_recovery/IMG/right_2026_08_31_19_29_36_198.jpg,0.3,1,0,30.16739
/Users/martin/smart-technologies-ca2/data_track2_recovery/IMG/center_2026_08_31_19_29_36_270.jpg,/Users/martin/smart-technologies-ca2/data_track2_recovery/IMG/left_2026_08_31_19_29_36_270.jpg,/Users/martin/smart-technologies-ca2/data_track2_recovery/IMG/right_2026_08_31_19_29_36_270.jpg,0.5000001,1,0,30.14426
/Users/martin/smart-technologies-ca2/data_track2_recovery/IMG/center_2026_08_31_19_29_36_337.jpg,/Users/martin/smart-technologies-ca2/data_track2_recovery/IMG/left_2026_08_31_19_29_36_337.jpg,/Users/martin/smart-technologies-ca2/data_track2_recovery/IMG/right_2026_08_31_19_29_36_337.jpg,0,1,0,30.18483
/Users/martin/smart-technologies-ca2/data_track2_recovery/IMG/center_2026_08_31_19_29_36_406.jpg,/Users/martin/smart-technologies-ca2/data_track2_recovery/IMG/left_2026_08_31_19_29_36_406.jpg,/Users/martin/smart-technologies-ca2/data_track2_recovery/IMG/right_2026_08_31_19_29_36_406.jpg,0.15,1,0,30.18902
/Users/martin/smart-technologies-ca2/data_track2_recovery/IMG/center_2026_08_31_19_29_36_477.jpg,/Users/martin/smart-technologies-ca2/data_track2_recovery/IMG/left_2026_08_31_19_29_36_477.jpg,/Users/martin/smart-technologies-ca2/data_track2_recovery/IMG/right_2026_08_31_19_29_36_477.jpg,0.3,1,0,30.17634
/Users/martin/smart-technologies-ca2/data_track2_recovery/IMG/center_2026_08_31_19_29_36_547.jpg,/Users/martin/smart-technologies-ca2/data_track2_recovery/IMG/left_2026_08_31_19_29_36_547.jpg,/Users/martin/smart-technologies-ca2/data_track2_recovery/IMG/right_2026_08_31_19_29_36_547.jpg,0.5000001,1,0,30.15076
/Users/martin/smart-technologies-ca2/data_track2_recovery/IMG/center_2026_08_31_19_29_36_619.jpg,/Users/martin/smart-technologies-ca2/data_track2_recovery/IMG/left_2026_08_31_19_29_36_619.jpg,/Users/martin/smart-technologies-ca2/data_track2_recovery/IMG/right_2026_08_31_19_29_36_619.jpg,0,1,0,30.18518
/Users/martin/smart-technologies-ca2/data_track2_recovery/IMG/center_2026_08_31_19_29_36_686.jpg,/Users/martin/smart-technologies-ca2/data_track2_recovery/IMG/left_2026_08_31_19_29_36_686.jpg,/Users/martin/smart-technologies-ca2/data_track2_recovery/IMG/right_2026_08_31_19_29_36_686.jpg,0,1,0,30.18943
/Users/martin/smart-technologies-ca2/data_track2_recovery/IMG/center_2026_08_31_19_29_36_756.jpg,/Users/martin/smart-technologies-ca2/data_track2_recovery/IMG/left_2026_08_31_19_29_36_756.jpg,/Users/martin/smart-technologies-ca2/data_track2_recovery/IMG/right_2026_08_31_19_29_36_756.jpg,0.1,1,0,30.18999
/Users/martin/smart-technologies-ca2/data_track2_recovery/IMG/center_2026_08_31_19_29_36_825.jpg,/Users/martin/smart-technologies-ca2/data_track2_recovery/IMG/left_2026_08_31_19_29_36_825.jpg,/Users/martin/smart-technologies-ca2/data_track2_recovery/IMG/right_2026_08_31_19_29_36_825.jpg,0.3,1,0,30.1734
/Users/martin/smart-technologies-ca2/data_track2_recovery/IMG/center_2026_08_31_19_29_36_895.jpg,/Users/martin/smart-technologies-ca2/data_track2_recovery/IMG/left_2026_08_31_19_29_36_895.jpg,/Users/martin/smart-technologies-ca2/data_track2_recovery/IMG/right_2026_08_31_19_29_36_895.jpg,0.45,1,0,30.15465
/Users/martin/smart-technologies-ca2/data_track2_recovery/IMG/center_2026_08_31_19_29_36_964.jpg,/Users/martin/smart-technologies-ca2/data_track2_recovery/IMG/left_2026_08_31_19_29_36_964.jpg,/Users/martin/smart-technologies-ca2/data_track2_recovery/IMG/right_2026_08_31_19_29_36_964.jpg,0.6500001,1,0,30.12903
/Users/martin/smart-technologies-ca2/data_track2_recovery/IMG/center_2026_08_31_19_29_37_031.jpg,/Users/martin/smart-technologies-ca2/data_track2_recovery/IMG/left_2026_08_31_19_29_37_031.jpg,/Users/martin/smart-technologies-ca2/data_track2_recovery/IMG/right_2026_08_31_19_29_37_031.jpg,0.8000001,1,0,30.11109
/Users/martin/smart-technologies-ca2/data_track2_recovery/IMG/center_2026_08_31_19_29_37_098.jpg,/Users/martin/smart-technologies-ca2/data_track2_recovery/IMG/left_2026_08_31_19_29_37_098.jpg,/Users/martin/smart-technologies-ca2/data_track2_recovery/IMG/right_2026_08_31_19_29_37_098.jpg,0.9500002,1,0,30.09756
/Users/martin/smart-technologies-ca2/data_track2_recovery/IMG/center_2026_08_31_19_29_37_165.jpg,/Users/martin/smart-technologies-ca2/data_track2_recovery/IMG/left_2026_08_31_19_29_37_165.jpg,/Users/martin/smart-technologies-ca2/data_track2_recovery/IMG/right_2026_08_31_19_29_37_165.jpg,0,1,0,30.15712
/Users/martin/smart-technologies-ca2/data_track2_recovery/IMG/center_2026_08_31_19_29_37_232.jpg,/Users/martin/smart-technologies-ca2/data_track2_recovery/IMG/left_2026_08_31_19_29_37_232.jpg,/Users/martin/smart-technologies-ca2/data_track2_recovery/IMG/right_2026_08_31_19_29_37_232.jpg,0,1,0,30.17727
/Users/martin/smart-technologies-ca2/data_track2_recovery/IMG/center_2026_08_31_19_29_37_303.jpg,/Users/martin/smart-technologies-ca2/data_track2_recovery/IMG/left_2026_08_31_19_29_37_303.jpg,/Users/martin/smart-technologies-ca2/data_track2_recovery/IMG/right_2026_08_31_19_29_37_303.jpg,0,1,0,30.18723
/Users/martin/smart-technologies-ca2/data_track2_recovery/IMG/center_2026_08_31_19_29_37_370.jpg,/Users/martin/smart-technologies-ca2/data_track2_recovery/IMG/left_2026_08_31_19_29_37_370.jpg,/Users/martin/smart-technologies-ca2/data_track2_recovery/IMG/right_2026_08_31_19_29_37_370.jpg,0,1,0,30.18938
/Users/martin/smart-technologies-ca2/data_track2_recovery/IMG/center_2026_08_31_19_29_37_438.jpg,/Users/martin/smart-technologies-ca2/data_track2_recovery/IMG/left_2026_08_31_19_29_37_438.jpg,/Users/martin/smart-technologies-ca2/data_track2_recovery/IMG/right_2026_08_31_19_29_37_438.jpg,0,1,0,30.1901
/Users/martin/smart-technologies-ca2/data_track2_recovery/IMG/center_2026_08_31_19_29_37_507.jpg,/Users/martin/smart-technologies-ca2/data_track2_recovery/IMG/left_2026_08_31_19_29_37_507.jpg,/Users/martin/smart-technologies-ca2/data_track2_recovery/IMG/right_2026_08_31_19_29_37_507.jpg,0.05,1,0,30.19023
/Users/martin/smart-technologies-ca2/data_track2_recovery/IMG/center_2026_08_31_19_29_37_576.jpg,/Users/martin/smart-technologies-ca2/data_track2_recovery/IMG/left_2026_08_31_19_29_37_576.jpg,/Users/martin/smart-technologies-ca2/data_track2_recovery/IMG/right_2026_08_31_19_29_37_576.jpg,0.2,1,0,30.18135
/Users/martin/smart-technologies-ca2/data_track2_recovery/IMG/center_2026_08_31_19_29_37_643.jpg,/Users/martin/smart-technologies-ca2/data_track2_recovery/IMG/left_2026_08_31_19_29_37_643.jpg,/Users/martin/smart-technologies-ca2/data_track2_recovery/IMG/right_2026_08_31_19_29_37_643.jpg,0.4,1,0,30.15878
/Users/martin/smart-technologies-ca2/data_track2_recovery/IMG/center_2026_08_31_19_29_37_712.jpg,/Users/martin/smart-technologies-ca2/data_track2_recovery/IMG/left_2026_08_31_19_29_37_712.jpg,/Users/martin/smart-technologies-ca2/data_track2_recovery/IMG/right_2026_08_31_19_29_37_712.jpg,0.5500001,1,0,30.14014
/Users/martin/smart-technologies-ca2/data_track2_recovery/IMG/center_2026_08_31_19_29_37_781.jpg,/Users/martin/smart-technologies-ca2/data_track2_recovery/IMG/left_2026_08_31_19_29_37_781.jpg,/Users/martin/smart-technologies-ca2/data_track2_recovery/IMG/right_2026_08_31_19_29_37_781.jpg,0.7500002,1,0,30.115
/Users/martin/smart-technologies-ca2/data_track2_recovery/IMG/center_2026_08_31_19_29_37_850.jpg,/Users/martin/smart-technologies-ca2/data_track2_recovery/IMG/left_2026_08_31_19_29_37_850.jpg,/Users/martin/smart-technologies-ca2/data_track2_recovery/IMG/right_2026_08_31_19_29_37_850.jpg,0.9000002,1,0,30.10121
/Users/martin/smart-technologies-ca2/data_track2_recovery/IMG/center_2026_08_31_19_29_37_917.jpg,/Users/martin/smart-technologies-ca2/data_track2_recovery/IMG/left_2026_08_31_19_29_37_917.jpg,/Users/martin/smart-technologies-ca2/data_track2_recovery/IMG/right_2026_08_31_19_29_37_917.jpg,0,1,0,30.17464
/Users/martin/smart-technologies-ca2/data_track2_recovery/IMG/center_2026_08_31_19_29_37_984.jpg,/Users/martin/smart-technologies-ca2/data_track2_recovery/IMG/left_2026_08_31_19_29_37_984.jpg,/Users/martin/smart-technologies-ca2/data_track2_recovery/IMG/right_2026_08_31_19_29_37_984.jpg,0,1,0,30.18557
/Users/martin/smart-technologies-ca2/data_track2_recovery/IMG/center_2026_08_31_19_29_38_051.jpg,/Users/martin/smart-technologies-ca2/data_track2_recovery/IMG/left_2026_08_31_19_29_38_051.jpg,/Users/martin/smart-technologies-ca2/data_track2_recovery/IMG/right_2026_08_31_19_29_38_051.jpg,0,1,0,30.18924
/Users/martin/smart-technologies-ca2/data_track2_recovery/IMG/center_2026_08_31_19_29_38_121.jpg,/Users/martin/smart-technologies-ca2/data_track2_recovery/IMG/left_2026_08_31_19_29_38_121.jpg,/Users/martin/smart-technologies-ca2/data_track2_recovery/IMG/right_2026_08_31_19_29_38_121.jpg,0,1,0,30.19026
/Users/martin/smart-technologies-ca2/data_track2_recovery/IMG/center_2026_08_31_19_29_38_189.jpg,/Users/martin/smart-technologies-ca2/data_track2_recovery/IMG/left_2026_08_31_19_29_38_189.jpg,/Users/martin/smart-technologies-ca2/data_track2_recovery/IMG/right_2026_08_31_19_29_38_189.jpg,0,1,0,30.19018
/Users/martin/smart-technologies-ca2/data_track2_recovery/IMG/center_2026_08_31_19_29_38_258.jpg,/Users/martin/smart-technologies-ca2/data_track2_recovery/IMG/left_2026_08_31_19_29_38_258.jpg,/Users/martin/smart-technologies-ca2/data_track2_recovery/IMG/right_2026_08_31_19_29_38_258.jpg,0,1,0,30.19046
/Users/martin/smart-technologies-ca2/data_track2_recovery/IMG/center_2026_08_31_19_29_38_327.jpg,/Users/martin/smart-technologies-ca2/data_track2_recovery/IMG/left_2026_08_31_19_29_38_327.jpg,/Users/martin/smart-technologies-ca2/data_track2_recovery/IMG/right_2026_08_31_19_29_38_327.jpg,0.15,1,0,30.18485
/Users/martin/smart-technologies-ca2/data_track2_recovery/IMG/center_2026_08_31_19_29_38_399.jpg,/Users/martin/smart-technologies-ca2/data_track2_recovery/IMG/left_2026_08_31_19_29_38_399.jpg,/Users/martin/smart-technologies-ca2/data_track2_recovery/IMG/right_2026_08_31_19_29_38_399.jpg,0.3,1,0,30.16996
/Users/martin/smart-technologies-ca2/data_track2_recovery/IMG/center_2026_08_31_19_29_38_466.jpg,/Users/martin/smart-technologies-ca2/data_track2_recovery/IMG/left_2026_08_31_19_29_38_466.jpg,/Users/martin/smart-technologies-ca2/data_track2_recovery/IMG/right_2026_08_31_19_29_38_466.jpg,0.5000001,1,0,30.14566
/Users/martin/smart-technologies-ca2/data_track2_recovery/IMG/center_2026_08_31_19_29_38_535.jpg,/Users/martin/smart-technologies-ca2/data_track2_recovery/IMG/left_2026_08_31_19_29_38_535.jpg,/Users/martin/smart-technologies-ca2/data_track2_recovery/IMG/right_2026_08_31_19_29_38_535.jpg,0,1,0,30.1858
/Users/martin/smart-technologies-ca2/data_track2_recovery/IMG/center_2026_08_31_19_29_38_606.jpg,/Users/martin/smart-technologies-ca2/data_track2_recovery/IMG/left_2026_08_31_19_29_38_606.jpg,/Users/martin/smart-technologies-ca2/data_track2_recovery/IMG/right_2026_08_31_19_29_38_606.jpg,0,1,0,30.18954
/Users/martin/smart-technologies-ca2/data_track2_recovery/IMG/center_2026_08_31_19_29_38_675.jpg,/Users/martin/smart-technologies-ca2/data_track2_recovery/IMG/left_2026_08_31_19_29_38_675.jpg,/Users/martin/smart-technologies-ca2/data_track2_recovery/IMG/right_2026_08_31_19_29_38_675.jpg,0,1,0,30.19
/Users/martin/smart-technologies-ca2/data_track2_recovery/IMG/center_2026_08_31_19_29_38_744.jpg,/Users/martin/smart-technologies-ca2/data_track2_recovery/IMG/left_2026_08_31_19_29_38_744.jpg,/Users/martin/smart-technologies-ca2/data_track2_recovery/IMG/right_2026_08_31_19_29_38_744.jpg,0.15,1,0,30.18611
/Users/martin/smart-technologies-ca2/data_track2_recovery/IMG/center_2026_08_31_19_29_38_813.jpg,/Users/martin/smart-technologies-ca2/data_track2_recovery/IMG/left_2026_08_31_19_29_38_813.jpg,/Users/martin/smart-technologies-ca2/data_track2_recovery/IMG/right_2026_08_31_19_29_38_813.jpg,0.3,1,0,30.17147
/Users/martin/smart-technologies-ca2/data_track2_recovery/IMG/center_2026_08_31_19_29_38_880.jpg,/Users/martin/smart-technologies-ca2/data_track2_recovery/IMG/left_2026_08_31_19_29_38_880.jpg,/Users/martin/smart-technologies-ca2/data_track2_recovery/IMG/right_2026_08_31_19_29_38_880.jpg,0,1,0,30.18966
/Users/martin/smart-technologies-ca2/data_track2_recovery/IMG/center_2026_08_31_19_29_38_949.jpg,/Users/martin/smart-technologies-ca2/data_track2_recovery/IMG/left_2026_08_31_19_29_38_949.jpg,/Users/martin/smart-technologies-ca2/data_track2_recovery/IMG/right_2026_08_31_19_29_38_949.jpg,0,1,0,30.18983
/Users/martin/smart-technologies-ca2/data_track2_recovery/IMG/center_2026_08_31_19_29_39_020.jpg,/Users/martin/smart-technologies-ca2/data_track2_recovery/IMG/left_2026_08_31_19_29_39_020.jpg,/Users/martin/smart-technologies-ca2/data_track2_recovery/IMG/right_2026_08_31_19_29_39_020.jpg,0,1,0,30.19023
/Users/martin/smart-technologies-ca2/data_track2_recovery/IMG/center_2026_08_31_19_29_39_087.jpg,/Users/martin/smart-technologies-ca2/data_track2_recovery/IMG/left_2026_08_31_19_29_39_087.jpg,/Users/martin/smart-technologies-ca2/data_track2_recovery/IMG/right_2026_08_31_19_29_39_087.jpg,0,1,0,30.19025
/Users/martin/smart-technologies-ca2/data_track2_recovery/IMG/center_2026_08_31_19_29_39_158.jpg,/Users/martin/smart-technologies-ca2/data_track2_recovery/IMG/left_2026_08_31_19_29_39_158.jpg,/Users/martin/smart-technologies-ca2/data_track2_recovery/IMG/right_2026_08_31_19_29_39_158.jpg,-0.1,1,0,30.18718
/Users/martin/smart-technologies-ca2/data_track2_recovery/IMG/center_2026_08_31_19_29_39_229.jpg,/Users/martin/smart-technologies-ca2/data_track2_recovery/IMG/left_2026_08_31_19_29_39_229.jpg,/Users/martin/smart-technologies-ca2/data_track2_recovery/IMG/right_2026_08_31_19_29_39_229.jpg,-0.3,1,0,30.16852
/Users/martin/smart-technologies-ca2/data_track2_recovery/IMG/center_2026_08_31_19_29_39_300.jpg,/Users/martin/smart-technologies-ca2/data_track2_recovery/IMG/left_2026_08_31_19_29_39_300.jpg,/Users/martin/smart-technologies-ca2/data_track2_recovery/IMG/right_2026_08_31_19_29_39_300.jpg,0,1,0,30.18861
/Users/martin/smart-technologies-ca2/data_track2_recovery/IMG/center_2026_08_31_19_29_39_371.jpg,/Users/martin/smart-technologies-ca2/data_track2_recovery/IMG/left_2026_08_31_19_29_39_371.jpg,/Users/martin/smart-technologies-ca2/data_track2_recovery/IMG/right_2026_08_31_19_29_39_371.jpg,0.15,1,0,30.18092
/Users/martin/smart-technologies-ca2/data_track2_recovery/IMG/center_2026_08_31_19_29_39_441.jpg,/Users/martin/smart-technologies-ca2/data_track2_recovery/IMG/left_2026_08_31_19_29_39_441.jpg,/Users/martin/smart-technologies-ca2/data_track2_recovery/IMG/right_2026_08_31_19_29_39_441.jpg,0,1,0,30.18377
/Users/martin/smart-technologies-ca2/data_track2_recovery/IMG/center_2026_08_31_19_29_39_512.jpg,/Users/martin/smart-technologies-ca2/data_track2_recovery/IMG/left_2026_08_31_19_29_39_512.jpg,/Users/martin/smart-technologies-ca2/data_track2_recovery/IMG/right_2026_08_31_19_29_39_512.jpg,0,1,0,30.19017
/Users/martin/smart-technologies-ca2/data_track2_recovery/IMG/center_2026_08_31_19_29_39_579.jpg,/Users/martin/smart-technologies-ca2/data_track2_recovery/IMG/left_2026_08_31_19_29_39_579.jpg,/Users/martin/smart-technologies-ca2/data_track2_recovery/IMG/right_2026_08_31_19_29_39_579.jpg,0,0.8458148,0,30.16496
/Users/martin/smart-technologies-ca2/data_track2_recovery/IMG/center_2026_08_31_19_29_39_670.jpg,/Users/martin/smart-technologies-ca2/data_track2_recovery/IMG/left_2026_08_31_19_29_39_670.jpg,/Users/martin/smart-technologies-ca2/data_track2_recovery/IMG/right_2026_08_31_19_29_39_670.jpg,0,0.6009821,0,29.0716
